timestamp,bar_index,instrument_key,price,target_value,target_unit,target_side,position_quantity,position_side,equity,n_fills
2022-03-31 00:00:00+00:00,110,CORN,748.75,300000000.0,notional_at_entry,long,400667.0,long,300000000.0,1
2022-04-01 00:00:00+00:00,111,CORN,735.0,300000000.0,notional_at_entry,long,400667.0,long,294490828.75,0
2022-04-04 00:00:00+00:00,112,CORN,750.5,300000000.0,notional_at_entry,long,400667.0,long,300701167.25,0
2022-04-05 00:00:00+00:00,113,CORN,759.75,300000000.0,notional_at_entry,long,400667.0,long,304407337.0,0
2022-04-06 00:00:00+00:00,114,CORN,756.5,300000000.0,notional_at_entry,long,400667.0,long,303105169.25,0
2022-04-07 00:00:00+00:00,115,CORN,757.75,300000000.0,notional_at_entry,long,400667.0,long,303606003.0,0
2022-04-08 00:00:00+00:00,116,CORN,768.75,300000000.0,notional_at_entry,long,400667.0,long,308013340.0,0
2022-04-11 00:00:00+00:00,117,CORN,764.5,300000000.0,notional_at_entry,long,400667.0,long,306310505.25,0
2022-04-12 00:00:00+00:00,118,CORN,776.25,300000000.0,notional_at_entry,long,400667.0,long,311018342.5,0
2022-04-13 00:00:00+00:00,119,CORN,783.5,300000000.0,notional_at_entry,long,400667.0,long,313923178.25,0
2022-04-14 00:00:00+00:00,120,CORN,790.25,300000000.0,notional_at_entry,long,400667.0,long,316627680.5,0
2022-04-15 00:00:00+00:00,121,CORN,791.0,300000000.0,notional_at_entry,long,400667.0,long,316928180.75,0
2022-04-18 00:00:00+00:00,122,CORN,813.25,300000000.0,notional_at_entry,long,400667.0,long,325843021.5,0
2022-04-19 00:00:00+00:00,123,CORN,804.0,300000000.0,notional_at_entry,long,400667.0,long,322136851.75,0
2022-04-20 00:00:00+00:00,124,CORN,815.75,300000000.0,notional_at_entry,long,400667.0,long,326844689.0,0
2022-04-21 00:00:00+00:00,125,CORN,799.25,300000000.0,notional_at_entry,long,400667.0,long,320233683.5,0
2022-04-22 00:00:00+00:00,126,CORN,793.0,300000000.0,notional_at_entry,long,400667.0,long,317729514.75,0
2022-04-25 00:00:00+00:00,127,CORN,800.25,300000000.0,notional_at_entry,long,400667.0,long,320634350.5,0
2022-04-26 00:00:00+00:00,128,CORN,803.25,300000000.0,notional_at_entry,long,400667.0,long,321836351.5,0
2022-04-27 00:00:00+00:00,129,CORN,815.5,300000000.0,notional_at_entry,long,400667.0,long,326744522.25,0
2022-04-28 00:00:00+00:00,130,CORN,816.0,300000000.0,notional_at_entry,long,400667.0,long,326944855.75,0
2022-04-29 00:00:00+00:00,131,CORN,818.25,300000000.0,notional_at_entry,long,400667.0,long,327846356.5,0
2022-05-02 00:00:00+00:00,132,CORN,813.0,-300000000.0,notional_at_entry,short,-369003.0,short,325742854.75,1
2022-05-03 00:00:00+00:00,133,CORN,800.75,-300000000.0,notional_at_entry,short,-369003.0,short,330263141.5,0
2022-05-04 00:00:00+00:00,134,CORN,798.5,-300000000.0,notional_at_entry,short,-369003.0,short,331093398.25,0
2022-05-05 00:00:00+00:00,135,CORN,803.75,-300000000.0,notional_at_entry,short,-369003.0,short,329156132.5,0
2022-05-06 00:00:00+00:00,136,CORN,792.25,-300000000.0,notional_at_entry,short,-369003.0,short,333399667.0,0
2022-05-09 00:00:00+00:00,137,CORN,784.5,-300000000.0,notional_at_entry,short,-369003.0,short,336259440.25,0
2022-05-10 00:00:00+00:00,138,CORN,786.5,-300000000.0,notional_at_entry,short,-369003.0,short,335521434.25,0
2022-05-11 00:00:00+00:00,139,CORN,802.25,-300000000.0,notional_at_entry,short,-369003.0,short,329709637.0,0
2022-05-12 00:00:00+00:00,140,CORN,813.5,-300000000.0,notional_at_entry,short,-369003.0,short,325558353.25,0
2022-05-13 00:00:00+00:00,141,CORN,794.5,-300000000.0,notional_at_entry,short,-369003.0,short,332569410.25,0
2022-05-16 00:00:00+00:00,142,CORN,809.5,-300000000.0,notional_at_entry,short,-369003.0,short,327034365.25,0
2022-05-17 00:00:00+00:00,143,CORN,800.75,-300000000.0,notional_at_entry,short,-369003.0,short,330263141.5,0
2022-05-18 00:00:00+00:00,144,CORN,781.5,-300000000.0,notional_at_entry,short,-369003.0,short,337366449.25,0
2022-05-19 00:00:00+00:00,145,CORN,783.25,-300000000.0,notional_at_entry,short,-369003.0,short,336720694.0,0
2022-05-20 00:00:00+00:00,146,CORN,778.75,-300000000.0,notional_at_entry,short,-369003.0,short,338381207.5,0
2022-05-23 00:00:00+00:00,147,CORN,786.25,-300000000.0,notional_at_entry,short,-369003.0,short,335613685.0,0
2022-05-24 00:00:00+00:00,148,CORN,771.75,-300000000.0,notional_at_entry,short,-369003.0,short,340964228.5,0
2022-05-25 00:00:00+00:00,149,CORN,772.25,-300000000.0,notional_at_entry,short,-369003.0,short,340779727.0,0
2022-05-26 00:00:00+00:00,150,CORN,765.0,-300000000.0,notional_at_entry,short,-369003.0,short,343454998.75,0
2022-05-27 00:00:00+00:00,151,CORN,777.25,-300000000.0,notional_at_entry,short,-369003.0,short,338934712.0,0
2022-05-30 00:00:00+00:00,152,CORN,775.62,-300000000.0,notional_at_entry,short,-369003.0,short,339536186.89,0
2022-05-31 00:00:00+00:00,153,CORN,753.5,-300000000.0,notional_at_entry,short,-369003.0,short,347698533.25,0
2022-06-01 00:00:00+00:00,154,CORN,731.25,-300000000.0,notional_at_entry,short,-369003.0,short,355908850.0,0
2022-06-02 00:00:00+00:00,155,CORN,730.25,-300000000.0,notional_at_entry,short,-369003.0,short,356277853.0,0
2022-06-03 00:00:00+00:00,156,CORN,727.0,-300000000.0,notional_at_entry,short,-369003.0,short,357477112.75,0
2022-06-06 00:00:00+00:00,157,CORN,742.5,-300000000.0,notional_at_entry,short,-369003.0,short,351757566.25,0
2022-06-07 00:00:00+00:00,158,CORN,757.0,-300000000.0,notional_at_entry,short,-369003.0,short,346407022.75,0
2022-06-08 00:00:00+00:00,159,CORN,764.5,-300000000.0,notional_at_entry,short,-369003.0,short,343639500.25,0
2022-06-09 00:00:00+00:00,160,CORN,773.0,-300000000.0,notional_at_entry,short,-369003.0,short,340502974.75,0
2022-06-10 00:00:00+00:00,161,CORN,773.25,-300000000.0,notional_at_entry,short,-369003.0,short,340410724.0,0
2022-06-13 00:00:00+00:00,162,CORN,769.25,-300000000.0,notional_at_entry,short,-369003.0,short,341886736.0,0
2022-06-14 00:00:00+00:00,163,CORN,768.25,300000000.0,notional_at_entry,long,390497.0,long,342255739.0,1
2022-06-15 00:00:00+00:00,164,CORN,774.0,300000000.0,notional_at_entry,long,390497.0,long,344501096.75,0
2022-06-16 00:00:00+00:00,165,CORN,788.25,300000000.0,notional_at_entry,long,390497.0,long,350065679.0,0
2022-06-17 00:00:00+00:00,166,CORN,784.5,300000000.0,notional_at_entry,long,390497.0,long,348601315.25,0
2022-06-21 00:00:00+00:00,167,CORN,760.75,300000000.0,notional_at_entry,long,390497.0,long,339327011.5,0
2022-06-22 00:00:00+00:00,168,CORN,768.0,300000000.0,notional_at_entry,long,390497.0,long,342158114.75,0
2022-06-23 00:00:00+00:00,169,CORN,746.75,300000000.0,notional_at_entry,long,390497.0,long,333860053.5,0
2022-06-24 00:00:00+00:00,170,CORN,750.25,300000000.0,notional_at_entry,long,390497.0,long,335226793.0,0
2022-06-27 00:00:00+00:00,171,CORN,744.25,-300000000.0,notional_at_entry,short,-403090.0,short,332883811.0,1
2022-06-28 00:00:00+00:00,172,CORN,759.5,-300000000.0,notional_at_entry,short,-403090.0,short,326736688.5,0
2022-06-29 00:00:00+00:00,173,CORN,770.25,-300000000.0,notional_at_entry,short,-403090.0,short,322403471.0,0
2022-06-30 00:00:00+00:00,174,CORN,743.75,-300000000.0,notional_at_entry,short,-403090.0,short,333085356.0,0
2022-07-01 00:00:00+00:00,175,CORN,754.5,-300000000.0,notional_at_entry,short,-403090.0,short,328752138.5,0
2022-07-05 00:00:00+00:00,176,CORN,736.0,-300000000.0,notional_at_entry,short,-403090.0,short,336209303.5,0
2022-07-06 00:00:00+00:00,177,CORN,744.25,-300000000.0,notional_at_entry,short,-403090.0,short,332883811.0,0
2022-07-07 00:00:00+00:00,178,CORN,747.0,-300000000.0,notional_at_entry,short,-403090.0,short,331775313.5,0
2022-07-08 00:00:00+00:00,179,CORN,778.25,-300000000.0,notional_at_entry,short,-403090.0,short,319178751.0,0
2022-07-11 00:00:00+00:00,180,CORN,781.25,-300000000.0,notional_at_entry,short,-403090.0,short,317969481.0,0
2022-07-12 00:00:00+00:00,181,CORN,732.75,-300000000.0,notional_at_entry,short,-403090.0,short,337519346.0,0
2022-07-13 00:00:00+00:00,182,CORN,740.0,-300000000.0,notional_at_entry,short,-403090.0,short,334596943.5,0
2022-07-14 00:00:00+00:00,183,CORN,695.0,-300000000.0,notional_at_entry,short,-403090.0,short,352735993.5,0
2022-07-15 00:00:00+00:00,184,CORN,604.25,-300000000.0,notional_at_entry,short,-403090.0,short,389316411.0,0
2022-07-18 00:00:00+00:00,185,CORN,612.25,-300000000.0,notional_at_entry,short,-403090.0,short,386091691.0,0
2022-07-19 00:00:00+00:00,186,CORN,596.75,-300000000.0,notional_at_entry,short,-403090.0,short,392339586.0,0
2022-07-20 00:00:00+00:00,187,CORN,592.25,300000000.0,notional_at_entry,long,506542.0,long,394153491.0,1
2022-07-21 00:00:00+00:00,188,CORN,575.75,300000000.0,notional_at_entry,long,506542.0,long,385795548.0,0
2022-07-22 00:00:00+00:00,189,CORN,564.25,300000000.0,notional_at_entry,long,506542.0,long,379970315.0,0
2022-07-25 00:00:00+00:00,190,CORN,580.0,300000000.0,notional_at_entry,long,506542.0,long,387948351.5,0
2022-07-26 00:00:00+00:00,191,CORN,597.0,300000000.0,notional_at_entry,long,506542.0,long,396559565.5,0
2022-07-27 00:00:00+00:00,192,CORN,600.25,300000000.0,notional_at_entry,long,506542.0,long,398205827.0,0
2022-07-28 00:00:00+00:00,193,CORN,615.0,300000000.0,notional_at_entry,long,506542.0,long,405677321.5,0
2022-07-29 00:00:00+00:00,194,CORN,616.25,300000000.0,notional_at_entry,long,506542.0,long,406310499.0,0
2022-08-01 00:00:00+00:00,195,CORN,607.0,300000000.0,notional_at_entry,long,506542.0,long,401624985.5,0
2022-08-02 00:00:00+00:00,196,CORN,591.25,300000000.0,notional_at_entry,long,506542.0,long,393646949.0,0
2022-08-03 00:00:00+00:00,197,CORN,591.5,300000000.0,notional_at_entry,long,506542.0,long,393773584.5,0
2022-08-04 00:00:00+00:00,198,CORN,602.25,-300000000.0,notional_at_entry,short,-498132.0,short,399218911.0,1
2022-08-05 00:00:00+00:00,199,CORN,610.25,-300000000.0,notional_at_entry,short,-498132.0,short,395233855.0,0
2022-08-08 00:00:00+00:00,200,CORN,608.5,-300000000.0,notional_at_entry,short,-498132.0,short,396105586.0,0
2022-08-09 00:00:00+00:00,201,CORN,615.5,-300000000.0,notional_at_entry,short,-498132.0,short,392618662.0,0
2022-08-10 00:00:00+00:00,202,CORN,621.25,-300000000.0,notional_at_entry,short,-498132.0,short,389754403.0,0
2022-08-11 00:00:00+00:00,203,CORN,629.25,300000000.0,notional_at_entry,long,476758.0,long,385769347.0,1
2022-08-12 00:00:00+00:00,204,CORN,639.75,300000000.0,notional_at_entry,long,476758.0,long,390775306.0,0
2022-08-15 00:00:00+00:00,205,CORN,626.75,300000000.0,notional_at_entry,long,476758.0,long,384577452.0,0
2022-08-16 00:00:00+00:00,206,CORN,611.0,300000000.0,notional_at_entry,long,476758.0,long,377068513.5,0
2022-08-17 00:00:00+00:00,207,CORN,615.0,300000000.0,notional_at_entry,long,476758.0,long,378975545.5,0
2022-08-18 00:00:00+00:00,208,CORN,619.75,300000000.0,notional_at_entry,long,476758.0,long,381240146.0,0
2022-08-19 00:00:00+00:00,209,CORN,626.0,300000000.0,notional_at_entry,long,476758.0,long,384219883.5,0
2022-08-22 00:00:00+00:00,210,CORN,633.5,300000000.0,notional_at_entry,long,476758.0,long,387795568.5,0
2022-08-23 00:00:00+00:00,211,CORN,660.0,300000000.0,notional_at_entry,long,476758.0,long,400429655.5,0
2022-08-24 00:00:00+00:00,212,CORN,665.75,-300000000.0,notional_at_entry,short,-450619.0,short,403171014.0,1
2022-08-25 00:00:00+00:00,213,CORN,657.5,300000000.0,notional_at_entry,long,456273.0,long,406888620.75,1
2022-08-26 00:00:00+00:00,214,CORN,668.75,300000000.0,notional_at_entry,long,456273.0,long,412021692.0,0
2022-08-29 00:00:00+00:00,215,CORN,683.75,300000000.0,notional_at_entry,long,456273.0,long,418865787.0,0
2022-08-30 00:00:00+00:00,216,CORN,679.75,300000000.0,notional_at_entry,long,456273.0,long,417040695.0,0
2022-08-31 00:00:00+00:00,217,CORN,673.75,300000000.0,notional_at_entry,long,456273.0,long,414303057.0,0
2022-09-01 00:00:00+00:00,218,CORN,658.25,300000000.0,notional_at_entry,long,456273.0,long,407230825.5,0
2022-09-02 00:00:00+00:00,219,CORN,669.0,300000000.0,notional_at_entry,long,456273.0,long,412135760.25,0
2022-09-05 00:00:00+00:00,220,CORN,667.38,300000000.0,notional_at_entry,long,456273.0,long,411396597.99,0
2022-09-06 00:00:00+00:00,221,CORN,680.75,300000000.0,notional_at_entry,long,456273.0,long,417496968.0,0
2022-09-07 00:00:00+00:00,222,CORN,676.75,300000000.0,notional_at_entry,long,456273.0,long,415671876.0,0
2022-09-08 00:00:00+00:00,223,CORN,668.5,300000000.0,notional_at_entry,long,456273.0,long,411907623.75,0
2022-09-09 00:00:00+00:00,224,CORN,698.5,300000000.0,notional_at_entry,long,456273.0,long,425595813.75,0
2022-09-12 00:00:00+00:00,225,CORN,712.25,300000000.0,notional_at_entry,long,456273.0,long,431869567.5,0
2022-09-13 00:00:00+00:00,226,CORN,709.0,300000000.0,notional_at_entry,long,456273.0,long,430386680.25,0
2022-09-14 00:00:00+00:00,227,CORN,709.0,300000000.0,notional_at_entry,long,456273.0,long,430386680.25,0
2022-09-15 00:00:00+00:00,228,CORN,677.5,-300000000.0,notional_at_entry,short,-442804.0,short,416014080.75,1
2022-09-16 00:00:00+00:00,229,CORN,677.25,-300000000.0,notional_at_entry,short,-442804.0,short,416124781.75,0
2022-09-19 00:00:00+00:00,230,CORN,678.25,-300000000.0,notional_at_entry,short,-442804.0,short,415681977.75,0
2022-09-20 00:00:00+00:00,231,CORN,692.0,300000000.0,notional_at_entry,long,433526.0,long,409593422.75,1
2022-09-21 00:00:00+00:00,232,CORN,685.5,-300000000.0,notional_at_entry,short,-437636.0,short,406775503.75,1
2022-09-22 00:00:00+00:00,233,CORN,688.25,300000000.0,notional_at_entry,long,435888.0,long,405572004.75,1
2022-09-23 00:00:00+00:00,234,CORN,676.75,-300000000.0,notional_at_entry,short,-443295.0,short,400559292.75,1
2022-09-26 00:00:00+00:00,235,CORN,666.25,-300000000.0,notional_at_entry,short,-443295.0,short,405213890.25,0
2022-09-27 00:00:00+00:00,236,CORN,667.5,-300000000.0,notional_at_entry,short,-443295.0,short,404659771.5,0
2022-09-28 00:00:00+00:00,237,CORN,670.5,-300000000.0,notional_at_entry,short,-443295.0,short,403329886.5,0
2022-09-29 00:00:00+00:00,238,CORN,669.5,-300000000.0,notional_at_entry,short,-443295.0,short,403773181.5,0
2022-09-30 00:00:00+00:00,239,CORN,677.5,-300000000.0,notional_at_entry,short,-443295.0,short,400226821.5,0
2022-10-03 00:00:00+00:00,240,CORN,680.75,-300000000.0,notional_at_entry,short,-443295.0,short,398786112.75,0
2022-10-04 00:00:00+00:00,241,CORN,683.0,-300000000.0,notional_at_entry,short,-443295.0,short,397788699.0,0
2022-10-05 00:00:00+00:00,242,CORN,684.0,-300000000.0,notional_at_entry,short,-443295.0,short,397345404.0,0
2022-10-06 00:00:00+00:00,243,CORN,675.5,-300000000.0,notional_at_entry,short,-443295.0,short,401113411.5,0
2022-10-07 00:00:00+00:00,244,CORN,683.25,-300000000.0,notional_at_entry,short,-443295.0,short,397677875.25,0
2022-10-10 00:00:00+00:00,245,CORN,698.25,-300000000.0,notional_at_entry,short,-443295.0,short,391028450.25,0
2022-10-11 00:00:00+00:00,246,CORN,693.0,-300000000.0,notional_at_entry,short,-443295.0,short,393355749.0,0
2022-10-12 00:00:00+00:00,247,CORN,693.0,-300000000.0,notional_at_entry,short,-443295.0,short,393355749.0,0
2022-10-13 00:00:00+00:00,248,CORN,697.75,-300000000.0,notional_at_entry,short,-443295.0,short,391250097.75,0
2022-10-14 00:00:00+00:00,249,CORN,689.75,-300000000.0,notional_at_entry,short,-443295.0,short,394796457.75,0
2022-10-17 00:00:00+00:00,250,CORN,683.5,-300000000.0,notional_at_entry,short,-443295.0,short,397567051.5,0
2022-10-18 00:00:00+00:00,251,CORN,681.0,-300000000.0,notional_at_entry,short,-443295.0,short,398675289.0,0
2022-10-19 00:00:00+00:00,252,CORN,678.25,-300000000.0,notional_at_entry,short,-443295.0,short,399894350.25,0
2022-10-20 00:00:00+00:00,253,CORN,684.0,-300000000.0,notional_at_entry,short,-443295.0,short,397345404.0,0
2022-10-21 00:00:00+00:00,254,CORN,684.25,-300000000.0,notional_at_entry,short,-443295.0,short,397234580.25,0
2022-10-24 00:00:00+00:00,255,CORN,681.5,-300000000.0,notional_at_entry,short,-443295.0,short,398453641.5,0
2022-10-25 00:00:00+00:00,256,CORN,686.25,-300000000.0,notional_at_entry,short,-443295.0,short,396347990.25,0
2022-10-26 00:00:00+00:00,257,CORN,685.0,300000000.0,notional_at_entry,long,437956.0,long,396902109.0,1
2022-10-27 00:00:00+00:00,258,CORN,682.25,300000000.0,notional_at_entry,long,437956.0,long,395697730.0,0
2022-10-28 00:00:00+00:00,259,CORN,680.75,300000000.0,notional_at_entry,long,437956.0,long,395040796.0,0
2022-10-31 00:00:00+00:00,260,CORN,691.5,300000000.0,notional_at_entry,long,437956.0,long,399748823.0,0
2022-11-01 00:00:00+00:00,261,CORN,697.75,300000000.0,notional_at_entry,long,437956.0,long,402486048.0,0
2022-11-02 00:00:00+00:00,262,CORN,687.5,300000000.0,notional_at_entry,long,437956.0,long,397996999.0,0
2022-11-03 00:00:00+00:00,263,CORN,679.25,300000000.0,notional_at_entry,long,437956.0,long,394383862.0,0
2022-11-04 00:00:00+00:00,264,CORN,681.0,300000000.0,notional_at_entry,long,437956.0,long,395150285.0,0
2022-11-07 00:00:00+00:00,265,CORN,675.75,300000000.0,notional_at_entry,long,437956.0,long,392851016.0,0
2022-11-08 00:00:00+00:00,266,CORN,667.5,300000000.0,notional_at_entry,long,437956.0,long,389237879.0,0
2022-11-09 00:00:00+00:00,267,CORN,664.5,300000000.0,notional_at_entry,long,437956.0,long,387924011.0,0
2022-11-10 00:00:00+00:00,268,CORN,653.25,-300000000.0,notional_at_entry,short,-459242.0,short,382997006.0,1
2022-11-11 00:00:00+00:00,269,CORN,658.0,-300000000.0,notional_at_entry,short,-459242.0,short,380815606.5,0
2022-11-14 00:00:00+00:00,270,CORN,657.25,-300000000.0,notional_at_entry,short,-459242.0,short,381160038.0,0
2022-11-15 00:00:00+00:00,271,CORN,666.75,-300000000.0,notional_at_entry,short,-459242.0,short,376797239.0,0
2022-11-16 00:00:00+00:00,272,CORN,665.25,-300000000.0,notional_at_entry,short,-459242.0,short,377486102.0,0
2022-11-17 00:00:00+00:00,273,CORN,667.5,-300000000.0,notional_at_entry,short,-459242.0,short,376452807.5,0
2022-11-18 00:00:00+00:00,274,CORN,667.75,-300000000.0,notional_at_entry,short,-459242.0,short,376337997.0,0
2022-11-21 00:00:00+00:00,275,CORN,659.5,-300000000.0,notional_at_entry,short,-459242.0,short,380126743.5,0
2022-11-22 00:00:00+00:00,276,CORN,656.75,-300000000.0,notional_at_entry,short,-459242.0,short,381389659.0,0
2022-11-23 00:00:00+00:00,277,CORN,663.25,-300000000.0,notional_at_entry,short,-459242.0,short,378404586.0,0
2022-11-25 00:00:00+00:00,278,CORN,668.0,-300000000.0,notional_at_entry,short,-459242.0,short,376223186.5,0
2022-11-28 00:00:00+00:00,279,CORN,668.75,-300000000.0,notional_at_entry,short,-459242.0,short,375878755.0,0
2022-11-29 00:00:00+00:00,280,CORN,665.75,-300000000.0,notional_at_entry,short,-459242.0,short,377256481.0,0
2022-11-30 00:00:00+00:00,281,CORN,662.0,300000000.0,notional_at_entry,long,453172.0,long,378978638.5,1
2022-12-01 00:00:00+00:00,282,CORN,650.0,300000000.0,notional_at_entry,long,453172.0,long,373540574.5,0
2022-12-02 00:00:00+00:00,283,CORN,635.0,300000000.0,notional_at_entry,long,453172.0,long,366742994.5,0
2022-12-05 00:00:00+00:00,284,CORN,628.75,300000000.0,notional_at_entry,long,453172.0,long,363910669.5,0
2022-12-06 00:00:00+00:00,285,CORN,625.5,-300000000.0,notional_at_entry,short,-479616.0,short,362437860.5,1
2022-12-07 00:00:00+00:00,286,CORN,627.75,-300000000.0,notional_at_entry,short,-479616.0,short,361358724.5,0
2022-12-08 00:00:00+00:00,287,CORN,632.0,-300000000.0,notional_at_entry,short,-479616.0,short,359320356.5,0
2022-12-09 00:00:00+00:00,288,CORN,634.75,-300000000.0,notional_at_entry,short,-479616.0,short,358001412.5,0
2022-12-12 00:00:00+00:00,289,CORN,641.25,-300000000.0,notional_at_entry,short,-479616.0,short,354883908.5,0
2022-12-13 00:00:00+00:00,290,CORN,643.75,-300000000.0,notional_at_entry,short,-479616.0,short,353684868.5,0
2022-12-14 00:00:00+00:00,291,CORN,639.0,-300000000.0,notional_at_entry,short,-479616.0,short,355963044.5,0
2022-12-15 00:00:00+00:00,292,CORN,653.5,-300000000.0,notional_at_entry,short,-479616.0,short,349008612.5,0
2022-12-16 00:00:00+00:00,293,CORN,653.0,-300000000.0,notional_at_entry,short,-479616.0,short,349248420.5,0
2022-12-19 00:00:00+00:00,294,CORN,647.25,-300000000.0,notional_at_entry,short,-479616.0,short,352006212.5,0
2022-12-20 00:00:00+00:00,295,CORN,652.0,-300000000.0,notional_at_entry,short,-479616.0,short,349728036.5,0
2022-12-21 00:00:00+00:00,296,CORN,662.25,-300000000.0,notional_at_entry,short,-479616.0,short,344811972.5,0
2022-12-22 00:00:00+00:00,297,CORN,660.5,-300000000.0,notional_at_entry,short,-479616.0,short,345651300.5,0
2022-12-23 00:00:00+00:00,298,CORN,666.25,-300000000.0,notional_at_entry,short,-479616.0,short,342893508.5,0
2022-12-27 00:00:00+00:00,299,CORN,674.75,-300000000.0,notional_at_entry,short,-479616.0,short,338816772.5,0
2022-12-28 00:00:00+00:00,300,CORN,682.75,-300000000.0,notional_at_entry,short,-479616.0,short,334979844.5,0
2022-12-29 00:00:00+00:00,301,CORN,679.5,-300000000.0,notional_at_entry,short,-479616.0,short,336538596.5,0
2022-12-30 00:00:00+00:00,302,CORN,678.5,-300000000.0,notional_at_entry,short,-479616.0,short,337018212.5,0
2023-01-03 00:00:00+00:00,303,CORN,670.5,-300000000.0,notional_at_entry,short,-479616.0,short,340855140.5,0
2023-01-04 00:00:00+00:00,304,CORN,653.75,-300000000.0,notional_at_entry,short,-479616.0,short,348888708.5,0
2023-01-05 00:00:00+00:00,305,CORN,652.75,-300000000.0,notional_at_entry,short,-479616.0,short,349368324.5,0
2023-01-06 00:00:00+00:00,306,CORN,654.0,-300000000.0,notional_at_entry,short,-479616.0,short,348768804.5,0
2023-01-09 00:00:00+00:00,307,CORN,652.75,-300000000.0,notional_at_entry,short,-479616.0,short,349368324.5,0
2023-01-10 00:00:00+00:00,308,CORN,655.0,-300000000.0,notional_at_entry,short,-479616.0,short,348289188.5,0
2023-01-11 00:00:00+00:00,309,CORN,656.0,-300000000.0,notional_at_entry,short,-479616.0,short,347809572.5,0
2023-01-12 00:00:00+00:00,310,CORN,671.0,-300000000.0,notional_at_entry,short,-479616.0,short,340615332.5,0
2023-01-13 00:00:00+00:00,311,CORN,675.0,-300000000.0,notional_at_entry,short,-479616.0,short,338696868.5,0
2023-01-17 00:00:00+00:00,312,CORN,685.25,450000000.0,notional_at_entry,long,656694.0,long,333780804.5,1
2023-01-18 00:00:00+00:00,313,CORN,681.25,450000000.0,notional_at_entry,long,656694.0,long,331154028.5,0
2023-01-19 00:00:00+00:00,314,CORN,677.25,450000000.0,notional_at_entry,long,656694.0,long,328527252.5,0
2023-01-20 00:00:00+00:00,315,CORN,676.25,450000000.0,notional_at_entry,long,656694.0,long,327870558.5,0
2023-01-23 00:00:00+00:00,316,CORN,666.25,450000000.0,notional_at_entry,long,656694.0,long,321303618.5,0
2023-01-24 00:00:00+00:00,317,CORN,677.0,450000000.0,notional_at_entry,long,656694.0,long,328363079.0,0
2023-01-25 00:00:00+00:00,318,CORN,674.75,450000000.0,notional_at_entry,long,656694.0,long,326885517.5,0
2023-01-26 00:00:00+00:00,319,CORN,682.5,450000000.0,notional_at_entry,long,656694.0,long,331974896.0,0
2023-01-27 00:00:00+00:00,320,CORN,683.0,450000000.0,notional_at_entry,long,656694.0,long,332303243.0,0
2023-01-30 00:00:00+00:00,321,CORN,683.75,450000000.0,notional_at_entry,long,656694.0,long,332795763.5,0
2023-01-31 00:00:00+00:00,322,CORN,679.75,450000000.0,notional_at_entry,long,656694.0,long,330168987.5,0
2023-02-01 00:00:00+00:00,323,CORN,681.0,450000000.0,notional_at_entry,long,656694.0,long,330989855.0,0
2023-02-02 00:00:00+00:00,324,CORN,675.25,450000000.0,notional_at_entry,long,656694.0,long,327213864.5,0
2023-02-03 00:00:00+00:00,325,CORN,677.5,450000000.0,notional_at_entry,long,656694.0,long,328691426.0,0
2023-02-06 00:00:00+00:00,326,CORN,679.0,450000000.0,notional_at_entry,long,656694.0,long,329676467.0,0
2023-02-07 00:00:00+00:00,327,CORN,674.0,-300000000.0,notional_at_entry,short,-445103.0,short,326392997.0,1
2023-02-08 00:00:00+00:00,328,CORN,678.5,-300000000.0,notional_at_entry,short,-445103.0,short,324390033.5,0
2023-02-09 00:00:00+00:00,329,CORN,670.75,-300000000.0,notional_at_entry,short,-445103.0,short,327839581.75,0
2023-02-10 00:00:00+00:00,330,CORN,680.5,-300000000.0,notional_at_entry,short,-445103.0,short,323499827.5,0
2023-02-13 00:00:00+00:00,331,CORN,685.0,-300000000.0,notional_at_entry,short,-445103.0,short,321496864.0,0
2023-02-14 00:00:00+00:00,332,CORN,682.25,-300000000.0,notional_at_entry,short,-445103.0,short,322720897.25,0
2023-02-15 00:00:00+00:00,333,CORN,676.25,-300000000.0,notional_at_entry,short,-445103.0,short,325391515.25,0
2023-02-16 00:00:00+00:00,334,CORN,676.0,-300000000.0,notional_at_entry,short,-445103.0,short,325502791.0,0
2023-02-17 00:00:00+00:00,335,CORN,677.75,300000000.0,notional_at_entry,long,442641.0,long,324723860.75,1
2023-02-21 00:00:00+00:00,336,CORN,680.5,300000000.0,notional_at_entry,long,442641.0,long,325941123.5,0
2023-02-22 00:00:00+00:00,337,CORN,674.25,300000000.0,notional_at_entry,long,442641.0,long,323174617.25,0
2023-02-23 00:00:00+00:00,338,CORN,659.25,300000000.0,notional_at_entry,long,442641.0,long,316535002.25,0
2023-02-24 00:00:00+00:00,339,CORN,649.25,300000000.0,notional_at_entry,long,442641.0,long,312108592.25,0
2023-02-27 00:00:00+00:00,340,CORN,642.75,300000000.0,notional_at_entry,long,442641.0,long,309231425.75,0
2023-02-28 00:00:00+00:00,341,CORN,629.5,300000000.0,notional_at_entry,long,442641.0,long,303366432.5,0
2023-03-01 00:00:00+00:00,342,CORN,640.5,-300000000.0,notional_at_entry,short,-468384.0,short,308235483.5,1
2023-03-02 00:00:00+00:00,343,CORN,637.75,-300000000.0,notional_at_entry,short,-468384.0,short,309523539.5,0
2023-03-03 00:00:00+00:00,344,CORN,645.25,-300000000.0,notional_at_entry,short,-468384.0,short,306010659.5,0
2023-03-06 00:00:00+00:00,345,CORN,637.0,-300000000.0,notional_at_entry,short,-468384.0,short,309874827.5,0
2023-03-07 00:00:00+00:00,346,CORN,634.25,300000000.0,notional_at_entry,long,472999.0,long,311162883.5,1
2023-03-08 00:00:00+00:00,347,CORN,625.5,300000000.0,notional_at_entry,long,472999.0,long,307024142.25,0
2023-03-09 00:00:00+00:00,348,CORN,611.5,-300000000.0,notional_at_entry,short,-490596.0,short,300402156.25,1
2023-03-10 00:00:00+00:00,349,CORN,624.25,300000000.0,notional_at_entry,long,480576.0,long,294147057.25,1
2023-03-13 00:00:00+00:00,350,CORN,624.5,300000000.0,notional_at_entry,long,480576.0,long,294267201.25,0
2023-03-14 00:00:00+00:00,351,CORN,627.5,300000000.0,notional_at_entry,long,480576.0,long,295708929.25,0
2023-03-15 00:00:00+00:00,352,CORN,626.5,300000000.0,notional_at_entry,long,480576.0,long,295228353.25,0
2023-03-16 00:00:00+00:00,353,CORN,632.75,300000000.0,notional_at_entry,long,480576.0,long,298231953.25,0
2023-03-17 00:00:00+00:00,354,CORN,634.25,300000000.0,notional_at_entry,long,480576.0,long,298952817.25,0
2023-03-20 00:00:00+00:00,355,CORN,633.0,300000000.0,notional_at_entry,long,480576.0,long,298352097.25,0
2023-03-21 00:00:00+00:00,356,CORN,630.0,300000000.0,notional_at_entry,long,480576.0,long,296910369.25,0
2023-03-22 00:00:00+00:00,357,CORN,633.5,300000000.0,notional_at_entry,long,480576.0,long,298592385.25,0
2023-03-23 00:00:00+00:00,358,CORN,631.75,300000000.0,notional_at_entry,long,480576.0,long,297751377.25,0
2023-03-24 00:00:00+00:00,359,CORN,643.0,300000000.0,notional_at_entry,long,480576.0,long,303157857.25,0
2023-03-27 00:00:00+00:00,360,CORN,648.25,300000000.0,notional_at_entry,long,480576.0,long,305680881.25,0
2023-03-28 00:00:00+00:00,361,CORN,647.25,300000000.0,notional_at_entry,long,480576.0,long,305200305.25,0
2023-03-29 00:00:00+00:00,362,CORN,650.5,300000000.0,notional_at_entry,long,480576.0,long,306762177.25,0
2023-03-30 00:00:00+00:00,363,CORN,649.5,300000000.0,notional_at_entry,long,480576.0,long,306281601.25,0
2023-03-31 00:00:00+00:00,364,CORN,660.5,300000000.0,notional_at_entry,long,480576.0,long,311567937.25,0
2023-04-03 00:00:00+00:00,365,CORN,657.75,300000000.0,notional_at_entry,long,480576.0,long,310246353.25,0
2023-04-04 00:00:00+00:00,366,CORN,653.75,300000000.0,notional_at_entry,long,480576.0,long,308324049.25,0
2023-04-05 00:00:00+00:00,367,CORN,652.75,300000000.0,notional_at_entry,long,480576.0,long,307843473.25,0
2023-04-06 00:00:00+00:00,368,CORN,643.5,300000000.0,notional_at_entry,long,480576.0,long,303398145.25,0
2023-04-07 00:00:00+00:00,369,CORN,643.5,300000000.0,notional_at_entry,long,480576.0,long,303398145.25,0
2023-04-10 00:00:00+00:00,370,CORN,654.0,300000000.0,notional_at_entry,long,480576.0,long,308444193.25,0
2023-04-11 00:00:00+00:00,371,CORN,651.0,300000000.0,notional_at_entry,long,480576.0,long,307002465.25,0
2023-04-12 00:00:00+00:00,372,CORN,656.0,300000000.0,notional_at_entry,long,480576.0,long,309405345.25,0
2023-04-13 00:00:00+00:00,373,CORN,652.25,300000000.0,notional_at_entry,long,480576.0,long,307603185.25,0
2023-04-14 00:00:00+00:00,374,CORN,666.25,-450000000.0,notional_at_entry,short,-675422.0,short,314331249.25,1
2023-04-17 00:00:00+00:00,375,CORN,676.5,-450000000.0,notional_at_entry,short,-675422.0,short,307408173.75,0
2023-04-18 00:00:00+00:00,376,CORN,677.5,-450000000.0,notional_at_entry,short,-675422.0,short,306732751.75,0
2023-04-19 00:00:00+00:00,377,CORN,672.25,-450000000.0,notional_at_entry,short,-675422.0,short,310278717.25,0
2023-04-20 00:00:00+00:00,378,CORN,663.75,-450000000.0,notional_at_entry,short,-675422.0,short,316019804.25,0
2023-04-21 00:00:00+00:00,379,CORN,663.25,300000000.0,notional_at_entry,long,452318.0,long,316357515.25,1
2023-04-24 00:00:00+00:00,380,CORN,651.25,300000000.0,notional_at_entry,long,452318.0,long,310929699.25,0
2023-04-25 00:00:00+00:00,381,CORN,646.5,300000000.0,notional_at_entry,long,452318.0,long,308781188.75,0
2023-04-26 00:00:00+00:00,382,CORN,641.5,450000000.0,notional_at_entry,long,452318.0,long,306519598.75,0
2023-04-27 00:00:00+00:00,383,CORN,627.0,300000000.0,notional_at_entry,long,452318.0,long,299960987.75,0
2023-04-28 00:00:00+00:00,384,CORN,636.0,300000000.0,notional_at_entry,long,452318.0,long,304031849.75,0
2023-05-01 00:00:00+00:00,385,CORN,639.5,300000000.0,notional_at_entry,long,452318.0,long,305614962.75,0
2023-05-02 00:00:00+00:00,386,CORN,638.0,450000000.0,notional_at_entry,long,452318.0,long,304936485.75,0
2023-05-03 00:00:00+00:00,387,CORN,645.25,450000000.0,notional_at_entry,long,452318.0,long,308215791.25,0
2023-05-04 00:00:00+00:00,388,CORN,646.5,450000000.0,notional_at_entry,long,452318.0,long,308781188.75,0
2023-05-05 00:00:00+00:00,389,CORN,653.25,450000000.0,notional_at_entry,long,452318.0,long,311834335.25,0
2023-05-08 00:00:00+00:00,390,CORN,656.5,-450000000.0,notional_at_entry,short,-685453.0,short,313304368.75,1
2023-05-09 00:00:00+00:00,391,CORN,642.25,-450000000.0,notional_at_entry,short,-685453.0,short,323072074.0,0
2023-05-10 00:00:00+00:00,392,CORN,645.5,-450000000.0,notional_at_entry,short,-685453.0,short,320844351.75,0
2023-05-11 00:00:00+00:00,393,CORN,632.5,-450000000.0,notional_at_entry,short,-685453.0,short,329755240.75,0
2023-05-12 00:00:00+00:00,394,CORN,633.25,-300000000.0,notional_at_entry,short,-685453.0,short,329241151.0,0
2023-05-15 00:00:00+00:00,395,CORN,592.5,-300000000.0,notional_at_entry,short,-685453.0,short,357173360.75,0
2023-05-16 00:00:00+00:00,396,CORN,581.25,-300000000.0,notional_at_entry,short,-685453.0,short,364884707.0,0
2023-05-17 00:00:00+00:00,397,CORN,561.5,-300000000.0,notional_at_entry,short,-685453.0,short,378422403.75,0
2023-05-18 00:00:00+00:00,398,CORN,555.25,-300000000.0,notional_at_entry,short,-685453.0,short,382706485.0,0
2023-05-19 00:00:00+00:00,399,CORN,554.5,-450000000.0,notional_at_entry,short,-685453.0,short,383220574.75,0
2023-05-22 00:00:00+00:00,400,CORN,571.0,-450000000.0,notional_at_entry,short,-685453.0,short,371910600.25,0
2023-05-23 00:00:00+00:00,401,CORN,577.5,-450000000.0,notional_at_entry,short,-685453.0,short,367455155.75,0
2023-05-24 00:00:00+00:00,402,CORN,587.25,-450000000.0,notional_at_entry,short,-685453.0,short,360771989.0,0
2023-05-25 00:00:00+00:00,403,CORN,590.75,-450000000.0,notional_at_entry,short,-685453.0,short,358372903.5,0
2023-05-26 00:00:00+00:00,404,CORN,604.0,300000000.0,notional_at_entry,long,496688.0,long,349290651.25,1
2023-05-30 00:00:00+00:00,405,CORN,594.0,300000000.0,notional_at_entry,long,496688.0,long,344323771.25,0
2023-05-31 00:00:00+00:00,406,CORN,594.0,300000000.0,notional_at_entry,long,496688.0,long,344323771.25,0
2023-06-01 00:00:00+00:00,407,CORN,592.5,300000000.0,notional_at_entry,long,496688.0,long,343578739.25,0
2023-06-02 00:00:00+00:00,408,CORN,609.0,300000000.0,notional_at_entry,long,496688.0,long,351774091.25,0
2023-06-05 00:00:00+00:00,409,CORN,597.5,300000000.0,notional_at_entry,long,496688.0,long,346062179.25,0
2023-06-06 00:00:00+00:00,410,CORN,608.0,300000000.0,notional_at_entry,long,496688.0,long,351277403.25,0
2023-06-07 00:00:00+00:00,411,CORN,604.25,300000000.0,notional_at_entry,long,496688.0,long,349414823.25,0
2023-06-08 00:00:00+00:00,412,CORN,610.25,300000000.0,notional_at_entry,long,496688.0,long,352394951.25,0
2023-06-09 00:00:00+00:00,413,CORN,604.25,300000000.0,notional_at_entry,long,496688.0,long,349414823.25,0
2023-06-12 00:00:00+00:00,414,CORN,617.25,300000000.0,notional_at_entry,long,496688.0,long,355871767.25,0
2023-06-13 00:00:00+00:00,415,CORN,612.5,300000000.0,notional_at_entry,long,496688.0,long,353512499.25,0
2023-06-14 00:00:00+00:00,416,CORN,607.75,300000000.0,notional_at_entry,long,496688.0,long,351153231.25,0
2023-06-15 00:00:00+00:00,417,CORN,623.25,300000000.0,notional_at_entry,long,496688.0,long,358851895.25,0
2023-06-16 00:00:00+00:00,418,CORN,640.25,300000000.0,notional_at_entry,long,496688.0,long,367295591.25,0
2023-06-20 00:00:00+00:00,419,CORN,643.75,-450000000.0,notional_at_entry,short,-699029.0,short,369033999.25,1
2023-06-21 00:00:00+00:00,420,CORN,671.0,-450000000.0,notional_at_entry,short,-699029.0,short,349985459.0,0
2023-06-22 00:00:00+00:00,421,CORN,660.5,-450000000.0,notional_at_entry,short,-699029.0,short,357325263.5,0
2023-06-23 00:00:00+00:00,422,CORN,630.75,-450000000.0,notional_at_entry,short,-699029.0,short,378121376.25,0
2023-06-26 00:00:00+00:00,423,CORN,637.25,-450000000.0,notional_at_entry,short,-699029.0,short,373577687.75,0
2023-06-27 00:00:00+00:00,424,CORN,623.0,-450000000.0,notional_at_entry,short,-699029.0,short,383538851.0,0
2023-06-28 00:00:00+00:00,425,CORN,590.0,-450000000.0,notional_at_entry,short,-699029.0,short,406606808.0,0
2023-06-29 00:00:00+00:00,426,CORN,581.0,-450000000.0,notional_at_entry,short,-699029.0,short,412898069.0,0
2023-06-30 00:00:00+00:00,427,CORN,554.5,-450000000.0,notional_at_entry,short,-699029.0,short,431422337.5,0
2023-07-03 00:00:00+00:00,428,CORN,557.25,-450000000.0,notional_at_entry,short,-699029.0,short,429500007.75,0
2023-07-05 00:00:00+00:00,429,CORN,548.25,-450000000.0,notional_at_entry,short,-699029.0,short,435791268.75,0
2023-07-06 00:00:00+00:00,430,CORN,566.75,-450000000.0,notional_at_entry,short,-699029.0,short,422859232.25,0
2023-07-07 00:00:00+00:00,431,CORN,560.5,-450000000.0,notional_at_entry,short,-699029.0,short,427228163.5,0
2023-07-10 00:00:00+00:00,432,CORN,570.75,-450000000.0,notional_at_entry,short,-699029.0,short,420063116.25,0
2023-07-11 00:00:00+00:00,433,CORN,571.75,-450000000.0,notional_at_entry,short,-699029.0,short,419364087.25,0
2023-07-12 00:00:00+00:00,434,CORN,549.75,-450000000.0,notional_at_entry,short,-699029.0,short,434742725.25,0
2023-07-13 00:00:00+00:00,435,CORN,593.5,-450000000.0,notional_at_entry,short,-699029.0,short,404160206.5,0
2023-07-14 00:00:00+00:00,436,CORN,599.75,-450000000.0,notional_at_entry,short,-699029.0,short,399791275.25,0
2023-07-17 00:00:00+00:00,437,CORN,499.25,-450000000.0,notional_at_entry,short,-699029.0,short,470043689.75,0
2023-07-18 00:00:00+00:00,438,CORN,528.75,-450000000.0,notional_at_entry,short,-699029.0,short,449422334.25,0
2023-07-19 00:00:00+00:00,439,CORN,545.5,-450000000.0,notional_at_entry,short,-699029.0,short,437713598.5,0
2023-07-20 00:00:00+00:00,440,CORN,537.25,-450000000.0,notional_at_entry,short,-699029.0,short,443480587.75,0
2023-07-21 00:00:00+00:00,441,CORN,527.0,-450000000.0,notional_at_entry,short,-699029.0,short,450645635.0,0
2023-07-24 00:00:00+00:00,442,CORN,560.5,-450000000.0,notional_at_entry,short,-699029.0,short,427228163.5,0
2023-07-25 00:00:00+00:00,443,CORN,557.5,-450000000.0,notional_at_entry,short,-699029.0,short,429325250.5,0
2023-07-26 00:00:00+00:00,444,CORN,540.25,-450000000.0,notional_at_entry,short,-699029.0,short,441383500.75,0
2023-07-27 00:00:00+00:00,445,CORN,533.25,-450000000.0,notional_at_entry,short,-699029.0,short,446276703.75,0
2023-07-28 00:00:00+00:00,446,CORN,521.0,-450000000.0,notional_at_entry,short,-699029.0,short,454839809.0,0
2023-07-31 00:00:00+00:00,447,CORN,504.0,-450000000.0,notional_at_entry,short,-699029.0,short,466723302.0,0
2023-08-01 00:00:00+00:00,448,CORN,497.0,-450000000.0,notional_at_entry,short,-699029.0,short,471616505.0,0
2023-08-02 00:00:00+00:00,449,CORN,488.25,-450000000.0,notional_at_entry,short,-699029.0,short,477733008.75,0
2023-08-03 00:00:00+00:00,450,CORN,480.75,-450000000.0,notional_at_entry,short,-699029.0,short,482975726.25,0
2023-08-04 00:00:00+00:00,451,CORN,484.25,-450000000.0,notional_at_entry,short,-699029.0,short,480529124.75,0
2023-08-07 00:00:00+00:00,452,CORN,482.25,-450000000.0,notional_at_entry,short,-699029.0,short,481927182.75,0
2023-08-08 00:00:00+00:00,453,CORN,485.75,-450000000.0,notional_at_entry,short,-699029.0,short,479480581.25,0
2023-08-09 00:00:00+00:00,454,CORN,481.0,-450000000.0,notional_at_entry,short,-699029.0,short,482800969.0,0
2023-08-10 00:00:00+00:00,455,CORN,483.25,-450000000.0,notional_at_entry,short,-699029.0,short,481228153.75,0
2023-08-11 00:00:00+00:00,456,CORN,474.5,-450000000.0,notional_at_entry,short,-699029.0,short,487344657.5,0
2023-08-14 00:00:00+00:00,457,CORN,475.75,-450000000.0,notional_at_entry,short,-699029.0,short,486470871.25,0
2023-08-15 00:00:00+00:00,458,CORN,464.0,-450000000.0,notional_at_entry,short,-699029.0,short,494684462.0,0
2023-08-16 00:00:00+00:00,459,CORN,469.5,-450000000.0,notional_at_entry,short,-699029.0,short,490839802.5,0
2023-08-17 00:00:00+00:00,460,CORN,473.0,-450000000.0,notional_at_entry,short,-699029.0,short,488393201.0,0
2023-08-18 00:00:00+00:00,461,CORN,479.5,-450000000.0,notional_at_entry,short,-699029.0,short,483849512.5,0
2023-08-21 00:00:00+00:00,462,CORN,469.25,-450000000.0,notional_at_entry,short,-699029.0,short,491014559.75,0
2023-08-22 00:00:00+00:00,463,CORN,466.5,-450000000.0,notional_at_entry,short,-699029.0,short,492936889.5,0
2023-08-23 00:00:00+00:00,464,CORN,476.25,-450000000.0,notional_at_entry,short,-699029.0,short,486121356.75,0
2023-08-24 00:00:00+00:00,465,CORN,472.25,-450000000.0,notional_at_entry,short,-699029.0,short,488917472.75,0
2023-08-25 00:00:00+00:00,466,CORN,470.75,-450000000.0,notional_at_entry,short,-699029.0,short,489966016.25,0
2023-08-28 00:00:00+00:00,467,CORN,478.5,-450000000.0,notional_at_entry,short,-699029.0,short,484548541.5,0
2023-08-29 00:00:00+00:00,468,CORN,469.5,-450000000.0,notional_at_entry,short,-699029.0,short,490839802.5,0
2023-08-30 00:00:00+00:00,469,CORN,461.75,-450000000.0,notional_at_entry,short,-699029.0,short,496257277.25,0
2023-08-31 00:00:00+00:00,470,CORN,461.0,-450000000.0,notional_at_entry,short,-699029.0,short,496781549.0,0
2023-09-01 00:00:00+00:00,471,CORN,464.75,-450000000.0,notional_at_entry,short,-699029.0,short,494160190.25,0
2023-09-05 00:00:00+00:00,472,CORN,471.0,-450000000.0,notional_at_entry,short,-699029.0,short,489791259.0,0
2023-09-06 00:00:00+00:00,473,CORN,471.5,300000000.0,notional_at_entry,long,636267.0,long,489441744.5,1
2023-09-07 00:00:00+00:00,474,CORN,470.75,300000000.0,notional_at_entry,long,636267.0,long,488964544.25,0
2023-09-08 00:00:00+00:00,475,CORN,468.5,-300000000.0,notional_at_entry,short,-640341.0,short,487532943.5,1
2023-09-11 00:00:00+00:00,476,CORN,471.25,-300000000.0,notional_at_entry,short,-640341.0,short,485772005.75,0
2023-09-12 00:00:00+00:00,477,CORN,463.25,-300000000.0,notional_at_entry,short,-640341.0,short,490894733.75,0
2023-09-13 00:00:00+00:00,478,CORN,464.0,-300000000.0,notional_at_entry,short,-640341.0,short,490414478.0,0
2023-09-14 00:00:00+00:00,479,CORN,462.5,300000000.0,notional_at_entry,long,648648.0,long,491374989.5,1
2023-09-15 00:00:00+00:00,480,CORN,476.25,-300000000.0,notional_at_entry,short,-629921.0,short,500293899.5,1
2023-09-18 00:00:00+00:00,481,CORN,471.5,-300000000.0,notional_at_entry,short,-629921.0,short,503286024.25,0
2023-09-19 00:00:00+00:00,482,CORN,476.25,-300000000.0,notional_at_entry,short,-629921.0,short,500293899.5,0
2023-09-20 00:00:00+00:00,483,CORN,482.25,-300000000.0,notional_at_entry,short,-629921.0,short,496514373.5,0
2023-09-21 00:00:00+00:00,484,CORN,475.25,-300000000.0,notional_at_entry,short,-629921.0,short,500923820.5,0
2023-09-22 00:00:00+00:00,485,CORN,477.25,-300000000.0,notional_at_entry,short,-629921.0,short,499663978.5,0
2023-09-25 00:00:00+00:00,486,CORN,481.25,-300000000.0,notional_at_entry,short,-629921.0,short,497144294.5,0
2023-09-26 00:00:00+00:00,487,CORN,479.75,-300000000.0,notional_at_entry,short,-629921.0,short,498089176.0,0
2023-09-27 00:00:00+00:00,488,CORN,483.25,-300000000.0,notional_at_entry,short,-629921.0,short,495884452.5,0
2023-09-28 00:00:00+00:00,489,CORN,488.5,-300000000.0,notional_at_entry,short,-629921.0,short,492577367.25,0
2023-09-29 00:00:00+00:00,490,CORN,476.75,300000000.0,notional_at_entry,long,629260.0,long,499978939.0,1
2023-10-02 00:00:00+00:00,491,CORN,488.75,300000000.0,notional_at_entry,long,629260.0,long,507530059.0,0
2023-10-03 00:00:00+00:00,492,CORN,487.5,300000000.0,notional_at_entry,long,629260.0,long,506743484.0,0
2023-10-04 00:00:00+00:00,493,CORN,486.0,300000000.0,notional_at_entry,long,629260.0,long,505799594.0,0
2023-10-05 00:00:00+00:00,494,CORN,497.5,300000000.0,notional_at_entry,long,629260.0,long,513036084.0,0
2023-10-06 00:00:00+00:00,495,CORN,492.0,-300000000.0,notional_at_entry,short,-609756.0,short,509575154.0,1
2023-10-09 00:00:00+00:00,496,CORN,488.25,300000000.0,notional_at_entry,long,614439.0,long,511861739.0,1
2023-10-10 00:00:00+00:00,497,CORN,485.5,300000000.0,notional_at_entry,long,614439.0,long,510172031.75,0
2023-10-11 00:00:00+00:00,498,CORN,488.0,300000000.0,notional_at_entry,long,614439.0,long,511708129.25,0
2023-10-12 00:00:00+00:00,499,CORN,496.0,300000000.0,notional_at_entry,long,614439.0,long,516623641.25,0
2023-10-13 00:00:00+00:00,500,CORN,493.25,300000000.0,notional_at_entry,long,614439.0,long,514933934.0,0
2023-10-16 00:00:00+00:00,501,CORN,490.0,300000000.0,notional_at_entry,long,614439.0,long,512937007.25,0
2023-10-17 00:00:00+00:00,502,CORN,489.0,300000000.0,notional_at_entry,long,614439.0,long,512322568.25,0
2023-10-18 00:00:00+00:00,503,CORN,492.0,300000000.0,notional_at_entry,long,614439.0,long,514165885.25,0
2023-10-19 00:00:00+00:00,504,CORN,505.0,300000000.0,notional_at_entry,long,614439.0,long,522153592.25,0
2023-10-20 00:00:00+00:00,505,CORN,495.5,300000000.0,notional_at_entry,long,614439.0,long,516316421.75,0
2023-10-23 00:00:00+00:00,506,CORN,490.25,300000000.0,notional_at_entry,long,614439.0,long,513090617.0,0
2023-10-24 00:00:00+00:00,507,CORN,484.0,-300000000.0,notional_at_entry,short,-619834.0,short,509250373.25,1
2023-10-25 00:00:00+00:00,508,CORN,480.0,-300000000.0,notional_at_entry,short,-619834.0,short,511729709.25,0
2023-10-26 00:00:00+00:00,509,CORN,479.25,-300000000.0,notional_at_entry,short,-619834.0,short,512194584.75,0
2023-10-27 00:00:00+00:00,510,CORN,480.75,-300000000.0,notional_at_entry,short,-619834.0,short,511264833.75,0
2023-10-30 00:00:00+00:00,511,CORN,478.25,-300000000.0,notional_at_entry,short,-619834.0,short,512814418.75,0
2023-10-31 00:00:00+00:00,512,CORN,478.75,-300000000.0,notional_at_entry,short,-619834.0,short,512504501.75,0
2023-11-01 00:00:00+00:00,513,CORN,475.0,-300000000.0,notional_at_entry,short,-619834.0,short,514828879.25,0
2023-11-02 00:00:00+00:00,514,CORN,470.0,-300000000.0,notional_at_entry,short,-619834.0,short,517928049.25,0
2023-11-03 00:00:00+00:00,515,CORN,477.25,-300000000.0,notional_at_entry,short,-619834.0,short,513434252.75,0
2023-11-06 00:00:00+00:00,516,CORN,477.25,-300000000.0,notional_at_entry,short,-619834.0,short,513434252.75,0
2023-11-07 00:00:00+00:00,517,CORN,468.5,300000000.0,notional_at_entry,long,640341.0,long,518857800.25,1
2023-11-08 00:00:00+00:00,518,CORN,476.0,300000000.0,notional_at_entry,long,640341.0,long,523660357.75,0
2023-11-09 00:00:00+00:00,519,CORN,468.0,300000000.0,notional_at_entry,long,640341.0,long,518537629.75,0
2023-11-10 00:00:00+00:00,520,CORN,464.0,300000000.0,notional_at_entry,long,640341.0,long,515976265.75,0
2023-11-13 00:00:00+00:00,521,CORN,477.25,300000000.0,notional_at_entry,long,640341.0,long,524460784.0,0
2023-11-14 00:00:00+00:00,522,CORN,478.25,300000000.0,notional_at_entry,long,640341.0,long,525101125.0,0
2023-11-15 00:00:00+00:00,523,CORN,488.5,300000000.0,notional_at_entry,long,640341.0,long,531664620.25,0
2023-11-16 00:00:00+00:00,524,CORN,493.25,300000000.0,notional_at_entry,long,640341.0,long,534706240.0,0
2023-11-17 00:00:00+00:00,525,CORN,485.25,300000000.0,notional_at_entry,long,640341.0,long,529583512.0,0
2023-11-20 00:00:00+00:00,526,CORN,487.5,300000000.0,notional_at_entry,long,640341.0,long,531024279.25,0
2023-11-21 00:00:00+00:00,527,CORN,489.0,300000000.0,notional_at_entry,long,640341.0,long,531984790.75,0
2023-11-22 00:00:00+00:00,528,CORN,487.75,300000000.0,notional_at_entry,long,640341.0,long,531184364.5,0
2023-11-24 00:00:00+00:00,529,CORN,482.5,300000000.0,notional_at_entry,long,640341.0,long,527822574.25,0
2023-11-27 00:00:00+00:00,530,CORN,475.25,300000000.0,notional_at_entry,long,640341.0,long,523180102.0,0
2023-11-28 00:00:00+00:00,531,CORN,473.5,300000000.0,notional_at_entry,long,640341.0,long,522059505.25,0
2023-11-29 00:00:00+00:00,532,CORN,475.75,300000000.0,notional_at_entry,long,640341.0,long,523500272.5,0
2023-11-30 00:00:00+00:00,533,CORN,482.75,300000000.0,notional_at_entry,long,640341.0,long,527982659.5,0
2023-12-01 00:00:00+00:00,534,CORN,464.5,-300000000.0,notional_at_entry,short,-645855.0,short,516296436.25,1
2023-12-04 00:00:00+00:00,535,CORN,460.25,-300000000.0,notional_at_entry,short,-645855.0,short,519041320.0,0
2023-12-05 00:00:00+00:00,536,CORN,468.5,-300000000.0,notional_at_entry,short,-645855.0,short,513713016.25,0
2023-12-06 00:00:00+00:00,537,CORN,464.75,-300000000.0,notional_at_entry,short,-645855.0,short,516134972.5,0
2023-12-07 00:00:00+00:00,538,CORN,468.25,-300000000.0,notional_at_entry,short,-645855.0,short,513874480.0,0
2023-12-08 00:00:00+00:00,539,CORN,465.75,-300000000.0,notional_at_entry,short,-645855.0,short,515489117.5,0
2023-12-11 00:00:00+00:00,540,CORN,460.5,-300000000.0,notional_at_entry,short,-645855.0,short,518879856.25,0
2023-12-12 00:00:00+00:00,541,CORN,462.5,-300000000.0,notional_at_entry,short,-645855.0,short,517588146.25,0
2023-12-13 00:00:00+00:00,542,CORN,456.75,-300000000.0,notional_at_entry,short,-645855.0,short,521301812.5,0
2023-12-14 00:00:00+00:00,543,CORN,456.75,-300000000.0,notional_at_entry,short,-645855.0,short,521301812.5,0
2023-12-15 00:00:00+00:00,544,CORN,483.0,-300000000.0,notional_at_entry,short,-645855.0,short,504348118.75,0
2023-12-18 00:00:00+00:00,545,CORN,477.0,-300000000.0,notional_at_entry,short,-645855.0,short,508223248.75,0
2023-12-19 00:00:00+00:00,546,CORN,472.75,-300000000.0,notional_at_entry,short,-645855.0,short,510968132.5,0
2023-12-20 00:00:00+00:00,547,CORN,469.75,-300000000.0,notional_at_entry,short,-645855.0,short,512905697.5,0
2023-12-21 00:00:00+00:00,548,CORN,472.5,-300000000.0,notional_at_entry,short,-645855.0,short,511129596.25,0
2023-12-22 00:00:00+00:00,549,CORN,473.0,-300000000.0,notional_at_entry,short,-645855.0,short,510806668.75,0
2023-12-26 00:00:00+00:00,550,CORN,480.25,-300000000.0,notional_at_entry,short,-645855.0,short,506124220.0,0
2023-12-27 00:00:00+00:00,551,CORN,476.5,300000000.0,notional_at_entry,long,629590.0,long,508546176.25,1
2023-12-28 00:00:00+00:00,552,CORN,474.25,300000000.0,notional_at_entry,long,629590.0,long,507129598.75,0
2023-12-29 00:00:00+00:00,553,CORN,471.25,300000000.0,notional_at_entry,long,629590.0,long,505240828.75,0
2024-01-02 00:00:00+00:00,554,CORN,463.75,300000000.0,notional_at_entry,long,629590.0,long,500518903.75,0
2024-01-03 00:00:00+00:00,555,CORN,465.25,300000000.0,notional_at_entry,long,629590.0,long,501463288.75,0
2024-01-04 00:00:00+00:00,556,CORN,466.5,300000000.0,notional_at_entry,long,629590.0,long,502250276.25,0
2024-01-05 00:00:00+00:00,557,CORN,460.75,300000000.0,notional_at_entry,long,629590.0,long,498630133.75,0
2024-01-08 00:00:00+00:00,558,CORN,455.0,300000000.0,notional_at_entry,long,629590.0,long,495009991.25,0
2024-01-09 00:00:00+00:00,559,CORN,459.25,300000000.0,notional_at_entry,long,629590.0,long,497685748.75,0
2024-01-10 00:00:00+00:00,560,CORN,459.5,300000000.0,notional_at_entry,long,629590.0,long,497843146.25,0
2024-01-11 00:00:00+00:00,561,CORN,457.75,300000000.0,notional_at_entry,long,629590.0,long,496741363.75,0
2024-01-12 00:00:00+00:00,562,CORN,447.0,300000000.0,notional_at_entry,long,629590.0,long,489973271.25,0
2024-01-16 00:00:00+00:00,563,CORN,443.5,300000000.0,notional_at_entry,long,629590.0,long,487769706.25,0
2024-01-17 00:00:00+00:00,564,CORN,442.25,300000000.0,notional_at_entry,long,629590.0,long,486982718.75,0
2024-01-18 00:00:00+00:00,565,CORN,444.0,300000000.0,notional_at_entry,long,629590.0,long,488084501.25,0
2024-01-19 00:00:00+00:00,566,CORN,445.5,-300000000.0,notional_at_entry,short,-673400.0,short,489028886.25,1
2024-01-22 00:00:00+00:00,567,CORN,445.75,-300000000.0,notional_at_entry,short,-673400.0,short,488860536.25,0
2024-01-23 00:00:00+00:00,568,CORN,446.5,-300000000.0,notional_at_entry,short,-673400.0,short,488355486.25,0
2024-01-24 00:00:00+00:00,569,CORN,452.25,300000000.0,notional_at_entry,long,663349.0,long,484483436.25,1
2024-01-25 00:00:00+00:00,570,CORN,451.75,300000000.0,notional_at_entry,long,663349.0,long,484151761.75,0
2024-01-26 00:00:00+00:00,571,CORN,446.25,300000000.0,notional_at_entry,long,663349.0,long,480503342.25,0
2024-01-29 00:00:00+00:00,572,CORN,440.25,300000000.0,notional_at_entry,long,663349.0,long,476523248.25,0
2024-01-30 00:00:00+00:00,573,CORN,447.75,300000000.0,notional_at_entry,long,663349.0,long,481498365.75,0
2024-01-31 00:00:00+00:00,574,CORN,448.25,300000000.0,notional_at_entry,long,663349.0,long,481830040.25,0
2024-02-01 00:00:00+00:00,575,CORN,447.25,300000000.0,notional_at_entry,long,663349.0,long,481166691.25,0
2024-02-02 00:00:00+00:00,576,CORN,442.75,300000000.0,notional_at_entry,long,663349.0,long,478181620.75,0
2024-02-05 00:00:00+00:00,577,CORN,442.75,300000000.0,notional_at_entry,long,663349.0,long,478181620.75,0
2024-02-06 00:00:00+00:00,578,CORN,438.75,300000000.0,notional_at_entry,long,663349.0,long,475528224.75,0
2024-02-07 00:00:00+00:00,579,CORN,434.25,300000000.0,notional_at_entry,long,663349.0,long,472543154.25,0
2024-02-08 00:00:00+00:00,580,CORN,433.25,300000000.0,notional_at_entry,long,663349.0,long,471879805.25,0
2024-02-09 00:00:00+00:00,581,CORN,429.0,300000000.0,notional_at_entry,long,663349.0,long,469060572.0,0
2024-02-12 00:00:00+00:00,582,CORN,430.5,300000000.0,notional_at_entry,long,663349.0,long,470055595.5,0
2024-02-13 00:00:00+00:00,583,CORN,430.75,300000000.0,notional_at_entry,long,663349.0,long,470221432.75,0
2024-02-14 00:00:00+00:00,584,CORN,424.25,300000000.0,notional_at_entry,long,663349.0,long,465909664.25,0
2024-02-15 00:00:00+00:00,585,CORN,417.75,300000000.0,notional_at_entry,long,663349.0,long,461597895.75,0
2024-02-16 00:00:00+00:00,586,CORN,416.5,300000000.0,notional_at_entry,long,663349.0,long,460768709.5,0
2024-02-20 00:00:00+00:00,587,CORN,418.75,300000000.0,notional_at_entry,long,663349.0,long,462261244.75,0
2024-02-21 00:00:00+00:00,588,CORN,411.0,300000000.0,notional_at_entry,long,663349.0,long,457120290.0,0
2024-02-22 00:00:00+00:00,589,CORN,406.0,300000000.0,notional_at_entry,long,663349.0,long,453803545.0,0
2024-02-23 00:00:00+00:00,590,CORN,399.75,300000000.0,notional_at_entry,long,663349.0,long,449657613.75,0
2024-02-26 00:00:00+00:00,591,CORN,407.0,300000000.0,notional_at_entry,long,663349.0,long,454466894.0,0
2024-02-27 00:00:00+00:00,592,CORN,423.5,300000000.0,notional_at_entry,long,663349.0,long,465412152.5,0
2024-02-28 00:00:00+00:00,593,CORN,428.5,-300000000.0,notional_at_entry,short,-700116.0,short,468728897.5,1
2024-02-29 00:00:00+00:00,594,CORN,429.5,-300000000.0,notional_at_entry,short,-700116.0,short,468028781.5,0
2024-03-01 00:00:00+00:00,595,CORN,412.25,-300000000.0,notional_at_entry,short,-700116.0,short,480105782.5,0
2024-03-04 00:00:00+00:00,596,CORN,417.5,-300000000.0,notional_at_entry,short,-700116.0,short,476430173.5,0
2024-03-05 00:00:00+00:00,597,CORN,413.5,-300000000.0,notional_at_entry,short,-700116.0,short,479230637.5,0
2024-03-06 00:00:00+00:00,598,CORN,418.0,300000000.0,notional_at_entry,long,717703.0,long,476080115.5,1
2024-03-07 00:00:00+00:00,599,CORN,426.0,300000000.0,notional_at_entry,long,717703.0,long,481821739.5,0
2024-03-08 00:00:00+00:00,600,CORN,426.25,300000000.0,notional_at_entry,long,717703.0,long,482001165.25,0
2024-03-11 00:00:00+00:00,601,CORN,428.25,300000000.0,notional_at_entry,long,717703.0,long,483436571.25,0
2024-03-12 00:00:00+00:00,602,CORN,429.0,300000000.0,notional_at_entry,long,717703.0,long,483974848.5,0
2024-03-13 00:00:00+00:00,603,CORN,426.5,300000000.0,notional_at_entry,long,717703.0,long,482180591.0,0
2024-03-14 00:00:00+00:00,604,CORN,422.5,300000000.0,notional_at_entry,long,717703.0,long,479309779.0,0
2024-03-15 00:00:00+00:00,605,CORN,436.75,300000000.0,notional_at_entry,long,717703.0,long,489537046.75,0
2024-03-18 00:00:00+00:00,606,CORN,436.0,300000000.0,notional_at_entry,long,717703.0,long,488998769.5,0
2024-03-19 00:00:00+00:00,607,CORN,439.5,300000000.0,notional_at_entry,long,717703.0,long,491510730.0,0
2024-03-20 00:00:00+00:00,608,CORN,439.0,-300000000.0,notional_at_entry,short,-683371.0,short,491151878.5,1
2024-03-21 00:00:00+00:00,609,CORN,440.75,-300000000.0,notional_at_entry,short,-683371.0,short,489955979.25,0
2024-03-22 00:00:00+00:00,610,CORN,439.25,-300000000.0,notional_at_entry,short,-683371.0,short,490981035.75,0
2024-03-25 00:00:00+00:00,611,CORN,437.75,-300000000.0,notional_at_entry,short,-683371.0,short,492006092.25,0
2024-03-26 00:00:00+00:00,612,CORN,432.5,-300000000.0,notional_at_entry,short,-683371.0,short,495593790.0,0
2024-03-27 00:00:00+00:00,613,CORN,426.75,-300000000.0,notional_at_entry,short,-683371.0,short,499523173.25,0
2024-03-28 00:00:00+00:00,614,CORN,442.0,-300000000.0,notional_at_entry,short,-683371.0,short,489101765.5,0
2024-03-29 00:00:00+00:00,615,CORN,442.25,-300000000.0,notional_at_entry,short,-683371.0,short,488930922.75,0
2024-04-01 00:00:00+00:00,616,CORN,435.5,-300000000.0,notional_at_entry,short,-683371.0,short,493543677.0,0
2024-04-02 00:00:00+00:00,617,CORN,426.5,-300000000.0,notional_at_entry,short,-683371.0,short,499694016.0,0
2024-04-03 00:00:00+00:00,618,CORN,431.75,-300000000.0,notional_at_entry,short,-683371.0,short,496106318.25,0
2024-04-04 00:00:00+00:00,619,CORN,435.25,300000000.0,notional_at_entry,long,689259.0,long,493714519.75,1
2024-04-05 00:00:00+00:00,620,CORN,434.25,-300000000.0,notional_at_entry,short,-690846.0,short,493025260.75,1
2024-04-08 00:00:00+00:00,621,CORN,435.5,-300000000.0,notional_at_entry,short,-690846.0,short,492161703.25,0
2024-04-09 00:00:00+00:00,622,CORN,431.25,-300000000.0,notional_at_entry,short,-690846.0,short,495097798.75,0
2024-04-10 00:00:00+00:00,623,CORN,434.25,-300000000.0,notional_at_entry,short,-690846.0,short,493025260.75,0
2024-04-11 00:00:00+00:00,624,CORN,428.75,-300000000.0,notional_at_entry,short,-690846.0,short,496824913.75,0
2024-04-12 00:00:00+00:00,625,CORN,435.5,-300000000.0,notional_at_entry,short,-690846.0,short,492161703.25,0
2024-04-15 00:00:00+00:00,626,CORN,431.5,-300000000.0,notional_at_entry,short,-690846.0,short,494925087.25,0
2024-04-16 00:00:00+00:00,627,CORN,431.0,-300000000.0,notional_at_entry,short,-690846.0,short,495270510.25,0
2024-04-17 00:00:00+00:00,628,CORN,441.0,-300000000.0,notional_at_entry,short,-690846.0,short,488362050.25,0
2024-04-18 00:00:00+00:00,629,CORN,426.75,-300000000.0,notional_at_entry,short,-690846.0,short,498206605.75,0
2024-04-19 00:00:00+00:00,630,CORN,443.0,-300000000.0,notional_at_entry,short,-690846.0,short,486980358.25,0
2024-04-22 00:00:00+00:00,631,CORN,439.75,-300000000.0,notional_at_entry,short,-690846.0,short,489225607.75,0
2024-04-23 00:00:00+00:00,632,CORN,452.5,-300000000.0,notional_at_entry,short,-690846.0,short,480417321.25,0
2024-04-24 00:00:00+00:00,633,CORN,448.5,-300000000.0,notional_at_entry,short,-690846.0,short,483180705.25,0
2024-04-25 00:00:00+00:00,634,CORN,441.0,-300000000.0,notional_at_entry,short,-690846.0,short,488362050.25,0
2024-04-26 00:00:00+00:00,635,CORN,450.0,-300000000.0,notional_at_entry,short,-690846.0,short,482144436.25,0
2024-04-29 00:00:00+00:00,636,CORN,449.25,300000000.0,notional_at_entry,long,667779.0,long,482662570.75,1
2024-04-30 00:00:00+00:00,637,CORN,446.75,300000000.0,notional_at_entry,long,667779.0,long,480993123.25,0
2024-05-01 00:00:00+00:00,638,CORN,450.75,450000000.0,notional_at_entry,long,667779.0,long,483664239.25,0
2024-05-02 00:00:00+00:00,639,CORN,459.75,450000000.0,notional_at_entry,long,667779.0,long,489674250.25,0
2024-05-03 00:00:00+00:00,640,CORN,460.25,450000000.0,notional_at_entry,long,667779.0,long,490008139.75,0
2024-05-06 00:00:00+00:00,641,CORN,457.0,450000000.0,notional_at_entry,long,667779.0,long,487837858.0,0
2024-05-07 00:00:00+00:00,642,CORN,453.75,450000000.0,notional_at_entry,long,667779.0,long,485667576.25,0
2024-05-08 00:00:00+00:00,643,CORN,445.5,450000000.0,notional_at_entry,long,667779.0,long,480158399.5,0
2024-05-09 00:00:00+00:00,644,CORN,442.75,450000000.0,notional_at_entry,long,667779.0,long,478322007.25,0
2024-05-10 00:00:00+00:00,645,CORN,455.75,450000000.0,notional_at_entry,long,667779.0,long,487003134.25,0
2024-05-13 00:00:00+00:00,646,CORN,458.5,450000000.0,notional_at_entry,long,667779.0,long,488839526.5,0
2024-05-14 00:00:00+00:00,647,CORN,453.75,450000000.0,notional_at_entry,long,667779.0,long,485667576.25,0
2024-05-15 00:00:00+00:00,648,CORN,462.5,450000000.0,notional_at_entry,long,667779.0,long,491510642.5,0
2024-05-16 00:00:00+00:00,649,CORN,457.0,450000000.0,notional_at_entry,long,667779.0,long,487837858.0,0
2024-05-17 00:00:00+00:00,650,CORN,452.5,450000000.0,notional_at_entry,long,667779.0,long,484832852.5,0
2024-05-20 00:00:00+00:00,651,CORN,460.5,-300000000.0,notional_at_entry,short,-651465.0,short,490175084.5,1
2024-05-21 00:00:00+00:00,652,CORN,458.0,-300000000.0,notional_at_entry,short,-651465.0,short,491803747.0,0
2024-05-22 00:00:00+00:00,653,CORN,461.25,-300000000.0,notional_at_entry,short,-651465.0,short,489686485.75,0
2024-05-23 00:00:00+00:00,654,CORN,464.0,-300000000.0,notional_at_entry,short,-651465.0,short,487894957.0,0
2024-05-24 00:00:00+00:00,655,CORN,464.75,-300000000.0,notional_at_entry,short,-651465.0,short,487406358.25,0
2024-05-28 00:00:00+00:00,656,CORN,462.5,-300000000.0,notional_at_entry,short,-651465.0,short,488872154.5,0
2024-05-29 00:00:00+00:00,657,CORN,455.25,-300000000.0,notional_at_entry,short,-651465.0,short,493595275.75,0
2024-05-30 00:00:00+00:00,658,CORN,448.75,-300000000.0,notional_at_entry,short,-651465.0,short,497829798.25,0
2024-05-31 00:00:00+00:00,659,CORN,446.25,-300000000.0,notional_at_entry,short,-651465.0,short,499458460.75,0
2024-06-03 00:00:00+00:00,660,CORN,443.5,-300000000.0,notional_at_entry,short,-651465.0,short,501249989.5,0
2024-06-04 00:00:00+00:00,661,CORN,442.5,-300000000.0,notional_at_entry,short,-651465.0,short,501901454.5,0
2024-06-05 00:00:00+00:00,662,CORN,439.25,-300000000.0,notional_at_entry,short,-651465.0,short,504018715.75,0
2024-06-06 00:00:00+00:00,663,CORN,452.0,-300000000.0,notional_at_entry,short,-651465.0,short,495712537.0,0
2024-06-07 00:00:00+00:00,664,CORN,448.75,-300000000.0,notional_at_entry,short,-651465.0,short,497829798.25,0
2024-06-10 00:00:00+00:00,665,CORN,451.75,-300000000.0,notional_at_entry,short,-651465.0,short,495875403.25,0
2024-06-11 00:00:00+00:00,666,CORN,449.5,-300000000.0,notional_at_entry,short,-651465.0,short,497341199.5,0
2024-06-12 00:00:00+00:00,667,CORN,454.25,-300000000.0,notional_at_entry,short,-651465.0,short,494246740.75,0
2024-06-13 00:00:00+00:00,668,CORN,458.5,-300000000.0,notional_at_entry,short,-651465.0,short,491478014.5,0
2024-06-14 00:00:00+00:00,669,CORN,450.0,-300000000.0,notional_at_entry,short,-651465.0,short,497015467.0,0
2024-06-17 00:00:00+00:00,670,CORN,450.0,-300000000.0,notional_at_entry,short,-651465.0,short,497015467.0,0
2024-06-18 00:00:00+00:00,671,CORN,455.75,-300000000.0,notional_at_entry,short,-651465.0,short,493269543.25,0
2024-06-20 00:00:00+00:00,672,CORN,444.75,-300000000.0,notional_at_entry,short,-651465.0,short,500435658.25,0
2024-06-21 00:00:00+00:00,673,CORN,440.5,-300000000.0,notional_at_entry,short,-651465.0,short,503204384.5,0
2024-06-24 00:00:00+00:00,674,CORN,439.5,-300000000.0,notional_at_entry,short,-651465.0,short,503855849.5,0
2024-06-25 00:00:00+00:00,675,CORN,431.75,-300000000.0,notional_at_entry,short,-651465.0,short,508904703.25,0
2024-06-26 00:00:00+00:00,676,CORN,425.5,-300000000.0,notional_at_entry,short,-651465.0,short,512976359.5,0
2024-06-27 00:00:00+00:00,677,CORN,422.5,-300000000.0,notional_at_entry,short,-651465.0,short,514930754.5,0
2024-06-28 00:00:00+00:00,678,CORN,407.5,-300000000.0,notional_at_entry,short,-651465.0,short,524702729.5,0
2024-07-01 00:00:00+00:00,679,CORN,407.0,-300000000.0,notional_at_entry,short,-651465.0,short,525028462.0,0
2024-07-02 00:00:00+00:00,680,CORN,408.0,-300000000.0,notional_at_entry,short,-651465.0,short,524376997.0,0
2024-07-03 00:00:00+00:00,681,CORN,405.5,-300000000.0,notional_at_entry,short,-651465.0,short,526005659.5,0
2024-07-05 00:00:00+00:00,682,CORN,410.5,-300000000.0,notional_at_entry,short,-651465.0,short,522748334.5,0
2024-07-08 00:00:00+00:00,683,CORN,393.25,-300000000.0,notional_at_entry,short,-651465.0,short,533986105.75,0
2024-07-09 00:00:00+00:00,684,CORN,394.0,-300000000.0,notional_at_entry,short,-651465.0,short,533497507.0,0
2024-07-10 00:00:00+00:00,685,CORN,395.75,-300000000.0,notional_at_entry,short,-651465.0,short,532357443.25,0
2024-07-11 00:00:00+00:00,686,CORN,400.25,300000000.0,notional_at_entry,long,749531.0,long,529425850.75,1
2024-07-12 00:00:00+00:00,687,CORN,402.0,300000000.0,notional_at_entry,long,749531.0,long,530737530.0,0
2024-07-15 00:00:00+00:00,688,CORN,404.25,300000000.0,notional_at_entry,long,749531.0,long,532423974.75,0
2024-07-16 00:00:00+00:00,689,CORN,408.75,300000000.0,notional_at_entry,long,749531.0,long,535796864.25,0
2024-07-17 00:00:00+00:00,690,CORN,411.75,-300000000.0,notional_at_entry,short,-728597.0,short,538045457.25,1
2024-07-18 00:00:00+00:00,691,CORN,405.0,-300000000.0,notional_at_entry,short,-728597.0,short,542963487.0,0
2024-07-19 00:00:00+00:00,692,CORN,404.75,-300000000.0,notional_at_entry,short,-728597.0,short,543145636.25,0
2024-07-22 00:00:00+00:00,693,CORN,415.0,-300000000.0,notional_at_entry,short,-728597.0,short,535677517.0,0
2024-07-23 00:00:00+00:00,694,CORN,417.25,-300000000.0,notional_at_entry,short,-728597.0,short,534038173.75,0
2024-07-24 00:00:00+00:00,695,CORN,418.0,-300000000.0,notional_at_entry,short,-728597.0,short,533491726.0,0
2024-07-25 00:00:00+00:00,696,CORN,420.75,-300000000.0,notional_at_entry,short,-728597.0,short,531488084.25,0
2024-07-26 00:00:00+00:00,697,CORN,410.0,-300000000.0,notional_at_entry,short,-728597.0,short,539320502.0,0
2024-07-29 00:00:00+00:00,698,CORN,412.25,-300000000.0,notional_at_entry,short,-728597.0,short,537681158.75,0
2024-07-30 00:00:00+00:00,699,CORN,405.0,-300000000.0,notional_at_entry,short,-728597.0,short,542963487.0,0
2024-07-31 00:00:00+00:00,700,CORN,399.75,-300000000.0,notional_at_entry,short,-728597.0,short,546788621.25,0
2024-08-01 00:00:00+00:00,701,CORN,398.5,300000000.0,notional_at_entry,long,752823.0,long,547699367.5,1
2024-08-02 00:00:00+00:00,702,CORN,403.25,300000000.0,notional_at_entry,long,752823.0,long,551275276.75,0
2024-08-05 00:00:00+00:00,703,CORN,407.0,300000000.0,notional_at_entry,long,752823.0,long,554098363.0,0
2024-08-06 00:00:00+00:00,704,CORN,405.25,-300000000.0,notional_at_entry,short,-740283.0,short,552780922.75,1
2024-08-07 00:00:00+00:00,705,CORN,400.75,-300000000.0,notional_at_entry,short,-740283.0,short,556112196.25,0
2024-08-08 00:00:00+00:00,706,CORN,397.0,-300000000.0,notional_at_entry,short,-740283.0,short,558888257.5,0
2024-08-09 00:00:00+00:00,707,CORN,395.0,300000000.0,notional_at_entry,long,759493.0,long,560368823.5,1
2024-08-12 00:00:00+00:00,708,CORN,401.5,300000000.0,notional_at_entry,long,759493.0,long,565305528.0,0
2024-08-13 00:00:00+00:00,709,CORN,397.25,300000000.0,notional_at_entry,long,759493.0,long,562077682.75,0
2024-08-14 00:00:00+00:00,710,CORN,400.75,300000000.0,notional_at_entry,long,759493.0,long,564735908.25,0
2024-08-15 00:00:00+00:00,711,CORN,397.0,300000000.0,notional_at_entry,long,759493.0,long,561887809.5,0
2024-08-16 00:00:00+00:00,712,CORN,392.5,300000000.0,notional_at_entry,long,759493.0,long,558470091.0,0
2024-08-19 00:00:00+00:00,713,CORN,400.25,300000000.0,notional_at_entry,long,759493.0,long,564356161.75,0
2024-08-20 00:00:00+00:00,714,CORN,398.0,300000000.0,notional_at_entry,long,759493.0,long,562647302.5,0
2024-08-21 00:00:00+00:00,715,CORN,398.25,300000000.0,notional_at_entry,long,759493.0,long,562837175.75,0
2024-08-22 00:00:00+00:00,716,CORN,393.5,300000000.0,notional_at_entry,long,759493.0,long,559229584.0,0
2024-08-23 00:00:00+00:00,717,CORN,391.0,300000000.0,notional_at_entry,long,759493.0,long,557330851.5,0
2024-08-26 00:00:00+00:00,718,CORN,386.5,300000000.0,notional_at_entry,long,759493.0,long,553913133.0,0
2024-08-27 00:00:00+00:00,719,CORN,392.75,300000000.0,notional_at_entry,long,759493.0,long,558659964.25,0
2024-08-28 00:00:00+00:00,720,CORN,390.75,300000000.0,notional_at_entry,long,759493.0,long,557140978.25,0
2024-08-29 00:00:00+00:00,721,CORN,396.0,300000000.0,notional_at_entry,long,759493.0,long,561128316.5,0
2024-08-30 00:00:00+00:00,722,CORN,401.0,300000000.0,notional_at_entry,long,759493.0,long,564925781.5,0
2024-09-03 00:00:00+00:00,723,CORN,409.25,450000000.0,notional_at_entry,long,759493.0,long,571191598.75,0
2024-09-04 00:00:00+00:00,724,CORN,412.75,450000000.0,notional_at_entry,long,759493.0,long,573849824.25,0
2024-09-05 00:00:00+00:00,725,CORN,410.75,450000000.0,notional_at_entry,long,759493.0,long,572330838.25,0
2024-09-06 00:00:00+00:00,726,CORN,406.25,450000000.0,notional_at_entry,long,759493.0,long,568913119.75,0
2024-09-09 00:00:00+00:00,727,CORN,384.25,450000000.0,notional_at_entry,long,759493.0,long,552204273.75,0
2024-09-10 00:00:00+00:00,728,CORN,379.5,450000000.0,notional_at_entry,long,759493.0,long,548596682.0,0
2024-09-11 00:00:00+00:00,729,CORN,380.5,300000000.0,notional_at_entry,long,759493.0,long,549356175.0,0
2024-09-12 00:00:00+00:00,730,CORN,386.25,300000000.0,notional_at_entry,long,759493.0,long,553723259.75,0
2024-09-13 00:00:00+00:00,731,CORN,390.75,300000000.0,notional_at_entry,long,759493.0,long,557140978.25,0
2024-09-16 00:00:00+00:00,732,CORN,410.75,300000000.0,notional_at_entry,long,759493.0,long,572330838.25,0
2024-09-17 00:00:00+00:00,733,CORN,412.5,300000000.0,notional_at_entry,long,759493.0,long,573659951.0,0
2024-09-18 00:00:00+00:00,734,CORN,412.75,300000000.0,notional_at_entry,long,759493.0,long,573849824.25,0
2024-09-19 00:00:00+00:00,735,CORN,405.75,300000000.0,notional_at_entry,long,759493.0,long,568533373.25,0
2024-09-20 00:00:00+00:00,736,CORN,401.75,300000000.0,notional_at_entry,long,759493.0,long,565495401.25,0
2024-09-23 00:00:00+00:00,737,CORN,413.5,300000000.0,notional_at_entry,long,759493.0,long,574419444.0,0
2024-09-24 00:00:00+00:00,738,CORN,411.75,300000000.0,notional_at_entry,long,759493.0,long,573090331.25,0
2024-09-25 00:00:00+00:00,739,CORN,415.25,300000000.0,notional_at_entry,long,759493.0,long,575748556.75,0
2024-09-26 00:00:00+00:00,740,CORN,413.25,300000000.0,notional_at_entry,long,759493.0,long,574229570.75,0
2024-09-27 00:00:00+00:00,741,CORN,418.0,300000000.0,notional_at_entry,long,759493.0,long,577837162.5,0
2024-09-30 00:00:00+00:00,742,CORN,424.75,300000000.0,notional_at_entry,long,759493.0,long,582963740.25,0
2024-10-01 00:00:00+00:00,743,CORN,429.0,300000000.0,notional_at_entry,long,759493.0,long,586191585.5,0
2024-10-02 00:00:00+00:00,744,CORN,432.5,300000000.0,notional_at_entry,long,759493.0,long,588849811.0,0
2024-10-03 00:00:00+00:00,745,CORN,428.25,300000000.0,notional_at_entry,long,759493.0,long,585621965.75,0
2024-10-04 00:00:00+00:00,746,CORN,424.75,300000000.0,notional_at_entry,long,759493.0,long,582963740.25,0
2024-10-07 00:00:00+00:00,747,CORN,426.0,300000000.0,notional_at_entry,long,759493.0,long,583913106.5,0
2024-10-08 00:00:00+00:00,748,CORN,420.75,300000000.0,notional_at_entry,long,759493.0,long,579925768.25,0
2024-10-09 00:00:00+00:00,749,CORN,421.0,-300000000.0,notional_at_entry,short,-712589.0,short,580115641.5,1
2024-10-10 00:00:00+00:00,750,CORN,418.5,-300000000.0,notional_at_entry,short,-712589.0,short,581897114.0,0
2024-10-11 00:00:00+00:00,751,CORN,415.75,-300000000.0,notional_at_entry,short,-712589.0,short,583856733.75,0
2024-10-14 00:00:00+00:00,752,CORN,408.25,-300000000.0,notional_at_entry,short,-712589.0,short,589201151.25,0
2024-10-15 00:00:00+00:00,753,CORN,401.25,-300000000.0,notional_at_entry,short,-712589.0,short,594189274.25,0
2024-10-16 00:00:00+00:00,754,CORN,404.75,-300000000.0,notional_at_entry,short,-712589.0,short,591695212.75,0
2024-10-17 00:00:00+00:00,755,CORN,406.75,-450000000.0,notional_at_entry,short,-712589.0,short,590270034.75,0
2024-10-18 00:00:00+00:00,756,CORN,404.75,-450000000.0,notional_at_entry,short,-712589.0,short,591695212.75,0
2024-10-21 00:00:00+00:00,757,CORN,409.5,-450000000.0,notional_at_entry,short,-712589.0,short,588310415.0,0
2024-10-22 00:00:00+00:00,758,CORN,416.5,-450000000.0,notional_at_entry,short,-712589.0,short,583322292.0,0
2024-10-23 00:00:00+00:00,759,CORN,419.0,-450000000.0,notional_at_entry,short,-712589.0,short,581540819.5,0
2024-10-24 00:00:00+00:00,760,CORN,421.5,-450000000.0,notional_at_entry,short,-712589.0,short,579759347.0,0
2024-10-25 00:00:00+00:00,761,CORN,415.25,-450000000.0,notional_at_entry,short,-712589.0,short,584213028.25,0
2024-10-28 00:00:00+00:00,762,CORN,410.75,-450000000.0,notional_at_entry,short,-712589.0,short,587419678.75,0
2024-10-29 00:00:00+00:00,763,CORN,413.75,-450000000.0,notional_at_entry,short,-712589.0,short,585281911.75,0
2024-10-30 00:00:00+00:00,764,CORN,411.5,300000000.0,notional_at_entry,long,729040.0,long,586885237.0,1
2024-10-31 00:00:00+00:00,765,CORN,410.75,300000000.0,notional_at_entry,long,729040.0,long,586338457.0,0
2024-11-01 00:00:00+00:00,766,CORN,414.5,300000000.0,notional_at_entry,long,729040.0,long,589072357.0,0
2024-11-04 00:00:00+00:00,767,CORN,416.5,300000000.0,notional_at_entry,long,729040.0,long,590530437.0,0
2024-11-05 00:00:00+00:00,768,CORN,418.5,-300000000.0,notional_at_entry,short,-716845.0,short,591988517.0,1
2024-11-06 00:00:00+00:00,769,CORN,426.25,-300000000.0,notional_at_entry,short,-716845.0,short,586432968.25,0
2024-11-07 00:00:00+00:00,770,CORN,427.5,300000000.0,notional_at_entry,long,701754.0,long,585536912.0,1
2024-11-08 00:00:00+00:00,771,CORN,431.0,300000000.0,notional_at_entry,long,701754.0,long,587993051.0,0
2024-11-11 00:00:00+00:00,772,CORN,430.0,-300000000.0,notional_at_entry,short,-697674.0,short,587291297.0,1
2024-11-12 00:00:00+00:00,773,CORN,428.5,-300000000.0,notional_at_entry,short,-697674.0,short,588337808.0,0
2024-11-13 00:00:00+00:00,774,CORN,426.5,-300000000.0,notional_at_entry,short,-697674.0,short,589733156.0,0
2024-11-14 00:00:00+00:00,775,CORN,419.0,-300000000.0,notional_at_entry,short,-697674.0,short,594965711.0,0
2024-11-15 00:00:00+00:00,776,CORN,424.0,-300000000.0,notional_at_entry,short,-697674.0,short,591477341.0,0
2024-11-18 00:00:00+00:00,777,CORN,439.75,300000000.0,notional_at_entry,long,682205.0,long,580488975.5,1
2024-11-19 00:00:00+00:00,778,CORN,437.75,300000000.0,notional_at_entry,long,682205.0,long,579124565.5,0
2024-11-20 00:00:00+00:00,779,CORN,440.0,-300000000.0,notional_at_entry,short,-681818.0,short,580659526.75,1
2024-11-21 00:00:00+00:00,780,CORN,436.25,-300000000.0,notional_at_entry,short,-681818.0,short,583216344.25,0
2024-11-22 00:00:00+00:00,781,CORN,435.25,300000000.0,notional_at_entry,long,689259.0,long,583898162.25,1
2024-11-25 00:00:00+00:00,782,CORN,433.0,300000000.0,notional_at_entry,long,689259.0,long,582347329.5,0
2024-11-26 00:00:00+00:00,783,CORN,428.0,300000000.0,notional_at_entry,long,689259.0,long,578901034.5,0
2024-11-27 00:00:00+00:00,784,CORN,428.0,300000000.0,notional_at_entry,long,689259.0,long,578901034.5,0
2024-11-29 00:00:00+00:00,785,CORN,433.0,300000000.0,notional_at_entry,long,689259.0,long,582347329.5,0
2024-12-02 00:00:00+00:00,786,CORN,432.5,300000000.0,notional_at_entry,long,689259.0,long,582002700.0,0
2024-12-03 00:00:00+00:00,787,CORN,432.25,300000000.0,notional_at_entry,long,689259.0,long,581830385.25,0
2024-12-04 00:00:00+00:00,788,CORN,430.0,300000000.0,notional_at_entry,long,689259.0,long,580279552.5,0
2024-12-05 00:00:00+00:00,789,CORN,435.0,300000000.0,notional_at_entry,long,689259.0,long,583725847.5,0
2024-12-06 00:00:00+00:00,790,CORN,440.0,300000000.0,notional_at_entry,long,689259.0,long,587172142.5,0
2024-12-09 00:00:00+00:00,791,CORN,441.75,300000000.0,notional_at_entry,long,689259.0,long,588378345.75,0
2024-12-10 00:00:00+00:00,792,CORN,449.0,300000000.0,notional_at_entry,long,689259.0,long,593375473.5,0
2024-12-11 00:00:00+00:00,793,CORN,448.25,300000000.0,notional_at_entry,long,689259.0,long,592858529.25,0
2024-12-12 00:00:00+00:00,794,CORN,431.75,300000000.0,notional_at_entry,long,689259.0,long,581485755.75,0
2024-12-13 00:00:00+00:00,795,CORN,430.0,300000000.0,notional_at_entry,long,689259.0,long,580279552.5,0
2024-12-16 00:00:00+00:00,796,CORN,445.0,300000000.0,notional_at_entry,long,689259.0,long,590618437.5,0
2024-12-17 00:00:00+00:00,797,CORN,443.5,300000000.0,notional_at_entry,long,689259.0,long,589584549.0,0
2024-12-18 00:00:00+00:00,798,CORN,437.25,300000000.0,notional_at_entry,long,689259.0,long,585276680.25,0
2024-12-19 00:00:00+00:00,799,CORN,440.75,300000000.0,notional_at_entry,long,689259.0,long,587689086.75,0
2024-12-20 00:00:00+00:00,800,CORN,446.25,300000000.0,notional_at_entry,long,689259.0,long,591480011.25,0
2024-12-23 00:00:00+00:00,801,CORN,447.75,300000000.0,notional_at_entry,long,689259.0,long,592513899.75,0
2024-12-24 00:00:00+00:00,802,CORN,448.5,300000000.0,notional_at_entry,long,689259.0,long,593030844.0,0
2024-12-25 00:00:00+00:00,803,CORN,448.5,300000000.0,notional_at_entry,long,689259.0,long,593030844.0,0
2024-12-26 00:00:00+00:00,804,CORN,453.75,300000000.0,notional_at_entry,long,689259.0,long,596649453.75,0
2024-12-27 00:00:00+00:00,805,CORN,454.0,300000000.0,notional_at_entry,long,689259.0,long,596821768.5,0
2024-12-30 00:00:00+00:00,806,CORN,452.25,300000000.0,notional_at_entry,long,689259.0,long,595615565.25,0
2024-12-31 00:00:00+00:00,807,CORN,458.5,300000000.0,notional_at_entry,long,689259.0,long,599923434.0,0
2025-01-01 00:00:00+00:00,808,CORN,458.75,300000000.0,notional_at_entry,long,689259.0,long,600095748.75,0
2025-01-02 00:00:00+00:00,809,CORN,459.5,300000000.0,notional_at_entry,long,689259.0,long,600612693.0,0
2025-01-03 00:00:00+00:00,810,CORN,450.75,300000000.0,notional_at_entry,long,689259.0,long,594581676.75,0
2025-01-06 00:00:00+00:00,811,CORN,457.75,300000000.0,notional_at_entry,long,689259.0,long,599406489.75,0
2025-01-07 00:00:00+00:00,812,CORN,458.0,300000000.0,notional_at_entry,long,689259.0,long,599578804.5,0
2025-01-08 00:00:00+00:00,813,CORN,454.0,300000000.0,notional_at_entry,long,689259.0,long,596821768.5,0
2025-01-09 00:00:00+00:00,814,CORN,456.0,300000000.0,notional_at_entry,long,689259.0,long,598200286.5,0
2025-01-10 00:00:00+00:00,815,CORN,470.5,300000000.0,notional_at_entry,long,689259.0,long,608194542.0,0
2025-01-13 00:00:00+00:00,816,CORN,476.5,300000000.0,notional_at_entry,long,689259.0,long,612330096.0,0
2025-01-14 00:00:00+00:00,817,CORN,474.5,300000000.0,notional_at_entry,long,689259.0,long,610951578.0,0
2025-01-15 00:00:00+00:00,818,CORN,478.75,300000000.0,notional_at_entry,long,689259.0,long,613880928.75,0
2025-01-16 00:00:00+00:00,819,CORN,474.5,300000000.0,notional_at_entry,long,689259.0,long,610951578.0,0
2025-01-17 00:00:00+00:00,820,CORN,484.25,-450000000.0,notional_at_entry,short,-929272.0,short,617671853.25,1
2025-01-21 00:00:00+00:00,821,CORN,490.0,300000000.0,notional_at_entry,long,612244.0,long,612328539.25,1
2025-01-22 00:00:00+00:00,822,CORN,484.25,300000000.0,notional_at_entry,long,612244.0,long,608808136.25,0
2025-01-23 00:00:00+00:00,823,CORN,489.75,300000000.0,notional_at_entry,long,612244.0,long,612175478.25,0
2025-01-24 00:00:00+00:00,824,CORN,486.5,300000000.0,notional_at_entry,long,612244.0,long,610185685.25,0
2025-01-27 00:00:00+00:00,825,CORN,482.0,300000000.0,notional_at_entry,long,612244.0,long,607430587.25,0
2025-01-28 00:00:00+00:00,826,CORN,485.25,300000000.0,notional_at_entry,long,612244.0,long,609420380.25,0
2025-01-29 00:00:00+00:00,827,CORN,497.0,300000000.0,notional_at_entry,long,612244.0,long,616614247.25,0
2025-01-30 00:00:00+00:00,828,CORN,490.25,300000000.0,notional_at_entry,long,612244.0,long,612481600.25,0
2025-01-31 00:00:00+00:00,829,CORN,482.0,300000000.0,notional_at_entry,long,612244.0,long,607430587.25,0
2025-02-03 00:00:00+00:00,830,CORN,488.75,300000000.0,notional_at_entry,long,612244.0,long,611563234.25,0
2025-02-04 00:00:00+00:00,831,CORN,494.5,300000000.0,notional_at_entry,long,612244.0,long,615083637.25,0
2025-02-05 00:00:00+00:00,832,CORN,493.25,300000000.0,notional_at_entry,long,612244.0,long,614318332.25,0
2025-02-06 00:00:00+00:00,833,CORN,495.25,300000000.0,notional_at_entry,long,612244.0,long,615542820.25,0
2025-02-07 00:00:00+00:00,834,CORN,487.5,300000000.0,notional_at_entry,long,612244.0,long,610797929.25,0
2025-02-10 00:00:00+00:00,835,CORN,491.5,300000000.0,notional_at_entry,long,612244.0,long,613246905.25,0
2025-02-11 00:00:00+00:00,836,CORN,484.0,300000000.0,notional_at_entry,long,612244.0,long,608655075.25,0
2025-02-12 00:00:00+00:00,837,CORN,490.25,300000000.0,notional_at_entry,long,612244.0,long,612481600.25,0
2025-02-13 00:00:00+00:00,838,CORN,493.5,300000000.0,notional_at_entry,long,612244.0,long,614471393.25,0
2025-02-14 00:00:00+00:00,839,CORN,496.25,300000000.0,notional_at_entry,long,612244.0,long,616155064.25,0
2025-02-18 00:00:00+00:00,840,CORN,515.75,300000000.0,notional_at_entry,long,612244.0,long,628093822.25,0
2025-02-19 00:00:00+00:00,841,CORN,512.25,300000000.0,notional_at_entry,long,612244.0,long,625950968.25,0
2025-02-20 00:00:00+00:00,842,CORN,512.75,300000000.0,notional_at_entry,long,612244.0,long,626257090.25,0
2025-02-21 00:00:00+00:00,843,CORN,505.0,300000000.0,notional_at_entry,long,612244.0,long,621512199.25,0
2025-02-24 00:00:00+00:00,844,CORN,497.0,300000000.0,notional_at_entry,long,612244.0,long,616614247.25,0
2025-02-25 00:00:00+00:00,845,CORN,494.25,300000000.0,notional_at_entry,long,612244.0,long,614930576.25,0
2025-02-26 00:00:00+00:00,846,CORN,493.5,300000000.0,notional_at_entry,long,612244.0,long,614471393.25,0
2025-02-27 00:00:00+00:00,847,CORN,481.0,300000000.0,notional_at_entry,long,612244.0,long,606818343.25,0
2025-02-28 00:00:00+00:00,848,CORN,469.5,300000000.0,notional_at_entry,long,612244.0,long,599777537.25,0
2025-03-03 00:00:00+00:00,849,CORN,456.25,300000000.0,notional_at_entry,long,612244.0,long,591665304.25,0
2025-03-04 00:00:00+00:00,850,CORN,451.5,-300000000.0,notional_at_entry,short,-664451.0,short,588757145.25,1
2025-03-05 00:00:00+00:00,851,CORN,455.75,-300000000.0,notional_at_entry,short,-664451.0,short,585933228.5,0
2025-03-06 00:00:00+00:00,852,CORN,464.0,-300000000.0,notional_at_entry,short,-664451.0,short,580451507.75,0
2025-03-07 00:00:00+00:00,853,CORN,469.25,-300000000.0,notional_at_entry,short,-664451.0,short,576963140.0,0
2025-03-10 00:00:00+00:00,854,CORN,458.75,-300000000.0,notional_at_entry,short,-664451.0,short,583939875.5,0
2025-03-11 00:00:00+00:00,855,CORN,456.5,-300000000.0,notional_at_entry,short,-664451.0,short,585434890.25,0
2025-03-12 00:00:00+00:00,856,CORN,448.75,-300000000.0,notional_at_entry,short,-664451.0,short,590584385.5,0
2025-03-13 00:00:00+00:00,857,CORN,453.5,-300000000.0,notional_at_entry,short,-664451.0,short,587428243.25,0
2025-03-14 00:00:00+00:00,858,CORN,445.5,-300000000.0,notional_at_entry,short,-664451.0,short,592743851.25,0
2025-03-17 00:00:00+00:00,859,CORN,461.0,-300000000.0,notional_at_entry,short,-664451.0,short,582444860.75,0
2025-03-18 00:00:00+00:00,860,CORN,458.75,-300000000.0,notional_at_entry,short,-664451.0,short,583939875.5,0
2025-03-19 00:00:00+00:00,861,CORN,462.0,-300000000.0,notional_at_entry,short,-664451.0,short,581780409.75,0
2025-03-20 00:00:00+00:00,862,CORN,469.0,-300000000.0,notional_at_entry,short,-664451.0,short,577129252.75,0
2025-03-21 00:00:00+00:00,863,CORN,464.25,-300000000.0,notional_at_entry,short,-664451.0,short,580285395.0,0
2025-03-24 00:00:00+00:00,864,CORN,464.5,-300000000.0,notional_at_entry,short,-664451.0,short,580119282.25,0
2025-03-25 00:00:00+00:00,865,CORN,457.75,-300000000.0,notional_at_entry,short,-664451.0,short,584604326.5,0
2025-03-26 00:00:00+00:00,866,CORN,451.25,-300000000.0,notional_at_entry,short,-664451.0,short,588923258.0,0
2025-03-27 00:00:00+00:00,867,CORN,450.0,-300000000.0,notional_at_entry,short,-664451.0,short,589753821.75,0
2025-03-28 00:00:00+00:00,868,CORN,453.25,-300000000.0,notional_at_entry,short,-664451.0,short,587594356.0,0
2025-03-31 00:00:00+00:00,869,CORN,457.25,-300000000.0,notional_at_entry,short,-664451.0,short,584936552.0,0
2025-04-01 00:00:00+00:00,870,CORN,461.75,-300000000.0,notional_at_entry,short,-664451.0,short,581946522.5,0
2025-04-02 00:00:00+00:00,871,CORN,457.75,-300000000.0,notional_at_entry,short,-664451.0,short,584604326.5,0
2025-04-03 00:00:00+00:00,872,CORN,457.5,-300000000.0,notional_at_entry,short,-664451.0,short,584770439.25,0
2025-04-04 00:00:00+00:00,873,CORN,460.25,-300000000.0,notional_at_entry,short,-664451.0,short,582943199.0,0
2025-04-07 00:00:00+00:00,874,CORN,464.5,-300000000.0,notional_at_entry,short,-664451.0,short,580119282.25,0
2025-04-08 00:00:00+00:00,875,CORN,469.0,-300000000.0,notional_at_entry,short,-664451.0,short,577129252.75,0
2025-04-09 00:00:00+00:00,876,CORN,474.0,-300000000.0,notional_at_entry,short,-664451.0,short,573806997.75,0
2025-04-10 00:00:00+00:00,877,CORN,483.0,-300000000.0,notional_at_entry,short,-664451.0,short,567826938.75,0
2025-04-11 00:00:00+00:00,878,CORN,490.25,-300000000.0,notional_at_entry,short,-664451.0,short,563009669.0,0
2025-04-14 00:00:00+00:00,879,CORN,485.0,-300000000.0,notional_at_entry,short,-664451.0,short,566498036.75,0
2025-04-15 00:00:00+00:00,880,CORN,481.25,-300000000.0,notional_at_entry,short,-664451.0,short,568989728.0,0
2025-04-16 00:00:00+00:00,881,CORN,484.25,-300000000.0,notional_at_entry,short,-664451.0,short,566996375.0,0
2025-04-17 00:00:00+00:00,882,CORN,482.25,-300000000.0,notional_at_entry,short,-664451.0,short,568325277.0,0
2025-04-21 00:00:00+00:00,883,CORN,490.0,-300000000.0,notional_at_entry,short,-664451.0,short,563175781.75,0
2025-04-22 00:00:00+00:00,884,CORN,483.25,-300000000.0,notional_at_entry,short,-664451.0,short,567660826.0,0
2025-04-23 00:00:00+00:00,885,CORN,479.25,-300000000.0,notional_at_entry,short,-664451.0,short,570318630.0,0
2025-04-24 00:00:00+00:00,886,CORN,484.0,-300000000.0,notional_at_entry,short,-664451.0,short,567162487.75,0
2025-04-25 00:00:00+00:00,887,CORN,485.5,-300000000.0,notional_at_entry,short,-664451.0,short,566165811.25,0
2025-04-28 00:00:00+00:00,888,CORN,483.25,-300000000.0,notional_at_entry,short,-664451.0,short,567660826.0,0
2025-04-29 00:00:00+00:00,889,CORN,470.25,-300000000.0,notional_at_entry,short,-664451.0,short,576298689.0,0
2025-04-30 00:00:00+00:00,890,CORN,475.5,-300000000.0,notional_at_entry,short,-664451.0,short,572810321.25,0
2025-05-01 00:00:00+00:00,891,CORN,472.25,-300000000.0,notional_at_entry,short,-664451.0,short,574969787.0,0
2025-05-02 00:00:00+00:00,892,CORN,469.0,-300000000.0,notional_at_entry,short,-664451.0,short,577129252.75,0
2025-05-05 00:00:00+00:00,893,CORN,454.25,-300000000.0,notional_at_entry,short,-664451.0,short,586929905.0,0
2025-05-06 00:00:00+00:00,894,CORN,455.5,-300000000.0,notional_at_entry,short,-664451.0,short,586099341.25,0
2025-05-07 00:00:00+00:00,895,CORN,449.25,-300000000.0,notional_at_entry,short,-664451.0,short,590252160.0,0
2025-05-08 00:00:00+00:00,896,CORN,447.5,-300000000.0,notional_at_entry,short,-664451.0,short,591414949.25,0
2025-05-09 00:00:00+00:00,897,CORN,449.75,-300000000.0,notional_at_entry,short,-664451.0,short,589919934.5,0
2025-05-12 00:00:00+00:00,898,CORN,440.25,-300000000.0,notional_at_entry,short,-664451.0,short,596232219.0,0
2025-05-13 00:00:00+00:00,899,CORN,436.0,-300000000.0,notional_at_entry,short,-664451.0,short,599056135.75,0
2025-05-14 00:00:00+00:00,900,CORN,438.5,-300000000.0,notional_at_entry,short,-664451.0,short,597395008.25,0
2025-05-15 00:00:00+00:00,901,CORN,448.5,-300000000.0,notional_at_entry,short,-664451.0,short,590750498.25,0
2025-05-16 00:00:00+00:00,902,CORN,443.5,-300000000.0,notional_at_entry,short,-664451.0,short,594072753.25,0
2025-05-19 00:00:00+00:00,903,CORN,447.5,450000000.0,notional_at_entry,long,1005586.0,long,591414949.25,1
2025-05-20 00:00:00+00:00,904,CORN,454.5,450000000.0,notional_at_entry,long,1005586.0,long,598454051.25,0
2025-05-21 00:00:00+00:00,905,CORN,461.0,450000000.0,notional_at_entry,long,1005586.0,long,604990360.25,0
2025-05-22 00:00:00+00:00,906,CORN,463.0,450000000.0,notional_at_entry,long,1005586.0,long,607001532.25,0
2025-05-23 00:00:00+00:00,907,CORN,459.5,450000000.0,notional_at_entry,long,1005586.0,long,603481981.25,0
2025-05-26 00:00:00+00:00,908,CORN,459.0,450000000.0,notional_at_entry,long,1005586.0,long,602979188.25,0
2025-05-27 00:00:00+00:00,909,CORN,459.5,450000000.0,notional_at_entry,long,1005586.0,long,603481981.25,0
2025-05-28 00:00:00+00:00,910,CORN,451.0,-300000000.0,notional_at_entry,short,-665188.0,short,594934500.25,1
2025-05-29 00:00:00+00:00,911,CORN,447.0,-300000000.0,notional_at_entry,short,-665188.0,short,597595252.25,0
2025-05-30 00:00:00+00:00,912,CORN,444.0,-300000000.0,notional_at_entry,short,-665188.0,short,599590816.25,0
2025-06-02 00:00:00+00:00,913,CORN,438.25,-300000000.0,notional_at_entry,short,-665188.0,short,603415647.25,0
2025-06-03 00:00:00+00:00,914,CORN,438.5,-300000000.0,notional_at_entry,short,-665188.0,short,603249350.25,0
2025-06-04 00:00:00+00:00,915,CORN,438.75,-300000000.0,notional_at_entry,short,-665188.0,short,603083053.25,0
2025-06-05 00:00:00+00:00,916,CORN,439.5,-300000000.0,notional_at_entry,short,-665188.0,short,602584162.25,0
2025-06-06 00:00:00+00:00,917,CORN,442.5,-300000000.0,notional_at_entry,short,-665188.0,short,600588598.25,0
2025-06-09 00:00:00+00:00,918,CORN,433.5,-300000000.0,notional_at_entry,short,-665188.0,short,606575290.25,0
2025-06-10 00:00:00+00:00,919,CORN,438.75,300000000.0,notional_at_entry,long,683760.0,long,603083053.25,1
2025-06-11 00:00:00+00:00,920,CORN,437.0,-300000000.0,notional_at_entry,short,-686498.0,short,601886473.25,1
2025-06-12 00:00:00+00:00,921,CORN,438.5,-300000000.0,notional_at_entry,short,-686498.0,short,600856726.25,0
2025-06-13 00:00:00+00:00,922,CORN,444.5,-300000000.0,notional_at_entry,short,-686498.0,short,596737738.25,0
2025-06-16 00:00:00+00:00,923,CORN,434.75,-300000000.0,notional_at_entry,short,-686498.0,short,603431093.75,0
2025-06-17 00:00:00+00:00,924,CORN,431.5,-300000000.0,notional_at_entry,short,-686498.0,short,605662212.25,0
2025-06-18 00:00:00+00:00,925,CORN,433.5,-300000000.0,notional_at_entry,short,-686498.0,short,604289216.25,0
2025-06-19 00:00:00+00:00,926,CORN,433.25,-300000000.0,notional_at_entry,short,-686498.0,short,604460840.75,0
2025-06-20 00:00:00+00:00,927,CORN,428.75,-300000000.0,notional_at_entry,short,-686498.0,short,607550081.75,0
2025-06-23 00:00:00+00:00,928,CORN,417.5,-300000000.0,notional_at_entry,short,-686498.0,short,615273184.25,0
2025-06-24 00:00:00+00:00,929,CORN,412.25,-300000000.0,notional_at_entry,short,-686498.0,short,618877298.75,0
2025-06-25 00:00:00+00:00,930,CORN,405.0,-300000000.0,notional_at_entry,short,-686498.0,short,623854409.25,0
2025-06-26 00:00:00+00:00,931,CORN,404.0,-300000000.0,notional_at_entry,short,-686498.0,short,624540907.25,0
2025-06-27 00:00:00+00:00,932,CORN,411.5,-300000000.0,notional_at_entry,short,-686498.0,short,619392172.25,0
2025-06-30 00:00:00+00:00,933,CORN,425.5,-300000000.0,notional_at_entry,short,-686498.0,short,609781200.25,0
2025-07-01 00:00:00+00:00,934,CORN,422.0,-300000000.0,notional_at_entry,short,-686498.0,short,612183943.25,0
2025-07-02 00:00:00+00:00,935,CORN,433.5,-300000000.0,notional_at_entry,short,-686498.0,short,604289216.25,0
2025-07-03 00:00:00+00:00,936,CORN,437.0,-300000000.0,notional_at_entry,short,-686498.0,short,601886473.25,0
2025-07-07 00:00:00+00:00,937,CORN,420.75,-300000000.0,notional_at_entry,short,-686498.0,short,613042065.75,0
2025-07-08 00:00:00+00:00,938,CORN,414.25,-300000000.0,notional_at_entry,short,-686498.0,short,617504302.75,0
2025-07-09 00:00:00+00:00,939,CORN,415.5,-300000000.0,notional_at_entry,short,-686498.0,short,616646180.25,0
2025-07-10 00:00:00+00:00,940,CORN,416.5,300000000.0,notional_at_entry,long,720288.0,long,615959682.25,1
2025-07-11 00:00:00+00:00,941,CORN,412.25,300000000.0,notional_at_entry,long,720288.0,long,612898458.25,0
2025-07-14 00:00:00+00:00,942,CORN,400.0,300000000.0,notional_at_entry,long,720288.0,long,604074930.25,0
2025-07-15 00:00:00+00:00,943,CORN,419.75,300000000.0,notional_at_entry,long,720288.0,long,618300618.25,0
2025-07-16 00:00:00+00:00,944,CORN,424.0,300000000.0,notional_at_entry,long,720288.0,long,621361842.25,0
2025-07-17 00:00:00+00:00,945,CORN,421.0,-300000000.0,notional_at_entry,short,-712589.0,short,619200978.25,1
2025-07-18 00:00:00+00:00,946,CORN,427.75,-300000000.0,notional_at_entry,short,-712589.0,short,614391002.5,0
2025-07-21 00:00:00+00:00,947,CORN,422.25,-300000000.0,notional_at_entry,short,-712589.0,short,618310242.0,0
2025-07-22 00:00:00+00:00,948,CORN,418.0,-300000000.0,notional_at_entry,short,-712589.0,short,621338745.25,0
2025-07-23 00:00:00+00:00,949,CORN,417.5,-300000000.0,notional_at_entry,short,-712589.0,short,621695039.75,0
2025-07-24 00:00:00+00:00,950,CORN,420.75,-300000000.0,notional_at_entry,short,-712589.0,short,619379125.5,0
2025-07-25 00:00:00+00:00,951,CORN,419.0,-300000000.0,notional_at_entry,short,-712589.0,short,620626156.25,0
2025-07-28 00:00:00+00:00,952,CORN,414.0,-300000000.0,notional_at_entry,short,-712589.0,short,624189101.25,0
2025-07-29 00:00:00+00:00,953,CORN,411.0,-300000000.0,notional_at_entry,short,-712589.0,short,626326868.25,0
2025-07-30 00:00:00+00:00,954,CORN,412.25,-300000000.0,notional_at_entry,short,-712589.0,short,625436132.0,0
2025-07-31 00:00:00+00:00,955,CORN,413.75,300000000.0,notional_at_entry,long,725075.0,long,624367248.5,1
2025-08-01 00:00:00+00:00,956,CORN,410.75,-300000000.0,notional_at_entry,short,-730371.0,short,622192023.5,1
2025-08-04 00:00:00+00:00,957,CORN,407.0,-300000000.0,notional_at_entry,short,-730371.0,short,624930914.75,0
2025-08-05 00:00:00+00:00,958,CORN,402.0,-300000000.0,notional_at_entry,short,-730371.0,short,628582769.75,0
2025-08-06 00:00:00+00:00,959,CORN,401.25,-300000000.0,notional_at_entry,short,-730371.0,short,629130548.0,0
2025-08-07 00:00:00+00:00,960,CORN,407.0,-300000000.0,notional_at_entry,short,-730371.0,short,624930914.75,0
2025-08-08 00:00:00+00:00,961,CORN,405.5,-300000000.0,notional_at_entry,short,-730371.0,short,626026471.25,0
2025-08-11 00:00:00+00:00,962,CORN,407.75,-300000000.0,notional_at_entry,short,-730371.0,short,624383136.5,0
2025-08-12 00:00:00+00:00,963,CORN,394.5,-300000000.0,notional_at_entry,short,-730371.0,short,634060552.25,0
2025-08-13 00:00:00+00:00,964,CORN,397.25,-300000000.0,notional_at_entry,short,-730371.0,short,632052032.0,0
2025-08-14 00:00:00+00:00,965,CORN,397.25,300000000.0,notional_at_entry,long,755191.0,long,632052032.0,1
2025-08-15 00:00:00+00:00,966,CORN,405.25,300000000.0,notional_at_entry,long,755191.0,long,638093560.0,0
2025-08-18 00:00:00+00:00,967,CORN,406.5,-300000000.0,notional_at_entry,short,-738007.0,short,639037548.75,1
2025-08-19 00:00:00+00:00,968,CORN,403.25,-300000000.0,notional_at_entry,short,-738007.0,short,641436071.5,0
2025-08-20 00:00:00+00:00,969,CORN,404.0,-300000000.0,notional_at_entry,short,-738007.0,short,640882566.25,0
2025-08-21 00:00:00+00:00,970,CORN,411.75,300000000.0,notional_at_entry,long,728597.0,long,635163012.0,1
2025-08-22 00:00:00+00:00,971,CORN,411.5,300000000.0,notional_at_entry,long,728597.0,long,634980862.75,0
2025-08-25 00:00:00+00:00,972,CORN,412.25,300000000.0,notional_at_entry,long,728597.0,long,635527310.5,0
2025-08-26 00:00:00+00:00,973,CORN,409.5,300000000.0,notional_at_entry,long,728597.0,long,633523668.75,0
2025-08-27 00:00:00+00:00,974,CORN,406.0,300000000.0,notional_at_entry,long,728597.0,long,630973579.25,0
2025-08-28 00:00:00+00:00,975,CORN,410.0,300000000.0,notional_at_entry,long,728597.0,long,633887967.25,0
2025-08-29 00:00:00+00:00,976,CORN,420.25,300000000.0,notional_at_entry,long,728597.0,long,641356086.5,0
2025-09-01 00:00:00+00:00,977,CORN,418.0,300000000.0,notional_at_entry,long,728597.0,long,639716743.25,0
2025-09-02 00:00:00+00:00,978,CORN,423.0,300000000.0,notional_at_entry,long,728597.0,long,643359728.25,0
2025-09-03 00:00:00+00:00,979,CORN,418.0,300000000.0,notional_at_entry,long,728597.0,long,639716743.25,0
2025-09-04 00:00:00+00:00,980,CORN,419.75,300000000.0,notional_at_entry,long,728597.0,long,640991788.0,0
2025-09-05 00:00:00+00:00,981,CORN,418.0,300000000.0,notional_at_entry,long,728597.0,long,639716743.25,0
2025-09-08 00:00:00+00:00,982,CORN,403.0,300000000.0,notional_at_entry,long,728597.0,long,628787788.25,0
2025-09-09 00:00:00+00:00,983,CORN,401.25,300000000.0,notional_at_entry,long,728597.0,long,627512743.5,0
2025-09-10 00:00:00+00:00,984,CORN,397.25,300000000.0,notional_at_entry,long,728597.0,long,624598355.5,0
2025-09-11 00:00:00+00:00,985,CORN,399.0,300000000.0,notional_at_entry,long,728597.0,long,625873400.25,0
2025-09-12 00:00:00+00:00,986,CORN,399.0,300000000.0,notional_at_entry,long,728597.0,long,625873400.25,0
2025-09-15 00:00:00+00:00,987,CORN,423.25,300000000.0,notional_at_entry,long,728597.0,long,643541877.5,0
2025-09-16 00:00:00+00:00,988,CORN,429.5,-300000000.0,notional_at_entry,short,-698486.0,short,648095608.75,1
2025-09-17 00:00:00+00:00,989,CORN,426.75,-300000000.0,notional_at_entry,short,-698486.0,short,650016445.25,0
2025-09-18 00:00:00+00:00,990,CORN,423.75,-300000000.0,notional_at_entry,short,-698486.0,short,652111903.25,0
2025-09-19 00:00:00+00:00,991,CORN,424.0,-300000000.0,notional_at_entry,short,-698486.0,short,651937281.75,0
2025-09-22 00:00:00+00:00,992,CORN,421.75,-300000000.0,notional_at_entry,short,-698486.0,short,653508875.25,0
2025-09-23 00:00:00+00:00,993,CORN,426.25,-300000000.0,notional_at_entry,short,-698486.0,short,650365688.25,0
2025-09-24 00:00:00+00:00,994,CORN,424.25,-300000000.0,notional_at_entry,short,-698486.0,short,651762660.25,0
2025-09-25 00:00:00+00:00,995,CORN,425.75,300000000.0,notional_at_entry,long,704638.0,long,650714931.25,1
2025-09-26 00:00:00+00:00,996,CORN,422.0,300000000.0,notional_at_entry,long,704638.0,long,648072538.75,0
2025-09-29 00:00:00+00:00,997,CORN,421.5,300000000.0,notional_at_entry,long,704638.0,long,647720219.75,0
2025-09-30 00:00:00+00:00,998,CORN,415.5,300000000.0,notional_at_entry,long,704638.0,long,643492391.75,0
2025-10-01 00:00:00+00:00,999,CORN,416.5,-300000000.0,notional_at_entry,short,-720288.0,short,644197029.75,1
2025-10-02 00:00:00+00:00,1000,CORN,421.75,-300000000.0,notional_at_entry,short,-720288.0,short,640415517.75,0
2025-10-03 00:00:00+00:00,1001,CORN,419.0,-300000000.0,notional_at_entry,short,-720288.0,short,642396309.75,0
2025-10-06 00:00:00+00:00,1002,CORN,421.75,-300000000.0,notional_at_entry,short,-720288.0,short,640415517.75,0
2025-10-07 00:00:00+00:00,1003,CORN,419.75,300000000.0,notional_at_entry,long,714711.0,long,641856093.75,1
2025-10-08 00:00:00+00:00,1004,CORN,422.0,300000000.0,notional_at_entry,long,714711.0,long,643464193.5,0
2025-10-09 00:00:00+00:00,1005,CORN,418.25,-300000000.0,notional_at_entry,short,-717274.0,short,640784027.25,1
2025-10-10 00:00:00+00:00,1006,CORN,413.0,-300000000.0,notional_at_entry,short,-717274.0,short,644549715.75,0
2025-10-13 00:00:00+00:00,1007,CORN,410.75,-300000000.0,notional_at_entry,short,-717274.0,short,646163582.25,0
2025-10-14 00:00:00+00:00,1008,CORN,413.0,-300000000.0,notional_at_entry,short,-717274.0,short,644549715.75,0
2025-10-15 00:00:00+00:00,1009,CORN,416.75,-300000000.0,notional_at_entry,short,-717274.0,short,641859938.25,0
2025-10-16 00:00:00+00:00,1010,CORN,421.75,-300000000.0,notional_at_entry,short,-717274.0,short,638273568.25,0
2025-10-17 00:00:00+00:00,1011,CORN,422.5,-300000000.0,notional_at_entry,short,-717274.0,short,637735612.75,0
2025-10-20 00:00:00+00:00,1012,CORN,423.25,-300000000.0,notional_at_entry,short,-717274.0,short,637197657.25,0
2025-10-21 00:00:00+00:00,1013,CORN,419.75,300000000.0,notional_at_entry,long,714711.0,long,639708116.25,1
2025-10-22 00:00:00+00:00,1014,CORN,423.0,300000000.0,notional_at_entry,long,714711.0,long,642030927.0,0
2025-10-23 00:00:00+00:00,1015,CORN,428.0,300000000.0,notional_at_entry,long,714711.0,long,645604482.0,0
2025-10-24 00:00:00+00:00,1016,CORN,423.25,300000000.0,notional_at_entry,long,714711.0,long,642209604.75,0
2025-10-27 00:00:00+00:00,1017,CORN,428.75,300000000.0,notional_at_entry,long,714711.0,long,646140515.25,0
2025-10-28 00:00:00+00:00,1018,CORN,432.0,300000000.0,notional_at_entry,long,714711.0,long,648463326.0,0
2025-10-29 00:00:00+00:00,1019,CORN,434.0,300000000.0,notional_at_entry,long,714711.0,long,649892748.0,0
2025-10-30 00:00:00+00:00,1020,CORN,430.25,300000000.0,notional_at_entry,long,714711.0,long,647212581.75,0
2025-10-31 00:00:00+00:00,1021,CORN,431.5,300000000.0,notional_at_entry,long,714711.0,long,648105970.5,0
2025-11-03 00:00:00+00:00,1022,CORN,434.25,-300000000.0,notional_at_entry,short,-690846.0,short,650071425.75,1
2025-11-04 00:00:00+00:00,1023,CORN,431.5,-300000000.0,notional_at_entry,short,-690846.0,short,651971252.25,0
2025-11-05 00:00:00+00:00,1024,CORN,435.25,300000000.0,notional_at_entry,long,689259.0,long,649380579.75,1
2025-11-06 00:00:00+00:00,1025,CORN,428.75,300000000.0,notional_at_entry,long,689259.0,long,644900396.25,0
2025-11-07 00:00:00+00:00,1026,CORN,427.25,-300000000.0,notional_at_entry,short,-702165.0,short,643866507.75,1
2025-11-10 00:00:00+00:00,1027,CORN,429.75,300000000.0,notional_at_entry,long,698080.0,long,642111095.25,1
2025-11-11 00:00:00+00:00,1028,CORN,432.0,300000000.0,notional_at_entry,long,698080.0,long,643681775.25,0
2025-11-12 00:00:00+00:00,1029,CORN,435.25,300000000.0,notional_at_entry,long,698080.0,long,645950535.25,0
2025-11-13 00:00:00+00:00,1030,CORN,441.5,300000000.0,notional_at_entry,long,698080.0,long,650313535.25,0
2025-11-14 00:00:00+00:00,1031,CORN,430.25,-300000000.0,notional_at_entry,short,-697269.0,short,642460135.25,1
2025-11-17 00:00:00+00:00,1032,CORN,448.0,-300000000.0,notional_at_entry,short,-697269.0,short,630083610.5,0
2025-11-18 00:00:00+00:00,1033,CORN,449.5,-300000000.0,notional_at_entry,short,-697269.0,short,629037707.0,0
2025-11-19 00:00:00+00:00,1034,CORN,441.5,-300000000.0,notional_at_entry,short,-697269.0,short,634615859.0,0
2025-11-20 00:00:00+00:00,1035,CORN,437.75,-300000000.0,notional_at_entry,short,-697269.0,short,637230617.75,0
2025-11-21 00:00:00+00:00,1036,CORN,437.5,-300000000.0,notional_at_entry,short,-697269.0,short,637404935.0,0
2025-11-24 00:00:00+00:00,1037,CORN,436.75,300000000.0,notional_at_entry,long,686891.0,long,637927886.75,1
2025-11-25 00:00:00+00:00,1038,CORN,438.25,450000000.0,notional_at_entry,long,686891.0,long,638958223.25,0
2025-11-26 00:00:00+00:00,1039,CORN,445.25,450000000.0,notional_at_entry,long,686891.0,long,643766460.25,0
2025-11-27 00:00:00+00:00,1040,CORN,445.0,450000000.0,notional_at_entry,long,686891.0,long,643594737.5,0
2025-11-28 00:00:00+00:00,1041,CORN,447.75,300000000.0,notional_at_entry,long,686891.0,long,645483687.75,0
2025-12-01 00:00:00+00:00,1042,CORN,445.0,300000000.0,notional_at_entry,long,686891.0,long,643594737.5,0
2025-12-02 00:00:00+00:00,1043,CORN,450.0,-450000000.0,notional_at_entry,short,-1000000.0,short,647029192.5,1
2025-12-03 00:00:00+00:00,1044,CORN,443.5,-450000000.0,notional_at_entry,short,-1000000.0,short,653529192.5,0
2025-12-04 00:00:00+00:00,1045,CORN,447.25,-300000000.0,notional_at_entry,short,-1000000.0,short,649779192.5,0
2025-12-05 00:00:00+00:00,1046,CORN,444.75,-300000000.0,notional_at_entry,short,-1000000.0,short,652279192.5,0
2025-12-08 00:00:00+00:00,1047,CORN,436.25,-300000000.0,notional_at_entry,short,-1000000.0,short,660779192.5,0
2025-12-09 00:00:00+00:00,1048,CORN,440.75,-300000000.0,notional_at_entry,short,-1000000.0,short,656279192.5,0
2025-12-10 00:00:00+00:00,1049,CORN,434.75,-300000000.0,notional_at_entry,short,-1000000.0,short,662279192.5,0
2025-12-11 00:00:00+00:00,1050,CORN,435.25,-300000000.0,notional_at_entry,short,-1000000.0,short,661779192.5,0
2025-12-12 00:00:00+00:00,1051,CORN,431.5,-300000000.0,notional_at_entry,short,-1000000.0,short,665529192.5,0
2025-12-15 00:00:00+00:00,1052,CORN,439.75,-300000000.0,notional_at_entry,short,-1000000.0,short,657279192.5,0
2025-12-16 00:00:00+00:00,1053,CORN,436.5,-300000000.0,notional_at_entry,short,-1000000.0,short,660529192.5,0
2025-12-17 00:00:00+00:00,1054,CORN,440.5,-300000000.0,notional_at_entry,short,-1000000.0,short,656529192.5,0
2025-12-18 00:00:00+00:00,1055,CORN,444.5,-300000000.0,notional_at_entry,short,-1000000.0,short,652529192.5,0
2025-12-19 00:00:00+00:00,1056,CORN,443.75,-300000000.0,notional_at_entry,short,-1000000.0,short,653279192.5,0
2025-12-22 00:00:00+00:00,1057,CORN,447.0,-300000000.0,notional_at_entry,short,-1000000.0,short,650029192.5,0
2025-12-23 00:00:00+00:00,1058,CORN,447.5,300000000.0,notional_at_entry,long,670391.0,long,649529192.5,1
2025-12-24 00:00:00+00:00,1059,CORN,451.0,300000000.0,notional_at_entry,long,670391.0,long,651875561.0,0
2025-12-26 00:00:00+00:00,1060,CORN,450.0,300000000.0,notional_at_entry,long,670391.0,long,651205170.0,0
2025-12-29 00:00:00+00:00,1061,CORN,442.25,300000000.0,notional_at_entry,long,670391.0,long,646009639.75,0
2025-12-30 00:00:00+00:00,1062,CORN,440.5,300000000.0,notional_at_entry,long,670391.0,long,644836455.5,0
2025-12-31 00:00:00+00:00,1063,CORN,440.25,300000000.0,notional_at_entry,long,670391.0,long,644668857.75,0
2026-01-02 00:00:00+00:00,1064,CORN,437.5,300000000.0,notional_at_entry,long,670391.0,long,642825282.5,0
2026-01-05 00:00:00+00:00,1065,CORN,444.5,300000000.0,notional_at_entry,long,670391.0,long,647518019.5,0
2026-01-06 00:00:00+00:00,1066,CORN,444.0,300000000.0,notional_at_entry,long,670391.0,long,647182824.0,0
2026-01-07 00:00:00+00:00,1067,CORN,446.75,300000000.0,notional_at_entry,long,670391.0,long,649026399.25,0
2026-01-08 00:00:00+00:00,1068,CORN,446.0,300000000.0,notional_at_entry,long,670391.0,long,648523606.0,0
2026-01-09 00:00:00+00:00,1069,CORN,445.75,300000000.0,notional_at_entry,long,670391.0,long,648356008.25,0
2026-01-12 00:00:00+00:00,1070,CORN,421.5,300000000.0,notional_at_entry,long,670391.0,long,632099026.5,0
2026-01-13 00:00:00+00:00,1071,CORN,419.75,-300000000.0,notional_at_entry,short,-714711.0,short,630925842.25,1
2026-01-14 00:00:00+00:00,1072,CORN,422.0,-300000000.0,notional_at_entry,short,-714711.0,short,629317742.5,0
2026-01-15 00:00:00+00:00,1073,CORN,420.25,-300000000.0,notional_at_entry,short,-714711.0,short,630568486.75,0
2026-01-16 00:00:00+00:00,1074,CORN,424.75,-300000000.0,notional_at_entry,short,-714711.0,short,627352287.25,0
2026-01-19 00:00:00+00:00,1075,CORN,424.5,-300000000.0,notional_at_entry,short,-714711.0,short,627530965.0,0
2026-01-20 00:00:00+00:00,1076,CORN,423.75,300000000.0,notional_at_entry,long,707964.0,long,628066998.25,1
2026-01-21 00:00:00+00:00,1077,CORN,421.75,300000000.0,notional_at_entry,long,707964.0,long,626651070.25,0
2026-01-22 00:00:00+00:00,1078,CORN,424.0,300000000.0,notional_at_entry,long,707964.0,long,628243989.25,0
2026-01-23 00:00:00+00:00,1079,CORN,430.5,300000000.0,notional_at_entry,long,707964.0,long,632845755.25,0
2026-01-26 00:00:00+00:00,1080,CORN,428.25,300000000.0,notional_at_entry,long,707964.0,long,631252836.25,0
2026-01-27 00:00:00+00:00,1081,CORN,426.5,300000000.0,notional_at_entry,long,707964.0,long,630013899.25,0
2026-01-28 00:00:00+00:00,1082,CORN,430.0,300000000.0,notional_at_entry,long,707964.0,long,632491773.25,0
2026-01-29 00:00:00+00:00,1083,CORN,430.75,300000000.0,notional_at_entry,long,707964.0,long,633022746.25,0
2026-01-30 00:00:00+00:00,1084,CORN,428.25,300000000.0,notional_at_entry,long,707964.0,long,631252836.25,0
2026-02-02 00:00:00+00:00,1085,CORN,425.75,300000000.0,notional_at_entry,long,707964.0,long,629482926.25,0
2026-02-03 00:00:00+00:00,1086,CORN,428.5,300000000.0,notional_at_entry,long,707964.0,long,631429827.25,0
2026-02-04 00:00:00+00:00,1087,CORN,429.5,300000000.0,notional_at_entry,long,707964.0,long,632137791.25,0
2026-02-05 00:00:00+00:00,1088,CORN,435.0,300000000.0,notional_at_entry,long,707964.0,long,636031593.25,0
2026-02-06 00:00:00+00:00,1089,CORN,430.25,300000000.0,notional_at_entry,long,707964.0,long,632668764.25,0
2026-02-09 00:00:00+00:00,1090,CORN,428.75,300000000.0,notional_at_entry,long,707964.0,long,631606818.25,0
2026-02-10 00:00:00+00:00,1091,CORN,428.75,300000000.0,notional_at_entry,long,707964.0,long,631606818.25,0
2026-02-11 00:00:00+00:00,1092,CORN,427.5,300000000.0,notional_at_entry,long,707964.0,long,630721863.25,0
2026-02-12 00:00:00+00:00,1093,CORN,431.25,300000000.0,notional_at_entry,long,707964.0,long,633376728.25,0
2026-02-13 00:00:00+00:00,1094,CORN,431.75,300000000.0,notional_at_entry,long,707964.0,long,633730710.25,0
2026-02-16 00:00:00+00:00,1095,CORN,431.0,300000000.0,notional_at_entry,long,707964.0,long,633199737.25,0
2026-02-17 00:00:00+00:00,1096,CORN,435.75,300000000.0,notional_at_entry,long,707964.0,long,636562566.25,0
2026-02-18 00:00:00+00:00,1097,CORN,436.75,300000000.0,notional_at_entry,long,707964.0,long,637270530.25,0
2026-02-19 00:00:00+00:00,1098,CORN,436.25,300000000.0,notional_at_entry,long,707964.0,long,636916548.25,0
2026-02-20 00:00:00+00:00,1099,CORN,439.75,300000000.0,notional_at_entry,long,707964.0,long,639394422.25,0
2026-02-23 00:00:00+00:00,1100,CORN,440.25,300000000.0,notional_at_entry,long,707964.0,long,639748404.25,0
2026-02-24 00:00:00+00:00,1101,CORN,438.5,300000000.0,notional_at_entry,long,707964.0,long,638509467.25,0
2026-02-25 00:00:00+00:00,1102,CORN,442.0,300000000.0,notional_at_entry,long,707964.0,long,640987341.25,0
2026-02-26 00:00:00+00:00,1103,CORN,443.5,300000000.0,notional_at_entry,long,707964.0,long,642049287.25,0
2026-02-27 00:00:00+00:00,1104,CORN,448.5,300000000.0,notional_at_entry,long,707964.0,long,645589107.25,0
2026-03-02 00:00:00+00:00,1105,CORN,445.75,300000000.0,notional_at_entry,long,707964.0,long,643642206.25,0
2026-03-03 00:00:00+00:00,1106,CORN,446.5,300000000.0,notional_at_entry,long,707964.0,long,644173179.25,0
2026-03-04 00:00:00+00:00,1107,CORN,443.75,300000000.0,notional_at_entry,long,707964.0,long,642226278.25,0
2026-03-05 00:00:00+00:00,1108,CORN,453.5,300000000.0,notional_at_entry,long,707964.0,long,649128927.25,0
2026-03-06 00:00:00+00:00,1109,CORN,460.5,300000000.0,notional_at_entry,long,707964.0,long,654084675.25,0
2026-03-09 00:00:00+00:00,1110,CORN,437.5,300000000.0,notional_at_entry,long,707964.0,long,637801503.25,0
2026-03-10 00:00:00+00:00,1111,CORN,436.25,300000000.0,notional_at_entry,long,707964.0,long,636916548.25,0
2026-03-11 00:00:00+00:00,1112,CORN,444.25,300000000.0,notional_at_entry,long,707964.0,long,642580260.25,0
2026-03-12 00:00:00+00:00,1113,CORN,448.25,300000000.0,notional_at_entry,long,707964.0,long,645412116.25,0
2026-03-13 00:00:00+00:00,1114,CORN,452.5,300000000.0,notional_at_entry,long,707964.0,long,648420963.25,0
2026-03-16 00:00:00+00:00,1115,CORN,454.0,300000000.0,notional_at_entry,long,707964.0,long,649482909.25,0
2026-03-17 00:00:00+00:00,1116,CORN,454.0,300000000.0,notional_at_entry,long,707964.0,long,649482909.25,0
2026-03-18 00:00:00+00:00,1117,CORN,463.25,300000000.0,notional_at_entry,long,707964.0,long,656031576.25,0
2026-03-19 00:00:00+00:00,1118,CORN,469.75,300000000.0,notional_at_entry,long,707964.0,long,660633342.25,0
2026-03-20 00:00:00+00:00,1119,CORN,465.5,300000000.0,notional_at_entry,long,707964.0,long,657624495.25,0
2026-03-23 00:00:00+00:00,1120,CORN,459.5,300000000.0,notional_at_entry,long,707964.0,long,653376711.25,0
2026-03-24 00:00:00+00:00,1121,CORN,462.5,300000000.0,notional_at_entry,long,707964.0,long,655500603.25,0
2026-03-25 00:00:00+00:00,1122,CORN,467.25,300000000.0,notional_at_entry,long,707964.0,long,658863432.25,0
2026-03-26 00:00:00+00:00,1123,CORN,467.0,300000000.0,notional_at_entry,long,707964.0,long,658686441.25,0
2026-03-27 00:00:00+00:00,1124,CORN,462.0,300000000.0,notional_at_entry,long,707964.0,long,655146621.25,0
2026-03-30 00:00:00+00:00,1125,CORN,455.75,300000000.0,notional_at_entry,long,707964.0,long,650721846.25,0
2026-03-31 00:00:00+00:00,1126,CORN,457.75,300000000.0,notional_at_entry,long,707964.0,long,652137774.25,0
2026-04-01 00:00:00+00:00,1127,CORN,454.25,-300000000.0,notional_at_entry,short,-660429.0,short,649659900.25,1
2026-04-02 00:00:00+00:00,1128,CORN,452.25,-300000000.0,notional_at_entry,short,-660429.0,short,650980758.25,0
2026-04-03 00:00:00+00:00,1129,CORN,452.25,-300000000.0,notional_at_entry,short,-660429.0,short,650980758.25,0
2026-04-06 00:00:00+00:00,1130,CORN,454.0,-300000000.0,notional_at_entry,short,-660429.0,short,649825007.5,0
2026-04-07 00:00:00+00:00,1131,CORN,449.0,-300000000.0,notional_at_entry,short,-660429.0,short,653127152.5,0
2026-04-08 00:00:00+00:00,1132,CORN,447.25,-300000000.0,notional_at_entry,short,-660429.0,short,654282903.25,0
2026-04-09 00:00:00+00:00,1133,CORN,444.0,-300000000.0,notional_at_entry,short,-660429.0,short,656429297.5,0
2026-04-10 00:00:00+00:00,1134,CORN,441.0,-300000000.0,notional_at_entry,short,-660429.0,short,658410584.5,0
2026-04-13 00:00:00+00:00,1135,CORN,451.0,-300000000.0,notional_at_entry,short,-660429.0,short,651806294.5,0
2026-04-14 00:00:00+00:00,1136,CORN,452.5,-300000000.0,notional_at_entry,short,-660429.0,short,650815651.0,0
2026-04-15 00:00:00+00:00,1137,CORN,460.5,-300000000.0,notional_at_entry,short,-660429.0,short,645532219.0,0
2026-04-16 00:00:00+00:00,1138,CORN,457.75,-300000000.0,notional_at_entry,short,-660429.0,short,647348398.75,0
2026-04-17 00:00:00+00:00,1139,CORN,457.5,-300000000.0,notional_at_entry,short,-660429.0,short,647513506.0,0
2026-04-20 00:00:00+00:00,1140,CORN,460.25,-300000000.0,notional_at_entry,short,-660429.0,short,645697326.25,0
2026-04-21 00:00:00+00:00,1141,CORN,462.0,-300000000.0,notional_at_entry,short,-660429.0,short,644541575.5,0
2026-04-22 00:00:00+00:00,1142,CORN,462.75,-300000000.0,notional_at_entry,short,-660429.0,short,644046253.75,0
2026-04-23 00:00:00+00:00,1143,CORN,463.75,-300000000.0,notional_at_entry,short,-660429.0,short,643385824.75,0
2026-04-24 00:00:00+00:00,1144,CORN,463.5,-300000000.0,notional_at_entry,short,-660429.0,short,643550932.0,0
2026-04-27 00:00:00+00:00,1145,CORN,469.25,300000000.0,notional_at_entry,long,639318.0,long,639753465.25,1
2026-04-28 00:00:00+00:00,1146,CORN,475.5,300000000.0,notional_at_entry,long,639318.0,long,643749202.75,0
2026-04-29 00:00:00+00:00,1147,CORN,477.75,300000000.0,notional_at_entry,long,639318.0,long,645187668.25,0
2026-04-30 00:00:00+00:00,1148,CORN,474.75,300000000.0,notional_at_entry,long,639318.0,long,643269714.25,0
2026-05-01 00:00:00+00:00,1149,CORN,480.25,300000000.0,notional_at_entry,long,639318.0,long,646785963.25,0
2026-05-04 00:00:00+00:00,1150,CORN,485.75,300000000.0,notional_at_entry,long,639318.0,long,650302212.25,0
2026-05-05 00:00:00+00:00,1151,CORN,480.0,300000000.0,notional_at_entry,long,639318.0,long,646626133.75,0
2026-05-06 00:00:00+00:00,1152,CORN,468.5,300000000.0,notional_at_entry,long,639318.0,long,639273976.75,0
2026-05-07 00:00:00+00:00,1153,CORN,467.5,300000000.0,notional_at_entry,long,639318.0,long,638634658.75,0
2026-05-08 00:00:00+00:00,1154,CORN,471.25,300000000.0,notional_at_entry,long,639318.0,long,641032101.25,0
2026-05-11 00:00:00+00:00,1155,CORN,475.25,300000000.0,notional_at_entry,long,639318.0,long,643589373.25,0
2026-05-12 00:00:00+00:00,1156,CORN,480.0,300000000.0,notional_at_entry,long,639318.0,long,646626133.75,0
2026-05-13 00:00:00+00:00,1157,CORN,480.75,300000000.0,notional_at_entry,long,639318.0,long,647105622.25,0
2026-05-14 00:00:00+00:00,1158,CORN,467.5,300000000.0,notional_at_entry,long,639318.0,long,638634658.75,0
2026-05-15 00:00:00+00:00,1159,CORN,464.38,300000000.0,notional_at_entry,long,639318.0,long,636639986.59,0
