date,rsi
2013-05-01 00:00:00+00:00,
2013-05-02 00:00:00+00:00,
2013-05-03 00:00:00+00:00,
2013-05-06 00:00:00+00:00,
2013-05-07 00:00:00+00:00,
2013-05-08 00:00:00+00:00,
2013-05-09 00:00:00+00:00,
2013-05-10 00:00:00+00:00,
2013-05-13 00:00:00+00:00,
2013-05-14 00:00:00+00:00,
2013-05-15 00:00:00+00:00,
2013-05-16 00:00:00+00:00,
2013-05-17 00:00:00+00:00,
2013-05-20 00:00:00+00:00,
2013-05-21 00:00:00+00:00,
2013-05-22 00:00:00+00:00,
2013-05-23 00:00:00+00:00,
2013-05-24 00:00:00+00:00,
2013-05-28 00:00:00+00:00,23.567305276961022
2013-05-29 00:00:00+00:00,25.16160809758463
2013-05-30 00:00:00+00:00,26.22447664466658
2013-05-31 00:00:00+00:00,26.933055676054035
2013-06-03 00:00:00+00:00,25.71780848649105
2013-06-04 00:00:00+00:00,24.907643693448613
2013-06-05 00:00:00+00:00,24.367533831419806
2013-06-06 00:00:00+00:00,24.007460590066675
2013-06-07 00:00:00+00:00,23.76741176249724
2013-06-10 00:00:00+00:00,23.607379210783517
2013-06-11 00:00:00+00:00,23.500690842973484
2013-06-12 00:00:00+00:00,23.429565264432455
2013-06-13 00:00:00+00:00,23.382148212070614
2013-06-14 00:00:00+00:00,23.35053684382807
2013-06-17 00:00:00+00:00,23.329462598331535
2013-06-18 00:00:00+00:00,23.315413101332126
2013-06-19 00:00:00+00:00,20.29618138269087
2013-06-20 00:00:00+00:00,18.28336023692919
2013-06-21 00:00:00+00:00,16.941479473087107
2013-06-24 00:00:00+00:00,14.821859017668077
2013-06-25 00:00:00+00:00,20.191142710635702
2013-06-26 00:00:00+00:00,23.770665172612336
2013-06-27 00:00:00+00:00,26.157013480594717
2013-06-28 00:00:00+00:00,41.45728068488337
2013-07-01 00:00:00+00:00,33.22680264447462
2013-07-02 00:00:00+00:00,27.739817284201962
2013-07-03 00:00:00+00:00,40.03136022165406
2013-07-05 00:00:00+00:00,48.22572217995513
2013-07-08 00:00:00+00:00,53.68863015215546
2013-07-09 00:00:00+00:00,56.29562597907028
2013-07-10 00:00:00+00:00,58.03362319701304
2013-07-11 00:00:00+00:00,59.94997027380149
2013-07-12 00:00:00+00:00,61.22753499165988
2013-07-15 00:00:00+00:00,62.07924480356482
2013-07-16 00:00:00+00:00,62.647051344834026
2013-07-17 00:00:00+00:00,63.025589039012644
2013-07-18 00:00:00+00:00,59.29847731470599
2013-07-19 00:00:00+00:00,55.1439734608247
2013-07-22 00:00:00+00:00,52.37430422490315
2013-07-23 00:00:00+00:00,50.527858067621324
2013-07-24 00:00:00+00:00,55.78037133104085
2013-07-25 00:00:00+00:00,59.28204683998627
2013-07-26 00:00:00+00:00,59.25865568858835
2013-07-29 00:00:00+00:00,59.24306158765543
2013-07-30 00:00:00+00:00,59.23266552036573
2013-07-31 00:00:00+00:00,59.225734808838
2013-08-01 00:00:00+00:00,59.22111433448474
2013-08-02 00:00:00+00:00,64.85100295756679
2013-08-05 00:00:00+00:00,69.57766875908322
2013-08-06 00:00:00+00:00,72.72877929342603
2013-08-07 00:00:00+00:00,74.8295196496529
2013-08-08 00:00:00+00:00,76.23001322046886
2013-08-09 00:00:00+00:00,77.16367560101065
2013-08-12 00:00:00+00:00,77.786117188036
2013-08-13 00:00:00+00:00,78.20107824605003
2013-08-14 00:00:00+00:00,78.47771895138943
2013-08-15 00:00:00+00:00,78.66214608827862
2013-08-16 00:00:00+00:00,78.78509751286713
2013-08-19 00:00:00+00:00,78.86706512925457
2013-08-20 00:00:00+00:00,78.9217102068406
2013-08-21 00:00:00+00:00,81.24260774230436
2013-08-22 00:00:00+00:00,82.78987276594152
2013-08-23 00:00:00+00:00,83.82138278169353
2013-08-26 00:00:00+00:00,84.5090561255212
2013-08-27 00:00:00+00:00,84.96750502139834
2013-08-28 00:00:00+00:00,85.27313761864065
2013-08-29 00:00:00+00:00,85.47689268345843
2013-08-30 00:00:00+00:00,85.61272939332504
2013-09-03 00:00:00+00:00,89.1071809505166
2013-09-04 00:00:00+00:00,80.39380614570294
2013-09-05 00:00:00+00:00,74.58488960915815
2013-09-06 00:00:00+00:00,70.71227858479226
2013-09-09 00:00:00+00:00,68.13053790187857
2013-09-10 00:00:00+00:00,66.40937744659925
2013-09-11 00:00:00+00:00,65.26193714307567
2013-09-12 00:00:00+00:00,70.9557006149051
2013-09-13 00:00:00+00:00,74.75154292945476
2013-09-16 00:00:00+00:00,77.28210447248412
2013-09-17 00:00:00+00:00,71.26082192862675
2013-09-18 00:00:00+00:00,73.91500931894774
2013-09-19 00:00:00+00:00,75.68446757915976
2013-09-20 00:00:00+00:00,76.86410641929885
2013-09-23 00:00:00+00:00,77.65053231272233
2013-09-24 00:00:00+00:00,78.17481624166838
2013-09-25 00:00:00+00:00,78.52433886096237
2013-09-26 00:00:00+00:00,71.70529843325696
2013-09-27 00:00:00+00:00,67.15927148145099
2013-09-30 00:00:00+00:00,64.12858684691096
2013-10-01 00:00:00+00:00,56.59155757702908
2013-10-02 00:00:00+00:00,51.56687139710601
2013-10-03 00:00:00+00:00,48.21708061048858
2013-10-04 00:00:00+00:00,45.98388675274127
2013-10-07 00:00:00+00:00,44.49509084757371
2013-10-08 00:00:00+00:00,43.502560244125576
2013-10-09 00:00:00+00:00,42.840873175156645
2013-10-10 00:00:00+00:00,42.39974846250668
2013-10-11 00:00:00+00:00,35.8311193161299
2013-10-14 00:00:00+00:00,31.45203321854382
2013-10-15 00:00:00+00:00,28.532642486817977
2013-10-16 00:00:00+00:00,26.586381998998696
2013-10-17 00:00:00+00:00,25.288875007116836
2013-10-18 00:00:00+00:00,24.423870345859584
2013-10-21 00:00:00+00:00,23.84720057168503
2013-10-22 00:00:00+00:00,44.64484608105363
2013-10-23 00:00:00+00:00,59.38227827844053
2013-10-24 00:00:00+00:00,71.44849028076496
2013-10-25 00:00:00+00:00,79.49263161564666
2013-10-28 00:00:00+00:00,84.85539250556636
2013-10-29 00:00:00+00:00,88.43056643217784
2013-10-30 00:00:00+00:00,90.81401571658364
2013-10-31 00:00:00+00:00,92.77355196676004
2013-11-01 00:00:00+00:00,86.8825532033464
2013-11-04 00:00:00+00:00,80.12233984821185
2013-11-05 00:00:00+00:00,73.07313580790579
2013-11-06 00:00:00+00:00,55.99241288431024
2013-11-07 00:00:00+00:00,44.60526426857972
2013-11-08 00:00:00+00:00,37.013831858092516
2013-11-11 00:00:00+00:00,31.952876917767504
2013-11-12 00:00:00+00:00,28.578906957550583
2013-11-13 00:00:00+00:00,35.75505848647869
2013-11-14 00:00:00+00:00,40.539159505763635
2013-11-15 00:00:00+00:00,40.536855968737335
2013-11-18 00:00:00+00:00,45.005694882918114
2013-11-19 00:00:00+00:00,47.98492082570483
2013-11-20 00:00:00+00:00,48.29056684251274
2013-11-21 00:00:00+00:00,48.494330853717514
2013-11-22 00:00:00+00:00,48.63017352785346
2013-11-25 00:00:00+00:00,54.38498568376504
2013-11-26 00:00:00+00:00,57.26346883558908
2013-11-27 00:00:00+00:00,64.10411294796215
2013-11-29 00:00:00+00:00,69.42277793706869
2013-12-02 00:00:00+00:00,74.22915554712021
2013-12-03 00:00:00+00:00,75.99682790590636
2013-12-04 00:00:00+00:00,77.17527614509649
2013-12-05 00:00:00+00:00,77.96090830455587
2013-12-06 00:00:00+00:00,76.59545275567957
2013-12-09 00:00:00+00:00,75.6851490564279
2013-12-10 00:00:00+00:00,75.07827992359255
2013-12-11 00:00:00+00:00,74.67370050170126
2013-12-12 00:00:00+00:00,74.40398088710587
2013-12-13 00:00:00+00:00,74.22416781070757
2013-12-16 00:00:00+00:00,74.10429242644048
2013-12-17 00:00:00+00:00,74.02437550359397
2013-12-18 00:00:00+00:00,73.97109755502758
2013-12-19 00:00:00+00:00,55.718832059826696
2013-12-20 00:00:00+00:00,43.55065506302592
2013-12-23 00:00:00+00:00,33.878083235400105
2013-12-24 00:00:00+00:00,27.42970201698276
2013-12-26 00:00:00+00:00,23.130781204704373
2013-12-27 00:00:00+00:00,20.264833996518608
2013-12-30 00:00:00+00:00,18.35420252439456
2013-12-31 00:00:00+00:00,17.080448209644963
2014-01-02 00:00:00+00:00,16.2312786664783
2014-01-03 00:00:00+00:00,15.66516563770023
2014-01-06 00:00:00+00:00,15.28775695184784
2014-01-07 00:00:00+00:00,14.220075868474321
2014-01-08 00:00:00+00:00,13.508288479558335
2014-01-09 00:00:00+00:00,13.033763553613987
2014-01-10 00:00:00+00:00,12.717413602984015
2014-01-13 00:00:00+00:00,12.506513635896903
2014-01-14 00:00:00+00:00,10.366683695297343
2014-01-15 00:00:00+00:00,27.78524622343546
2014-01-16 00:00:00+00:00,39.397621242193495
2014-01-17 00:00:00+00:00,45.27118481175364
2014-01-21 00:00:00+00:00,45.959409383118796
2014-01-22 00:00:00+00:00,46.41822576402829
2014-01-23 00:00:00+00:00,46.724103351300585
2014-01-24 00:00:00+00:00,46.92802174281465
2014-01-27 00:00:00+00:00,47.06396733715644
2014-01-28 00:00:00+00:00,47.15459773338326
2014-01-29 00:00:00+00:00,47.21501799753328
2014-01-30 00:00:00+00:00,47.25529817363193
2014-01-31 00:00:00+00:00,47.282151624362804
2014-02-03 00:00:00+00:00,47.30005392484827
2014-02-04 00:00:00+00:00,47.31198879183654
2014-02-05 00:00:00+00:00,47.3199453698264
2014-02-06 00:00:00+00:00,47.32524975515031
2014-02-07 00:00:00+00:00,47.32878601202988
2014-02-10 00:00:00+00:00,47.331143516612784
2014-02-11 00:00:00+00:00,45.56895689971293
2014-02-12 00:00:00+00:00,44.39416582177611
2014-02-13 00:00:00+00:00,41.82547938916958
2014-02-14 00:00:00+00:00,38.55873118969082
2014-02-18 00:00:00+00:00,29.22486240865672
2014-02-19 00:00:00+00:00,25.943412854399305
2014-02-20 00:00:00+00:00,23.755779818226973
2014-02-21 00:00:00+00:00,22.29735779411125
2014-02-24 00:00:00+00:00,21.325076444699814
2014-02-25 00:00:00+00:00,20.67688887842444
2014-02-26 00:00:00+00:00,34.64191249418374
2014-02-27 00:00:00+00:00,32.26031569588882
2014-02-28 00:00:00+00:00,30.672584497025067
2014-03-03 00:00:00+00:00,46.423206057696376
2014-03-04 00:00:00+00:00,56.92362043147672
2014-03-05 00:00:00+00:00,63.923896680663006
2014-03-06 00:00:00+00:00,68.59074751345318
2014-03-07 00:00:00+00:00,73.283741114692
2014-03-10 00:00:00+00:00,76.41240351551714
2014-03-11 00:00:00+00:00,78.4981784493997
2014-03-12 00:00:00+00:00,79.8886950719871
2014-03-13 00:00:00+00:00,80.8157061537109
2014-03-14 00:00:00+00:00,81.43371354152549
2014-03-17 00:00:00+00:00,81.84571846673376
2014-03-18 00:00:00+00:00,82.12038841687092
2014-03-19 00:00:00+00:00,82.30350171696045
2014-03-20 00:00:00+00:00,82.42557725035128
2014-03-21 00:00:00+00:00,82.506960939276
2014-03-24 00:00:00+00:00,82.56121673188962
2014-03-25 00:00:00+00:00,82.59738726029542
2014-03-26 00:00:00+00:00,86.49349670609826
2014-03-27 00:00:00+00:00,89.09090300329854
2014-03-28 00:00:00+00:00,90.82250720143023
2014-03-31 00:00:00+00:00,91.97691000018258
2014-04-01 00:00:00+00:00,85.40259558859293
2014-04-02 00:00:00+00:00,81.01971931419821
2014-04-03 00:00:00+00:00,78.09780179793323
2014-04-04 00:00:00+00:00,76.1498567870878
2014-04-07 00:00:00+00:00,62.82954466766465
2014-04-08 00:00:00+00:00,63.75735590513422
2014-04-09 00:00:00+00:00,58.68977253924942
2014-04-10 00:00:00+00:00,55.31138362865907
2014-04-11 00:00:00+00:00,53.059124354931626
2014-04-14 00:00:00+00:00,51.55761817244603
2014-04-15 00:00:00+00:00,48.94114951585025
2014-04-16 00:00:00+00:00,47.19683707811907
2014-04-17 00:00:00+00:00,46.03396211963085
2014-04-21 00:00:00+00:00,45.25871214730451
2014-04-22 00:00:00+00:00,44.74187883241929
2014-04-23 00:00:00+00:00,35.995603775379415
2014-04-24 00:00:00+00:00,30.164753737352598
2014-04-25 00:00:00+00:00,30.267451657545163
2014-04-28 00:00:00+00:00,30.33591693767311
2014-04-29 00:00:00+00:00,30.38156045775792
2014-04-30 00:00:00+00:00,30.411989471147233
2014-05-01 00:00:00+00:00,31.798430801342565
2014-05-02 00:00:00+00:00,32.72272502147201
2014-05-05 00:00:00+00:00,33.33892116822408
2014-05-06 00:00:00+00:00,33.74971859939112
2014-05-07 00:00:00+00:00,34.023583553501325
2014-05-08 00:00:00+00:00,47.0649141856359
2014-05-09 00:00:00+00:00,55.75913460705763
2014-05-12 00:00:00+00:00,62.74986433855748
2014-05-13 00:00:00+00:00,67.41035082622248
2014-05-14 00:00:00+00:00,66.72065951760318
2014-05-15 00:00:00+00:00,66.2608653118555
2014-05-16 00:00:00+00:00,62.4172809516954
2014-05-19 00:00:00+00:00,59.85489137825399
2014-05-20 00:00:00+00:00,58.14663166262483
2014-05-21 00:00:00+00:00,53.44827315953285
2014-05-22 00:00:00+00:00,50.31603415747023
2014-05-23 00:00:00+00:00,45.24578151635028
2014-05-27 00:00:00+00:00,54.45613126462831
2014-05-28 00:00:00+00:00,54.533371802083295
2014-05-29 00:00:00+00:00,54.58486549371925
2014-05-30 00:00:00+00:00,54.61919462147577
2014-06-02 00:00:00+00:00,54.64208070664588
2014-06-03 00:00:00+00:00,54.65733809675825
2014-06-04 00:00:00+00:00,54.66750969016532
2014-06-05 00:00:00+00:00,40.916024153592566
2014-06-06 00:00:00+00:00,31.74836712921064
2014-06-09 00:00:00+00:00,25.975364600145333
2014-06-10 00:00:00+00:00,22.12669624743501
2014-06-11 00:00:00+00:00,33.10753611874523
2014-06-12 00:00:00+00:00,40.428096032951714
2014-06-13 00:00:00+00:00,45.30846930908898
2014-06-16 00:00:00+00:00,48.56205149318004
2014-06-17 00:00:00+00:00,50.731106282573585
2014-06-18 00:00:00+00:00,49.68707193593316
2014-06-19 00:00:00+00:00,48.991049038172385
2014-06-20 00:00:00+00:00,53.097114759896364
2014-06-23 00:00:00+00:00,57.21226523099776
2014-06-24 00:00:00+00:00,59.95569887839801
2014-06-25 00:00:00+00:00,61.78465464333076
2014-06-26 00:00:00+00:00,63.00395848661839
2014-06-27 00:00:00+00:00,59.76940914323205
2014-06-30 00:00:00+00:00,61.36948443071466
2014-07-01 00:00:00+00:00,70.33885342995097
2014-07-02 00:00:00+00:00,76.31843276277476
2014-07-03 00:00:00+00:00,80.30481898465682
2014-07-07 00:00:00+00:00,80.07109963917789
2014-07-08 00:00:00+00:00,79.91528674219143
2014-07-09 00:00:00+00:00,79.81141147753323
2014-07-10 00:00:00+00:00,79.74216130109377
2014-07-11 00:00:00+00:00,79.69599451680007
2014-07-14 00:00:00+00:00,79.66521666060342
2014-07-15 00:00:00+00:00,79.64469808980468
2014-07-16 00:00:00+00:00,73.97233164858251
2014-07-17 00:00:00+00:00,70.19075402110028
2014-07-18 00:00:00+00:00,67.66970226944456
2014-07-21 00:00:00+00:00,65.98900110167307
2014-07-22 00:00:00+00:00,64.8685336564909
2014-07-23 00:00:00+00:00,64.12155535970145
2014-07-24 00:00:00+00:00,57.25868776738225
2014-07-25 00:00:00+00:00,52.68344270583527
2014-07-28 00:00:00+00:00,49.63327933146965
2014-07-29 00:00:00+00:00,47.59983708189148
2014-07-30 00:00:00+00:00,41.014454664653655
2014-07-31 00:00:00+00:00,36.62419971982786
2014-08-01 00:00:00+00:00,45.12529781583515
2014-08-04 00:00:00+00:00,52.029395174420415
2014-08-05 00:00:00+00:00,45.04016336842976
2014-08-06 00:00:00+00:00,40.38067549776907
2014-08-07 00:00:00+00:00,37.274350250661655
2014-08-08 00:00:00+00:00,36.88288936155183
2014-08-11 00:00:00+00:00,36.621915435478215
2014-08-12 00:00:00+00:00,36.44793281809534
2014-08-13 00:00:00+00:00,36.33194440650624
2014-08-14 00:00:00+00:00,36.25461879877957
2014-08-15 00:00:00+00:00,36.20306839362777
2014-08-18 00:00:00+00:00,36.16870145685912
2014-08-19 00:00:00+00:00,36.145790165679124
2014-08-20 00:00:00+00:00,42.487229981102516
2014-08-21 00:00:00+00:00,52.774660265573964
2014-08-22 00:00:00+00:00,63.27598829834926
2014-08-25 00:00:00+00:00,70.65656056914924
2014-08-26 00:00:00+00:00,75.57694208301493
2014-08-27 00:00:00+00:00,78.85719642559098
2014-08-28 00:00:00+00:00,81.90845411561526
2014-08-29 00:00:00+00:00,84.31127530736181
2014-09-02 00:00:00+00:00,87.25982489698096
2014-09-03 00:00:00+00:00,89.93835404697973
2014-09-04 00:00:00+00:00,92.30919250393507
2014-09-05 00:00:00+00:00,93.96700496901286
2014-09-08 00:00:00+00:00,95.07221327906416
2014-09-09 00:00:00+00:00,95.80901881909769
2014-09-10 00:00:00+00:00,96.53600926721238
2014-09-11 00:00:00+00:00,89.92220904139549
2014-09-12 00:00:00+00:00,85.51300889085044
2014-09-15 00:00:00+00:00,82.57354212381988
2014-09-16 00:00:00+00:00,83.4633830365122
2014-09-17 00:00:00+00:00,84.76298319867502
2014-09-18 00:00:00+00:00,85.62938330678308
2014-09-19 00:00:00+00:00,71.68988741061929
2014-09-22 00:00:00+00:00,62.39689014650994
2014-09-23 00:00:00+00:00,56.20155863710353
2014-09-24 00:00:00+00:00,45.80712012232775
2014-09-25 00:00:00+00:00,38.87749444581049
2014-09-26 00:00:00+00:00,34.17131742686976
2014-09-29 00:00:00+00:00,30.360555220678737
2014-09-30 00:00:00+00:00,27.05732230436235
2014-10-01 00:00:00+00:00,27.590104055495036
2014-10-02 00:00:00+00:00,25.962574290640333
2014-10-03 00:00:00+00:00,30.770139640818215
2014-10-06 00:00:00+00:00,32.70092784299486
2014-10-07 00:00:00+00:00,33.98811997777915
2014-10-08 00:00:00+00:00,34.8462480676352
2014-10-09 00:00:00+00:00,35.41833346087239
2014-10-10 00:00:00+00:00,35.799723723030326
2014-10-13 00:00:00+00:00,33.07876065606483
2014-10-14 00:00:00+00:00,32.18931673179852
2014-10-15 00:00:00+00:00,28.508572522515745
2014-10-16 00:00:00+00:00,26.938986801063624
2014-10-17 00:00:00+00:00,29.98812098516715
2014-10-20 00:00:00+00:00,32.02087710790266
2014-10-21 00:00:00+00:00,33.376047856392795
2014-10-22 00:00:00+00:00,34.27949502205265
2014-10-23 00:00:00+00:00,43.76516978922024
2014-10-24 00:00:00+00:00,50.088952967331664
2014-10-27 00:00:00+00:00,55.69161153932587
2014-10-28 00:00:00+00:00,63.155453783108165
2014-10-29 00:00:00+00:00,68.13134861229604
2014-10-30 00:00:00+00:00,71.44861183175423
2014-10-31 00:00:00+00:00,73.66012064472592
2014-11-03 00:00:00+00:00,75.13445985337322
2014-11-04 00:00:00+00:00,76.11735265913751
2014-11-05 00:00:00+00:00,76.77261452964638
2014-11-06 00:00:00+00:00,77.20945577665154
2014-11-07 00:00:00+00:00,78.05405554980675
2014-11-10 00:00:00+00:00,78.61712206524263
2014-11-11 00:00:00+00:00,78.99249974219883
2014-11-12 00:00:00+00:00,79.2427515268351
2014-11-13 00:00:00+00:00,79.40958604992457
2014-11-14 00:00:00+00:00,79.52080906531597
2014-11-17 00:00:00+00:00,79.59495774224179
2014-11-18 00:00:00+00:00,79.64439019352362
2014-11-19 00:00:00+00:00,79.6773451610425
2014-11-20 00:00:00+00:00,79.69931513938573
2014-11-21 00:00:00+00:00,84.58605609305498
2014-11-24 00:00:00+00:00,87.84388339549999
2014-11-25 00:00:00+00:00,90.01576826379534
2014-11-26 00:00:00+00:00,91.46369150932406
2014-11-28 00:00:00+00:00,92.42897367300816
2014-12-01 00:00:00+00:00,64.64991017773299
2014-12-02 00:00:00+00:00,46.130534514216194
2014-12-03 00:00:00+00:00,33.78428407187164
2014-12-04 00:00:00+00:00,25.553450443641903
2014-12-05 00:00:00+00:00,19.39844269615602
2014-12-08 00:00:00+00:00,15.295104197832067
2014-12-09 00:00:00+00:00,12.55954519894941
2014-12-10 00:00:00+00:00,10.735839199694276
2014-12-11 00:00:00+00:00,9.520035200190824
2014-12-12 00:00:00+00:00,8.709499200521819
2014-12-15 00:00:00+00:00,8.169141867409106
2014-12-16 00:00:00+00:00,17.553582138418765
2014-12-17 00:00:00+00:00,23.809875652425013
2014-12-18 00:00:00+00:00,27.980737995095623
2014-12-19 00:00:00+00:00,30.761312890209112
2014-12-22 00:00:00+00:00,32.61502948695115
2014-12-23 00:00:00+00:00,33.850840551445515
2014-12-24 00:00:00+00:00,34.674714594441376
2014-12-26 00:00:00+00:00,35.22396395643818
2014-12-29 00:00:00+00:00,35.5901301977689
2014-12-30 00:00:00+00:00,35.83424102532214
2014-12-31 00:00:00+00:00,35.99698157702367
2015-01-02 00:00:00+00:00,36.10547527815728
2015-01-05 00:00:00+00:00,41.647469737172685
2015-01-06 00:00:00+00:00,45.342132709848585
2015-01-07 00:00:00+00:00,46.6966647876791
2015-01-08 00:00:00+00:00,47.59968617289826
2015-01-09 00:00:00+00:00,48.201700429709675
2015-01-12 00:00:00+00:00,41.78733825425707
2015-01-13 00:00:00+00:00,37.51109680395473
2015-01-14 00:00:00+00:00,34.66026917041914
2015-01-15 00:00:00+00:00,32.75971741472795
2015-01-16 00:00:00+00:00,48.20932413251053
2015-01-20 00:00:00+00:00,58.923483268031866
2015-01-21 00:00:00+00:00,66.06625602504518
2015-01-22 00:00:00+00:00,70.82810452971968
2015-01-23 00:00:00+00:00,73.42077412955886
2015-01-26 00:00:00+00:00,69.9374914380891
2015-01-27 00:00:00+00:00,71.85304625112511
2015-01-28 00:00:00+00:00,75.87401135483522
2015-01-29 00:00:00+00:00,78.5546547573079
2015-01-30 00:00:00+00:00,80.70973598183734
2015-02-02 00:00:00+00:00,82.14645679818942
2015-02-03 00:00:00+00:00,83.10427067575645
2015-02-04 00:00:00+00:00,82.10156613095197
2015-02-05 00:00:00+00:00,82.42841129616035
2015-02-06 00:00:00+00:00,84.71336207791757
2015-02-09 00:00:00+00:00,86.91106734392334
2015-02-10 00:00:00+00:00,88.3762041879263
2015-02-11 00:00:00+00:00,89.35296208392728
2015-02-12 00:00:00+00:00,90.00413401459346
2015-02-13 00:00:00+00:00,90.43824863503627
2015-02-17 00:00:00+00:00,92.12594055462458
2015-02-18 00:00:00+00:00,93.3525157790832
2015-02-19 00:00:00+00:00,94.17023259538797
2015-02-20 00:00:00+00:00,94.71537713959003
2015-02-23 00:00:00+00:00,95.07880683572344
2015-02-24 00:00:00+00:00,87.95016228817823
2015-02-25 00:00:00+00:00,83.19773258981377
2015-02-26 00:00:00+00:00,80.02944612423633
2015-02-27 00:00:00+00:00,77.9172551471834
2015-03-02 00:00:00+00:00,68.83532903701307
2015-03-03 00:00:00+00:00,56.975866894158266
2015-03-04 00:00:00+00:00,49.069558798921335
2015-03-05 00:00:00+00:00,43.7986867354296
2015-03-06 00:00:00+00:00,40.28477202643459
2015-03-09 00:00:00+00:00,40.55807328204237
2015-03-10 00:00:00+00:00,40.04136313933124
2015-03-11 00:00:00+00:00,38.042914799117824
2015-03-12 00:00:00+00:00,39.00105088811644
2015-03-13 00:00:00+00:00,42.19122883362917
2015-03-16 00:00:00+00:00,44.31801413063669
2015-03-17 00:00:00+00:00,45.73587099530728
2015-03-18 00:00:00+00:00,49.45903642422665
2015-03-19 00:00:00+00:00,51.9411467101715
2015-03-20 00:00:00+00:00,53.5958869007998
2015-03-23 00:00:00+00:00,54.699047027883495
2015-03-24 00:00:00+00:00,55.43448711260386
2015-03-25 00:00:00+00:00,62.119652622037144
2015-03-26 00:00:00+00:00,67.96835996289325
2015-03-27 00:00:00+00:00,71.86749819012857
2015-03-30 00:00:00+00:00,74.7557287941631
2015-03-31 00:00:00+00:00,77.25712604678408
2015-04-01 00:00:00+00:00,78.92472421519528
2015-04-02 00:00:00+00:00,74.87599579025668
2015-04-06 00:00:00+00:00,72.17684350696189
2015-04-07 00:00:00+00:00,70.37740865142929
2015-04-08 00:00:00+00:00,66.43620444724274
2015-04-09 00:00:00+00:00,68.78532026622275
2015-04-10 00:00:00+00:00,70.35139747887357
2015-04-13 00:00:00+00:00,73.40395188444901
2015-04-14 00:00:00+00:00,76.08174870489525
2015-04-15 00:00:00+00:00,77.86694658518982
2015-04-16 00:00:00+00:00,79.05707850538286
2015-04-17 00:00:00+00:00,78.06903362043676
2015-04-20 00:00:00+00:00,79.58372733318802
2015-04-21 00:00:00+00:00,80.59352314168542
2015-04-22 00:00:00+00:00,81.26672034734644
2015-04-23 00:00:00+00:00,81.71551848444929
2015-04-24 00:00:00+00:00,82.01471724251275
2015-04-27 00:00:00+00:00,82.21418308121585
2015-04-28 00:00:00+00:00,82.34716030701122
2015-04-29 00:00:00+00:00,82.43581179086716
2015-04-30 00:00:00+00:00,86.05063643863625
2015-05-01 00:00:00+00:00,88.46051953714462
2015-05-04 00:00:00+00:00,90.06710826947854
2015-05-05 00:00:00+00:00,91.13816742436212
2015-05-06 00:00:00+00:00,91.85220686094468
2015-05-07 00:00:00+00:00,80.69158026532132
2015-05-08 00:00:00+00:00,79.6488054078871
2015-05-11 00:00:00+00:00,78.9536221695949
2015-05-12 00:00:00+00:00,81.4701928054154
2015-05-13 00:00:00+00:00,83.14790656262667
2015-05-14 00:00:00+00:00,84.2663824007648
2015-05-15 00:00:00+00:00,85.01203295952044
2015-05-18 00:00:00+00:00,85.50913333202062
2015-05-19 00:00:00+00:00,87.0145886196631
2015-05-20 00:00:00+00:00,84.81982018387944
2015-05-21 00:00:00+00:00,83.35664122668707
2015-05-22 00:00:00+00:00,82.38118858855509
2015-05-26 00:00:00+00:00,81.73088682979618
2015-05-27 00:00:00+00:00,70.0085952116012
2015-05-28 00:00:00+00:00,62.19373413280269
2015-05-29 00:00:00+00:00,53.01346306680016
2015-06-01 00:00:00+00:00,51.820708674820075
2015-06-02 00:00:00+00:00,51.02553908016499
2015-06-03 00:00:00+00:00,50.49542601705964
2015-06-04 00:00:00+00:00,50.14201730832052
2015-06-05 00:00:00+00:00,37.880007393260655
2015-06-08 00:00:00+00:00,28.848553629412976
2015-06-09 00:00:00+00:00,22.827584453514365
2015-06-10 00:00:00+00:00,18.813605002915107
2015-06-11 00:00:00+00:00,16.137618702515397
2015-06-12 00:00:00+00:00,14.353627835582017
2015-06-15 00:00:00+00:00,13.164300590959495
2015-06-16 00:00:00+00:00,11.736673250286731
2015-06-17 00:00:00+00:00,10.78492168983798
2015-06-18 00:00:00+00:00,15.841909179181817
2015-06-19 00:00:00+00:00,19.213234172076973
2015-06-22 00:00:00+00:00,21.46078416733956
2015-06-23 00:00:00+00:00,22.959150830846987
2015-06-24 00:00:00+00:00,23.95806193985083
2015-06-25 00:00:00+00:00,24.62400267918546
2015-06-26 00:00:00+00:00,19.65627168863258
2015-06-29 00:00:00+00:00,16.344451028263755
2015-06-30 00:00:00+00:00,25.08493002860773
2015-07-01 00:00:00+00:00,27.6629191783609
2015-07-02 00:00:00+00:00,28.115767606503695
2015-07-06 00:00:00+00:00,42.438426699584554
2015-07-07 00:00:00+00:00,51.98686609497122
2015-07-08 00:00:00+00:00,58.35249235856166
2015-07-09 00:00:00+00:00,62.596243200954525
2015-07-10 00:00:00+00:00,61.44031392602818
2015-07-13 00:00:00+00:00,60.66969440940994
2015-07-14 00:00:00+00:00,60.15594806499699
2015-07-15 00:00:00+00:00,59.813450502054124
2015-07-16 00:00:00+00:00,59.58511879342451
2015-07-17 00:00:00+00:00,56.87629126826488
2015-07-20 00:00:00+00:00,55.07040625149077
2015-07-21 00:00:00+00:00,53.86648290697354
2015-07-22 00:00:00+00:00,53.063867343960716
2015-07-23 00:00:00+00:00,52.52879030195065
2015-07-24 00:00:00+00:00,52.172072273942206
2015-07-27 00:00:00+00:00,44.2618862741815
2015-07-28 00:00:00+00:00,38.988428941007
2015-07-29 00:00:00+00:00,35.472790718889875
2015-07-30 00:00:00+00:00,33.12903190414422
2015-07-31 00:00:00+00:00,31.566526027646084
2015-08-03 00:00:00+00:00,30.524855443312813
2015-08-04 00:00:00+00:00,39.74966142271406
2015-08-05 00:00:00+00:00,45.899532075646384
2015-08-06 00:00:00+00:00,49.99944584426583
2015-08-07 00:00:00+00:00,56.03301343061283
2015-08-10 00:00:00+00:00,60.05539182150838
2015-08-11 00:00:00+00:00,54.060267258612505
2015-08-12 00:00:00+00:00,50.063517550014026
2015-08-13 00:00:00+00:00,51.25633885189579
2015-08-14 00:00:00+00:00,52.05155305314867
2015-08-17 00:00:00+00:00,52.58169585398206
2015-08-18 00:00:00+00:00,52.93512438786885
2015-08-19 00:00:00+00:00,53.17074341045761
2015-08-20 00:00:00+00:00,53.32782275884733
2015-08-21 00:00:00+00:00,53.4325423244373
2015-08-24 00:00:00+00:00,53.5023553681603
2015-08-25 00:00:00+00:00,59.229759761736545
2015-08-26 00:00:00+00:00,65.93900174360051
2015-08-27 00:00:00+00:00,67.26047031740616
2015-08-28 00:00:00+00:00,68.14144936660675
2015-08-31 00:00:00+00:00,68.72876873273685
2015-09-01 00:00:00+00:00,69.12031497681944
2015-09-02 00:00:00+00:00,69.3813458062031
2015-09-03 00:00:00+00:00,69.55536635912013
2015-09-04 00:00:00+00:00,69.67138006105863
2015-09-08 00:00:00+00:00,50.14090177586569
2015-09-09 00:00:00+00:00,37.1205829190702
2015-09-10 00:00:00+00:00,32.462702982303384
2015-09-11 00:00:00+00:00,32.79710165265305
2015-09-14 00:00:00+00:00,33.020034099552134
2015-09-15 00:00:00+00:00,33.16865573081741
2015-09-16 00:00:00+00:00,33.2677368183267
2015-09-17 00:00:00+00:00,35.1952475289729
2015-09-18 00:00:00+00:00,36.48025466940244
2015-09-21 00:00:00+00:00,49.08228557613798
2015-09-22 00:00:00+00:00,57.483639513960355
2015-09-23 00:00:00+00:00,63.08454213917378
2015-09-24 00:00:00+00:00,66.81847722264769
2015-09-25 00:00:00+00:00,69.307767278295
2015-09-28 00:00:00+00:00,70.96729398205765
2015-09-29 00:00:00+00:00,72.07364511789686
2015-09-30 00:00:00+00:00,66.34638025796454
2015-10-01 00:00:00+00:00,73.59153574601045
2015-10-02 00:00:00+00:00,59.00673423765461
2015-10-05 00:00:00+00:00,49.28353323208394
2015-10-06 00:00:00+00:00,42.80139922837002
2015-10-07 00:00:00+00:00,38.479976559227254
2015-10-08 00:00:00+00:00,35.5990281131319
2015-10-09 00:00:00+00:00,32.032238923647796
2015-10-12 00:00:00+00:00,29.279617737245896
2015-10-13 00:00:00+00:00,36.09338832616959
2015-10-14 00:00:00+00:00,40.63590205211847
2015-10-15 00:00:00+00:00,43.664244536084084
2015-10-16 00:00:00+00:00,45.68313952539417
2015-10-19 00:00:00+00:00,47.029069518267164
2015-10-20 00:00:00+00:00,47.92635618018206
2015-10-21 00:00:00+00:00,48.52454728812482
2015-10-22 00:00:00+00:00,54.65752960090027
2015-10-23 00:00:00+00:00,60.01753717120425
2015-10-26 00:00:00+00:00,63.59087555140629
2015-10-27 00:00:00+00:00,67.7706151328859
2015-10-28 00:00:00+00:00,70.55710818720492
2015-10-29 00:00:00+00:00,61.774107340834824
2015-10-30 00:00:00+00:00,55.918773443254445
2015-11-02 00:00:00+00:00,52.015217511533834
2015-11-03 00:00:00+00:00,49.412846890386355
2015-11-04 00:00:00+00:00,49.04721870571753
2015-11-05 00:00:00+00:00,47.55344496042348
2015-11-06 00:00:00+00:00,46.55759579689358
2015-11-09 00:00:00+00:00,38.41532033329697
2015-11-10 00:00:00+00:00,32.98713669089906
2015-11-11 00:00:00+00:00,29.36834759596692
2015-11-12 00:00:00+00:00,28.76999667147703
2015-11-13 00:00:00+00:00,30.15688182583841
2015-11-16 00:00:00+00:00,31.08147192874563
2015-11-17 00:00:00+00:00,31.69786533068335
2015-11-18 00:00:00+00:00,32.10879426530801
2015-11-19 00:00:00+00:00,32.38274688839057
2015-11-20 00:00:00+00:00,32.565381970444975
2015-11-23 00:00:00+00:00,48.284158710615344
2015-11-24 00:00:00+00:00,58.76334320406166
2015-11-25 00:00:00+00:00,65.74946619969185
2015-11-27 00:00:00+00:00,70.40688153011118
2015-11-30 00:00:00+00:00,73.51182508372317
2015-12-01 00:00:00+00:00,75.58178745279679
2015-12-02 00:00:00+00:00,76.96176236551136
2015-12-03 00:00:00+00:00,77.88174564065307
2015-12-04 00:00:00+00:00,78.49506782407931
2015-12-07 00:00:00+00:00,78.90394927969506
2015-12-08 00:00:00+00:00,79.1765369167702
2015-12-09 00:00:00+00:00,79.35826200815133
2015-12-10 00:00:00+00:00,79.47941206906945
2015-12-11 00:00:00+00:00,79.5601787763452
2015-12-14 00:00:00+00:00,79.61402324785892
2015-12-15 00:00:00+00:00,79.64991956219748
2015-12-16 00:00:00+00:00,79.6738504384187
2015-12-17 00:00:00+00:00,56.16413337738033
2015-12-18 00:00:00+00:00,40.490988670021345
2015-12-21 00:00:00+00:00,30.04222553178193
2015-12-22 00:00:00+00:00,23.076383439622223
2015-12-23 00:00:00+00:00,18.432488711515635
2015-12-24 00:00:00+00:00,15.336558892777774
2015-12-28 00:00:00+00:00,13.272605680285713
2015-12-29 00:00:00+00:00,11.8966368719575
2015-12-30 00:00:00+00:00,10.979324333071828
2015-12-31 00:00:00+00:00,10.367782640481156
2016-01-04 00:00:00+00:00,18.927342076821102
2016-01-05 00:00:00+00:00,24.633715034380252
2016-01-06 00:00:00+00:00,24.026716400901655
2016-01-07 00:00:00+00:00,32.85217459746055
2016-01-08 00:00:00+00:00,35.87192451573403
2016-01-11 00:00:00+00:00,37.885091127915814
2016-01-12 00:00:00+00:00,39.22720220270304
2016-01-13 00:00:00+00:00,40.12194291922715
2016-01-14 00:00:00+00:00,40.718436730242416
2016-01-15 00:00:00+00:00,41.11609927091833
2016-01-19 00:00:00+00:00,50.18598985053166
2016-01-20 00:00:00+00:00,56.23258357027281
2016-01-21 00:00:00+00:00,59.09692840545948
2016-01-22 00:00:00+00:00,61.006491628915995
2016-01-25 00:00:00+00:00,62.27953377788556
2016-01-26 00:00:00+00:00,63.128228543863614
2016-01-27 00:00:00+00:00,63.69402505451376
2016-01-28 00:00:00+00:00,64.07122272827837
2016-01-29 00:00:00+00:00,64.32268784411897
2016-02-01 00:00:00+00:00,64.49033125467656
2016-02-02 00:00:00+00:00,64.60209352837839
2016-02-03 00:00:00+00:00,64.67660171084259
2016-02-04 00:00:00+00:00,64.72627383248118
2016-02-05 00:00:00+00:00,70.9345487556981
2016-02-08 00:00:00+00:00,75.07339870450603
2016-02-09 00:00:00+00:00,77.8326320037075
2016-02-10 00:00:00+00:00,79.67212086983744
2016-02-11 00:00:00+00:00,82.6187463293171
2016-02-12 00:00:00+00:00,84.58316330229937
2016-02-16 00:00:00+00:00,88.7233629297431
2016-02-17 00:00:00+00:00,91.67768843471636
2016-02-18 00:00:00+00:00,93.64723877136375
2016-02-19 00:00:00+00:00,94.96027232912702
2016-02-22 00:00:00+00:00,73.54639561862997
2016-02-23 00:00:00+00:00,61.05081301681207
2016-02-24 00:00:00+00:00,52.720424615599875
2016-02-25 00:00:00+00:00,47.6901763669807
2016-02-26 00:00:00+00:00,42.529071267911945
2016-02-29 00:00:00+00:00,39.08833453519914
2016-03-01 00:00:00+00:00,33.51836286062964
2016-03-02 00:00:00+00:00,35.948864850950336
2016-03-03 00:00:00+00:00,36.2371582188308
2016-03-04 00:00:00+00:00,35.19430214339048
2016-03-07 00:00:00+00:00,34.49906475976335
2016-03-08 00:00:00+00:00,32.75335464071157
2016-03-09 00:00:00+00:00,31.589547894676794
2016-03-10 00:00:00+00:00,30.388964060119385
2016-03-11 00:00:00+00:00,28.87408188358833
2016-03-14 00:00:00+00:00,25.630188894360252
2016-03-15 00:00:00+00:00,22.1836470666289
2016-03-16 00:00:00+00:00,18.71699749949835
2016-03-17 00:00:00+00:00,15.712286636908127
2016-03-18 00:00:00+00:00,12.895091222312262
2016-03-21 00:00:00+00:00,10.712638317489589
2016-03-22 00:00:00+00:00,8.991809931909206
2016-03-23 00:00:00+00:00,7.809834741082112
2016-03-24 00:00:00+00:00,6.983695292112927
2016-03-28 00:00:00+00:00,6.4329356594667555
2016-03-29 00:00:00+00:00,5.951624165271392
2016-03-30 00:00:00+00:00,5.517030915434211
2016-03-31 00:00:00+00:00,5.227302082209377
2016-04-01 00:00:00+00:00,16.123975082227922
2016-04-04 00:00:00+00:00,23.388423748906618
2016-04-05 00:00:00+00:00,28.23138952669203
2016-04-06 00:00:00+00:00,31.460033378548534
2016-04-07 00:00:00+00:00,33.612462613119035
2016-04-08 00:00:00+00:00,37.154737873675124
2016-04-11 00:00:00+00:00,37.709211029715945
2016-04-12 00:00:00+00:00,35.63020200173439
2016-04-13 00:00:00+00:00,34.244195983079564
2016-04-14 00:00:00+00:00,33.32019197064249
2016-04-15 00:00:00+00:00,32.704189295683854
2016-04-18 00:00:00+00:00,32.293520845710745
2016-04-19 00:00:00+00:00,40.15775535056388
2016-04-20 00:00:00+00:00,45.400578353798295
2016-04-21 00:00:00+00:00,48.89579368928675
2016-04-22 00:00:00+00:00,53.44007909462635
2016-04-25 00:00:00+00:00,56.469602698184644
2016-04-26 00:00:00+00:00,58.4892851005552
2016-04-27 00:00:00+00:00,51.44161314764026
2016-04-28 00:00:00+00:00,45.08729586095979
2016-04-29 00:00:00+00:00,38.7395450125925
2016-05-02 00:00:00+00:00,39.01244633944343
2016-05-03 00:00:00+00:00,46.10510246774545
2016-05-04 00:00:00+00:00,50.833539886612684
2016-05-05 00:00:00+00:00,53.98583149918994
2016-05-06 00:00:00+00:00,55.10849045155042
2016-05-09 00:00:00+00:00,53.52140826561927
2016-05-10 00:00:00+00:00,52.46335347499756
2016-05-11 00:00:00+00:00,51.757983614582024
2016-05-12 00:00:00+00:00,51.28773704097044
2016-05-13 00:00:00+00:00,45.076377552698006
2016-05-16 00:00:00+00:00,39.479057612428825
2016-05-17 00:00:00+00:00,35.747510985582124
2016-05-18 00:00:00+00:00,30.817898209916628
2016-05-19 00:00:00+00:00,27.531489692805884
2016-05-20 00:00:00+00:00,25.34055068139824
2016-05-23 00:00:00+00:00,23.879924673792612
2016-05-24 00:00:00+00:00,22.906174002054904
2016-05-25 00:00:00+00:00,22.257006887562397
2016-05-26 00:00:00+00:00,21.82422881123325
2016-05-27 00:00:00+00:00,21.53571009367957
2016-05-31 00:00:00+00:00,21.343364281976058
2016-06-01 00:00:00+00:00,29.14705302551982
2016-06-02 00:00:00+00:00,34.34951218788027
2016-06-03 00:00:00+00:00,37.81781829611823
2016-06-06 00:00:00+00:00,40.13002236827419
2016-06-07 00:00:00+00:00,41.67149174970843
2016-06-08 00:00:00+00:00,52.643331227592896
2016-06-09 00:00:00+00:00,59.9578908795128
2016-06-10 00:00:00+00:00,67.04275402772393
2016-06-13 00:00:00+00:00,71.76599612652812
2016-06-14 00:00:00+00:00,77.45196213378408
2016-06-15 00:00:00+00:00,81.94291784636187
2016-06-16 00:00:00+00:00,85.84604577666252
2016-06-17 00:00:00+00:00,88.58414036007431
2016-06-20 00:00:00+00:00,88.26386199457545
2016-06-21 00:00:00+00:00,89.21013198771172
2016-06-22 00:00:00+00:00,89.84097864980062
2016-06-23 00:00:00+00:00,90.26154309119099
2016-06-24 00:00:00+00:00,90.54191938544868
2016-06-27 00:00:00+00:00,90.7288369149509
2016-06-28 00:00:00+00:00,90.85344860128238
2016-06-29 00:00:00+00:00,91.64385906795033
2016-06-30 00:00:00+00:00,92.1707993790589
2016-07-01 00:00:00+00:00,79.22843520164338
2016-07-05 00:00:00+00:00,66.22925970068516
2016-07-06 00:00:00+00:00,57.56314270004541
2016-07-07 00:00:00+00:00,51.785731366284494
2016-07-08 00:00:00+00:00,47.93412381044266
2016-07-11 00:00:00+00:00,45.36638543988002
2016-07-12 00:00:00+00:00,37.30746345617332
2016-07-13 00:00:00+00:00,30.678453861849416
2016-07-14 00:00:00+00:00,25.566062911017966
2016-07-15 00:00:00+00:00,22.157802277129985
2016-07-18 00:00:00+00:00,19.885628521204268
2016-07-19 00:00:00+00:00,17.952578068360946
2016-07-20 00:00:00+00:00,26.954287718350926
2016-07-21 00:00:00+00:00,32.95542748500989
2016-07-22 00:00:00+00:00,36.95618732944803
2016-07-25 00:00:00+00:00,39.62336055907211
2016-07-26 00:00:00+00:00,41.40147604548664
2016-07-27 00:00:00+00:00,42.58688636976124
2016-07-28 00:00:00+00:00,39.628392871414746
2016-07-29 00:00:00+00:00,37.6560638725158
2016-08-01 00:00:00+00:00,36.34117787324837
2016-08-02 00:00:00+00:00,32.40939851808966
2016-08-03 00:00:00+00:00,29.78821228131617
2016-08-04 00:00:00+00:00,28.040754790132688
2016-08-05 00:00:00+00:00,26.875783129342366
2016-08-08 00:00:00+00:00,26.099135355480634
2016-08-09 00:00:00+00:00,25.581370172904414
2016-08-10 00:00:00+00:00,20.753784058674118
2016-08-11 00:00:00+00:00,17.535393315853455
2016-08-12 00:00:00+00:00,15.389799487305813
2016-08-15 00:00:00+00:00,13.959403601606784
2016-08-16 00:00:00+00:00,11.827597856593417
2016-08-17 00:00:00+00:00,10.406394026584136
2016-08-18 00:00:00+00:00,26.563913704434928
2016-08-19 00:00:00+00:00,37.33559348966713
2016-08-22 00:00:00+00:00,48.98338214977629
2016-08-23 00:00:00+00:00,59.256034975477064
2016-08-24 00:00:00+00:00,66.10447019260926
2016-08-25 00:00:00+00:00,70.6700936706955
2016-08-26 00:00:00+00:00,74.84779979099372
2016-08-29 00:00:00+00:00,77.63293720452373
2016-08-30 00:00:00+00:00,81.715641682271
2016-08-31 00:00:00+00:00,84.43744466743404
2016-09-01 00:00:00+00:00,86.25197999087398
2016-09-02 00:00:00+00:00,88.41784370385331
2016-09-06 00:00:00+00:00,90.00882170844474
2016-09-07 00:00:00+00:00,91.06947371150353
2016-09-08 00:00:00+00:00,89.48940240005905
2016-09-09 00:00:00+00:00,83.43454043643732
2016-09-12 00:00:00+00:00,84.16078740774401
2016-09-13 00:00:00+00:00,84.6449520552805
2016-09-14 00:00:00+00:00,86.60968613490218
2016-09-15 00:00:00+00:00,87.91950885464878
2016-09-16 00:00:00+00:00,88.79272400114516
2016-09-19 00:00:00+00:00,90.7935763652101
2016-09-20 00:00:00+00:00,92.12747794125238
2016-09-21 00:00:00+00:00,93.28588827597059
2016-09-22 00:00:00+00:00,94.05816183244826
2016-09-23 00:00:00+00:00,94.57301087009876
2016-09-26 00:00:00+00:00,91.60934618284998
2016-09-27 00:00:00+00:00,91.06154697930717
2016-09-28 00:00:00+00:00,89.59867603580841
2016-09-29 00:00:00+00:00,84.48212653975224
2016-09-30 00:00:00+00:00,81.40880599127837
2016-10-03 00:00:00+00:00,65.83851021754793
2016-10-04 00:00:00+00:00,55.458313035060705
2016-10-05 00:00:00+00:00,48.5381815800689
2016-10-06 00:00:00+00:00,43.92476061007401
2016-10-07 00:00:00+00:00,40.849146630077
2016-10-10 00:00:00+00:00,38.79873731007853
2016-10-11 00:00:00+00:00,37.43179776341235
2016-10-12 00:00:00+00:00,36.52050473230095
2016-10-13 00:00:00+00:00,35.91297604489266
2016-10-14 00:00:00+00:00,35.507956919952996
2016-10-17 00:00:00+00:00,35.23794416999231
2016-10-18 00:00:00+00:00,35.05793567001748
2016-10-19 00:00:00+00:00,42.33356687619296
2016-10-20 00:00:00+00:00,49.520578412611115
2016-10-21 00:00:00+00:00,58.61947159137152
2016-10-24 00:00:00+00:00,64.6854003772104
2016-10-25 00:00:00+00:00,70.56545425059579
2016-10-26 00:00:00+00:00,74.48549016618455
2016-10-27 00:00:00+00:00,78.49417938299311
2016-10-28 00:00:00+00:00,81.16663886086393
2016-10-31 00:00:00+00:00,79.08548104537954
2016-11-01 00:00:00+00:00,77.69804250172174
2016-11-02 00:00:00+00:00,76.7730834726148
2016-11-03 00:00:00+00:00,76.15644411987483
2016-11-04 00:00:00+00:00,75.74535121804591
2016-11-07 00:00:00+00:00,75.47128928349068
2016-11-08 00:00:00+00:00,69.54789692580772
2016-11-09 00:00:00+00:00,65.59896868735038
2016-11-10 00:00:00+00:00,52.47159927311043
2016-11-11 00:00:00+00:00,43.72001966361659
2016-11-14 00:00:00+00:00,37.885633257286734
2016-11-15 00:00:00+00:00,33.996042319732794
2016-11-16 00:00:00+00:00,49.887326300886706
2016-11-17 00:00:00+00:00,60.86019704036714
2016-11-18 00:00:00+00:00,66.34969299213591
2016-11-21 00:00:00+00:00,70.00935695998098
2016-11-22 00:00:00+00:00,60.127596247805656
2016-11-23 00:00:00+00:00,53.53975577302184
2016-11-25 00:00:00+00:00,48.122888161699024
2016-11-28 00:00:00+00:00,44.511643087483506
2016-11-29 00:00:00+00:00,39.35274107715236
2016-11-30 00:00:00+00:00,35.913473070264686
2016-12-01 00:00:00+00:00,35.215156661402695
2016-12-02 00:00:00+00:00,31.186152952634814
2016-12-05 00:00:00+00:00,27.671547109728397
2016-12-06 00:00:00+00:00,25.328476547790615
2016-12-07 00:00:00+00:00,23.315137808321705
2016-12-08 00:00:00+00:00,21.524582845444478
2016-12-09 00:00:00+00:00,19.889412658273102
2016-12-12 00:00:00+00:00,20.138232865939493
2016-12-13 00:00:00+00:00,18.74278224764703
2016-12-14 00:00:00+00:00,17.341081010048153
2016-12-15 00:00:00+00:00,15.375830199877127
2016-12-16 00:00:00+00:00,14.065662993096325
2016-12-19 00:00:00+00:00,26.140145949591897
2016-12-20 00:00:00+00:00,34.189801253921914
2016-12-21 00:00:00+00:00,39.55623812347483
2016-12-22 00:00:00+00:00,43.13386270317628
2016-12-23 00:00:00+00:00,45.51894575631002
2016-12-27 00:00:00+00:00,47.10900112506521
2016-12-28 00:00:00+00:00,48.169038037567944
2016-12-29 00:00:00+00:00,45.54221854222904
2016-12-30 00:00:00+00:00,43.79100554533582
2017-01-03 00:00:00+00:00,42.62353021407298
2017-01-04 00:00:00+00:00,37.168469063747345
2017-01-05 00:00:00+00:00,33.53176163019653
2017-01-06 00:00:00+00:00,30.490514836447943
2017-01-09 00:00:00+00:00,32.91760481888984
2017-01-10 00:00:00+00:00,33.124018221322984
2017-01-11 00:00:00+00:00,29.86928959495034
2017-01-12 00:00:00+00:00,27.69947051070159
2017-01-13 00:00:00+00:00,26.2529244545354
2017-01-17 00:00:00+00:00,34.16979126564718
2017-01-18 00:00:00+00:00,37.16202863733714
2017-01-19 00:00:00+00:00,39.156853551796544
2017-01-20 00:00:00+00:00,46.34803709993187
2017-01-23 00:00:00+00:00,52.76364162966077
2017-01-24 00:00:00+00:00,56.66051376248075
2017-01-25 00:00:00+00:00,58.437157918891025
2017-01-26 00:00:00+00:00,63.19723695876559
2017-01-27 00:00:00+00:00,67.38417739442772
2017-01-30 00:00:00+00:00,70.17547101820156
2017-01-31 00:00:00+00:00,75.00999271865584
2017-02-01 00:00:00+00:00,78.23300718562452
2017-02-02 00:00:00+00:00,80.381683496936
2017-02-03 00:00:00+00:00,82.85193495103174
2017-02-06 00:00:00+00:00,84.95107305675747
2017-02-07 00:00:00+00:00,78.43709070324815
2017-02-08 00:00:00+00:00,74.09443580090795
2017-02-09 00:00:00+00:00,63.72413545616129
2017-02-10 00:00:00+00:00,55.93228108789179
2017-02-13 00:00:00+00:00,52.039546942061094
2017-02-14 00:00:00+00:00,49.444390844840186
2017-02-15 00:00:00+00:00,48.32887642502985
2017-02-16 00:00:00+00:00,47.58520014515571
2017-02-17 00:00:00+00:00,55.18888238855034
2017-02-21 00:00:00+00:00,60.25800388414612
2017-02-22 00:00:00+00:00,63.934019827782095
2017-02-23 00:00:00+00:00,63.834436232340906
2017-02-24 00:00:00+00:00,62.059339674306976
2017-02-27 00:00:00+00:00,60.87594196895031
2017-02-28 00:00:00+00:00,58.57285806125766
2017-03-01 00:00:00+00:00,60.471896556746245
2017-03-02 00:00:00+00:00,61.73792222040446
2017-03-03 00:00:00+00:00,60.41660506366996
2017-03-06 00:00:00+00:00,57.54153738177372
2017-03-07 00:00:00+00:00,55.62482559384208
2017-03-08 00:00:00+00:00,54.34701773522006
2017-03-09 00:00:00+00:00,56.68138400728739
2017-03-10 00:00:00+00:00,58.23762818866446
2017-03-13 00:00:00+00:00,55.949097969652776
2017-03-14 00:00:00+00:00,55.36912431894793
2017-03-15 00:00:00+00:00,50.81196371892934
2017-03-16 00:00:00+00:00,47.773856652249464
2017-03-17 00:00:00+00:00,45.748451941128614
2017-03-20 00:00:00+00:00,44.398182133713654
2017-03-21 00:00:00+00:00,51.786942500706296
2017-03-22 00:00:00+00:00,56.71278274536679
2017-03-23 00:00:00+00:00,59.99667624180566
2017-03-24 00:00:00+00:00,54.92060741699326
2017-03-27 00:00:00+00:00,47.03622176027588
2017-03-28 00:00:00+00:00,38.73055344449963
2017-03-29 00:00:00+00:00,34.12339301515898
2017-03-30 00:00:00+00:00,31.05195272893154
2017-03-31 00:00:00+00:00,29.00432587144619
2017-04-03 00:00:00+00:00,27.022721081912522
2017-04-04 00:00:00+00:00,25.70165122222298
2017-04-05 00:00:00+00:00,24.354145859932053
2017-04-06 00:00:00+00:00,23.455808951737602
2017-04-07 00:00:00+00:00,22.856917679607392
2017-04-10 00:00:00+00:00,22.457656831519934
2017-04-11 00:00:00+00:00,22.191482932794212
2017-04-12 00:00:00+00:00,27.978284528531717
2017-04-13 00:00:00+00:00,31.836152259022008
2017-04-17 00:00:00+00:00,27.769397196936147
2017-04-18 00:00:00+00:00,25.058227155545133
2017-04-19 00:00:00+00:00,23.25078046128395
2017-04-20 00:00:00+00:00,22.04581599844258
2017-04-21 00:00:00+00:00,21.24250635654767
2017-04-24 00:00:00+00:00,17.198954548288413
2017-04-25 00:00:00+00:00,14.503253342782052
2017-04-26 00:00:00+00:00,12.706119205777602
2017-04-27 00:00:00+00:00,16.55754249257859
2017-04-28 00:00:00+00:00,19.125158017111964
2017-05-01 00:00:00+00:00,18.383976654838776
2017-05-02 00:00:00+00:00,17.889855746656263
2017-05-03 00:00:00+00:00,15.961776961033022
2017-05-04 00:00:00+00:00,14.676391103950598
2017-05-05 00:00:00+00:00,21.741847532364957
2017-05-08 00:00:00+00:00,25.136641802448363
2017-05-09 00:00:00+00:00,25.71124207242006
2017-05-10 00:00:00+00:00,32.583029850002504
2017-05-11 00:00:00+00:00,37.16422170172335
2017-05-12 00:00:00+00:00,40.21834960286968
2017-05-15 00:00:00+00:00,42.25443487029955
2017-05-16 00:00:00+00:00,42.03765824792738
2017-05-17 00:00:00+00:00,40.02856995347923
2017-05-18 00:00:00+00:00,38.689177757179536
2017-05-19 00:00:00+00:00,37.79624962631202
2017-05-22 00:00:00+00:00,37.20096420573247
2017-05-23 00:00:00+00:00,36.80410725867806
2017-05-24 00:00:00+00:00,36.539535960640215
2017-05-25 00:00:00+00:00,47.28077733920014
2017-05-26 00:00:00+00:00,53.52229582440471
2017-05-30 00:00:00+00:00,61.704402931130154
2017-05-31 00:00:00+00:00,69.6184068258267
2017-06-01 00:00:00+00:00,66.61105013620386
2017-06-02 00:00:00+00:00,64.60614567645445
2017-06-05 00:00:00+00:00,63.26954270328723
2017-06-06 00:00:00+00:00,62.37847405450799
2017-06-07 00:00:00+00:00,61.784428288653906
2017-06-08 00:00:00+00:00,62.65060721816194
2017-06-09 00:00:00+00:00,61.1043138671279
2017-06-12 00:00:00+00:00,60.07345163310375
2017-06-13 00:00:00+00:00,59.386210143752656
2017-06-14 00:00:00+00:00,58.928049150850015
2017-06-15 00:00:00+00:00,58.622608488912746
2017-06-16 00:00:00+00:00,58.418981380952076
2017-06-19 00:00:00+00:00,51.71409841309254
2017-06-20 00:00:00+00:00,42.142012716282075
2017-06-21 00:00:00+00:00,52.46846539798372
2017-06-22 00:00:00+00:00,59.352767185784074
2017-06-23 00:00:00+00:00,53.66763197536256
2017-06-26 00:00:00+00:00,49.877541835081225
2017-06-27 00:00:00+00:00,47.3508150748933
2017-06-28 00:00:00+00:00,45.66633056810092
2017-06-29 00:00:00+00:00,45.18020153835223
2017-06-30 00:00:00+00:00,44.318823736189465
2017-07-03 00:00:00+00:00,46.47827764520086
2017-07-05 00:00:00+00:00,50.21993371968554
2017-07-06 00:00:00+00:00,51.62299680233356
2017-07-07 00:00:00+00:00,53.187850927514475
2017-07-10 00:00:00+00:00,54.23108701096754
2017-07-11 00:00:00+00:00,56.019966589074365
2017-07-12 00:00:00+00:00,54.72667285814743
2017-07-13 00:00:00+00:00,53.86447703752849
2017-07-14 00:00:00+00:00,53.289679823781384
2017-07-17 00:00:00+00:00,52.90648168128202
2017-07-18 00:00:00+00:00,52.65101625294762
2017-07-19 00:00:00+00:00,52.48070596738967
2017-07-20 00:00:00+00:00,52.36716577701576
2017-07-21 00:00:00+00:00,52.291472316764256
2017-07-24 00:00:00+00:00,52.24101000992739
2017-07-25 00:00:00+00:00,52.20736847203326
2017-07-26 00:00:00+00:00,46.58275971921028
2017-07-27 00:00:00+00:00,39.66230618455047
2017-07-28 00:00:00+00:00,35.0486704947762
2017-07-31 00:00:00+00:00,31.9729133682588
2017-08-01 00:00:00+00:00,29.92240861724583
2017-08-02 00:00:00+00:00,27.83133021811667
2017-08-03 00:00:00+00:00,33.50621656006063
2017-08-04 00:00:00+00:00,35.24140105042535
2017-08-07 00:00:00+00:00,37.88117169162147
2017-08-08 00:00:00+00:00,39.64101878574982
2017-08-09 00:00:00+00:00,46.907454631493835
2017-08-10 00:00:00+00:00,51.75174519532017
2017-08-11 00:00:00+00:00,54.981272237867614
2017-08-14 00:00:00+00:00,53.835143134557285
2017-08-15 00:00:00+00:00,53.07105706568057
2017-08-16 00:00:00+00:00,52.56166635309248
2017-08-17 00:00:00+00:00,48.89157206840666
2017-08-18 00:00:00+00:00,46.44484254527971
2017-08-21 00:00:00+00:00,44.81368952985824
2017-08-22 00:00:00+00:00,48.09862312767785
2017-08-23 00:00:00+00:00,50.28857885955291
2017-08-24 00:00:00+00:00,46.18325502940547
2017-08-25 00:00:00+00:00,43.4463724759709
2017-08-28 00:00:00+00:00,41.62178410701115
2017-08-29 00:00:00+00:00,40.40539186103413
2017-08-30 00:00:00+00:00,49.20385000549781
2017-08-31 00:00:00+00:00,55.06948876846887
2017-09-01 00:00:00+00:00,58.97991461044417
2017-09-05 00:00:00+00:00,61.58686517175486
2017-09-06 00:00:00+00:00,63.32483221262159
2017-09-07 00:00:00+00:00,64.48347690652466
2017-09-08 00:00:00+00:00,70.88583646104101
2017-09-11 00:00:00+00:00,75.15407616404542
2017-09-12 00:00:00+00:00,82.47406985130476
2017-09-13 00:00:00+00:00,87.35406564280926
2017-09-14 00:00:00+00:00,91.08422936729069
2017-09-15 00:00:00+00:00,93.57100518361048
2017-09-18 00:00:00+00:00,95.22885572782235
2017-09-19 00:00:00+00:00,96.33408942396207
2017-09-20 00:00:00+00:00,97.17231663343506
2017-09-21 00:00:00+00:00,97.73113477308215
2017-09-22 00:00:00+00:00,95.60936170788247
2017-09-25 00:00:00+00:00,94.19484633108094
2017-09-26 00:00:00+00:00,90.51152395252885
2017-09-27 00:00:00+00:00,88.05597570015888
2017-09-28 00:00:00+00:00,84.40528727150769
2017-09-29 00:00:00+00:00,81.9714949857381
2017-10-02 00:00:00+00:00,80.34896679522261
2017-10-03 00:00:00+00:00,57.89668088036729
2017-10-04 00:00:00+00:00,43.22822552898937
2017-10-05 00:00:00+00:00,33.44925529473731
2017-10-06 00:00:00+00:00,28.047039452701682
2017-10-09 00:00:00+00:00,24.445562224677758
2017-10-10 00:00:00+00:00,22.504215881247227
2017-10-11 00:00:00+00:00,21.20998498562664
2017-10-12 00:00:00+00:00,20.347164388545977
2017-10-13 00:00:00+00:00,24.273636072752293
2017-10-16 00:00:00+00:00,31.902199916524182
2017-10-17 00:00:00+00:00,37.351766285247365
2017-10-18 00:00:00+00:00,40.98481053106205
2017-10-19 00:00:00+00:00,43.40684002827099
2017-10-20 00:00:00+00:00,45.02152635974262
2017-10-23 00:00:00+00:00,46.0979839140559
2017-10-24 00:00:00+00:00,46.815622283596795
2017-10-25 00:00:00+00:00,36.8713202296386
2017-10-26 00:00:00+00:00,30.24178552699959
2017-10-27 00:00:00+00:00,25.822095725240008
2017-10-30 00:00:00+00:00,22.875635857400017
2017-10-31 00:00:00+00:00,20.911329278839705
2017-11-01 00:00:00+00:00,21.246051851827254
2017-11-02 00:00:00+00:00,27.561302809565625
2017-11-03 00:00:00+00:00,35.60114033873354
2017-11-06 00:00:00+00:00,41.39122637765101
2017-11-07 00:00:00+00:00,45.251283736928244
2017-11-08 00:00:00+00:00,47.8246553097785
2017-11-09 00:00:00+00:00,48.23624867125912
2017-11-10 00:00:00+00:00,40.28204797404444
2017-11-13 00:00:00+00:00,34.97924750923426
2017-11-14 00:00:00+00:00,31.444047199360366
2017-11-15 00:00:00+00:00,37.14066601074181
2017-11-16 00:00:00+00:00,44.296688960897626
2017-11-17 00:00:00+00:00,49.0673709276673
2017-11-20 00:00:00+00:00,52.24782557217942
2017-11-21 00:00:00+00:00,54.368128668519695
2017-11-22 00:00:00+00:00,59.23573704959335
2017-11-24 00:00:00+00:00,63.77526051497172
2017-11-27 00:00:00+00:00,68.81430537915284
2017-11-28 00:00:00+00:00,72.17366862193892
2017-11-29 00:00:00+00:00,74.4132441171281
2017-11-30 00:00:00+00:00,75.90629444725248
2017-12-01 00:00:00+00:00,76.90166133400007
2017-12-04 00:00:00+00:00,80.64971318977031
2017-12-05 00:00:00+00:00,83.14841442694885
2017-12-06 00:00:00+00:00,84.81421525173266
2017-12-07 00:00:00+00:00,85.92474913491974
2017-12-08 00:00:00+00:00,86.66510505704201
2017-12-11 00:00:00+00:00,87.1586756717874
2017-12-12 00:00:00+00:00,83.37397230057553
2017-12-13 00:00:00+00:00,82.54885285838284
2017-12-14 00:00:00+00:00,81.99877323025179
2017-12-15 00:00:00+00:00,81.63205347816145
2017-12-18 00:00:00+00:00,82.91009679378371
2017-12-19 00:00:00+00:00,84.80191603526049
2017-12-20 00:00:00+00:00,86.06312886290877
2017-12-21 00:00:00+00:00,88.91514889657432
2017-12-22 00:00:00+00:00,90.81649558568279
2017-12-26 00:00:00+00:00,92.08406004508626
2017-12-27 00:00:00+00:00,92.9291030180194
2017-12-28 00:00:00+00:00,93.492464999972
2017-12-29 00:00:00+00:00,93.86803965460382
2018-01-02 00:00:00+00:00,94.52641893403451
2018-01-03 00:00:00+00:00,88.37357453711789
2018-01-04 00:00:00+00:00,84.2716782725044
2018-01-05 00:00:00+00:00,81.53708076275935
2018-01-08 00:00:00+00:00,67.53702029518068
2018-01-09 00:00:00+00:00,58.20364665012727
2018-01-10 00:00:00+00:00,47.577856071904634
2018-01-11 00:00:00+00:00,43.865064528646
2018-01-12 00:00:00+00:00,41.38987016647282
2018-01-16 00:00:00+00:00,35.49147872446694
2018-01-17 00:00:00+00:00,36.91098141471979
2018-01-18 00:00:00+00:00,42.05839173922847
2018-01-19 00:00:00+00:00,46.46213332601317
2018-01-22 00:00:00+00:00,49.73770808214627
2018-01-23 00:00:00+00:00,51.921424586234025
2018-01-24 00:00:00+00:00,53.37723558895807
2018-01-25 00:00:00+00:00,53.73057734140295
2018-01-26 00:00:00+00:00,51.094988550407635
2018-01-29 00:00:00+00:00,49.33792935640966
2018-01-30 00:00:00+00:00,50.15877760137736
2018-01-31 00:00:00+00:00,56.657413770484354
2018-02-01 00:00:00+00:00,64.80180207156036
2018-02-02 00:00:00+00:00,63.631851713439566
2018-02-05 00:00:00+00:00,62.85188480802495
2018-02-06 00:00:00+00:00,63.5716594308392
2018-02-07 00:00:00+00:00,65.97634402376283
2018-02-08 00:00:00+00:00,67.57946708571095
2018-02-09 00:00:00+00:00,69.68968832996697
2018-02-12 00:00:00+00:00,73.8546795599984
2018-02-13 00:00:00+00:00,76.63134038001832
2018-02-14 00:00:00+00:00,75.7896400562899
2018-02-15 00:00:00+00:00,76.10020186962396
2018-02-16 00:00:00+00:00,73.66094327616514
2018-02-20 00:00:00+00:00,74.75977380392054
2018-02-21 00:00:00+00:00,77.26156881188165
2018-02-22 00:00:00+00:00,77.13069438422839
2018-02-23 00:00:00+00:00,79.4355671968215
2018-02-26 00:00:00+00:00,77.05583232362123
2018-02-27 00:00:00+00:00,77.70551222305943
2018-02-28 00:00:00+00:00,78.22557357186187
2018-03-01 00:00:00+00:00,78.66903468944665
2018-03-02 00:00:00+00:00,79.9045767329255
2018-03-05 00:00:00+00:00,80.72827142857722
2018-03-06 00:00:00+00:00,72.07096012103744
2018-03-07 00:00:00+00:00,66.50302098389321
2018-03-08 00:00:00+00:00,66.5613158182976
2018-03-09 00:00:00+00:00,63.14132653068934
2018-03-12 00:00:00+00:00,60.86133367228336
2018-03-13 00:00:00+00:00,61.94627007237853
2018-03-14 00:00:00+00:00,62.66956100577473
2018-03-15 00:00:00+00:00,60.02627912979796
2018-03-16 00:00:00+00:00,60.0789578492475
2018-03-19 00:00:00+00:00,63.45238788178871
2018-03-20 00:00:00+00:00,66.84932220453553
2018-03-21 00:00:00+00:00,70.72486003953598
2018-03-22 00:00:00+00:00,73.30855192953564
2018-03-23 00:00:00+00:00,72.38151916347815
2018-03-26 00:00:00+00:00,71.42818642307776
2018-03-27 00:00:00+00:00,70.42094329099918
2018-03-28 00:00:00+00:00,73.48593556704853
2018-03-29 00:00:00+00:00,74.83073928875352
2018-04-02 00:00:00+00:00,76.25137348088977
2018-04-03 00:00:00+00:00,77.41438925377679
2018-04-04 00:00:00+00:00,76.02811488312311
2018-04-05 00:00:00+00:00,75.86203558594516
2018-04-06 00:00:00+00:00,75.27127839057158
2018-04-09 00:00:00+00:00,75.56988540671229
2018-04-10 00:00:00+00:00,74.13639222496828
2018-04-11 00:00:00+00:00,70.13652629176579
2018-04-12 00:00:00+00:00,66.50591843696816
2018-04-13 00:00:00+00:00,64.43746904311878
2018-04-16 00:00:00+00:00,64.13805393576924
2018-04-17 00:00:00+00:00,64.30476679549459
2018-04-18 00:00:00+00:00,66.96243547622244
2018-04-19 00:00:00+00:00,64.45395079367123
2018-04-20 00:00:00+00:00,63.86399586130592
2018-04-23 00:00:00+00:00,49.80418207225624
2018-04-24 00:00:00+00:00,40.17865877284685
2018-04-25 00:00:00+00:00,33.01600260033368
2018-04-26 00:00:00+00:00,30.281926056926984
2018-04-27 00:00:00+00:00,26.08911175987506
2018-04-30 00:00:00+00:00,22.315183363890778
2018-05-01 00:00:00+00:00,28.56204467871522
2018-05-02 00:00:00+00:00,32.72661888859794
2018-05-03 00:00:00+00:00,34.723161081239375
2018-05-04 00:00:00+00:00,37.10575317832796
2018-05-07 00:00:00+00:00,39.3547825082706
2018-05-08 00:00:00+00:00,40.85413539489865
2018-05-09 00:00:00+00:00,43.61536964971941
2018-05-10 00:00:00+00:00,45.45619248626608
2018-05-11 00:00:00+00:00,44.66555123944629
2018-05-14 00:00:00+00:00,43.19394001867854
2018-05-15 00:00:00+00:00,39.26269709012512
2018-05-16 00:00:00+00:00,36.46940743607946
2018-05-17 00:00:00+00:00,38.258172463973466
2018-05-18 00:00:00+00:00,38.508693470781694
2018-05-21 00:00:00+00:00,38.42949967480796
2018-05-22 00:00:00+00:00,36.69853564158343
2018-05-23 00:00:00+00:00,38.45305326901452
2018-05-24 00:00:00+00:00,40.02690357258357
2018-05-25 00:00:00+00:00,43.78861340335518
2018-05-29 00:00:00+00:00,50.91225449250068
2018-05-30 00:00:00+00:00,53.76609573398183
2018-05-31 00:00:00+00:00,55.66865656163514
2018-06-01 00:00:00+00:00,54.90876540110956
2018-06-04 00:00:00+00:00,55.731200693687384
2018-06-05 00:00:00+00:00,56.9416093943224
2018-06-06 00:00:00+00:00,55.022508242448666
2018-06-07 00:00:00+00:00,53.74310747453194
2018-06-08 00:00:00+00:00,50.2883269097158
2018-06-11 00:00:00+00:00,48.51789733893592
2018-06-12 00:00:00+00:00,50.71637326092426
2018-06-13 00:00:00+00:00,52.18202387558204
2018-06-14 00:00:00+00:00,56.986526427050926
2018-06-15 00:00:00+00:00,59.55899306402984
2018-06-18 00:00:00+00:00,56.827550208678
2018-06-19 00:00:00+00:00,56.32267654972978
2018-06-20 00:00:00+00:00,58.63689920867091
2018-06-21 00:00:00+00:00,62.48907537767787
2018-06-22 00:00:00+00:00,66.43981584000392
2018-06-25 00:00:00+00:00,66.17375129006268
2018-06-26 00:00:00+00:00,65.99637492343402
2018-06-27 00:00:00+00:00,65.22908982062614
2018-06-28 00:00:00+00:00,63.369465976358384
2018-06-29 00:00:00+00:00,49.40410480683021
2018-07-02 00:00:00+00:00,42.88625789383601
2018-07-03 00:00:00+00:00,37.83650967458171
2018-07-05 00:00:00+00:00,34.47001086174521
2018-07-06 00:00:00+00:00,32.22567831985387
2018-07-09 00:00:00+00:00,31.706486442362145
2018-07-10 00:00:00+00:00,31.36035852403386
2018-07-11 00:00:00+00:00,31.129606578481123
2018-07-12 00:00:00+00:00,35.481595745348955
2018-07-13 00:00:00+00:00,38.382921856593356
2018-07-16 00:00:00+00:00,42.87165837609925
2018-07-17 00:00:00+00:00,43.519957690777154
2018-07-18 00:00:00+00:00,42.68096761927837
2018-07-19 00:00:00+00:00,39.59384583347299
2018-07-20 00:00:00+00:00,37.535764642935405
2018-07-23 00:00:00+00:00,39.42958075575419
2018-07-24 00:00:00+00:00,46.450492644280295
2018-07-25 00:00:00+00:00,51.131100569963294
2018-07-26 00:00:00+00:00,52.55778552713166
2018-07-27 00:00:00+00:00,49.74435854297916
2018-07-30 00:00:00+00:00,51.38794519097396
2018-07-31 00:00:00+00:00,52.4836696229695
2018-08-01 00:00:00+00:00,54.49378514676145
2018-08-02 00:00:00+00:00,55.833862162621486
2018-08-03 00:00:00+00:00,56.72724683986007
2018-08-06 00:00:00+00:00,52.8796836553656
2018-08-07 00:00:00+00:00,50.31464153236816
2018-08-08 00:00:00+00:00,44.7827086731103
2018-08-09 00:00:00+00:00,41.094753433604254
2018-08-10 00:00:00+00:00,38.636116607265954
2018-08-13 00:00:00+00:00,36.997025389706025
2018-08-14 00:00:00+00:00,35.90429791133152
2018-08-15 00:00:00+00:00,30.166787204478513
2018-08-16 00:00:00+00:00,26.34178006657602
2018-08-17 00:00:00+00:00,22.652042191818015
2018-08-20 00:00:00+00:00,34.62613812254503
2018-08-21 00:00:00+00:00,37.5420818106478
2018-08-22 00:00:00+00:00,44.440422117420326
2018-08-23 00:00:00+00:00,50.304765151852976
2018-08-24 00:00:00+00:00,55.222666758830286
2018-08-27 00:00:00+00:00,54.61195314701283
2018-08-28 00:00:00+00:00,54.20481073913392
2018-08-29 00:00:00+00:00,51.79389578714244
2018-08-30 00:00:00+00:00,47.4064342673616
2018-08-31 00:00:00+00:00,43.39396694537098
2018-09-04 00:00:00+00:00,42.95515928452457
2018-09-05 00:00:00+00:00,40.957481260476
2018-09-06 00:00:00+00:00,39.15527814716298
2018-09-07 00:00:00+00:00,38.85203810616419
2018-09-10 00:00:00+00:00,39.588646001666085
2018-09-11 00:00:00+00:00,40.079717931999966
2018-09-12 00:00:00+00:00,36.58682683935044
2018-09-13 00:00:00+00:00,34.2582327775836
2018-09-14 00:00:00+00:00,29.78430215594651
2018-09-17 00:00:00+00:00,25.52323720999492
2018-09-18 00:00:00+00:00,21.8661960952373
2018-09-19 00:00:00+00:00,16.581960253233145
2018-09-20 00:00:00+00:00,22.591543884488264
2018-09-21 00:00:00+00:00,25.77037098127382
2018-09-24 00:00:00+00:00,35.51362434098962
2018-09-25 00:00:00+00:00,42.71924879476876
2018-09-26 00:00:00+00:00,48.25646189470871
2018-09-27 00:00:00+00:00,55.63765590299762
2018-09-28 00:00:00+00:00,48.47641306472377
2018-10-01 00:00:00+00:00,43.62577022680372
2018-10-02 00:00:00+00:00,40.55982052231793
2018-10-03 00:00:00+00:00,38.416789014285854
2018-10-04 00:00:00+00:00,38.215146024324255
2018-10-05 00:00:00+00:00,37.81797670537219
2018-10-08 00:00:00+00:00,37.48012846987999
2018-10-09 00:00:00+00:00,37.25489631288503
2018-10-10 00:00:00+00:00,38.332020494200165
2018-10-11 00:00:00+00:00,39.05010328174337
2018-10-12 00:00:00+00:00,41.407894525169105
2018-10-15 00:00:00+00:00,43.82199132966976
2018-10-16 00:00:00+00:00,44.60642368987268
2018-10-17 00:00:00+00:00,45.73414114363074
2018-10-18 00:00:00+00:00,45.89258213736088
2018-10-19 00:00:00+00:00,45.57485219345884
2018-10-22 00:00:00+00:00,44.90682386286453
2018-10-23 00:00:00+00:00,44.461471642467814
2018-10-24 00:00:00+00:00,42.85091368792512
2018-10-25 00:00:00+00:00,38.65031806615178
2018-10-26 00:00:00+00:00,41.305613161887074
2018-10-29 00:00:00+00:00,41.530593064413
2018-10-30 00:00:00+00:00,39.72599035450823
2018-10-31 00:00:00+00:00,38.15045329604894
2018-11-01 00:00:00+00:00,38.85981292702593
2018-11-02 00:00:00+00:00,39.33271934767676
2018-11-05 00:00:00+00:00,39.64799029477673
2018-11-06 00:00:00+00:00,42.010634177504706
2018-11-07 00:00:00+00:00,42.85196825969231
2018-11-08 00:00:00+00:00,41.65209109636591
2018-11-09 00:00:00+00:00,39.29027388536927
2018-11-12 00:00:00+00:00,34.69881163314186
2018-11-13 00:00:00+00:00,34.2004184569665
2018-11-14 00:00:00+00:00,34.8713763591024
2018-11-15 00:00:00+00:00,34.45315249855713
2018-11-16 00:00:00+00:00,33.59388078800461
2018-11-19 00:00:00+00:00,35.94860602055335
2018-11-20 00:00:00+00:00,35.77801782462994
2018-11-21 00:00:00+00:00,42.24317193503032
2018-11-23 00:00:00+00:00,42.53590596500227
2018-11-26 00:00:00+00:00,51.34237408081087
2018-11-27 00:00:00+00:00,57.72400100365803
2018-11-28 00:00:00+00:00,61.97841895222216
2018-11-29 00:00:00+00:00,64.08115713784518
2018-11-30 00:00:00+00:00,65.48298259492638
2018-12-03 00:00:00+00:00,65.52571692432909
2018-12-04 00:00:00+00:00,67.47658575257296
2018-12-06 00:00:00+00:00,68.2810456559512
2018-12-07 00:00:00+00:00,67.26296545250796
2018-12-10 00:00:00+00:00,65.04379422230915
2018-12-11 00:00:00+00:00,59.976885240285064
2018-12-12 00:00:00+00:00,52.97413479469399
2018-12-13 00:00:00+00:00,51.09156741941617
2018-12-14 00:00:00+00:00,50.22049596380134
2018-12-17 00:00:00+00:00,60.14308358901691
2018-12-18 00:00:00+00:00,66.46557725871648
2018-12-19 00:00:00+00:00,72.49014368072903
2018-12-20 00:00:00+00:00,70.05357490693173
2018-12-21 00:00:00+00:00,68.42919572439979
2018-12-24 00:00:00+00:00,67.11664649743308
2018-12-26 00:00:00+00:00,66.24161367945476
2018-12-27 00:00:00+00:00,65.65825846746861
2018-12-28 00:00:00+00:00,65.2693549928105
2018-12-31 00:00:00+00:00,62.60095898439347
2019-01-02 00:00:00+00:00,60.47905571001941
2019-01-03 00:00:00+00:00,57.31903333589412
2019-01-04 00:00:00+00:00,51.75395326611671
2019-01-07 00:00:00+00:00,46.42668662481839
2019-01-08 00:00:00+00:00,41.81593598420726
2019-01-09 00:00:00+00:00,44.50759523873608
2019-01-10 00:00:00+00:00,43.06696682802004
2019-01-11 00:00:00+00:00,44.10113306473766
2019-01-14 00:00:00+00:00,44.54325655327614
2019-01-15 00:00:00+00:00,48.12313487866507
2019-01-16 00:00:00+00:00,49.89691559977909
2019-01-17 00:00:00+00:00,48.47764204999025
2019-01-18 00:00:00+00:00,48.78283667106785
2019-01-22 00:00:00+00:00,57.01238983701861
2019-01-23 00:00:00+00:00,62.49875861431853
2019-01-24 00:00:00+00:00,66.15633779918448
2019-01-25 00:00:00+00:00,66.83960384012212
2019-01-28 00:00:00+00:00,69.15571965877331
2019-01-29 00:00:00+00:00,69.96329845660085
2019-01-30 00:00:00+00:00,71.76593686365312
2019-01-31 00:00:00+00:00,73.23680824367423
2019-02-01 00:00:00+00:00,74.77086952733491
2019-02-04 00:00:00+00:00,74.7997047448442
2019-02-05 00:00:00+00:00,74.81892822318264
2019-02-06 00:00:00+00:00,74.83174387540701
2019-02-07 00:00:00+00:00,72.86923455476445
2019-02-08 00:00:00+00:00,65.84555829942659
2019-02-11 00:00:00+00:00,56.1129053367999
2019-02-12 00:00:00+00:00,44.29847950585892
2019-02-13 00:00:00+00:00,36.42219561856475
2019-02-14 00:00:00+00:00,31.17133969370176
2019-02-15 00:00:00+00:00,37.38261721199886
2019-02-19 00:00:00+00:00,41.93853735628153
2019-02-20 00:00:00+00:00,44.50666915095398
2019-02-21 00:00:00+00:00,46.21875701406843
2019-02-22 00:00:00+00:00,47.06748261633016
2019-02-25 00:00:00+00:00,46.14128829558713
2019-02-26 00:00:00+00:00,44.92931400841354
2019-02-27 00:00:00+00:00,47.99258471867353
2019-02-28 00:00:00+00:00,51.74516960751756
2019-03-01 00:00:00+00:00,54.53021301265903
2019-03-04 00:00:00+00:00,53.88012514716556
2019-03-05 00:00:00+00:00,53.44673323683574
2019-03-06 00:00:00+00:00,54.351909477470635
2019-03-07 00:00:00+00:00,60.293499169079
2019-03-08 00:00:00+00:00,65.13108786074429
2019-03-11 00:00:00+00:00,69.8480132338334
2019-03-12 00:00:00+00:00,74.52112250357695
2019-03-13 00:00:00+00:00,78.52808604010909
2019-03-14 00:00:00+00:00,82.34884670033516
2019-03-15 00:00:00+00:00,84.04259904681828
2019-03-18 00:00:00+00:00,85.23879546044992
2019-03-19 00:00:00+00:00,85.00585051905736
2019-03-20 00:00:00+00:00,86.87123624460511
2019-03-21 00:00:00+00:00,88.43042698874123
2019-03-22 00:00:00+00:00,89.82431381141073
2019-03-25 00:00:00+00:00,89.89062368958136
2019-03-26 00:00:00+00:00,88.56260164085992
2019-03-27 00:00:00+00:00,87.75769120062336
2019-03-28 00:00:00+00:00,87.91250591757014
2019-03-29 00:00:00+00:00,88.0157157288669
2019-04-01 00:00:00+00:00,86.28466622939236
2019-04-02 00:00:00+00:00,85.13063322974138
2019-04-03 00:00:00+00:00,75.0819377527215
2019-04-04 00:00:00+00:00,69.76038639208113
2019-04-05 00:00:00+00:00,66.21268548498672
2019-04-08 00:00:00+00:00,63.38603125228687
2019-04-09 00:00:00+00:00,59.23010072731155
2019-04-10 00:00:00+00:00,59.36381650379291
2019-04-11 00:00:00+00:00,57.21616788739175
2019-04-12 00:00:00+00:00,54.52071364761279
2019-04-15 00:00:00+00:00,52.72374415442592
2019-04-16 00:00:00+00:00,47.06579619894064
2019-04-17 00:00:00+00:00,45.75240894424516
2019-04-18 00:00:00+00:00,45.82210809915942
2019-04-22 00:00:00+00:00,45.868574202434715
2019-04-23 00:00:00+00:00,45.89955160461725
2019-04-24 00:00:00+00:00,48.746098494301094
2019-04-25 00:00:00+00:00,55.955506191772294
2019-04-26 00:00:00+00:00,61.26145741036491
2019-04-29 00:00:00+00:00,62.886493537484256
2019-04-30 00:00:00+00:00,49.64653905578433
2019-05-01 00:00:00+00:00,42.28924983340157
2019-05-02 00:00:00+00:00,40.183195082509876
2019-05-03 00:00:00+00:00,38.7791585819151
2019-05-06 00:00:00+00:00,40.1492091584756
2019-05-07 00:00:00+00:00,41.0625762095155
2019-05-08 00:00:00+00:00,44.02580784057879
2019-05-09 00:00:00+00:00,46.0012955946204
2019-05-10 00:00:00+00:00,50.12083859506856
2019-05-13 00:00:00+00:00,52.86720059536658
2019-05-14 00:00:00+00:00,54.69810859556442
2019-05-15 00:00:00+00:00,53.751360896895974
2019-05-16 00:00:00+00:00,55.83616148789629
2019-05-17 00:00:00+00:00,57.226028548562205
2019-05-20 00:00:00+00:00,55.724586481645346
2019-05-21 00:00:00+00:00,58.146533827266225
2019-05-22 00:00:00+00:00,60.87542682591014
2019-05-23 00:00:00+00:00,61.60948773596823
2019-05-24 00:00:00+00:00,60.46711131989507
2019-05-28 00:00:00+00:00,63.7860626003358
2019-05-29 00:00:00+00:00,67.74372211371107
2019-05-30 00:00:00+00:00,70.56052097732825
2019-05-31 00:00:00+00:00,72.4383868864051
2019-06-03 00:00:00+00:00,73.69029749245487
2019-06-04 00:00:00+00:00,74.52490456315306
2019-06-05 00:00:00+00:00,70.41622662601718
2019-06-06 00:00:00+00:00,65.70769842359908
2019-06-07 00:00:00+00:00,59.693893523958394
2019-06-10 00:00:00+00:00,55.684690257530164
2019-06-11 00:00:00+00:00,50.36251866585775
2019-06-12 00:00:00+00:00,46.32833543191991
2019-06-13 00:00:00+00:00,45.23219299572412
2019-06-14 00:00:00+00:00,44.50143137159232
2019-06-17 00:00:00+00:00,42.696744794286715
2019-06-18 00:00:00+00:00,44.25533676600877
2019-06-19 00:00:00+00:00,45.2943980804885
2019-06-20 00:00:00+00:00,45.98710562347311
2019-06-21 00:00:00+00:00,46.44891065212739
2019-06-24 00:00:00+00:00,33.48862097409813
2019-06-25 00:00:00+00:00,24.65137617484434
2019-06-26 00:00:00+00:00,23.120954602408567
2019-06-27 00:00:00+00:00,21.91080414852955
2019-06-28 00:00:00+00:00,17.495476800712165
2019-07-01 00:00:00+00:00,14.551925235500526
2019-07-02 00:00:00+00:00,12.589557525359382
2019-07-03 00:00:00+00:00,11.605639175083724
2019-07-05 00:00:00+00:00,11.66568097815869
2019-07-08 00:00:00+00:00,12.48340222720054
2019-07-09 00:00:00+00:00,13.028549726561629
2019-07-10 00:00:00+00:00,13.39198139280219
2019-07-11 00:00:00+00:00,13.634269170295713
2019-07-12 00:00:00+00:00,13.795794355291186
2019-07-15 00:00:00+00:00,13.90347781195459
2019-07-16 00:00:00+00:00,13.97526678306325
2019-07-17 00:00:00+00:00,14.023126097135371
2019-07-18 00:00:00+00:00,14.055032306516427
2019-07-19 00:00:00+00:00,15.282370438931398
2019-07-22 00:00:00+00:00,17.360237219755508
2019-07-23 00:00:00+00:00,18.74548174030416
2019-07-24 00:00:00+00:00,19.668978087335734
2019-07-25 00:00:00+00:00,20.28464231868913
2019-07-26 00:00:00+00:00,19.723304919027523
2019-07-29 00:00:00+00:00,19.349079985918827
2019-07-30 00:00:00+00:00,19.099596697178598
2019-07-31 00:00:00+00:00,18.933274504683858
2019-08-01 00:00:00+00:00,18.822393043019268
2019-08-02 00:00:00+00:00,14.94676174935016
2019-08-05 00:00:00+00:00,12.363007553570474
2019-08-06 00:00:00+00:00,10.640504756383697
2019-08-07 00:00:00+00:00,8.739144219521236
2019-08-08 00:00:00+00:00,15.839090021037325
2019-08-09 00:00:00+00:00,22.70387099990003
2019-08-12 00:00:00+00:00,30.15065912825243
2019-08-13 00:00:00+00:00,39.97639187054655
2019-08-14 00:00:00+00:00,46.52688036540758
2019-08-15 00:00:00+00:00,60.4235153331508
2019-08-16 00:00:00+00:00,69.87336569569993
2019-08-19 00:00:00+00:00,76.36484180506837
2019-08-20 00:00:00+00:00,80.88874642122859
2019-08-21 00:00:00+00:00,83.90468283200082
2019-08-22 00:00:00+00:00,86.14116590862719
2019-08-23 00:00:00+00:00,85.47399743014797
2019-08-26 00:00:00+00:00,85.02921844449365
2019-08-27 00:00:00+00:00,84.73269912072234
2019-08-28 00:00:00+00:00,87.02278104520735
2019-08-29 00:00:00+00:00,88.54950232819604
2019-08-30 00:00:00+00:00,89.56731651685365
2019-09-03 00:00:00+00:00,90.24585930929035
2019-09-04 00:00:00+00:00,91.21190231616114
2019-09-05 00:00:00+00:00,91.85593098740648
2019-09-06 00:00:00+00:00,92.28528343490126
2019-09-09 00:00:00+00:00,92.65758685057433
2019-09-10 00:00:00+00:00,92.90578912768703
2019-09-11 00:00:00+00:00,91.61157203041688
2019-09-12 00:00:00+00:00,90.7487606322336
2019-09-13 00:00:00+00:00,90.17355303344111
2019-09-16 00:00:00+00:00,90.42498701091473
2019-09-17 00:00:00+00:00,90.94572455363621
2019-09-18 00:00:00+00:00,91.29288291544643
2019-09-19 00:00:00+00:00,92.26159862202489
2019-09-20 00:00:00+00:00,94.1577300895255
2019-09-23 00:00:00+00:00,91.09188104925602
2019-09-24 00:00:00+00:00,87.68603952076552
2019-09-25 00:00:00+00:00,79.15796092180885
2019-09-26 00:00:00+00:00,74.05384976360195
2019-09-27 00:00:00+00:00,73.72109734387672
2019-09-30 00:00:00+00:00,57.22289473757909
2019-10-01 00:00:00+00:00,44.62903314745538
2019-10-02 00:00:00+00:00,36.233125420706145
2019-10-03 00:00:00+00:00,30.635853602873205
2019-10-04 00:00:00+00:00,26.531754091741693
2019-10-07 00:00:00+00:00,23.795687750987213
2019-10-08 00:00:00+00:00,21.971643523817406
2019-10-09 00:00:00+00:00,20.755614039037365
2019-10-10 00:00:00+00:00,19.94492771585047
2019-10-11 00:00:00+00:00,16.424366135040493
2019-10-14 00:00:00+00:00,13.769053732351079
2019-10-15 00:00:00+00:00,12.338725733059144
2019-10-16 00:00:00+00:00,11.385173733531111
2019-10-17 00:00:00+00:00,10.749472400512328
2019-10-18 00:00:00+00:00,10.32567151183303
2019-10-21 00:00:00+00:00,9.872749499399244
2019-10-22 00:00:00+00:00,9.452830798654738
2019-10-23 00:00:00+00:00,9.844765260896931
2019-10-24 00:00:00+00:00,10.106054902391552
2019-10-25 00:00:00+00:00,9.834183511900683
2019-10-28 00:00:00+00:00,10.498747134655499
2019-10-29 00:00:00+00:00,10.220828456436122
2019-10-30 00:00:00+00:00,22.294486517924994
2019-10-31 00:00:00+00:00,31.037803599460265
2019-11-01 00:00:00+00:00,36.8666816538164
2019-11-04 00:00:00+00:00,40.75260035671967
2019-11-05 00:00:00+00:00,43.343212825320904
2019-11-06 00:00:00+00:00,44.064051799098344
2019-11-07 00:00:00+00:00,41.18599132318906
2019-11-08 00:00:00+00:00,39.26728433924878
2019-11-11 00:00:00+00:00,47.019739456715016
2019-11-12 00:00:00+00:00,52.18804286835818
2019-11-13 00:00:00+00:00,58.3204725994054
2019-11-14 00:00:00+00:00,62.40875908676906
2019-11-15 00:00:00+00:00,62.23634075471486
2019-11-18 00:00:00+00:00,62.121395200010895
2019-11-19 00:00:00+00:00,62.04476483020692
2019-11-20 00:00:00+00:00,60.58041370325067
2019-11-21 00:00:00+00:00,54.59767598302332
2019-11-22 00:00:00+00:00,49.326157258342455
2019-11-25 00:00:00+00:00,47.720404358564224
2019-11-26 00:00:00+00:00,46.649902425377675
2019-11-27 00:00:00+00:00,44.81891389988834
2019-11-29 00:00:00+00:00,50.63483151760176
2019-12-02 00:00:00+00:00,54.512109929409405
2019-12-03 00:00:00+00:00,57.53453855007253
2019-12-04 00:00:00+00:00,61.21531814918622
2019-12-05 00:00:00+00:00,64.43074253523922
2019-12-06 00:00:00+00:00,66.57435879260592
2019-12-09 00:00:00+00:00,69.55374825452151
2019-12-10 00:00:00+00:00,62.17149116648906
2019-12-11 00:00:00+00:00,53.35411831016249
2019-12-12 00:00:00+00:00,44.65877570185863
2019-12-13 00:00:00+00:00,37.2152599648638
2019-12-16 00:00:00+00:00,31.77243005351303
2019-12-17 00:00:00+00:00,32.47932431865696
2019-12-18 00:00:00+00:00,32.95058716208571
2019-12-19 00:00:00+00:00,30.342341091348597
2019-12-20 00:00:00+00:00,28.603510377523477
2019-12-23 00:00:00+00:00,27.44428990163962
2019-12-24 00:00:00+00:00,26.67147625104989
2019-12-26 00:00:00+00:00,25.62381578661779
2019-12-27 00:00:00+00:00,24.925375476995818
2019-12-30 00:00:00+00:00,30.815282897995303
2019-12-31 00:00:00+00:00,34.741887845327284
2020-01-02 00:00:00+00:00,37.35962447688078
2020-01-03 00:00:00+00:00,39.10478223124846
2020-01-06 00:00:00+00:00,40.26822073415873
2020-01-07 00:00:00+00:00,41.043846402763855
2020-01-08 00:00:00+00:00,41.560930181831964
2020-01-09 00:00:00+00:00,40.86165995148178
2020-01-10 00:00:00+00:00,33.79078855005105
2020-01-13 00:00:00+00:00,43.38930304589054
2020-01-14 00:00:00+00:00,47.43359182577122
2020-01-15 00:00:00+00:00,48.015193922010795
2020-01-16 00:00:00+00:00,45.00834341019851
2020-01-17 00:00:00+00:00,43.00377640232304
2020-01-21 00:00:00+00:00,41.667398397072034
2020-01-22 00:00:00+00:00,40.77647972690389
2020-01-23 00:00:00+00:00,38.231278542990744
2020-01-24 00:00:00+00:00,31.433737270815055
2020-01-27 00:00:00+00:00,31.67532077430628
2020-01-28 00:00:00+00:00,31.836376443300004
2020-01-29 00:00:00+00:00,31.943746889295333
2020-01-30 00:00:00+00:00,36.30571060589435
2020-01-31 00:00:00+00:00,29.417074655405493
2020-02-03 00:00:00+00:00,24.679257800317643
2020-02-04 00:00:00+00:00,24.71686511598314
2020-02-05 00:00:00+00:00,24.4833024600372
2020-02-06 00:00:00+00:00,22.664143536350807
2020-02-07 00:00:00+00:00,21.451370920559732
2020-02-10 00:00:00+00:00,19.543406526750868
2020-02-11 00:00:00+00:00,17.724216100071107
2020-02-12 00:00:00+00:00,18.123419240471822
2020-02-13 00:00:00+00:00,21.470345913255372
2020-02-14 00:00:00+00:00,30.900993067286585
2020-02-18 00:00:00+00:00,40.8628562454783
2020-02-19 00:00:00+00:00,48.615031265119406
2020-02-20 00:00:00+00:00,53.78314794487974
2020-02-21 00:00:00+00:00,56.104636827685525
2020-02-24 00:00:00+00:00,56.290202556213266
2020-02-25 00:00:00+00:00,56.41391304189794
2020-02-26 00:00:00+00:00,57.66310174665392
2020-02-27 00:00:00+00:00,51.74344053512961
2020-02-28 00:00:00+00:00,44.349697917875176
2020-03-02 00:00:00+00:00,42.963526695814394
2020-03-03 00:00:00+00:00,38.533187883981256
2020-03-04 00:00:00+00:00,39.779599358280585
2020-03-05 00:00:00+00:00,40.09576990425154
2020-03-06 00:00:00+00:00,39.26028275303323
2020-03-09 00:00:00+00:00,39.23883422942117
2020-03-10 00:00:00+00:00,38.27407217701102
2020-03-11 00:00:00+00:00,38.876310730816755
2020-03-12 00:00:00+00:00,40.33518528251627
2020-03-13 00:00:00+00:00,42.58816074592022
2020-03-16 00:00:00+00:00,44.7468700914693
2020-03-17 00:00:00+00:00,42.57130148552599
2020-03-18 00:00:00+00:00,41.1209224148968
2020-03-19 00:00:00+00:00,41.540168229985966
2020-03-20 00:00:00+00:00,40.810596235238656
2020-03-23 00:00:00+00:00,39.33419274096104
2020-03-24 00:00:00+00:00,36.879209092432106
2020-03-25 00:00:00+00:00,34.08997759555355
2020-03-26 00:00:00+00:00,40.482638434190235
2020-03-27 00:00:00+00:00,36.09475668863077
2020-03-30 00:00:00+00:00,32.33773476312533
2020-03-31 00:00:00+00:00,28.94354138244981
2020-04-01 00:00:00+00:00,25.970084897453752
2020-04-02 00:00:00+00:00,22.26894701558383
2020-04-03 00:00:00+00:00,19.731382370211556
2020-04-06 00:00:00+00:00,18.267908288265723
2020-04-07 00:00:00+00:00,17.245797489350906
2020-04-08 00:00:00+00:00,16.46129861469387
2020-04-09 00:00:00+00:00,15.881251565678864
2020-04-13 00:00:00+00:00,15.136110460201612
2020-04-14 00:00:00+00:00,14.639349723216649
2020-04-15 00:00:00+00:00,13.852586093305588
2020-04-16 00:00:00+00:00,13.32807700669808
2020-04-17 00:00:00+00:00,12.978404282292924
2020-04-20 00:00:00+00:00,11.655005999739704
2020-04-21 00:00:00+00:00,18.771097318848497
2020-04-22 00:00:00+00:00,21.2717018219548
2020-04-23 00:00:00+00:00,22.82033154938786
2020-04-24 00:00:00+00:00,24.228619782354286
2020-04-27 00:00:00+00:00,27.807221922816368
2020-04-28 00:00:00+00:00,31.95756995293934
2020-04-29 00:00:00+00:00,35.088209681550055
2020-04-30 00:00:00+00:00,41.8372047510652
2020-05-01 00:00:00+00:00,40.266198752968485
2020-05-04 00:00:00+00:00,42.84132765693376
2020-05-05 00:00:00+00:00,46.575372106099536
2020-05-06 00:00:00+00:00,50.86281732754847
2020-05-07 00:00:00+00:00,53.72111414184724
2020-05-08 00:00:00+00:00,54.216051942709214
2020-05-11 00:00:00+00:00,54.5460104766166
2020-05-12 00:00:00+00:00,51.4083739417188
2020-05-13 00:00:00+00:00,46.206010599603886
2020-05-14 00:00:00+00:00,44.86318962334621
2020-05-15 00:00:00+00:00,45.413488644764726
2020-05-18 00:00:00+00:00,43.511439542528095
2020-05-19 00:00:00+00:00,39.588937558492546
2020-05-20 00:00:00+00:00,34.49715931999577
2020-05-21 00:00:00+00:00,34.33847183590151
2020-05-22 00:00:00+00:00,33.52429000237141
2020-05-26 00:00:00+00:00,31.106105464683342
2020-05-27 00:00:00+00:00,31.04147938514667
2020-05-28 00:00:00+00:00,49.811062111684286
2020-05-29 00:00:00+00:00,62.063406749558425
2020-06-01 00:00:00+00:00,70.24685683224637
2020-06-02 00:00:00+00:00,75.70249022070476
2020-06-03 00:00:00+00:00,79.21195493942139
2020-06-04 00:00:00+00:00,80.98225727981583
2020-06-05 00:00:00+00:00,82.19149112443503
2020-06-08 00:00:00+00:00,83.15747270753046
2020-06-09 00:00:00+00:00,80.26549948889586
2020-06-10 00:00:00+00:00,77.48360680971808
2020-06-11 00:00:00+00:00,76.61634744875616
2020-06-12 00:00:00+00:00,76.03817454144782
2020-06-15 00:00:00+00:00,72.99022225595344
2020-06-16 00:00:00+00:00,69.22282899158837
2020-06-17 00:00:00+00:00,68.06520197723157
2020-06-18 00:00:00+00:00,67.84213885665169
2020-06-19 00:00:00+00:00,66.74783616296916
2020-06-22 00:00:00+00:00,65.76257845027666
2020-06-23 00:00:00+00:00,63.021890210108126
2020-06-24 00:00:00+00:00,61.19476471666189
2020-06-25 00:00:00+00:00,60.41553383603382
2020-06-26 00:00:00+00:00,58.90582255277172
2020-06-29 00:00:00+00:00,55.15121398546234
2020-06-30 00:00:00+00:00,51.80316053133511
2020-07-01 00:00:00+00:00,48.44347393153506
2020-07-02 00:00:00+00:00,47.73722737493021
2020-07-06 00:00:00+00:00,44.66067493093694
2020-07-07 00:00:00+00:00,41.147349506445835
2020-07-08 00:00:00+00:00,36.613465056652984
2020-07-09 00:00:00+00:00,32.05924514477208
2020-07-10 00:00:00+00:00,28.609234692276537
2020-07-13 00:00:00+00:00,26.8361925416076
2020-07-14 00:00:00+00:00,25.3116581259008
2020-07-15 00:00:00+00:00,23.939095743422076
2020-07-16 00:00:00+00:00,22.656656802698283
2020-07-17 00:00:00+00:00,21.80169750888202
2020-07-20 00:00:00+00:00,21.231724646337394
2020-07-21 00:00:00+00:00,20.851742737973787
2020-07-22 00:00:00+00:00,20.05267066446512
2020-07-23 00:00:00+00:00,19.5199559487921
2020-07-24 00:00:00+00:00,19.164812805009426
2020-07-27 00:00:00+00:00,26.19524275172534
2020-07-28 00:00:00+00:00,32.72300517237252
2020-07-29 00:00:00+00:00,39.54707555675108
2020-07-30 00:00:00+00:00,42.42291566007354
2020-07-31 00:00:00+00:00,46.745942563569116
2020-08-03 00:00:00+00:00,50.37707837618423
2020-08-04 00:00:00+00:00,53.56657624937428
2020-08-05 00:00:00+00:00,55.69290816483183
2020-08-06 00:00:00+00:00,51.86945408869508
2020-08-07 00:00:00+00:00,47.07341721038188
2020-08-10 00:00:00+00:00,46.04457577439465
2020-08-11 00:00:00+00:00,34.685288730054594
2020-08-12 00:00:00+00:00,26.77490501088658
2020-08-13 00:00:00+00:00,21.43203510979213
2020-08-14 00:00:00+00:00,17.457723386941115
2020-08-17 00:00:00+00:00,14.808182238373636
2020-08-18 00:00:00+00:00,13.041821472661821
2020-08-19 00:00:00+00:00,11.864247628853764
2020-08-20 00:00:00+00:00,10.633383272556825
2020-08-21 00:00:00+00:00,10.766200061861596
2020-08-24 00:00:00+00:00,15.335516072705886
2020-08-25 00:00:00+00:00,23.282910473284506
2020-08-26 00:00:00+00:00,29.20573164910243
2020-08-27 00:00:00+00:00,32.25414267586848
2020-08-28 00:00:00+00:00,34.28641669371155
2020-08-31 00:00:00+00:00,39.27478592937287
2020-09-01 00:00:00+00:00,39.84054386997894
2020-09-02 00:00:00+00:00,39.712361169646826
2020-09-03 00:00:00+00:00,39.09329412928466
2020-09-04 00:00:00+00:00,38.12141161149182
2020-09-08 00:00:00+00:00,38.49897329179567
2020-09-09 00:00:00+00:00,45.46237388272497
2020-09-10 00:00:00+00:00,48.56754888423063
2020-09-11 00:00:00+00:00,49.86194356929772
2020-09-14 00:00:00+00:00,47.30959862346378
2020-09-15 00:00:00+00:00,43.04051118758392
2020-09-16 00:00:00+00:00,40.19445289699638
2020-09-17 00:00:00+00:00,38.29708070327026
2020-09-18 00:00:00+00:00,38.1602532358926
2020-09-21 00:00:00+00:00,39.223490271125684
2020-09-22 00:00:00+00:00,39.93231496127932
2020-09-23 00:00:00+00:00,50.61160663804615
2020-09-24 00:00:00+00:00,58.41966728330951
2020-09-25 00:00:00+00:00,65.80595505244517
2020-09-28 00:00:00+00:00,70.73014689853369
2020-09-29 00:00:00+00:00,74.01294146259048
2020-09-30 00:00:00+00:00,77.00175789921981
2020-10-01 00:00:00+00:00,57.5673028174984
2020-10-02 00:00:00+00:00,44.61099942968397
2020-10-05 00:00:00+00:00,41.62260612796308
2020-10-06 00:00:00+00:00,39.63034392681553
2020-10-07 00:00:00+00:00,38.302169126050146
2020-10-08 00:00:00+00:00,37.76236218883492
2020-10-09 00:00:00+00:00,37.40249089735765
2020-10-12 00:00:00+00:00,37.16257670303896
2020-10-13 00:00:00+00:00,36.71544564472539
2020-10-14 00:00:00+00:00,38.01167377473065
2020-10-15 00:00:00+00:00,40.42975877319259
2020-10-16 00:00:00+00:00,43.990770873155554
2020-10-19 00:00:00+00:00,51.71153994282226
2020-10-20 00:00:00+00:00,57.34894762529874
2020-10-21 00:00:00+00:00,62.69582295918866
2020-10-22 00:00:00+00:00,68.66534228726192
2020-10-23 00:00:00+00:00,73.84210023245676
2020-10-26 00:00:00+00:00,77.2932721959189
2020-10-27 00:00:00+00:00,79.70738303736121
2020-10-28 00:00:00+00:00,81.77833398358896
2020-10-29 00:00:00+00:00,83.15896794773933
2020-10-30 00:00:00+00:00,74.95177794062099
2020-11-02 00:00:00+00:00,69.48031793587454
2020-11-03 00:00:00+00:00,68.90787583288993
2020-11-04 00:00:00+00:00,67.06134444513896
2020-11-05 00:00:00+00:00,65.8303235199706
2020-11-06 00:00:00+00:00,65.96319617194654
2020-11-09 00:00:00+00:00,66.37699359676813
2020-11-10 00:00:00+00:00,67.92817806233732
2020-11-11 00:00:00+00:00,70.99517262416829
2020-11-12 00:00:00+00:00,74.36564230863061
2020-11-13 00:00:00+00:00,78.21308828974445
2020-11-16 00:00:00+00:00,81.28513478189751
2020-11-17 00:00:00+00:00,83.79335397403922
2020-11-18 00:00:00+00:00,85.46550010213221
2020-11-19 00:00:00+00:00,87.94018614849796
2020-11-20 00:00:00+00:00,89.99862314633958
2020-11-23 00:00:00+00:00,91.37091447823275
2020-11-24 00:00:00+00:00,92.28577536616012
2020-11-25 00:00:00+00:00,93.036273711288
2020-11-27 00:00:00+00:00,85.75952383192379
2020-11-30 00:00:00+00:00,79.34495573391557
2020-12-01 00:00:00+00:00,70.62105817384034
2020-12-02 00:00:00+00:00,66.4102935864822
2020-12-03 00:00:00+00:00,58.084387237532226
2020-12-04 00:00:00+00:00,52.90143565501702
2020-12-07 00:00:00+00:00,49.84971021842723
2020-12-08 00:00:00+00:00,51.45413016402015
2020-12-09 00:00:00+00:00,48.693705248879795
2020-12-10 00:00:00+00:00,46.85342197211898
2020-12-11 00:00:00+00:00,45.62656645427778
2020-12-14 00:00:00+00:00,46.186458696044284
2020-12-15 00:00:00+00:00,43.99803735289933
2020-12-16 00:00:00+00:00,38.271340920747
2020-12-17 00:00:00+00:00,34.45354329931175
2020-12-18 00:00:00+00:00,37.937115244431965
2020-12-21 00:00:00+00:00,36.43690691972327
2020-12-22 00:00:00+00:00,39.48530636410562
2020-12-23 00:00:00+00:00,48.1579375942649
2020-12-24 00:00:00+00:00,53.93969174770392
2020-12-28 00:00:00+00:00,52.18964484711879
2020-12-29 00:00:00+00:00,54.17188269332461
2020-12-30 00:00:00+00:00,55.493374590794744
2020-12-31 00:00:00+00:00,56.3743691891077
2021-01-04 00:00:00+00:00,56.961698921315815
2021-01-05 00:00:00+00:00,59.08132053221364
2021-01-06 00:00:00+00:00,60.6836881863633
2021-01-07 00:00:00+00:00,61.96120890399361
2021-01-08 00:00:00+00:00,63.88176897055479
2021-01-11 00:00:00+00:00,62.31043795646921
2021-01-12 00:00:00+00:00,60.481573651277145
2021-01-13 00:00:00+00:00,59.26233078114824
2021-01-14 00:00:00+00:00,53.68239775979447
2021-01-15 00:00:00+00:00,49.65561969104649
2021-01-19 00:00:00+00:00,51.135185136920484
2021-01-20 00:00:00+00:00,51.35417374923264
2021-01-21 00:00:00+00:00,51.50016615743991
2021-01-22 00:00:00+00:00,48.45714946440411
2021-01-25 00:00:00+00:00,46.07075110254844
2021-01-26 00:00:00+00:00,41.15522702844961
2021-01-27 00:00:00+00:00,40.4300507983226
2021-01-28 00:00:00+00:00,38.74483232902061
2021-01-29 00:00:00+00:00,36.7552082221598
2021-02-01 00:00:00+00:00,34.08780266142028
2021-02-02 00:00:00+00:00,32.309532287593385
2021-02-03 00:00:00+00:00,31.124018705041507
2021-02-04 00:00:00+00:00,43.67796247707156
2021-02-05 00:00:00+00:00,51.23567928435918
2021-02-08 00:00:00+00:00,56.71024313710771
2021-02-09 00:00:00+00:00,62.15629940707586
2021-02-10 00:00:00+00:00,63.886902889216955
2021-02-11 00:00:00+00:00,66.13226804999793
2021-02-12 00:00:00+00:00,68.058474223804
2021-02-16 00:00:00+00:00,69.34261167300684
2021-02-17 00:00:00+00:00,70.19870330580736
2021-02-18 00:00:00+00:00,64.4253547948675
2021-02-19 00:00:00+00:00,62.132892574253134
2021-02-22 00:00:00+00:00,62.04408782986265
2021-02-23 00:00:00+00:00,56.32971878198422
2021-02-24 00:00:00+00:00,52.52013941673122
2021-02-25 00:00:00+00:00,56.50543991480011
2021-02-26 00:00:00+00:00,66.3469868334175
2021-03-01 00:00:00+00:00,72.90801811249526
2021-03-02 00:00:00+00:00,77.28203896521316
2021-03-03 00:00:00+00:00,60.46979952449735
2021-03-04 00:00:00+00:00,49.261639897353405
2021-03-05 00:00:00+00:00,41.78953347925735
2021-03-08 00:00:00+00:00,36.808129200526544
2021-03-09 00:00:00+00:00,35.60599718532281
2021-03-10 00:00:00+00:00,34.80457584185351
2021-03-11 00:00:00+00:00,34.270294946207144
2021-03-12 00:00:00+00:00,33.914107682442705
2021-03-15 00:00:00+00:00,33.676649506599524
2021-03-16 00:00:00+00:00,34.708477646409015
2021-03-17 00:00:00+00:00,35.396363072948375
2021-03-18 00:00:00+00:00,46.272386205300506
2021-03-19 00:00:00+00:00,53.52306829353489
2021-03-22 00:00:00+00:00,58.356856352357404
2021-03-23 00:00:00+00:00,61.579381724905275
2021-03-24 00:00:00+00:00,63.72773197326997
2021-03-25 00:00:00+00:00,65.15996547217914
2021-03-26 00:00:00+00:00,66.11478780478454
2021-03-29 00:00:00+00:00,68.3757741440663
2021-03-30 00:00:00+00:00,69.8830983702533
2021-03-31 00:00:00+00:00,70.88798118771032
2021-04-01 00:00:00+00:00,73.23224647239715
2021-04-05 00:00:00+00:00,65.8028942297777
2021-04-06 00:00:00+00:00,62.04907793918343
2021-04-07 00:00:00+00:00,59.546533745453296
2021-04-08 00:00:00+00:00,57.87817094963251
2021-04-09 00:00:00+00:00,51.22973730705087
2021-04-12 00:00:00+00:00,46.797448211996
2021-04-13 00:00:00+00:00,41.745177577879744
2021-04-14 00:00:00+00:00,38.37699715513517
2021-04-15 00:00:00+00:00,38.35870276046298
2021-04-16 00:00:00+00:00,40.412294454412915
2021-04-19 00:00:00+00:00,41.7813555837122
2021-04-20 00:00:00+00:00,46.53898190702686
2021-04-21 00:00:00+00:00,43.691768175065675
2021-04-22 00:00:00+00:00,41.79362568709108
2021-04-23 00:00:00+00:00,39.32273115763769
2021-04-26 00:00:00+00:00,39.82123101565155
2021-04-27 00:00:00+00:00,39.29598327790632
2021-04-28 00:00:00+00:00,38.6468897213524
2021-04-29 00:00:00+00:00,42.96868270264614
2021-04-30 00:00:00+00:00,46.22257708323083
2021-05-03 00:00:00+00:00,56.67777550045267
2021-05-04 00:00:00+00:00,63.64790777859982
2021-05-05 00:00:00+00:00,64.65962128317494
2021-05-06 00:00:00+00:00,62.257806193419206
2021-05-07 00:00:00+00:00,57.390282696181785
2021-05-10 00:00:00+00:00,55.1325069431616
2021-05-11 00:00:00+00:00,53.62732310781427
2021-05-12 00:00:00+00:00,51.19705516228405
2021-05-13 00:00:00+00:00,49.57687653192997
2021-05-14 00:00:00+00:00,48.496757445026574
2021-05-17 00:00:00+00:00,47.77667805375686
2021-05-18 00:00:00+00:00,49.14747918056005
2021-05-19 00:00:00+00:00,47.83393931817278
2021-05-20 00:00:00+00:00,46.95824607658038
2021-05-21 00:00:00+00:00,46.37445058218443
2021-05-24 00:00:00+00:00,45.9852535859193
2021-05-25 00:00:00+00:00,49.53626408982463
2021-05-26 00:00:00+00:00,51.18203274726745
2021-05-27 00:00:00+00:00,46.759062048773316
2021-05-28 00:00:00+00:00,46.87352452811148
2021-06-01 00:00:00+00:00,41.6644655936436
2021-06-02 00:00:00+00:00,38.191759637331145
2021-06-03 00:00:00+00:00,35.87662233312223
2021-06-04 00:00:00+00:00,34.33319746364892
2021-06-07 00:00:00+00:00,30.420666456754397
2021-06-08 00:00:00+00:00,26.00197878182284
2021-06-09 00:00:00+00:00,26.963125065298183
2021-06-10 00:00:00+00:00,27.603889254281228
2021-06-11 00:00:00+00:00,26.74609566740083
2021-06-14 00:00:00+00:00,26.17423327614672
2021-06-15 00:00:00+00:00,24.349675520071173
2021-06-16 00:00:00+00:00,21.69385790335775
2021-06-17 00:00:00+00:00,18.087061265414334
2021-06-18 00:00:00+00:00,15.682530173451891
2021-06-21 00:00:00+00:00,27.051567725492625
2021-06-22 00:00:00+00:00,29.106001333132518
2021-06-23 00:00:00+00:00,39.21892043427257
2021-06-24 00:00:00+00:00,45.61811236712502
2021-06-25 00:00:00+00:00,50.41143604379394
2021-06-28 00:00:00+00:00,44.43204449709275
2021-06-29 00:00:00+00:00,39.45435490315252
2021-06-30 00:00:00+00:00,35.61597077457284
2021-07-01 00:00:00+00:00,34.89978094247199
2021-07-02 00:00:00+00:00,35.27227502937666
2021-07-06 00:00:00+00:00,34.126264513056
2021-07-07 00:00:00+00:00,33.362257502175375
2021-07-08 00:00:00+00:00,31.21878081080157
2021-07-09 00:00:00+00:00,29.789796349885524
2021-07-12 00:00:00+00:00,31.285238811738637
2021-07-13 00:00:00+00:00,30.602878707028815
2021-07-14 00:00:00+00:00,28.99341777437259
2021-07-15 00:00:00+00:00,27.920443819268243
2021-07-16 00:00:00+00:00,30.52041833967141
2021-07-19 00:00:00+00:00,32.25373468660655
2021-07-20 00:00:00+00:00,34.865562870337655
2021-07-21 00:00:00+00:00,45.13727657622992
2021-07-22 00:00:00+00:00,51.98508571349099
2021-07-23 00:00:00+00:00,55.812582809805015
2021-07-26 00:00:00+00:00,59.4982993660803
2021-07-27 00:00:00+00:00,63.017743362713375
2021-07-28 00:00:00+00:00,62.29762989933006
2021-07-29 00:00:00+00:00,60.04915805886063
2021-07-30 00:00:00+00:00,61.156727210923584
2021-08-02 00:00:00+00:00,61.078500896869315
2021-08-03 00:00:00+00:00,58.88601642008481
2021-08-04 00:00:00+00:00,58.68096724835197
2021-08-05 00:00:00+00:00,58.54426780052947
2021-08-06 00:00:00+00:00,58.45313483531376
2021-08-09 00:00:00+00:00,58.94311993162514
2021-08-10 00:00:00+00:00,61.529809310492396
2021-08-11 00:00:00+00:00,67.42294895356864
2021-08-12 00:00:00+00:00,71.35170871561866
2021-08-13 00:00:00+00:00,73.97088189031774
2021-08-16 00:00:00+00:00,75.19869947021161
2021-08-17 00:00:00+00:00,71.2741978565133
2021-08-18 00:00:00+00:00,72.73575475068725
2021-08-19 00:00:00+00:00,73.7101260134691
2021-08-20 00:00:00+00:00,78.22575621700035
2021-08-23 00:00:00+00:00,81.23617635268722
2021-08-24 00:00:00+00:00,82.8855468968143
2021-08-25 00:00:00+00:00,80.44603093652955
2021-08-26 00:00:00+00:00,77.47675429707505
2021-08-27 00:00:00+00:00,76.75136158240812
2021-08-30 00:00:00+00:00,77.25321503558234
2021-08-31 00:00:00+00:00,75.74540530819854
2021-09-01 00:00:00+00:00,75.16010103735209
2021-09-02 00:00:00+00:00,75.47107119181459
2021-09-03 00:00:00+00:00,73.53242553151233
2021-09-07 00:00:00+00:00,73.59519085258181
2021-09-08 00:00:00+00:00,74.80021713232881
2021-09-09 00:00:00+00:00,76.71137170202817
2021-09-10 00:00:00+00:00,78.822715779675
2021-09-13 00:00:00+00:00,81.57868967342237
2021-09-14 00:00:00+00:00,84.01081211630365
2021-09-15 00:00:00+00:00,85.68989756088058
2021-09-16 00:00:00+00:00,88.52701072671765
2021-09-17 00:00:00+00:00,90.41841950394168
2021-09-20 00:00:00+00:00,92.22500385710325
2021-09-21 00:00:00+00:00,92.79797736898291
2021-09-22 00:00:00+00:00,93.28786494240875
2021-09-23 00:00:00+00:00,90.19329268518844
2021-09-24 00:00:00+00:00,86.49017767946904
2021-09-27 00:00:00+00:00,85.0549645834384
2021-09-28 00:00:00+00:00,84.46143808797736
2021-09-29 00:00:00+00:00,65.35102248820898
2021-09-30 00:00:00+00:00,52.73654953722478
2021-10-01 00:00:00+00:00,45.80406762410392
2021-10-04 00:00:00+00:00,41.325593689759096
2021-10-05 00:00:00+00:00,39.27508870857521
2021-10-06 00:00:00+00:00,38.244241270007905
2021-10-07 00:00:00+00:00,38.10957609460923
2021-10-08 00:00:00+00:00,36.884030756386544
2021-10-11 00:00:00+00:00,36.72153103743722
2021-10-12 00:00:00+00:00,39.16621060091641
2021-10-13 00:00:00+00:00,40.151880462034995
2021-10-14 00:00:00+00:00,39.98106485876191
2021-10-15 00:00:00+00:00,37.76978788709498
2021-10-18 00:00:00+00:00,36.01480414818257
2021-10-19 00:00:00+00:00,38.84924121452997
2021-10-20 00:00:00+00:00,40.98630579299164
2021-10-21 00:00:00+00:00,44.39977565403646
2021-10-22 00:00:00+00:00,46.67542222806581
2021-10-25 00:00:00+00:00,49.52085983540774
2021-10-26 00:00:00+00:00,53.76719468524055
2021-10-27 00:00:00+00:00,52.18893472603635
2021-10-28 00:00:00+00:00,50.87641177530332
2021-10-29 00:00:00+00:00,48.41757845240066
2021-11-01 00:00:00+00:00,48.39317588920291
2021-11-02 00:00:00+00:00,50.454116866807695
2021-11-03 00:00:00+00:00,52.93385418235768
2021-11-04 00:00:00+00:00,55.41384461349051
2021-11-05 00:00:00+00:00,58.86045586895415
2021-11-08 00:00:00+00:00,59.37315852814883
2021-11-09 00:00:00+00:00,61.09071692745283
2021-11-10 00:00:00+00:00,61.73530448361366
2021-11-11 00:00:00+00:00,56.46581720704037
2021-11-12 00:00:00+00:00,52.95282568932415
2021-11-15 00:00:00+00:00,50.23293468156685
2021-11-16 00:00:00+00:00,47.25461374038359
2021-11-17 00:00:00+00:00,44.49658986081148
2021-11-18 00:00:00+00:00,38.63212392484303
2021-11-19 00:00:00+00:00,36.44087720077253
2021-11-22 00:00:00+00:00,34.980046051391625
2021-11-23 00:00:00+00:00,39.32640172039472
2021-11-24 00:00:00+00:00,40.32959216342639
2021-11-26 00:00:00+00:00,45.40638831201303
2021-11-29 00:00:00+00:00,53.06131539826536
2021-11-30 00:00:00+00:00,60.01722188791745
2021-12-01 00:00:00+00:00,65.76199564614053
2021-12-02 00:00:00+00:00,65.29536656440749
2021-12-03 00:00:00+00:00,59.66878429966636
2021-12-06 00:00:00+00:00,53.46942551655077
2021-12-07 00:00:00+00:00,45.49466830819685
2021-12-08 00:00:00+00:00,39.73145611478772
2021-12-09 00:00:00+00:00,33.32111036415057
2021-12-10 00:00:00+00:00,28.698517980079455
2021-12-13 00:00:00+00:00,25.468837893765834
2021-12-14 00:00:00+00:00,23.23416618952593
2021-12-15 00:00:00+00:00,23.599406292850496
2021-12-16 00:00:00+00:00,23.479025201068495
2021-12-17 00:00:00+00:00,23.2685967741318
2021-12-20 00:00:00+00:00,27.271784988265203
2021-12-21 00:00:00+00:00,38.24681050639643
2021-12-22 00:00:00+00:00,46.36984335280894
2021-12-23 00:00:00+00:00,51.95593380098525
2021-12-27 00:00:00+00:00,56.05321109950548
2021-12-28 00:00:00+00:00,58.78472929851823
2021-12-29 00:00:00+00:00,60.60574143119254
2021-12-30 00:00:00+00:00,61.81974951964112
2021-12-31 00:00:00+00:00,61.57431895964454
2022-01-03 00:00:00+00:00,64.47728859519087
2022-01-04 00:00:00+00:00,66.87639721556184
2022-01-05 00:00:00+00:00,67.85323705825536
2022-01-06 00:00:00+00:00,60.095953087605494
2022-01-07 00:00:00+00:00,50.91488222902438
2022-01-10 00:00:00+00:00,44.06013975302588
2022-01-11 00:00:00+00:00,38.13550906948876
2022-01-12 00:00:00+00:00,33.28356351519173
2022-01-13 00:00:00+00:00,37.96764098937339
2022-01-14 00:00:00+00:00,37.65772020280202
2022-01-18 00:00:00+00:00,38.015305466189666
2022-01-19 00:00:00+00:00,39.435978641621965
2022-01-20 00:00:00+00:00,40.99919458529748
2022-01-21 00:00:00+00:00,43.0104929097117
2022-01-24 00:00:00+00:00,48.602775860382025
2022-01-25 00:00:00+00:00,56.01066903787961
2022-01-26 00:00:00+00:00,60.94926448954399
2022-01-27 00:00:00+00:00,64.83682014404879
2022-01-28 00:00:00+00:00,67.42852391371781
2022-01-31 00:00:00+00:00,69.33519556035549
2022-02-01 00:00:00+00:00,71.66638830493834
2022-02-02 00:00:00+00:00,73.87360216006198
2022-02-03 00:00:00+00:00,73.08988595452674
2022-02-04 00:00:00+00:00,67.84648572825535
2022-02-07 00:00:00+00:00,66.0501161040509
2022-02-08 00:00:00+00:00,64.38900654370835
2022-02-09 00:00:00+00:00,63.910061597568784
2022-02-10 00:00:00+00:00,65.34918946468852
2022-02-11 00:00:00+00:00,64.0827900274248
2022-02-14 00:00:00+00:00,67.6853802442838
2022-02-15 00:00:00+00:00,67.72833511845731
2022-02-16 00:00:00+00:00,64.0781997269905
2022-02-17 00:00:00+00:00,60.893582573655344
2022-02-18 00:00:00+00:00,64.78494267512491
2022-02-22 00:00:00+00:00,53.1095498046097
2022-02-23 00:00:00+00:00,43.84228073168019
2022-02-24 00:00:00+00:00,36.61225738520952
2022-02-25 00:00:00+00:00,31.58762905088032
2022-02-28 00:00:00+00:00,29.795720625554242
2022-03-01 00:00:00+00:00,36.344754655921435
2022-03-02 00:00:00+00:00,43.518267527618136
2022-03-03 00:00:00+00:00,47.36863048144149
2022-03-04 00:00:00+00:00,50.71929222151965
2022-03-07 00:00:00+00:00,53.65887004673277
2022-03-08 00:00:00+00:00,55.618588596874524
2022-03-09 00:00:00+00:00,57.29033806543022
2022-03-10 00:00:00+00:00,62.37188496634411
2022-03-11 00:00:00+00:00,66.76518332329644
2022-03-14 00:00:00+00:00,67.74919803245788
2022-03-15 00:00:00+00:00,69.58532597277667
2022-03-16 00:00:00+00:00,70.80941126632209
2022-03-17 00:00:00+00:00,69.36929372204932
2022-03-18 00:00:00+00:00,65.73410398512522
2022-03-21 00:00:00+00:00,61.96320812097967
2022-03-22 00:00:00+00:00,60.2609868407753
2022-03-23 00:00:00+00:00,59.953746680713365
2022-03-24 00:00:00+00:00,60.09632960737966
2022-03-25 00:00:00+00:00,63.519217925898275
2022-03-28 00:00:00+00:00,66.38315306609925
2022-03-29 00:00:00+00:00,66.77602789591253
2022-03-30 00:00:00+00:00,68.96080160305266
2022-03-31 00:00:00+00:00,72.45872070924965
2022-04-01 00:00:00+00:00,74.17351798856077
2022-04-04 00:00:00+00:00,75.69424004677182
2022-04-05 00:00:00+00:00,78.03894537806357
2022-04-06 00:00:00+00:00,70.79276192911921
2022-04-07 00:00:00+00:00,66.81995097449052
2022-04-08 00:00:00+00:00,62.01555611007107
2022-04-11 00:00:00+00:00,59.669082966191276
2022-04-12 00:00:00+00:00,54.192108136361284
2022-04-13 00:00:00+00:00,53.54239514372237
2022-04-14 00:00:00+00:00,53.109253148629385
2022-04-18 00:00:00+00:00,51.82017476128454
2022-04-19 00:00:00+00:00,50.96078916972088
2022-04-20 00:00:00+00:00,48.62866612418968
2022-04-21 00:00:00+00:00,46.03180067640116
2022-04-22 00:00:00+00:00,45.782786054936835
2022-04-25 00:00:00+00:00,42.86099716665174
2022-04-26 00:00:00+00:00,39.99650850446674
2022-04-27 00:00:00+00:00,37.71168735803839
2022-04-28 00:00:00+00:00,34.15777369489668
2022-04-29 00:00:00+00:00,31.338578606772753
2022-05-02 00:00:00+00:00,29.459115214689806
2022-05-03 00:00:00+00:00,38.54766005441314
2022-05-04 00:00:00+00:00,43.820504727494466
2022-05-05 00:00:00+00:00,49.04647795330544
2022-05-06 00:00:00+00:00,48.678995191676584
2022-05-09 00:00:00+00:00,47.97468114561226
2022-05-10 00:00:00+00:00,47.50513844823553
2022-05-11 00:00:00+00:00,43.78202060018193
2022-05-12 00:00:00+00:00,39.1353812231627
2022-05-13 00:00:00+00:00,35.052029587424826
2022-05-16 00:00:00+00:00,32.329795163599286
2022-05-17 00:00:00+00:00,26.70513952826453
2022-05-18 00:00:00+00:00,22.39737462479766
2022-05-19 00:00:00+00:00,18.507491018799286
2022-05-20 00:00:00+00:00,15.407325288682099
2022-05-23 00:00:00+00:00,13.096463561643645
2022-05-24 00:00:00+00:00,11.21694867308311
2022-05-25 00:00:00+00:00,16.383918343299698
2022-05-26 00:00:00+00:00,19.828564790110573
2022-05-27 00:00:00+00:00,21.72297236204742
2022-05-31 00:00:00+00:00,24.204010547003588
2022-06-01 00:00:00+00:00,25.22130265207253
2022-06-02 00:00:00+00:00,25.765496254298824
2022-06-03 00:00:00+00:00,25.064642141469673
2022-06-06 00:00:00+00:00,24.095882645259728
2022-06-07 00:00:00+00:00,23.191088889689784
2022-06-08 00:00:00+00:00,19.700167684883176
2022-06-09 00:00:00+00:00,20.860288934662655
2022-06-10 00:00:00+00:00,21.529282732801512
2022-06-13 00:00:00+00:00,28.042908010163675
2022-06-14 00:00:00+00:00,32.20316563051372
2022-06-15 00:00:00+00:00,34.976670710746674
2022-06-16 00:00:00+00:00,38.410694227660244
2022-06-17 00:00:00+00:00,45.58221774900733
2022-06-21 00:00:00+00:00,42.55045202616294
2022-06-22 00:00:00+00:00,40.970524399311266
2022-06-23 00:00:00+00:00,37.79510277819234
2022-06-24 00:00:00+00:00,35.01156722875922
2022-06-27 00:00:00+00:00,33.15587686247024
2022-06-28 00:00:00+00:00,33.15279744268649
2022-06-29 00:00:00+00:00,34.70468453097593
2022-06-30 00:00:00+00:00,33.44009624553759
2022-07-01 00:00:00+00:00,36.570235143077085
2022-07-05 00:00:00+00:00,42.84504173100474
2022-07-06 00:00:00+00:00,47.028246122956055
2022-07-07 00:00:00+00:00,52.00157522644845
2022-07-08 00:00:00+00:00,53.966887970488905
2022-07-11 00:00:00+00:00,51.742773120111075
2022-07-12 00:00:00+00:00,45.60821695411492
2022-07-13 00:00:00+00:00,38.7159753898088
2022-07-14 00:00:00+00:00,33.198471760519595
2022-07-15 00:00:00+00:00,29.17636954369752
2022-07-18 00:00:00+00:00,30.719188977528656
2022-07-19 00:00:00+00:00,31.74773526674918
2022-07-20 00:00:00+00:00,31.81270800736483
2022-07-21 00:00:00+00:00,36.41959355183833
2022-07-22 00:00:00+00:00,41.84689008033929
2022-07-25 00:00:00+00:00,44.515453551951424
2022-07-26 00:00:00+00:00,50.704093725851635
2022-07-27 00:00:00+00:00,57.36845190410469
2022-07-28 00:00:00+00:00,61.81135735627295
2022-07-29 00:00:00+00:00,64.77329432438461
2022-08-01 00:00:00+00:00,65.64139760605565
2022-08-02 00:00:00+00:00,63.80053806215154
2022-08-03 00:00:00+00:00,59.161234558064
2022-08-04 00:00:00+00:00,56.068365555338545
2022-08-05 00:00:00+00:00,55.371126608156175
2022-08-08 00:00:00+00:00,51.5016244974926
2022-08-09 00:00:00+00:00,48.31716497845167
2022-08-10 00:00:00+00:00,47.069587674158846
2022-08-11 00:00:00+00:00,47.70356075918866
2022-08-12 00:00:00+00:00,48.12620948254127
2022-08-15 00:00:00+00:00,48.40797529810901
2022-08-16 00:00:00+00:00,48.59581917515339
2022-08-17 00:00:00+00:00,53.63288633425732
2022-08-18 00:00:00+00:00,57.50082851267017
2022-08-19 00:00:00+00:00,58.1685950876832
2022-08-22 00:00:00+00:00,58.61377280435756
2022-08-23 00:00:00+00:00,58.910557948805994
2022-08-24 00:00:00+00:00,63.55901945429154
2022-08-25 00:00:00+00:00,68.61690408556447
2022-08-26 00:00:00+00:00,69.82243227180834
2022-08-29 00:00:00+00:00,73.04481035543986
2022-08-30 00:00:00+00:00,74.17835314993502
2022-08-31 00:00:00+00:00,75.84530725490946
2022-09-01 00:00:00+00:00,75.83907999548614
2022-09-02 00:00:00+00:00,77.98060893630156
2022-09-06 00:00:00+00:00,79.95279815798624
2022-09-07 00:00:00+00:00,80.13772894275489
2022-09-08 00:00:00+00:00,80.93342266988495
2022-09-09 00:00:00+00:00,72.6295284217185
2022-09-12 00:00:00+00:00,65.81655811238768
2022-09-13 00:00:00+00:00,63.87943443749697
2022-09-14 00:00:00+00:00,62.58801865423575
2022-09-15 00:00:00+00:00,59.45590545299465
2022-09-16 00:00:00+00:00,69.50623601381413
2022-09-19 00:00:00+00:00,75.10140417435628
2022-09-20 00:00:00+00:00,78.99132769641847
2022-09-21 00:00:00+00:00,82.10304894187442
2022-09-22 00:00:00+00:00,84.49007903112415
2022-09-23 00:00:00+00:00,86.1312682930492
2022-09-26 00:00:00+00:00,81.48138671687035
2022-09-27 00:00:00+00:00,77.04668017709108
2022-09-28 00:00:00+00:00,74.0902091505712
2022-09-29 00:00:00+00:00,71.91524146856378
2022-09-30 00:00:00+00:00,68.9563661662995
2022-10-03 00:00:00+00:00,65.10056467585835
2022-10-04 00:00:00+00:00,60.575410847863544
2022-10-05 00:00:00+00:00,65.8831668781665
2022-10-06 00:00:00+00:00,69.89772635059201
2022-10-07 00:00:00+00:00,72.57409933220865
2022-10-10 00:00:00+00:00,74.4162881973701
2022-10-11 00:00:00+00:00,74.96000856619705
2022-10-12 00:00:00+00:00,73.01487971682528
2022-10-13 00:00:00+00:00,72.22702228707377
2022-10-14 00:00:00+00:00,68.88920726809577
2022-10-17 00:00:00+00:00,68.4997291869488
2022-10-18 00:00:00+00:00,69.01611876134737
2022-10-19 00:00:00+00:00,69.59009337922726
2022-10-20 00:00:00+00:00,69.97274312447989
2022-10-21 00:00:00+00:00,70.51242286742294
2022-10-24 00:00:00+00:00,70.10217308663493
2022-10-25 00:00:00+00:00,69.82867323277542
2022-10-26 00:00:00+00:00,71.84820890712754
2022-10-27 00:00:00+00:00,75.39973315049949
2022-10-28 00:00:00+00:00,77.76741597941326
2022-10-31 00:00:00+00:00,75.89814109109146
2022-11-01 00:00:00+00:00,76.6170969571664
2022-11-02 00:00:00+00:00,78.36465068752737
2022-11-03 00:00:00+00:00,73.15495620742392
2022-11-04 00:00:00+00:00,70.45906736537677
2022-11-07 00:00:00+00:00,65.4846588004365
2022-11-08 00:00:00+00:00,59.32642143316151
2022-11-09 00:00:00+00:00,55.220929854977754
2022-11-10 00:00:00+00:00,50.762728041174356
2022-11-11 00:00:00+00:00,46.77581901288778
2022-11-14 00:00:00+00:00,42.76933153834789
2022-11-15 00:00:00+00:00,40.09833988865424
2022-11-16 00:00:00+00:00,37.48121522092596
2022-11-17 00:00:00+00:00,39.59856838246999
2022-11-18 00:00:00+00:00,39.47662597504013
2022-11-21 00:00:00+00:00,33.20207662251643
2022-11-22 00:00:00+00:00,29.019043720833796
2022-11-23 00:00:00+00:00,24.220346371965455
2022-11-25 00:00:00+00:00,20.76442000257664
2022-11-28 00:00:00+00:00,18.198239469743456
2022-11-29 00:00:00+00:00,16.48745244785455
2022-11-30 00:00:00+00:00,19.090459189518036
2022-12-01 00:00:00+00:00,24.072133629044725
2022-12-02 00:00:00+00:00,27.393249922062186
2022-12-05 00:00:00+00:00,34.03365851477586
2022-12-06 00:00:00+00:00,46.08295480334557
2022-12-07 00:00:00+00:00,54.58555064722354
2022-12-08 00:00:00+00:00,57.92748800621355
2022-12-09 00:00:00+00:00,60.155446245539736
2022-12-12 00:00:00+00:00,61.64075173842331
2022-12-13 00:00:00+00:00,59.89493645484858
2022-12-14 00:00:00+00:00,56.3474734916574
2022-12-15 00:00:00+00:00,58.480538612108646
2022-12-16 00:00:00+00:00,58.70419559080468
2022-12-19 00:00:00+00:00,56.57009214560915
2022-12-20 00:00:00+00:00,58.06742568091353
2022-12-21 00:00:00+00:00,57.88216834668968
2022-12-22 00:00:00+00:00,57.75866345720661
2022-12-23 00:00:00+00:00,52.87484252518655
2022-12-27 00:00:00+00:00,47.27256097496888
2022-12-28 00:00:00+00:00,42.20741051221581
2022-12-29 00:00:00+00:00,38.83064353704682
2022-12-30 00:00:00+00:00,36.57946555360052
2023-01-03 00:00:00+00:00,34.263026282010344
2023-01-04 00:00:00+00:00,39.83960199630942
2023-01-05 00:00:00+00:00,39.17910336481195
2023-01-06 00:00:00+00:00,38.73877094381334
2023-01-09 00:00:00+00:00,40.9021025893074
2023-01-10 00:00:00+00:00,41.38735735618882
2023-01-11 00:00:00+00:00,46.03227954114776
2023-01-12 00:00:00+00:00,50.824917099849316
2023-01-13 00:00:00+00:00,54.02000880564982
2023-01-17 00:00:00+00:00,59.40378499182252
2023-01-18 00:00:00+00:00,60.33723471961794
2023-01-19 00:00:00+00:00,61.727126877658165
2023-01-20 00:00:00+00:00,63.1281799170829
2023-01-23 00:00:00+00:00,66.17948653225376
2023-01-24 00:00:00+00:00,63.98169687938014
2023-01-25 00:00:00+00:00,61.998755058717016
2023-01-26 00:00:00+00:00,59.089766431822326
2023-01-27 00:00:00+00:00,57.62249792554847
2023-01-30 00:00:00+00:00,58.06602345839761
2023-01-31 00:00:00+00:00,55.374110001791706
2023-02-01 00:00:00+00:00,54.91195436402154
2023-02-02 00:00:00+00:00,51.823887859340026
2023-02-03 00:00:00+00:00,50.67647788569897
2023-02-06 00:00:00+00:00,44.97816850805704
2023-02-07 00:00:00+00:00,40.38864401990087
2023-02-08 00:00:00+00:00,35.64059084182955
2023-02-09 00:00:00+00:00,31.850033960835123
2023-02-10 00:00:00+00:00,37.646424160753085
2023-02-13 00:00:00+00:00,44.19325386015335
2023-02-14 00:00:00+00:00,50.09227738703675
2023-02-15 00:00:00+00:00,52.82814437429275
2023-02-16 00:00:00+00:00,58.60789573372663
2023-02-17 00:00:00+00:00,63.85202509414137
2023-02-21 00:00:00+00:00,61.97159287240879
2023-02-22 00:00:00+00:00,58.28956109574715
2023-02-23 00:00:00+00:00,56.57929340385401
2023-02-24 00:00:00+00:00,55.439114942591544
2023-02-27 00:00:00+00:00,57.67816027930034
2023-02-28 00:00:00+00:00,59.170857170439085
2023-03-01 00:00:00+00:00,59.65890532120903
2023-03-02 00:00:00+00:00,59.98427075505509
2023-03-03 00:00:00+00:00,60.20118104428516
2023-03-06 00:00:00+00:00,60.345787903771125
2023-03-07 00:00:00+00:00,68.23275300240822
2023-03-08 00:00:00+00:00,74.16747454525826
2023-03-09 00:00:00+00:00,78.8783510520489
2023-03-10 00:00:00+00:00,82.34952781829554
2023-03-13 00:00:00+00:00,74.31736694899134
2023-03-14 00:00:00+00:00,67.65452060331712
2023-03-15 00:00:00+00:00,63.77692707184966
2023-03-16 00:00:00+00:00,59.08623082033928
2023-03-17 00:00:00+00:00,57.87292357955658
2023-03-20 00:00:00+00:00,54.442960906339096
2023-03-21 00:00:00+00:00,51.632973774275285
2023-03-22 00:00:00+00:00,50.723062658896175
2023-03-23 00:00:00+00:00,52.63284218746114
2023-03-24 00:00:00+00:00,51.187710935954186
2023-03-27 00:00:00+00:00,52.02308216179518
2023-03-28 00:00:00+00:00,47.4881300970685
2023-03-29 00:00:00+00:00,40.03779014296556
2023-03-30 00:00:00+00:00,35.80691596584335
2023-03-31 00:00:00+00:00,31.90334643217998
2023-04-03 00:00:00+00:00,32.32579954940316
2023-04-04 00:00:00+00:00,31.049933254256143
2023-04-05 00:00:00+00:00,30.136060847245417
2023-04-06 00:00:00+00:00,27.54111751727168
2023-04-10 00:00:00+00:00,24.111874110747486
2023-04-11 00:00:00+00:00,21.591606435007627
2023-04-12 00:00:00+00:00,19.73399664251697
2023-04-13 00:00:00+00:00,18.029830915427965
2023-04-14 00:00:00+00:00,20.00391770772093
2023-04-17 00:00:00+00:00,23.15547994953168
2023-04-18 00:00:00+00:00,28.595548716035253
2023-04-19 00:00:00+00:00,35.62471483442053
2023-04-20 00:00:00+00:00,39.6961219272581
2023-04-21 00:00:00+00:00,44.93264761484049
2023-04-24 00:00:00+00:00,46.381213256417794
2023-04-25 00:00:00+00:00,46.94194349500734
2023-04-26 00:00:00+00:00,50.60778800163105
2023-04-27 00:00:00+00:00,49.05687553721468
2023-04-28 00:00:00+00:00,46.4037413439398
2023-05-01 00:00:00+00:00,54.67729530705243
2023-05-02 00:00:00+00:00,59.17141041027906
2023-05-03 00:00:00+00:00,54.93302204043893
2023-05-04 00:00:00+00:00,52.10742979387872
2023-05-05 00:00:00+00:00,47.818624850519846
2023-05-08 00:00:00+00:00,46.53786467132606
2023-05-09 00:00:00+00:00,45.17972834938987
2023-05-10 00:00:00+00:00,41.94888949085763
2023-05-11 00:00:00+00:00,39.7949969185027
2023-05-12 00:00:00+00:00,37.47810014294643
2023-05-15 00:00:00+00:00,35.63145895574576
2023-05-16 00:00:00+00:00,36.240800350820834
2023-05-17 00:00:00+00:00,36.56488387790349
2023-05-18 00:00:00+00:00,34.62374628171759
2023-05-19 00:00:00+00:00,33.32965455092685
2023-05-22 00:00:00+00:00,33.70744744685118
2023-05-23 00:00:00+00:00,34.51951820132896
2023-05-24 00:00:00+00:00,37.29435360971447
2023-05-25 00:00:00+00:00,38.464619634205185
2023-05-26 00:00:00+00:00,39.09843877210312
2023-05-30 00:00:00+00:00,43.28584175614888
2023-05-31 00:00:00+00:00,43.56422662668654
2023-06-01 00:00:00+00:00,43.95465756636911
2023-06-02 00:00:00+00:00,43.501155300709755
2023-06-05 00:00:00+00:00,48.359216094558946
2023-06-06 00:00:00+00:00,51.59792329045797
2023-06-07 00:00:00+00:00,53.93702619616129
2023-06-08 00:00:00+00:00,57.26621556117164
2023-06-09 00:00:00+00:00,60.748099698443355
2023-06-12 00:00:00+00:00,63.82012384021712
2023-06-13 00:00:00+00:00,68.28887356345749
2023-06-14 00:00:00+00:00,72.57120013934336
2023-06-15 00:00:00+00:00,75.07691559929894
2023-06-16 00:00:00+00:00,76.74739257260188
2023-06-20 00:00:00+00:00,78.0775842099549
2023-06-21 00:00:00+00:00,75.09759160849836
2023-06-22 00:00:00+00:00,64.28801795783755
2023-06-23 00:00:00+00:00,54.17032941001858
2023-06-26 00:00:00+00:00,44.139522186116565
2023-06-27 00:00:00+00:00,38.59814157923242
2023-06-28 00:00:00+00:00,34.80994235295873
2023-06-29 00:00:00+00:00,31.78252318817963
2023-06-30 00:00:00+00:00,33.70977312156068
2023-07-03 00:00:00+00:00,38.20114635908153
2023-07-05 00:00:00+00:00,43.831264995856486
2023-07-06 00:00:00+00:00,47.58467742037271
2023-07-07 00:00:00+00:00,48.963175315766314
2023-07-10 00:00:00+00:00,52.67315335130894
2023-07-11 00:00:00+00:00,55.146472041670165
2023-07-12 00:00:00+00:00,55.389090403256375
2023-07-13 00:00:00+00:00,60.33056777559838
2023-07-14 00:00:00+00:00,64.71862784212054
2023-07-17 00:00:00+00:00,63.7525571123712
2023-07-18 00:00:00+00:00,61.93268889346049
2023-07-19 00:00:00+00:00,57.02510148176692
2023-07-20 00:00:00+00:00,54.368361248226655
2023-07-21 00:00:00+00:00,53.65710440905072
2023-07-24 00:00:00+00:00,55.5102289728304
2023-07-25 00:00:00+00:00,54.33358807569843
2023-07-26 00:00:00+00:00,53.76962252089217
2023-07-27 00:00:00+00:00,51.87941167074796
2023-07-28 00:00:00+00:00,48.16426180516777
2023-07-31 00:00:00+00:00,43.82387827169444
2023-08-01 00:00:00+00:00,36.70258767551233
2023-08-02 00:00:00+00:00,30.340424894136746
2023-08-03 00:00:00+00:00,29.551006590272547
2023-08-04 00:00:00+00:00,29.024727721029556
2023-08-07 00:00:00+00:00,25.315595947341674
2023-08-08 00:00:00+00:00,22.84284143154965
2023-08-09 00:00:00+00:00,26.92091658739305
2023-08-10 00:00:00+00:00,28.3497459683568
2023-08-11 00:00:00+00:00,29.30229888899911
2023-08-14 00:00:00+00:00,29.93733416942711
2023-08-15 00:00:00+00:00,32.105120896247044
2023-08-16 00:00:00+00:00,37.76591826341706
2023-08-17 00:00:00+00:00,41.175969896545325
2023-08-18 00:00:00+00:00,46.224175036017044
2023-08-21 00:00:00+00:00,49.58964512899773
2023-08-22 00:00:00+00:00,50.61016276759887
2023-08-23 00:00:00+00:00,53.33623116155489
2023-08-24 00:00:00+00:00,55.15361009085832
2023-08-25 00:00:00+00:00,56.5938879407477
2023-08-28 00:00:00+00:00,60.5532976877773
2023-08-29 00:00:00+00:00,67.84763344187377
2023-08-30 00:00:00+00:00,73.06588208571542
2023-08-31 00:00:00+00:00,77.53514618105814
2023-09-01 00:00:00+00:00,81.4140054945798
2023-09-05 00:00:00+00:00,84.80574763373896
2023-09-06 00:00:00+00:00,83.93336245748324
2023-09-07 00:00:00+00:00,81.08434766606105
2023-09-08 00:00:00+00:00,78.05023599173282
2023-09-11 00:00:00+00:00,76.4858363916459
2023-09-12 00:00:00+00:00,72.97662025961829
2023-09-13 00:00:00+00:00,71.1372802111986
2023-09-14 00:00:00+00:00,67.39607397083029
2023-09-15 00:00:00+00:00,63.47936569731891
2023-09-18 00:00:00+00:00,59.68984385669734
2023-09-19 00:00:00+00:00,59.18757447936939
2023-09-20 00:00:00+00:00,55.389766263101556
2023-09-21 00:00:00+00:00,58.990379897658734
2023-09-22 00:00:00+00:00,61.930936829914565
2023-09-25 00:00:00+00:00,62.069845635006686
2023-09-26 00:00:00+00:00,53.75646362293168
2023-09-27 00:00:00+00:00,47.3149787613836
2023-09-28 00:00:00+00:00,42.563138634449146
2023-09-29 00:00:00+00:00,40.367495536370406
2023-10-02 00:00:00+00:00,38.55582769537257
2023-10-03 00:00:00+00:00,37.34804913470708
2023-10-04 00:00:00+00:00,36.54286342759647
2023-10-05 00:00:00+00:00,38.74200594481289
2023-10-06 00:00:00+00:00,35.8665384804357
2023-10-09 00:00:00+00:00,32.91407354874815
2023-10-10 00:00:00+00:00,28.896392403787704
2023-10-11 00:00:00+00:00,25.279086115299425
2023-10-12 00:00:00+00:00,25.415649247790927
2023-10-13 00:00:00+00:00,24.128166574911152
2023-10-16 00:00:00+00:00,24.541264209319202
2023-10-17 00:00:00+00:00,23.155392763865738
2023-10-18 00:00:00+00:00,23.519994194364713
2023-10-19 00:00:00+00:00,23.76306181469718
2023-10-20 00:00:00+00:00,25.430866963322096
2023-10-23 00:00:00+00:00,25.392513531076954
2023-10-24 00:00:00+00:00,28.36832473531285
2023-10-25 00:00:00+00:00,38.00473009535606
2023-10-26 00:00:00+00:00,44.42900033538447
2023-10-27 00:00:00+00:00,50.838918127891105
2023-10-30 00:00:00+00:00,54.18832431294041
2023-10-31 00:00:00+00:00,56.42126176963943
2023-11-01 00:00:00+00:00,61.01610665019942
2023-11-02 00:00:00+00:00,64.31923328831947
2023-11-03 00:00:00+00:00,67.02841009352107
2023-11-06 00:00:00+00:00,68.83452796365476
2023-11-07 00:00:00+00:00,71.14299622201236
2023-11-08 00:00:00+00:00,72.68197506091656
2023-11-09 00:00:00+00:00,74.9212340958995
2023-11-10 00:00:00+00:00,76.78561691790514
2023-11-13 00:00:00+00:00,73.44195550447935
2023-11-14 00:00:00+00:00,71.62945556763796
2023-11-15 00:00:00+00:00,70.86046968482452
2023-11-16 00:00:00+00:00,62.951204556517716
2023-11-17 00:00:00+00:00,56.361905442603
2023-11-20 00:00:00+00:00,48.925463340439194
2023-11-21 00:00:00+00:00,44.7013699746897
2023-11-22 00:00:00+00:00,39.95006367697598
2023-11-24 00:00:00+00:00,38.72625876164279
2023-11-27 00:00:00+00:00,43.795513781069026
2023-11-28 00:00:00+00:00,49.626620282234626
2023-11-29 00:00:00+00:00,50.36152998674795
2023-11-30 00:00:00+00:00,50.85146978975632
2023-12-01 00:00:00+00:00,47.16737605974707
2023-12-04 00:00:00+00:00,44.71131357307384
2023-12-05 00:00:00+00:00,43.073938581957904
2023-12-06 00:00:00+00:00,36.925191773559
2023-12-07 00:00:00+00:00,32.50389468515837
2023-12-08 00:00:00+00:00,29.327405122921867
2023-12-11 00:00:00+00:00,27.209745414763944
2023-12-12 00:00:00+00:00,28.02100340181229
2023-12-13 00:00:00+00:00,28.56184205984413
2023-12-14 00:00:00+00:00,25.541128024957533
2023-12-15 00:00:00+00:00,22.425823594728
2023-12-18 00:00:00+00:00,23.543329526752935
2023-12-19 00:00:00+00:00,22.78316917103842
2023-12-20 00:00:00+00:00,22.276395600561862
2023-12-21 00:00:00+00:00,20.87786043047391
2023-12-22 00:00:00+00:00,19.559585129289083
2023-12-26 00:00:00+00:00,18.680734928498993
2023-12-27 00:00:00+00:00,17.1193434027809
2023-12-28 00:00:00+00:00,20.407523398957217
2023-12-29 00:00:00+00:00,22.267426264784362
2024-01-02 00:00:00+00:00,23.507361508668758
2024-01-03 00:00:00+00:00,23.935327400355277
2024-01-04 00:00:00+00:00,27.63722460251652
2024-01-05 00:00:00+00:00,30.1051560706234
2024-01-08 00:00:00+00:00,34.54747162642127
2024-01-09 00:00:00+00:00,40.346721206756925
2024-01-10 00:00:00+00:00,45.081435290682094
2024-01-11 00:00:00+00:00,39.478170005142005
2024-01-12 00:00:00+00:00,38.80354982647661
2024-01-16 00:00:00+00:00,36.42353443017245
2024-01-17 00:00:00+00:00,33.11925813082121
2024-01-18 00:00:00+00:00,30.916407264586745
2024-01-19 00:00:00+00:00,27.462070001334013
2024-01-22 00:00:00+00:00,24.618934356012016
2024-01-23 00:00:00+00:00,26.85022326781747
2024-01-24 00:00:00+00:00,33.3356887737777
2024-01-25 00:00:00+00:00,40.07356575258973
2024-01-26 00:00:00+00:00,47.31400969614448
2024-01-29 00:00:00+00:00,52.140972325180385
2024-01-30 00:00:00+00:00,51.26022171637658
2024-01-31 00:00:00+00:00,46.834166949794685
2024-02-01 00:00:00+00:00,41.89669818761823
2024-02-02 00:00:00+00:00,44.89564902715949
2024-02-05 00:00:00+00:00,46.894949586853315
2024-02-06 00:00:00+00:00,44.92526879160702
2024-02-07 00:00:00+00:00,43.61214826144251
2024-02-08 00:00:00+00:00,42.73673457466583
2024-02-09 00:00:00+00:00,41.227831861324354
2024-02-12 00:00:00+00:00,39.65663387564575
2024-02-13 00:00:00+00:00,36.14689170352453
2024-02-14 00:00:00+00:00,32.74128054228652
2024-02-15 00:00:00+00:00,28.824917934003587
2024-02-16 00:00:00+00:00,33.22399738535682
2024-02-20 00:00:00+00:00,39.629049309747415
2024-02-21 00:00:00+00:00,40.65186805538262
2024-02-22 00:00:00+00:00,43.16680076844062
2024-02-23 00:00:00+00:00,50.1089131373609
2024-02-26 00:00:00+00:00,55.7866407480894
2024-02-27 00:00:00+00:00,65.4608655098302
2024-02-28 00:00:00+00:00,64.79973926800895
2024-02-29 00:00:00+00:00,62.03816411511382
2024-03-01 00:00:00+00:00,55.25988843456787
2024-03-04 00:00:00+00:00,49.86872674959864
2024-03-05 00:00:00+00:00,46.274618959619055
2024-03-06 00:00:00+00:00,40.53588264453424
2024-03-07 00:00:00+00:00,39.39862736920506
2024-03-08 00:00:00+00:00,38.947137860276904
2024-03-11 00:00:00+00:00,39.15151324678286
2024-03-12 00:00:00+00:00,37.6700343788371
2024-03-13 00:00:00+00:00,37.654114566861026
2024-03-14 00:00:00+00:00,43.50855862441352
2024-03-15 00:00:00+00:00,48.01136873164495
2024-03-18 00:00:00+00:00,53.60113472114681
2024-03-19 00:00:00+00:00,58.257419022884136
2024-03-20 00:00:00+00:00,61.82964789961185
2024-03-21 00:00:00+00:00,65.34964962569416
2024-03-22 00:00:00+00:00,69.23853759629374
2024-03-25 00:00:00+00:00,72.79332079933941
2024-03-26 00:00:00+00:00,75.3196887759365
2024-03-27 00:00:00+00:00,77.48914436200224
2024-03-28 00:00:00+00:00,79.55047838679279
2024-04-01 00:00:00+00:00,81.94983482128116
2024-04-02 00:00:00+00:00,81.38943843513567
2024-04-03 00:00:00+00:00,81.37000414944097
2024-04-04 00:00:00+00:00,76.55255663147537
2024-04-05 00:00:00+00:00,72.12074494138292
2024-04-08 00:00:00+00:00,62.747618765976796
2024-04-09 00:00:00+00:00,54.06663550047512
2024-04-10 00:00:00+00:00,48.767565472151844
2024-04-11 00:00:00+00:00,48.45442813146832
2024-04-12 00:00:00+00:00,46.3157894662242
2024-04-15 00:00:00+00:00,41.075461040508046
2024-04-16 00:00:00+00:00,37.04655600247009
2024-04-17 00:00:00+00:00,35.4047974573122
2024-04-18 00:00:00+00:00,32.58884513777285
2024-04-19 00:00:00+00:00,31.286298983269987
2024-04-22 00:00:00+00:00,30.26564500004141
2024-04-23 00:00:00+00:00,29.09799829408419
2024-04-24 00:00:00+00:00,29.246226015973072
2024-04-25 00:00:00+00:00,28.93560807860332
2024-04-26 00:00:00+00:00,30.48204398113257
2024-04-29 00:00:00+00:00,30.489661112635673
2024-04-30 00:00:00+00:00,32.350435892040494
2024-05-01 00:00:00+00:00,36.88889661576018
2024-05-02 00:00:00+00:00,39.9145370982397
2024-05-03 00:00:00+00:00,46.63819991811725
2024-05-06 00:00:00+00:00,49.546044677427375
2024-05-07 00:00:00+00:00,51.484607850300456
2024-05-08 00:00:00+00:00,51.05851346434608
2024-05-09 00:00:00+00:00,48.470615555314566
2024-05-10 00:00:00+00:00,52.331702002338645
2024-05-13 00:00:00+00:00,50.339155688567885
2024-05-14 00:00:00+00:00,45.46377814753214
2024-05-15 00:00:00+00:00,41.835528229124904
2024-05-16 00:00:00+00:00,37.35574969244571
2024-05-17 00:00:00+00:00,34.05747834578039
2024-05-20 00:00:00+00:00,31.8586307813367
2024-05-21 00:00:00+00:00,31.390003972852135
2024-05-22 00:00:00+00:00,31.0775861005289
2024-05-23 00:00:00+00:00,34.09457918652012
2024-05-24 00:00:00+00:00,35.432648899912145
2024-05-28 00:00:00+00:00,38.453259129589476
2024-05-29 00:00:00+00:00,40.46699928270735
2024-05-30 00:00:00+00:00,41.80949271811887
2024-05-31 00:00:00+00:00,39.92114702867911
2024-06-03 00:00:00+00:00,36.65275878401103
2024-06-04 00:00:00+00:00,34.47383328756536
2024-06-05 00:00:00+00:00,32.16401198219899
2024-06-06 00:00:00+00:00,29.339694967835776
2024-06-07 00:00:00+00:00,26.56129934186336
2024-06-10 00:00:00+00:00,24.597419979699662
2024-06-11 00:00:00+00:00,23.28816707159028
2024-06-12 00:00:00+00:00,22.415331799517073
2024-06-13 00:00:00+00:00,21.833441618134604
2024-06-14 00:00:00+00:00,27.099398025956738
2024-06-17 00:00:00+00:00,30.610035631170884
2024-06-18 00:00:00+00:00,37.48881454116086
2024-06-20 00:00:00+00:00,41.658866888813364
2024-06-21 00:00:00+00:00,43.1551391375399
2024-06-24 00:00:00+00:00,47.565445009391425
2024-06-25 00:00:00+00:00,43.8897751360753
2024-06-26 00:00:00+00:00,53.00760029427401
2024-06-27 00:00:00+00:00,54.99178178124952
2024-06-28 00:00:00+00:00,55.39189073241291
2024-07-01 00:00:00+00:00,49.55914761773561
2024-07-02 00:00:00+00:00,50.31787690357454
2024-07-03 00:00:00+00:00,49.643684207824776
2024-07-05 00:00:00+00:00,49.84155361786126
2024-07-08 00:00:00+00:00,49.97346655788529
2024-07-09 00:00:00+00:00,49.582602864679245
2024-07-10 00:00:00+00:00,54.50123497145925
2024-07-11 00:00:00+00:00,57.78032304264554
2024-07-12 00:00:00+00:00,59.549605809376324
2024-07-15 00:00:00+00:00,55.87827606199899
2024-07-16 00:00:00+00:00,53.43072289708044
2024-07-17 00:00:00+00:00,51.44584166733103
2024-07-18 00:00:00+00:00,54.02589942871629
2024-07-19 00:00:00+00:00,57.223698300420956
2024-07-22 00:00:00+00:00,60.00329712189877
2024-07-23 00:00:00+00:00,63.32320785856308
2024-07-24 00:00:00+00:00,66.90413558721863
2024-07-25 00:00:00+00:00,71.8495748671346
2024-07-26 00:00:00+00:00,75.73131693270383
2024-07-29 00:00:00+00:00,75.56548975551738
2024-07-30 00:00:00+00:00,76.0090905696198
2024-07-31 00:00:00+00:00,75.4889152121402
2024-08-01 00:00:00+00:00,72.45829567610647
2024-08-02 00:00:00+00:00,63.75467105091179
2024-08-05 00:00:00+00:00,57.22638942436454
2024-08-06 00:00:00+00:00,52.267784297918645
2024-08-07 00:00:00+00:00,48.327417243068744
2024-08-08 00:00:00+00:00,45.70050587316846
2024-08-09 00:00:00+00:00,39.827189826856326
2024-08-12 00:00:00+00:00,35.11382533052687
2024-08-13 00:00:00+00:00,33.12204323531823
2024-08-14 00:00:00+00:00,28.2655251543575
2024-08-15 00:00:00+00:00,24.483296851769822
2024-08-16 00:00:00+00:00,21.961811316711255
2024-08-19 00:00:00+00:00,19.91677138505345
2024-08-20 00:00:00+00:00,17.64132925819136
2024-08-21 00:00:00+00:00,16.124367840283192
2024-08-22 00:00:00+00:00,15.055859388525782
2024-08-23 00:00:00+00:00,13.428891425262506
2024-08-26 00:00:00+00:00,18.192575143047193
2024-08-27 00:00:00+00:00,21.951489575591957
2024-08-28 00:00:00+00:00,27.313879371705518
2024-08-29 00:00:00+00:00,29.342851043672567
2024-08-30 00:00:00+00:00,30.695498824983623
2024-09-03 00:00:00+00:00,32.609490969253386
2024-09-04 00:00:00+00:00,31.50962133841639
2024-09-05 00:00:00+00:00,38.40831107720502
2024-09-06 00:00:00+00:00,45.35408988384087
2024-09-09 00:00:00+00:00,44.74929087431093
2024-09-10 00:00:00+00:00,44.71869431070867
2024-09-11 00:00:00+00:00,45.870904056843315
2024-09-12 00:00:00+00:00,45.22097316369884
2024-09-13 00:00:00+00:00,43.599744003029286
2024-09-16 00:00:00+00:00,44.844573718701135
2024-09-17 00:00:00+00:00,45.46630538038529
2024-09-18 00:00:00+00:00,51.41314348294793
2024-09-19 00:00:00+00:00,53.13954553566666
2024-09-20 00:00:00+00:00,52.815052115673964
2024-09-23 00:00:00+00:00,60.754484954092064
2024-09-24 00:00:00+00:00,63.00017928132892
2024-09-25 00:00:00+00:00,68.74930883735455
2024-09-26 00:00:00+00:00,72.58206187470469
2024-09-27 00:00:00+00:00,74.68793196063268
2024-09-30 00:00:00+00:00,74.51018744415776
2024-10-01 00:00:00+00:00,76.75498915494377
2024-10-02 00:00:00+00:00,78.8913117524449
2024-10-03 00:00:00+00:00,80.76809806952105
2024-10-04 00:00:00+00:00,82.88906326322508
2024-10-07 00:00:00+00:00,84.30304005902744
2024-10-08 00:00:00+00:00,85.24569125622862
2024-10-09 00:00:00+00:00,86.03167190965141
2024-10-10 00:00:00+00:00,87.01778830055653
2024-10-11 00:00:00+00:00,87.79616441713034
2024-10-14 00:00:00+00:00,88.31508182817899
2024-10-15 00:00:00+00:00,84.5210190522937
2024-10-16 00:00:00+00:00,82.59220487132436
2024-10-17 00:00:00+00:00,73.93545620366024
2024-10-18 00:00:00+00:00,66.57882625106069
2024-10-21 00:00:00+00:00,60.882542067532114
2024-10-22 00:00:00+00:00,62.87010280870796
2024-10-23 00:00:00+00:00,61.30196927061255
2024-10-24 00:00:00+00:00,60.471020372029244
2024-10-25 00:00:00+00:00,60.38334730711821
2024-10-28 00:00:00+00:00,59.39627647859149
2024-10-29 00:00:00+00:00,58.738229259573274
2024-10-30 00:00:00+00:00,58.79616304235198
2024-10-31 00:00:00+00:00,59.19044894594212
2024-11-01 00:00:00+00:00,56.86988036045561
2024-11-04 00:00:00+00:00,59.48972795729168
2024-11-05 00:00:00+00:00,61.522169412185775
2024-11-06 00:00:00+00:00,64.15215736911253
2024-11-07 00:00:00+00:00,62.795950128465975
2024-11-08 00:00:00+00:00,61.891811968034375
2024-11-11 00:00:00+00:00,61.28905319441267
2024-11-12 00:00:00+00:00,57.79803343977163
2024-11-13 00:00:00+00:00,56.29415069620754
2024-11-14 00:00:00+00:00,56.136871250213346
2024-11-15 00:00:00+00:00,55.29295925649357
2024-11-18 00:00:00+00:00,57.591047893827735
2024-11-19 00:00:00+00:00,62.86865632335284
2024-11-20 00:00:00+00:00,66.38706194303542
2024-11-21 00:00:00+00:00,64.7548981857484
2024-11-22 00:00:00+00:00,63.66678901422297
2024-11-25 00:00:00+00:00,68.41317389769328
2024-11-26 00:00:00+00:00,68.404498192206
2024-11-27 00:00:00+00:00,68.39871438854719
2024-11-29 00:00:00+00:00,69.84508142157972
2024-12-02 00:00:00+00:00,70.80932611026732
2024-12-03 00:00:00+00:00,71.45215590272485
2024-12-04 00:00:00+00:00,69.62224349032569
2024-12-05 00:00:00+00:00,65.91165788570649
2024-12-06 00:00:00+00:00,60.87963776474103
2024-12-09 00:00:00+00:00,58.19854937976905
2024-12-10 00:00:00+00:00,54.56090720237681
2024-12-11 00:00:00+00:00,61.45231836660227
2024-12-12 00:00:00+00:00,66.04659247608527
2024-12-13 00:00:00+00:00,63.183320170190186
2024-12-16 00:00:00+00:00,61.27447196625964
2024-12-18 00:00:00+00:00,61.32476792117376
2024-12-19 00:00:00+00:00,60.75306298408256
2024-12-20 00:00:00+00:00,58.54347954130938
2024-12-23 00:00:00+00:00,58.95099347768076
2024-12-24 00:00:00+00:00,59.22266943526098
2024-12-26 00:00:00+00:00,60.16571336112902
2024-12-27 00:00:00+00:00,60.79440931170682
2024-12-30 00:00:00+00:00,61.21353994542434
2024-12-31 00:00:00+00:00,62.16984018725762
2025-01-02 00:00:00+00:00,64.39508677423065
2025-01-03 00:00:00+00:00,66.18410351441976
2025-01-06 00:00:00+00:00,70.27438658628465
2025-01-07 00:00:00+00:00,73.00124196752648
2025-01-08 00:00:00+00:00,76.53075641913786
2025-01-10 00:00:00+00:00,78.88376605354392
2025-01-13 00:00:00+00:00,80.77303349562406
2025-01-14 00:00:00+00:00,79.45938158381517
2025-01-15 00:00:00+00:00,78.58361364260745
2025-01-16 00:00:00+00:00,76.113693858918
2025-01-17 00:00:00+00:00,74.46708066978971
2025-01-21 00:00:00+00:00,60.18690785646625
2025-01-22 00:00:00+00:00,49.519493928562206
2025-01-23 00:00:00+00:00,54.19566930789088
2025-01-24 00:00:00+00:00,57.97617966228835
2025-01-27 00:00:00+00:00,56.81487465550052
2025-01-28 00:00:00+00:00,57.08688822359334
2025-01-29 00:00:00+00:00,59.355366327670716
2025-01-30 00:00:00+00:00,60.867685063721645
2025-01-31 00:00:00+00:00,61.87589755442151
2025-02-03 00:00:00+00:00,62.54803921488724
2025-02-04 00:00:00+00:00,65.75901435266472
2025-02-05 00:00:00+00:00,70.05441731263949
2025-02-06 00:00:00+00:00,73.98869760588093
2025-02-07 00:00:00+00:00,76.61155113470763
2025-02-10 00:00:00+00:00,78.36012015392436
2025-02-11 00:00:00+00:00,79.52583283340094
2025-02-12 00:00:00+00:00,80.30297461971728
2025-02-13 00:00:00+00:00,80.82106914392656
2025-02-14 00:00:00+00:00,77.25032379319416
2025-02-18 00:00:00+00:00,79.54984001678429
2025-02-19 00:00:00+00:00,83.1760998754892
2025-02-20 00:00:00+00:00,82.61231120820264
2025-02-21 00:00:00+00:00,79.79181161541894
2025-02-24 00:00:00+00:00,72.29736215314124
2025-02-25 00:00:00+00:00,67.30106251162228
2025-02-26 00:00:00+00:00,56.85657376650357
2025-02-27 00:00:00+00:00,49.89358126975751
2025-02-28 00:00:00+00:00,45.25158627192651
2025-03-03 00:00:00+00:00,34.14422835059345
2025-03-04 00:00:00+00:00,32.85941031230583
2025-03-05 00:00:00+00:00,36.10571962870178
2025-03-06 00:00:00+00:00,37.66051400432687
2025-03-07 00:00:00+00:00,39.88049181278264
2025-03-10 00:00:00+00:00,40.08057199382016
2025-03-11 00:00:00+00:00,41.72616161883334
2025-03-12 00:00:00+00:00,43.829140938527516
2025-03-13 00:00:00+00:00,46.25352063674865
2025-03-14 00:00:00+00:00,47.86977376889583
2025-03-17 00:00:00+00:00,54.38833586285533
2025-03-18 00:00:00+00:00,59.336022837912765
2025-03-19 00:00:00+00:00,62.63448082128411
2025-03-20 00:00:00+00:00,64.0271206891378
2025-03-21 00:00:00+00:00,64.95554726770658
2025-03-24 00:00:00+00:00,66.49976490751172
2025-03-25 00:00:00+00:00,67.99164476113448
2025-03-26 00:00:00+00:00,70.29466512473091
2025-03-27 00:00:00+00:00,72.23993302440773
2025-03-28 00:00:00+00:00,65.68583721317006
2025-03-31 00:00:00+00:00,63.16697447483785
2025-04-01 00:00:00+00:00,59.47443869979686
2025-04-02 00:00:00+00:00,57.43871253726996
2025-04-03 00:00:00+00:00,56.08156176225166
2025-04-04 00:00:00+00:00,55.5296150582186
2025-04-07 00:00:00+00:00,51.13418064255279
2025-04-08 00:00:00+00:00,50.19111187455982
2025-04-09 00:00:00+00:00,54.60412818449698
2025-04-10 00:00:00+00:00,56.5821881565349
2025-04-11 00:00:00+00:00,58.55232519704331
2025-04-14 00:00:00+00:00,57.747531380247395
2025-04-15 00:00:00+00:00,56.785950245215574
2025-04-16 00:00:00+00:00,56.52559528645484
2025-04-17 00:00:00+00:00,56.35202531394714
2025-04-21 00:00:00+00:00,56.23631199894139
2025-04-22 00:00:00+00:00,54.54851247824154
2025-04-23 00:00:00+00:00,50.159128358809724
2025-04-24 00:00:00+00:00,50.24504055683782
2025-04-25 00:00:00+00:00,50.30231535552262
2025-04-28 00:00:00+00:00,46.442244282225
2025-04-29 00:00:00+00:00,43.644710035685165
2025-04-30 00:00:00+00:00,41.77968720465811
2025-05-01 00:00:00+00:00,37.648072139717236
2025-05-02 00:00:00+00:00,37.03542676233547
2025-05-05 00:00:00+00:00,33.78861893602902
2025-05-06 00:00:00+00:00,31.62408038515772
2025-05-07 00:00:00+00:00,33.62492056792315
2025-05-09 00:00:00+00:00,34.709267887101284
2025-05-12 00:00:00+00:00,34.64715346984986
2025-05-13 00:00:00+00:00,35.12410299589908
2025-05-14 00:00:00+00:00,29.94687410493077
2025-05-15 00:00:00+00:00,27.784758365780462
2025-05-16 00:00:00+00:00,30.294791902957215
2025-05-19 00:00:00+00:00,30.837996793811868
2025-05-20 00:00:00+00:00,31.20013338771458
2025-05-21 00:00:00+00:00,29.452443214360166
2025-05-22 00:00:00+00:00,25.38430370371259
2025-05-23 00:00:00+00:00,22.27736971833761
2025-05-27 00:00:00+00:00,22.24223549008383
2025-05-28 00:00:00+00:00,20.173680823364585
2025-05-29 00:00:00+00:00,18.51596793003136
2025-05-30 00:00:00+00:00,17.410826001142393
2025-06-02 00:00:00+00:00,19.68368307709366
2025-06-03 00:00:00+00:00,21.198921127727555
2025-06-04 00:00:00+00:00,21.90043796859144
2025-06-05 00:00:00+00:00,20.975872494950462
2025-06-06 00:00:00+00:00,22.863960676323618
2025-06-09 00:00:00+00:00,19.420585882754544
2025-06-10 00:00:00+00:00,17.125002687041736
2025-06-11 00:00:00+00:00,23.39666103668005
2025-06-12 00:00:00+00:00,28.471643873794896
2025-06-13 00:00:00+00:00,33.843261088257684
2025-06-16 00:00:00+00:00,37.06635870411624
2025-06-17 00:00:00+00:00,36.733032907987365
2025-06-18 00:00:00+00:00,36.510815710567805
2025-06-20 00:00:00+00:00,38.11163555051567
2025-06-23 00:00:00+00:00,33.64319553656999
2025-06-24 00:00:00+00:00,29.33593938915891
2025-06-25 00:00:00+00:00,25.881554237216815
2025-06-26 00:00:00+00:00,20.37171651404949
2025-06-27 00:00:00+00:00,16.698491365271238
2025-06-30 00:00:00+00:00,15.83014099824834
2025-07-01 00:00:00+00:00,15.251240753566336
2025-07-02 00:00:00+00:00,14.865307257111587
2025-07-03 00:00:00+00:00,14.008106786459326
2025-07-07 00:00:00+00:00,17.15995523878688
2025-07-08 00:00:00+00:00,20.44167711312219
2025-07-09 00:00:00+00:00,22.62949169601221
2025-07-10 00:00:00+00:00,24.088034751272
2025-07-11 00:00:00+00:00,25.060396788111618
2025-07-14 00:00:00+00:00,25.70863814600441
2025-07-15 00:00:00+00:00,26.140799051265947
2025-07-16 00:00:00+00:00,26.428906321439936
2025-07-17 00:00:00+00:00,26.620977834888834
2025-07-18 00:00:00+00:00,26.749025510520948
2025-07-21 00:00:00+00:00,26.83439062760847
2025-07-22 00:00:00+00:00,26.89130070566619
2025-07-23 00:00:00+00:00,47.30190941022009
2025-07-24 00:00:00+00:00,61.25965530940268
2025-07-25 00:00:00+00:00,70.33513858850466
2025-07-28 00:00:00+00:00,75.87357351025834
2025-07-29 00:00:00+00:00,79.56586345809355
2025-07-30 00:00:00+00:00,82.02739008998302
2025-07-31 00:00:00+00:00,83.66840784457526
2025-08-01 00:00:00+00:00,85.32331065895983
2025-08-04 00:00:00+00:00,86.42657920188202
2025-08-05 00:00:00+00:00,87.16209156382915
2025-08-06 00:00:00+00:00,87.98506575012375
2025-08-07 00:00:00+00:00,88.72996787998058
2025-08-08 00:00:00+00:00,89.22656929988383
2025-08-11 00:00:00+00:00,88.83213578268854
2025-08-12 00:00:00+00:00,88.56918010455674
2025-08-13 00:00:00+00:00,88.39387631913368
2025-08-14 00:00:00+00:00,86.3053346264724
2025-08-15 00:00:00+00:00,84.91297349802944
2025-08-18 00:00:00+00:00,83.98473274573173
2025-08-19 00:00:00+00:00,83.36590557753051
2025-08-20 00:00:00+00:00,84.82594656871706
2025-08-21 00:00:00+00:00,85.79930722950547
2025-08-22 00:00:00+00:00,86.64760821851101
2025-08-25 00:00:00+00:00,87.21314221117807
2025-08-26 00:00:00+00:00,87.59016487295236
2025-08-27 00:00:00+00:00,87.84151331413092
2025-08-28 00:00:00+00:00,88.563793749732
2025-08-29 00:00:00+00:00,89.04531404012783
2025-09-02 00:00:00+00:00,74.17503534022477
2025-09-03 00:00:00+00:00,62.24262652759057
2025-09-04 00:00:00+00:00,54.287687319166444
2025-09-05 00:00:00+00:00,48.98439451354884
2025-09-08 00:00:00+00:00,48.921604123934955
2025-09-09 00:00:00+00:00,50.82742385716789
2025-09-10 00:00:00+00:00,57.28155729812107
2025-09-11 00:00:00+00:00,62.47077989681001
2025-09-12 00:00:00+00:00,69.85192793504817
2025-09-15 00:00:00+00:00,74.77269329387174
2025-09-16 00:00:00+00:00,78.05320353308534
2025-09-17 00:00:00+00:00,75.23764316680055
2025-09-18 00:00:00+00:00,71.62042793815318
2025-09-19 00:00:00+00:00,75.22823948195337
2025-09-22 00:00:00+00:00,78.37395428052784
2025-09-23 00:00:00+00:00,81.11690881637838
2025-09-24 00:00:00+00:00,82.9455451736107
2025-09-25 00:00:00+00:00,79.50418059341723
2025-09-26 00:00:00+00:00,78.0803572531598
2025-09-29 00:00:00+00:00,78.45367123240041
2025-09-30 00:00:00+00:00,79.50436035459919
2025-10-01 00:00:00+00:00,61.18104904481367
2025-10-02 00:00:00+00:00,49.41430095921315
2025-10-03 00:00:00+00:00,41.482739646762504
2025-10-06 00:00:00+00:00,34.594347901795366
2025-10-07 00:00:00+00:00,30.002086738483793
2025-10-08 00:00:00+00:00,26.940579296275903
2025-10-09 00:00:00+00:00,30.441956892202533
2025-10-10 00:00:00+00:00,30.259057706492364
2025-10-13 00:00:00+00:00,30.137124916018685
2025-10-14 00:00:00+00:00,31.499632428327597
2025-10-15 00:00:00+00:00,32.249109917825706
2025-10-16 00:00:00+00:00,30.580867407049993
2025-10-17 00:00:00+00:00,33.1016481728453
2025-10-20 00:00:00+00:00,34.09576839394897
2025-10-21 00:00:00+00:00,35.08214912736601
2025-10-22 00:00:00+00:00,37.415520297170076
2025-10-23 00:00:00+00:00,37.3816507822056
2025-10-24 00:00:00+00:00,37.35907110556215
2025-10-27 00:00:00+00:00,36.154879548551605
2025-10-28 00:00:00+00:00,39.3126517825213
2025-10-29 00:00:00+00:00,45.23087637412846
2025-10-30 00:00:00+00:00,49.68685204327704
2025-10-31 00:00:00+00:00,51.18494730674986
2025-11-03 00:00:00+00:00,54.18476501671398
2025-11-04 00:00:00+00:00,59.5688128397883
2025-11-05 00:00:00+00:00,63.158178055170325
2025-11-06 00:00:00+00:00,69.19193883198258
2025-11-07 00:00:00+00:00,73.21444601652327
2025-11-10 00:00:00+00:00,77.17587283763571
2025-11-11 00:00:00+00:00,80.03900951969968
2025-11-12 00:00:00+00:00,81.94776730774134
2025-11-13 00:00:00+00:00,83.56318661186377
2025-11-14 00:00:00+00:00,85.92670937414951
2025-11-17 00:00:00+00:00,87.00600516093434
2025-11-18 00:00:00+00:00,81.53965839601037
2025-11-19 00:00:00+00:00,77.8954272193936
2025-11-20 00:00:00+00:00,75.46593976831483
2025-11-21 00:00:00+00:00,73.84628146759461
2025-11-24 00:00:00+00:00,72.76650926711326
2025-11-25 00:00:00+00:00,72.83044369008402
2025-11-26 00:00:00+00:00,76.77087802095154
2025-11-28 00:00:00+00:00,77.33014797111196
2025-12-01 00:00:00+00:00,77.70299460455114
2025-12-02 00:00:00+00:00,77.3404915349243
2025-12-03 00:00:00+00:00,77.09882282183838
2025-12-04 00:00:00+00:00,76.93771034644621
2025-12-05 00:00:00+00:00,76.83030202951632
2025-12-08 00:00:00+00:00,77.05752542434043
2025-12-09 00:00:00+00:00,77.523648257145
2025-12-10 00:00:00+00:00,71.26025592938544
2025-12-11 00:00:00+00:00,64.3238458853398
2025-12-12 00:00:00+00:00,60.33925369261018
2025-12-15 00:00:00+00:00,51.306822176500994
2025-12-16 00:00:00+00:00,43.75231677407129
2025-12-17 00:00:00+00:00,37.64395729485873
2025-12-18 00:00:00+00:00,35.070422262842435
2025-12-19 00:00:00+00:00,33.35473224149755
2025-12-22 00:00:00+00:00,31.482807343851533
2025-12-23 00:00:00+00:00,30.23485741208675
2025-12-24 00:00:00+00:00,29.402890790909346
2025-12-26 00:00:00+00:00,28.84824637679007
2025-12-29 00:00:00+00:00,28.478483434042733
2025-12-30 00:00:00+00:00,33.56911817815891
2025-12-31 00:00:00+00:00,36.96287467423451
2026-01-02 00:00:00+00:00,39.225379004949474
2026-01-05 00:00:00+00:00,47.60767238684332
2026-01-06 00:00:00+00:00,55.931375649513555
2026-01-07 00:00:00+00:00,63.07058984756295
2026-01-08 00:00:00+00:00,72.46577737559201
2026-01-09 00:00:00+00:00,78.72923572761005
2026-01-12 00:00:00+00:00,83.28583770014127
2026-01-13 00:00:00+00:00,84.18301711413551
2026-01-14 00:00:00+00:00,84.78113672346348
2026-01-15 00:00:00+00:00,80.77630940624871
2026-01-16 00:00:00+00:00,66.56817791799006
2026-01-20 00:00:00+00:00,59.35019980221963
2026-01-21 00:00:00+00:00,54.86024544523987
2026-01-22 00:00:00+00:00,53.5101677882284
2026-01-23 00:00:00+00:00,49.93732298986866
2026-01-26 00:00:00+00:00,53.748361121548335
2026-01-27 00:00:00+00:00,57.03917333518075
2026-01-28 00:00:00+00:00,59.98999245733428
2026-01-29 00:00:00+00:00,61.95720520543585
2026-01-30 00:00:00+00:00,62.829945709176535
2026-02-02 00:00:00+00:00,63.411772711669336
2026-02-03 00:00:00+00:00,63.799657379996745
2026-02-04 00:00:00+00:00,62.84684413085212
2026-02-05 00:00:00+00:00,62.21163529808773
2026-02-06 00:00:00+00:00,61.788162742909975
2026-02-09 00:00:00+00:00,62.514830111421155
2026-02-10 00:00:00+00:00,65.17657353421735
2026-02-11 00:00:00+00:00,66.95106914941287
2026-02-12 00:00:00+00:00,68.13406622620766
2026-02-13 00:00:00+00:00,68.92273094406832
2026-02-17 00:00:00+00:00,62.348111474139614
2026-02-18 00:00:00+00:00,61.83238597821555
2026-02-19 00:00:00+00:00,65.71743624680842
2026-02-20 00:00:00+00:00,70.69367424574739
2026-02-23 00:00:00+00:00,69.08398137356949
2026-02-24 00:00:00+00:00,60.46506483269417
2026-02-25 00:00:00+00:00,52.97760673763874
2026-02-26 00:00:00+00:00,47.985968007601286
2026-02-27 00:00:00+00:00,45.55007366191202
2026-03-02 00:00:00+00:00,49.767265231032965
2026-03-03 00:00:00+00:00,50.513235070221704
2026-03-04 00:00:00+00:00,54.548217446283644
2026-03-05 00:00:00+00:00,57.238205696990846
2026-03-06 00:00:00+00:00,55.461897366919665
2026-03-09 00:00:00+00:00,45.0107488147353
2026-03-10 00:00:00+00:00,38.80686355498966
2026-03-11 00:00:00+00:00,33.92967278984028
2026-03-12 00:00:00+00:00,33.393080698443484
2026-03-13 00:00:00+00:00,36.543518197157276
2026-03-16 00:00:00+00:00,41.01533270802325
2026-03-17 00:00:00+00:00,45.60466868773433
2026-03-18 00:00:00+00:00,48.664226007541274
2026-03-19 00:00:00+00:00,50.70393088741206
2026-03-20 00:00:00+00:00,52.06373414065866
2026-03-23 00:00:00+00:00,52.64254970923303
2026-03-24 00:00:00+00:00,56.27017850446285
2026-03-25 00:00:00+00:00,57.57483797694938
2026-03-26 00:00:00+00:00,59.8689628023059
2026-03-27 00:00:00+00:00,61.398379352542705
2026-03-30 00:00:00+00:00,65.33796490231643
2026-03-31 00:00:00+00:00,67.96435526883127
2026-04-01 00:00:00+00:00,69.71528217984005
2026-04-02 00:00:00+00:00,63.98235501099331
2026-04-06 00:00:00+00:00,59.7912643132255
2026-04-07 00:00:00+00:00,58.0892652874614
2026-04-08 00:00:00+00:00,50.18510959878476
2026-04-09 00:00:00+00:00,42.69862545600019
2026-04-10 00:00:00+00:00,37.70763602747681
2026-04-13 00:00:00+00:00,34.38030974179421
2026-04-14 00:00:00+00:00,28.69700482576904
2026-04-15 00:00:00+00:00,25.755881306699315
2026-04-16 00:00:00+00:00,22.978356878608704
2026-04-17 00:00:00+00:00,21.126673926548094
2026-04-20 00:00:00+00:00,24.114112883247397
2026-04-21 00:00:00+00:00,26.105738854379872
2026-04-22 00:00:00+00:00,28.42672126893966
2026-04-23 00:00:00+00:00,28.99551989148562
2026-04-24 00:00:00+00:00,29.374718973182418
2026-04-27 00:00:00+00:00,26.060260907675424
2026-04-28 00:00:00+00:00,23.850622197337152
2026-04-29 00:00:00+00:00,21.43215914445043
2026-04-30 00:00:00+00:00,18.36322984440868
2026-05-01 00:00:00+00:00,16.317276977714013
2026-05-04 00:00:00+00:00,17.96256343907452
2026-05-05 00:00:00+00:00,22.76862228108032
2026-05-06 00:00:00+00:00,27.43170668412376
2026-05-07 00:00:00+00:00,28.116651554313528
2026-05-08 00:00:00+00:00,27.39928574418354
2026-05-11 00:00:00+00:00,26.5443647914629
2026-05-12 00:00:00+00:00,23.72529991186976
2026-05-13 00:00:00+00:00,27.278862759440777
2026-05-14 00:00:00+00:00,28.655863462345096
2026-05-15 00:00:00+00:00,27.565192565139764
2026-05-18 00:00:00+00:00,25.114551512897187
2026-05-19 00:00:00+00:00,22.283192223221384
2026-05-20 00:00:00+00:00,29.266122916839173
2026-05-21 00:00:00+00:00,34.14871804570967
2026-05-22 00:00:00+00:00,34.250439239120915
2026-05-26 00:00:00+00:00,35.58505272070167
2026-05-27 00:00:00+00:00,34.9826388051719
2026-05-28 00:00:00+00:00,35.43249542022521
2026-05-29 00:00:00+00:00,34.04721550954838
2026-06-01 00:00:00+00:00,33.12369556909686
2026-06-02 00:00:00+00:00,31.290870008095162
2026-06-03 00:00:00+00:00,30.068986300760386
2026-06-04 00:00:00+00:00,29.254397162536854
2026-06-05 00:00:00+00:00,27.806888057822952
2026-06-08 00:00:00+00:00,26.841881988013316
2026-06-09 00:00:00+00:00,26.198544608139798
2026-06-10 00:00:00+00:00,33.415614870623
2026-06-11 00:00:00+00:00,32.99058384722074
2026-06-12 00:00:00+00:00,32.70722983161885
2026-06-15 00:00:00+00:00,39.52991567995829
2026-06-16 00:00:00+00:00,40.62998727023194
2026-06-17 00:00:00+00:00,43.15478922842644
2026-06-18 00:00:00+00:00,46.29382301711556
2026-06-22 00:00:00+00:00,52.915820687645976
2026-06-23 00:00:00+00:00,52.75292488615722
2026-06-24 00:00:00+00:00,52.0438537119842
2026-06-25 00:00:00+00:00,50.15468292732694
2026-06-26 00:00:00+00:00,48.895235737555005
2026-06-29 00:00:00+00:00,47.81722669510398
2026-06-30 00:00:00+00:00,58.65431486115757
2026-07-01 00:00:00+00:00,56.25140890472913
2026-07-02 00:00:00+00:00,56.48707071454951
2026-07-06 00:00:00+00:00,57.380086589585666
2026-07-07 00:00:00+00:00,54.860234772246514
2026-07-08 00:00:00+00:00,52.99505716832364
2026-07-09 00:00:00+00:00,51.75160543237485
2026-07-10 00:00:00+00:00,50.92263760840875
2026-07-13 00:00:00+00:00,50.36999239243108
2026-07-14 00:00:00+00:00,50.00156224844565
2026-07-15 00:00:00+00:00,49.755942152455006
2026-07-16 00:00:00+00:00,49.592195421794166
2026-07-17 00:00:00+00:00,48.39402244737713
2026-07-20 00:00:00+00:00,51.28337847981132
2026-07-21 00:00:00+00:00,53.209615834766915
2026-07-22 00:00:00+00:00,54.49377407140338
2026-07-23 00:00:00+00:00,55.34987956249367
2026-07-24 00:00:00+00:00,55.92061655655308
2026-07-27 00:00:00+00:00,56.301107885925134
2026-07-28 00:00:00+00:00,51.91911375263771
2026-07-29 00:00:00+00:00,45.28282272523795
2026-07-30 00:00:00+00:00,38.68524125303787
2026-07-31 00:00:00+00:00,41.30603561235621
2026-08-03 00:00:00+00:00,40.407861298914895
2026-08-04 00:00:00+00:00,39.809078423287
2026-08-05 00:00:00+00:00,39.40988983953466
2026-08-06 00:00:00+00:00,38.07140150649697
2026-08-07 00:00:00+00:00,36.15330728346931
2026-08-10 00:00:00+00:00,33.08871244474919
2026-08-11 00:00:00+00:00,30.268002770758446
2026-08-12 00:00:00+00:00,28.38752965476429
