timestamp,bar_index,instrument_key,price,target_value,target_unit,target_side,position_quantity,position_side,equity,n_fills
2013-08-29 00:00:00+00:00,0,SB11,16.37,0.0,notional_at_entry,flat,0.0,flat,300000000.0,0
2013-08-30 00:00:00+00:00,1,SB11,16.34,0.0,notional_at_entry,flat,0.0,flat,300000000.0,0
2013-09-03 00:00:00+00:00,2,SB11,16.47,0.0,notional_at_entry,flat,0.0,flat,300000000.0,0
2013-09-04 00:00:00+00:00,3,SB11,16.38,0.0,notional_at_entry,flat,0.0,flat,300000000.0,0
2013-09-05 00:00:00+00:00,4,SB11,16.51,0.0,notional_at_entry,flat,0.0,flat,300000000.0,0
2013-09-06 00:00:00+00:00,5,SB11,16.79,0.0,notional_at_entry,flat,0.0,flat,300000000.0,0
2013-09-09 00:00:00+00:00,6,SB11,17.01,0.0,notional_at_entry,flat,0.0,flat,300000000.0,0
2013-09-10 00:00:00+00:00,7,SB11,17.18,0.0,notional_at_entry,flat,0.0,flat,300000000.0,0
2013-09-11 00:00:00+00:00,8,SB11,17.17,0.0,notional_at_entry,flat,0.0,flat,300000000.0,0
2013-09-12 00:00:00+00:00,9,SB11,17.18,0.0,notional_at_entry,flat,0.0,flat,300000000.0,0
2013-09-13 00:00:00+00:00,10,SB11,17.09,0.0,notional_at_entry,flat,0.0,flat,300000000.0,0
2013-09-16 00:00:00+00:00,11,SB11,16.94,0.0,notional_at_entry,flat,0.0,flat,300000000.0,0
2013-09-17 00:00:00+00:00,12,SB11,16.79,0.0,notional_at_entry,flat,0.0,flat,300000000.0,0
2013-09-18 00:00:00+00:00,13,SB11,16.89,0.0,notional_at_entry,flat,0.0,flat,300000000.0,0
2013-09-19 00:00:00+00:00,14,SB11,17.17,0.0,notional_at_entry,flat,0.0,flat,300000000.0,0
2013-09-20 00:00:00+00:00,15,SB11,17.74,0.0,notional_at_entry,flat,0.0,flat,300000000.0,0
2013-09-23 00:00:00+00:00,16,SB11,17.76,0.0,notional_at_entry,flat,0.0,flat,300000000.0,0
2013-09-24 00:00:00+00:00,17,SB11,17.93,0.0,notional_at_entry,flat,0.0,flat,300000000.0,0
2013-09-25 00:00:00+00:00,18,SB11,18.19,0.0,notional_at_entry,flat,0.0,flat,300000000.0,0
2013-09-26 00:00:00+00:00,19,SB11,18.19,0.0,notional_at_entry,flat,0.0,flat,300000000.0,0
2013-09-27 00:00:00+00:00,20,SB11,17.74,0.0,notional_at_entry,flat,0.0,flat,300000000.0,0
2013-09-30 00:00:00+00:00,21,SB11,18.14,0.0,notional_at_entry,flat,0.0,flat,300000000.0,0
2013-10-01 00:00:00+00:00,22,SB11,18.32,0.0,notional_at_entry,flat,0.0,flat,300000000.0,0
2013-10-02 00:00:00+00:00,23,SB11,18.51,0.0,notional_at_entry,flat,0.0,flat,300000000.0,0
2013-10-03 00:00:00+00:00,24,SB11,18.52,0.0,notional_at_entry,flat,0.0,flat,300000000.0,0
2013-10-04 00:00:00+00:00,25,SB11,18.48,0.0,notional_at_entry,flat,0.0,flat,300000000.0,0
2013-10-07 00:00:00+00:00,26,SB11,18.59,0.0,notional_at_entry,flat,0.0,flat,300000000.0,0
2013-10-08 00:00:00+00:00,27,SB11,18.62,0.0,notional_at_entry,flat,0.0,flat,300000000.0,0
2013-10-09 00:00:00+00:00,28,SB11,18.59,0.0,notional_at_entry,flat,0.0,flat,300000000.0,0
2013-10-10 00:00:00+00:00,29,SB11,18.72,0.0,notional_at_entry,flat,0.0,flat,300000000.0,0
2013-10-11 00:00:00+00:00,30,SB11,18.93,0.0,notional_at_entry,flat,0.0,flat,300000000.0,0
2013-10-14 00:00:00+00:00,31,SB11,19.05,0.0,notional_at_entry,flat,0.0,flat,300000000.0,0
2013-10-15 00:00:00+00:00,32,SB11,18.7,0.0,notional_at_entry,flat,0.0,flat,300000000.0,0
2013-10-16 00:00:00+00:00,33,SB11,19.01,0.0,notional_at_entry,flat,0.0,flat,300000000.0,0
2013-10-17 00:00:00+00:00,34,SB11,19.0,0.0,notional_at_entry,flat,0.0,flat,300000000.0,0
2013-10-18 00:00:00+00:00,35,SB11,19.5,0.0,notional_at_entry,flat,0.0,flat,300000000.0,0
2013-10-21 00:00:00+00:00,36,SB11,19.42,0.0,notional_at_entry,flat,0.0,flat,300000000.0,0
2013-10-22 00:00:00+00:00,37,SB11,19.45,0.0,notional_at_entry,flat,0.0,flat,300000000.0,0
2013-10-23 00:00:00+00:00,38,SB11,19.28,0.0,notional_at_entry,flat,0.0,flat,300000000.0,0
2013-10-24 00:00:00+00:00,39,SB11,18.97,0.0,notional_at_entry,flat,0.0,flat,300000000.0,0
2013-10-25 00:00:00+00:00,40,SB11,19.03,0.0,notional_at_entry,flat,0.0,flat,300000000.0,0
2013-10-28 00:00:00+00:00,41,SB11,18.91,0.0,notional_at_entry,flat,0.0,flat,300000000.0,0
2013-10-29 00:00:00+00:00,42,SB11,18.45,0.0,notional_at_entry,flat,0.0,flat,300000000.0,0
2013-10-30 00:00:00+00:00,43,SB11,18.32,0.0,notional_at_entry,flat,0.0,flat,300000000.0,0
2013-10-31 00:00:00+00:00,44,SB11,18.32,0.0,notional_at_entry,flat,0.0,flat,300000000.0,0
2013-11-01 00:00:00+00:00,45,SB11,18.25,0.0,notional_at_entry,flat,0.0,flat,300000000.0,0
2013-11-04 00:00:00+00:00,46,SB11,18.32,0.0,notional_at_entry,flat,0.0,flat,300000000.0,0
2013-11-05 00:00:00+00:00,47,SB11,18.26,-300000000.0,notional_at_entry,short,-14669.0,short,300000000.0,1
2013-11-06 00:00:00+00:00,48,SB11,18.1,-300000000.0,notional_at_entry,short,-14669.0,short,302628684.8,0
2013-11-07 00:00:00+00:00,49,SB11,18.04,-300000000.0,notional_at_entry,short,-14669.0,short,303614441.6,0
2013-11-08 00:00:00+00:00,50,SB11,18.08,-300000000.0,notional_at_entry,short,-14669.0,short,302957270.40000004,0
2013-11-11 00:00:00+00:00,51,SB11,17.97,-300000000.0,notional_at_entry,short,-14669.0,short,304764491.20000005,0
2013-11-12 00:00:00+00:00,52,SB11,17.87,-300000000.0,notional_at_entry,short,-14669.0,short,306407419.2,0
2013-11-13 00:00:00+00:00,53,SB11,17.8,-300000000.0,notional_at_entry,short,-14669.0,short,307557468.8,0
2013-11-14 00:00:00+00:00,54,SB11,17.64,-300000000.0,notional_at_entry,short,-14669.0,short,310186153.6,0
2013-11-15 00:00:00+00:00,55,SB11,17.55,-300000000.0,notional_at_entry,short,-14669.0,short,311664788.8,0
2013-11-18 00:00:00+00:00,56,SB11,17.75,-300000000.0,notional_at_entry,short,-14669.0,short,308378932.8,0
2013-11-19 00:00:00+00:00,57,SB11,17.65,-300000000.0,notional_at_entry,short,-14669.0,short,310021860.8000001,0
2013-11-20 00:00:00+00:00,58,SB11,17.6,-300000000.0,notional_at_entry,short,-14669.0,short,310843324.8,0
2013-11-21 00:00:00+00:00,59,SB11,17.51,-300000000.0,notional_at_entry,short,-14669.0,short,312321960.0,0
2013-11-22 00:00:00+00:00,60,SB11,17.4,-300000000.0,notional_at_entry,short,-14669.0,short,314129180.8000001,0
2013-11-25 00:00:00+00:00,61,SB11,17.32,-300000000.0,notional_at_entry,short,-14669.0,short,315443523.20000005,0
2013-11-26 00:00:00+00:00,62,SB11,17.3,-300000000.0,notional_at_entry,short,-14669.0,short,315772108.8,0
2013-11-27 00:00:00+00:00,63,SB11,17.22,-300000000.0,notional_at_entry,short,-14669.0,short,317086451.20000005,0
2013-11-29 00:00:00+00:00,64,SB11,17.15,-300000000.0,notional_at_entry,short,-14669.0,short,318236500.8000001,0
2013-12-02 00:00:00+00:00,65,SB11,16.97,-300000000.0,notional_at_entry,short,-14669.0,short,321193771.20000005,0
2013-12-03 00:00:00+00:00,66,SB11,16.81,-300000000.0,notional_at_entry,short,-14669.0,short,323822456.00000006,0
2013-12-04 00:00:00+00:00,67,SB11,16.68,-300000000.0,notional_at_entry,short,-14669.0,short,325958262.40000004,0
2013-12-05 00:00:00+00:00,68,SB11,16.69,-300000000.0,notional_at_entry,short,-14669.0,short,325793969.6,0
2013-12-06 00:00:00+00:00,69,SB11,16.59,-300000000.0,notional_at_entry,short,-14669.0,short,327436897.6,0
2013-12-09 00:00:00+00:00,70,SB11,16.55,-300000000.0,notional_at_entry,short,-14669.0,short,328094068.8,0
2013-12-10 00:00:00+00:00,71,SB11,16.62,-300000000.0,notional_at_entry,short,-14669.0,short,326944019.2,0
2013-12-11 00:00:00+00:00,72,SB11,16.51,-300000000.0,notional_at_entry,short,-14669.0,short,328751240.0,0
2013-12-12 00:00:00+00:00,73,SB11,16.3,-300000000.0,notional_at_entry,short,-14669.0,short,332201388.8,0
2013-12-13 00:00:00+00:00,74,SB11,16.27,-300000000.0,notional_at_entry,short,-14669.0,short,332694267.20000005,0
2013-12-16 00:00:00+00:00,75,SB11,16.27,-300000000.0,notional_at_entry,short,-14669.0,short,332694267.20000005,0
2013-12-17 00:00:00+00:00,76,SB11,15.96,-300000000.0,notional_at_entry,short,-14669.0,short,337787344.0,0
2013-12-18 00:00:00+00:00,77,SB11,15.89,-300000000.0,notional_at_entry,short,-14669.0,short,338937393.6,0
2013-12-19 00:00:00+00:00,78,SB11,16.15,-300000000.0,notional_at_entry,short,-14669.0,short,334665780.8000001,0
2013-12-20 00:00:00+00:00,79,SB11,16.45,-300000000.0,notional_at_entry,short,-14669.0,short,329736996.8,0
2013-12-23 00:00:00+00:00,80,SB11,16.23,-300000000.0,notional_at_entry,short,-14669.0,short,333351438.40000004,0
2013-12-24 00:00:00+00:00,81,SB11,16.21,-300000000.0,notional_at_entry,short,-14669.0,short,333680024.0,0
2013-12-26 00:00:00+00:00,82,SB11,16.29,-300000000.0,notional_at_entry,short,-14669.0,short,332365681.6,0
2013-12-27 00:00:00+00:00,83,SB11,16.43,-300000000.0,notional_at_entry,short,-14669.0,short,330065582.40000004,0
2013-12-30 00:00:00+00:00,84,SB11,16.38,-300000000.0,notional_at_entry,short,-14669.0,short,330887046.40000004,0
2013-12-31 00:00:00+00:00,85,SB11,16.41,-300000000.0,notional_at_entry,short,-14669.0,short,330394168.0,0
2014-01-02 00:00:00+00:00,86,SB11,16.29,-300000000.0,notional_at_entry,short,-14669.0,short,332365681.6,0
2014-01-03 00:00:00+00:00,87,SB11,16.08,-300000000.0,notional_at_entry,short,-14669.0,short,335815830.40000004,0
2014-01-06 00:00:00+00:00,88,SB11,16.08,-300000000.0,notional_at_entry,short,-14669.0,short,335815830.40000004,0
2014-01-07 00:00:00+00:00,89,SB11,16.06,-300000000.0,notional_at_entry,short,-14669.0,short,336144416.00000006,0
2014-01-08 00:00:00+00:00,90,SB11,15.74,-300000000.0,notional_at_entry,short,-14669.0,short,341401785.6,0
2014-01-09 00:00:00+00:00,91,SB11,15.48,-300000000.0,notional_at_entry,short,-14669.0,short,345673398.40000004,0
2014-01-10 00:00:00+00:00,92,SB11,15.57,-300000000.0,notional_at_entry,short,-14669.0,short,344194763.20000005,0
2014-01-13 00:00:00+00:00,93,SB11,15.6,-300000000.0,notional_at_entry,short,-14669.0,short,343701884.8,0
2014-01-14 00:00:00+00:00,94,SB11,15.49,-300000000.0,notional_at_entry,short,-14669.0,short,345509105.6,0
2014-01-15 00:00:00+00:00,95,SB11,15.23,-300000000.0,notional_at_entry,short,-14669.0,short,349780718.40000004,0
2014-01-16 00:00:00+00:00,96,SB11,15.45,-300000000.0,notional_at_entry,short,-14669.0,short,346166276.8000001,0
2014-01-17 00:00:00+00:00,97,SB11,15.22,-300000000.0,notional_at_entry,short,-14669.0,short,349945011.20000005,0
2014-01-21 00:00:00+00:00,98,SB11,15.22,-300000000.0,notional_at_entry,short,-14669.0,short,349945011.20000005,0
2014-01-22 00:00:00+00:00,99,SB11,15.03,-300000000.0,notional_at_entry,short,-14669.0,short,353066574.40000004,0
2014-01-23 00:00:00+00:00,100,SB11,15.04,-300000000.0,notional_at_entry,short,-14669.0,short,352902281.6,0
2014-01-24 00:00:00+00:00,101,SB11,15.11,-300000000.0,notional_at_entry,short,-14669.0,short,351752232.0,0
2014-01-27 00:00:00+00:00,102,SB11,14.8,-300000000.0,notional_at_entry,short,-14669.0,short,356845308.8,0
2014-01-28 00:00:00+00:00,103,SB11,15.02,-300000000.0,notional_at_entry,short,-14669.0,short,353230867.20000005,0
2014-01-29 00:00:00+00:00,104,SB11,14.74,-300000000.0,notional_at_entry,short,-14669.0,short,357831065.6,0
2014-01-30 00:00:00+00:00,105,SB11,14.99,-300000000.0,notional_at_entry,short,-14669.0,short,353723745.6,0
2014-01-31 00:00:00+00:00,106,SB11,15.55,-300000000.0,notional_at_entry,short,-14669.0,short,344523348.8,0
2014-02-03 00:00:00+00:00,107,SB11,15.74,-300000000.0,notional_at_entry,short,-14669.0,short,341401785.6,0
2014-02-04 00:00:00+00:00,108,SB11,16.06,-300000000.0,notional_at_entry,short,-14669.0,short,336144416.00000006,0
2014-02-05 00:00:00+00:00,109,SB11,16.1,-300000000.0,notional_at_entry,short,-14669.0,short,335487244.8,0
2014-02-06 00:00:00+00:00,110,SB11,15.85,-300000000.0,notional_at_entry,short,-14669.0,short,339594564.8,0
2014-02-07 00:00:00+00:00,111,SB11,15.73,-300000000.0,notional_at_entry,short,-14669.0,short,341566078.40000004,0
2014-02-10 00:00:00+00:00,112,SB11,15.64,-300000000.0,notional_at_entry,short,-14669.0,short,343044713.6,0
2014-02-11 00:00:00+00:00,113,SB11,15.46,-300000000.0,notional_at_entry,short,-14669.0,short,346001984.0,0
2014-02-12 00:00:00+00:00,114,SB11,15.81,-300000000.0,notional_at_entry,short,-14669.0,short,340251736.0,0
2014-02-13 00:00:00+00:00,115,SB11,15.66,-300000000.0,notional_at_entry,short,-14669.0,short,342716128.0,0
2014-02-14 00:00:00+00:00,116,SB11,15.63,-300000000.0,notional_at_entry,short,-14669.0,short,343209006.4,0
2014-02-18 00:00:00+00:00,117,SB11,16.16,-300000000.0,notional_at_entry,short,-14669.0,short,334501488.0,0
2014-02-19 00:00:00+00:00,118,SB11,16.85,-300000000.0,notional_at_entry,short,-14669.0,short,323165284.8,0
2014-02-20 00:00:00+00:00,119,SB11,16.69,-300000000.0,notional_at_entry,short,-14669.0,short,325793969.6,0
2014-02-21 00:00:00+00:00,120,SB11,17.07,-300000000.0,notional_at_entry,short,-14669.0,short,319550843.20000005,0
2014-02-24 00:00:00+00:00,121,SB11,17.68,-300000000.0,notional_at_entry,short,-14669.0,short,309528982.40000004,0
2014-02-25 00:00:00+00:00,122,SB11,17.68,-300000000.0,notional_at_entry,short,-14669.0,short,309528982.40000004,0
2014-02-26 00:00:00+00:00,123,SB11,17.67,-300000000.0,notional_at_entry,short,-14669.0,short,309693275.2,0
2014-02-27 00:00:00+00:00,124,SB11,18.07,-300000000.0,notional_at_entry,short,-14669.0,short,303121563.20000005,0
2014-02-28 00:00:00+00:00,125,SB11,17.66,-300000000.0,notional_at_entry,short,-14669.0,short,309857568.0,0
2014-03-03 00:00:00+00:00,126,SB11,17.8,-300000000.0,notional_at_entry,short,-14669.0,short,307557468.8,0
2014-03-04 00:00:00+00:00,127,SB11,17.74,-300000000.0,notional_at_entry,short,-14669.0,short,308543225.6,0
2014-03-05 00:00:00+00:00,128,SB11,18.23,-300000000.0,notional_at_entry,short,-14669.0,short,300492878.40000004,0
2014-03-06 00:00:00+00:00,129,SB11,18.32,-300000000.0,notional_at_entry,short,-14669.0,short,299014243.20000005,0
2014-03-07 00:00:00+00:00,130,SB11,18.01,-300000000.0,notional_at_entry,short,-14669.0,short,304107320.0,0
2014-03-10 00:00:00+00:00,131,SB11,18.22,-300000000.0,notional_at_entry,short,-14669.0,short,300657171.20000005,0
2014-03-11 00:00:00+00:00,132,SB11,18.03,-300000000.0,notional_at_entry,short,-14669.0,short,303778734.40000004,0
2014-03-12 00:00:00+00:00,133,SB11,17.67,-300000000.0,notional_at_entry,short,-14669.0,short,309693275.2,0
2014-03-13 00:00:00+00:00,134,SB11,17.82,-300000000.0,notional_at_entry,short,-14669.0,short,307228883.20000005,0
2014-03-14 00:00:00+00:00,135,SB11,17.25,-300000000.0,notional_at_entry,short,-14669.0,short,316593572.8,0
2014-03-17 00:00:00+00:00,136,SB11,17.05,-300000000.0,notional_at_entry,short,-14669.0,short,319879428.8,0
2014-03-18 00:00:00+00:00,137,SB11,17.14,-300000000.0,notional_at_entry,short,-14669.0,short,318400793.6,0
2014-03-19 00:00:00+00:00,138,SB11,17.32,-300000000.0,notional_at_entry,short,-14669.0,short,315443523.20000005,0
2014-03-20 00:00:00+00:00,139,SB11,17.05,-300000000.0,notional_at_entry,short,-14669.0,short,319879428.8,0
2014-03-21 00:00:00+00:00,140,SB11,16.83,-300000000.0,notional_at_entry,short,-14669.0,short,323493870.40000004,0
2014-03-24 00:00:00+00:00,141,SB11,16.84,-300000000.0,notional_at_entry,short,-14669.0,short,323329577.6,0
2014-03-25 00:00:00+00:00,142,SB11,16.97,-300000000.0,notional_at_entry,short,-14669.0,short,321193771.20000005,0
2014-03-26 00:00:00+00:00,143,SB11,17.36,-300000000.0,notional_at_entry,short,-14669.0,short,314786352.00000006,0
2014-03-27 00:00:00+00:00,144,SB11,17.87,-300000000.0,notional_at_entry,short,-14669.0,short,306407419.2,0
2014-03-28 00:00:00+00:00,145,SB11,17.98,-300000000.0,notional_at_entry,short,-14669.0,short,304600198.40000004,0
2014-03-31 00:00:00+00:00,146,SB11,17.77,-300000000.0,notional_at_entry,short,-14669.0,short,308050347.20000005,0
2014-04-01 00:00:00+00:00,147,SB11,17.18,-300000000.0,notional_at_entry,short,-14669.0,short,317743622.40000004,0
2014-04-02 00:00:00+00:00,148,SB11,16.97,-300000000.0,notional_at_entry,short,-14669.0,short,321193771.20000005,0
2014-04-03 00:00:00+00:00,149,SB11,17.18,-300000000.0,notional_at_entry,short,-14669.0,short,317743622.40000004,0
2014-04-04 00:00:00+00:00,150,SB11,17.35,-300000000.0,notional_at_entry,short,-14669.0,short,314950644.8,0
2014-04-07 00:00:00+00:00,151,SB11,16.94,-300000000.0,notional_at_entry,short,-14669.0,short,321686649.6,0
2014-04-08 00:00:00+00:00,152,SB11,17.16,-300000000.0,notional_at_entry,short,-14669.0,short,318072208.0,0
2014-04-09 00:00:00+00:00,153,SB11,17.04,-300000000.0,notional_at_entry,short,-14669.0,short,320043721.6,0
2014-04-10 00:00:00+00:00,154,SB11,17.08,-300000000.0,notional_at_entry,short,-14669.0,short,319386550.40000004,0
2014-04-11 00:00:00+00:00,155,SB11,16.8,-300000000.0,notional_at_entry,short,-14669.0,short,323986748.8,0
2014-04-14 00:00:00+00:00,156,SB11,16.59,-300000000.0,notional_at_entry,short,-14669.0,short,327436897.6,0
2014-04-15 00:00:00+00:00,157,SB11,16.56,-300000000.0,notional_at_entry,short,-14669.0,short,327929776.00000006,0
2014-04-16 00:00:00+00:00,158,SB11,16.92,-300000000.0,notional_at_entry,short,-14669.0,short,322015235.2,0
2014-04-17 00:00:00+00:00,159,SB11,17.33,-300000000.0,notional_at_entry,short,-14669.0,short,315279230.40000004,0
2014-04-21 00:00:00+00:00,160,SB11,17.53,-300000000.0,notional_at_entry,short,-14669.0,short,311993374.40000004,0
2014-04-22 00:00:00+00:00,161,SB11,17.62,-300000000.0,notional_at_entry,short,-14669.0,short,310514739.2,0
2014-04-23 00:00:00+00:00,162,SB11,17.98,-300000000.0,notional_at_entry,short,-14669.0,short,304600198.40000004,0
2014-04-24 00:00:00+00:00,163,SB11,17.74,-300000000.0,notional_at_entry,short,-14669.0,short,308543225.6,0
2014-04-25 00:00:00+00:00,164,SB11,17.85,-300000000.0,notional_at_entry,short,-14669.0,short,306736004.8,0
2014-04-28 00:00:00+00:00,165,SB11,17.56,-300000000.0,notional_at_entry,short,-14669.0,short,311500496.00000006,0
2014-04-29 00:00:00+00:00,166,SB11,17.57,-300000000.0,notional_at_entry,short,-14669.0,short,311336203.20000005,0
2014-04-30 00:00:00+00:00,167,SB11,17.72,-300000000.0,notional_at_entry,short,-14669.0,short,308871811.20000005,0
2014-05-01 00:00:00+00:00,168,SB11,17.8,-300000000.0,notional_at_entry,short,-14669.0,short,307557468.8,0
2014-05-02 00:00:00+00:00,169,SB11,17.45,-300000000.0,notional_at_entry,short,-14669.0,short,313307716.8,0
2014-05-05 00:00:00+00:00,170,SB11,17.47,-300000000.0,notional_at_entry,short,-14669.0,short,312979131.20000005,0
2014-05-06 00:00:00+00:00,171,SB11,17.2,-300000000.0,notional_at_entry,short,-14669.0,short,317415036.8,0
2014-05-07 00:00:00+00:00,172,SB11,17.26,-300000000.0,notional_at_entry,short,-14669.0,short,316429280.0,0
2014-05-08 00:00:00+00:00,173,SB11,17.24,300000000.0,notional_at_entry,long,15536.0,long,316757865.6,1
2014-05-09 00:00:00+00:00,174,SB11,17.2,300000000.0,notional_at_entry,long,15536.0,long,316061852.8,0
2014-05-12 00:00:00+00:00,175,SB11,17.29,300000000.0,notional_at_entry,long,15536.0,long,317627881.6,0
2014-05-13 00:00:00+00:00,176,SB11,17.8,300000000.0,notional_at_entry,long,15536.0,long,326502044.8000001,0
2014-05-14 00:00:00+00:00,177,SB11,18.25,300000000.0,notional_at_entry,long,15536.0,long,334332188.8000001,0
2014-05-15 00:00:00+00:00,178,SB11,18.2,300000000.0,notional_at_entry,long,15536.0,long,333462172.8,0
2014-05-16 00:00:00+00:00,179,SB11,17.91,-300000000.0,notional_at_entry,short,-14955.0,short,328416080.00000006,1
2014-05-19 00:00:00+00:00,180,SB11,17.77,-300000000.0,notional_at_entry,short,-14955.0,short,330761024.00000006,0
2014-05-20 00:00:00+00:00,181,SB11,17.58,-300000000.0,notional_at_entry,short,-14955.0,short,333943448.0000001,0
2014-05-21 00:00:00+00:00,182,SB11,17.44,-300000000.0,notional_at_entry,short,-14955.0,short,336288392.00000006,0
2014-05-22 00:00:00+00:00,183,SB11,17.38,-300000000.0,notional_at_entry,short,-14955.0,short,337293368.00000006,0
2014-05-23 00:00:00+00:00,184,SB11,17.37,-300000000.0,notional_at_entry,short,-14955.0,short,337460864.00000006,0
2014-05-27 00:00:00+00:00,185,SB11,17.02,-300000000.0,notional_at_entry,short,-14955.0,short,343323224.00000006,0
2014-05-28 00:00:00+00:00,186,SB11,17.11,-300000000.0,notional_at_entry,short,-14955.0,short,341815760.00000006,0
2014-05-29 00:00:00+00:00,187,SB11,17.48,-300000000.0,notional_at_entry,short,-14955.0,short,335618408.00000006,0
2014-05-30 00:00:00+00:00,188,SB11,17.38,-300000000.0,notional_at_entry,short,-14955.0,short,337293368.00000006,0
2014-06-02 00:00:00+00:00,189,SB11,17.18,-300000000.0,notional_at_entry,short,-14955.0,short,340643288.00000006,0
2014-06-03 00:00:00+00:00,190,SB11,17.19,-300000000.0,notional_at_entry,short,-14955.0,short,340475792.00000006,0
2014-06-04 00:00:00+00:00,191,SB11,17.04,-300000000.0,notional_at_entry,short,-14955.0,short,342988232.00000006,0
2014-06-05 00:00:00+00:00,192,SB11,16.83,-300000000.0,notional_at_entry,short,-14955.0,short,346505648.0000001,0
2014-06-06 00:00:00+00:00,193,SB11,16.92,-300000000.0,notional_at_entry,short,-14955.0,short,344998184.00000006,0
2014-06-09 00:00:00+00:00,194,SB11,16.98,-300000000.0,notional_at_entry,short,-14955.0,short,343993208.00000006,0
2014-06-10 00:00:00+00:00,195,SB11,16.97,-300000000.0,notional_at_entry,short,-14955.0,short,344160704.00000006,0
2014-06-11 00:00:00+00:00,196,SB11,16.81,-300000000.0,notional_at_entry,short,-14955.0,short,346840640.00000006,0
2014-06-12 00:00:00+00:00,197,SB11,16.7,300000000.0,notional_at_entry,long,16039.0,long,348683096.00000006,1
2014-06-13 00:00:00+00:00,198,SB11,17.85,300000000.0,notional_at_entry,long,16039.0,long,369341328.0000001,0
2014-06-16 00:00:00+00:00,199,SB11,17.97,300000000.0,notional_at_entry,long,16039.0,long,371496969.6,0
2014-06-17 00:00:00+00:00,200,SB11,17.91,300000000.0,notional_at_entry,long,16039.0,long,370419148.8000001,0
2014-06-18 00:00:00+00:00,201,SB11,18.35,300000000.0,notional_at_entry,long,16039.0,long,378323168.0000001,0
2014-06-19 00:00:00+00:00,202,SB11,18.69,300000000.0,notional_at_entry,long,16039.0,long,384430819.2000001,0
2014-06-20 00:00:00+00:00,203,SB11,18.75,300000000.0,notional_at_entry,long,16039.0,long,385508640.00000006,0
2014-06-23 00:00:00+00:00,204,SB11,18.71,300000000.0,notional_at_entry,long,16039.0,long,384790092.8000001,0
2014-06-24 00:00:00+00:00,205,SB11,18.69,300000000.0,notional_at_entry,long,16039.0,long,384430819.2000001,0
2014-06-25 00:00:00+00:00,206,SB11,18.61,300000000.0,notional_at_entry,long,16039.0,long,382993724.8000001,0
2014-06-26 00:00:00+00:00,207,SB11,18.73,300000000.0,notional_at_entry,long,16039.0,long,385149366.4000001,0
2014-06-27 00:00:00+00:00,208,SB11,18.32,300000000.0,notional_at_entry,long,16039.0,long,377784257.6000001,0
2014-06-30 00:00:00+00:00,209,SB11,18.01,300000000.0,notional_at_entry,long,16039.0,long,372215516.8000001,0
2014-07-01 00:00:00+00:00,210,SB11,17.8,300000000.0,notional_at_entry,long,16039.0,long,368443144.00000006,0
2014-07-02 00:00:00+00:00,211,SB11,17.87,300000000.0,notional_at_entry,long,16039.0,long,369700601.6000001,0
2014-07-03 00:00:00+00:00,212,SB11,17.81,300000000.0,notional_at_entry,long,16039.0,long,368622780.8000001,0
2014-07-07 00:00:00+00:00,213,SB11,17.51,300000000.0,notional_at_entry,long,16039.0,long,363233676.8000001,0
2014-07-08 00:00:00+00:00,214,SB11,17.68,300000000.0,notional_at_entry,long,16039.0,long,366287502.4000001,0
2014-07-09 00:00:00+00:00,215,SB11,17.42,300000000.0,notional_at_entry,long,16039.0,long,361616945.6000001,0
2014-07-10 00:00:00+00:00,216,SB11,17.29,300000000.0,notional_at_entry,long,16039.0,long,359281667.20000005,0
2014-07-11 00:00:00+00:00,217,SB11,17.07,300000000.0,notional_at_entry,long,16039.0,long,355329657.6000001,0
2014-07-14 00:00:00+00:00,218,SB11,17.19,300000000.0,notional_at_entry,long,16039.0,long,357485299.2000001,0
2014-07-15 00:00:00+00:00,219,SB11,17.21,300000000.0,notional_at_entry,long,16039.0,long,357844572.8000001,0
2014-07-16 00:00:00+00:00,220,SB11,17.07,300000000.0,notional_at_entry,long,16039.0,long,355329657.6000001,0
2014-07-17 00:00:00+00:00,221,SB11,16.92,300000000.0,notional_at_entry,long,16039.0,long,352635105.6000001,0
2014-07-18 00:00:00+00:00,222,SB11,16.97,300000000.0,notional_at_entry,long,16039.0,long,353533289.6,0
2014-07-21 00:00:00+00:00,223,SB11,17.28,300000000.0,notional_at_entry,long,16039.0,long,359102030.4000001,0
2014-07-22 00:00:00+00:00,224,SB11,17.16,300000000.0,notional_at_entry,long,16039.0,long,356946388.8000001,0
2014-07-23 00:00:00+00:00,225,SB11,16.96,300000000.0,notional_at_entry,long,16039.0,long,353353652.8000001,0
2014-07-24 00:00:00+00:00,226,SB11,17.05,-300000000.0,notional_at_entry,short,-15710.0,short,354970384.00000006,1
2014-07-25 00:00:00+00:00,227,SB11,17.14,-300000000.0,notional_at_entry,short,-15710.0,short,353386816.00000006,0
2014-07-28 00:00:00+00:00,228,SB11,16.94,-300000000.0,notional_at_entry,short,-15710.0,short,356905856.00000006,0
2014-07-29 00:00:00+00:00,229,SB11,16.62,-300000000.0,notional_at_entry,short,-15710.0,short,362536320.00000006,0
2014-07-30 00:00:00+00:00,230,SB11,16.63,-300000000.0,notional_at_entry,short,-15710.0,short,362360368.0000001,0
2014-07-31 00:00:00+00:00,231,SB11,16.46,-300000000.0,notional_at_entry,short,-15710.0,short,365351552.00000006,0
2014-08-01 00:00:00+00:00,232,SB11,16.35,-300000000.0,notional_at_entry,short,-15710.0,short,367287024.00000006,0
2014-08-04 00:00:00+00:00,233,SB11,16.32,-300000000.0,notional_at_entry,short,-15710.0,short,367814880.00000006,0
2014-08-05 00:00:00+00:00,234,SB11,16.13,-300000000.0,notional_at_entry,short,-15710.0,short,371157968.0000001,0
2014-08-06 00:00:00+00:00,235,SB11,16.32,-300000000.0,notional_at_entry,short,-15710.0,short,367814880.00000006,0
2014-08-07 00:00:00+00:00,236,SB11,16.05,-300000000.0,notional_at_entry,short,-15710.0,short,372565584.00000006,0
2014-08-08 00:00:00+00:00,237,SB11,16.14,-300000000.0,notional_at_entry,short,-15710.0,short,370982016.00000006,0
2014-08-11 00:00:00+00:00,238,SB11,16.24,-300000000.0,notional_at_entry,short,-15710.0,short,369222496.0000001,0
2014-08-12 00:00:00+00:00,239,SB11,16.05,-300000000.0,notional_at_entry,short,-15710.0,short,372565584.00000006,0
2014-08-13 00:00:00+00:00,240,SB11,16.02,-300000000.0,notional_at_entry,short,-15710.0,short,373093440.00000006,0
2014-08-14 00:00:00+00:00,241,SB11,15.91,-300000000.0,notional_at_entry,short,-15710.0,short,375028912.00000006,0
2014-08-15 00:00:00+00:00,242,SB11,15.92,-300000000.0,notional_at_entry,short,-15710.0,short,374852960.00000006,0
2014-08-18 00:00:00+00:00,243,SB11,15.68,-300000000.0,notional_at_entry,short,-15710.0,short,379075808.00000006,0
2014-08-19 00:00:00+00:00,244,SB11,15.47,-300000000.0,notional_at_entry,short,-15710.0,short,382770800.00000006,0
2014-08-20 00:00:00+00:00,245,SB11,15.7,-300000000.0,notional_at_entry,short,-15710.0,short,378723904.00000006,0
2014-08-21 00:00:00+00:00,246,SB11,15.99,-300000000.0,notional_at_entry,short,-15710.0,short,373621296.00000006,0
2014-08-22 00:00:00+00:00,247,SB11,15.64,-300000000.0,notional_at_entry,short,-15710.0,short,379779616.00000006,0
2014-08-25 00:00:00+00:00,248,SB11,15.36,-300000000.0,notional_at_entry,short,-15710.0,short,384706272.00000006,0
2014-08-26 00:00:00+00:00,249,SB11,15.71,-300000000.0,notional_at_entry,short,-15710.0,short,378547952.00000006,0
2014-08-27 00:00:00+00:00,250,SB11,15.58,-300000000.0,notional_at_entry,short,-15710.0,short,380835328.00000006,0
2014-08-28 00:00:00+00:00,251,SB11,15.56,-300000000.0,notional_at_entry,short,-15710.0,short,381187232.00000006,0
2014-08-29 00:00:00+00:00,252,SB11,15.49,-300000000.0,notional_at_entry,short,-15710.0,short,382418896.00000006,0
2014-09-02 00:00:00+00:00,253,SB11,15.82,-300000000.0,notional_at_entry,short,-15710.0,short,376612480.00000006,0
2014-09-03 00:00:00+00:00,254,SB11,15.62,-300000000.0,notional_at_entry,short,-15710.0,short,380131520.00000006,0
2014-09-04 00:00:00+00:00,255,SB11,15.13,-300000000.0,notional_at_entry,short,-15710.0,short,388753168.00000006,0
2014-09-05 00:00:00+00:00,256,SB11,15.0,-300000000.0,notional_at_entry,short,-15710.0,short,391040544.00000006,0
2014-09-08 00:00:00+00:00,257,SB11,14.94,-300000000.0,notional_at_entry,short,-15710.0,short,392096256.00000006,0
2014-09-09 00:00:00+00:00,258,SB11,14.88,-300000000.0,notional_at_entry,short,-15710.0,short,393151968.00000006,0
2014-09-10 00:00:00+00:00,259,SB11,14.52,-300000000.0,notional_at_entry,short,-15710.0,short,399486240.00000006,0
2014-09-11 00:00:00+00:00,260,SB11,14.36,-300000000.0,notional_at_entry,short,-15710.0,short,402301472.0000001,0
2014-09-12 00:00:00+00:00,261,SB11,13.78,-300000000.0,notional_at_entry,short,-15710.0,short,412506688.00000006,0
2014-09-15 00:00:00+00:00,262,SB11,13.67,-300000000.0,notional_at_entry,short,-15710.0,short,414442160.00000006,0
2014-09-16 00:00:00+00:00,263,SB11,13.55,-300000000.0,notional_at_entry,short,-15710.0,short,416553584.00000006,0
2014-09-17 00:00:00+00:00,264,SB11,13.88,-300000000.0,notional_at_entry,short,-15710.0,short,410747168.00000006,0
2014-09-18 00:00:00+00:00,265,SB11,13.79,-300000000.0,notional_at_entry,short,-15710.0,short,412330736.0000001,0
2014-09-19 00:00:00+00:00,266,SB11,15.8,-300000000.0,notional_at_entry,short,-15710.0,short,376964384.00000006,0
2014-09-22 00:00:00+00:00,267,SB11,15.64,-300000000.0,notional_at_entry,short,-15710.0,short,379779616.00000006,0
2014-09-23 00:00:00+00:00,268,SB11,15.73,-300000000.0,notional_at_entry,short,-15710.0,short,378196048.00000006,0
2014-09-24 00:00:00+00:00,269,SB11,15.9,-300000000.0,notional_at_entry,short,-15710.0,short,375204864.00000006,0
2014-09-25 00:00:00+00:00,270,SB11,16.08,-300000000.0,notional_at_entry,short,-15710.0,short,372037728.0000001,0
2014-09-26 00:00:00+00:00,271,SB11,16.56,-300000000.0,notional_at_entry,short,-15710.0,short,363592032.0000001,0
2014-09-29 00:00:00+00:00,272,SB11,16.8,-300000000.0,notional_at_entry,short,-15710.0,short,359369184.00000006,0
2014-09-30 00:00:00+00:00,273,SB11,16.45,-300000000.0,notional_at_entry,short,-15710.0,short,365527504.00000006,0
2014-10-01 00:00:00+00:00,274,SB11,16.04,-300000000.0,notional_at_entry,short,-15710.0,short,372741536.00000006,0
2014-10-02 00:00:00+00:00,275,SB11,16.05,-300000000.0,notional_at_entry,short,-15710.0,short,372565584.00000006,0
2014-10-03 00:00:00+00:00,276,SB11,16.44,-300000000.0,notional_at_entry,short,-15710.0,short,365703456.00000006,0
2014-10-06 00:00:00+00:00,277,SB11,16.98,-300000000.0,notional_at_entry,short,-15710.0,short,356202048.00000006,0
2014-10-07 00:00:00+00:00,278,SB11,17.03,-300000000.0,notional_at_entry,short,-15710.0,short,355322288.00000006,0
2014-10-08 00:00:00+00:00,279,SB11,16.92,-300000000.0,notional_at_entry,short,-15710.0,short,357257760.00000006,0
2014-10-09 00:00:00+00:00,280,SB11,16.7,-300000000.0,notional_at_entry,short,-15710.0,short,361128704.00000006,0
2014-10-10 00:00:00+00:00,281,SB11,16.55,-300000000.0,notional_at_entry,short,-15710.0,short,363767984.00000006,0
2014-10-13 00:00:00+00:00,282,SB11,16.67,-300000000.0,notional_at_entry,short,-15710.0,short,361656560.00000006,0
2014-10-14 00:00:00+00:00,283,SB11,16.81,-300000000.0,notional_at_entry,short,-15710.0,short,359193232.0000001,0
2014-10-15 00:00:00+00:00,284,SB11,16.5,-300000000.0,notional_at_entry,short,-15710.0,short,364647744.00000006,0
2014-10-16 00:00:00+00:00,285,SB11,16.67,-300000000.0,notional_at_entry,short,-15710.0,short,361656560.00000006,0
2014-10-17 00:00:00+00:00,286,SB11,16.62,-300000000.0,notional_at_entry,short,-15710.0,short,362536320.00000006,0
2014-10-20 00:00:00+00:00,287,SB11,16.68,-300000000.0,notional_at_entry,short,-15710.0,short,361480608.00000006,0
2014-10-21 00:00:00+00:00,288,SB11,16.44,-300000000.0,notional_at_entry,short,-15710.0,short,365703456.00000006,0
2014-10-22 00:00:00+00:00,289,SB11,16.5,-300000000.0,notional_at_entry,short,-15710.0,short,364647744.00000006,0
2014-10-23 00:00:00+00:00,290,SB11,16.16,-300000000.0,notional_at_entry,short,-15710.0,short,370630112.00000006,0
2014-10-24 00:00:00+00:00,291,SB11,16.38,-300000000.0,notional_at_entry,short,-15710.0,short,366759168.0000001,0
2014-10-27 00:00:00+00:00,292,SB11,16.03,-300000000.0,notional_at_entry,short,-15710.0,short,372917488.00000006,0
2014-10-28 00:00:00+00:00,293,SB11,16.13,-300000000.0,notional_at_entry,short,-15710.0,short,371157968.0000001,0
2014-10-29 00:00:00+00:00,294,SB11,16.3,-300000000.0,notional_at_entry,short,-15710.0,short,368166784.00000006,0
2014-10-30 00:00:00+00:00,295,SB11,16.3,-300000000.0,notional_at_entry,short,-15710.0,short,368166784.00000006,0
2014-10-31 00:00:00+00:00,296,SB11,16.04,-300000000.0,notional_at_entry,short,-15710.0,short,372741536.00000006,0
2014-11-03 00:00:00+00:00,297,SB11,15.93,-300000000.0,notional_at_entry,short,-15710.0,short,374677008.00000006,0
2014-11-04 00:00:00+00:00,298,SB11,15.68,-300000000.0,notional_at_entry,short,-15710.0,short,379075808.00000006,0
2014-11-05 00:00:00+00:00,299,SB11,15.51,-300000000.0,notional_at_entry,short,-15710.0,short,382066992.00000006,0
2014-11-06 00:00:00+00:00,300,SB11,15.48,-300000000.0,notional_at_entry,short,-15710.0,short,382594848.00000006,0
2014-11-07 00:00:00+00:00,301,SB11,15.69,-300000000.0,notional_at_entry,short,-15710.0,short,378899856.00000006,0
2014-11-10 00:00:00+00:00,302,SB11,15.66,-300000000.0,notional_at_entry,short,-15710.0,short,379427712.00000006,0
2014-11-11 00:00:00+00:00,303,SB11,16.23,-300000000.0,notional_at_entry,short,-15710.0,short,369398448.00000006,0
2014-11-12 00:00:00+00:00,304,SB11,16.36,-300000000.0,notional_at_entry,short,-15710.0,short,367111072.00000006,0
2014-11-13 00:00:00+00:00,305,SB11,16.01,-300000000.0,notional_at_entry,short,-15710.0,short,373269392.00000006,0
2014-11-14 00:00:00+00:00,306,SB11,15.9,-300000000.0,notional_at_entry,short,-15710.0,short,375204864.00000006,0
2014-11-17 00:00:00+00:00,307,SB11,15.77,-300000000.0,notional_at_entry,short,-15710.0,short,377492240.00000006,0
2014-11-18 00:00:00+00:00,308,SB11,15.71,-300000000.0,notional_at_entry,short,-15710.0,short,378547952.00000006,0
2014-11-19 00:00:00+00:00,309,SB11,15.87,-300000000.0,notional_at_entry,short,-15710.0,short,375732720.00000006,0
2014-11-20 00:00:00+00:00,310,SB11,16.1,-300000000.0,notional_at_entry,short,-15710.0,short,371685824.00000006,0
2014-11-21 00:00:00+00:00,311,SB11,16.09,-300000000.0,notional_at_entry,short,-15710.0,short,371861776.00000006,0
2014-11-24 00:00:00+00:00,312,SB11,16.0,-300000000.0,notional_at_entry,short,-15710.0,short,373445344.00000006,0
2014-11-25 00:00:00+00:00,313,SB11,16.0,-300000000.0,notional_at_entry,short,-15710.0,short,373445344.00000006,0
2014-11-26 00:00:00+00:00,314,SB11,16.12,-300000000.0,notional_at_entry,short,-15710.0,short,371333920.00000006,0
2014-11-28 00:00:00+00:00,315,SB11,15.59,-300000000.0,notional_at_entry,short,-15710.0,short,380659376.00000006,0
2014-12-01 00:00:00+00:00,316,SB11,15.59,-300000000.0,notional_at_entry,short,-15710.0,short,380659376.00000006,0
2014-12-02 00:00:00+00:00,317,SB11,15.24,-300000000.0,notional_at_entry,short,-15710.0,short,386817696.00000006,0
2014-12-03 00:00:00+00:00,318,SB11,15.09,-300000000.0,notional_at_entry,short,-15710.0,short,389456976.00000006,0
2014-12-04 00:00:00+00:00,319,SB11,15.21,-300000000.0,notional_at_entry,short,-15710.0,short,387345552.00000006,0
2014-12-05 00:00:00+00:00,320,SB11,15.14,-300000000.0,notional_at_entry,short,-15710.0,short,388577216.00000006,0
2014-12-08 00:00:00+00:00,321,SB11,15.3,-300000000.0,notional_at_entry,short,-15710.0,short,385761984.00000006,0
2014-12-09 00:00:00+00:00,322,SB11,15.42,-300000000.0,notional_at_entry,short,-15710.0,short,383650560.00000006,0
2014-12-10 00:00:00+00:00,323,SB11,15.47,-300000000.0,notional_at_entry,short,-15710.0,short,382770800.00000006,0
2014-12-11 00:00:00+00:00,324,SB11,15.15,-300000000.0,notional_at_entry,short,-15710.0,short,388401264.00000006,0
2014-12-12 00:00:00+00:00,325,SB11,14.98,-300000000.0,notional_at_entry,short,-15710.0,short,391392448.00000006,0
2014-12-15 00:00:00+00:00,326,SB11,14.96,-300000000.0,notional_at_entry,short,-15710.0,short,391744352.00000006,0
2014-12-16 00:00:00+00:00,327,SB11,14.71,-300000000.0,notional_at_entry,short,-15710.0,short,396143152.00000006,0
2014-12-17 00:00:00+00:00,328,SB11,14.72,-300000000.0,notional_at_entry,short,-15710.0,short,395967200.00000006,0
2014-12-18 00:00:00+00:00,329,SB11,14.99,-300000000.0,notional_at_entry,short,-15710.0,short,391216496.00000006,0
2014-12-19 00:00:00+00:00,330,SB11,14.98,-300000000.0,notional_at_entry,short,-15710.0,short,391392448.00000006,0
2014-12-22 00:00:00+00:00,331,SB11,14.86,-300000000.0,notional_at_entry,short,-15710.0,short,393503872.0000001,0
2014-12-23 00:00:00+00:00,332,SB11,14.83,-300000000.0,notional_at_entry,short,-15710.0,short,394031728.00000006,0
2014-12-24 00:00:00+00:00,333,SB11,14.76,-300000000.0,notional_at_entry,short,-15710.0,short,395263392.00000006,0
2014-12-26 00:00:00+00:00,334,SB11,14.7,-300000000.0,notional_at_entry,short,-15710.0,short,396319104.00000006,0
2014-12-29 00:00:00+00:00,335,SB11,14.6,-300000000.0,notional_at_entry,short,-15710.0,short,398078624.00000006,0
2014-12-30 00:00:00+00:00,336,SB11,14.61,-300000000.0,notional_at_entry,short,-15710.0,short,397902672.0000001,0
2014-12-31 00:00:00+00:00,337,SB11,14.52,-300000000.0,notional_at_entry,short,-15710.0,short,399486240.00000006,0
2015-01-02 00:00:00+00:00,338,SB11,14.17,-300000000.0,notional_at_entry,short,-15710.0,short,405644560.00000006,0
2015-01-05 00:00:00+00:00,339,SB11,14.26,-300000000.0,notional_at_entry,short,-15710.0,short,404060992.00000006,0
2015-01-06 00:00:00+00:00,340,SB11,14.87,-300000000.0,notional_at_entry,short,-15710.0,short,393327920.0000001,0
2015-01-07 00:00:00+00:00,341,SB11,14.78,-300000000.0,notional_at_entry,short,-15710.0,short,394911488.00000006,0
2015-01-08 00:00:00+00:00,342,SB11,14.88,-300000000.0,notional_at_entry,short,-15710.0,short,393151968.00000006,0
2015-01-09 00:00:00+00:00,343,SB11,14.91,-300000000.0,notional_at_entry,short,-15710.0,short,392624112.00000006,0
2015-01-12 00:00:00+00:00,344,SB11,14.76,-300000000.0,notional_at_entry,short,-15710.0,short,395263392.00000006,0
2015-01-13 00:00:00+00:00,345,SB11,14.87,-300000000.0,notional_at_entry,short,-15710.0,short,393327920.0000001,0
2015-01-14 00:00:00+00:00,346,SB11,14.93,-300000000.0,notional_at_entry,short,-15710.0,short,392272208.00000006,0
2015-01-15 00:00:00+00:00,347,SB11,15.35,-300000000.0,notional_at_entry,short,-15710.0,short,384882224.00000006,0
2015-01-16 00:00:00+00:00,348,SB11,15.33,300000000.0,notional_at_entry,long,17472.0,long,385234128.00000006,1
2015-01-20 00:00:00+00:00,349,SB11,15.83,300000000.0,notional_at_entry,long,17472.0,long,395018448.00000006,0
2015-01-21 00:00:00+00:00,350,SB11,15.92,300000000.0,notional_at_entry,long,17472.0,long,396779625.6000001,0
2015-01-22 00:00:00+00:00,351,SB11,15.91,300000000.0,notional_at_entry,long,17472.0,long,396583939.20000005,0
2015-01-23 00:00:00+00:00,352,SB11,15.17,300000000.0,notional_at_entry,long,17472.0,long,382103145.6000001,0
2015-01-26 00:00:00+00:00,353,SB11,15.35,-300000000.0,notional_at_entry,short,-17449.0,short,385625500.8000001,1
2015-01-27 00:00:00+00:00,354,SB11,15.16,-300000000.0,notional_at_entry,short,-17449.0,short,389338648.00000006,0
2015-01-28 00:00:00+00:00,355,SB11,15.16,-300000000.0,notional_at_entry,short,-17449.0,short,389338648.00000006,0
2015-01-29 00:00:00+00:00,356,SB11,14.85,-300000000.0,notional_at_entry,short,-17449.0,short,395396940.8000001,0
2015-01-30 00:00:00+00:00,357,SB11,14.79,-300000000.0,notional_at_entry,short,-17449.0,short,396569513.6000001,0
2015-02-02 00:00:00+00:00,358,SB11,14.22,-300000000.0,notional_at_entry,short,-17449.0,short,407708955.20000005,0
2015-02-03 00:00:00+00:00,359,SB11,14.47,-300000000.0,notional_at_entry,short,-17449.0,short,402823235.20000005,0
2015-02-04 00:00:00+00:00,360,SB11,14.45,-300000000.0,notional_at_entry,short,-17449.0,short,403214092.8000001,0
2015-02-05 00:00:00+00:00,361,SB11,14.41,-300000000.0,notional_at_entry,short,-17449.0,short,403995808.00000006,0
2015-02-06 00:00:00+00:00,362,SB11,14.51,-300000000.0,notional_at_entry,short,-17449.0,short,402041520.00000006,0
2015-02-09 00:00:00+00:00,363,SB11,14.82,-300000000.0,notional_at_entry,short,-17449.0,short,395983227.20000005,0
2015-02-10 00:00:00+00:00,364,SB11,14.71,-300000000.0,notional_at_entry,short,-17449.0,short,398132944.00000006,0
2015-02-11 00:00:00+00:00,365,SB11,14.62,-300000000.0,notional_at_entry,short,-17449.0,short,399891803.2000001,0
2015-02-12 00:00:00+00:00,366,SB11,14.91,-300000000.0,notional_at_entry,short,-17449.0,short,394224368.00000006,0
2015-02-13 00:00:00+00:00,367,SB11,14.84,-300000000.0,notional_at_entry,short,-17449.0,short,395592369.6000001,0
2015-02-17 00:00:00+00:00,368,SB11,15.07,-300000000.0,notional_at_entry,short,-17449.0,short,391097507.20000005,0
2015-02-18 00:00:00+00:00,369,SB11,15.01,-300000000.0,notional_at_entry,short,-17449.0,short,392270080.00000006,0
2015-02-19 00:00:00+00:00,370,SB11,14.64,-300000000.0,notional_at_entry,short,-17449.0,short,399500945.6,0
2015-02-20 00:00:00+00:00,371,SB11,14.32,-300000000.0,notional_at_entry,short,-17449.0,short,405754667.20000005,0
2015-02-23 00:00:00+00:00,372,SB11,14.13,-300000000.0,notional_at_entry,short,-17449.0,short,409467814.40000004,0
2015-02-24 00:00:00+00:00,373,SB11,14.15,-300000000.0,notional_at_entry,short,-17449.0,short,409076956.8000001,0
2015-02-25 00:00:00+00:00,374,SB11,13.79,-300000000.0,notional_at_entry,short,-17449.0,short,416112393.6000001,0
2015-02-26 00:00:00+00:00,375,SB11,13.99,-300000000.0,notional_at_entry,short,-17449.0,short,412203817.6000001,0
2015-02-27 00:00:00+00:00,376,SB11,13.77,-300000000.0,notional_at_entry,short,-17449.0,short,416503251.20000005,0
2015-03-02 00:00:00+00:00,377,SB11,13.64,-300000000.0,notional_at_entry,short,-17449.0,short,419043825.6,0
2015-03-03 00:00:00+00:00,378,SB11,13.45,-300000000.0,notional_at_entry,short,-17449.0,short,422756972.8000001,0
2015-03-04 00:00:00+00:00,379,SB11,13.34,-300000000.0,notional_at_entry,short,-17449.0,short,424906689.6000001,0
2015-03-05 00:00:00+00:00,380,SB11,13.44,-300000000.0,notional_at_entry,short,-17449.0,short,422952401.6000001,0
2015-03-06 00:00:00+00:00,381,SB11,13.44,-300000000.0,notional_at_entry,short,-17449.0,short,422952401.6000001,0
2015-03-09 00:00:00+00:00,382,SB11,13.27,-300000000.0,notional_at_entry,short,-17449.0,short,426274691.20000005,0
2015-03-10 00:00:00+00:00,383,SB11,13.02,-300000000.0,notional_at_entry,short,-17449.0,short,431160411.20000005,0
2015-03-11 00:00:00+00:00,384,SB11,13.14,-300000000.0,notional_at_entry,short,-17449.0,short,428815265.6,0
2015-03-12 00:00:00+00:00,385,SB11,13.21,-300000000.0,notional_at_entry,short,-17449.0,short,427447264.00000006,0
2015-03-13 00:00:00+00:00,386,SB11,12.7,-300000000.0,notional_at_entry,short,-17449.0,short,437414132.8000001,0
2015-03-16 00:00:00+00:00,387,SB11,12.9,-300000000.0,notional_at_entry,short,-17449.0,short,433505556.8000001,0
2015-03-17 00:00:00+00:00,388,SB11,12.82,-300000000.0,notional_at_entry,short,-17449.0,short,435068987.20000005,0
2015-03-18 00:00:00+00:00,389,SB11,12.73,-300000000.0,notional_at_entry,short,-17449.0,short,436827846.40000004,0
2015-03-19 00:00:00+00:00,390,SB11,12.62,-300000000.0,notional_at_entry,short,-17449.0,short,438977563.20000005,0
2015-03-20 00:00:00+00:00,391,SB11,12.68,-300000000.0,notional_at_entry,short,-17449.0,short,437804990.4000001,0
2015-03-23 00:00:00+00:00,392,SB11,12.74,-300000000.0,notional_at_entry,short,-17449.0,short,436632417.6000001,0
2015-03-24 00:00:00+00:00,393,SB11,12.45,-300000000.0,notional_at_entry,short,-17449.0,short,442299852.8000001,0
2015-03-25 00:00:00+00:00,394,SB11,12.52,-300000000.0,notional_at_entry,short,-17449.0,short,440931851.20000005,0
2015-03-26 00:00:00+00:00,395,SB11,12.34,-300000000.0,notional_at_entry,short,-17449.0,short,444449569.6000001,0
2015-03-27 00:00:00+00:00,396,SB11,12.13,-300000000.0,notional_at_entry,short,-17449.0,short,448553574.40000004,0
2015-03-30 00:00:00+00:00,397,SB11,11.99,-300000000.0,notional_at_entry,short,-17449.0,short,451289577.6000001,0
2015-03-31 00:00:00+00:00,398,SB11,11.93,-300000000.0,notional_at_entry,short,-17449.0,short,452462150.4000001,0
2015-04-01 00:00:00+00:00,399,SB11,12.32,-300000000.0,notional_at_entry,short,-17449.0,short,444840427.20000005,0
2015-04-02 00:00:00+00:00,400,SB11,12.74,-300000000.0,notional_at_entry,short,-17449.0,short,436632417.6000001,0
2015-04-06 00:00:00+00:00,401,SB11,12.54,-300000000.0,notional_at_entry,short,-17449.0,short,440540993.6000001,0
2015-04-07 00:00:00+00:00,402,SB11,12.77,-300000000.0,notional_at_entry,short,-17449.0,short,436046131.20000005,0
2015-04-08 00:00:00+00:00,403,SB11,12.97,-300000000.0,notional_at_entry,short,-17449.0,short,432137555.20000005,0
2015-04-09 00:00:00+00:00,404,SB11,12.8,-300000000.0,notional_at_entry,short,-17449.0,short,435459844.8000001,0
2015-04-10 00:00:00+00:00,405,SB11,12.83,-300000000.0,notional_at_entry,short,-17449.0,short,434873558.4000001,0
2015-04-13 00:00:00+00:00,406,SB11,13.01,-300000000.0,notional_at_entry,short,-17449.0,short,431355840.00000006,0
2015-04-14 00:00:00+00:00,407,SB11,13.19,-300000000.0,notional_at_entry,short,-17449.0,short,427838121.6000001,0
2015-04-15 00:00:00+00:00,408,SB11,13.0,-300000000.0,notional_at_entry,short,-17449.0,short,431551268.8000001,0
2015-04-16 00:00:00+00:00,409,SB11,13.43,-300000000.0,notional_at_entry,short,-17449.0,short,423147830.4000001,0
2015-04-17 00:00:00+00:00,410,SB11,13.18,-300000000.0,notional_at_entry,short,-17449.0,short,428033550.4000001,0
2015-04-20 00:00:00+00:00,411,SB11,12.67,-300000000.0,notional_at_entry,short,-17449.0,short,438000419.20000005,0
2015-04-21 00:00:00+00:00,412,SB11,12.38,-300000000.0,notional_at_entry,short,-17449.0,short,443667854.40000004,0
2015-04-22 00:00:00+00:00,413,SB11,12.59,-300000000.0,notional_at_entry,short,-17449.0,short,439563849.6000001,0
2015-04-23 00:00:00+00:00,414,SB11,13.03,-300000000.0,notional_at_entry,short,-17449.0,short,430964982.4000001,0
2015-04-24 00:00:00+00:00,415,SB11,13.19,-300000000.0,notional_at_entry,short,-17449.0,short,427838121.6000001,0
2015-04-27 00:00:00+00:00,416,SB11,13.38,-300000000.0,notional_at_entry,short,-17449.0,short,424124974.40000004,0
2015-04-28 00:00:00+00:00,417,SB11,13.22,-300000000.0,notional_at_entry,short,-17449.0,short,427251835.20000005,0
2015-04-29 00:00:00+00:00,418,SB11,13.15,-300000000.0,notional_at_entry,short,-17449.0,short,428619836.8000001,0
2015-04-30 00:00:00+00:00,419,SB11,13.18,-300000000.0,notional_at_entry,short,-17449.0,short,428033550.4000001,0
2015-05-01 00:00:00+00:00,420,SB11,12.91,-300000000.0,notional_at_entry,short,-17449.0,short,433310128.00000006,0
2015-05-04 00:00:00+00:00,421,SB11,12.51,-300000000.0,notional_at_entry,short,-17449.0,short,441127280.00000006,0
2015-05-05 00:00:00+00:00,422,SB11,12.75,-300000000.0,notional_at_entry,short,-17449.0,short,436436988.8000001,0
2015-05-06 00:00:00+00:00,423,SB11,12.87,-300000000.0,notional_at_entry,short,-17449.0,short,434091843.20000005,0
2015-05-07 00:00:00+00:00,424,SB11,12.96,-300000000.0,notional_at_entry,short,-17449.0,short,432332984.00000006,0
2015-05-08 00:00:00+00:00,425,SB11,13.42,-300000000.0,notional_at_entry,short,-17449.0,short,423343259.20000005,0
2015-05-11 00:00:00+00:00,426,SB11,13.48,-300000000.0,notional_at_entry,short,-17449.0,short,422170686.40000004,0
2015-05-12 00:00:00+00:00,427,SB11,13.58,-300000000.0,notional_at_entry,short,-17449.0,short,420216398.4000001,0
2015-05-13 00:00:00+00:00,428,SB11,12.96,-300000000.0,notional_at_entry,short,-17449.0,short,432332984.00000006,0
2015-05-14 00:00:00+00:00,429,SB11,12.84,-300000000.0,notional_at_entry,short,-17449.0,short,434678129.6000001,0
2015-05-15 00:00:00+00:00,430,SB11,12.89,-300000000.0,notional_at_entry,short,-17449.0,short,433700985.6,0
2015-05-18 00:00:00+00:00,431,SB11,12.78,-300000000.0,notional_at_entry,short,-17449.0,short,435850702.4000001,0
2015-05-19 00:00:00+00:00,432,SB11,12.86,-300000000.0,notional_at_entry,short,-17449.0,short,434287272.00000006,0
2015-05-20 00:00:00+00:00,433,SB11,12.59,-300000000.0,notional_at_entry,short,-17449.0,short,439563849.6000001,0
2015-05-21 00:00:00+00:00,434,SB11,12.49,-300000000.0,notional_at_entry,short,-17449.0,short,441518137.6000001,0
2015-05-22 00:00:00+00:00,435,SB11,12.31,-300000000.0,notional_at_entry,short,-17449.0,short,445035856.00000006,0
2015-05-26 00:00:00+00:00,436,SB11,12.08,-300000000.0,notional_at_entry,short,-17449.0,short,449530718.4000001,0
2015-05-27 00:00:00+00:00,437,SB11,11.87,-300000000.0,notional_at_entry,short,-17449.0,short,453634723.20000005,0
2015-05-28 00:00:00+00:00,438,SB11,11.94,-300000000.0,notional_at_entry,short,-17449.0,short,452266721.6000001,0
2015-05-29 00:00:00+00:00,439,SB11,11.98,-300000000.0,notional_at_entry,short,-17449.0,short,451485006.40000004,0
2015-06-01 00:00:00+00:00,440,SB11,12.25,-300000000.0,notional_at_entry,short,-17449.0,short,446208428.8000001,0
2015-06-02 00:00:00+00:00,441,SB11,12.32,-300000000.0,notional_at_entry,short,-17449.0,short,444840427.20000005,0
2015-06-03 00:00:00+00:00,442,SB11,12.05,-300000000.0,notional_at_entry,short,-17449.0,short,450117004.8000001,0
2015-06-04 00:00:00+00:00,443,SB11,12.12,-300000000.0,notional_at_entry,short,-17449.0,short,448749003.20000005,0
2015-06-05 00:00:00+00:00,444,SB11,12.05,-300000000.0,notional_at_entry,short,-17449.0,short,450117004.8000001,0
2015-06-08 00:00:00+00:00,445,SB11,12.16,-300000000.0,notional_at_entry,short,-17449.0,short,447967288.00000006,0
2015-06-09 00:00:00+00:00,446,SB11,12.07,-300000000.0,notional_at_entry,short,-17449.0,short,449726147.20000005,0
2015-06-10 00:00:00+00:00,447,SB11,12.01,-300000000.0,notional_at_entry,short,-17449.0,short,450898720.00000006,0
2015-06-11 00:00:00+00:00,448,SB11,11.64,-300000000.0,notional_at_entry,short,-17449.0,short,458129585.6,0
2015-06-12 00:00:00+00:00,449,SB11,11.72,-300000000.0,notional_at_entry,short,-17449.0,short,456566155.20000005,0
2015-06-15 00:00:00+00:00,450,SB11,11.83,-300000000.0,notional_at_entry,short,-17449.0,short,454416438.4000001,0
2015-06-16 00:00:00+00:00,451,SB11,11.68,-300000000.0,notional_at_entry,short,-17449.0,short,457347870.4000001,0
2015-06-17 00:00:00+00:00,452,SB11,11.77,-300000000.0,notional_at_entry,short,-17449.0,short,455589011.20000005,0
2015-06-18 00:00:00+00:00,453,SB11,11.69,300000000.0,notional_at_entry,long,22913.0,long,457152441.6000001,1
2015-06-19 00:00:00+00:00,454,SB11,11.55,300000000.0,notional_at_entry,long,22913.0,long,453559683.2000001,0
2015-06-22 00:00:00+00:00,455,SB11,11.94,300000000.0,notional_at_entry,long,22913.0,long,463568081.6000001,0
2015-06-23 00:00:00+00:00,456,SB11,11.77,300000000.0,notional_at_entry,long,22913.0,long,459205446.4000001,0
2015-06-24 00:00:00+00:00,457,SB11,12.02,300000000.0,notional_at_entry,long,22913.0,long,465621086.4000001,0
2015-06-25 00:00:00+00:00,458,SB11,11.87,300000000.0,notional_at_entry,long,22913.0,long,461771702.4000001,0
2015-06-26 00:00:00+00:00,459,SB11,11.95,300000000.0,notional_at_entry,long,22913.0,long,463824707.2000001,0
2015-06-29 00:00:00+00:00,460,SB11,12.07,300000000.0,notional_at_entry,long,22913.0,long,466904214.4000001,0
2015-06-30 00:00:00+00:00,461,SB11,12.47,300000000.0,notional_at_entry,long,22913.0,long,477169238.4000001,0
2015-07-01 00:00:00+00:00,462,SB11,12.44,300000000.0,notional_at_entry,long,22913.0,long,476399361.6000001,0
2015-07-02 00:00:00+00:00,463,SB11,12.3,300000000.0,notional_at_entry,long,22913.0,long,472806603.2000001,0
2015-07-06 00:00:00+00:00,464,SB11,12.48,300000000.0,notional_at_entry,long,22913.0,long,477425864.0000001,0
2015-07-07 00:00:00+00:00,465,SB11,12.33,300000000.0,notional_at_entry,long,22913.0,long,473576480.0000001,0
2015-07-08 00:00:00+00:00,466,SB11,12.31,300000000.0,notional_at_entry,long,22913.0,long,473063228.80000013,0
2015-07-09 00:00:00+00:00,467,SB11,11.9,300000000.0,notional_at_entry,long,22913.0,long,462541579.2000001,0
2015-07-10 00:00:00+00:00,468,SB11,12.41,300000000.0,notional_at_entry,long,22913.0,long,475629484.8000001,0
2015-07-13 00:00:00+00:00,469,SB11,12.56,300000000.0,notional_at_entry,long,22913.0,long,479478868.80000013,0
2015-07-14 00:00:00+00:00,470,SB11,12.64,300000000.0,notional_at_entry,long,22913.0,long,481531873.6000001,0
2015-07-15 00:00:00+00:00,471,SB11,12.46,-300000000.0,notional_at_entry,short,-21497.0,short,476912612.80000013,1
2015-07-16 00:00:00+00:00,472,SB11,12.27,-300000000.0,notional_at_entry,short,-21497.0,short,481487174.40000015,0
2015-07-17 00:00:00+00:00,473,SB11,11.96,-300000000.0,notional_at_entry,short,-21497.0,short,488950932.80000013,0
2015-07-20 00:00:00+00:00,474,SB11,11.44,-300000000.0,notional_at_entry,short,-21497.0,short,501470785.60000014,0
2015-07-21 00:00:00+00:00,475,SB11,11.42,-300000000.0,notional_at_entry,short,-21497.0,short,501952318.40000015,0
2015-07-22 00:00:00+00:00,476,SB11,11.38,-300000000.0,notional_at_entry,short,-21497.0,short,502915384.0000001,0
2015-07-23 00:00:00+00:00,477,SB11,11.51,-300000000.0,notional_at_entry,short,-21497.0,short,499785420.80000013,0
2015-07-24 00:00:00+00:00,478,SB11,11.24,-300000000.0,notional_at_entry,short,-21497.0,short,506286113.60000014,0
2015-07-27 00:00:00+00:00,479,SB11,11.24,-300000000.0,notional_at_entry,short,-21497.0,short,506286113.60000014,0
2015-07-28 00:00:00+00:00,480,SB11,11.17,-300000000.0,notional_at_entry,short,-21497.0,short,507971478.40000015,0
2015-07-29 00:00:00+00:00,481,SB11,11.46,-300000000.0,notional_at_entry,short,-21497.0,short,500989252.80000013,0
2015-07-30 00:00:00+00:00,482,SB11,11.27,-300000000.0,notional_at_entry,short,-21497.0,short,505563814.40000015,0
2015-07-31 00:00:00+00:00,483,SB11,11.14,-300000000.0,notional_at_entry,short,-21497.0,short,508693777.60000014,0
2015-08-03 00:00:00+00:00,484,SB11,10.89,-300000000.0,notional_at_entry,short,-21497.0,short,514712937.60000014,0
2015-08-04 00:00:00+00:00,485,SB11,11.01,-300000000.0,notional_at_entry,short,-21497.0,short,511823740.8000002,0
2015-08-05 00:00:00+00:00,486,SB11,10.76,300000000.0,notional_at_entry,long,24893.0,long,517842900.8000002,1
2015-08-06 00:00:00+00:00,487,SB11,10.7,300000000.0,notional_at_entry,long,24893.0,long,516170091.20000017,0
2015-08-07 00:00:00+00:00,488,SB11,10.66,300000000.0,notional_at_entry,long,24893.0,long,515054884.8000002,0
2015-08-10 00:00:00+00:00,489,SB11,10.57,300000000.0,notional_at_entry,long,24893.0,long,512545670.4000002,0
2015-08-11 00:00:00+00:00,490,SB11,10.62,300000000.0,notional_at_entry,long,24893.0,long,513939678.40000015,0
2015-08-12 00:00:00+00:00,491,SB11,10.54,300000000.0,notional_at_entry,long,24893.0,long,511709265.6000002,0
2015-08-13 00:00:00+00:00,492,SB11,10.49,300000000.0,notional_at_entry,long,24893.0,long,510315257.6000002,0
2015-08-14 00:00:00+00:00,493,SB11,10.68,300000000.0,notional_at_entry,long,24893.0,long,515612488.0000002,0
2015-08-17 00:00:00+00:00,494,SB11,10.63,300000000.0,notional_at_entry,long,24893.0,long,514218480.00000024,0
2015-08-18 00:00:00+00:00,495,SB11,10.73,300000000.0,notional_at_entry,long,24893.0,long,517006496.00000024,0
2015-08-19 00:00:00+00:00,496,SB11,10.59,300000000.0,notional_at_entry,long,24893.0,long,513103273.6000002,0
2015-08-20 00:00:00+00:00,497,SB11,10.62,300000000.0,notional_at_entry,long,24893.0,long,513939678.40000015,0
2015-08-21 00:00:00+00:00,498,SB11,10.44,300000000.0,notional_at_entry,long,24893.0,long,508921249.6000002,0
2015-08-24 00:00:00+00:00,499,SB11,10.39,300000000.0,notional_at_entry,long,24893.0,long,507527241.6000002,0
2015-08-25 00:00:00+00:00,500,SB11,10.6,300000000.0,notional_at_entry,long,24893.0,long,513382075.20000017,0
2015-08-26 00:00:00+00:00,501,SB11,10.53,300000000.0,notional_at_entry,long,24893.0,long,511430464.0000002,0
2015-08-27 00:00:00+00:00,502,SB11,11.06,300000000.0,notional_at_entry,long,24893.0,long,526206948.8000002,0
2015-08-28 00:00:00+00:00,503,SB11,10.97,300000000.0,notional_at_entry,long,24893.0,long,523697734.4000002,0
2015-08-31 00:00:00+00:00,504,SB11,10.69,300000000.0,notional_at_entry,long,24893.0,long,515891289.6000002,0
2015-09-01 00:00:00+00:00,505,SB11,10.71,300000000.0,notional_at_entry,long,24893.0,long,516448892.8000002,0
2015-09-02 00:00:00+00:00,506,SB11,10.73,300000000.0,notional_at_entry,long,24893.0,long,517006496.00000024,0
2015-09-03 00:00:00+00:00,507,SB11,11.34,300000000.0,notional_at_entry,long,24893.0,long,534013393.6000002,0
2015-09-04 00:00:00+00:00,508,SB11,11.27,300000000.0,notional_at_entry,long,24893.0,long,532061782.4000002,0
2015-09-08 00:00:00+00:00,509,SB11,11.07,300000000.0,notional_at_entry,long,24893.0,long,526485750.4000002,0
2015-09-09 00:00:00+00:00,510,SB11,11.43,300000000.0,notional_at_entry,long,24893.0,long,536522608.0000002,0
2015-09-10 00:00:00+00:00,511,SB11,11.33,300000000.0,notional_at_entry,long,24893.0,long,533734592.0000002,0
2015-09-11 00:00:00+00:00,512,SB11,11.66,300000000.0,notional_at_entry,long,24893.0,long,542935044.8000002,0
2015-09-14 00:00:00+00:00,513,SB11,11.5,300000000.0,notional_at_entry,long,24893.0,long,538474219.2000002,0
2015-09-15 00:00:00+00:00,514,SB11,11.4,300000000.0,notional_at_entry,long,24893.0,long,535686203.2000002,0
2015-09-16 00:00:00+00:00,515,SB11,11.47,300000000.0,notional_at_entry,long,24893.0,long,537637814.4000002,0
2015-09-17 00:00:00+00:00,516,SB11,11.44,300000000.0,notional_at_entry,long,24893.0,long,536801409.6000002,0
2015-09-18 00:00:00+00:00,517,SB11,11.7,300000000.0,notional_at_entry,long,24893.0,long,544050251.2000002,0
2015-09-21 00:00:00+00:00,518,SB11,11.67,300000000.0,notional_at_entry,long,24893.0,long,543213846.4000002,0
2015-09-22 00:00:00+00:00,519,SB11,11.57,300000000.0,notional_at_entry,long,24893.0,long,540425830.4000002,0
2015-09-23 00:00:00+00:00,520,SB11,11.55,300000000.0,notional_at_entry,long,24893.0,long,539868227.2000002,0
2015-09-24 00:00:00+00:00,521,SB11,11.86,300000000.0,notional_at_entry,long,24893.0,long,548511076.8000002,0
2015-09-25 00:00:00+00:00,522,SB11,12.41,300000000.0,notional_at_entry,long,24893.0,long,563845164.8000002,0
2015-09-28 00:00:00+00:00,523,SB11,12.38,300000000.0,notional_at_entry,long,24893.0,long,563008760.0000002,0
2015-09-29 00:00:00+00:00,524,SB11,12.46,300000000.0,notional_at_entry,long,24893.0,long,565239172.8000002,0
2015-09-30 00:00:00+00:00,525,SB11,12.88,300000000.0,notional_at_entry,long,24893.0,long,576948840.0000002,0
2015-10-01 00:00:00+00:00,526,SB11,13.26,300000000.0,notional_at_entry,long,24893.0,long,587543300.8000002,0
2015-10-02 00:00:00+00:00,527,SB11,13.53,300000000.0,notional_at_entry,long,24893.0,long,595070944.0000002,0
2015-10-05 00:00:00+00:00,528,SB11,13.64,300000000.0,notional_at_entry,long,24893.0,long,598137761.6000003,0
2015-10-06 00:00:00+00:00,529,SB11,13.63,300000000.0,notional_at_entry,long,24893.0,long,597858960.0000002,0
2015-10-07 00:00:00+00:00,530,SB11,13.98,300000000.0,notional_at_entry,long,24893.0,long,607617016.0000002,0
2015-10-08 00:00:00+00:00,531,SB11,14.01,300000000.0,notional_at_entry,long,24893.0,long,608453420.8000002,0
2015-10-09 00:00:00+00:00,532,SB11,14.34,300000000.0,notional_at_entry,long,24893.0,long,617653873.6000001,0
2015-10-12 00:00:00+00:00,533,SB11,14.24,300000000.0,notional_at_entry,long,24893.0,long,614865857.6000001,0
2015-10-13 00:00:00+00:00,534,SB11,13.83,300000000.0,notional_at_entry,long,24893.0,long,603434992.0000002,0
2015-10-14 00:00:00+00:00,535,SB11,14.09,300000000.0,notional_at_entry,long,24893.0,long,610683833.6000001,0
2015-10-15 00:00:00+00:00,536,SB11,14.13,300000000.0,notional_at_entry,long,24893.0,long,611799040.0000002,0
2015-10-16 00:00:00+00:00,537,SB11,14.27,300000000.0,notional_at_entry,long,24893.0,long,615702262.4000002,0
2015-10-19 00:00:00+00:00,538,SB11,14.26,300000000.0,notional_at_entry,long,24893.0,long,615423460.8000002,0
2015-10-20 00:00:00+00:00,539,SB11,14.06,300000000.0,notional_at_entry,long,24893.0,long,609847428.8000002,0
2015-10-21 00:00:00+00:00,540,SB11,14.18,300000000.0,notional_at_entry,long,24893.0,long,613193048.0000002,0
2015-10-22 00:00:00+00:00,541,SB11,14.6,300000000.0,notional_at_entry,long,24893.0,long,624902715.2000002,0
2015-10-23 00:00:00+00:00,542,SB11,14.28,300000000.0,notional_at_entry,long,24893.0,long,615981064.0000002,0
2015-10-26 00:00:00+00:00,543,SB11,14.64,300000000.0,notional_at_entry,long,24893.0,long,626017921.6000003,0
2015-10-27 00:00:00+00:00,544,SB11,14.42,300000000.0,notional_at_entry,long,24893.0,long,619884286.4000002,0
2015-10-28 00:00:00+00:00,545,SB11,14.65,300000000.0,notional_at_entry,long,24893.0,long,626296723.2000002,0
2015-10-29 00:00:00+00:00,546,SB11,14.56,300000000.0,notional_at_entry,long,24893.0,long,623787508.8000002,0
2015-10-30 00:00:00+00:00,547,SB11,14.52,300000000.0,notional_at_entry,long,24893.0,long,622672302.4000002,0
2015-11-02 00:00:00+00:00,548,SB11,15.11,300000000.0,notional_at_entry,long,24893.0,long,639121596.8000002,0
2015-11-03 00:00:00+00:00,549,SB11,15.49,300000000.0,notional_at_entry,long,24893.0,long,649716057.6000001,0
2015-11-04 00:00:00+00:00,550,SB11,14.64,300000000.0,notional_at_entry,long,24893.0,long,626017921.6000003,0
2015-11-05 00:00:00+00:00,551,SB11,14.76,300000000.0,notional_at_entry,long,24893.0,long,629363540.8000002,0
2015-11-06 00:00:00+00:00,552,SB11,14.46,300000000.0,notional_at_entry,long,24893.0,long,620999492.8000002,0
2015-11-09 00:00:00+00:00,553,SB11,13.99,300000000.0,notional_at_entry,long,24893.0,long,607895817.6000001,0
2015-11-10 00:00:00+00:00,554,SB11,14.71,300000000.0,notional_at_entry,long,24893.0,long,627969532.8000002,0
2015-11-11 00:00:00+00:00,555,SB11,14.69,300000000.0,notional_at_entry,long,24893.0,long,627411929.6000001,0
2015-11-12 00:00:00+00:00,556,SB11,14.97,300000000.0,notional_at_entry,long,24893.0,long,635218374.4000002,0
2015-11-13 00:00:00+00:00,557,SB11,15.04,300000000.0,notional_at_entry,long,24893.0,long,637169985.6000001,0
2015-11-16 00:00:00+00:00,558,SB11,15.18,300000000.0,notional_at_entry,long,24893.0,long,641073208.0000002,0
2015-11-17 00:00:00+00:00,559,SB11,14.78,300000000.0,notional_at_entry,long,24893.0,long,629921144.0000002,0
2015-11-18 00:00:00+00:00,560,SB11,14.47,300000000.0,notional_at_entry,long,24893.0,long,621278294.4000002,0
2015-11-19 00:00:00+00:00,561,SB11,14.95,300000000.0,notional_at_entry,long,24893.0,long,634660771.2000002,0
2015-11-20 00:00:00+00:00,562,SB11,15.3,300000000.0,notional_at_entry,long,24893.0,long,644418827.2000003,0
2015-11-23 00:00:00+00:00,563,SB11,15.41,300000000.0,notional_at_entry,long,24893.0,long,647485644.8000002,0
2015-11-24 00:00:00+00:00,564,SB11,15.0,300000000.0,notional_at_entry,long,24893.0,long,636054779.2000002,0
2015-11-25 00:00:00+00:00,565,SB11,14.91,300000000.0,notional_at_entry,long,24893.0,long,633545564.8000002,0
2015-11-27 00:00:00+00:00,566,SB11,14.97,300000000.0,notional_at_entry,long,24893.0,long,635218374.4000002,0
2015-11-30 00:00:00+00:00,567,SB11,14.93,300000000.0,notional_at_entry,long,24893.0,long,634103168.0000002,0
2015-12-01 00:00:00+00:00,568,SB11,15.44,300000000.0,notional_at_entry,long,24893.0,long,648322049.6000001,0
2015-12-02 00:00:00+00:00,569,SB11,15.34,300000000.0,notional_at_entry,long,24893.0,long,645534033.6000001,0
2015-12-03 00:00:00+00:00,570,SB11,15.58,300000000.0,notional_at_entry,long,24893.0,long,652225272.0000002,0
2015-12-04 00:00:00+00:00,571,SB11,15.48,300000000.0,notional_at_entry,long,24893.0,long,649437256.0000002,0
2015-12-07 00:00:00+00:00,572,SB11,15.3,300000000.0,notional_at_entry,long,24893.0,long,644418827.2000003,0
2015-12-08 00:00:00+00:00,573,SB11,15.0,300000000.0,notional_at_entry,long,24893.0,long,636054779.2000002,0
2015-12-09 00:00:00+00:00,574,SB11,15.09,300000000.0,notional_at_entry,long,24893.0,long,638563993.6000001,0
2015-12-10 00:00:00+00:00,575,SB11,14.55,300000000.0,notional_at_entry,long,24893.0,long,623508707.2000003,0
2015-12-11 00:00:00+00:00,576,SB11,14.58,300000000.0,notional_at_entry,long,24893.0,long,624345112.0000002,0
2015-12-14 00:00:00+00:00,577,SB11,14.51,300000000.0,notional_at_entry,long,24893.0,long,622393500.8000002,0
2015-12-15 00:00:00+00:00,578,SB11,14.59,300000000.0,notional_at_entry,long,24893.0,long,624623913.6000001,0
2015-12-16 00:00:00+00:00,579,SB11,14.59,300000000.0,notional_at_entry,long,24893.0,long,624623913.6000001,0
2015-12-17 00:00:00+00:00,580,SB11,14.7,300000000.0,notional_at_entry,long,24893.0,long,627690731.2000002,0
2015-12-18 00:00:00+00:00,581,SB11,15.1,300000000.0,notional_at_entry,long,24893.0,long,638842795.2000002,0
2015-12-21 00:00:00+00:00,582,SB11,14.97,300000000.0,notional_at_entry,long,24893.0,long,635218374.4000002,0
2015-12-22 00:00:00+00:00,583,SB11,15.04,300000000.0,notional_at_entry,long,24893.0,long,637169985.6000001,0
2015-12-23 00:00:00+00:00,584,SB11,15.15,300000000.0,notional_at_entry,long,24893.0,long,640236803.2000002,0
2015-12-24 00:00:00+00:00,585,SB11,15.06,300000000.0,notional_at_entry,long,24893.0,long,637727588.8000002,0
2015-12-28 00:00:00+00:00,586,SB11,14.76,300000000.0,notional_at_entry,long,24893.0,long,629363540.8000002,0
2015-12-29 00:00:00+00:00,587,SB11,14.78,300000000.0,notional_at_entry,long,24893.0,long,629921144.0000002,0
2015-12-30 00:00:00+00:00,588,SB11,15.15,300000000.0,notional_at_entry,long,24893.0,long,640236803.2000002,0
2015-12-31 00:00:00+00:00,589,SB11,15.24,300000000.0,notional_at_entry,long,24893.0,long,642746017.6000001,0
2016-01-04 00:00:00+00:00,590,SB11,14.97,300000000.0,notional_at_entry,long,24893.0,long,635218374.4000002,0
2016-01-05 00:00:00+00:00,591,SB11,14.57,300000000.0,notional_at_entry,long,24893.0,long,624066310.4000002,0
2016-01-06 00:00:00+00:00,592,SB11,14.42,300000000.0,notional_at_entry,long,24893.0,long,619884286.4000002,0
2016-01-07 00:00:00+00:00,593,SB11,14.75,300000000.0,notional_at_entry,long,24893.0,long,629084739.2000002,0
2016-01-08 00:00:00+00:00,594,SB11,14.46,300000000.0,notional_at_entry,long,24893.0,long,620999492.8000002,0
2016-01-11 00:00:00+00:00,595,SB11,14.15,300000000.0,notional_at_entry,long,24893.0,long,612356643.2000002,0
2016-01-12 00:00:00+00:00,596,SB11,14.05,300000000.0,notional_at_entry,long,24893.0,long,609568627.2000003,0
2016-01-13 00:00:00+00:00,597,SB11,14.47,300000000.0,notional_at_entry,long,24893.0,long,621278294.4000002,0
2016-01-14 00:00:00+00:00,598,SB11,14.88,300000000.0,notional_at_entry,long,24893.0,long,632709160.0000002,0
2016-01-15 00:00:00+00:00,599,SB11,14.92,300000000.0,notional_at_entry,long,24893.0,long,633824366.4000002,0
2016-01-19 00:00:00+00:00,600,SB11,14.75,300000000.0,notional_at_entry,long,24893.0,long,629084739.2000002,0
2016-01-20 00:00:00+00:00,601,SB11,14.18,300000000.0,notional_at_entry,long,24893.0,long,613193048.0000002,0
2016-01-21 00:00:00+00:00,602,SB11,14.45,300000000.0,notional_at_entry,long,24893.0,long,620720691.2000002,0
2016-01-22 00:00:00+00:00,603,SB11,14.42,300000000.0,notional_at_entry,long,24893.0,long,619884286.4000002,0
2016-01-25 00:00:00+00:00,604,SB11,14.1,300000000.0,notional_at_entry,long,24893.0,long,610962635.2000002,0
2016-01-26 00:00:00+00:00,605,SB11,14.02,300000000.0,notional_at_entry,long,24893.0,long,608732222.4000002,0
2016-01-27 00:00:00+00:00,606,SB11,13.58,300000000.0,notional_at_entry,long,24893.0,long,596464952.0000002,0
2016-01-28 00:00:00+00:00,607,SB11,13.25,300000000.0,notional_at_entry,long,24893.0,long,587264499.2000002,0
2016-01-29 00:00:00+00:00,608,SB11,13.14,300000000.0,notional_at_entry,long,24893.0,long,584197681.6000003,0
2016-02-01 00:00:00+00:00,609,SB11,12.83,300000000.0,notional_at_entry,long,24893.0,long,575554832.0000002,0
2016-02-02 00:00:00+00:00,610,SB11,12.99,300000000.0,notional_at_entry,long,24893.0,long,580015657.6000001,0
2016-02-03 00:00:00+00:00,611,SB11,12.89,300000000.0,notional_at_entry,long,24893.0,long,577227641.6000003,0
2016-02-04 00:00:00+00:00,612,SB11,12.89,300000000.0,notional_at_entry,long,24893.0,long,577227641.6000003,0
2016-02-05 00:00:00+00:00,613,SB11,13.27,300000000.0,notional_at_entry,long,24893.0,long,587822102.4000002,0
2016-02-08 00:00:00+00:00,614,SB11,13.45,300000000.0,notional_at_entry,long,24893.0,long,592840531.2000002,0
2016-02-09 00:00:00+00:00,615,SB11,13.39,300000000.0,notional_at_entry,long,24893.0,long,591167721.6000003,0
2016-02-10 00:00:00+00:00,616,SB11,13.38,300000000.0,notional_at_entry,long,24893.0,long,590888920.0000002,0
2016-02-11 00:00:00+00:00,617,SB11,13.07,300000000.0,notional_at_entry,long,24893.0,long,582246070.4000002,0
2016-02-12 00:00:00+00:00,618,SB11,13.12,300000000.0,notional_at_entry,long,24893.0,long,583640078.4000002,0
2016-02-16 00:00:00+00:00,619,SB11,13.2,300000000.0,notional_at_entry,long,24893.0,long,585870491.2000002,0
2016-02-17 00:00:00+00:00,620,SB11,13.15,300000000.0,notional_at_entry,long,24893.0,long,584476483.2000002,0
2016-02-18 00:00:00+00:00,621,SB11,12.85,300000000.0,notional_at_entry,long,24893.0,long,576112435.2000002,0
2016-02-19 00:00:00+00:00,622,SB11,12.67,300000000.0,notional_at_entry,long,24893.0,long,571094006.4000002,0
2016-02-22 00:00:00+00:00,623,SB11,12.76,-300000000.0,notional_at_entry,short,-20991.0,short,573603220.8000002,1
2016-02-23 00:00:00+00:00,624,SB11,13.9,-300000000.0,notional_at_entry,short,-20991.0,short,546801912.0000001,0
2016-02-24 00:00:00+00:00,625,SB11,13.88,-300000000.0,notional_at_entry,short,-20991.0,short,547272110.4000002,0
2016-02-25 00:00:00+00:00,626,SB11,14.2,-300000000.0,notional_at_entry,short,-20991.0,short,539748936.0000002,0
2016-02-26 00:00:00+00:00,627,SB11,14.0,-300000000.0,notional_at_entry,short,-20991.0,short,544450920.0000002,0
2016-02-29 00:00:00+00:00,628,SB11,14.36,-300000000.0,notional_at_entry,short,-20991.0,short,535987348.8000002,0
2016-03-01 00:00:00+00:00,629,SB11,14.39,-300000000.0,notional_at_entry,short,-20991.0,short,535282051.20000017,0
2016-03-02 00:00:00+00:00,630,SB11,14.67,300000000.0,notional_at_entry,long,18258.0,long,528699273.6000002,1
2016-03-03 00:00:00+00:00,631,SB11,14.84,300000000.0,notional_at_entry,long,18258.0,long,532175596.8000002,0
2016-03-04 00:00:00+00:00,632,SB11,14.83,300000000.0,notional_at_entry,long,18258.0,long,531971107.2000002,0
2016-03-07 00:00:00+00:00,633,SB11,14.66,300000000.0,notional_at_entry,long,18258.0,long,528494784.0000002,0
2016-03-08 00:00:00+00:00,634,SB11,14.86,300000000.0,notional_at_entry,long,18258.0,long,532584576.0000002,0
2016-03-09 00:00:00+00:00,635,SB11,14.63,300000000.0,notional_at_entry,long,18258.0,long,527881315.2000002,0
2016-03-10 00:00:00+00:00,636,SB11,14.82,300000000.0,notional_at_entry,long,18258.0,long,531766617.6000002,0
2016-03-11 00:00:00+00:00,637,SB11,15.13,300000000.0,notional_at_entry,long,18258.0,long,538105795.2000002,0
2016-03-14 00:00:00+00:00,638,SB11,15.42,300000000.0,notional_at_entry,long,18258.0,long,544035993.6000001,0
2016-03-15 00:00:00+00:00,639,SB11,15.32,300000000.0,notional_at_entry,long,18258.0,long,541991097.6000003,0
2016-03-16 00:00:00+00:00,640,SB11,15.47,300000000.0,notional_at_entry,long,18258.0,long,545058441.6000003,0
2016-03-17 00:00:00+00:00,641,SB11,15.99,300000000.0,notional_at_entry,long,18258.0,long,555691900.8000002,0
2016-03-18 00:00:00+00:00,642,SB11,15.97,300000000.0,notional_at_entry,long,18258.0,long,555282921.6000003,0
2016-03-21 00:00:00+00:00,643,SB11,16.29,300000000.0,notional_at_entry,long,18258.0,long,561826588.8000002,0
2016-03-22 00:00:00+00:00,644,SB11,16.58,300000000.0,notional_at_entry,long,18258.0,long,567756787.2000002,0
2016-03-23 00:00:00+00:00,645,SB11,16.71,300000000.0,notional_at_entry,long,18258.0,long,570415152.0000002,0
2016-03-24 00:00:00+00:00,646,SB11,15.87,300000000.0,notional_at_entry,long,18258.0,long,553238025.6000001,0
2016-03-28 00:00:00+00:00,647,SB11,15.94,300000000.0,notional_at_entry,long,18258.0,long,554669452.8000002,0
2016-03-29 00:00:00+00:00,648,SB11,15.86,300000000.0,notional_at_entry,long,18258.0,long,553033536.0000002,0
2016-03-30 00:00:00+00:00,649,SB11,15.87,300000000.0,notional_at_entry,long,18258.0,long,553238025.6000001,0
2016-03-31 00:00:00+00:00,650,SB11,15.35,300000000.0,notional_at_entry,long,18258.0,long,542604566.4000002,0
2016-04-01 00:00:00+00:00,651,SB11,15.18,300000000.0,notional_at_entry,long,18258.0,long,539128243.2000002,0
2016-04-04 00:00:00+00:00,652,SB11,14.64,300000000.0,notional_at_entry,long,18258.0,long,528085804.8000002,0
2016-04-05 00:00:00+00:00,653,SB11,14.64,300000000.0,notional_at_entry,long,18258.0,long,528085804.8000002,0
2016-04-06 00:00:00+00:00,654,SB11,14.62,300000000.0,notional_at_entry,long,18258.0,long,527676825.6000002,0
2016-04-07 00:00:00+00:00,655,SB11,14.43,300000000.0,notional_at_entry,long,18258.0,long,523791523.2000002,0
2016-04-08 00:00:00+00:00,656,SB11,14.69,300000000.0,notional_at_entry,long,18258.0,long,529108252.8000002,0
2016-04-11 00:00:00+00:00,657,SB11,14.15,300000000.0,notional_at_entry,long,18258.0,long,518065814.4000002,0
2016-04-12 00:00:00+00:00,658,SB11,14.07,300000000.0,notional_at_entry,long,18258.0,long,516429897.6000002,0
2016-04-13 00:00:00+00:00,659,SB11,14.01,300000000.0,notional_at_entry,long,18258.0,long,515202960.0000002,0
2016-04-14 00:00:00+00:00,660,SB11,14.37,300000000.0,notional_at_entry,long,18258.0,long,522564585.6000002,0
2016-04-15 00:00:00+00:00,661,SB11,15.2,300000000.0,notional_at_entry,long,18258.0,long,539537222.4000002,0
2016-04-18 00:00:00+00:00,662,SB11,15.54,300000000.0,notional_at_entry,long,18258.0,long,546489868.8000002,0
2016-04-19 00:00:00+00:00,663,SB11,15.42,300000000.0,notional_at_entry,long,18258.0,long,544035993.6000001,0
2016-04-20 00:00:00+00:00,664,SB11,15.81,300000000.0,notional_at_entry,long,18258.0,long,552011088.0000002,0
2016-04-21 00:00:00+00:00,665,SB11,15.79,300000000.0,notional_at_entry,long,18258.0,long,551602108.8000002,0
2016-04-22 00:00:00+00:00,666,SB11,15.47,300000000.0,notional_at_entry,long,18258.0,long,545058441.6000003,0
2016-04-25 00:00:00+00:00,667,SB11,15.89,300000000.0,notional_at_entry,long,18258.0,long,553647004.8000002,0
2016-04-26 00:00:00+00:00,668,SB11,16.05,300000000.0,notional_at_entry,long,18258.0,long,556918838.4000002,0
2016-04-27 00:00:00+00:00,669,SB11,15.84,300000000.0,notional_at_entry,long,18258.0,long,552624556.8000002,0
2016-04-28 00:00:00+00:00,670,SB11,15.71,300000000.0,notional_at_entry,long,18258.0,long,549966192.0000002,0
2016-04-29 00:00:00+00:00,671,SB11,16.32,300000000.0,notional_at_entry,long,18258.0,long,562440057.6000003,0
2016-05-02 00:00:00+00:00,672,SB11,16.21,300000000.0,notional_at_entry,long,18258.0,long,560190672.0000002,0
2016-05-03 00:00:00+00:00,673,SB11,16.25,300000000.0,notional_at_entry,long,18258.0,long,561008630.4000002,0
2016-05-04 00:00:00+00:00,674,SB11,16.65,300000000.0,notional_at_entry,long,18258.0,long,569188214.4000002,0
2016-05-05 00:00:00+00:00,675,SB11,15.84,300000000.0,notional_at_entry,long,18258.0,long,552624556.8000002,0
2016-05-06 00:00:00+00:00,676,SB11,15.74,300000000.0,notional_at_entry,long,18258.0,long,550579660.8000002,0
2016-05-09 00:00:00+00:00,677,SB11,15.88,300000000.0,notional_at_entry,long,18258.0,long,553442515.2000002,0
2016-05-10 00:00:00+00:00,678,SB11,16.02,300000000.0,notional_at_entry,long,18258.0,long,556305369.6000001,0
2016-05-11 00:00:00+00:00,679,SB11,16.77,300000000.0,notional_at_entry,long,18258.0,long,571642089.6000001,0
2016-05-12 00:00:00+00:00,680,SB11,16.98,300000000.0,notional_at_entry,long,18258.0,long,575936371.2000002,0
2016-05-13 00:00:00+00:00,681,SB11,16.74,300000000.0,notional_at_entry,long,18258.0,long,571028620.8000002,0
2016-05-16 00:00:00+00:00,682,SB11,16.89,300000000.0,notional_at_entry,long,18258.0,long,574095964.8000002,0
2016-05-17 00:00:00+00:00,683,SB11,16.82,300000000.0,notional_at_entry,long,18258.0,long,572664537.6000003,0
2016-05-18 00:00:00+00:00,684,SB11,16.81,300000000.0,notional_at_entry,long,18258.0,long,572460048.0000002,0
2016-05-19 00:00:00+00:00,685,SB11,16.7,300000000.0,notional_at_entry,long,18258.0,long,570210662.4000002,0
2016-05-20 00:00:00+00:00,686,SB11,17.07,300000000.0,notional_at_entry,long,18258.0,long,577776777.6000003,0
2016-05-23 00:00:00+00:00,687,SB11,16.8,300000000.0,notional_at_entry,long,18258.0,long,572255558.4000002,0
2016-05-24 00:00:00+00:00,688,SB11,16.61,300000000.0,notional_at_entry,long,18258.0,long,568370256.0000002,0
2016-05-25 00:00:00+00:00,689,SB11,17.16,300000000.0,notional_at_entry,long,18258.0,long,579617184.0000002,0
2016-05-26 00:00:00+00:00,690,SB11,17.42,300000000.0,notional_at_entry,long,18258.0,long,584933913.6000003,0
2016-05-27 00:00:00+00:00,691,SB11,17.52,300000000.0,notional_at_entry,long,18258.0,long,586978809.6000001,0
2016-05-31 00:00:00+00:00,692,SB11,17.49,300000000.0,notional_at_entry,long,18258.0,long,586365340.8000002,0
2016-06-01 00:00:00+00:00,693,SB11,17.41,300000000.0,notional_at_entry,long,18258.0,long,584729424.0000002,0
2016-06-02 00:00:00+00:00,694,SB11,18.08,300000000.0,notional_at_entry,long,18258.0,long,598430227.2000002,0
2016-06-03 00:00:00+00:00,695,SB11,18.75,300000000.0,notional_at_entry,long,18258.0,long,612131030.4000002,0
2016-06-06 00:00:00+00:00,696,SB11,18.78,300000000.0,notional_at_entry,long,18258.0,long,612744499.2000003,0
2016-06-07 00:00:00+00:00,697,SB11,19.0,300000000.0,notional_at_entry,long,18258.0,long,617243270.4000002,0
2016-06-08 00:00:00+00:00,698,SB11,19.61,300000000.0,notional_at_entry,long,18258.0,long,629717136.0000002,0
2016-06-09 00:00:00+00:00,699,SB11,19.74,300000000.0,notional_at_entry,long,18258.0,long,632375500.8000002,0
2016-06-10 00:00:00+00:00,700,SB11,19.7,300000000.0,notional_at_entry,long,18258.0,long,631557542.4000002,0
2016-06-13 00:00:00+00:00,701,SB11,19.64,300000000.0,notional_at_entry,long,18258.0,long,630330604.8000002,0
2016-06-14 00:00:00+00:00,702,SB11,19.42,300000000.0,notional_at_entry,long,18258.0,long,625831833.6000003,0
2016-06-15 00:00:00+00:00,703,SB11,19.85,300000000.0,notional_at_entry,long,18258.0,long,634624886.4000002,0
2016-06-16 00:00:00+00:00,704,SB11,19.76,300000000.0,notional_at_entry,long,18258.0,long,632784480.0000002,0
2016-06-17 00:00:00+00:00,705,SB11,19.9,300000000.0,notional_at_entry,long,18258.0,long,635647334.4000002,0
2016-06-20 00:00:00+00:00,706,SB11,19.76,300000000.0,notional_at_entry,long,18258.0,long,632784480.0000002,0
2016-06-21 00:00:00+00:00,707,SB11,19.34,300000000.0,notional_at_entry,long,18258.0,long,624195916.8000002,0
2016-06-22 00:00:00+00:00,708,SB11,19.17,300000000.0,notional_at_entry,long,18258.0,long,620719593.6000003,0
2016-06-23 00:00:00+00:00,709,SB11,19.19,300000000.0,notional_at_entry,long,18258.0,long,621128572.8000002,0
2016-06-24 00:00:00+00:00,710,SB11,19.16,300000000.0,notional_at_entry,long,18258.0,long,620515104.0000002,0
2016-06-27 00:00:00+00:00,711,SB11,19.64,300000000.0,notional_at_entry,long,18258.0,long,630330604.8000002,0
2016-06-28 00:00:00+00:00,712,SB11,19.94,300000000.0,notional_at_entry,long,18258.0,long,636465292.8000002,0
2016-06-29 00:00:00+00:00,713,SB11,21.01,300000000.0,notional_at_entry,long,18258.0,long,658345680.0000002,0
2016-06-30 00:00:00+00:00,714,SB11,20.33,300000000.0,notional_at_entry,long,18258.0,long,644440387.2000002,0
2016-07-01 00:00:00+00:00,715,SB11,20.78,300000000.0,notional_at_entry,long,18258.0,long,653642419.2000003,0
2016-07-05 00:00:00+00:00,716,SB11,20.87,-300000000.0,notional_at_entry,short,-12834.0,short,655482825.6000003,1
2016-07-06 00:00:00+00:00,717,SB11,20.57,-300000000.0,notional_at_entry,short,-12834.0,short,659795049.6000003,0
2016-07-07 00:00:00+00:00,718,SB11,19.73,-300000000.0,notional_at_entry,short,-12834.0,short,671869276.8000003,0
2016-07-08 00:00:00+00:00,719,SB11,19.57,-300000000.0,notional_at_entry,short,-12834.0,short,674169129.6000003,0
2016-07-11 00:00:00+00:00,720,SB11,20.28,-300000000.0,notional_at_entry,short,-12834.0,short,663963532.8000003,0
2016-07-12 00:00:00+00:00,721,SB11,19.72,-300000000.0,notional_at_entry,short,-12834.0,short,672013017.6000003,0
2016-07-13 00:00:00+00:00,722,SB11,19.48,-300000000.0,notional_at_entry,short,-12834.0,short,675462796.8000003,0
2016-07-14 00:00:00+00:00,723,SB11,19.91,-300000000.0,notional_at_entry,short,-12834.0,short,669281942.4000003,0
2016-07-15 00:00:00+00:00,724,SB11,19.31,-300000000.0,notional_at_entry,short,-12834.0,short,677906390.4000003,0
2016-07-18 00:00:00+00:00,725,SB11,19.37,-300000000.0,notional_at_entry,short,-12834.0,short,677043945.6000003,0
2016-07-19 00:00:00+00:00,726,SB11,19.36,-300000000.0,notional_at_entry,short,-12834.0,short,677187686.4000003,0
2016-07-20 00:00:00+00:00,727,SB11,19.28,-300000000.0,notional_at_entry,short,-12834.0,short,678337612.8000003,0
2016-07-21 00:00:00+00:00,728,SB11,19.56,-300000000.0,notional_at_entry,short,-12834.0,short,674312870.4000003,0
2016-07-22 00:00:00+00:00,729,SB11,19.59,-300000000.0,notional_at_entry,short,-12834.0,short,673881648.0000002,0
2016-07-25 00:00:00+00:00,730,SB11,19.89,-300000000.0,notional_at_entry,short,-12834.0,short,669569424.0000002,0
2016-07-26 00:00:00+00:00,731,SB11,19.52,-300000000.0,notional_at_entry,short,-12834.0,short,674887833.6000003,0
2016-07-27 00:00:00+00:00,732,SB11,19.1,-300000000.0,notional_at_entry,short,-12834.0,short,680924947.2000003,0
2016-07-28 00:00:00+00:00,733,SB11,18.8,-300000000.0,notional_at_entry,short,-12834.0,short,685237171.2000003,0
2016-07-29 00:00:00+00:00,734,SB11,19.05,-300000000.0,notional_at_entry,short,-12834.0,short,681643651.2000003,0
2016-08-01 00:00:00+00:00,735,SB11,18.81,-300000000.0,notional_at_entry,short,-12834.0,short,685093430.4000003,0
2016-08-02 00:00:00+00:00,736,SB11,19.05,-300000000.0,notional_at_entry,short,-12834.0,short,681643651.2000003,0
2016-08-03 00:00:00+00:00,737,SB11,19.04,-300000000.0,notional_at_entry,short,-12834.0,short,681787392.0000002,0
2016-08-04 00:00:00+00:00,738,SB11,19.7,-300000000.0,notional_at_entry,short,-12834.0,short,672300499.2000003,0
2016-08-05 00:00:00+00:00,739,SB11,20.35,-300000000.0,notional_at_entry,short,-12834.0,short,662957347.2000003,0
2016-08-08 00:00:00+00:00,740,SB11,20.55,-300000000.0,notional_at_entry,short,-12834.0,short,660082531.2000003,0
2016-08-09 00:00:00+00:00,741,SB11,20.39,-300000000.0,notional_at_entry,short,-12834.0,short,662382384.0000002,0
2016-08-10 00:00:00+00:00,742,SB11,19.64,-300000000.0,notional_at_entry,short,-12834.0,short,673162944.0000002,0
2016-08-11 00:00:00+00:00,743,SB11,19.6,-300000000.0,notional_at_entry,short,-12834.0,short,673737907.2000003,0
2016-08-12 00:00:00+00:00,744,SB11,19.71,-300000000.0,notional_at_entry,short,-12834.0,short,672156758.4000002,0
2016-08-15 00:00:00+00:00,745,SB11,19.98,-300000000.0,notional_at_entry,short,-12834.0,short,668275756.8000003,0
2016-08-16 00:00:00+00:00,746,SB11,20.26,-300000000.0,notional_at_entry,short,-12834.0,short,664251014.4000002,0
2016-08-17 00:00:00+00:00,747,SB11,19.72,-300000000.0,notional_at_entry,short,-12834.0,short,672013017.6000003,0
2016-08-18 00:00:00+00:00,748,SB11,19.98,-300000000.0,notional_at_entry,short,-12834.0,short,668275756.8000003,0
2016-08-19 00:00:00+00:00,749,SB11,19.77,300000000.0,notional_at_entry,long,13548.0,long,671294313.6000003,1
2016-08-22 00:00:00+00:00,750,SB11,20.42,300000000.0,notional_at_entry,long,13548.0,long,681157257.6000003,0
2016-08-23 00:00:00+00:00,751,SB11,20.73,300000000.0,notional_at_entry,long,13548.0,long,685861123.2000003,0
2016-08-24 00:00:00+00:00,752,SB11,20.22,300000000.0,notional_at_entry,long,13548.0,long,678122505.6000003,0
2016-08-25 00:00:00+00:00,753,SB11,20.55,300000000.0,notional_at_entry,long,13548.0,long,683129846.4000003,0
2016-08-26 00:00:00+00:00,754,SB11,20.61,300000000.0,notional_at_entry,long,13548.0,long,684040272.0000002,0
2016-08-29 00:00:00+00:00,755,SB11,20.67,300000000.0,notional_at_entry,long,13548.0,long,684950697.6000003,0
2016-08-30 00:00:00+00:00,756,SB11,20.52,300000000.0,notional_at_entry,long,13548.0,long,682674633.6000003,0
2016-08-31 00:00:00+00:00,757,SB11,20.06,300000000.0,notional_at_entry,long,13548.0,long,675694704.0000002,0
2016-09-01 00:00:00+00:00,758,SB11,19.59,300000000.0,notional_at_entry,long,13548.0,long,668563036.8000003,0
2016-09-02 00:00:00+00:00,759,SB11,20.18,300000000.0,notional_at_entry,long,13548.0,long,677515555.2000003,0
2016-09-06 00:00:00+00:00,760,SB11,20.22,300000000.0,notional_at_entry,long,13548.0,long,678122505.6000003,0
2016-09-07 00:00:00+00:00,761,SB11,20.29,300000000.0,notional_at_entry,long,13548.0,long,679184668.8000003,0
2016-09-08 00:00:00+00:00,762,SB11,20.22,300000000.0,notional_at_entry,long,13548.0,long,678122505.6000003,0
2016-09-09 00:00:00+00:00,763,SB11,19.99,300000000.0,notional_at_entry,long,13548.0,long,674632540.8000002,0
2016-09-12 00:00:00+00:00,764,SB11,20.24,300000000.0,notional_at_entry,long,13548.0,long,678425980.8000002,0
2016-09-13 00:00:00+00:00,765,SB11,20.43,300000000.0,notional_at_entry,long,13548.0,long,681308995.2000003,0
2016-09-14 00:00:00+00:00,766,SB11,20.13,300000000.0,notional_at_entry,long,13548.0,long,676756867.2000003,0
2016-09-15 00:00:00+00:00,767,SB11,21.16,300000000.0,notional_at_entry,long,13548.0,long,692385840.0000002,0
2016-09-16 00:00:00+00:00,768,SB11,22.47,300000000.0,notional_at_entry,long,13548.0,long,712263465.6000003,0
2016-09-19 00:00:00+00:00,769,SB11,22.75,300000000.0,notional_at_entry,long,13548.0,long,716512118.4000003,0
2016-09-20 00:00:00+00:00,770,SB11,22.7,300000000.0,notional_at_entry,long,13548.0,long,715753430.4000002,0
2016-09-21 00:00:00+00:00,771,SB11,22.76,300000000.0,notional_at_entry,long,13548.0,long,716663856.0000002,0
2016-09-22 00:00:00+00:00,772,SB11,22.67,300000000.0,notional_at_entry,long,13548.0,long,715298217.6000003,0
2016-09-23 00:00:00+00:00,773,SB11,22.7,300000000.0,notional_at_entry,long,13548.0,long,715753430.4000002,0
2016-09-26 00:00:00+00:00,774,SB11,23.12,300000000.0,notional_at_entry,long,13548.0,long,722126409.6000003,0
2016-09-27 00:00:00+00:00,775,SB11,23.44,300000000.0,notional_at_entry,long,13548.0,long,726982012.8000003,0
2016-09-28 00:00:00+00:00,776,SB11,23.78,300000000.0,notional_at_entry,long,13548.0,long,732141091.2000003,0
2016-09-29 00:00:00+00:00,777,SB11,23.35,300000000.0,notional_at_entry,long,13548.0,long,725616374.4000003,0
2016-09-30 00:00:00+00:00,778,SB11,23.0,300000000.0,notional_at_entry,long,13548.0,long,720305558.4000003,0
2016-10-03 00:00:00+00:00,779,SB11,22.67,300000000.0,notional_at_entry,long,13548.0,long,715298217.6000003,0
2016-10-04 00:00:00+00:00,780,SB11,23.26,-300000000.0,notional_at_entry,short,-11515.0,short,724250736.0000002,1
2016-10-05 00:00:00+00:00,781,SB11,23.81,-300000000.0,notional_at_entry,short,-11515.0,short,717157496.0000002,0
2016-10-06 00:00:00+00:00,782,SB11,23.11,-300000000.0,notional_at_entry,short,-11515.0,short,726185256.0000002,0
2016-10-07 00:00:00+00:00,783,SB11,23.42,-300000000.0,notional_at_entry,short,-11515.0,short,722187248.0000002,0
2016-10-10 00:00:00+00:00,784,SB11,23.13,-300000000.0,notional_at_entry,short,-11515.0,short,725927320.0000002,0
2016-10-11 00:00:00+00:00,785,SB11,23.29,-300000000.0,notional_at_entry,short,-11515.0,short,723863832.0000002,0
2016-10-12 00:00:00+00:00,786,SB11,23.15,-300000000.0,notional_at_entry,short,-11515.0,short,725669384.0000002,0
2016-10-13 00:00:00+00:00,787,SB11,22.92,-300000000.0,notional_at_entry,short,-11515.0,short,728635648.0000002,0
2016-10-14 00:00:00+00:00,788,SB11,22.91,-300000000.0,notional_at_entry,short,-11515.0,short,728764616.0000002,0
2016-10-17 00:00:00+00:00,789,SB11,23.16,-300000000.0,notional_at_entry,short,-11515.0,short,725540416.0000002,0
2016-10-18 00:00:00+00:00,790,SB11,23.02,-300000000.0,notional_at_entry,short,-11515.0,short,727345968.0000002,0
2016-10-19 00:00:00+00:00,791,SB11,22.95,-300000000.0,notional_at_entry,short,-11515.0,short,728248744.0000002,0
2016-10-20 00:00:00+00:00,792,SB11,22.62,-300000000.0,notional_at_entry,short,-11515.0,short,732504688.0000002,0
2016-10-21 00:00:00+00:00,793,SB11,22.71,-300000000.0,notional_at_entry,short,-11515.0,short,731343976.0000002,0
2016-10-24 00:00:00+00:00,794,SB11,23.2,-300000000.0,notional_at_entry,short,-11515.0,short,725024544.0000002,0
2016-10-25 00:00:00+00:00,795,SB11,22.93,-300000000.0,notional_at_entry,short,-11515.0,short,728506680.0000002,0
2016-10-26 00:00:00+00:00,796,SB11,22.67,-300000000.0,notional_at_entry,short,-11515.0,short,731859848.0000002,0
2016-10-27 00:00:00+00:00,797,SB11,22.59,-300000000.0,notional_at_entry,short,-11515.0,short,732891592.0000002,0
2016-10-28 00:00:00+00:00,798,SB11,22.16,-300000000.0,notional_at_entry,short,-11515.0,short,738437216.0000002,0
2016-10-31 00:00:00+00:00,799,SB11,21.57,-300000000.0,notional_at_entry,short,-11515.0,short,746046328.0000002,0
2016-11-01 00:00:00+00:00,800,SB11,21.19,-300000000.0,notional_at_entry,short,-11515.0,short,750947112.0000002,0
2016-11-02 00:00:00+00:00,801,SB11,21.7,-300000000.0,notional_at_entry,short,-11515.0,short,744369744.0000002,0
2016-11-03 00:00:00+00:00,802,SB11,21.48,-300000000.0,notional_at_entry,short,-11515.0,short,747207040.0000002,0
2016-11-04 00:00:00+00:00,803,SB11,21.73,-300000000.0,notional_at_entry,short,-11515.0,short,743982840.0000002,0
2016-11-07 00:00:00+00:00,804,SB11,22.27,-300000000.0,notional_at_entry,short,-11515.0,short,737018568.0000002,0
2016-11-08 00:00:00+00:00,805,SB11,21.97,-300000000.0,notional_at_entry,short,-11515.0,short,740887608.0000002,0
2016-11-09 00:00:00+00:00,806,SB11,22.11,-300000000.0,notional_at_entry,short,-11515.0,short,739082056.0000002,0
2016-11-10 00:00:00+00:00,807,SB11,21.65,-300000000.0,notional_at_entry,short,-11515.0,short,745014584.0000002,0
2016-11-11 00:00:00+00:00,808,SB11,21.7,-300000000.0,notional_at_entry,short,-11515.0,short,744369744.0000002,0
2016-11-14 00:00:00+00:00,809,SB11,21.63,-300000000.0,notional_at_entry,short,-11515.0,short,745272520.0000002,0
2016-11-15 00:00:00+00:00,810,SB11,21.15,-300000000.0,notional_at_entry,short,-11515.0,short,751462984.0000002,0
2016-11-16 00:00:00+00:00,811,SB11,20.36,-300000000.0,notional_at_entry,short,-11515.0,short,761651456.0000002,0
2016-11-17 00:00:00+00:00,812,SB11,20.22,-300000000.0,notional_at_entry,short,-11515.0,short,763457008.0000002,0
2016-11-18 00:00:00+00:00,813,SB11,20.15,-300000000.0,notional_at_entry,short,-11515.0,short,764359784.0000002,0
2016-11-21 00:00:00+00:00,814,SB11,20.35,-300000000.0,notional_at_entry,short,-11515.0,short,761780424.0000002,0
2016-11-22 00:00:00+00:00,815,SB11,19.75,-300000000.0,notional_at_entry,short,-11515.0,short,769518504.0000002,0
2016-11-23 00:00:00+00:00,816,SB11,19.58,-300000000.0,notional_at_entry,short,-11515.0,short,771710960.0000002,0
2016-11-25 00:00:00+00:00,817,SB11,19.84,-300000000.0,notional_at_entry,short,-11515.0,short,768357792.0000002,0
2016-11-28 00:00:00+00:00,818,SB11,19.94,-300000000.0,notional_at_entry,short,-11515.0,short,767068112.0000002,0
2016-11-29 00:00:00+00:00,819,SB11,19.66,-300000000.0,notional_at_entry,short,-11515.0,short,770679216.0000002,0
2016-11-30 00:00:00+00:00,820,SB11,19.81,-300000000.0,notional_at_entry,short,-11515.0,short,768744696.0000002,0
2016-12-01 00:00:00+00:00,821,SB11,19.36,-300000000.0,notional_at_entry,short,-11515.0,short,774548256.0000002,0
2016-12-02 00:00:00+00:00,822,SB11,19.12,-300000000.0,notional_at_entry,short,-11515.0,short,777643488.0000002,0
2016-12-05 00:00:00+00:00,823,SB11,18.94,-300000000.0,notional_at_entry,short,-11515.0,short,779964912.0000002,0
2016-12-06 00:00:00+00:00,824,SB11,19.51,-300000000.0,notional_at_entry,short,-11515.0,short,772613736.0000002,0
2016-12-07 00:00:00+00:00,825,SB11,19.63,-300000000.0,notional_at_entry,short,-11515.0,short,771066120.0000002,0
2016-12-08 00:00:00+00:00,826,SB11,19.45,-300000000.0,notional_at_entry,short,-11515.0,short,773387544.0000002,0
2016-12-09 00:00:00+00:00,827,SB11,19.24,-300000000.0,notional_at_entry,short,-11515.0,short,776095872.0000002,0
2016-12-12 00:00:00+00:00,828,SB11,19.25,-300000000.0,notional_at_entry,short,-11515.0,short,775966904.0000002,0
2016-12-13 00:00:00+00:00,829,SB11,18.6,-300000000.0,notional_at_entry,short,-11515.0,short,784349824.0000002,0
2016-12-14 00:00:00+00:00,830,SB11,18.03,-300000000.0,notional_at_entry,short,-11515.0,short,791701000.0000002,0
2016-12-15 00:00:00+00:00,831,SB11,18.56,-300000000.0,notional_at_entry,short,-11515.0,short,784865696.0000002,0
2016-12-16 00:00:00+00:00,832,SB11,18.22,-300000000.0,notional_at_entry,short,-11515.0,short,789250608.0000002,0
2016-12-19 00:00:00+00:00,833,SB11,18.23,-300000000.0,notional_at_entry,short,-11515.0,short,789121640.0000002,0
2016-12-20 00:00:00+00:00,834,SB11,18.25,-300000000.0,notional_at_entry,short,-11515.0,short,788863704.0000002,0
2016-12-21 00:00:00+00:00,835,SB11,18.2,-300000000.0,notional_at_entry,short,-11515.0,short,789508544.0000002,0
2016-12-22 00:00:00+00:00,836,SB11,18.16,300000000.0,notional_at_entry,long,14749.0,long,790024416.0000002,1
2016-12-23 00:00:00+00:00,837,SB11,18.15,300000000.0,notional_at_entry,long,14749.0,long,789859227.2000002,0
2016-12-27 00:00:00+00:00,838,SB11,18.54,300000000.0,notional_at_entry,long,14749.0,long,796301590.4000002,0
2016-12-28 00:00:00+00:00,839,SB11,18.99,300000000.0,notional_at_entry,long,14749.0,long,803735086.4000002,0
2016-12-29 00:00:00+00:00,840,SB11,19.49,300000000.0,notional_at_entry,long,14749.0,long,811994526.4000002,0
2016-12-30 00:00:00+00:00,841,SB11,19.51,300000000.0,notional_at_entry,long,14749.0,long,812324904.0000002,0
2017-01-03 00:00:00+00:00,842,SB11,20.51,300000000.0,notional_at_entry,long,14749.0,long,828843784.0000002,0
2017-01-04 00:00:00+00:00,843,SB11,20.89,300000000.0,notional_at_entry,long,14749.0,long,835120958.4000002,0
2017-01-05 00:00:00+00:00,844,SB11,20.78,300000000.0,notional_at_entry,long,14749.0,long,833303881.6000003,0
2017-01-06 00:00:00+00:00,845,SB11,20.75,300000000.0,notional_at_entry,long,14749.0,long,832808315.2000003,0
2017-01-09 00:00:00+00:00,846,SB11,20.42,300000000.0,notional_at_entry,long,14749.0,long,827357084.8000003,0
2017-01-10 00:00:00+00:00,847,SB11,20.48,300000000.0,notional_at_entry,long,14749.0,long,828348217.6000003,0
2017-01-11 00:00:00+00:00,848,SB11,20.56,300000000.0,notional_at_entry,long,14749.0,long,829669728.0000002,0
2017-01-12 00:00:00+00:00,849,SB11,20.76,300000000.0,notional_at_entry,long,14749.0,long,832973504.0000002,0
2017-01-13 00:00:00+00:00,850,SB11,20.52,300000000.0,notional_at_entry,long,14749.0,long,829008972.8000002,0
2017-01-17 00:00:00+00:00,851,SB11,20.73,300000000.0,notional_at_entry,long,14749.0,long,832477937.6000003,0
2017-01-18 00:00:00+00:00,852,SB11,20.98,300000000.0,notional_at_entry,long,14749.0,long,836607657.6000003,0
2017-01-19 00:00:00+00:00,853,SB11,20.18,300000000.0,notional_at_entry,long,14749.0,long,823392553.6000003,0
2017-01-20 00:00:00+00:00,854,SB11,20.18,300000000.0,notional_at_entry,long,14749.0,long,823392553.6000003,0
2017-01-23 00:00:00+00:00,855,SB11,20.64,300000000.0,notional_at_entry,long,14749.0,long,830991238.4000002,0
2017-01-24 00:00:00+00:00,856,SB11,20.58,300000000.0,notional_at_entry,long,14749.0,long,830000105.6000003,0
2017-01-25 00:00:00+00:00,857,SB11,20.34,300000000.0,notional_at_entry,long,14749.0,long,826035574.4000002,0
2017-01-26 00:00:00+00:00,858,SB11,20.36,300000000.0,notional_at_entry,long,14749.0,long,826365952.0000002,0
2017-01-27 00:00:00+00:00,859,SB11,20.33,300000000.0,notional_at_entry,long,14749.0,long,825870385.6000003,0
2017-01-30 00:00:00+00:00,860,SB11,20.31,300000000.0,notional_at_entry,long,14749.0,long,825540008.0000002,0
2017-01-31 00:00:00+00:00,861,SB11,20.45,300000000.0,notional_at_entry,long,14749.0,long,827852651.2000002,0
2017-02-01 00:00:00+00:00,862,SB11,20.84,300000000.0,notional_at_entry,long,14749.0,long,834295014.4000002,0
2017-02-02 00:00:00+00:00,863,SB11,20.55,300000000.0,notional_at_entry,long,14749.0,long,829504539.2000003,0
2017-02-03 00:00:00+00:00,864,SB11,21.11,300000000.0,notional_at_entry,long,14749.0,long,838755112.0000002,0
2017-02-06 00:00:00+00:00,865,SB11,21.18,300000000.0,notional_at_entry,long,14749.0,long,839911433.6000003,0
2017-02-07 00:00:00+00:00,866,SB11,20.72,300000000.0,notional_at_entry,long,14749.0,long,832312748.8000002,0
2017-02-08 00:00:00+00:00,867,SB11,20.76,-300000000.0,notional_at_entry,short,-12902.0,short,832973504.0000002,1
2017-02-09 00:00:00+00:00,868,SB11,20.65,-300000000.0,notional_at_entry,short,-12902.0,short,834563030.4000003,0
2017-02-10 00:00:00+00:00,869,SB11,20.42,-300000000.0,notional_at_entry,short,-12902.0,short,837886585.6000003,0
2017-02-13 00:00:00+00:00,870,SB11,20.0,-300000000.0,notional_at_entry,short,-12902.0,short,843955686.4000002,0
2017-02-14 00:00:00+00:00,871,SB11,20.47,-300000000.0,notional_at_entry,short,-12902.0,short,837164073.6000003,0
2017-02-15 00:00:00+00:00,872,SB11,20.48,-300000000.0,notional_at_entry,short,-12902.0,short,837019571.2000003,0
2017-02-16 00:00:00+00:00,873,SB11,20.3,-300000000.0,notional_at_entry,short,-12902.0,short,839620614.4000002,0
2017-02-17 00:00:00+00:00,874,SB11,20.26,-300000000.0,notional_at_entry,short,-12902.0,short,840198624.0000002,0
2017-02-21 00:00:00+00:00,875,SB11,20.74,-300000000.0,notional_at_entry,short,-12902.0,short,833262508.8000003,0
2017-02-22 00:00:00+00:00,876,SB11,20.68,-300000000.0,notional_at_entry,short,-12902.0,short,834129523.2000003,0
2017-02-23 00:00:00+00:00,877,SB11,20.13,-300000000.0,notional_at_entry,short,-12902.0,short,842077155.2000003,0
2017-02-24 00:00:00+00:00,878,SB11,19.81,-300000000.0,notional_at_entry,short,-12902.0,short,846701232.0000002,0
2017-02-27 00:00:00+00:00,879,SB11,19.15,-300000000.0,notional_at_entry,short,-12902.0,short,856238390.4000003,0
2017-02-28 00:00:00+00:00,880,SB11,19.23,-300000000.0,notional_at_entry,short,-12902.0,short,855082371.2000003,0
2017-03-01 00:00:00+00:00,881,SB11,19.48,-300000000.0,notional_at_entry,short,-12902.0,short,851469811.2000003,0
2017-03-02 00:00:00+00:00,882,SB11,19.66,-300000000.0,notional_at_entry,short,-12902.0,short,848868768.0000002,0
2017-03-03 00:00:00+00:00,883,SB11,19.52,-300000000.0,notional_at_entry,short,-12902.0,short,850891801.6000003,0
2017-03-06 00:00:00+00:00,884,SB11,19.15,-300000000.0,notional_at_entry,short,-12902.0,short,856238390.4000003,0
2017-03-07 00:00:00+00:00,885,SB11,18.4,-300000000.0,notional_at_entry,short,-12902.0,short,867076070.4000003,0
2017-03-08 00:00:00+00:00,886,SB11,18.4,-300000000.0,notional_at_entry,short,-12902.0,short,867076070.4000003,0
2017-03-09 00:00:00+00:00,887,SB11,18.0,-300000000.0,notional_at_entry,short,-12902.0,short,872856166.4000002,0
2017-03-10 00:00:00+00:00,888,SB11,18.22,-300000000.0,notional_at_entry,short,-12902.0,short,869677113.6000003,0
2017-03-13 00:00:00+00:00,889,SB11,18.18,-300000000.0,notional_at_entry,short,-12902.0,short,870255123.2000003,0
2017-03-14 00:00:00+00:00,890,SB11,18.16,-300000000.0,notional_at_entry,short,-12902.0,short,870544128.0000002,0
2017-03-15 00:00:00+00:00,891,SB11,18.23,-300000000.0,notional_at_entry,short,-12902.0,short,869532611.2000003,0
2017-03-16 00:00:00+00:00,892,SB11,18.25,-300000000.0,notional_at_entry,short,-12902.0,short,869243606.4000002,0
2017-03-17 00:00:00+00:00,893,SB11,18.17,-300000000.0,notional_at_entry,short,-12902.0,short,870399625.6000003,0
2017-03-20 00:00:00+00:00,894,SB11,17.7,-300000000.0,notional_at_entry,short,-12902.0,short,877191238.4000003,0
2017-03-21 00:00:00+00:00,895,SB11,17.29,-300000000.0,notional_at_entry,short,-12902.0,short,883115836.8000003,0
2017-03-22 00:00:00+00:00,896,SB11,17.3,-300000000.0,notional_at_entry,short,-12902.0,short,882971334.4000002,0
2017-03-23 00:00:00+00:00,897,SB11,17.6,-300000000.0,notional_at_entry,short,-12902.0,short,878636262.4000002,0
2017-03-24 00:00:00+00:00,898,SB11,17.71,-300000000.0,notional_at_entry,short,-12902.0,short,877046736.0000002,0
2017-03-27 00:00:00+00:00,899,SB11,17.7,-300000000.0,notional_at_entry,short,-12902.0,short,877191238.4000003,0
2017-03-28 00:00:00+00:00,900,SB11,17.56,-300000000.0,notional_at_entry,short,-12902.0,short,879214272.0000002,0
2017-03-29 00:00:00+00:00,901,SB11,17.12,-300000000.0,notional_at_entry,short,-12902.0,short,885572377.6000003,0
2017-03-30 00:00:00+00:00,902,SB11,16.81,-300000000.0,notional_at_entry,short,-12902.0,short,890051952.0000002,0
2017-03-31 00:00:00+00:00,903,SB11,16.76,-300000000.0,notional_at_entry,short,-12902.0,short,890774464.0000002,0
2017-04-03 00:00:00+00:00,904,SB11,16.54,-300000000.0,notional_at_entry,short,-12902.0,short,893953516.8000003,0
2017-04-04 00:00:00+00:00,905,SB11,16.16,-300000000.0,notional_at_entry,short,-12902.0,short,899444608.0000002,0
2017-04-05 00:00:00+00:00,906,SB11,16.1,-300000000.0,notional_at_entry,short,-12902.0,short,900311622.4000002,0
2017-04-06 00:00:00+00:00,907,SB11,16.45,-300000000.0,notional_at_entry,short,-12902.0,short,895254038.4000003,0
2017-04-07 00:00:00+00:00,908,SB11,16.77,-300000000.0,notional_at_entry,short,-12902.0,short,890629961.6000003,0
2017-04-10 00:00:00+00:00,909,SB11,16.63,-300000000.0,notional_at_entry,short,-12902.0,short,892652995.2000003,0
2017-04-11 00:00:00+00:00,910,SB11,16.72,-300000000.0,notional_at_entry,short,-12902.0,short,891352473.6000003,0
2017-04-12 00:00:00+00:00,911,SB11,16.7,-300000000.0,notional_at_entry,short,-12902.0,short,891641478.4000003,0
2017-04-13 00:00:00+00:00,912,SB11,16.57,-300000000.0,notional_at_entry,short,-12902.0,short,893520009.6000003,0
2017-04-17 00:00:00+00:00,913,SB11,16.52,-300000000.0,notional_at_entry,short,-12902.0,short,894242521.6000003,0
2017-04-18 00:00:00+00:00,914,SB11,16.83,-300000000.0,notional_at_entry,short,-12902.0,short,889762947.2000003,0
2017-04-19 00:00:00+00:00,915,SB11,16.52,-300000000.0,notional_at_entry,short,-12902.0,short,894242521.6000003,0
2017-04-20 00:00:00+00:00,916,SB11,16.41,-300000000.0,notional_at_entry,short,-12902.0,short,895832048.0000002,0
2017-04-21 00:00:00+00:00,917,SB11,16.51,-300000000.0,notional_at_entry,short,-12902.0,short,894387024.0000002,0
2017-04-24 00:00:00+00:00,918,SB11,16.32,-300000000.0,notional_at_entry,short,-12902.0,short,897132569.6000003,0
2017-04-25 00:00:00+00:00,919,SB11,16.28,-300000000.0,notional_at_entry,short,-12902.0,short,897710579.2000003,0
2017-04-26 00:00:00+00:00,920,SB11,15.57,-300000000.0,notional_at_entry,short,-12902.0,short,907970249.6000003,0
2017-04-27 00:00:00+00:00,921,SB11,15.43,-300000000.0,notional_at_entry,short,-12902.0,short,909993283.2000003,0
2017-04-28 00:00:00+00:00,922,SB11,16.13,-300000000.0,notional_at_entry,short,-12902.0,short,899878115.2000003,0
2017-05-01 00:00:00+00:00,923,SB11,16.18,-300000000.0,notional_at_entry,short,-12902.0,short,899155603.2000003,0
2017-05-02 00:00:00+00:00,924,SB11,15.88,-300000000.0,notional_at_entry,short,-12902.0,short,903490675.2000003,0
2017-05-03 00:00:00+00:00,925,SB11,15.77,-300000000.0,notional_at_entry,short,-12902.0,short,905080201.6000003,0
2017-05-04 00:00:00+00:00,926,SB11,15.37,-300000000.0,notional_at_entry,short,-12902.0,short,910860297.6000003,0
2017-05-05 00:00:00+00:00,927,SB11,15.31,-300000000.0,notional_at_entry,short,-12902.0,short,911727312.0000002,0
2017-05-08 00:00:00+00:00,928,SB11,15.38,-300000000.0,notional_at_entry,short,-12902.0,short,910715795.2000003,0
2017-05-09 00:00:00+00:00,929,SB11,15.44,-300000000.0,notional_at_entry,short,-12902.0,short,909848780.8000003,0
2017-05-10 00:00:00+00:00,930,SB11,15.84,-300000000.0,notional_at_entry,short,-12902.0,short,904068684.8000003,0
2017-05-11 00:00:00+00:00,931,SB11,15.63,-300000000.0,notional_at_entry,short,-12902.0,short,907103235.2000003,0
2017-05-12 00:00:00+00:00,932,SB11,15.51,-300000000.0,notional_at_entry,short,-12902.0,short,908837264.0000002,0
2017-05-15 00:00:00+00:00,933,SB11,15.61,-300000000.0,notional_at_entry,short,-12902.0,short,907392240.0000002,0
2017-05-16 00:00:00+00:00,934,SB11,15.88,-300000000.0,notional_at_entry,short,-12902.0,short,903490675.2000003,0
2017-05-17 00:00:00+00:00,935,SB11,16.3,-300000000.0,notional_at_entry,short,-12902.0,short,897421574.4000002,0
2017-05-18 00:00:00+00:00,936,SB11,16.03,-300000000.0,notional_at_entry,short,-12902.0,short,901323139.2000003,0
2017-05-19 00:00:00+00:00,937,SB11,16.38,-300000000.0,notional_at_entry,short,-12902.0,short,896265555.2000003,0
2017-05-22 00:00:00+00:00,938,SB11,16.51,-300000000.0,notional_at_entry,short,-12902.0,short,894387024.0000002,0
2017-05-23 00:00:00+00:00,939,SB11,15.87,-300000000.0,notional_at_entry,short,-12902.0,short,903635177.6000003,0
2017-05-24 00:00:00+00:00,940,SB11,15.67,-300000000.0,notional_at_entry,short,-12902.0,short,906525225.6000003,0
2017-05-25 00:00:00+00:00,941,SB11,15.66,-300000000.0,notional_at_entry,short,-12902.0,short,906669728.0000002,0
2017-05-26 00:00:00+00:00,942,SB11,15.05,-300000000.0,notional_at_entry,short,-12902.0,short,915484374.4000002,0
2017-05-30 00:00:00+00:00,943,SB11,15.02,-300000000.0,notional_at_entry,short,-12902.0,short,915917881.6000003,0
2017-05-31 00:00:00+00:00,944,SB11,14.87,-300000000.0,notional_at_entry,short,-12902.0,short,918085417.6000003,0
2017-06-01 00:00:00+00:00,945,SB11,14.23,-300000000.0,notional_at_entry,short,-12902.0,short,927333571.2000003,0
2017-06-02 00:00:00+00:00,946,SB11,13.74,-300000000.0,notional_at_entry,short,-12902.0,short,934414188.8000003,0
2017-06-05 00:00:00+00:00,947,SB11,13.89,-300000000.0,notional_at_entry,short,-12902.0,short,932246652.8000003,0
2017-06-06 00:00:00+00:00,948,SB11,13.98,-300000000.0,notional_at_entry,short,-12902.0,short,930946131.2000003,0
2017-06-07 00:00:00+00:00,949,SB11,14.14,-300000000.0,notional_at_entry,short,-12902.0,short,928634092.8000003,0
2017-06-08 00:00:00+00:00,950,SB11,14.34,-300000000.0,notional_at_entry,short,-12902.0,short,925744044.8000003,0
2017-06-09 00:00:00+00:00,951,SB11,14.27,-300000000.0,notional_at_entry,short,-12902.0,short,926755561.6000003,0
2017-06-12 00:00:00+00:00,952,SB11,14.02,-300000000.0,notional_at_entry,short,-12902.0,short,930368121.6000003,0
2017-06-13 00:00:00+00:00,953,SB11,13.79,-300000000.0,notional_at_entry,short,-12902.0,short,933691676.8000003,0
2017-06-14 00:00:00+00:00,954,SB11,13.62,-300000000.0,notional_at_entry,short,-12902.0,short,936148217.6000003,0
2017-06-15 00:00:00+00:00,955,SB11,13.47,-300000000.0,notional_at_entry,short,-12902.0,short,938315753.6000003,0
2017-06-16 00:00:00+00:00,956,SB11,13.63,-300000000.0,notional_at_entry,short,-12902.0,short,936003715.2000003,0
2017-06-19 00:00:00+00:00,957,SB11,13.67,-300000000.0,notional_at_entry,short,-12902.0,short,935425705.6000003,0
2017-06-20 00:00:00+00:00,958,SB11,13.82,-300000000.0,notional_at_entry,short,-12902.0,short,933258169.6000003,0
2017-06-21 00:00:00+00:00,959,SB11,13.26,-300000000.0,notional_at_entry,short,-12902.0,short,941350304.0000002,0
2017-06-22 00:00:00+00:00,960,SB11,13.06,-300000000.0,notional_at_entry,short,-12902.0,short,944240352.0000002,0
2017-06-23 00:00:00+00:00,961,SB11,13.17,-300000000.0,notional_at_entry,short,-12902.0,short,942650825.6000003,0
2017-06-26 00:00:00+00:00,962,SB11,12.85,-300000000.0,notional_at_entry,short,-12902.0,short,947274902.4000002,0
2017-06-27 00:00:00+00:00,963,SB11,12.89,-300000000.0,notional_at_entry,short,-12902.0,short,946696892.8000003,0
2017-06-28 00:00:00+00:00,964,SB11,12.76,-300000000.0,notional_at_entry,short,-12902.0,short,948575424.0000002,0
2017-06-29 00:00:00+00:00,965,SB11,13.5,-300000000.0,notional_at_entry,short,-12902.0,short,937882246.4000002,0
2017-06-30 00:00:00+00:00,966,SB11,13.81,-300000000.0,notional_at_entry,short,-12902.0,short,933402672.0000002,0
2017-07-03 00:00:00+00:00,967,SB11,13.92,-300000000.0,notional_at_entry,short,-12902.0,short,931813145.6000003,0
2017-07-05 00:00:00+00:00,968,SB11,13.72,-300000000.0,notional_at_entry,short,-12902.0,short,934703193.6000003,0
2017-07-06 00:00:00+00:00,969,SB11,13.92,-300000000.0,notional_at_entry,short,-12902.0,short,931813145.6000003,0
2017-07-07 00:00:00+00:00,970,SB11,14.15,-300000000.0,notional_at_entry,short,-12902.0,short,928489590.4000002,0
2017-07-10 00:00:00+00:00,971,SB11,13.56,-300000000.0,notional_at_entry,short,-12902.0,short,937015232.0000002,0
2017-07-11 00:00:00+00:00,972,SB11,13.44,-300000000.0,notional_at_entry,short,-12902.0,short,938749260.8000003,0
2017-07-12 00:00:00+00:00,973,SB11,13.49,-300000000.0,notional_at_entry,short,-12902.0,short,938026748.8000003,0
2017-07-13 00:00:00+00:00,974,SB11,14.14,-300000000.0,notional_at_entry,short,-12902.0,short,928634092.8000003,0
2017-07-14 00:00:00+00:00,975,SB11,14.3,-300000000.0,notional_at_entry,short,-12902.0,short,926322054.4000002,0
2017-07-17 00:00:00+00:00,976,SB11,14.09,-300000000.0,notional_at_entry,short,-12902.0,short,929356604.8000003,0
2017-07-18 00:00:00+00:00,977,SB11,14.1,-300000000.0,notional_at_entry,short,-12902.0,short,929212102.4000002,0
2017-07-19 00:00:00+00:00,978,SB11,14.5,-300000000.0,notional_at_entry,short,-12902.0,short,923432006.4000002,0
2017-07-20 00:00:00+00:00,979,SB11,14.41,-300000000.0,notional_at_entry,short,-12902.0,short,924732528.0000002,0
2017-07-21 00:00:00+00:00,980,SB11,14.4,-300000000.0,notional_at_entry,short,-12902.0,short,924877030.4000002,0
2017-07-24 00:00:00+00:00,981,SB11,14.4,-300000000.0,notional_at_entry,short,-12902.0,short,924877030.4000002,0
2017-07-25 00:00:00+00:00,982,SB11,13.9,-300000000.0,notional_at_entry,short,-12902.0,short,932102150.4000002,0
2017-07-26 00:00:00+00:00,983,SB11,14.23,-300000000.0,notional_at_entry,short,-12902.0,short,927333571.2000003,0
2017-07-27 00:00:00+00:00,984,SB11,14.43,-300000000.0,notional_at_entry,short,-12902.0,short,924443523.2000003,0
2017-07-28 00:00:00+00:00,985,SB11,14.37,-300000000.0,notional_at_entry,short,-12902.0,short,925310537.6000003,0
2017-07-31 00:00:00+00:00,986,SB11,14.91,-300000000.0,notional_at_entry,short,-12902.0,short,917507408.0000002,0
2017-08-01 00:00:00+00:00,987,SB11,14.88,-300000000.0,notional_at_entry,short,-12902.0,short,917940915.2000003,0
2017-08-02 00:00:00+00:00,988,SB11,14.79,-300000000.0,notional_at_entry,short,-12902.0,short,919241436.8000003,0
2017-08-03 00:00:00+00:00,989,SB11,14.31,-300000000.0,notional_at_entry,short,-12902.0,short,926177552.0000002,0
2017-08-04 00:00:00+00:00,990,SB11,14.14,-300000000.0,notional_at_entry,short,-12902.0,short,928634092.8000003,0
2017-08-07 00:00:00+00:00,991,SB11,13.87,-300000000.0,notional_at_entry,short,-12902.0,short,932535657.6000003,0
2017-08-08 00:00:00+00:00,992,SB11,13.78,-300000000.0,notional_at_entry,short,-12902.0,short,933836179.2000003,0
2017-08-09 00:00:00+00:00,993,SB11,13.64,300000000.0,notional_at_entry,long,19637.0,long,935859212.8000003,1
2017-08-10 00:00:00+00:00,994,SB11,13.24,300000000.0,notional_at_entry,long,19637.0,long,927061836.8000003,0
2017-08-11 00:00:00+00:00,995,SB11,13.2,300000000.0,notional_at_entry,long,19637.0,long,926182099.2000003,0
2017-08-14 00:00:00+00:00,996,SB11,13.5,300000000.0,notional_at_entry,long,19637.0,long,932780131.2000003,0
2017-08-15 00:00:00+00:00,997,SB11,13.13,300000000.0,notional_at_entry,long,19637.0,long,924642558.4000003,0
2017-08-16 00:00:00+00:00,998,SB11,12.94,300000000.0,notional_at_entry,long,19637.0,long,920463804.8000003,0
2017-08-17 00:00:00+00:00,999,SB11,13.29,300000000.0,notional_at_entry,long,19637.0,long,928161508.8000003,0
2017-08-18 00:00:00+00:00,1000,SB11,13.41,300000000.0,notional_at_entry,long,19637.0,long,930800721.6000003,0
2017-08-21 00:00:00+00:00,1001,SB11,13.52,300000000.0,notional_at_entry,long,19637.0,long,933220000.0000002,0
2017-08-22 00:00:00+00:00,1002,SB11,13.51,300000000.0,notional_at_entry,long,19637.0,long,933000065.6000003,0
2017-08-23 00:00:00+00:00,1003,SB11,13.67,300000000.0,notional_at_entry,long,19637.0,long,936519016.0000002,0
2017-08-24 00:00:00+00:00,1004,SB11,14.02,300000000.0,notional_at_entry,long,19637.0,long,944216720.0000002,0
2017-08-25 00:00:00+00:00,1005,SB11,14.03,300000000.0,notional_at_entry,long,19637.0,long,944436654.4000003,0
2017-08-28 00:00:00+00:00,1006,SB11,14.31,300000000.0,notional_at_entry,long,19637.0,long,950594817.6000003,0
2017-08-29 00:00:00+00:00,1007,SB11,13.82,300000000.0,notional_at_entry,long,19637.0,long,939818032.0000004,0
2017-08-30 00:00:00+00:00,1008,SB11,13.91,300000000.0,notional_at_entry,long,19637.0,long,941797441.6000003,0
2017-08-31 00:00:00+00:00,1009,SB11,14.4,300000000.0,notional_at_entry,long,19637.0,long,952574227.2000003,0
2017-09-01 00:00:00+00:00,1010,SB11,13.75,300000000.0,notional_at_entry,long,19637.0,long,938278491.2000003,0
2017-09-05 00:00:00+00:00,1011,SB11,14.03,300000000.0,notional_at_entry,long,19637.0,long,944436654.4000003,0
2017-09-06 00:00:00+00:00,1012,SB11,14.29,300000000.0,notional_at_entry,long,19637.0,long,950154948.8000003,0
2017-09-07 00:00:00+00:00,1013,SB11,14.03,300000000.0,notional_at_entry,long,19637.0,long,944436654.4000003,0
2017-09-08 00:00:00+00:00,1014,SB11,14.09,300000000.0,notional_at_entry,long,19637.0,long,945756260.8000003,0
2017-09-11 00:00:00+00:00,1015,SB11,14.29,300000000.0,notional_at_entry,long,19637.0,long,950154948.8000003,0
2017-09-12 00:00:00+00:00,1016,SB11,14.02,300000000.0,notional_at_entry,long,19637.0,long,944216720.0000002,0
2017-09-13 00:00:00+00:00,1017,SB11,14.33,300000000.0,notional_at_entry,long,19637.0,long,951034686.4000003,0
2017-09-14 00:00:00+00:00,1018,SB11,14.27,300000000.0,notional_at_entry,long,19637.0,long,949715080.0000002,0
2017-09-15 00:00:00+00:00,1019,SB11,15.17,300000000.0,notional_at_entry,long,19637.0,long,969509176.0000002,0
2017-09-18 00:00:00+00:00,1020,SB11,14.92,300000000.0,notional_at_entry,long,19637.0,long,964010816.0000002,0
2017-09-19 00:00:00+00:00,1021,SB11,14.37,300000000.0,notional_at_entry,long,19637.0,long,951914424.0000002,0
2017-09-20 00:00:00+00:00,1022,SB11,14.7,300000000.0,notional_at_entry,long,19637.0,long,959172259.2000003,0
2017-09-21 00:00:00+00:00,1023,SB11,14.73,300000000.0,notional_at_entry,long,19637.0,long,959832062.4000003,0
2017-09-22 00:00:00+00:00,1024,SB11,14.64,300000000.0,notional_at_entry,long,19637.0,long,957852652.8000003,0
2017-09-25 00:00:00+00:00,1025,SB11,14.35,300000000.0,notional_at_entry,long,19637.0,long,951474555.2000003,0
2017-09-26 00:00:00+00:00,1026,SB11,13.91,300000000.0,notional_at_entry,long,19637.0,long,941797441.6000003,0
2017-09-27 00:00:00+00:00,1027,SB11,13.83,300000000.0,notional_at_entry,long,19637.0,long,940037966.4000003,0
2017-09-28 00:00:00+00:00,1028,SB11,13.95,300000000.0,notional_at_entry,long,19637.0,long,942677179.2000003,0
2017-09-29 00:00:00+00:00,1029,SB11,14.1,300000000.0,notional_at_entry,long,19637.0,long,945976195.2000003,0
2017-10-02 00:00:00+00:00,1030,SB11,14.31,300000000.0,notional_at_entry,long,19637.0,long,950594817.6000003,0
2017-10-03 00:00:00+00:00,1031,SB11,14.04,300000000.0,notional_at_entry,long,19637.0,long,944656588.8000003,0
2017-10-04 00:00:00+00:00,1032,SB11,14.25,300000000.0,notional_at_entry,long,19637.0,long,949275211.2000003,0
2017-10-05 00:00:00+00:00,1033,SB11,14.39,300000000.0,notional_at_entry,long,19637.0,long,952354292.8000003,0
2017-10-06 00:00:00+00:00,1034,SB11,13.98,300000000.0,notional_at_entry,long,19637.0,long,943336982.4000003,0
2017-10-09 00:00:00+00:00,1035,SB11,14.0,300000000.0,notional_at_entry,long,19637.0,long,943776851.2000003,0
2017-10-10 00:00:00+00:00,1036,SB11,14.17,300000000.0,notional_at_entry,long,19637.0,long,947515736.0000002,0
2017-10-11 00:00:00+00:00,1037,SB11,14.3,300000000.0,notional_at_entry,long,19637.0,long,950374883.2000003,0
2017-10-12 00:00:00+00:00,1038,SB11,14.28,300000000.0,notional_at_entry,long,19637.0,long,949935014.4000003,0
2017-10-13 00:00:00+00:00,1039,SB11,14.41,300000000.0,notional_at_entry,long,19637.0,long,952794161.6000003,0
2017-10-16 00:00:00+00:00,1040,SB11,14.18,300000000.0,notional_at_entry,long,19637.0,long,947735670.4000003,0
2017-10-17 00:00:00+00:00,1041,SB11,14.03,300000000.0,notional_at_entry,long,19637.0,long,944436654.4000003,0
2017-10-18 00:00:00+00:00,1042,SB11,14.08,300000000.0,notional_at_entry,long,19637.0,long,945536326.4000003,0
2017-10-19 00:00:00+00:00,1043,SB11,14.13,300000000.0,notional_at_entry,long,19637.0,long,946635998.4000003,0
2017-10-20 00:00:00+00:00,1044,SB11,14.0,300000000.0,notional_at_entry,long,19637.0,long,943776851.2000003,0
2017-10-23 00:00:00+00:00,1045,SB11,13.88,300000000.0,notional_at_entry,long,19637.0,long,941137638.4000003,0
2017-10-24 00:00:00+00:00,1046,SB11,14.28,300000000.0,notional_at_entry,long,19637.0,long,949935014.4000003,0
2017-10-25 00:00:00+00:00,1047,SB11,14.18,300000000.0,notional_at_entry,long,19637.0,long,947735670.4000003,0
2017-10-26 00:00:00+00:00,1048,SB11,14.11,300000000.0,notional_at_entry,long,19637.0,long,946196129.6000003,0
2017-10-27 00:00:00+00:00,1049,SB11,14.63,300000000.0,notional_at_entry,long,19637.0,long,957632718.4000003,0
2017-10-30 00:00:00+00:00,1050,SB11,14.73,300000000.0,notional_at_entry,long,19637.0,long,959832062.4000003,0
2017-10-31 00:00:00+00:00,1051,SB11,14.74,300000000.0,notional_at_entry,long,19637.0,long,960051996.8000003,0
2017-11-01 00:00:00+00:00,1052,SB11,14.61,300000000.0,notional_at_entry,long,19637.0,long,957192849.6000003,0
2017-11-02 00:00:00+00:00,1053,SB11,14.23,300000000.0,notional_at_entry,long,19637.0,long,948835342.4000003,0
2017-11-03 00:00:00+00:00,1054,SB11,14.38,300000000.0,notional_at_entry,long,19637.0,long,952134358.4000003,0
2017-11-06 00:00:00+00:00,1055,SB11,14.56,300000000.0,notional_at_entry,long,19637.0,long,956093177.6000003,0
2017-11-07 00:00:00+00:00,1056,SB11,14.72,300000000.0,notional_at_entry,long,19637.0,long,959612128.0000004,0
2017-11-08 00:00:00+00:00,1057,SB11,14.84,300000000.0,notional_at_entry,long,19637.0,long,962251340.8000003,0
2017-11-09 00:00:00+00:00,1058,SB11,14.88,300000000.0,notional_at_entry,long,19637.0,long,963131078.4000003,0
2017-11-10 00:00:00+00:00,1059,SB11,14.96,300000000.0,notional_at_entry,long,19637.0,long,964890553.6000003,0
2017-11-13 00:00:00+00:00,1060,SB11,15.13,300000000.0,notional_at_entry,long,19637.0,long,968629438.4000003,0
2017-11-14 00:00:00+00:00,1061,SB11,15.1,300000000.0,notional_at_entry,long,19637.0,long,967969635.2000003,0
2017-11-15 00:00:00+00:00,1062,SB11,15.09,300000000.0,notional_at_entry,long,19637.0,long,967749700.8000003,0
2017-11-16 00:00:00+00:00,1063,SB11,15.26,300000000.0,notional_at_entry,long,19637.0,long,971488585.6000003,0
2017-11-17 00:00:00+00:00,1064,SB11,15.37,300000000.0,notional_at_entry,long,19637.0,long,973907864.0000002,0
2017-11-20 00:00:00+00:00,1065,SB11,14.98,300000000.0,notional_at_entry,long,19637.0,long,965330422.4000003,0
2017-11-21 00:00:00+00:00,1066,SB11,14.88,300000000.0,notional_at_entry,long,19637.0,long,963131078.4000003,0
2017-11-22 00:00:00+00:00,1067,SB11,15.28,300000000.0,notional_at_entry,long,19637.0,long,971928454.4000003,0
2017-11-24 00:00:00+00:00,1068,SB11,15.45,300000000.0,notional_at_entry,long,19637.0,long,975667339.2000003,0
2017-11-27 00:00:00+00:00,1069,SB11,15.39,300000000.0,notional_at_entry,long,19637.0,long,974347732.8000003,0
2017-11-28 00:00:00+00:00,1070,SB11,15.04,300000000.0,notional_at_entry,long,19637.0,long,966650028.8000003,0
2017-11-29 00:00:00+00:00,1071,SB11,15.07,300000000.0,notional_at_entry,long,19637.0,long,967309832.0000004,0
2017-11-30 00:00:00+00:00,1072,SB11,15.08,300000000.0,notional_at_entry,long,19637.0,long,967529766.4000003,0
2017-12-01 00:00:00+00:00,1073,SB11,14.98,300000000.0,notional_at_entry,long,19637.0,long,965330422.4000003,0
2017-12-04 00:00:00+00:00,1074,SB11,15.06,300000000.0,notional_at_entry,long,19637.0,long,967089897.6000003,0
2017-12-05 00:00:00+00:00,1075,SB11,14.9,300000000.0,notional_at_entry,long,19637.0,long,963570947.2000003,0
2017-12-06 00:00:00+00:00,1076,SB11,14.45,300000000.0,notional_at_entry,long,19637.0,long,953673899.2000003,0
2017-12-07 00:00:00+00:00,1077,SB11,14.31,300000000.0,notional_at_entry,long,19637.0,long,950594817.6000003,0
2017-12-08 00:00:00+00:00,1078,SB11,14.05,300000000.0,notional_at_entry,long,19637.0,long,944876523.2000003,0
2017-12-11 00:00:00+00:00,1079,SB11,13.95,300000000.0,notional_at_entry,long,19637.0,long,942677179.2000003,0
2017-12-12 00:00:00+00:00,1080,SB11,13.77,300000000.0,notional_at_entry,long,19637.0,long,938718360.0000002,0
2017-12-13 00:00:00+00:00,1081,SB11,13.85,300000000.0,notional_at_entry,long,19637.0,long,940477835.2000003,0
2017-12-14 00:00:00+00:00,1082,SB11,13.77,300000000.0,notional_at_entry,long,19637.0,long,938718360.0000002,0
2017-12-15 00:00:00+00:00,1083,SB11,13.66,300000000.0,notional_at_entry,long,19637.0,long,936299081.6000003,0
2017-12-18 00:00:00+00:00,1084,SB11,13.76,300000000.0,notional_at_entry,long,19637.0,long,938498425.6000003,0
2017-12-19 00:00:00+00:00,1085,SB11,14.41,300000000.0,notional_at_entry,long,19637.0,long,952794161.6000003,0
2017-12-20 00:00:00+00:00,1086,SB11,14.57,300000000.0,notional_at_entry,long,19637.0,long,956313112.0000004,0
2017-12-21 00:00:00+00:00,1087,SB11,14.77,300000000.0,notional_at_entry,long,19637.0,long,960711800.0000002,0
2017-12-22 00:00:00+00:00,1088,SB11,14.6,300000000.0,notional_at_entry,long,19637.0,long,956972915.2000003,0
2017-12-26 00:00:00+00:00,1089,SB11,14.7,300000000.0,notional_at_entry,long,19637.0,long,959172259.2000003,0
2017-12-27 00:00:00+00:00,1090,SB11,14.93,300000000.0,notional_at_entry,long,19637.0,long,964230750.4000003,0
2017-12-28 00:00:00+00:00,1091,SB11,15.0,300000000.0,notional_at_entry,long,19637.0,long,965770291.2000003,0
2017-12-29 00:00:00+00:00,1092,SB11,15.16,300000000.0,notional_at_entry,long,19637.0,long,969289241.6000003,0
2018-01-02 00:00:00+00:00,1093,SB11,15.33,300000000.0,notional_at_entry,long,19637.0,long,973028126.4000003,0
2018-01-03 00:00:00+00:00,1094,SB11,15.31,-300000000.0,notional_at_entry,short,-17495.0,short,972588257.6000003,1
2018-01-04 00:00:00+00:00,1095,SB11,15.25,-300000000.0,notional_at_entry,short,-17495.0,short,973763921.6000003,0
2018-01-05 00:00:00+00:00,1096,SB11,15.08,-300000000.0,notional_at_entry,short,-17495.0,short,977094969.6000003,0
2018-01-08 00:00:00+00:00,1097,SB11,14.78,-300000000.0,notional_at_entry,short,-17495.0,short,982973289.6000003,0
2018-01-09 00:00:00+00:00,1098,SB11,14.73,-300000000.0,notional_at_entry,short,-17495.0,short,983953009.6000003,0
2018-01-10 00:00:00+00:00,1099,SB11,14.65,-300000000.0,notional_at_entry,short,-17495.0,short,985520561.6000003,0
2018-01-11 00:00:00+00:00,1100,SB11,14.18,-300000000.0,notional_at_entry,short,-17495.0,short,994729929.6000003,0
2018-01-12 00:00:00+00:00,1101,SB11,14.18,-300000000.0,notional_at_entry,short,-17495.0,short,994729929.6000003,0
2018-01-16 00:00:00+00:00,1102,SB11,13.59,-300000000.0,notional_at_entry,short,-17495.0,short,1006290625.6000003,0
2018-01-17 00:00:00+00:00,1103,SB11,13.42,-300000000.0,notional_at_entry,short,-17495.0,short,1009621673.6000003,0
2018-01-18 00:00:00+00:00,1104,SB11,13.08,300000000.0,notional_at_entry,long,20478.0,long,1016283769.6000003,1
2018-01-19 00:00:00+00:00,1105,SB11,13.25,300000000.0,notional_at_entry,long,20478.0,long,1020182780.8000003,0
2018-01-22 00:00:00+00:00,1106,SB11,13.17,300000000.0,notional_at_entry,long,20478.0,long,1018347952.0000002,0
2018-01-23 00:00:00+00:00,1107,SB11,13.19,300000000.0,notional_at_entry,long,20478.0,long,1018806659.2000003,0
2018-01-24 00:00:00+00:00,1108,SB11,13.16,300000000.0,notional_at_entry,long,20478.0,long,1018118598.4000002,0
2018-01-25 00:00:00+00:00,1109,SB11,13.24,300000000.0,notional_at_entry,long,20478.0,long,1019953427.2000003,0
2018-01-26 00:00:00+00:00,1110,SB11,13.36,300000000.0,notional_at_entry,long,20478.0,long,1022705670.4000002,0
2018-01-29 00:00:00+00:00,1111,SB11,13.67,300000000.0,notional_at_entry,long,20478.0,long,1029815632.0000002,0
2018-01-30 00:00:00+00:00,1112,SB11,13.72,300000000.0,notional_at_entry,long,20478.0,long,1030962400.0000002,0
2018-01-31 00:00:00+00:00,1113,SB11,13.23,300000000.0,notional_at_entry,long,20478.0,long,1019724073.6000003,0
2018-02-01 00:00:00+00:00,1114,SB11,13.37,300000000.0,notional_at_entry,long,20478.0,long,1022935024.0000002,0
2018-02-02 00:00:00+00:00,1115,SB11,13.63,300000000.0,notional_at_entry,long,20478.0,long,1028898217.6000003,0
2018-02-05 00:00:00+00:00,1116,SB11,13.9,300000000.0,notional_at_entry,long,20478.0,long,1035090764.8000003,0
2018-02-06 00:00:00+00:00,1117,SB11,13.84,300000000.0,notional_at_entry,long,20478.0,long,1033714643.2000003,0
2018-02-07 00:00:00+00:00,1118,SB11,14.0,300000000.0,notional_at_entry,long,20478.0,long,1037384300.8000003,0
2018-02-08 00:00:00+00:00,1119,SB11,13.58,300000000.0,notional_at_entry,long,20478.0,long,1027751449.6000003,0
2018-02-09 00:00:00+00:00,1120,SB11,13.67,300000000.0,notional_at_entry,long,20478.0,long,1029815632.0000002,0
2018-02-12 00:00:00+00:00,1121,SB11,13.73,300000000.0,notional_at_entry,long,20478.0,long,1031191753.6000003,0
2018-02-13 00:00:00+00:00,1122,SB11,13.44,300000000.0,notional_at_entry,long,20478.0,long,1024540499.2000003,0
2018-02-14 00:00:00+00:00,1123,SB11,13.31,300000000.0,notional_at_entry,long,20478.0,long,1021558902.4000002,0
2018-02-15 00:00:00+00:00,1124,SB11,13.51,300000000.0,notional_at_entry,long,20478.0,long,1026145974.4000002,0
2018-02-16 00:00:00+00:00,1125,SB11,13.28,300000000.0,notional_at_entry,long,20478.0,long,1020870841.6000003,0
2018-02-20 00:00:00+00:00,1126,SB11,13.29,300000000.0,notional_at_entry,long,20478.0,long,1021100195.2000003,0
2018-02-21 00:00:00+00:00,1127,SB11,13.27,300000000.0,notional_at_entry,long,20478.0,long,1020641488.0000002,0
2018-02-22 00:00:00+00:00,1128,SB11,13.58,300000000.0,notional_at_entry,long,20478.0,long,1027751449.6000003,0
2018-02-23 00:00:00+00:00,1129,SB11,13.46,300000000.0,notional_at_entry,long,20478.0,long,1024999206.4000003,0
2018-02-26 00:00:00+00:00,1130,SB11,13.43,300000000.0,notional_at_entry,long,20478.0,long,1024311145.6000003,0
2018-02-27 00:00:00+00:00,1131,SB11,12.87,300000000.0,notional_at_entry,long,20478.0,long,1011467344.0000002,0
2018-02-28 00:00:00+00:00,1132,SB11,13.38,300000000.0,notional_at_entry,long,20478.0,long,1023164377.6000003,0
2018-03-01 00:00:00+00:00,1133,SB11,13.71,300000000.0,notional_at_entry,long,20478.0,long,1030733046.4000003,0
2018-03-02 00:00:00+00:00,1134,SB11,13.42,300000000.0,notional_at_entry,long,20478.0,long,1024081792.0000002,0
2018-03-05 00:00:00+00:00,1135,SB11,13.56,300000000.0,notional_at_entry,long,20478.0,long,1027292742.4000002,0
2018-03-06 00:00:00+00:00,1136,SB11,13.45,-300000000.0,notional_at_entry,short,-19915.0,short,1024769852.8000002,1
2018-03-07 00:00:00+00:00,1137,SB11,12.79,-300000000.0,notional_at_entry,short,-19915.0,short,1039491020.8000002,0
2018-03-08 00:00:00+00:00,1138,SB11,12.89,-300000000.0,notional_at_entry,short,-19915.0,short,1037260540.8000002,0
2018-03-09 00:00:00+00:00,1139,SB11,12.84,-300000000.0,notional_at_entry,short,-19915.0,short,1038375780.8000002,0
2018-03-12 00:00:00+00:00,1140,SB11,12.93,-300000000.0,notional_at_entry,short,-19915.0,short,1036368348.8000002,0
2018-03-13 00:00:00+00:00,1141,SB11,12.62,-300000000.0,notional_at_entry,short,-19915.0,short,1043282836.8000002,0
2018-03-14 00:00:00+00:00,1142,SB11,12.76,-300000000.0,notional_at_entry,short,-19915.0,short,1040160164.8000002,0
2018-03-15 00:00:00+00:00,1143,SB11,12.74,-300000000.0,notional_at_entry,short,-19915.0,short,1040606260.8000002,0
2018-03-16 00:00:00+00:00,1144,SB11,12.65,-300000000.0,notional_at_entry,short,-19915.0,short,1042613692.8000002,0
2018-03-19 00:00:00+00:00,1145,SB11,12.89,-300000000.0,notional_at_entry,short,-19915.0,short,1037260540.8000002,0
2018-03-20 00:00:00+00:00,1146,SB11,12.56,-300000000.0,notional_at_entry,short,-19915.0,short,1044621124.8000002,0
2018-03-21 00:00:00+00:00,1147,SB11,12.67,-300000000.0,notional_at_entry,short,-19915.0,short,1042167596.8000002,0
2018-03-22 00:00:00+00:00,1148,SB11,12.77,-300000000.0,notional_at_entry,short,-19915.0,short,1039937116.8000002,0
2018-03-23 00:00:00+00:00,1149,SB11,12.57,-300000000.0,notional_at_entry,short,-19915.0,short,1044398076.8000002,0
2018-03-26 00:00:00+00:00,1150,SB11,12.42,-300000000.0,notional_at_entry,short,-19915.0,short,1047743796.8000002,0
2018-03-27 00:00:00+00:00,1151,SB11,12.54,-300000000.0,notional_at_entry,short,-19915.0,short,1045067220.8000002,0
2018-03-28 00:00:00+00:00,1152,SB11,12.21,-300000000.0,notional_at_entry,short,-19915.0,short,1052427804.8000002,0
2018-03-29 00:00:00+00:00,1153,SB11,12.35,-300000000.0,notional_at_entry,short,-19915.0,short,1049305132.8000002,0
2018-04-02 00:00:00+00:00,1154,SB11,12.52,-300000000.0,notional_at_entry,short,-19915.0,short,1045513316.8000002,0
2018-04-03 00:00:00+00:00,1155,SB11,12.47,-300000000.0,notional_at_entry,short,-19915.0,short,1046628556.8000002,0
2018-04-04 00:00:00+00:00,1156,SB11,12.27,-300000000.0,notional_at_entry,short,-19915.0,short,1051089516.8000002,0
2018-04-05 00:00:00+00:00,1157,SB11,12.35,-300000000.0,notional_at_entry,short,-19915.0,short,1049305132.8000002,0
2018-04-06 00:00:00+00:00,1158,SB11,12.34,-300000000.0,notional_at_entry,short,-19915.0,short,1049528180.8000002,0
2018-04-09 00:00:00+00:00,1159,SB11,12.36,-300000000.0,notional_at_entry,short,-19915.0,short,1049082084.8000002,0
2018-04-10 00:00:00+00:00,1160,SB11,12.13,-300000000.0,notional_at_entry,short,-19915.0,short,1054212188.8000002,0
2018-04-11 00:00:00+00:00,1161,SB11,12.06,-300000000.0,notional_at_entry,short,-19915.0,short,1055773524.8000002,0
2018-04-12 00:00:00+00:00,1162,SB11,12.05,-300000000.0,notional_at_entry,short,-19915.0,short,1055996572.8000002,0
2018-04-13 00:00:00+00:00,1163,SB11,12.2,-300000000.0,notional_at_entry,short,-19915.0,short,1052650852.8000002,0
2018-04-16 00:00:00+00:00,1164,SB11,12.17,-300000000.0,notional_at_entry,short,-19915.0,short,1053319996.8000002,0
2018-04-17 00:00:00+00:00,1165,SB11,11.82,-300000000.0,notional_at_entry,short,-19915.0,short,1061126676.8000002,0
2018-04-18 00:00:00+00:00,1166,SB11,11.91,-300000000.0,notional_at_entry,short,-19915.0,short,1059119244.8000002,0
2018-04-19 00:00:00+00:00,1167,SB11,11.95,-300000000.0,notional_at_entry,short,-19915.0,short,1058227052.8000002,0
2018-04-20 00:00:00+00:00,1168,SB11,11.87,-300000000.0,notional_at_entry,short,-19915.0,short,1060011436.8000002,0
2018-04-23 00:00:00+00:00,1169,SB11,11.4,-300000000.0,notional_at_entry,short,-19915.0,short,1070494692.8000002,0
2018-04-24 00:00:00+00:00,1170,SB11,11.38,-300000000.0,notional_at_entry,short,-19915.0,short,1070940788.8000002,0
2018-04-25 00:00:00+00:00,1171,SB11,11.12,-300000000.0,notional_at_entry,short,-19915.0,short,1076740036.8000002,0
2018-04-26 00:00:00+00:00,1172,SB11,11.38,-300000000.0,notional_at_entry,short,-19915.0,short,1070940788.8000002,0
2018-04-27 00:00:00+00:00,1173,SB11,11.52,-300000000.0,notional_at_entry,short,-19915.0,short,1067818116.8000002,0
2018-04-30 00:00:00+00:00,1174,SB11,11.75,-300000000.0,notional_at_entry,short,-19915.0,short,1062688012.8000002,0
2018-05-01 00:00:00+00:00,1175,SB11,11.69,-300000000.0,notional_at_entry,short,-19915.0,short,1064026300.8000002,0
2018-05-02 00:00:00+00:00,1176,SB11,11.75,-300000000.0,notional_at_entry,short,-19915.0,short,1062688012.8000002,0
2018-05-03 00:00:00+00:00,1177,SB11,11.69,-300000000.0,notional_at_entry,short,-19915.0,short,1064026300.8000002,0
2018-05-04 00:00:00+00:00,1178,SB11,11.51,300000000.0,notional_at_entry,long,23271.0,long,1068041164.8000002,1
2018-05-07 00:00:00+00:00,1179,SB11,11.32,300000000.0,notional_at_entry,long,23271.0,long,1063089096.0000002,0
2018-05-08 00:00:00+00:00,1180,SB11,11.56,300000000.0,notional_at_entry,long,23271.0,long,1069344340.8000002,0
2018-05-09 00:00:00+00:00,1181,SB11,11.29,300000000.0,notional_at_entry,long,23271.0,long,1062307190.4000002,0
2018-05-10 00:00:00+00:00,1182,SB11,11.27,300000000.0,notional_at_entry,long,23271.0,long,1061785920.0000002,0
2018-05-11 00:00:00+00:00,1183,SB11,11.22,300000000.0,notional_at_entry,long,23271.0,long,1060482744.0000002,0
2018-05-14 00:00:00+00:00,1184,SB11,11.26,300000000.0,notional_at_entry,long,23271.0,long,1061525284.8000002,0
2018-05-15 00:00:00+00:00,1185,SB11,11.52,300000000.0,notional_at_entry,long,23271.0,long,1068301800.0000002,0
2018-05-16 00:00:00+00:00,1186,SB11,11.61,300000000.0,notional_at_entry,long,23271.0,long,1070647516.8000002,0
2018-05-17 00:00:00+00:00,1187,SB11,11.56,300000000.0,notional_at_entry,long,23271.0,long,1069344340.8000002,0
2018-05-18 00:00:00+00:00,1188,SB11,11.66,300000000.0,notional_at_entry,long,23271.0,long,1071950692.8000002,0
2018-05-21 00:00:00+00:00,1189,SB11,12.1,300000000.0,notional_at_entry,long,23271.0,long,1083418641.6000001,0
2018-05-22 00:00:00+00:00,1190,SB11,12.15,300000000.0,notional_at_entry,long,23271.0,long,1084721817.6000001,0
2018-05-23 00:00:00+00:00,1191,SB11,12.35,300000000.0,notional_at_entry,long,23271.0,long,1089934521.6000001,0
2018-05-24 00:00:00+00:00,1192,SB11,12.38,300000000.0,notional_at_entry,long,23271.0,long,1090716427.2000003,0
2018-05-25 00:00:00+00:00,1193,SB11,12.46,300000000.0,notional_at_entry,long,23271.0,long,1092801508.8000002,0
2018-05-29 00:00:00+00:00,1194,SB11,12.46,300000000.0,notional_at_entry,long,23271.0,long,1092801508.8000002,0
2018-05-30 00:00:00+00:00,1195,SB11,12.6,300000000.0,notional_at_entry,long,23271.0,long,1096450401.6000001,0
2018-05-31 00:00:00+00:00,1196,SB11,12.79,300000000.0,notional_at_entry,long,23271.0,long,1101402470.4,0
2018-06-01 00:00:00+00:00,1197,SB11,12.52,300000000.0,notional_at_entry,long,23271.0,long,1094365320.0000002,0
2018-06-04 00:00:00+00:00,1198,SB11,11.9,300000000.0,notional_at_entry,long,23271.0,long,1078205937.6000001,0
2018-06-05 00:00:00+00:00,1199,SB11,12.02,300000000.0,notional_at_entry,long,23271.0,long,1081333560.0000002,0
2018-06-06 00:00:00+00:00,1200,SB11,12.2,300000000.0,notional_at_entry,long,23271.0,long,1086024993.6000001,0
2018-06-07 00:00:00+00:00,1201,SB11,11.73,300000000.0,notional_at_entry,long,23271.0,long,1073775139.2000003,0
2018-06-08 00:00:00+00:00,1202,SB11,12.25,300000000.0,notional_at_entry,long,23271.0,long,1087328169.6000001,0
2018-06-11 00:00:00+00:00,1203,SB11,12.35,300000000.0,notional_at_entry,long,23271.0,long,1089934521.6000001,0
2018-06-12 00:00:00+00:00,1204,SB11,12.67,300000000.0,notional_at_entry,long,23271.0,long,1098274848.0000002,0
2018-06-13 00:00:00+00:00,1205,SB11,12.76,300000000.0,notional_at_entry,long,23271.0,long,1100620564.8000002,0
2018-06-14 00:00:00+00:00,1206,SB11,12.56,300000000.0,notional_at_entry,long,23271.0,long,1095407860.8000002,0
2018-06-15 00:00:00+00:00,1207,SB11,12.35,300000000.0,notional_at_entry,long,23271.0,long,1089934521.6000001,0
2018-06-18 00:00:00+00:00,1208,SB11,12.28,300000000.0,notional_at_entry,long,23271.0,long,1088110075.2000003,0
2018-06-19 00:00:00+00:00,1209,SB11,12.13,300000000.0,notional_at_entry,long,23271.0,long,1084200547.2000003,0
2018-06-20 00:00:00+00:00,1210,SB11,12.19,300000000.0,notional_at_entry,long,23271.0,long,1085764358.4,0
2018-06-21 00:00:00+00:00,1211,SB11,12.21,300000000.0,notional_at_entry,long,23271.0,long,1086285628.8000002,0
2018-06-22 00:00:00+00:00,1212,SB11,12.41,300000000.0,notional_at_entry,long,23271.0,long,1091498332.8000002,0
2018-06-25 00:00:00+00:00,1213,SB11,12.32,300000000.0,notional_at_entry,long,23271.0,long,1089152616.0000002,0
2018-06-26 00:00:00+00:00,1214,SB11,12.45,300000000.0,notional_at_entry,long,23271.0,long,1092540873.6000001,0
2018-06-27 00:00:00+00:00,1215,SB11,12.05,300000000.0,notional_at_entry,long,23271.0,long,1082115465.6000001,0
2018-06-28 00:00:00+00:00,1216,SB11,12.25,-300000000.0,notional_at_entry,short,-21865.0,short,1087328169.6000001,1
2018-06-29 00:00:00+00:00,1217,SB11,12.25,-300000000.0,notional_at_entry,short,-21865.0,short,1087328169.6000001,0
2018-07-02 00:00:00+00:00,1218,SB11,11.56,-300000000.0,notional_at_entry,short,-21865.0,short,1104225441.6000001,0
2018-07-03 00:00:00+00:00,1219,SB11,11.39,-300000000.0,notional_at_entry,short,-21865.0,short,1108388537.6000001,0
2018-07-05 00:00:00+00:00,1220,SB11,11.48,-300000000.0,notional_at_entry,short,-21865.0,short,1106184545.6000001,0
2018-07-06 00:00:00+00:00,1221,SB11,11.51,-300000000.0,notional_at_entry,short,-21865.0,short,1105449881.6000001,0
2018-07-09 00:00:00+00:00,1222,SB11,11.4,-300000000.0,notional_at_entry,short,-21865.0,short,1108143649.6000001,0
2018-07-10 00:00:00+00:00,1223,SB11,11.41,-300000000.0,notional_at_entry,short,-21865.0,short,1107898761.6000001,0
2018-07-11 00:00:00+00:00,1224,SB11,11.29,-300000000.0,notional_at_entry,short,-21865.0,short,1110837417.6000001,0
2018-07-12 00:00:00+00:00,1225,SB11,11.08,-300000000.0,notional_at_entry,short,-21865.0,short,1115980065.6000001,0
2018-07-13 00:00:00+00:00,1226,SB11,10.96,-300000000.0,notional_at_entry,short,-21865.0,short,1118918721.6000001,0
2018-07-16 00:00:00+00:00,1227,SB11,11.14,-300000000.0,notional_at_entry,short,-21865.0,short,1114510737.6000001,0
2018-07-17 00:00:00+00:00,1228,SB11,11.13,-300000000.0,notional_at_entry,short,-21865.0,short,1114755625.6000001,0
2018-07-18 00:00:00+00:00,1229,SB11,11.08,-300000000.0,notional_at_entry,short,-21865.0,short,1115980065.6000001,0
2018-07-19 00:00:00+00:00,1230,SB11,10.97,-300000000.0,notional_at_entry,short,-21865.0,short,1118673833.6000001,0
2018-07-20 00:00:00+00:00,1231,SB11,11.12,-300000000.0,notional_at_entry,short,-21865.0,short,1115000513.6000001,0
2018-07-23 00:00:00+00:00,1232,SB11,11.08,-300000000.0,notional_at_entry,short,-21865.0,short,1115980065.6000001,0
2018-07-24 00:00:00+00:00,1233,SB11,11.19,-300000000.0,notional_at_entry,short,-21865.0,short,1113286297.6000001,0
2018-07-25 00:00:00+00:00,1234,SB11,11.19,-300000000.0,notional_at_entry,short,-21865.0,short,1113286297.6000001,0
2018-07-26 00:00:00+00:00,1235,SB11,11.03,-300000000.0,notional_at_entry,short,-21865.0,short,1117204505.6000001,0
2018-07-27 00:00:00+00:00,1236,SB11,10.88,-300000000.0,notional_at_entry,short,-21865.0,short,1120877825.6000001,0
2018-07-30 00:00:00+00:00,1237,SB11,10.82,-300000000.0,notional_at_entry,short,-21865.0,short,1122347153.6000001,0
2018-07-31 00:00:00+00:00,1238,SB11,10.55,-300000000.0,notional_at_entry,short,-21865.0,short,1128959129.6000001,0
2018-08-01 00:00:00+00:00,1239,SB11,10.48,-300000000.0,notional_at_entry,short,-21865.0,short,1130673345.6000001,0
2018-08-02 00:00:00+00:00,1240,SB11,10.59,-300000000.0,notional_at_entry,short,-21865.0,short,1127979577.6000001,0
2018-08-03 00:00:00+00:00,1241,SB11,10.85,-300000000.0,notional_at_entry,short,-21865.0,short,1121612489.6000001,0
2018-08-06 00:00:00+00:00,1242,SB11,10.98,-300000000.0,notional_at_entry,short,-21865.0,short,1118428945.6000001,0
2018-08-07 00:00:00+00:00,1243,SB11,10.88,-300000000.0,notional_at_entry,short,-21865.0,short,1120877825.6000001,0
2018-08-08 00:00:00+00:00,1244,SB11,10.81,-300000000.0,notional_at_entry,short,-21865.0,short,1122592041.6000001,0
2018-08-09 00:00:00+00:00,1245,SB11,10.84,-300000000.0,notional_at_entry,short,-21865.0,short,1121857377.6000001,0
2018-08-10 00:00:00+00:00,1246,SB11,10.54,-300000000.0,notional_at_entry,short,-21865.0,short,1129204017.6000001,0
2018-08-13 00:00:00+00:00,1247,SB11,10.3,-300000000.0,notional_at_entry,short,-21865.0,short,1135081329.6000001,0
2018-08-14 00:00:00+00:00,1248,SB11,10.34,-300000000.0,notional_at_entry,short,-21865.0,short,1134101777.6000001,0
2018-08-15 00:00:00+00:00,1249,SB11,10.23,-300000000.0,notional_at_entry,short,-21865.0,short,1136795545.6000001,0
2018-08-16 00:00:00+00:00,1250,SB11,10.3,-300000000.0,notional_at_entry,short,-21865.0,short,1135081329.6000001,0
2018-08-17 00:00:00+00:00,1251,SB11,10.18,-300000000.0,notional_at_entry,short,-21865.0,short,1138019985.6000001,0
2018-08-20 00:00:00+00:00,1252,SB11,10.09,300000000.0,notional_at_entry,long,26546.0,long,1140223977.6000001,1
2018-08-21 00:00:00+00:00,1253,SB11,10.17,300000000.0,notional_at_entry,long,26546.0,long,1142602499.2,0
2018-08-22 00:00:00+00:00,1254,SB11,10.18,300000000.0,notional_at_entry,long,26546.0,long,1142899814.4,0
2018-08-23 00:00:00+00:00,1255,SB11,10.12,300000000.0,notional_at_entry,long,26546.0,long,1141115923.2,0
2018-08-24 00:00:00+00:00,1256,SB11,10.23,300000000.0,notional_at_entry,long,26546.0,long,1144386390.4,0
2018-08-27 00:00:00+00:00,1257,SB11,10.51,300000000.0,notional_at_entry,long,26546.0,long,1152711216.0000002,0
2018-08-28 00:00:00+00:00,1258,SB11,10.31,300000000.0,notional_at_entry,long,26546.0,long,1146764912.0000002,0
2018-08-29 00:00:00+00:00,1259,SB11,10.37,300000000.0,notional_at_entry,long,26546.0,long,1148548803.2,0
2018-08-30 00:00:00+00:00,1260,SB11,10.57,300000000.0,notional_at_entry,long,26546.0,long,1154495107.2,0
2018-08-31 00:00:00+00:00,1261,SB11,10.6,300000000.0,notional_at_entry,long,26546.0,long,1155387052.8000002,0
2018-09-04 00:00:00+00:00,1262,SB11,10.64,300000000.0,notional_at_entry,long,26546.0,long,1156576313.6000001,0
2018-09-05 00:00:00+00:00,1263,SB11,10.89,300000000.0,notional_at_entry,long,26546.0,long,1164009193.6000001,0
2018-09-06 00:00:00+00:00,1264,SB11,10.8,300000000.0,notional_at_entry,long,26546.0,long,1161333356.8000002,0
2018-09-07 00:00:00+00:00,1265,SB11,11.01,300000000.0,notional_at_entry,long,26546.0,long,1167576976.0000002,0
2018-09-10 00:00:00+00:00,1266,SB11,11.2,300000000.0,notional_at_entry,long,26546.0,long,1173225964.8000002,0
2018-09-11 00:00:00+00:00,1267,SB11,11.18,300000000.0,notional_at_entry,long,26546.0,long,1172631334.4,0
2018-09-12 00:00:00+00:00,1268,SB11,11.67,300000000.0,notional_at_entry,long,26546.0,long,1187199779.2,0
2018-09-13 00:00:00+00:00,1269,SB11,11.68,300000000.0,notional_at_entry,long,26546.0,long,1187497094.4,0
2018-09-14 00:00:00+00:00,1270,SB11,12.02,300000000.0,notional_at_entry,long,26546.0,long,1197605811.2,0
2018-09-17 00:00:00+00:00,1271,SB11,11.58,300000000.0,notional_at_entry,long,26546.0,long,1184523942.4,0
2018-09-18 00:00:00+00:00,1272,SB11,11.5,300000000.0,notional_at_entry,long,26546.0,long,1182145420.8000002,0
2018-09-19 00:00:00+00:00,1273,SB11,11.64,300000000.0,notional_at_entry,long,26546.0,long,1186307833.6000001,0
2018-09-20 00:00:00+00:00,1274,SB11,11.62,300000000.0,notional_at_entry,long,26546.0,long,1185713203.2,0
2018-09-21 00:00:00+00:00,1275,SB11,11.68,300000000.0,notional_at_entry,long,26546.0,long,1187497094.4,0
2018-09-24 00:00:00+00:00,1276,SB11,11.23,300000000.0,notional_at_entry,long,26546.0,long,1174117910.4,0
2018-09-25 00:00:00+00:00,1277,SB11,11.15,300000000.0,notional_at_entry,long,26546.0,long,1171739388.8000002,0
2018-09-26 00:00:00+00:00,1278,SB11,10.91,300000000.0,notional_at_entry,long,26546.0,long,1164603824.0000002,0
2018-09-27 00:00:00+00:00,1279,SB11,10.91,300000000.0,notional_at_entry,long,26546.0,long,1164603824.0000002,0
2018-09-28 00:00:00+00:00,1280,SB11,11.2,300000000.0,notional_at_entry,long,26546.0,long,1173225964.8000002,0
2018-10-01 00:00:00+00:00,1281,SB11,11.61,300000000.0,notional_at_entry,long,26546.0,long,1185415888.0000002,0
2018-10-02 00:00:00+00:00,1282,SB11,12.07,300000000.0,notional_at_entry,long,26546.0,long,1199092387.2,0
2018-10-03 00:00:00+00:00,1283,SB11,12.23,300000000.0,notional_at_entry,long,26546.0,long,1203849430.4,0
2018-10-04 00:00:00+00:00,1284,SB11,12.33,300000000.0,notional_at_entry,long,26546.0,long,1206822582.4,0
2018-10-05 00:00:00+00:00,1285,SB11,12.63,300000000.0,notional_at_entry,long,26546.0,long,1215742038.4,0
2018-10-08 00:00:00+00:00,1286,SB11,12.94,300000000.0,notional_at_entry,long,26546.0,long,1224958809.6000001,0
2018-10-09 00:00:00+00:00,1287,SB11,12.97,300000000.0,notional_at_entry,long,26546.0,long,1225850755.2000003,0
2018-10-10 00:00:00+00:00,1288,SB11,12.85,300000000.0,notional_at_entry,long,26546.0,long,1222282972.8000002,0
2018-10-11 00:00:00+00:00,1289,SB11,12.92,300000000.0,notional_at_entry,long,26546.0,long,1224364179.2,0
2018-10-12 00:00:00+00:00,1290,SB11,13.07,300000000.0,notional_at_entry,long,26546.0,long,1228823907.2000003,0
2018-10-15 00:00:00+00:00,1291,SB11,13.43,300000000.0,notional_at_entry,long,26546.0,long,1239527254.4,0
2018-10-16 00:00:00+00:00,1292,SB11,13.25,300000000.0,notional_at_entry,long,26546.0,long,1234175580.8000002,0
2018-10-17 00:00:00+00:00,1293,SB11,13.73,300000000.0,notional_at_entry,long,26546.0,long,1248446710.4,0
2018-10-18 00:00:00+00:00,1294,SB11,13.87,300000000.0,notional_at_entry,long,26546.0,long,1252609123.2,0
2018-10-19 00:00:00+00:00,1295,SB11,13.89,300000000.0,notional_at_entry,long,26546.0,long,1253203753.6000001,0
2018-10-22 00:00:00+00:00,1296,SB11,13.82,300000000.0,notional_at_entry,long,26546.0,long,1251122547.2000003,0
2018-10-23 00:00:00+00:00,1297,SB11,13.81,300000000.0,notional_at_entry,long,26546.0,long,1250825232.0000002,0
2018-10-24 00:00:00+00:00,1298,SB11,14.01,300000000.0,notional_at_entry,long,26546.0,long,1256771536.0000002,0
2018-10-25 00:00:00+00:00,1299,SB11,13.97,300000000.0,notional_at_entry,long,26546.0,long,1255582275.2000003,0
2018-10-26 00:00:00+00:00,1300,SB11,13.84,300000000.0,notional_at_entry,long,26546.0,long,1251717177.6000001,0
2018-10-29 00:00:00+00:00,1301,SB11,13.5,300000000.0,notional_at_entry,long,26546.0,long,1241608460.8000002,0
2018-10-30 00:00:00+00:00,1302,SB11,13.32,300000000.0,notional_at_entry,long,26546.0,long,1236256787.2000003,0
2018-10-31 00:00:00+00:00,1303,SB11,13.19,300000000.0,notional_at_entry,long,26546.0,long,1232391689.6000001,0
2018-11-01 00:00:00+00:00,1304,SB11,13.19,300000000.0,notional_at_entry,long,26546.0,long,1232391689.6000001,0
2018-11-02 00:00:00+00:00,1305,SB11,13.44,300000000.0,notional_at_entry,long,26546.0,long,1239824569.6000001,0
2018-11-05 00:00:00+00:00,1306,SB11,13.15,300000000.0,notional_at_entry,long,26546.0,long,1231202428.8000002,0
2018-11-06 00:00:00+00:00,1307,SB11,12.96,300000000.0,notional_at_entry,long,26546.0,long,1225553440.0000002,0
2018-11-07 00:00:00+00:00,1308,SB11,13.01,300000000.0,notional_at_entry,long,26546.0,long,1227040016.0000002,0
2018-11-08 00:00:00+00:00,1309,SB11,12.84,300000000.0,notional_at_entry,long,26546.0,long,1221985657.6000001,0
2018-11-09 00:00:00+00:00,1310,SB11,12.73,300000000.0,notional_at_entry,long,26546.0,long,1218715190.4,0
2018-11-12 00:00:00+00:00,1311,SB11,12.94,300000000.0,notional_at_entry,long,26546.0,long,1224958809.6000001,0
2018-11-13 00:00:00+00:00,1312,SB11,12.61,300000000.0,notional_at_entry,long,26546.0,long,1215147408.0,0
2018-11-14 00:00:00+00:00,1313,SB11,12.65,300000000.0,notional_at_entry,long,26546.0,long,1216336668.8000002,0
2018-11-15 00:00:00+00:00,1314,SB11,12.65,300000000.0,notional_at_entry,long,26546.0,long,1216336668.8000002,0
2018-11-16 00:00:00+00:00,1315,SB11,12.69,300000000.0,notional_at_entry,long,26546.0,long,1217525929.6000001,0
2018-11-19 00:00:00+00:00,1316,SB11,12.8,300000000.0,notional_at_entry,long,26546.0,long,1220796396.8000002,0
2018-11-20 00:00:00+00:00,1317,SB11,12.46,300000000.0,notional_at_entry,long,26546.0,long,1210687680.0000002,0
2018-11-21 00:00:00+00:00,1318,SB11,12.68,300000000.0,notional_at_entry,long,26546.0,long,1217228614.4,0
2018-11-23 00:00:00+00:00,1319,SB11,12.47,300000000.0,notional_at_entry,long,26546.0,long,1210984995.2000003,0
2018-11-26 00:00:00+00:00,1320,SB11,12.48,300000000.0,notional_at_entry,long,26546.0,long,1211282310.4,0
2018-11-27 00:00:00+00:00,1321,SB11,12.34,300000000.0,notional_at_entry,long,26546.0,long,1207119897.6000001,0
2018-11-28 00:00:00+00:00,1322,SB11,12.84,300000000.0,notional_at_entry,long,26546.0,long,1221985657.6000001,0
2018-11-29 00:00:00+00:00,1323,SB11,12.87,300000000.0,notional_at_entry,long,26546.0,long,1222877603.2,0
2018-11-30 00:00:00+00:00,1324,SB11,12.84,300000000.0,notional_at_entry,long,26546.0,long,1221985657.6000001,0
2018-12-03 00:00:00+00:00,1325,SB11,12.91,300000000.0,notional_at_entry,long,26546.0,long,1224066864.0000002,0
2018-12-04 00:00:00+00:00,1326,SB11,12.75,300000000.0,notional_at_entry,long,26546.0,long,1219309820.8000002,0
2018-12-06 00:00:00+00:00,1327,SB11,12.64,300000000.0,notional_at_entry,long,26546.0,long,1216039353.6000001,0
2018-12-07 00:00:00+00:00,1328,SB11,12.87,300000000.0,notional_at_entry,long,26546.0,long,1222877603.2,0
2018-12-10 00:00:00+00:00,1329,SB11,12.72,300000000.0,notional_at_entry,long,26546.0,long,1218417875.2000003,0
2018-12-11 00:00:00+00:00,1330,SB11,12.83,-300000000.0,notional_at_entry,short,-20877.0,short,1221688342.4,1
2018-12-12 00:00:00+00:00,1331,SB11,12.74,-300000000.0,notional_at_entry,short,-20877.0,short,1223792744.0,0
2018-12-13 00:00:00+00:00,1332,SB11,12.75,-300000000.0,notional_at_entry,short,-20877.0,short,1223558921.6000001,0
2018-12-14 00:00:00+00:00,1333,SB11,12.65,-300000000.0,notional_at_entry,short,-20877.0,short,1225897145.6000001,0
2018-12-17 00:00:00+00:00,1334,SB11,12.49,-300000000.0,notional_at_entry,short,-20877.0,short,1229638304.0,0
2018-12-18 00:00:00+00:00,1335,SB11,12.3,-300000000.0,notional_at_entry,short,-20877.0,short,1234080929.6000001,0
2018-12-19 00:00:00+00:00,1336,SB11,12.47,-300000000.0,notional_at_entry,short,-20877.0,short,1230105948.8000002,0
2018-12-20 00:00:00+00:00,1337,SB11,12.43,-300000000.0,notional_at_entry,short,-20877.0,short,1231041238.4,0
2018-12-21 00:00:00+00:00,1338,SB11,12.34,-300000000.0,notional_at_entry,short,-20877.0,short,1233145640.0,0
2018-12-24 00:00:00+00:00,1339,SB11,12.4,-300000000.0,notional_at_entry,short,-20877.0,short,1231742705.6000001,0
2018-12-26 00:00:00+00:00,1340,SB11,12.39,-300000000.0,notional_at_entry,short,-20877.0,short,1231976528.0,0
2018-12-27 00:00:00+00:00,1341,SB11,12.25,-300000000.0,notional_at_entry,short,-20877.0,short,1235250041.6000001,0
2018-12-28 00:00:00+00:00,1342,SB11,12.39,-300000000.0,notional_at_entry,short,-20877.0,short,1231976528.0,0
2018-12-31 00:00:00+00:00,1343,SB11,12.03,-300000000.0,notional_at_entry,short,-20877.0,short,1240394134.4,0
2019-01-02 00:00:00+00:00,1344,SB11,11.93,-300000000.0,notional_at_entry,short,-20877.0,short,1242732358.4,0
2019-01-03 00:00:00+00:00,1345,SB11,11.69,-300000000.0,notional_at_entry,short,-20877.0,short,1248344096.0,0
2019-01-04 00:00:00+00:00,1346,SB11,11.93,-300000000.0,notional_at_entry,short,-20877.0,short,1242732358.4,0
2019-01-07 00:00:00+00:00,1347,SB11,12.65,-300000000.0,notional_at_entry,short,-20877.0,short,1225897145.6000001,0
2019-01-08 00:00:00+00:00,1348,SB11,12.76,-300000000.0,notional_at_entry,short,-20877.0,short,1223325099.2,0
2019-01-09 00:00:00+00:00,1349,SB11,12.87,-300000000.0,notional_at_entry,short,-20877.0,short,1220753052.8000002,0
2019-01-10 00:00:00+00:00,1350,SB11,12.67,-300000000.0,notional_at_entry,short,-20877.0,short,1225429500.8000002,0
2019-01-11 00:00:00+00:00,1351,SB11,12.78,-300000000.0,notional_at_entry,short,-20877.0,short,1222857454.4,0
2019-01-14 00:00:00+00:00,1352,SB11,12.75,-300000000.0,notional_at_entry,short,-20877.0,short,1223558921.6000001,0
2019-01-15 00:00:00+00:00,1353,SB11,13.16,-300000000.0,notional_at_entry,short,-20877.0,short,1213972203.2,0
2019-01-16 00:00:00+00:00,1354,SB11,13.17,-300000000.0,notional_at_entry,short,-20877.0,short,1213738380.8000002,0
2019-01-17 00:00:00+00:00,1355,SB11,12.85,-300000000.0,notional_at_entry,short,-20877.0,short,1221220697.6000001,0
2019-01-18 00:00:00+00:00,1356,SB11,13.03,-300000000.0,notional_at_entry,short,-20877.0,short,1217011894.4,0
2019-01-22 00:00:00+00:00,1357,SB11,12.93,-300000000.0,notional_at_entry,short,-20877.0,short,1219350118.4,0
2019-01-23 00:00:00+00:00,1358,SB11,12.97,-300000000.0,notional_at_entry,short,-20877.0,short,1218414828.8000002,0
2019-01-24 00:00:00+00:00,1359,SB11,12.98,-300000000.0,notional_at_entry,short,-20877.0,short,1218181006.4,0
2019-01-25 00:00:00+00:00,1360,SB11,12.44,-300000000.0,notional_at_entry,short,-20877.0,short,1230807416.0,0
2019-01-28 00:00:00+00:00,1361,SB11,12.79,-300000000.0,notional_at_entry,short,-20877.0,short,1222623632.0,0
2019-01-29 00:00:00+00:00,1362,SB11,12.69,-300000000.0,notional_at_entry,short,-20877.0,short,1224961856.0,0
2019-01-30 00:00:00+00:00,1363,SB11,12.53,-300000000.0,notional_at_entry,short,-20877.0,short,1228703014.4,0
2019-01-31 00:00:00+00:00,1364,SB11,12.73,-300000000.0,notional_at_entry,short,-20877.0,short,1224026566.4,0
2019-02-01 00:00:00+00:00,1365,SB11,12.6,-300000000.0,notional_at_entry,short,-20877.0,short,1227066257.6000001,0
2019-02-04 00:00:00+00:00,1366,SB11,12.85,-300000000.0,notional_at_entry,short,-20877.0,short,1221220697.6000001,0
2019-02-05 00:00:00+00:00,1367,SB11,12.82,-300000000.0,notional_at_entry,short,-20877.0,short,1221922164.8000002,0
2019-02-06 00:00:00+00:00,1368,SB11,12.9,-300000000.0,notional_at_entry,short,-20877.0,short,1220051585.6000001,0
2019-02-07 00:00:00+00:00,1369,SB11,12.73,-300000000.0,notional_at_entry,short,-20877.0,short,1224026566.4,0
2019-02-08 00:00:00+00:00,1370,SB11,12.71,-300000000.0,notional_at_entry,short,-20877.0,short,1224494211.2,0
2019-02-11 00:00:00+00:00,1371,SB11,12.67,-300000000.0,notional_at_entry,short,-20877.0,short,1225429500.8000002,0
2019-02-12 00:00:00+00:00,1372,SB11,12.85,-300000000.0,notional_at_entry,short,-20877.0,short,1221220697.6000001,0
2019-02-13 00:00:00+00:00,1373,SB11,12.75,-300000000.0,notional_at_entry,short,-20877.0,short,1223558921.6000001,0
2019-02-14 00:00:00+00:00,1374,SB11,12.42,-300000000.0,notional_at_entry,short,-20877.0,short,1231275060.8000002,0
2019-02-15 00:00:00+00:00,1375,SB11,13.0,-300000000.0,notional_at_entry,short,-20877.0,short,1217713361.6000001,0
2019-02-19 00:00:00+00:00,1376,SB11,13.23,-300000000.0,notional_at_entry,short,-20877.0,short,1212335446.4,0
2019-02-20 00:00:00+00:00,1377,SB11,13.38,-300000000.0,notional_at_entry,short,-20877.0,short,1208828110.4,0
2019-02-21 00:00:00+00:00,1378,SB11,13.2,-300000000.0,notional_at_entry,short,-20877.0,short,1213036913.6000001,0
2019-02-22 00:00:00+00:00,1379,SB11,13.3,-300000000.0,notional_at_entry,short,-20877.0,short,1210698689.6000001,0
2019-02-25 00:00:00+00:00,1380,SB11,13.0,-300000000.0,notional_at_entry,short,-20877.0,short,1217713361.6000001,0
2019-02-26 00:00:00+00:00,1381,SB11,12.85,-300000000.0,notional_at_entry,short,-20877.0,short,1221220697.6000001,0
2019-02-27 00:00:00+00:00,1382,SB11,12.97,-300000000.0,notional_at_entry,short,-20877.0,short,1218414828.8000002,0
2019-02-28 00:00:00+00:00,1383,SB11,12.78,-300000000.0,notional_at_entry,short,-20877.0,short,1222857454.4,0
2019-03-01 00:00:00+00:00,1384,SB11,12.62,-300000000.0,notional_at_entry,short,-20877.0,short,1226598612.8000002,0
2019-03-04 00:00:00+00:00,1385,SB11,12.36,-300000000.0,notional_at_entry,short,-20877.0,short,1232677995.2,0
2019-03-05 00:00:00+00:00,1386,SB11,12.44,-300000000.0,notional_at_entry,short,-20877.0,short,1230807416.0,0
2019-03-06 00:00:00+00:00,1387,SB11,12.16,-300000000.0,notional_at_entry,short,-20877.0,short,1237354443.2,0
2019-03-07 00:00:00+00:00,1388,SB11,12.14,-300000000.0,notional_at_entry,short,-20877.0,short,1237822088.0,0
2019-03-08 00:00:00+00:00,1389,SB11,12.18,-300000000.0,notional_at_entry,short,-20877.0,short,1236886798.4,0
2019-03-11 00:00:00+00:00,1390,SB11,12.29,-300000000.0,notional_at_entry,short,-20877.0,short,1234314752.0,0
2019-03-12 00:00:00+00:00,1391,SB11,12.33,-300000000.0,notional_at_entry,short,-20877.0,short,1233379462.4,0
2019-03-13 00:00:00+00:00,1392,SB11,12.36,-300000000.0,notional_at_entry,short,-20877.0,short,1232677995.2,0
2019-03-14 00:00:00+00:00,1393,SB11,12.41,-300000000.0,notional_at_entry,short,-20877.0,short,1231508883.2,0
2019-03-15 00:00:00+00:00,1394,SB11,12.52,-300000000.0,notional_at_entry,short,-20877.0,short,1228936836.8000002,0
2019-03-18 00:00:00+00:00,1395,SB11,12.84,-300000000.0,notional_at_entry,short,-20877.0,short,1221454520.0,0
2019-03-19 00:00:00+00:00,1396,SB11,12.78,-300000000.0,notional_at_entry,short,-20877.0,short,1222857454.4,0
2019-03-20 00:00:00+00:00,1397,SB11,12.74,-300000000.0,notional_at_entry,short,-20877.0,short,1223792744.0,0
2019-03-21 00:00:00+00:00,1398,SB11,12.5,-300000000.0,notional_at_entry,short,-20877.0,short,1229404481.6000001,0
2019-03-22 00:00:00+00:00,1399,SB11,12.57,-300000000.0,notional_at_entry,short,-20877.0,short,1227767724.8000002,0
2019-03-25 00:00:00+00:00,1400,SB11,12.48,-300000000.0,notional_at_entry,short,-20877.0,short,1229872126.4,0
2019-03-26 00:00:00+00:00,1401,SB11,12.59,-300000000.0,notional_at_entry,short,-20877.0,short,1227300080.0,0
2019-03-27 00:00:00+00:00,1402,SB11,12.58,-300000000.0,notional_at_entry,short,-20877.0,short,1227533902.4,0
2019-03-28 00:00:00+00:00,1403,SB11,12.53,-300000000.0,notional_at_entry,short,-20877.0,short,1228703014.4,0
2019-03-29 00:00:00+00:00,1404,SB11,12.53,-300000000.0,notional_at_entry,short,-20877.0,short,1228703014.4,0
2019-04-01 00:00:00+00:00,1405,SB11,12.67,-300000000.0,notional_at_entry,short,-20877.0,short,1225429500.8000002,0
2019-04-02 00:00:00+00:00,1406,SB11,12.66,-300000000.0,notional_at_entry,short,-20877.0,short,1225663323.2,0
2019-04-03 00:00:00+00:00,1407,SB11,12.42,-300000000.0,notional_at_entry,short,-20877.0,short,1231275060.8000002,0
2019-04-04 00:00:00+00:00,1408,SB11,12.71,-300000000.0,notional_at_entry,short,-20877.0,short,1224494211.2,0
2019-04-05 00:00:00+00:00,1409,SB11,12.76,-300000000.0,notional_at_entry,short,-20877.0,short,1223325099.2,0
2019-04-08 00:00:00+00:00,1410,SB11,12.57,-300000000.0,notional_at_entry,short,-20877.0,short,1227767724.8000002,0
2019-04-09 00:00:00+00:00,1411,SB11,12.78,-300000000.0,notional_at_entry,short,-20877.0,short,1222857454.4,0
2019-04-10 00:00:00+00:00,1412,SB11,12.81,-300000000.0,notional_at_entry,short,-20877.0,short,1222155987.2,0
2019-04-11 00:00:00+00:00,1413,SB11,12.82,-300000000.0,notional_at_entry,short,-20877.0,short,1221922164.8000002,0
2019-04-12 00:00:00+00:00,1414,SB11,12.92,-300000000.0,notional_at_entry,short,-20877.0,short,1219583940.8000002,0
2019-04-15 00:00:00+00:00,1415,SB11,12.79,-300000000.0,notional_at_entry,short,-20877.0,short,1222623632.0,0
2019-04-16 00:00:00+00:00,1416,SB11,12.67,-300000000.0,notional_at_entry,short,-20877.0,short,1225429500.8000002,0
2019-04-17 00:00:00+00:00,1417,SB11,12.53,-300000000.0,notional_at_entry,short,-20877.0,short,1228703014.4,0
2019-04-18 00:00:00+00:00,1418,SB11,12.98,-300000000.0,notional_at_entry,short,-20877.0,short,1218181006.4,0
2019-04-22 00:00:00+00:00,1419,SB11,12.77,-300000000.0,notional_at_entry,short,-20877.0,short,1223091276.8000002,0
2019-04-23 00:00:00+00:00,1420,SB11,12.9,-300000000.0,notional_at_entry,short,-20877.0,short,1220051585.6000001,0
2019-04-24 00:00:00+00:00,1421,SB11,12.9,-300000000.0,notional_at_entry,short,-20877.0,short,1220051585.6000001,0
2019-04-25 00:00:00+00:00,1422,SB11,12.69,-300000000.0,notional_at_entry,short,-20877.0,short,1224961856.0,0
2019-04-26 00:00:00+00:00,1423,SB11,12.65,-300000000.0,notional_at_entry,short,-20877.0,short,1225897145.6000001,0
2019-04-29 00:00:00+00:00,1424,SB11,12.33,-300000000.0,notional_at_entry,short,-20877.0,short,1233379462.4,0
2019-04-30 00:00:00+00:00,1425,SB11,12.34,-300000000.0,notional_at_entry,short,-20877.0,short,1233145640.0,0
2019-05-01 00:00:00+00:00,1426,SB11,12.21,-300000000.0,notional_at_entry,short,-20877.0,short,1236185331.2,0
2019-05-02 00:00:00+00:00,1427,SB11,12.23,-300000000.0,notional_at_entry,short,-20877.0,short,1235717686.4,0
2019-05-03 00:00:00+00:00,1428,SB11,12.01,-300000000.0,notional_at_entry,short,-20877.0,short,1240861779.2,0
2019-05-06 00:00:00+00:00,1429,SB11,11.88,300000000.0,notional_at_entry,long,22546.0,long,1243901470.4,1
2019-05-07 00:00:00+00:00,1430,SB11,11.95,300000000.0,notional_at_entry,long,22546.0,long,1245669076.8,0
2019-05-08 00:00:00+00:00,1431,SB11,11.65,300000000.0,notional_at_entry,long,22546.0,long,1238093620.8000002,0
2019-05-09 00:00:00+00:00,1432,SB11,11.78,300000000.0,notional_at_entry,long,22546.0,long,1241376318.4,0
2019-05-10 00:00:00+00:00,1433,SB11,11.72,300000000.0,notional_at_entry,long,22546.0,long,1239861227.2,0
2019-05-13 00:00:00+00:00,1434,SB11,11.84,300000000.0,notional_at_entry,long,22546.0,long,1242891409.6000001,0
2019-05-14 00:00:00+00:00,1435,SB11,11.94,300000000.0,notional_at_entry,long,22546.0,long,1245416561.6000001,0
2019-05-15 00:00:00+00:00,1436,SB11,11.85,300000000.0,notional_at_entry,long,22546.0,long,1243143924.8,0
2019-05-16 00:00:00+00:00,1437,SB11,11.78,300000000.0,notional_at_entry,long,22546.0,long,1241376318.4,0
2019-05-17 00:00:00+00:00,1438,SB11,11.55,300000000.0,notional_at_entry,long,22546.0,long,1235568468.8000002,0
2019-05-20 00:00:00+00:00,1439,SB11,11.62,300000000.0,notional_at_entry,long,22546.0,long,1237336075.2,0
2019-05-21 00:00:00+00:00,1440,SB11,11.81,300000000.0,notional_at_entry,long,22546.0,long,1242133864.0,0
2019-05-22 00:00:00+00:00,1441,SB11,11.62,300000000.0,notional_at_entry,long,22546.0,long,1237336075.2,0
2019-05-23 00:00:00+00:00,1442,SB11,11.57,300000000.0,notional_at_entry,long,22546.0,long,1236073499.2,0
2019-05-24 00:00:00+00:00,1443,SB11,11.66,300000000.0,notional_at_entry,long,22546.0,long,1238346136.0,0
2019-05-28 00:00:00+00:00,1444,SB11,11.75,300000000.0,notional_at_entry,long,22546.0,long,1240618772.8000002,0
2019-05-29 00:00:00+00:00,1445,SB11,11.87,300000000.0,notional_at_entry,long,22546.0,long,1243648955.2,0
2019-05-30 00:00:00+00:00,1446,SB11,11.76,300000000.0,notional_at_entry,long,22546.0,long,1240871288.0,0
2019-05-31 00:00:00+00:00,1447,SB11,12.1,300000000.0,notional_at_entry,long,22546.0,long,1249456804.8,0
2019-06-03 00:00:00+00:00,1448,SB11,12.19,300000000.0,notional_at_entry,long,22546.0,long,1251729441.6000001,0
2019-06-04 00:00:00+00:00,1449,SB11,12.42,300000000.0,notional_at_entry,long,22546.0,long,1257537291.2,0
2019-06-05 00:00:00+00:00,1450,SB11,12.21,300000000.0,notional_at_entry,long,22546.0,long,1252234472.0,0
2019-06-06 00:00:00+00:00,1451,SB11,12.51,-300000000.0,notional_at_entry,short,-21411.0,short,1259809928.0,1
2019-06-07 00:00:00+00:00,1452,SB11,12.5,-300000000.0,notional_at_entry,short,-21411.0,short,1260049731.2,0
2019-06-10 00:00:00+00:00,1453,SB11,12.4,-300000000.0,notional_at_entry,short,-21411.0,short,1262447763.2,0
2019-06-11 00:00:00+00:00,1454,SB11,12.83,-300000000.0,notional_at_entry,short,-21411.0,short,1252136225.6,0
2019-06-12 00:00:00+00:00,1455,SB11,12.86,-300000000.0,notional_at_entry,short,-21411.0,short,1251416816.0,0
2019-06-13 00:00:00+00:00,1456,SB11,12.91,-300000000.0,notional_at_entry,short,-21411.0,short,1250217800.0,0
2019-06-14 00:00:00+00:00,1457,SB11,12.92,-300000000.0,notional_at_entry,short,-21411.0,short,1249977996.8,0
2019-06-17 00:00:00+00:00,1458,SB11,12.84,-300000000.0,notional_at_entry,short,-21411.0,short,1251896422.4,0
2019-06-18 00:00:00+00:00,1459,SB11,12.83,-300000000.0,notional_at_entry,short,-21411.0,short,1252136225.6,0
2019-06-19 00:00:00+00:00,1460,SB11,12.74,-300000000.0,notional_at_entry,short,-21411.0,short,1254294454.4,0
2019-06-20 00:00:00+00:00,1461,SB11,12.68,-300000000.0,notional_at_entry,short,-21411.0,short,1255733273.6,0
2019-06-21 00:00:00+00:00,1462,SB11,12.48,-300000000.0,notional_at_entry,short,-21411.0,short,1260529337.6,0
2019-06-24 00:00:00+00:00,1463,SB11,12.47,-300000000.0,notional_at_entry,short,-21411.0,short,1260769140.8,0
2019-06-25 00:00:00+00:00,1464,SB11,12.57,-300000000.0,notional_at_entry,short,-21411.0,short,1258371108.8,0
2019-06-26 00:00:00+00:00,1465,SB11,12.32,-300000000.0,notional_at_entry,short,-21411.0,short,1264366188.8,0
2019-06-27 00:00:00+00:00,1466,SB11,12.78,-300000000.0,notional_at_entry,short,-21411.0,short,1253335241.6,0
2019-06-28 00:00:00+00:00,1467,SB11,12.62,-300000000.0,notional_at_entry,short,-21411.0,short,1257172092.8,0
2019-07-01 00:00:00+00:00,1468,SB11,12.57,-300000000.0,notional_at_entry,short,-21411.0,short,1258371108.8,0
2019-07-02 00:00:00+00:00,1469,SB11,12.35,-300000000.0,notional_at_entry,short,-21411.0,short,1263646779.2,0
2019-07-03 00:00:00+00:00,1470,SB11,12.54,-300000000.0,notional_at_entry,short,-21411.0,short,1259090518.4,0
2019-07-05 00:00:00+00:00,1471,SB11,12.36,-300000000.0,notional_at_entry,short,-21411.0,short,1263406976.0,0
2019-07-08 00:00:00+00:00,1472,SB11,12.45,-300000000.0,notional_at_entry,short,-21411.0,short,1261248747.2,0
2019-07-09 00:00:00+00:00,1473,SB11,12.35,-300000000.0,notional_at_entry,short,-21411.0,short,1263646779.2,0
2019-07-10 00:00:00+00:00,1474,SB11,12.5,-300000000.0,notional_at_entry,short,-21411.0,short,1260049731.2,0
2019-07-11 00:00:00+00:00,1475,SB11,12.38,-300000000.0,notional_at_entry,short,-21411.0,short,1262927369.6,0
2019-07-12 00:00:00+00:00,1476,SB11,12.3,-300000000.0,notional_at_entry,short,-21411.0,short,1264845795.2,0
2019-07-15 00:00:00+00:00,1477,SB11,12.06,-300000000.0,notional_at_entry,short,-21411.0,short,1270601072.0,0
2019-07-16 00:00:00+00:00,1478,SB11,11.99,-300000000.0,notional_at_entry,short,-21411.0,short,1272279694.4,0
2019-07-17 00:00:00+00:00,1479,SB11,11.79,-300000000.0,notional_at_entry,short,-21411.0,short,1277075758.4,0
2019-07-18 00:00:00+00:00,1480,SB11,11.55,-300000000.0,notional_at_entry,short,-21411.0,short,1282831035.2,0
2019-07-19 00:00:00+00:00,1481,SB11,11.59,300000000.0,notional_at_entry,long,23111.0,long,1281871822.4,1
2019-07-22 00:00:00+00:00,1482,SB11,11.56,300000000.0,notional_at_entry,long,23111.0,long,1281095292.8000002,0
2019-07-23 00:00:00+00:00,1483,SB11,11.98,300000000.0,notional_at_entry,long,23111.0,long,1291966707.2,0
2019-07-24 00:00:00+00:00,1484,SB11,12.06,300000000.0,notional_at_entry,long,23111.0,long,1294037452.8000002,0
2019-07-25 00:00:00+00:00,1485,SB11,12.0,300000000.0,notional_at_entry,long,23111.0,long,1292484393.6000001,0
2019-07-26 00:00:00+00:00,1486,SB11,12.02,300000000.0,notional_at_entry,long,23111.0,long,1293002080.0,0
2019-07-29 00:00:00+00:00,1487,SB11,12.07,300000000.0,notional_at_entry,long,23111.0,long,1294296296.0,0
2019-07-30 00:00:00+00:00,1488,SB11,12.15,300000000.0,notional_at_entry,long,23111.0,long,1296367041.6000001,0
2019-07-31 00:00:00+00:00,1489,SB11,12.21,300000000.0,notional_at_entry,long,23111.0,long,1297920100.8000002,0
2019-08-01 00:00:00+00:00,1490,SB11,12.12,300000000.0,notional_at_entry,long,23111.0,long,1295590512.0,0
2019-08-02 00:00:00+00:00,1491,SB11,12.02,300000000.0,notional_at_entry,long,23111.0,long,1293002080.0,0
2019-08-05 00:00:00+00:00,1492,SB11,11.82,300000000.0,notional_at_entry,long,23111.0,long,1287825216.0,0
2019-08-06 00:00:00+00:00,1493,SB11,11.73,300000000.0,notional_at_entry,long,23111.0,long,1285495627.2,0
2019-08-07 00:00:00+00:00,1494,SB11,11.34,300000000.0,notional_at_entry,long,23111.0,long,1275400742.4,0
2019-08-08 00:00:00+00:00,1495,SB11,11.43,300000000.0,notional_at_entry,long,23111.0,long,1277730331.2,0
2019-08-09 00:00:00+00:00,1496,SB11,11.86,300000000.0,notional_at_entry,long,23111.0,long,1288860588.8000002,0
2019-08-12 00:00:00+00:00,1497,SB11,11.56,300000000.0,notional_at_entry,long,23111.0,long,1281095292.8000002,0
2019-08-13 00:00:00+00:00,1498,SB11,11.72,300000000.0,notional_at_entry,long,23111.0,long,1285236784.0,0
2019-08-14 00:00:00+00:00,1499,SB11,11.61,300000000.0,notional_at_entry,long,23111.0,long,1282389508.8000002,0
2019-08-15 00:00:00+00:00,1500,SB11,11.63,300000000.0,notional_at_entry,long,23111.0,long,1282907195.2,0
2019-08-16 00:00:00+00:00,1501,SB11,11.64,300000000.0,notional_at_entry,long,23111.0,long,1283166038.4,0
2019-08-19 00:00:00+00:00,1502,SB11,11.47,300000000.0,notional_at_entry,long,23111.0,long,1278765704.0,0
2019-08-20 00:00:00+00:00,1503,SB11,11.44,300000000.0,notional_at_entry,long,23111.0,long,1277989174.4,0
2019-08-21 00:00:00+00:00,1504,SB11,11.39,300000000.0,notional_at_entry,long,23111.0,long,1276694958.4,0
2019-08-22 00:00:00+00:00,1505,SB11,11.58,300000000.0,notional_at_entry,long,23111.0,long,1281612979.2,0
2019-08-23 00:00:00+00:00,1506,SB11,11.47,300000000.0,notional_at_entry,long,23111.0,long,1278765704.0,0
2019-08-26 00:00:00+00:00,1507,SB11,11.43,300000000.0,notional_at_entry,long,23111.0,long,1277730331.2,0
2019-08-27 00:00:00+00:00,1508,SB11,11.24,300000000.0,notional_at_entry,long,23111.0,long,1272812310.4,0
2019-08-28 00:00:00+00:00,1509,SB11,11.37,300000000.0,notional_at_entry,long,23111.0,long,1276177272.0,0
2019-08-29 00:00:00+00:00,1510,SB11,11.21,300000000.0,notional_at_entry,long,23111.0,long,1272035780.8000002,0
2019-08-30 00:00:00+00:00,1511,SB11,11.14,300000000.0,notional_at_entry,long,23111.0,long,1270223878.4,0
2019-09-03 00:00:00+00:00,1512,SB11,11.19,300000000.0,notional_at_entry,long,23111.0,long,1271518094.4,0
2019-09-04 00:00:00+00:00,1513,SB11,11.01,300000000.0,notional_at_entry,long,23111.0,long,1266858916.8000002,0
2019-09-05 00:00:00+00:00,1514,SB11,10.97,300000000.0,notional_at_entry,long,23111.0,long,1265823544.0,0
2019-09-06 00:00:00+00:00,1515,SB11,11.02,300000000.0,notional_at_entry,long,23111.0,long,1267117760.0,0
2019-09-09 00:00:00+00:00,1516,SB11,10.92,300000000.0,notional_at_entry,long,23111.0,long,1264529328.0,0
2019-09-10 00:00:00+00:00,1517,SB11,10.88,300000000.0,notional_at_entry,long,23111.0,long,1263493955.2,0
2019-09-11 00:00:00+00:00,1518,SB11,10.81,300000000.0,notional_at_entry,long,23111.0,long,1261682052.8000002,0
2019-09-12 00:00:00+00:00,1519,SB11,11.84,300000000.0,notional_at_entry,long,23111.0,long,1288342902.4,0
2019-09-13 00:00:00+00:00,1520,SB11,11.94,300000000.0,notional_at_entry,long,23111.0,long,1290931334.4,0
2019-09-16 00:00:00+00:00,1521,SB11,12.26,300000000.0,notional_at_entry,long,23111.0,long,1299214316.8000002,0
2019-09-17 00:00:00+00:00,1522,SB11,12.1,300000000.0,notional_at_entry,long,23111.0,long,1295072825.6000001,0
2019-09-18 00:00:00+00:00,1523,SB11,12.07,300000000.0,notional_at_entry,long,23111.0,long,1294296296.0,0
2019-09-19 00:00:00+00:00,1524,SB11,12.0,300000000.0,notional_at_entry,long,23111.0,long,1292484393.6000001,0
2019-09-20 00:00:00+00:00,1525,SB11,12.07,300000000.0,notional_at_entry,long,23111.0,long,1294296296.0,0
2019-09-23 00:00:00+00:00,1526,SB11,12.21,300000000.0,notional_at_entry,long,23111.0,long,1297920100.8000002,0
2019-09-24 00:00:00+00:00,1527,SB11,12.41,300000000.0,notional_at_entry,long,23111.0,long,1303096964.8000002,0
2019-09-25 00:00:00+00:00,1528,SB11,12.66,-300000000.0,notional_at_entry,short,-21157.0,short,1309568044.8000002,1
2019-09-26 00:00:00+00:00,1529,SB11,12.62,-300000000.0,notional_at_entry,short,-21157.0,short,1310515878.4,0
2019-09-27 00:00:00+00:00,1530,SB11,12.62,-300000000.0,notional_at_entry,short,-21157.0,short,1310515878.4,0
2019-09-30 00:00:00+00:00,1531,SB11,12.65,-300000000.0,notional_at_entry,short,-21157.0,short,1309805003.2000003,0
2019-10-01 00:00:00+00:00,1532,SB11,12.88,-300000000.0,notional_at_entry,short,-21157.0,short,1304354960.0000002,0
2019-10-02 00:00:00+00:00,1533,SB11,12.89,-300000000.0,notional_at_entry,short,-21157.0,short,1304118001.6000001,0
2019-10-03 00:00:00+00:00,1534,SB11,12.74,-300000000.0,notional_at_entry,short,-21157.0,short,1307672377.6000001,0
2019-10-04 00:00:00+00:00,1535,SB11,12.76,-300000000.0,notional_at_entry,short,-21157.0,short,1307198460.8000002,0
2019-10-07 00:00:00+00:00,1536,SB11,12.52,-300000000.0,notional_at_entry,short,-21157.0,short,1312885462.4,0
2019-10-08 00:00:00+00:00,1537,SB11,12.46,-300000000.0,notional_at_entry,short,-21157.0,short,1314307212.8000002,0
2019-10-09 00:00:00+00:00,1538,SB11,12.41,-300000000.0,notional_at_entry,short,-21157.0,short,1315492004.8000002,0
2019-10-10 00:00:00+00:00,1539,SB11,12.41,-300000000.0,notional_at_entry,short,-21157.0,short,1315492004.8000002,0
2019-10-11 00:00:00+00:00,1540,SB11,12.41,-300000000.0,notional_at_entry,short,-21157.0,short,1315492004.8000002,0
2019-10-14 00:00:00+00:00,1541,SB11,12.52,-300000000.0,notional_at_entry,short,-21157.0,short,1312885462.4,0
2019-10-15 00:00:00+00:00,1542,SB11,12.59,-300000000.0,notional_at_entry,short,-21157.0,short,1311226753.6000001,0
2019-10-16 00:00:00+00:00,1543,SB11,12.35,-300000000.0,notional_at_entry,short,-21157.0,short,1316913755.2000003,0
2019-10-17 00:00:00+00:00,1544,SB11,12.24,-300000000.0,notional_at_entry,short,-21157.0,short,1319520297.6000001,0
2019-10-18 00:00:00+00:00,1545,SB11,12.32,-300000000.0,notional_at_entry,short,-21157.0,short,1317624630.4,0
2019-10-21 00:00:00+00:00,1546,SB11,12.27,-300000000.0,notional_at_entry,short,-21157.0,short,1318809422.4,0
2019-10-22 00:00:00+00:00,1547,SB11,12.18,-300000000.0,notional_at_entry,short,-21157.0,short,1320942048.0000002,0
2019-10-23 00:00:00+00:00,1548,SB11,12.15,-300000000.0,notional_at_entry,short,-21157.0,short,1321652923.2000003,0
2019-10-24 00:00:00+00:00,1549,SB11,12.3,300000000.0,notional_at_entry,long,21777.0,long,1318098547.2000003,1
2019-10-25 00:00:00+00:00,1550,SB11,12.35,300000000.0,notional_at_entry,long,21777.0,long,1319318059.2000003,0
2019-10-28 00:00:00+00:00,1551,SB11,12.54,300000000.0,notional_at_entry,long,21777.0,long,1323952204.8000002,0
2019-10-29 00:00:00+00:00,1552,SB11,12.34,300000000.0,notional_at_entry,long,21777.0,long,1319074156.8000002,0
2019-10-30 00:00:00+00:00,1553,SB11,12.41,300000000.0,notional_at_entry,long,21777.0,long,1320781473.6000004,0
2019-10-31 00:00:00+00:00,1554,SB11,12.48,300000000.0,notional_at_entry,long,21777.0,long,1322488790.4000003,0
2019-11-01 00:00:00+00:00,1555,SB11,12.48,300000000.0,notional_at_entry,long,21777.0,long,1322488790.4000003,0
2019-11-04 00:00:00+00:00,1556,SB11,12.51,300000000.0,notional_at_entry,long,21777.0,long,1323220497.6000004,0
2019-11-05 00:00:00+00:00,1557,SB11,12.71,300000000.0,notional_at_entry,long,21777.0,long,1328098545.6000004,0
2019-11-06 00:00:00+00:00,1558,SB11,12.56,300000000.0,notional_at_entry,long,21777.0,long,1324440009.6000004,0
2019-11-07 00:00:00+00:00,1559,SB11,12.39,300000000.0,notional_at_entry,long,21777.0,long,1320293668.8000002,0
2019-11-08 00:00:00+00:00,1560,SB11,12.57,300000000.0,notional_at_entry,long,21777.0,long,1324683912.0000002,0
2019-11-11 00:00:00+00:00,1561,SB11,12.57,300000000.0,notional_at_entry,long,21777.0,long,1324683912.0000002,0
2019-11-12 00:00:00+00:00,1562,SB11,12.59,300000000.0,notional_at_entry,long,21777.0,long,1325171716.8000002,0
2019-11-13 00:00:00+00:00,1563,SB11,12.85,300000000.0,notional_at_entry,long,21777.0,long,1331513179.2000003,0
2019-11-14 00:00:00+00:00,1564,SB11,12.81,300000000.0,notional_at_entry,long,21777.0,long,1330537569.6000004,0
2019-11-15 00:00:00+00:00,1565,SB11,12.73,300000000.0,notional_at_entry,long,21777.0,long,1328586350.4000003,0
2019-11-18 00:00:00+00:00,1566,SB11,12.76,300000000.0,notional_at_entry,long,21777.0,long,1329318057.6000004,0
2019-11-19 00:00:00+00:00,1567,SB11,12.69,300000000.0,notional_at_entry,long,21777.0,long,1327610740.8000002,0
2019-11-20 00:00:00+00:00,1568,SB11,12.75,300000000.0,notional_at_entry,long,21777.0,long,1329074155.2000003,0
2019-11-21 00:00:00+00:00,1569,SB11,12.61,300000000.0,notional_at_entry,long,21777.0,long,1325659521.6000001,0
2019-11-22 00:00:00+00:00,1570,SB11,12.83,300000000.0,notional_at_entry,long,21777.0,long,1331025374.4000003,0
2019-11-25 00:00:00+00:00,1571,SB11,12.82,300000000.0,notional_at_entry,long,21777.0,long,1330781472.0000002,0
2019-11-26 00:00:00+00:00,1572,SB11,12.78,300000000.0,notional_at_entry,long,21777.0,long,1329805862.4000003,0
2019-11-27 00:00:00+00:00,1573,SB11,12.79,300000000.0,notional_at_entry,long,21777.0,long,1330049764.8000002,0
2019-11-29 00:00:00+00:00,1574,SB11,12.94,300000000.0,notional_at_entry,long,21777.0,long,1333708300.8000002,0
2019-12-02 00:00:00+00:00,1575,SB11,12.75,300000000.0,notional_at_entry,long,21777.0,long,1329074155.2000003,0
2019-12-03 00:00:00+00:00,1576,SB11,12.86,300000000.0,notional_at_entry,long,21777.0,long,1331757081.6000001,0
2019-12-04 00:00:00+00:00,1577,SB11,13.06,300000000.0,notional_at_entry,long,21777.0,long,1336635129.6000004,0
2019-12-05 00:00:00+00:00,1578,SB11,13.08,300000000.0,notional_at_entry,long,21777.0,long,1337122934.4000003,0
2019-12-06 00:00:00+00:00,1579,SB11,13.18,300000000.0,notional_at_entry,long,21777.0,long,1339561958.4000003,0
2019-12-09 00:00:00+00:00,1580,SB11,13.38,300000000.0,notional_at_entry,long,21777.0,long,1344440006.4000003,0
2019-12-10 00:00:00+00:00,1581,SB11,13.46,-300000000.0,notional_at_entry,short,-19900.0,short,1346391225.6000004,1
2019-12-11 00:00:00+00:00,1582,SB11,13.42,-300000000.0,notional_at_entry,short,-19900.0,short,1347282745.6000004,0
2019-12-12 00:00:00+00:00,1583,SB11,13.52,-300000000.0,notional_at_entry,short,-19900.0,short,1345053945.6000004,0
2019-12-13 00:00:00+00:00,1584,SB11,13.5,-300000000.0,notional_at_entry,short,-19900.0,short,1345499705.6000004,0
2019-12-16 00:00:00+00:00,1585,SB11,13.29,-300000000.0,notional_at_entry,short,-19900.0,short,1350180185.6000004,0
2019-12-17 00:00:00+00:00,1586,SB11,13.27,-300000000.0,notional_at_entry,short,-19900.0,short,1350625945.6000004,0
2019-12-18 00:00:00+00:00,1587,SB11,13.43,-300000000.0,notional_at_entry,short,-19900.0,short,1347059865.6000004,0
2019-12-19 00:00:00+00:00,1588,SB11,13.55,-300000000.0,notional_at_entry,short,-19900.0,short,1344385305.6000004,0
2019-12-20 00:00:00+00:00,1589,SB11,13.54,-300000000.0,notional_at_entry,short,-19900.0,short,1344608185.6000004,0
2019-12-23 00:00:00+00:00,1590,SB11,13.45,-300000000.0,notional_at_entry,short,-19900.0,short,1346614105.6000004,0
2019-12-24 00:00:00+00:00,1591,SB11,13.37,-300000000.0,notional_at_entry,short,-19900.0,short,1348397145.6000004,0
2019-12-26 00:00:00+00:00,1592,SB11,13.44,-300000000.0,notional_at_entry,short,-19900.0,short,1346836985.6000004,0
2019-12-27 00:00:00+00:00,1593,SB11,13.54,-300000000.0,notional_at_entry,short,-19900.0,short,1344608185.6000004,0
2019-12-30 00:00:00+00:00,1594,SB11,13.53,-300000000.0,notional_at_entry,short,-19900.0,short,1344831065.6000004,0
2019-12-31 00:00:00+00:00,1595,SB11,13.42,-300000000.0,notional_at_entry,short,-19900.0,short,1347282745.6000004,0
2020-01-02 00:00:00+00:00,1596,SB11,13.13,300000000.0,notional_at_entry,long,20400.0,long,1353746265.6000004,1
2020-01-03 00:00:00+00:00,1597,SB11,13.31,300000000.0,notional_at_entry,long,20400.0,long,1357858905.6000004,0
2020-01-06 00:00:00+00:00,1598,SB11,13.73,300000000.0,notional_at_entry,long,20400.0,long,1367455065.6000004,0
2020-01-07 00:00:00+00:00,1599,SB11,13.59,300000000.0,notional_at_entry,long,20400.0,long,1364256345.6000004,0
2020-01-08 00:00:00+00:00,1600,SB11,13.47,300000000.0,notional_at_entry,long,20400.0,long,1361514585.6000004,0
2020-01-09 00:00:00+00:00,1601,SB11,13.71,300000000.0,notional_at_entry,long,20400.0,long,1366998105.6000004,0
2020-01-10 00:00:00+00:00,1602,SB11,14.07,300000000.0,notional_at_entry,long,20400.0,long,1375223385.6000004,0
2020-01-13 00:00:00+00:00,1603,SB11,14.16,300000000.0,notional_at_entry,long,20400.0,long,1377279705.6000004,0
2020-01-14 00:00:00+00:00,1604,SB11,14.32,300000000.0,notional_at_entry,long,20400.0,long,1380935385.6000004,0
2020-01-15 00:00:00+00:00,1605,SB11,14.52,300000000.0,notional_at_entry,long,20400.0,long,1385504985.6000004,0
2020-01-16 00:00:00+00:00,1606,SB11,14.43,300000000.0,notional_at_entry,long,20400.0,long,1383448665.6000004,0
2020-01-17 00:00:00+00:00,1607,SB11,14.45,300000000.0,notional_at_entry,long,20400.0,long,1383905625.6000004,0
2020-01-21 00:00:00+00:00,1608,SB11,14.55,300000000.0,notional_at_entry,long,20400.0,long,1386190425.6000004,0
2020-01-22 00:00:00+00:00,1609,SB11,14.66,300000000.0,notional_at_entry,long,20400.0,long,1388703705.6000004,0
2020-01-23 00:00:00+00:00,1610,SB11,14.57,300000000.0,notional_at_entry,long,20400.0,long,1386647385.6000004,0
2020-01-24 00:00:00+00:00,1611,SB11,14.39,300000000.0,notional_at_entry,long,20400.0,long,1382534745.6000004,0
2020-01-27 00:00:00+00:00,1612,SB11,14.21,300000000.0,notional_at_entry,long,20400.0,long,1378422105.6000004,0
2020-01-28 00:00:00+00:00,1613,SB11,14.54,300000000.0,notional_at_entry,long,20400.0,long,1385961945.6000004,0
2020-01-29 00:00:00+00:00,1614,SB11,14.49,300000000.0,notional_at_entry,long,20400.0,long,1384819545.6000004,0
2020-01-30 00:00:00+00:00,1615,SB11,14.59,300000000.0,notional_at_entry,long,20400.0,long,1387104345.6000004,0
2020-01-31 00:00:00+00:00,1616,SB11,14.61,300000000.0,notional_at_entry,long,20400.0,long,1387561305.6000004,0
2020-02-03 00:00:00+00:00,1617,SB11,14.89,300000000.0,notional_at_entry,long,20400.0,long,1393958745.6000004,0
2020-02-04 00:00:00+00:00,1618,SB11,14.71,300000000.0,notional_at_entry,long,20400.0,long,1389846105.6000004,0
2020-02-05 00:00:00+00:00,1619,SB11,14.73,300000000.0,notional_at_entry,long,20400.0,long,1390303065.6000004,0
2020-02-06 00:00:00+00:00,1620,SB11,14.74,300000000.0,notional_at_entry,long,20400.0,long,1390531545.6000004,0
2020-02-07 00:00:00+00:00,1621,SB11,14.92,300000000.0,notional_at_entry,long,20400.0,long,1394644185.6000004,0
2020-02-10 00:00:00+00:00,1622,SB11,15.04,300000000.0,notional_at_entry,long,20400.0,long,1397385945.6000004,0
2020-02-11 00:00:00+00:00,1623,SB11,15.41,300000000.0,notional_at_entry,long,20400.0,long,1405839705.6000004,0
2020-02-12 00:00:00+00:00,1624,SB11,15.06,300000000.0,notional_at_entry,long,20400.0,long,1397842905.6000004,0
2020-02-13 00:00:00+00:00,1625,SB11,14.78,300000000.0,notional_at_entry,long,20400.0,long,1391445465.6000004,0
2020-02-14 00:00:00+00:00,1626,SB11,14.55,300000000.0,notional_at_entry,long,20400.0,long,1386190425.6000004,0
2020-02-18 00:00:00+00:00,1627,SB11,14.87,300000000.0,notional_at_entry,long,20400.0,long,1393501785.6000004,0
2020-02-19 00:00:00+00:00,1628,SB11,15.08,300000000.0,notional_at_entry,long,20400.0,long,1398299865.6000004,0
2020-02-20 00:00:00+00:00,1629,SB11,14.94,300000000.0,notional_at_entry,long,20400.0,long,1395101145.6000004,0
2020-02-21 00:00:00+00:00,1630,SB11,15.12,300000000.0,notional_at_entry,long,20400.0,long,1399213785.6000004,0
2020-02-24 00:00:00+00:00,1631,SB11,14.73,300000000.0,notional_at_entry,long,20400.0,long,1390303065.6000004,0
2020-02-25 00:00:00+00:00,1632,SB11,14.74,300000000.0,notional_at_entry,long,20400.0,long,1390531545.6000004,0
2020-02-26 00:00:00+00:00,1633,SB11,14.54,300000000.0,notional_at_entry,long,20400.0,long,1385961945.6000004,0
2020-02-27 00:00:00+00:00,1634,SB11,14.2,300000000.0,notional_at_entry,long,20400.0,long,1378193625.6000004,0
2020-02-28 00:00:00+00:00,1635,SB11,14.14,300000000.0,notional_at_entry,long,20400.0,long,1376822745.6000004,0
2020-03-02 00:00:00+00:00,1636,SB11,13.81,300000000.0,notional_at_entry,long,20400.0,long,1369282905.6000004,0
2020-03-03 00:00:00+00:00,1637,SB11,13.76,300000000.0,notional_at_entry,long,20400.0,long,1368140505.6000004,0
2020-03-04 00:00:00+00:00,1638,SB11,13.47,300000000.0,notional_at_entry,long,20400.0,long,1361514585.6000004,0
2020-03-05 00:00:00+00:00,1639,SB11,13.42,300000000.0,notional_at_entry,long,20400.0,long,1360372185.6000004,0
2020-03-06 00:00:00+00:00,1640,SB11,13.02,300000000.0,notional_at_entry,long,20400.0,long,1351232985.6000004,0
2020-03-09 00:00:00+00:00,1641,SB11,12.61,300000000.0,notional_at_entry,long,20400.0,long,1341865305.6000004,0
2020-03-10 00:00:00+00:00,1642,SB11,12.59,300000000.0,notional_at_entry,long,20400.0,long,1341408345.6000004,0
2020-03-11 00:00:00+00:00,1643,SB11,12.26,300000000.0,notional_at_entry,long,20400.0,long,1333868505.6000004,0
2020-03-12 00:00:00+00:00,1644,SB11,11.62,300000000.0,notional_at_entry,long,20400.0,long,1319245785.6000004,0
2020-03-13 00:00:00+00:00,1645,SB11,11.7,300000000.0,notional_at_entry,long,20400.0,long,1321073625.6000004,0
2020-03-16 00:00:00+00:00,1646,SB11,11.09,300000000.0,notional_at_entry,long,20400.0,long,1307136345.6000004,0
2020-03-17 00:00:00+00:00,1647,SB11,10.89,300000000.0,notional_at_entry,long,20400.0,long,1302566745.6000004,0
2020-03-18 00:00:00+00:00,1648,SB11,10.67,300000000.0,notional_at_entry,long,20400.0,long,1297540185.6000004,0
2020-03-19 00:00:00+00:00,1649,SB11,10.59,300000000.0,notional_at_entry,long,20400.0,long,1295712345.6000004,0
2020-03-20 00:00:00+00:00,1650,SB11,10.91,300000000.0,notional_at_entry,long,20400.0,long,1303023705.6000004,0
2020-03-23 00:00:00+00:00,1651,SB11,11.04,300000000.0,notional_at_entry,long,20400.0,long,1305993945.6000004,0
2020-03-24 00:00:00+00:00,1652,SB11,11.27,300000000.0,notional_at_entry,long,20400.0,long,1311248985.6000004,0
2020-03-25 00:00:00+00:00,1653,SB11,11.41,300000000.0,notional_at_entry,long,20400.0,long,1314447705.6000004,0
2020-03-26 00:00:00+00:00,1654,SB11,11.33,300000000.0,notional_at_entry,long,20400.0,long,1312619865.6000004,0
2020-03-27 00:00:00+00:00,1655,SB11,11.1,300000000.0,notional_at_entry,long,20400.0,long,1307364825.6000004,0
2020-03-30 00:00:00+00:00,1656,SB11,10.73,300000000.0,notional_at_entry,long,20400.0,long,1298911065.6000004,0
2020-03-31 00:00:00+00:00,1657,SB11,10.42,300000000.0,notional_at_entry,long,20400.0,long,1291828185.6000004,0
2020-04-01 00:00:00+00:00,1658,SB11,10.04,300000000.0,notional_at_entry,long,20400.0,long,1283145945.6000004,0
2020-04-02 00:00:00+00:00,1659,SB11,10.29,300000000.0,notional_at_entry,long,20400.0,long,1288857945.6000004,0
2020-04-03 00:00:00+00:00,1660,SB11,10.31,300000000.0,notional_at_entry,long,20400.0,long,1289314905.6000004,0
2020-04-06 00:00:00+00:00,1661,SB11,10.45,300000000.0,notional_at_entry,long,20400.0,long,1292513625.6000004,0
2020-04-07 00:00:00+00:00,1662,SB11,10.38,300000000.0,notional_at_entry,long,20400.0,long,1290914265.6000004,0
2020-04-08 00:00:00+00:00,1663,SB11,10.37,300000000.0,notional_at_entry,long,20400.0,long,1290685785.6000004,0
2020-04-09 00:00:00+00:00,1664,SB11,10.43,300000000.0,notional_at_entry,long,20400.0,long,1292056665.6000004,0
2020-04-13 00:00:00+00:00,1665,SB11,10.17,300000000.0,notional_at_entry,long,20400.0,long,1286116185.6000004,0
2020-04-14 00:00:00+00:00,1666,SB11,10.25,300000000.0,notional_at_entry,long,20400.0,long,1287944025.6000004,0
2020-04-15 00:00:00+00:00,1667,SB11,10.28,300000000.0,notional_at_entry,long,20400.0,long,1288629465.6000004,0
2020-04-16 00:00:00+00:00,1668,SB11,10.33,300000000.0,notional_at_entry,long,20400.0,long,1289771865.6000004,0
2020-04-17 00:00:00+00:00,1669,SB11,10.53,300000000.0,notional_at_entry,long,20400.0,long,1294341465.6000004,0
2020-04-20 00:00:00+00:00,1670,SB11,10.26,300000000.0,notional_at_entry,long,20400.0,long,1288172505.6000004,0
2020-04-21 00:00:00+00:00,1671,SB11,10.01,300000000.0,notional_at_entry,long,20400.0,long,1282460505.6000004,0
2020-04-22 00:00:00+00:00,1672,SB11,10.01,300000000.0,notional_at_entry,long,20400.0,long,1282460505.6000004,0
2020-04-23 00:00:00+00:00,1673,SB11,10.01,300000000.0,notional_at_entry,long,20400.0,long,1282460505.6000004,0
2020-04-24 00:00:00+00:00,1674,SB11,9.81,300000000.0,notional_at_entry,long,20400.0,long,1277890905.6000004,0
2020-04-27 00:00:00+00:00,1675,SB11,9.38,300000000.0,notional_at_entry,long,20400.0,long,1268066265.6000004,0
2020-04-28 00:00:00+00:00,1676,SB11,9.52,300000000.0,notional_at_entry,long,20400.0,long,1271264985.6000004,0
2020-04-29 00:00:00+00:00,1677,SB11,9.92,300000000.0,notional_at_entry,long,20400.0,long,1280404185.6000004,0
2020-04-30 00:00:00+00:00,1678,SB11,10.37,300000000.0,notional_at_entry,long,20400.0,long,1290685785.6000004,0
2020-05-01 00:00:00+00:00,1679,SB11,10.97,300000000.0,notional_at_entry,long,20400.0,long,1304394585.6000004,0
2020-05-04 00:00:00+00:00,1680,SB11,10.4,300000000.0,notional_at_entry,long,20400.0,long,1291371225.6000004,0
2020-05-05 00:00:00+00:00,1681,SB11,10.78,300000000.0,notional_at_entry,long,20400.0,long,1300053465.6000004,0
2020-05-06 00:00:00+00:00,1682,SB11,10.27,300000000.0,notional_at_entry,long,20400.0,long,1288400985.6000004,0
2020-05-07 00:00:00+00:00,1683,SB11,10.33,300000000.0,notional_at_entry,long,20400.0,long,1289771865.6000004,0
2020-05-08 00:00:00+00:00,1684,SB11,10.29,300000000.0,notional_at_entry,long,20400.0,long,1288857945.6000004,0
2020-05-11 00:00:00+00:00,1685,SB11,10.12,300000000.0,notional_at_entry,long,20400.0,long,1284973785.6000004,0
2020-05-12 00:00:00+00:00,1686,SB11,10.25,300000000.0,notional_at_entry,long,20400.0,long,1287944025.6000004,0
2020-05-13 00:00:00+00:00,1687,SB11,10.26,300000000.0,notional_at_entry,long,20400.0,long,1288172505.6000004,0
2020-05-14 00:00:00+00:00,1688,SB11,10.46,300000000.0,notional_at_entry,long,20400.0,long,1292742105.6000004,0
2020-05-15 00:00:00+00:00,1689,SB11,10.38,300000000.0,notional_at_entry,long,20400.0,long,1290914265.6000004,0
2020-05-18 00:00:00+00:00,1690,SB11,10.8,300000000.0,notional_at_entry,long,20400.0,long,1300510425.6000004,0
2020-05-19 00:00:00+00:00,1691,SB11,10.85,300000000.0,notional_at_entry,long,20400.0,long,1301652825.6000004,0
2020-05-20 00:00:00+00:00,1692,SB11,11.19,300000000.0,notional_at_entry,long,20400.0,long,1309421145.6000004,0
2020-05-21 00:00:00+00:00,1693,SB11,10.98,300000000.0,notional_at_entry,long,20400.0,long,1304623065.6000004,0
2020-05-22 00:00:00+00:00,1694,SB11,10.93,300000000.0,notional_at_entry,long,20400.0,long,1303480665.6000004,0
2020-05-26 00:00:00+00:00,1695,SB11,11.05,300000000.0,notional_at_entry,long,20400.0,long,1306222425.6000004,0
2020-05-27 00:00:00+00:00,1696,SB11,10.8,300000000.0,notional_at_entry,long,20400.0,long,1300510425.6000004,0
2020-05-28 00:00:00+00:00,1697,SB11,10.8,300000000.0,notional_at_entry,long,20400.0,long,1300510425.6000004,0
2020-05-29 00:00:00+00:00,1698,SB11,10.91,300000000.0,notional_at_entry,long,20400.0,long,1303023705.6000004,0
2020-06-01 00:00:00+00:00,1699,SB11,11.0,300000000.0,notional_at_entry,long,20400.0,long,1305080025.6000004,0
2020-06-02 00:00:00+00:00,1700,SB11,11.22,300000000.0,notional_at_entry,long,20400.0,long,1310106585.6000004,0
2020-06-03 00:00:00+00:00,1701,SB11,11.62,300000000.0,notional_at_entry,long,20400.0,long,1319245785.6000004,0
2020-06-04 00:00:00+00:00,1702,SB11,11.73,300000000.0,notional_at_entry,long,20400.0,long,1321759065.6000004,0
2020-06-05 00:00:00+00:00,1703,SB11,12.02,300000000.0,notional_at_entry,long,20400.0,long,1328384985.6000004,0
2020-06-08 00:00:00+00:00,1704,SB11,11.94,300000000.0,notional_at_entry,long,20400.0,long,1326557145.6000004,0
2020-06-09 00:00:00+00:00,1705,SB11,12.0,300000000.0,notional_at_entry,long,20400.0,long,1327928025.6000004,0
2020-06-10 00:00:00+00:00,1706,SB11,12.23,300000000.0,notional_at_entry,long,20400.0,long,1333183065.6000004,0
2020-06-11 00:00:00+00:00,1707,SB11,12.1,300000000.0,notional_at_entry,long,20400.0,long,1330212825.6000004,0
2020-06-12 00:00:00+00:00,1708,SB11,12.04,300000000.0,notional_at_entry,long,20400.0,long,1328841945.6000004,0
2020-06-15 00:00:00+00:00,1709,SB11,12.13,300000000.0,notional_at_entry,long,20400.0,long,1330898265.6000004,0
2020-06-16 00:00:00+00:00,1710,SB11,12.28,-300000000.0,notional_at_entry,short,-21812.0,short,1334325465.6000004,1
2020-06-17 00:00:00+00:00,1711,SB11,12.26,-300000000.0,notional_at_entry,short,-21812.0,short,1334814054.4000003,0
2020-06-18 00:00:00+00:00,1712,SB11,12.04,-300000000.0,notional_at_entry,short,-21812.0,short,1340188531.2000003,0
2020-06-19 00:00:00+00:00,1713,SB11,12.18,-300000000.0,notional_at_entry,short,-21812.0,short,1336768409.6000004,0
2020-06-22 00:00:00+00:00,1714,SB11,12.06,-300000000.0,notional_at_entry,short,-21812.0,short,1339699942.4000003,0
2020-06-23 00:00:00+00:00,1715,SB11,11.92,-300000000.0,notional_at_entry,short,-21812.0,short,1343120064.0000005,0
2020-06-24 00:00:00+00:00,1716,SB11,11.84,-300000000.0,notional_at_entry,short,-21812.0,short,1345074419.2000003,0
2020-06-25 00:00:00+00:00,1717,SB11,11.92,-300000000.0,notional_at_entry,short,-21812.0,short,1343120064.0000005,0
2020-06-26 00:00:00+00:00,1718,SB11,11.62,-300000000.0,notional_at_entry,short,-21812.0,short,1350448896.0000005,0
2020-06-29 00:00:00+00:00,1719,SB11,11.77,-300000000.0,notional_at_entry,short,-21812.0,short,1346784480.0000005,0
2020-06-30 00:00:00+00:00,1720,SB11,11.96,-300000000.0,notional_at_entry,short,-21812.0,short,1342142886.4000003,0
2020-07-01 00:00:00+00:00,1721,SB11,12.17,-300000000.0,notional_at_entry,short,-21812.0,short,1337012704.0000005,0
2020-07-02 00:00:00+00:00,1722,SB11,12.24,-300000000.0,notional_at_entry,short,-21812.0,short,1335302643.2000003,0
2020-07-06 00:00:00+00:00,1723,SB11,11.93,-300000000.0,notional_at_entry,short,-21812.0,short,1342875769.6000004,0
2020-07-07 00:00:00+00:00,1724,SB11,12.18,-300000000.0,notional_at_entry,short,-21812.0,short,1336768409.6000004,0
2020-07-08 00:00:00+00:00,1725,SB11,12.08,-300000000.0,notional_at_entry,short,-21812.0,short,1339211353.6000004,0
2020-07-09 00:00:00+00:00,1726,SB11,11.84,-300000000.0,notional_at_entry,short,-21812.0,short,1345074419.2000003,0
2020-07-10 00:00:00+00:00,1727,SB11,11.76,-300000000.0,notional_at_entry,short,-21812.0,short,1347028774.4000003,0
2020-07-13 00:00:00+00:00,1728,SB11,11.58,-300000000.0,notional_at_entry,short,-21812.0,short,1351426073.6000004,0
2020-07-14 00:00:00+00:00,1729,SB11,11.32,-300000000.0,notional_at_entry,short,-21812.0,short,1357777728.0000005,0
2020-07-15 00:00:00+00:00,1730,SB11,11.82,-300000000.0,notional_at_entry,short,-21812.0,short,1345563008.0000005,0
2020-07-16 00:00:00+00:00,1731,SB11,11.79,-300000000.0,notional_at_entry,short,-21812.0,short,1346295891.2000003,0
2020-07-17 00:00:00+00:00,1732,SB11,11.73,-300000000.0,notional_at_entry,short,-21812.0,short,1347761657.6000004,0
2020-07-20 00:00:00+00:00,1733,SB11,11.72,-300000000.0,notional_at_entry,short,-21812.0,short,1348005952.0000002,0
2020-07-21 00:00:00+00:00,1734,SB11,11.67,-300000000.0,notional_at_entry,short,-21812.0,short,1349227424.0000005,0
2020-07-22 00:00:00+00:00,1735,SB11,11.86,-300000000.0,notional_at_entry,short,-21812.0,short,1344585830.4000003,0
2020-07-23 00:00:00+00:00,1736,SB11,11.77,-300000000.0,notional_at_entry,short,-21812.0,short,1346784480.0000005,0
2020-07-24 00:00:00+00:00,1737,SB11,11.49,-300000000.0,notional_at_entry,short,-21812.0,short,1353624723.2000003,0
2020-07-27 00:00:00+00:00,1738,SB11,12.12,300000000.0,notional_at_entry,long,22100.0,long,1338234176.0000005,1
2020-07-28 00:00:00+00:00,1739,SB11,12.01,300000000.0,notional_at_entry,long,22100.0,long,1335511456.0000005,0
2020-07-29 00:00:00+00:00,1740,SB11,12.01,300000000.0,notional_at_entry,long,22100.0,long,1335511456.0000005,0
2020-07-30 00:00:00+00:00,1741,SB11,12.11,300000000.0,notional_at_entry,long,22100.0,long,1337986656.0000005,0
2020-07-31 00:00:00+00:00,1742,SB11,12.64,300000000.0,notional_at_entry,long,22100.0,long,1351105216.0000005,0
2020-08-03 00:00:00+00:00,1743,SB11,12.72,300000000.0,notional_at_entry,long,22100.0,long,1353085376.0000005,0
2020-08-04 00:00:00+00:00,1744,SB11,12.78,300000000.0,notional_at_entry,long,22100.0,long,1354570496.0000005,0
2020-08-05 00:00:00+00:00,1745,SB11,12.54,300000000.0,notional_at_entry,long,22100.0,long,1348630016.0000005,0
2020-08-06 00:00:00+00:00,1746,SB11,12.94,300000000.0,notional_at_entry,long,22100.0,long,1358530816.0000005,0
2020-08-07 00:00:00+00:00,1747,SB11,12.67,300000000.0,notional_at_entry,long,22100.0,long,1351847776.0000005,0
2020-08-10 00:00:00+00:00,1748,SB11,12.55,300000000.0,notional_at_entry,long,22100.0,long,1348877536.0000005,0
2020-08-11 00:00:00+00:00,1749,SB11,12.74,300000000.0,notional_at_entry,long,22100.0,long,1353580416.0000005,0
2020-08-12 00:00:00+00:00,1750,SB11,12.84,300000000.0,notional_at_entry,long,22100.0,long,1356055616.0000005,0
2020-08-13 00:00:00+00:00,1751,SB11,13.11,300000000.0,notional_at_entry,long,22100.0,long,1362738656.0000005,0
2020-08-14 00:00:00+00:00,1752,SB11,13.1,300000000.0,notional_at_entry,long,22100.0,long,1362491136.0000005,0
2020-08-17 00:00:00+00:00,1753,SB11,13.06,300000000.0,notional_at_entry,long,22100.0,long,1361501056.0000005,0
2020-08-18 00:00:00+00:00,1754,SB11,12.89,300000000.0,notional_at_entry,long,22100.0,long,1357293216.0000005,0
2020-08-19 00:00:00+00:00,1755,SB11,13.24,300000000.0,notional_at_entry,long,22100.0,long,1365956416.0000005,0
2020-08-20 00:00:00+00:00,1756,SB11,13.01,300000000.0,notional_at_entry,long,22100.0,long,1360263456.0000005,0
2020-08-21 00:00:00+00:00,1757,SB11,12.83,300000000.0,notional_at_entry,long,22100.0,long,1355808096.0000005,0
2020-08-24 00:00:00+00:00,1758,SB11,12.71,300000000.0,notional_at_entry,long,22100.0,long,1352837856.0000005,0
2020-08-25 00:00:00+00:00,1759,SB11,12.76,300000000.0,notional_at_entry,long,22100.0,long,1354075456.0000005,0
2020-08-26 00:00:00+00:00,1760,SB11,12.58,300000000.0,notional_at_entry,long,22100.0,long,1349620096.0000005,0
2020-08-27 00:00:00+00:00,1761,SB11,12.77,300000000.0,notional_at_entry,long,22100.0,long,1354322976.0000005,0
2020-08-28 00:00:00+00:00,1762,SB11,12.6,300000000.0,notional_at_entry,long,22100.0,long,1350115136.0000005,0
2020-08-31 00:00:00+00:00,1763,SB11,12.66,300000000.0,notional_at_entry,long,22100.0,long,1351600256.0000005,0
2020-09-01 00:00:00+00:00,1764,SB11,12.6,300000000.0,notional_at_entry,long,22100.0,long,1350115136.0000005,0
2020-09-02 00:00:00+00:00,1765,SB11,12.44,300000000.0,notional_at_entry,long,22100.0,long,1346154816.0000005,0
2020-09-03 00:00:00+00:00,1766,SB11,12.07,300000000.0,notional_at_entry,long,22100.0,long,1336996576.0000005,0
2020-09-04 00:00:00+00:00,1767,SB11,11.93,300000000.0,notional_at_entry,long,22100.0,long,1333531296.0000005,0
2020-09-08 00:00:00+00:00,1768,SB11,12.04,300000000.0,notional_at_entry,long,22100.0,long,1336254016.0000005,0
2020-09-09 00:00:00+00:00,1769,SB11,12.03,300000000.0,notional_at_entry,long,22100.0,long,1336006496.0000005,0
2020-09-10 00:00:00+00:00,1770,SB11,11.91,300000000.0,notional_at_entry,long,22100.0,long,1333036256.0000005,0
2020-09-11 00:00:00+00:00,1771,SB11,11.92,300000000.0,notional_at_entry,long,22100.0,long,1333283776.0000005,0
2020-09-14 00:00:00+00:00,1772,SB11,11.76,300000000.0,notional_at_entry,long,22100.0,long,1329323456.0000005,0
2020-09-15 00:00:00+00:00,1773,SB11,12.71,300000000.0,notional_at_entry,long,22100.0,long,1352837856.0000005,0
2020-09-16 00:00:00+00:00,1774,SB11,12.92,300000000.0,notional_at_entry,long,22100.0,long,1358035776.0000005,0
2020-09-17 00:00:00+00:00,1775,SB11,13.23,300000000.0,notional_at_entry,long,22100.0,long,1365708896.0000005,0
2020-09-18 00:00:00+00:00,1776,SB11,13.38,300000000.0,notional_at_entry,long,22100.0,long,1369421696.0000005,0
2020-09-21 00:00:00+00:00,1777,SB11,13.13,300000000.0,notional_at_entry,long,22100.0,long,1363233696.0000005,0
2020-09-22 00:00:00+00:00,1778,SB11,13.41,300000000.0,notional_at_entry,long,22100.0,long,1370164256.0000005,0
2020-09-23 00:00:00+00:00,1779,SB11,13.33,300000000.0,notional_at_entry,long,22100.0,long,1368184096.0000005,0
2020-09-24 00:00:00+00:00,1780,SB11,13.37,300000000.0,notional_at_entry,long,22100.0,long,1369174176.0000005,0
2020-09-25 00:00:00+00:00,1781,SB11,13.51,300000000.0,notional_at_entry,long,22100.0,long,1372639456.0000005,0
2020-09-28 00:00:00+00:00,1782,SB11,13.05,300000000.0,notional_at_entry,long,22100.0,long,1361253536.0000005,0
2020-09-29 00:00:00+00:00,1783,SB11,13.42,300000000.0,notional_at_entry,long,22100.0,long,1370411776.0000005,0
2020-09-30 00:00:00+00:00,1784,SB11,13.51,300000000.0,notional_at_entry,long,22100.0,long,1372639456.0000005,0
2020-10-01 00:00:00+00:00,1785,SB11,13.58,300000000.0,notional_at_entry,long,22100.0,long,1374372096.0000005,0
2020-10-02 00:00:00+00:00,1786,SB11,13.55,300000000.0,notional_at_entry,long,22100.0,long,1373629536.0000005,0
2020-10-05 00:00:00+00:00,1787,SB11,13.61,300000000.0,notional_at_entry,long,22100.0,long,1375114656.0000005,0
2020-10-06 00:00:00+00:00,1788,SB11,13.88,300000000.0,notional_at_entry,long,22100.0,long,1381797696.0000005,0
2020-10-07 00:00:00+00:00,1789,SB11,14.14,300000000.0,notional_at_entry,long,22100.0,long,1388233216.0000005,0
2020-10-08 00:00:00+00:00,1790,SB11,14.17,300000000.0,notional_at_entry,long,22100.0,long,1388975776.0000005,0
2020-10-09 00:00:00+00:00,1791,SB11,14.23,300000000.0,notional_at_entry,long,22100.0,long,1390460896.0000005,0
2020-10-12 00:00:00+00:00,1792,SB11,13.84,300000000.0,notional_at_entry,long,22100.0,long,1380807616.0000005,0
2020-10-13 00:00:00+00:00,1793,SB11,14.01,300000000.0,notional_at_entry,long,22100.0,long,1385015456.0000005,0
2020-10-14 00:00:00+00:00,1794,SB11,14.2,300000000.0,notional_at_entry,long,22100.0,long,1389718336.0000005,0
2020-10-15 00:00:00+00:00,1795,SB11,14.18,300000000.0,notional_at_entry,long,22100.0,long,1389223296.0000005,0
2020-10-16 00:00:00+00:00,1796,SB11,14.43,300000000.0,notional_at_entry,long,22100.0,long,1395411296.0000005,0
2020-10-19 00:00:00+00:00,1797,SB11,14.72,300000000.0,notional_at_entry,long,22100.0,long,1402589376.0000005,0
2020-10-20 00:00:00+00:00,1798,SB11,14.54,300000000.0,notional_at_entry,long,22100.0,long,1398134016.0000005,0
2020-10-21 00:00:00+00:00,1799,SB11,14.5,300000000.0,notional_at_entry,long,22100.0,long,1397143936.0000005,0
2020-10-22 00:00:00+00:00,1800,SB11,14.78,300000000.0,notional_at_entry,long,22100.0,long,1404074496.0000005,0
2020-10-23 00:00:00+00:00,1801,SB11,14.72,300000000.0,notional_at_entry,long,22100.0,long,1402589376.0000005,0
2020-10-26 00:00:00+00:00,1802,SB11,14.77,300000000.0,notional_at_entry,long,22100.0,long,1403826976.0000005,0
2020-10-27 00:00:00+00:00,1803,SB11,14.83,300000000.0,notional_at_entry,long,22100.0,long,1405312096.0000005,0
2020-10-28 00:00:00+00:00,1804,SB11,14.89,300000000.0,notional_at_entry,long,22100.0,long,1406797216.0000005,0
2020-10-29 00:00:00+00:00,1805,SB11,14.4,300000000.0,notional_at_entry,long,22100.0,long,1394668736.0000005,0
2020-10-30 00:00:00+00:00,1806,SB11,14.36,300000000.0,notional_at_entry,long,22100.0,long,1393678656.0000005,0
2020-11-02 00:00:00+00:00,1807,SB11,14.97,-300000000.0,notional_at_entry,short,-17892.0,short,1408777376.0000005,1
2020-11-03 00:00:00+00:00,1808,SB11,14.72,-300000000.0,notional_at_entry,short,-17892.0,short,1413787136.0000005,0
2020-11-04 00:00:00+00:00,1809,SB11,14.65,-300000000.0,notional_at_entry,short,-17892.0,short,1415189868.8000004,0
2020-11-05 00:00:00+00:00,1810,SB11,14.48,-300000000.0,notional_at_entry,short,-17892.0,short,1418596505.6000004,0
2020-11-06 00:00:00+00:00,1811,SB11,14.91,-300000000.0,notional_at_entry,short,-17892.0,short,1409979718.4000006,0
2020-11-09 00:00:00+00:00,1812,SB11,14.88,-300000000.0,notional_at_entry,short,-17892.0,short,1410580889.6000004,0
2020-11-10 00:00:00+00:00,1813,SB11,14.68,-300000000.0,notional_at_entry,short,-17892.0,short,1414588697.6000004,0
2020-11-11 00:00:00+00:00,1814,SB11,14.49,-300000000.0,notional_at_entry,short,-17892.0,short,1418396115.2000005,0
2020-11-12 00:00:00+00:00,1815,SB11,14.92,-300000000.0,notional_at_entry,short,-17892.0,short,1409779328.0000005,0
2020-11-13 00:00:00+00:00,1816,SB11,14.96,-300000000.0,notional_at_entry,short,-17892.0,short,1408977766.4000006,0
2020-11-16 00:00:00+00:00,1817,SB11,15.47,-300000000.0,notional_at_entry,short,-17892.0,short,1398757856.0000005,0
2020-11-17 00:00:00+00:00,1818,SB11,15.31,-300000000.0,notional_at_entry,short,-17892.0,short,1401964102.4000006,0
2020-11-18 00:00:00+00:00,1819,SB11,15.45,-300000000.0,notional_at_entry,short,-17892.0,short,1399158636.8000004,0
2020-11-19 00:00:00+00:00,1820,SB11,15.28,-300000000.0,notional_at_entry,short,-17892.0,short,1402565273.6000006,0
2020-11-20 00:00:00+00:00,1821,SB11,15.21,-300000000.0,notional_at_entry,short,-17892.0,short,1403968006.4000006,0
2020-11-23 00:00:00+00:00,1822,SB11,15.15,-300000000.0,notional_at_entry,short,-17892.0,short,1405170348.8000004,0
2020-11-24 00:00:00+00:00,1823,SB11,15.04,-300000000.0,notional_at_entry,short,-17892.0,short,1407374643.2000005,0
2020-11-25 00:00:00+00:00,1824,SB11,14.77,-300000000.0,notional_at_entry,short,-17892.0,short,1412785184.0000005,0
2020-11-27 00:00:00+00:00,1825,SB11,14.82,-300000000.0,notional_at_entry,short,-17892.0,short,1411783232.0000005,0
2020-11-30 00:00:00+00:00,1826,SB11,14.51,-300000000.0,notional_at_entry,short,-17892.0,short,1417995334.4000006,0
2020-12-01 00:00:00+00:00,1827,SB11,14.51,-300000000.0,notional_at_entry,short,-17892.0,short,1417995334.4000006,0
2020-12-02 00:00:00+00:00,1828,SB11,14.6,-300000000.0,notional_at_entry,short,-17892.0,short,1416191820.8000004,0
2020-12-03 00:00:00+00:00,1829,SB11,14.71,-300000000.0,notional_at_entry,short,-17892.0,short,1413987526.4000006,0
2020-12-04 00:00:00+00:00,1830,SB11,14.44,-300000000.0,notional_at_entry,short,-17892.0,short,1419398067.2000005,0
2020-12-07 00:00:00+00:00,1831,SB11,14.45,-300000000.0,notional_at_entry,short,-17892.0,short,1419197676.8000004,0
2020-12-08 00:00:00+00:00,1832,SB11,14.39,-300000000.0,notional_at_entry,short,-17892.0,short,1420400019.2000005,0
2020-12-09 00:00:00+00:00,1833,SB11,14.97,-300000000.0,notional_at_entry,short,-17892.0,short,1408777376.0000005,0
2020-12-10 00:00:00+00:00,1834,SB11,14.66,-300000000.0,notional_at_entry,short,-17892.0,short,1414989478.4000006,0
2020-12-11 00:00:00+00:00,1835,SB11,14.43,-300000000.0,notional_at_entry,short,-17892.0,short,1419598457.6000004,0
2020-12-14 00:00:00+00:00,1836,SB11,14.12,-300000000.0,notional_at_entry,short,-17892.0,short,1425810560.0000005,0
2020-12-15 00:00:00+00:00,1837,SB11,14.21,-300000000.0,notional_at_entry,short,-17892.0,short,1424007046.4000006,0
2020-12-16 00:00:00+00:00,1838,SB11,14.49,-300000000.0,notional_at_entry,short,-17892.0,short,1418396115.2000005,0
2020-12-17 00:00:00+00:00,1839,SB11,14.68,-300000000.0,notional_at_entry,short,-17892.0,short,1414588697.6000004,0
2020-12-18 00:00:00+00:00,1840,SB11,14.44,-300000000.0,notional_at_entry,short,-17892.0,short,1419398067.2000005,0
2020-12-21 00:00:00+00:00,1841,SB11,14.53,-300000000.0,notional_at_entry,short,-17892.0,short,1417594553.6000006,0
2020-12-22 00:00:00+00:00,1842,SB11,14.54,-300000000.0,notional_at_entry,short,-17892.0,short,1417394163.2000005,0
2020-12-23 00:00:00+00:00,1843,SB11,14.83,300000000.0,notional_at_entry,long,18061.0,long,1411582841.6000004,1
2020-12-24 00:00:00+00:00,1844,SB11,14.9,300000000.0,notional_at_entry,long,18061.0,long,1412998824.0000005,0
2020-12-28 00:00:00+00:00,1845,SB11,14.98,300000000.0,notional_at_entry,long,18061.0,long,1414617089.6000004,0
2020-12-29 00:00:00+00:00,1846,SB11,15.04,300000000.0,notional_at_entry,long,18061.0,long,1415830788.8000004,0
2020-12-30 00:00:00+00:00,1847,SB11,15.28,300000000.0,notional_at_entry,long,18061.0,long,1420685585.6000004,0
2020-12-31 00:00:00+00:00,1848,SB11,15.49,300000000.0,notional_at_entry,long,18061.0,long,1424933532.8000004,0
2021-01-04 00:00:00+00:00,1849,SB11,15.76,300000000.0,notional_at_entry,long,18061.0,long,1430395179.2000003,0
2021-01-05 00:00:00+00:00,1850,SB11,16.12,300000000.0,notional_at_entry,long,18061.0,long,1437677374.4000003,0
2021-01-06 00:00:00+00:00,1851,SB11,16.25,300000000.0,notional_at_entry,long,18061.0,long,1440307056.0000005,0
2021-01-07 00:00:00+00:00,1852,SB11,15.6,300000000.0,notional_at_entry,long,18061.0,long,1427158648.0000005,0
2021-01-08 00:00:00+00:00,1853,SB11,15.6,300000000.0,notional_at_entry,long,18061.0,long,1427158648.0000005,0
2021-01-11 00:00:00+00:00,1854,SB11,15.67,300000000.0,notional_at_entry,long,18061.0,long,1428574630.4000003,0
2021-01-12 00:00:00+00:00,1855,SB11,15.46,300000000.0,notional_at_entry,long,18061.0,long,1424326683.2000003,0
2021-01-13 00:00:00+00:00,1856,SB11,15.84,300000000.0,notional_at_entry,long,18061.0,long,1432013444.8000004,0
2021-01-14 00:00:00+00:00,1857,SB11,16.67,300000000.0,notional_at_entry,long,18061.0,long,1448802950.4000003,0
2021-01-15 00:00:00+00:00,1858,SB11,16.45,300000000.0,notional_at_entry,long,18061.0,long,1444352720.0000005,0
2021-01-19 00:00:00+00:00,1859,SB11,16.1,300000000.0,notional_at_entry,long,18061.0,long,1437272808.0000005,0
2021-01-20 00:00:00+00:00,1860,SB11,16.27,300000000.0,notional_at_entry,long,18061.0,long,1440711622.4000003,0
2021-01-21 00:00:00+00:00,1861,SB11,16.05,300000000.0,notional_at_entry,long,18061.0,long,1436261392.0000005,0
2021-01-22 00:00:00+00:00,1862,SB11,15.87,300000000.0,notional_at_entry,long,18061.0,long,1432620294.4000003,0
2021-01-25 00:00:00+00:00,1863,SB11,15.74,300000000.0,notional_at_entry,long,18061.0,long,1429990612.8000004,0
2021-01-26 00:00:00+00:00,1864,SB11,15.74,300000000.0,notional_at_entry,long,18061.0,long,1429990612.8000004,0
2021-01-27 00:00:00+00:00,1865,SB11,15.8,300000000.0,notional_at_entry,long,18061.0,long,1431204312.0000005,0
2021-01-28 00:00:00+00:00,1866,SB11,15.59,300000000.0,notional_at_entry,long,18061.0,long,1426956364.8000004,0
2021-01-29 00:00:00+00:00,1867,SB11,15.83,300000000.0,notional_at_entry,long,18061.0,long,1431811161.6000004,0
2021-02-01 00:00:00+00:00,1868,SB11,16.15,300000000.0,notional_at_entry,long,18061.0,long,1438284224.0000002,0
2021-02-02 00:00:00+00:00,1869,SB11,16.29,300000000.0,notional_at_entry,long,18061.0,long,1441116188.8000004,0
2021-02-03 00:00:00+00:00,1870,SB11,16.04,300000000.0,notional_at_entry,long,18061.0,long,1436059108.8000004,0
2021-02-04 00:00:00+00:00,1871,SB11,16.05,300000000.0,notional_at_entry,long,18061.0,long,1436261392.0000005,0
2021-02-05 00:00:00+00:00,1872,SB11,16.42,300000000.0,notional_at_entry,long,18061.0,long,1443745870.4000003,0
2021-02-08 00:00:00+00:00,1873,SB11,16.27,300000000.0,notional_at_entry,long,18061.0,long,1440711622.4000003,0
2021-02-09 00:00:00+00:00,1874,SB11,16.44,300000000.0,notional_at_entry,long,18061.0,long,1444150436.8000004,0
2021-02-10 00:00:00+00:00,1875,SB11,16.71,300000000.0,notional_at_entry,long,18061.0,long,1449612083.2000003,0
2021-02-11 00:00:00+00:00,1876,SB11,15.79,300000000.0,notional_at_entry,long,18061.0,long,1431002028.8000004,0
2021-02-12 00:00:00+00:00,1877,SB11,15.64,300000000.0,notional_at_entry,long,18061.0,long,1427967780.8000004,0
2021-02-16 00:00:00+00:00,1878,SB11,15.92,300000000.0,notional_at_entry,long,18061.0,long,1433631710.4000003,0
2021-02-17 00:00:00+00:00,1879,SB11,16.11,300000000.0,notional_at_entry,long,18061.0,long,1437475091.2000003,0
2021-02-18 00:00:00+00:00,1880,SB11,16.59,300000000.0,notional_at_entry,long,18061.0,long,1447184684.8000004,0
2021-02-19 00:00:00+00:00,1881,SB11,16.89,300000000.0,notional_at_entry,long,18061.0,long,1453253180.8000004,0
2021-02-22 00:00:00+00:00,1882,SB11,17.44,300000000.0,notional_at_entry,long,18061.0,long,1464378756.8000004,0
2021-02-23 00:00:00+00:00,1883,SB11,17.01,-300000000.0,notional_at_entry,short,-15747.0,short,1455680579.2000005,1
2021-02-24 00:00:00+00:00,1884,SB11,17.17,-300000000.0,notional_at_entry,short,-15747.0,short,1452858716.8000004,0
2021-02-25 00:00:00+00:00,1885,SB11,16.84,-300000000.0,notional_at_entry,short,-15747.0,short,1458678808.0000005,0
2021-02-26 00:00:00+00:00,1886,SB11,16.45,-300000000.0,notional_at_entry,short,-15747.0,short,1465557097.6000006,0
2021-03-01 00:00:00+00:00,1887,SB11,16.21,-300000000.0,notional_at_entry,short,-15747.0,short,1469789891.2000005,0
2021-03-02 00:00:00+00:00,1888,SB11,16.43,-300000000.0,notional_at_entry,short,-15747.0,short,1465909830.4000006,0
2021-03-03 00:00:00+00:00,1889,SB11,16.14,-300000000.0,notional_at_entry,short,-15747.0,short,1471024456.0000005,0
2021-03-04 00:00:00+00:00,1890,SB11,16.26,-300000000.0,notional_at_entry,short,-15747.0,short,1468908059.2000005,0
2021-03-05 00:00:00+00:00,1891,SB11,16.4,-300000000.0,notional_at_entry,short,-15747.0,short,1466438929.6000006,0
2021-03-08 00:00:00+00:00,1892,SB11,16.2,-300000000.0,notional_at_entry,short,-15747.0,short,1469966257.6000006,0
2021-03-09 00:00:00+00:00,1893,SB11,15.9,-300000000.0,notional_at_entry,short,-15747.0,short,1475257249.6000006,0
2021-03-10 00:00:00+00:00,1894,SB11,15.96,-300000000.0,notional_at_entry,short,-15747.0,short,1474199051.2000005,0
2021-03-11 00:00:00+00:00,1895,SB11,16.36,-300000000.0,notional_at_entry,short,-15747.0,short,1467144395.2000005,0
2021-03-12 00:00:00+00:00,1896,SB11,16.13,-300000000.0,notional_at_entry,short,-15747.0,short,1471200822.4000006,0
2021-03-15 00:00:00+00:00,1897,SB11,16.12,-300000000.0,notional_at_entry,short,-15747.0,short,1471377188.8000004,0
2021-03-16 00:00:00+00:00,1898,SB11,16.3,-300000000.0,notional_at_entry,short,-15747.0,short,1468202593.6000006,0
2021-03-17 00:00:00+00:00,1899,SB11,15.99,-300000000.0,notional_at_entry,short,-15747.0,short,1473669952.0000005,0
2021-03-18 00:00:00+00:00,1900,SB11,15.89,-300000000.0,notional_at_entry,short,-15747.0,short,1475433616.0000005,0
2021-03-19 00:00:00+00:00,1901,SB11,15.76,-300000000.0,notional_at_entry,short,-15747.0,short,1477726379.2000005,0
2021-03-22 00:00:00+00:00,1902,SB11,15.53,-300000000.0,notional_at_entry,short,-15747.0,short,1481782806.4000006,0
2021-03-23 00:00:00+00:00,1903,SB11,15.43,-300000000.0,notional_at_entry,short,-15747.0,short,1483546470.4000006,0
2021-03-24 00:00:00+00:00,1904,SB11,15.63,-300000000.0,notional_at_entry,short,-15747.0,short,1480019142.4000006,0
2021-03-25 00:00:00+00:00,1905,SB11,15.09,-300000000.0,notional_at_entry,short,-15747.0,short,1489542928.0000005,0
2021-03-26 00:00:00+00:00,1906,SB11,15.19,-300000000.0,notional_at_entry,short,-15747.0,short,1487779264.0000005,0
2021-03-29 00:00:00+00:00,1907,SB11,14.92,-300000000.0,notional_at_entry,short,-15747.0,short,1492541156.8000007,0
2021-03-30 00:00:00+00:00,1908,SB11,14.92,-300000000.0,notional_at_entry,short,-15747.0,short,1492541156.8000007,0
2021-03-31 00:00:00+00:00,1909,SB11,14.77,-300000000.0,notional_at_entry,short,-15747.0,short,1495186652.8000007,0
2021-04-01 00:00:00+00:00,1910,SB11,14.71,-300000000.0,notional_at_entry,short,-15747.0,short,1496244851.2000005,0
2021-04-05 00:00:00+00:00,1911,SB11,14.84,-300000000.0,notional_at_entry,short,-15747.0,short,1493952088.0000005,0
2021-04-06 00:00:00+00:00,1912,SB11,15.16,-300000000.0,notional_at_entry,short,-15747.0,short,1488308363.2000005,0
2021-04-07 00:00:00+00:00,1913,SB11,15.14,-300000000.0,notional_at_entry,short,-15747.0,short,1488661096.0000005,0
2021-04-08 00:00:00+00:00,1914,SB11,15.18,-300000000.0,notional_at_entry,short,-15747.0,short,1487955630.4000006,0
2021-04-09 00:00:00+00:00,1915,SB11,15.46,-300000000.0,notional_at_entry,short,-15747.0,short,1483017371.2000005,0
2021-04-12 00:00:00+00:00,1916,SB11,15.35,-300000000.0,notional_at_entry,short,-15747.0,short,1484957401.6000006,0
2021-04-13 00:00:00+00:00,1917,SB11,15.43,-300000000.0,notional_at_entry,short,-15747.0,short,1483546470.4000006,0
2021-04-14 00:00:00+00:00,1918,SB11,15.88,-300000000.0,notional_at_entry,short,-15747.0,short,1475609982.4000006,0
2021-04-15 00:00:00+00:00,1919,SB11,16.31,-300000000.0,notional_at_entry,short,-15747.0,short,1468026227.2000005,0
2021-04-16 00:00:00+00:00,1920,SB11,16.57,300000000.0,notional_at_entry,long,16165.0,long,1463440700.8000004,1
2021-04-19 00:00:00+00:00,1921,SB11,16.21,300000000.0,notional_at_entry,long,16165.0,long,1456922972.8000004,0
2021-04-20 00:00:00+00:00,1922,SB11,16.72,300000000.0,notional_at_entry,long,16165.0,long,1466156420.8000004,0
2021-04-21 00:00:00+00:00,1923,SB11,16.89,300000000.0,notional_at_entry,long,16165.0,long,1469234236.8000004,0
2021-04-22 00:00:00+00:00,1924,SB11,16.88,300000000.0,notional_at_entry,long,16165.0,long,1469053188.8000004,0
2021-04-23 00:00:00+00:00,1925,SB11,16.88,300000000.0,notional_at_entry,long,16165.0,long,1469053188.8000004,0
2021-04-26 00:00:00+00:00,1926,SB11,17.09,300000000.0,notional_at_entry,long,16165.0,long,1472855196.8000004,0
2021-04-27 00:00:00+00:00,1927,SB11,17.75,300000000.0,notional_at_entry,long,16165.0,long,1484804364.8000004,0
2021-04-28 00:00:00+00:00,1928,SB11,17.14,300000000.0,notional_at_entry,long,16165.0,long,1473760436.8000004,0
2021-04-29 00:00:00+00:00,1929,SB11,16.93,300000000.0,notional_at_entry,long,16165.0,long,1469958428.8000004,0
2021-04-30 00:00:00+00:00,1930,SB11,16.98,300000000.0,notional_at_entry,long,16165.0,long,1470863668.8000004,0
2021-05-03 00:00:00+00:00,1931,SB11,16.73,300000000.0,notional_at_entry,long,16165.0,long,1466337468.8000004,0
2021-05-04 00:00:00+00:00,1932,SB11,17.12,300000000.0,notional_at_entry,long,16165.0,long,1473398340.8000004,0
2021-05-05 00:00:00+00:00,1933,SB11,17.53,300000000.0,notional_at_entry,long,16165.0,long,1480821308.8000004,0
2021-05-06 00:00:00+00:00,1934,SB11,17.55,300000000.0,notional_at_entry,long,16165.0,long,1481183404.8000004,0
2021-05-07 00:00:00+00:00,1935,SB11,17.49,300000000.0,notional_at_entry,long,16165.0,long,1480097116.8000004,0
2021-05-10 00:00:00+00:00,1936,SB11,17.49,300000000.0,notional_at_entry,long,16165.0,long,1480097116.8000004,0
2021-05-11 00:00:00+00:00,1937,SB11,18.1,300000000.0,notional_at_entry,long,16165.0,long,1491141044.8000004,0
2021-05-12 00:00:00+00:00,1938,SB11,17.84,300000000.0,notional_at_entry,long,16165.0,long,1486433796.8000004,0
2021-05-13 00:00:00+00:00,1939,SB11,17.11,300000000.0,notional_at_entry,long,16165.0,long,1473217292.8000004,0
2021-05-14 00:00:00+00:00,1940,SB11,16.96,300000000.0,notional_at_entry,long,16165.0,long,1470501572.8000004,0
2021-05-17 00:00:00+00:00,1941,SB11,16.99,300000000.0,notional_at_entry,long,16165.0,long,1471044716.8000004,0
2021-05-18 00:00:00+00:00,1942,SB11,17.21,300000000.0,notional_at_entry,long,16165.0,long,1475027772.8000004,0
2021-05-19 00:00:00+00:00,1943,SB11,16.95,300000000.0,notional_at_entry,long,16165.0,long,1470320524.8000004,0
2021-05-20 00:00:00+00:00,1944,SB11,17.04,300000000.0,notional_at_entry,long,16165.0,long,1471949956.8000004,0
2021-05-21 00:00:00+00:00,1945,SB11,16.67,300000000.0,notional_at_entry,long,16165.0,long,1465251180.8000004,0
2021-05-24 00:00:00+00:00,1946,SB11,16.83,300000000.0,notional_at_entry,long,16165.0,long,1468147948.8000004,0
2021-05-25 00:00:00+00:00,1947,SB11,17.04,300000000.0,notional_at_entry,long,16165.0,long,1471949956.8000004,0
2021-05-26 00:00:00+00:00,1948,SB11,16.78,300000000.0,notional_at_entry,long,16165.0,long,1467242708.8000004,0
2021-05-27 00:00:00+00:00,1949,SB11,17.12,300000000.0,notional_at_entry,long,16165.0,long,1473398340.8000004,0
2021-05-28 00:00:00+00:00,1950,SB11,17.36,300000000.0,notional_at_entry,long,16165.0,long,1477743492.8000004,0
2021-06-01 00:00:00+00:00,1951,SB11,17.69,300000000.0,notional_at_entry,long,16165.0,long,1483718076.8000004,0
2021-06-02 00:00:00+00:00,1952,SB11,17.68,300000000.0,notional_at_entry,long,16165.0,long,1483537028.8000004,0
2021-06-03 00:00:00+00:00,1953,SB11,17.43,300000000.0,notional_at_entry,long,16165.0,long,1479010828.8000004,0
2021-06-04 00:00:00+00:00,1954,SB11,17.71,300000000.0,notional_at_entry,long,16165.0,long,1484080172.8000004,0
2021-06-07 00:00:00+00:00,1955,SB11,17.38,300000000.0,notional_at_entry,long,16165.0,long,1478105588.8000004,0
2021-06-08 00:00:00+00:00,1956,SB11,17.71,300000000.0,notional_at_entry,long,16165.0,long,1484080172.8000004,0
2021-06-09 00:00:00+00:00,1957,SB11,17.73,300000000.0,notional_at_entry,long,16165.0,long,1484442268.8000004,0
2021-06-10 00:00:00+00:00,1958,SB11,17.73,300000000.0,notional_at_entry,long,16165.0,long,1484442268.8000004,0
2021-06-11 00:00:00+00:00,1959,SB11,17.67,300000000.0,notional_at_entry,long,16165.0,long,1483355980.8000004,0
2021-06-14 00:00:00+00:00,1960,SB11,17.39,300000000.0,notional_at_entry,long,16165.0,long,1478286636.8000004,0
2021-06-15 00:00:00+00:00,1961,SB11,17.2,300000000.0,notional_at_entry,long,16165.0,long,1474846724.8000004,0
2021-06-16 00:00:00+00:00,1962,SB11,17.2,300000000.0,notional_at_entry,long,16165.0,long,1474846724.8000004,0
2021-06-17 00:00:00+00:00,1963,SB11,16.71,300000000.0,notional_at_entry,long,16165.0,long,1465975372.8000004,0
2021-06-18 00:00:00+00:00,1964,SB11,16.66,300000000.0,notional_at_entry,long,16165.0,long,1465070132.8000004,0
2021-06-21 00:00:00+00:00,1965,SB11,17.07,300000000.0,notional_at_entry,long,16165.0,long,1472493100.8000004,0
2021-06-22 00:00:00+00:00,1966,SB11,16.74,300000000.0,notional_at_entry,long,16165.0,long,1466518516.8000004,0
2021-06-23 00:00:00+00:00,1967,SB11,17.01,300000000.0,notional_at_entry,long,16165.0,long,1471406812.8000004,0
2021-06-24 00:00:00+00:00,1968,SB11,17.24,300000000.0,notional_at_entry,long,16165.0,long,1475570916.8000004,0
2021-06-25 00:00:00+00:00,1969,SB11,17.31,300000000.0,notional_at_entry,long,16165.0,long,1476838252.8000004,0
2021-06-28 00:00:00+00:00,1970,SB11,17.61,300000000.0,notional_at_entry,long,16165.0,long,1482269692.8000004,0
2021-06-29 00:00:00+00:00,1971,SB11,17.54,300000000.0,notional_at_entry,long,16165.0,long,1481002356.8000004,0
2021-06-30 00:00:00+00:00,1972,SB11,17.89,300000000.0,notional_at_entry,long,16165.0,long,1487339036.8000004,0
2021-07-01 00:00:00+00:00,1973,SB11,17.94,300000000.0,notional_at_entry,long,16165.0,long,1488244276.8000004,0
2021-07-02 00:00:00+00:00,1974,SB11,18.15,300000000.0,notional_at_entry,long,16165.0,long,1492046284.8000004,0
2021-07-06 00:00:00+00:00,1975,SB11,17.87,300000000.0,notional_at_entry,long,16165.0,long,1486976940.8000004,0
2021-07-07 00:00:00+00:00,1976,SB11,17.75,300000000.0,notional_at_entry,long,16165.0,long,1484804364.8000004,0
2021-07-08 00:00:00+00:00,1977,SB11,17.45,300000000.0,notional_at_entry,long,16165.0,long,1479372924.8000004,0
2021-07-09 00:00:00+00:00,1978,SB11,17.28,300000000.0,notional_at_entry,long,16165.0,long,1476295108.8000004,0
2021-07-12 00:00:00+00:00,1979,SB11,16.99,300000000.0,notional_at_entry,long,16165.0,long,1471044716.8000004,0
2021-07-13 00:00:00+00:00,1980,SB11,17.08,300000000.0,notional_at_entry,long,16165.0,long,1472674148.8000004,0
2021-07-14 00:00:00+00:00,1981,SB11,16.93,300000000.0,notional_at_entry,long,16165.0,long,1469958428.8000004,0
2021-07-15 00:00:00+00:00,1982,SB11,17.33,300000000.0,notional_at_entry,long,16165.0,long,1477200348.8000004,0
2021-07-16 00:00:00+00:00,1983,SB11,17.71,300000000.0,notional_at_entry,long,16165.0,long,1484080172.8000004,0
2021-07-19 00:00:00+00:00,1984,SB11,17.07,300000000.0,notional_at_entry,long,16165.0,long,1472493100.8000004,0
2021-07-20 00:00:00+00:00,1985,SB11,17.41,300000000.0,notional_at_entry,long,16165.0,long,1478648732.8000004,0
2021-07-21 00:00:00+00:00,1986,SB11,17.67,300000000.0,notional_at_entry,long,16165.0,long,1483355980.8000004,0
2021-07-22 00:00:00+00:00,1987,SB11,17.62,300000000.0,notional_at_entry,long,16165.0,long,1482450740.8000004,0
2021-07-23 00:00:00+00:00,1988,SB11,18.17,300000000.0,notional_at_entry,long,16165.0,long,1492408380.8000004,0
2021-07-26 00:00:00+00:00,1989,SB11,18.42,300000000.0,notional_at_entry,long,16165.0,long,1496934580.8000004,0
2021-07-27 00:00:00+00:00,1990,SB11,18.35,300000000.0,notional_at_entry,long,16165.0,long,1495667244.8000004,0
2021-07-28 00:00:00+00:00,1991,SB11,18.61,300000000.0,notional_at_entry,long,16165.0,long,1500374492.8000004,0
2021-07-29 00:00:00+00:00,1992,SB11,18.3,300000000.0,notional_at_entry,long,16165.0,long,1494762004.8000004,0
2021-07-30 00:00:00+00:00,1993,SB11,17.91,300000000.0,notional_at_entry,long,16165.0,long,1487701132.8000004,0
2021-08-02 00:00:00+00:00,1994,SB11,17.95,300000000.0,notional_at_entry,long,16165.0,long,1488425324.8000004,0
2021-08-03 00:00:00+00:00,1995,SB11,17.98,300000000.0,notional_at_entry,long,16165.0,long,1488968468.8000004,0
2021-08-04 00:00:00+00:00,1996,SB11,17.93,300000000.0,notional_at_entry,long,16165.0,long,1488063228.8000004,0
2021-08-05 00:00:00+00:00,1997,SB11,18.62,300000000.0,notional_at_entry,long,16165.0,long,1500555540.8000004,0
2021-08-06 00:00:00+00:00,1998,SB11,18.68,300000000.0,notional_at_entry,long,16165.0,long,1501641828.8000004,0
2021-08-09 00:00:00+00:00,1999,SB11,18.47,300000000.0,notional_at_entry,long,16165.0,long,1497839820.8000004,0
2021-08-10 00:00:00+00:00,2000,SB11,19.59,300000000.0,notional_at_entry,long,16165.0,long,1518117196.8000004,0
2021-08-11 00:00:00+00:00,2001,SB11,19.47,300000000.0,notional_at_entry,long,16165.0,long,1515944620.8000004,0
2021-08-12 00:00:00+00:00,2002,SB11,19.54,300000000.0,notional_at_entry,long,16165.0,long,1517211956.8000004,0
2021-08-13 00:00:00+00:00,2003,SB11,19.95,300000000.0,notional_at_entry,long,16165.0,long,1524634924.8000004,0
2021-08-16 00:00:00+00:00,2004,SB11,20.03,300000000.0,notional_at_entry,long,16165.0,long,1526083308.8000004,0
2021-08-17 00:00:00+00:00,2005,SB11,20.02,-300000000.0,notional_at_entry,short,-13379.0,short,1525902260.8000004,1
2021-08-18 00:00:00+00:00,2006,SB11,20.17,-300000000.0,notional_at_entry,short,-13379.0,short,1523654588.8000004,0
2021-08-19 00:00:00+00:00,2007,SB11,19.79,-300000000.0,notional_at_entry,short,-13379.0,short,1529348691.2000005,0
2021-08-20 00:00:00+00:00,2008,SB11,19.58,-300000000.0,notional_at_entry,short,-13379.0,short,1532495432.0000005,0
2021-08-23 00:00:00+00:00,2009,SB11,19.58,-300000000.0,notional_at_entry,short,-13379.0,short,1532495432.0000005,0
2021-08-24 00:00:00+00:00,2010,SB11,19.58,-300000000.0,notional_at_entry,short,-13379.0,short,1532495432.0000005,0
2021-08-25 00:00:00+00:00,2011,SB11,19.73,-300000000.0,notional_at_entry,short,-13379.0,short,1530247760.0000005,0
2021-08-26 00:00:00+00:00,2012,SB11,19.68,-300000000.0,notional_at_entry,short,-13379.0,short,1530996984.0000005,0
2021-08-27 00:00:00+00:00,2013,SB11,20.04,-300000000.0,notional_at_entry,short,-13379.0,short,1525602571.2000005,0
2021-08-30 00:00:00+00:00,2014,SB11,20.22,-300000000.0,notional_at_entry,short,-13379.0,short,1522905364.8000004,0
2021-08-31 00:00:00+00:00,2015,SB11,19.84,-300000000.0,notional_at_entry,short,-13379.0,short,1528599467.2000005,0
2021-09-01 00:00:00+00:00,2016,SB11,19.67,-300000000.0,notional_at_entry,short,-13379.0,short,1531146828.8000004,0
2021-09-02 00:00:00+00:00,2017,SB11,19.9,-300000000.0,notional_at_entry,short,-13379.0,short,1527700398.4000003,0
2021-09-03 00:00:00+00:00,2018,SB11,19.62,-300000000.0,notional_at_entry,short,-13379.0,short,1531896052.8000004,0
2021-09-07 00:00:00+00:00,2019,SB11,19.48,-300000000.0,notional_at_entry,short,-13379.0,short,1533993880.0000005,0
2021-09-08 00:00:00+00:00,2020,SB11,19.49,-300000000.0,notional_at_entry,short,-13379.0,short,1533844035.2000005,0
2021-09-09 00:00:00+00:00,2021,SB11,19.24,-300000000.0,notional_at_entry,short,-13379.0,short,1537590155.2000005,0
2021-09-10 00:00:00+00:00,2022,SB11,19.51,-300000000.0,notional_at_entry,short,-13379.0,short,1533544345.6000004,0
2021-09-13 00:00:00+00:00,2023,SB11,19.69,-300000000.0,notional_at_entry,short,-13379.0,short,1530847139.2000003,0
2021-09-14 00:00:00+00:00,2024,SB11,19.66,-300000000.0,notional_at_entry,short,-13379.0,short,1531296673.6000004,0
2021-09-15 00:00:00+00:00,2025,SB11,20.26,-300000000.0,notional_at_entry,short,-13379.0,short,1522305985.6000004,0
2021-09-16 00:00:00+00:00,2026,SB11,20.13,-300000000.0,notional_at_entry,short,-13379.0,short,1524253968.0000005,0
2021-09-17 00:00:00+00:00,2027,SB11,19.86,-300000000.0,notional_at_entry,short,-13379.0,short,1528299777.6000004,0
2021-09-20 00:00:00+00:00,2028,SB11,19.59,-300000000.0,notional_at_entry,short,-13379.0,short,1532345587.2000005,0
2021-09-21 00:00:00+00:00,2029,SB11,19.75,-300000000.0,notional_at_entry,short,-13379.0,short,1529948070.4000003,0
2021-09-22 00:00:00+00:00,2030,SB11,20.07,-300000000.0,notional_at_entry,short,-13379.0,short,1525153036.8000004,0
2021-09-23 00:00:00+00:00,2031,SB11,20.29,-300000000.0,notional_at_entry,short,-13379.0,short,1521856451.2000005,0
2021-09-24 00:00:00+00:00,2032,SB11,19.93,-300000000.0,notional_at_entry,short,-13379.0,short,1527250864.0000005,0
2021-09-27 00:00:00+00:00,2033,SB11,19.68,-300000000.0,notional_at_entry,short,-13379.0,short,1530996984.0000005,0
2021-09-28 00:00:00+00:00,2034,SB11,19.84,-300000000.0,notional_at_entry,short,-13379.0,short,1528599467.2000005,0
2021-09-29 00:00:00+00:00,2035,SB11,19.72,-300000000.0,notional_at_entry,short,-13379.0,short,1530397604.8000004,0
2021-09-30 00:00:00+00:00,2036,SB11,20.34,-300000000.0,notional_at_entry,short,-13379.0,short,1521107227.2000005,0
2021-10-01 00:00:00+00:00,2037,SB11,20.06,-300000000.0,notional_at_entry,short,-13379.0,short,1525302881.6000004,0
2021-10-04 00:00:00+00:00,2038,SB11,19.69,-300000000.0,notional_at_entry,short,-13379.0,short,1530847139.2000003,0
2021-10-05 00:00:00+00:00,2039,SB11,19.85,-300000000.0,notional_at_entry,short,-13379.0,short,1528449622.4000003,0
2021-10-06 00:00:00+00:00,2040,SB11,19.77,-300000000.0,notional_at_entry,short,-13379.0,short,1529648380.8000004,0
2021-10-07 00:00:00+00:00,2041,SB11,19.84,-300000000.0,notional_at_entry,short,-13379.0,short,1528599467.2000005,0
2021-10-08 00:00:00+00:00,2042,SB11,20.29,-300000000.0,notional_at_entry,short,-13379.0,short,1521856451.2000005,0
2021-10-11 00:00:00+00:00,2043,SB11,20.33,-300000000.0,notional_at_entry,short,-13379.0,short,1521257072.0000005,0
2021-10-12 00:00:00+00:00,2044,SB11,20.07,-300000000.0,notional_at_entry,short,-13379.0,short,1525153036.8000004,0
2021-10-13 00:00:00+00:00,2045,SB11,19.86,-300000000.0,notional_at_entry,short,-13379.0,short,1528299777.6000004,0
2021-10-14 00:00:00+00:00,2046,SB11,19.59,-300000000.0,notional_at_entry,short,-13379.0,short,1532345587.2000005,0
2021-10-15 00:00:00+00:00,2047,SB11,19.8,-300000000.0,notional_at_entry,short,-13379.0,short,1529198846.4000003,0
2021-10-18 00:00:00+00:00,2048,SB11,19.35,-300000000.0,notional_at_entry,short,-13379.0,short,1535941862.4000003,0
2021-10-19 00:00:00+00:00,2049,SB11,18.87,-300000000.0,notional_at_entry,short,-13379.0,short,1543134412.8000004,0
2021-10-20 00:00:00+00:00,2050,SB11,18.97,-300000000.0,notional_at_entry,short,-13379.0,short,1541635964.8000004,0
2021-10-21 00:00:00+00:00,2051,SB11,18.94,-300000000.0,notional_at_entry,short,-13379.0,short,1542085499.2000003,0
2021-10-22 00:00:00+00:00,2052,SB11,19.08,-300000000.0,notional_at_entry,short,-13379.0,short,1539987672.0000005,0
2021-10-25 00:00:00+00:00,2053,SB11,19.39,-300000000.0,notional_at_entry,short,-13379.0,short,1535342483.2000005,0
2021-10-26 00:00:00+00:00,2054,SB11,19.66,-300000000.0,notional_at_entry,short,-13379.0,short,1531296673.6000004,0
2021-10-27 00:00:00+00:00,2055,SB11,19.7,-300000000.0,notional_at_entry,short,-13379.0,short,1530697294.4000003,0
2021-10-28 00:00:00+00:00,2056,SB11,19.62,-300000000.0,notional_at_entry,short,-13379.0,short,1531896052.8000004,0
2021-10-29 00:00:00+00:00,2057,SB11,19.27,-300000000.0,notional_at_entry,short,-13379.0,short,1537140620.8000004,0
2021-11-01 00:00:00+00:00,2058,SB11,19.37,-300000000.0,notional_at_entry,short,-13379.0,short,1535642172.8000004,0
2021-11-02 00:00:00+00:00,2059,SB11,19.54,-300000000.0,notional_at_entry,short,-13379.0,short,1533094811.2000005,0
2021-11-03 00:00:00+00:00,2060,SB11,19.38,-300000000.0,notional_at_entry,short,-13379.0,short,1535492328.0000005,0
2021-11-04 00:00:00+00:00,2061,SB11,19.63,-300000000.0,notional_at_entry,short,-13379.0,short,1531746208.0000005,0
2021-11-05 00:00:00+00:00,2062,SB11,19.94,-300000000.0,notional_at_entry,short,-13379.0,short,1527101019.2000003,0
2021-11-08 00:00:00+00:00,2063,SB11,19.92,-300000000.0,notional_at_entry,short,-13379.0,short,1527400708.8000004,0
2021-11-09 00:00:00+00:00,2064,SB11,19.9,-300000000.0,notional_at_entry,short,-13379.0,short,1527700398.4000003,0
2021-11-10 00:00:00+00:00,2065,SB11,19.6,-300000000.0,notional_at_entry,short,-13379.0,short,1532195742.4000003,0
2021-11-11 00:00:00+00:00,2066,SB11,20.12,-300000000.0,notional_at_entry,short,-13379.0,short,1524403812.8000004,0
2021-11-12 00:00:00+00:00,2067,SB11,20.01,-300000000.0,notional_at_entry,short,-13379.0,short,1526052105.6000004,0
2021-11-15 00:00:00+00:00,2068,SB11,19.74,-300000000.0,notional_at_entry,short,-13379.0,short,1530097915.2000005,0
2021-11-16 00:00:00+00:00,2069,SB11,19.99,-300000000.0,notional_at_entry,short,-13379.0,short,1526351795.2000005,0
2021-11-17 00:00:00+00:00,2070,SB11,20.42,-300000000.0,notional_at_entry,short,-13379.0,short,1519908468.8000004,0
2021-11-18 00:00:00+00:00,2071,SB11,20.18,-300000000.0,notional_at_entry,short,-13379.0,short,1523504744.0000005,0
2021-11-19 00:00:00+00:00,2072,SB11,19.99,-300000000.0,notional_at_entry,short,-13379.0,short,1526351795.2000005,0
2021-11-22 00:00:00+00:00,2073,SB11,19.76,-300000000.0,notional_at_entry,short,-13379.0,short,1529798225.6000004,0
2021-11-23 00:00:00+00:00,2074,SB11,20.11,-300000000.0,notional_at_entry,short,-13379.0,short,1524553657.6000004,0
2021-11-24 00:00:00+00:00,2075,SB11,19.93,-300000000.0,notional_at_entry,short,-13379.0,short,1527250864.0000005,0
2021-11-26 00:00:00+00:00,2076,SB11,19.35,-300000000.0,notional_at_entry,short,-13379.0,short,1535941862.4000003,0
2021-11-29 00:00:00+00:00,2077,SB11,19.19,-300000000.0,notional_at_entry,short,-13379.0,short,1538339379.2000003,0
2021-11-30 00:00:00+00:00,2078,SB11,18.6,-300000000.0,notional_at_entry,short,-13379.0,short,1547180222.4000003,0
2021-12-01 00:00:00+00:00,2079,SB11,18.6,-300000000.0,notional_at_entry,short,-13379.0,short,1547180222.4000003,0
2021-12-02 00:00:00+00:00,2080,SB11,18.62,-300000000.0,notional_at_entry,short,-13379.0,short,1546880532.8000004,0
2021-12-03 00:00:00+00:00,2081,SB11,18.75,-300000000.0,notional_at_entry,short,-13379.0,short,1544932550.4000003,0
2021-12-06 00:00:00+00:00,2082,SB11,19.16,-300000000.0,notional_at_entry,short,-13379.0,short,1538788913.6000004,0
2021-12-07 00:00:00+00:00,2083,SB11,19.48,-300000000.0,notional_at_entry,short,-13379.0,short,1533993880.0000005,0
2021-12-08 00:00:00+00:00,2084,SB11,19.82,-300000000.0,notional_at_entry,short,-13379.0,short,1528899156.8000004,0
2021-12-09 00:00:00+00:00,2085,SB11,19.69,-300000000.0,notional_at_entry,short,-13379.0,short,1530847139.2000003,0
2021-12-10 00:00:00+00:00,2086,SB11,19.71,-300000000.0,notional_at_entry,short,-13379.0,short,1530547449.6000004,0
2021-12-13 00:00:00+00:00,2087,SB11,19.64,-300000000.0,notional_at_entry,short,-13379.0,short,1531596363.2000005,0
2021-12-14 00:00:00+00:00,2088,SB11,19.65,-300000000.0,notional_at_entry,short,-13379.0,short,1531446518.4000003,0
2021-12-15 00:00:00+00:00,2089,SB11,19.29,-300000000.0,notional_at_entry,short,-13379.0,short,1536840931.2000005,0
2021-12-16 00:00:00+00:00,2090,SB11,19.4,-300000000.0,notional_at_entry,short,-13379.0,short,1535192638.4000003,0
2021-12-17 00:00:00+00:00,2091,SB11,19.11,-300000000.0,notional_at_entry,short,-13379.0,short,1539538137.6000004,0
2021-12-20 00:00:00+00:00,2092,SB11,18.59,300000000.0,notional_at_entry,long,14408.0,long,1547330067.2000005,1
2021-12-21 00:00:00+00:00,2093,SB11,18.74,300000000.0,notional_at_entry,long,14408.0,long,1549750611.2000005,0
2021-12-22 00:00:00+00:00,2094,SB11,19.26,300000000.0,notional_at_entry,long,14408.0,long,1558141830.4000006,0
2021-12-23 00:00:00+00:00,2095,SB11,19.24,300000000.0,notional_at_entry,long,14408.0,long,1557819091.2000005,0
2021-12-27 00:00:00+00:00,2096,SB11,19.21,300000000.0,notional_at_entry,long,14408.0,long,1557334982.4000006,0
2021-12-28 00:00:00+00:00,2097,SB11,18.96,300000000.0,notional_at_entry,long,14408.0,long,1553300742.4000006,0
2021-12-29 00:00:00+00:00,2098,SB11,19.1,300000000.0,notional_at_entry,long,14408.0,long,1555559916.8000007,0
2021-12-30 00:00:00+00:00,2099,SB11,18.78,300000000.0,notional_at_entry,long,14408.0,long,1550396089.6000006,0
2021-12-31 00:00:00+00:00,2100,SB11,18.88,300000000.0,notional_at_entry,long,14408.0,long,1552009785.6000006,0
2022-01-03 00:00:00+00:00,2101,SB11,18.74,300000000.0,notional_at_entry,long,14408.0,long,1549750611.2000005,0
2022-01-04 00:00:00+00:00,2102,SB11,18.75,300000000.0,notional_at_entry,long,14408.0,long,1549911980.8000004,0
2022-01-05 00:00:00+00:00,2103,SB11,18.34,300000000.0,notional_at_entry,long,14408.0,long,1543295827.2000005,0
2022-01-06 00:00:00+00:00,2104,SB11,18.19,300000000.0,notional_at_entry,long,14408.0,long,1540875283.2000005,0
2022-01-07 00:00:00+00:00,2105,SB11,18.05,300000000.0,notional_at_entry,long,14408.0,long,1538616108.8000004,0
2022-01-10 00:00:00+00:00,2106,SB11,17.83,300000000.0,notional_at_entry,long,14408.0,long,1535065977.6000004,0
2022-01-11 00:00:00+00:00,2107,SB11,18.11,300000000.0,notional_at_entry,long,14408.0,long,1539584326.4000006,0
2022-01-12 00:00:00+00:00,2108,SB11,18.34,300000000.0,notional_at_entry,long,14408.0,long,1543295827.2000005,0
2022-01-13 00:00:00+00:00,2109,SB11,18.09,300000000.0,notional_at_entry,long,14408.0,long,1539261587.2000005,0
2022-01-14 00:00:00+00:00,2110,SB11,18.31,300000000.0,notional_at_entry,long,14408.0,long,1542811718.4000006,0
2022-01-18 00:00:00+00:00,2111,SB11,18.66,300000000.0,notional_at_entry,long,14408.0,long,1548459654.4000006,0
2022-01-19 00:00:00+00:00,2112,SB11,19.07,300000000.0,notional_at_entry,long,14408.0,long,1555075808.0000005,0
2022-01-20 00:00:00+00:00,2113,SB11,18.93,300000000.0,notional_at_entry,long,14408.0,long,1552816633.6000006,0
2022-01-21 00:00:00+00:00,2114,SB11,18.9,300000000.0,notional_at_entry,long,14408.0,long,1552332524.8000004,0
2022-01-24 00:00:00+00:00,2115,SB11,18.81,300000000.0,notional_at_entry,long,14408.0,long,1550880198.4000006,0
2022-01-25 00:00:00+00:00,2116,SB11,18.78,300000000.0,notional_at_entry,long,14408.0,long,1550396089.6000006,0
2022-01-26 00:00:00+00:00,2117,SB11,18.49,300000000.0,notional_at_entry,long,14408.0,long,1545716371.2000005,0
2022-01-27 00:00:00+00:00,2118,SB11,18.41,300000000.0,notional_at_entry,long,14408.0,long,1544425414.4000006,0
2022-01-28 00:00:00+00:00,2119,SB11,18.2,300000000.0,notional_at_entry,long,14408.0,long,1541036652.8000004,0
2022-01-31 00:00:00+00:00,2120,SB11,18.22,300000000.0,notional_at_entry,long,14408.0,long,1541359392.0000005,0
2022-02-01 00:00:00+00:00,2121,SB11,18.48,300000000.0,notional_at_entry,long,14408.0,long,1545555001.6000006,0
2022-02-02 00:00:00+00:00,2122,SB11,17.93,300000000.0,notional_at_entry,long,14408.0,long,1536679673.6000006,0
2022-02-03 00:00:00+00:00,2123,SB11,17.99,300000000.0,notional_at_entry,long,14408.0,long,1537647891.2000005,0
2022-02-04 00:00:00+00:00,2124,SB11,18.23,-300000000.0,notional_at_entry,short,-14693.0,short,1541520761.6000006,1
2022-02-07 00:00:00+00:00,2125,SB11,18.05,-300000000.0,notional_at_entry,short,-14693.0,short,1544482870.4000006,0
2022-02-08 00:00:00+00:00,2126,SB11,18.08,-300000000.0,notional_at_entry,short,-14693.0,short,1543989185.6000006,0
2022-02-09 00:00:00+00:00,2127,SB11,18.48,-300000000.0,notional_at_entry,short,-14693.0,short,1537406721.6000006,0
2022-02-10 00:00:00+00:00,2128,SB11,18.3,-300000000.0,notional_at_entry,short,-14693.0,short,1540368830.4000006,0
2022-02-11 00:00:00+00:00,2129,SB11,17.81,-300000000.0,notional_at_entry,short,-14693.0,short,1548432348.8000007,0
2022-02-14 00:00:00+00:00,2130,SB11,17.66,-300000000.0,notional_at_entry,short,-14693.0,short,1550900772.8000007,0
2022-02-15 00:00:00+00:00,2131,SB11,17.57,-300000000.0,notional_at_entry,short,-14693.0,short,1552381827.2000005,0
2022-02-16 00:00:00+00:00,2132,SB11,17.56,-300000000.0,notional_at_entry,short,-14693.0,short,1552546388.8000007,0
2022-02-17 00:00:00+00:00,2133,SB11,17.74,-300000000.0,notional_at_entry,short,-14693.0,short,1549584280.0000007,0
2022-02-18 00:00:00+00:00,2134,SB11,17.62,-300000000.0,notional_at_entry,short,-14693.0,short,1551559019.2000005,0
2022-02-22 00:00:00+00:00,2135,SB11,17.89,-300000000.0,notional_at_entry,short,-14693.0,short,1547115856.0000007,0
2022-02-23 00:00:00+00:00,2136,SB11,17.88,-300000000.0,notional_at_entry,short,-14693.0,short,1547280417.6000006,0
2022-02-24 00:00:00+00:00,2137,SB11,17.91,-300000000.0,notional_at_entry,short,-14693.0,short,1546786732.8000007,0
2022-02-25 00:00:00+00:00,2138,SB11,17.6,-300000000.0,notional_at_entry,short,-14693.0,short,1551888142.4000006,0
2022-02-28 00:00:00+00:00,2139,SB11,17.7,-300000000.0,notional_at_entry,short,-14693.0,short,1550242526.4000006,0
2022-03-01 00:00:00+00:00,2140,SB11,18.34,300000000.0,notional_at_entry,long,14605.0,long,1539710584.0000007,1
2022-03-02 00:00:00+00:00,2141,SB11,18.64,300000000.0,notional_at_entry,long,14605.0,long,1544617864.0000007,0
2022-03-03 00:00:00+00:00,2142,SB11,18.93,300000000.0,notional_at_entry,long,14605.0,long,1549361568.0000007,0
2022-03-04 00:00:00+00:00,2143,SB11,19.35,300000000.0,notional_at_entry,long,14605.0,long,1556231760.0000007,0
2022-03-07 00:00:00+00:00,2144,SB11,19.27,300000000.0,notional_at_entry,long,14605.0,long,1554923152.0000007,0
2022-03-08 00:00:00+00:00,2145,SB11,19.43,300000000.0,notional_at_entry,long,14605.0,long,1557540368.0000007,0
2022-03-09 00:00:00+00:00,2146,SB11,18.94,300000000.0,notional_at_entry,long,14605.0,long,1549525144.0000007,0
2022-03-10 00:00:00+00:00,2147,SB11,19.1,300000000.0,notional_at_entry,long,14605.0,long,1552142360.0000007,0
2022-03-11 00:00:00+00:00,2148,SB11,19.24,300000000.0,notional_at_entry,long,14605.0,long,1554432424.0000007,0
2022-03-14 00:00:00+00:00,2149,SB11,19.13,300000000.0,notional_at_entry,long,14605.0,long,1552633088.0000007,0
2022-03-15 00:00:00+00:00,2150,SB11,18.73,300000000.0,notional_at_entry,long,14605.0,long,1546090048.0000007,0
2022-03-16 00:00:00+00:00,2151,SB11,18.56,300000000.0,notional_at_entry,long,14605.0,long,1543309256.0000007,0
2022-03-17 00:00:00+00:00,2152,SB11,18.69,300000000.0,notional_at_entry,long,14605.0,long,1545435744.0000007,0
2022-03-18 00:00:00+00:00,2153,SB11,18.93,300000000.0,notional_at_entry,long,14605.0,long,1549361568.0000007,0
2022-03-21 00:00:00+00:00,2154,SB11,19.28,300000000.0,notional_at_entry,long,14605.0,long,1555086728.0000007,0
2022-03-22 00:00:00+00:00,2155,SB11,19.15,300000000.0,notional_at_entry,long,14605.0,long,1552960240.0000007,0
2022-03-23 00:00:00+00:00,2156,SB11,19.24,300000000.0,notional_at_entry,long,14605.0,long,1554432424.0000007,0
2022-03-24 00:00:00+00:00,2157,SB11,19.26,300000000.0,notional_at_entry,long,14605.0,long,1554759576.0000007,0
2022-03-25 00:00:00+00:00,2158,SB11,19.61,300000000.0,notional_at_entry,long,14605.0,long,1560484736.0000007,0
2022-03-28 00:00:00+00:00,2159,SB11,19.59,300000000.0,notional_at_entry,long,14605.0,long,1560157584.0000007,0
2022-03-29 00:00:00+00:00,2160,SB11,19.11,300000000.0,notional_at_entry,long,14605.0,long,1552305936.0000007,0
2022-03-30 00:00:00+00:00,2161,SB11,19.47,300000000.0,notional_at_entry,long,14605.0,long,1558194672.0000007,0
2022-03-31 00:00:00+00:00,2162,SB11,19.49,300000000.0,notional_at_entry,long,14605.0,long,1558521824.0000007,0
2022-04-01 00:00:00+00:00,2163,SB11,19.37,300000000.0,notional_at_entry,long,14605.0,long,1556558912.0000007,0
2022-04-04 00:00:00+00:00,2164,SB11,19.61,300000000.0,notional_at_entry,long,14605.0,long,1560484736.0000007,0
2022-04-05 00:00:00+00:00,2165,SB11,19.65,300000000.0,notional_at_entry,long,14605.0,long,1561139040.0000007,0
2022-04-06 00:00:00+00:00,2166,SB11,19.59,300000000.0,notional_at_entry,long,14605.0,long,1560157584.0000007,0
2022-04-07 00:00:00+00:00,2167,SB11,19.84,300000000.0,notional_at_entry,long,14605.0,long,1564246984.0000007,0
2022-04-08 00:00:00+00:00,2168,SB11,20.41,-300000000.0,notional_at_entry,short,-13123.0,short,1573570816.0000007,1
2022-04-11 00:00:00+00:00,2169,SB11,20.31,-300000000.0,notional_at_entry,short,-13123.0,short,1575040592.0000007,0
2022-04-12 00:00:00+00:00,2170,SB11,20.22,-300000000.0,notional_at_entry,short,-13123.0,short,1576363390.4000008,0
2022-04-13 00:00:00+00:00,2171,SB11,20.1,-300000000.0,notional_at_entry,short,-13123.0,short,1578127121.6000006,0
2022-04-14 00:00:00+00:00,2172,SB11,20.03,-300000000.0,notional_at_entry,short,-13123.0,short,1579155964.8000007,0
2022-04-18 00:00:00+00:00,2173,SB11,20.2,-300000000.0,notional_at_entry,short,-13123.0,short,1576657345.6000006,0
2022-04-19 00:00:00+00:00,2174,SB11,19.67,-300000000.0,notional_at_entry,short,-13123.0,short,1584447158.4000006,0
2022-04-20 00:00:00+00:00,2175,SB11,19.55,-300000000.0,notional_at_entry,short,-13123.0,short,1586210889.6000006,0
2022-04-21 00:00:00+00:00,2176,SB11,19.81,-300000000.0,notional_at_entry,short,-13123.0,short,1582389472.0000007,0
2022-04-22 00:00:00+00:00,2177,SB11,19.21,-300000000.0,notional_at_entry,short,-13123.0,short,1591208128.0000007,0
2022-04-25 00:00:00+00:00,2178,SB11,18.88,-300000000.0,notional_at_entry,short,-13123.0,short,1596058388.8000007,0
2022-04-26 00:00:00+00:00,2179,SB11,18.93,-300000000.0,notional_at_entry,short,-13123.0,short,1595323500.8000007,0
2022-04-27 00:00:00+00:00,2180,SB11,18.9,-300000000.0,notional_at_entry,short,-13123.0,short,1595764433.6000009,0
2022-04-28 00:00:00+00:00,2181,SB11,19.23,-300000000.0,notional_at_entry,short,-13123.0,short,1590914172.8000007,0
2022-04-29 00:00:00+00:00,2182,SB11,19.15,-300000000.0,notional_at_entry,short,-13123.0,short,1592089993.6000009,0
2022-05-02 00:00:00+00:00,2183,SB11,18.85,-300000000.0,notional_at_entry,short,-13123.0,short,1596499321.6000006,0
2022-05-03 00:00:00+00:00,2184,SB11,18.62,300000000.0,notional_at_entry,long,14385.0,long,1599879806.4000008,1
2022-05-04 00:00:00+00:00,2185,SB11,18.62,300000000.0,notional_at_entry,long,14385.0,long,1599879806.4000008,0
2022-05-05 00:00:00+00:00,2186,SB11,18.78,300000000.0,notional_at_entry,long,14385.0,long,1602457598.4000008,0
2022-05-06 00:00:00+00:00,2187,SB11,19.16,300000000.0,notional_at_entry,long,14385.0,long,1608579854.4000008,0
2022-05-09 00:00:00+00:00,2188,SB11,18.66,300000000.0,notional_at_entry,long,14385.0,long,1600524254.4000008,0
2022-05-10 00:00:00+00:00,2189,SB11,18.54,300000000.0,notional_at_entry,long,14385.0,long,1598590910.4000008,0
2022-05-11 00:00:00+00:00,2190,SB11,18.55,300000000.0,notional_at_entry,long,14385.0,long,1598752022.4000008,0
2022-05-12 00:00:00+00:00,2191,SB11,18.64,300000000.0,notional_at_entry,long,14385.0,long,1600202030.4000008,0
2022-05-13 00:00:00+00:00,2192,SB11,19.17,300000000.0,notional_at_entry,long,14385.0,long,1608740966.4000008,0
2022-05-16 00:00:00+00:00,2193,SB11,19.68,300000000.0,notional_at_entry,long,14385.0,long,1616957678.4000008,0
2022-05-17 00:00:00+00:00,2194,SB11,20.0,300000000.0,notional_at_entry,long,14385.0,long,1622113262.4000008,0
2022-05-18 00:00:00+00:00,2195,SB11,19.83,300000000.0,notional_at_entry,long,14385.0,long,1619374358.4000008,0
2022-05-19 00:00:00+00:00,2196,SB11,19.77,300000000.0,notional_at_entry,long,14385.0,long,1618407686.4000008,0
2022-05-20 00:00:00+00:00,2197,SB11,19.95,300000000.0,notional_at_entry,long,14385.0,long,1621307702.4000008,0
2022-05-23 00:00:00+00:00,2198,SB11,19.77,300000000.0,notional_at_entry,long,14385.0,long,1618407686.4000008,0
2022-05-24 00:00:00+00:00,2199,SB11,19.75,300000000.0,notional_at_entry,long,14385.0,long,1618085462.4000008,0
2022-05-25 00:00:00+00:00,2200,SB11,19.68,300000000.0,notional_at_entry,long,14385.0,long,1616957678.4000008,0
2022-05-26 00:00:00+00:00,2201,SB11,19.54,300000000.0,notional_at_entry,long,14385.0,long,1614702110.4000008,0
2022-05-27 00:00:00+00:00,2202,SB11,19.61,300000000.0,notional_at_entry,long,14385.0,long,1615829894.4000008,0
2022-05-31 00:00:00+00:00,2203,SB11,19.4,300000000.0,notional_at_entry,long,14385.0,long,1612446542.4000008,0
2022-06-01 00:00:00+00:00,2204,SB11,19.44,300000000.0,notional_at_entry,long,14385.0,long,1613090990.4000008,0
2022-06-02 00:00:00+00:00,2205,SB11,19.35,300000000.0,notional_at_entry,long,14385.0,long,1611640982.4000008,0
2022-06-03 00:00:00+00:00,2206,SB11,19.29,300000000.0,notional_at_entry,long,14385.0,long,1610674310.4000008,0
2022-06-06 00:00:00+00:00,2207,SB11,19.56,300000000.0,notional_at_entry,long,14385.0,long,1615024334.4000008,0
2022-06-07 00:00:00+00:00,2208,SB11,18.97,300000000.0,notional_at_entry,long,14385.0,long,1605518726.4000008,0
2022-06-08 00:00:00+00:00,2209,SB11,18.98,300000000.0,notional_at_entry,long,14385.0,long,1605679838.4000008,0
2022-06-09 00:00:00+00:00,2210,SB11,19.29,300000000.0,notional_at_entry,long,14385.0,long,1610674310.4000008,0
2022-06-10 00:00:00+00:00,2211,SB11,18.87,300000000.0,notional_at_entry,long,14385.0,long,1603907606.4000008,0
2022-06-13 00:00:00+00:00,2212,SB11,18.71,300000000.0,notional_at_entry,long,14385.0,long,1601329814.4000008,0
2022-06-14 00:00:00+00:00,2213,SB11,18.8,300000000.0,notional_at_entry,long,14385.0,long,1602779822.4000008,0
2022-06-15 00:00:00+00:00,2214,SB11,18.57,300000000.0,notional_at_entry,long,14385.0,long,1599074246.4000008,0
2022-06-16 00:00:00+00:00,2215,SB11,18.67,300000000.0,notional_at_entry,long,14385.0,long,1600685366.4000008,0
2022-06-17 00:00:00+00:00,2216,SB11,18.73,300000000.0,notional_at_entry,long,14385.0,long,1601652038.4000008,0
2022-06-21 00:00:00+00:00,2217,SB11,18.78,300000000.0,notional_at_entry,long,14385.0,long,1602457598.4000008,0
2022-06-22 00:00:00+00:00,2218,SB11,18.49,300000000.0,notional_at_entry,long,14385.0,long,1597785350.4000008,0
2022-06-23 00:00:00+00:00,2219,SB11,18.36,300000000.0,notional_at_entry,long,14385.0,long,1595690894.4000008,0
2022-06-24 00:00:00+00:00,2220,SB11,18.31,300000000.0,notional_at_entry,long,14385.0,long,1594885334.4000008,0
2022-06-27 00:00:00+00:00,2221,SB11,18.26,300000000.0,notional_at_entry,long,14385.0,long,1594079774.4000008,0
2022-06-28 00:00:00+00:00,2222,SB11,18.5,300000000.0,notional_at_entry,long,14385.0,long,1597946462.4000008,0
2022-06-29 00:00:00+00:00,2223,SB11,18.51,300000000.0,notional_at_entry,long,14385.0,long,1598107574.4000008,0
2022-06-30 00:00:00+00:00,2224,SB11,18.5,300000000.0,notional_at_entry,long,14385.0,long,1597946462.4000008,0
2022-07-01 00:00:00+00:00,2225,SB11,18.07,300000000.0,notional_at_entry,long,14385.0,long,1591018646.4000008,0
2022-07-05 00:00:00+00:00,2226,SB11,17.8,300000000.0,notional_at_entry,long,14385.0,long,1586668622.4000008,0
2022-07-06 00:00:00+00:00,2227,SB11,17.99,300000000.0,notional_at_entry,long,14385.0,long,1589729750.4000008,0
2022-07-07 00:00:00+00:00,2228,SB11,18.52,300000000.0,notional_at_entry,long,14385.0,long,1598268686.4000008,0
2022-07-08 00:00:00+00:00,2229,SB11,19.02,300000000.0,notional_at_entry,long,14385.0,long,1606324286.4000008,0
2022-07-11 00:00:00+00:00,2230,SB11,18.86,300000000.0,notional_at_entry,long,14385.0,long,1603746494.4000008,0
2022-07-12 00:00:00+00:00,2231,SB11,18.69,300000000.0,notional_at_entry,long,14385.0,long,1601007590.4000008,0
2022-07-13 00:00:00+00:00,2232,SB11,19.14,300000000.0,notional_at_entry,long,14385.0,long,1608257630.4000008,0
2022-07-14 00:00:00+00:00,2233,SB11,18.97,300000000.0,notional_at_entry,long,14385.0,long,1605518726.4000008,0
2022-07-15 00:00:00+00:00,2234,SB11,19.25,300000000.0,notional_at_entry,long,14385.0,long,1610029862.4000008,0
2022-07-18 00:00:00+00:00,2235,SB11,19.41,300000000.0,notional_at_entry,long,14385.0,long,1612607654.4000008,0
2022-07-19 00:00:00+00:00,2236,SB11,18.84,300000000.0,notional_at_entry,long,14385.0,long,1603424270.4000008,0
2022-07-20 00:00:00+00:00,2237,SB11,18.67,300000000.0,notional_at_entry,long,14385.0,long,1600685366.4000008,0
2022-07-21 00:00:00+00:00,2238,SB11,18.35,300000000.0,notional_at_entry,long,14385.0,long,1595529782.4000008,0
2022-07-22 00:00:00+00:00,2239,SB11,17.89,300000000.0,notional_at_entry,long,14385.0,long,1588118630.4000008,0
2022-07-25 00:00:00+00:00,2240,SB11,17.47,300000000.0,notional_at_entry,long,14385.0,long,1581351926.4000008,0
2022-07-26 00:00:00+00:00,2241,SB11,17.47,300000000.0,notional_at_entry,long,14385.0,long,1581351926.4000008,0
2022-07-27 00:00:00+00:00,2242,SB11,17.4,300000000.0,notional_at_entry,long,14385.0,long,1580224142.4000008,0
2022-07-28 00:00:00+00:00,2243,SB11,17.72,300000000.0,notional_at_entry,long,14385.0,long,1585379726.4000008,0
2022-07-29 00:00:00+00:00,2244,SB11,17.54,300000000.0,notional_at_entry,long,14385.0,long,1582479710.4000008,0
2022-08-01 00:00:00+00:00,2245,SB11,17.6,300000000.0,notional_at_entry,long,14385.0,long,1583446382.4000008,0
2022-08-02 00:00:00+00:00,2246,SB11,17.69,300000000.0,notional_at_entry,long,14385.0,long,1584896390.4000008,0
2022-08-03 00:00:00+00:00,2247,SB11,17.77,300000000.0,notional_at_entry,long,14385.0,long,1586185286.4000008,0
2022-08-04 00:00:00+00:00,2248,SB11,17.55,300000000.0,notional_at_entry,long,14385.0,long,1582640822.4000008,0
2022-08-05 00:00:00+00:00,2249,SB11,17.94,300000000.0,notional_at_entry,long,14385.0,long,1588924190.4000008,0
2022-08-08 00:00:00+00:00,2250,SB11,17.96,300000000.0,notional_at_entry,long,14385.0,long,1589246414.4000008,0
2022-08-09 00:00:00+00:00,2251,SB11,17.98,300000000.0,notional_at_entry,long,14385.0,long,1589568638.4000008,0
2022-08-10 00:00:00+00:00,2252,SB11,18.28,300000000.0,notional_at_entry,long,14385.0,long,1594401998.4000008,0
2022-08-11 00:00:00+00:00,2253,SB11,18.49,300000000.0,notional_at_entry,long,14385.0,long,1597785350.4000008,0
2022-08-12 00:00:00+00:00,2254,SB11,18.6,300000000.0,notional_at_entry,long,14385.0,long,1599557582.4000008,0
2022-08-15 00:00:00+00:00,2255,SB11,18.54,300000000.0,notional_at_entry,long,14385.0,long,1598590910.4000008,0
2022-08-16 00:00:00+00:00,2256,SB11,18.27,300000000.0,notional_at_entry,long,14385.0,long,1594240886.4000008,0
2022-08-17 00:00:00+00:00,2257,SB11,18.24,300000000.0,notional_at_entry,long,14385.0,long,1593757550.4000008,0
2022-08-18 00:00:00+00:00,2258,SB11,17.77,300000000.0,notional_at_entry,long,14385.0,long,1586185286.4000008,0
2022-08-19 00:00:00+00:00,2259,SB11,18.09,300000000.0,notional_at_entry,long,14385.0,long,1591340870.4000008,0
2022-08-22 00:00:00+00:00,2260,SB11,17.94,300000000.0,notional_at_entry,long,14385.0,long,1588924190.4000008,0
2022-08-23 00:00:00+00:00,2261,SB11,17.89,300000000.0,notional_at_entry,long,14385.0,long,1588118630.4000008,0
2022-08-24 00:00:00+00:00,2262,SB11,18.04,300000000.0,notional_at_entry,long,14385.0,long,1590535310.4000008,0
2022-08-25 00:00:00+00:00,2263,SB11,17.9,300000000.0,notional_at_entry,long,14385.0,long,1588279742.4000008,0
2022-08-26 00:00:00+00:00,2264,SB11,18.47,300000000.0,notional_at_entry,long,14385.0,long,1597463126.4000008,0
2022-08-29 00:00:00+00:00,2265,SB11,18.44,300000000.0,notional_at_entry,long,14385.0,long,1596979790.4000008,0
2022-08-30 00:00:00+00:00,2266,SB11,18.1,300000000.0,notional_at_entry,long,14385.0,long,1591501982.4000008,0
2022-08-31 00:00:00+00:00,2267,SB11,17.89,300000000.0,notional_at_entry,long,14385.0,long,1588118630.4000008,0
2022-09-01 00:00:00+00:00,2268,SB11,17.99,300000000.0,notional_at_entry,long,14385.0,long,1589729750.4000008,0
2022-09-02 00:00:00+00:00,2269,SB11,18.15,300000000.0,notional_at_entry,long,14385.0,long,1592307542.4000008,0
2022-09-06 00:00:00+00:00,2270,SB11,17.98,300000000.0,notional_at_entry,long,14385.0,long,1589568638.4000008,0
2022-09-07 00:00:00+00:00,2271,SB11,18.05,300000000.0,notional_at_entry,long,14385.0,long,1590696422.4000008,0
2022-09-08 00:00:00+00:00,2272,SB11,17.93,300000000.0,notional_at_entry,long,14385.0,long,1588763078.4000008,0
2022-09-09 00:00:00+00:00,2273,SB11,18.22,300000000.0,notional_at_entry,long,14385.0,long,1593435326.4000008,0
2022-09-12 00:00:00+00:00,2274,SB11,18.35,-300000000.0,notional_at_entry,short,-14597.0,short,1595529782.4000008,1
2022-09-13 00:00:00+00:00,2275,SB11,17.98,-300000000.0,notional_at_entry,short,-14597.0,short,1601578779.2000008,0
2022-09-14 00:00:00+00:00,2276,SB11,17.97,-300000000.0,notional_at_entry,short,-14597.0,short,1601742265.6000009,0
2022-09-15 00:00:00+00:00,2277,SB11,17.88,-300000000.0,notional_at_entry,short,-14597.0,short,1603213643.2000008,0
2022-09-16 00:00:00+00:00,2278,SB11,17.56,-300000000.0,notional_at_entry,short,-14597.0,short,1608445208.000001,0
2022-09-19 00:00:00+00:00,2279,SB11,17.37,-300000000.0,notional_at_entry,short,-14597.0,short,1611551449.6000009,0
2022-09-20 00:00:00+00:00,2280,SB11,17.8,-300000000.0,notional_at_entry,short,-14597.0,short,1604521534.4000008,0
2022-09-21 00:00:00+00:00,2281,SB11,17.81,-300000000.0,notional_at_entry,short,-14597.0,short,1604358048.000001,0
2022-09-22 00:00:00+00:00,2282,SB11,18.0,-300000000.0,notional_at_entry,short,-14597.0,short,1601251806.4000008,0
2022-09-23 00:00:00+00:00,2283,SB11,17.64,-300000000.0,notional_at_entry,short,-14597.0,short,1607137316.800001,0
2022-09-26 00:00:00+00:00,2284,SB11,17.62,-300000000.0,notional_at_entry,short,-14597.0,short,1607464289.6000009,0
2022-09-27 00:00:00+00:00,2285,SB11,17.59,-300000000.0,notional_at_entry,short,-14597.0,short,1607954748.800001,0
2022-09-28 00:00:00+00:00,2286,SB11,17.71,-300000000.0,notional_at_entry,short,-14597.0,short,1605992912.0000007,0
2022-09-29 00:00:00+00:00,2287,SB11,17.77,-300000000.0,notional_at_entry,short,-14597.0,short,1605011993.6000009,0
2022-09-30 00:00:00+00:00,2288,SB11,17.68,-300000000.0,notional_at_entry,short,-14597.0,short,1606483371.2000008,0
2022-10-03 00:00:00+00:00,2289,SB11,17.42,-300000000.0,notional_at_entry,short,-14597.0,short,1610734017.6000009,0
2022-10-04 00:00:00+00:00,2290,SB11,17.91,-300000000.0,notional_at_entry,short,-14597.0,short,1602723184.0000007,0
2022-10-05 00:00:00+00:00,2291,SB11,17.95,-300000000.0,notional_at_entry,short,-14597.0,short,1602069238.4000008,0
2022-10-06 00:00:00+00:00,2292,SB11,18.46,-300000000.0,notional_at_entry,short,-14597.0,short,1593731432.0000007,0
2022-10-07 00:00:00+00:00,2293,SB11,18.68,-300000000.0,notional_at_entry,short,-14597.0,short,1590134731.2000008,0
2022-10-10 00:00:00+00:00,2294,SB11,18.61,-300000000.0,notional_at_entry,short,-14597.0,short,1591279136.000001,0
2022-10-11 00:00:00+00:00,2295,SB11,18.74,-300000000.0,notional_at_entry,short,-14597.0,short,1589153812.800001,0
2022-10-12 00:00:00+00:00,2296,SB11,18.68,-300000000.0,notional_at_entry,short,-14597.0,short,1590134731.2000008,0
2022-10-13 00:00:00+00:00,2297,SB11,18.81,-300000000.0,notional_at_entry,short,-14597.0,short,1588009408.000001,0
2022-10-14 00:00:00+00:00,2298,SB11,18.84,-300000000.0,notional_at_entry,short,-14597.0,short,1587518948.800001,0
2022-10-17 00:00:00+00:00,2299,SB11,18.77,-300000000.0,notional_at_entry,short,-14597.0,short,1588663353.6000009,0
2022-10-18 00:00:00+00:00,2300,SB11,18.67,-300000000.0,notional_at_entry,short,-14597.0,short,1590298217.6000009,0
2022-10-19 00:00:00+00:00,2301,SB11,18.65,-300000000.0,notional_at_entry,short,-14597.0,short,1590625190.4000008,0
2022-10-20 00:00:00+00:00,2302,SB11,18.39,-300000000.0,notional_at_entry,short,-14597.0,short,1594875836.800001,0
2022-10-21 00:00:00+00:00,2303,SB11,18.38,-300000000.0,notional_at_entry,short,-14597.0,short,1595039323.2000008,0
2022-10-24 00:00:00+00:00,2304,SB11,18.13,-300000000.0,notional_at_entry,short,-14597.0,short,1599126483.2000008,0
2022-10-25 00:00:00+00:00,2305,SB11,18.11,-300000000.0,notional_at_entry,short,-14597.0,short,1599453456.000001,0
2022-10-26 00:00:00+00:00,2306,SB11,17.86,-300000000.0,notional_at_entry,short,-14597.0,short,1603540616.000001,0
2022-10-27 00:00:00+00:00,2307,SB11,17.71,-300000000.0,notional_at_entry,short,-14597.0,short,1605992912.0000007,0
2022-10-28 00:00:00+00:00,2308,SB11,17.58,-300000000.0,notional_at_entry,short,-14597.0,short,1608118235.2000008,0
2022-10-31 00:00:00+00:00,2309,SB11,17.97,-300000000.0,notional_at_entry,short,-14597.0,short,1601742265.6000009,0
2022-11-01 00:00:00+00:00,2310,SB11,18.43,-300000000.0,notional_at_entry,short,-14597.0,short,1594221891.2000008,0
2022-11-02 00:00:00+00:00,2311,SB11,18.47,-300000000.0,notional_at_entry,short,-14597.0,short,1593567945.6000009,0
2022-11-03 00:00:00+00:00,2312,SB11,18.47,-300000000.0,notional_at_entry,short,-14597.0,short,1593567945.6000009,0
2022-11-04 00:00:00+00:00,2313,SB11,18.71,-300000000.0,notional_at_entry,short,-14597.0,short,1589644272.0000007,0
2022-11-07 00:00:00+00:00,2314,SB11,18.68,-300000000.0,notional_at_entry,short,-14597.0,short,1590134731.2000008,0
2022-11-08 00:00:00+00:00,2315,SB11,19.0,-300000000.0,notional_at_entry,short,-14597.0,short,1584903166.4000008,0
2022-11-09 00:00:00+00:00,2316,SB11,19.38,-300000000.0,notional_at_entry,short,-14597.0,short,1578690683.2000008,0
2022-11-10 00:00:00+00:00,2317,SB11,19.41,-300000000.0,notional_at_entry,short,-14597.0,short,1578200224.0000007,0
2022-11-11 00:00:00+00:00,2318,SB11,19.64,-300000000.0,notional_at_entry,short,-14597.0,short,1574440036.800001,0
2022-11-14 00:00:00+00:00,2319,SB11,19.83,-300000000.0,notional_at_entry,short,-14597.0,short,1571333795.2000008,0
2022-11-15 00:00:00+00:00,2320,SB11,20.29,-300000000.0,notional_at_entry,short,-14597.0,short,1563813420.800001,0
2022-11-16 00:00:00+00:00,2321,SB11,20.27,-300000000.0,notional_at_entry,short,-14597.0,short,1564140393.6000009,0
2022-11-17 00:00:00+00:00,2322,SB11,19.73,-300000000.0,notional_at_entry,short,-14597.0,short,1572968659.2000008,0
2022-11-18 00:00:00+00:00,2323,SB11,20.05,-300000000.0,notional_at_entry,short,-14597.0,short,1567737094.4000008,0
2022-11-21 00:00:00+00:00,2324,SB11,19.86,-300000000.0,notional_at_entry,short,-14597.0,short,1570843336.000001,0
2022-11-22 00:00:00+00:00,2325,SB11,19.74,-300000000.0,notional_at_entry,short,-14597.0,short,1572805172.800001,0
2022-11-23 00:00:00+00:00,2326,SB11,19.55,-300000000.0,notional_at_entry,short,-14597.0,short,1575911414.4000008,0
2022-11-25 00:00:00+00:00,2327,SB11,19.33,-300000000.0,notional_at_entry,short,-14597.0,short,1579508115.2000008,0
2022-11-28 00:00:00+00:00,2328,SB11,19.38,-300000000.0,notional_at_entry,short,-14597.0,short,1578690683.2000008,0
2022-11-29 00:00:00+00:00,2329,SB11,19.53,-300000000.0,notional_at_entry,short,-14597.0,short,1576238387.2000008,0
2022-11-30 00:00:00+00:00,2330,SB11,19.63,-300000000.0,notional_at_entry,short,-14597.0,short,1574603523.2000008,0
2022-12-01 00:00:00+00:00,2331,SB11,19.62,-300000000.0,notional_at_entry,short,-14597.0,short,1574767009.6000009,0
2022-12-02 00:00:00+00:00,2332,SB11,19.48,-300000000.0,notional_at_entry,short,-14597.0,short,1577055819.2000008,0
2022-12-05 00:00:00+00:00,2333,SB11,19.55,-300000000.0,notional_at_entry,short,-14597.0,short,1575911414.4000008,0
2022-12-06 00:00:00+00:00,2334,SB11,19.39,300000000.0,notional_at_entry,long,13814.0,long,1578527196.800001,1
2022-12-07 00:00:00+00:00,2335,SB11,19.48,300000000.0,notional_at_entry,long,13814.0,long,1579919648.000001,0
2022-12-08 00:00:00+00:00,2336,SB11,19.68,300000000.0,notional_at_entry,long,13814.0,long,1583013984.000001,0
2022-12-09 00:00:00+00:00,2337,SB11,19.6,300000000.0,notional_at_entry,long,13814.0,long,1581776249.6000009,0
2022-12-12 00:00:00+00:00,2338,SB11,19.38,300000000.0,notional_at_entry,long,13814.0,long,1578372480.000001,0
2022-12-13 00:00:00+00:00,2339,SB11,19.76,300000000.0,notional_at_entry,long,13814.0,long,1584251718.4000008,0
2022-12-14 00:00:00+00:00,2340,SB11,20.29,300000000.0,notional_at_entry,long,13814.0,long,1592451708.800001,0
2022-12-15 00:00:00+00:00,2341,SB11,19.98,300000000.0,notional_at_entry,long,13814.0,long,1587655488.000001,0
2022-12-16 00:00:00+00:00,2342,SB11,20.09,300000000.0,notional_at_entry,long,13814.0,long,1589357372.800001,0
2022-12-19 00:00:00+00:00,2343,SB11,20.14,300000000.0,notional_at_entry,long,13814.0,long,1590130956.800001,0
2022-12-20 00:00:00+00:00,2344,SB11,20.58,300000000.0,notional_at_entry,long,13814.0,long,1596938496.000001,0
2022-12-21 00:00:00+00:00,2345,SB11,20.75,300000000.0,notional_at_entry,long,13814.0,long,1599568681.6000009,0
2022-12-22 00:00:00+00:00,2346,SB11,20.89,300000000.0,notional_at_entry,long,13814.0,long,1601734716.800001,0
2022-12-23 00:00:00+00:00,2347,SB11,20.98,300000000.0,notional_at_entry,long,13814.0,long,1603127168.000001,0
2022-12-27 00:00:00+00:00,2348,SB11,20.32,300000000.0,notional_at_entry,long,13814.0,long,1592915859.200001,0
2022-12-28 00:00:00+00:00,2349,SB11,20.16,300000000.0,notional_at_entry,long,13814.0,long,1590440390.4000008,0
2022-12-29 00:00:00+00:00,2350,SB11,20.29,300000000.0,notional_at_entry,long,13814.0,long,1592451708.800001,0
2022-12-30 00:00:00+00:00,2351,SB11,20.04,300000000.0,notional_at_entry,long,13814.0,long,1588583788.800001,0
2023-01-03 00:00:00+00:00,2352,SB11,19.7,300000000.0,notional_at_entry,long,13814.0,long,1583323417.6000009,0
2023-01-04 00:00:00+00:00,2353,SB11,19.54,300000000.0,notional_at_entry,long,13814.0,long,1580847948.800001,0
2023-01-05 00:00:00+00:00,2354,SB11,19.34,300000000.0,notional_at_entry,long,13814.0,long,1577753612.800001,0
2023-01-06 00:00:00+00:00,2355,SB11,18.96,300000000.0,notional_at_entry,long,13814.0,long,1571874374.4000008,0
2023-01-09 00:00:00+00:00,2356,SB11,19.17,300000000.0,notional_at_entry,long,13814.0,long,1575123427.200001,0
2023-01-10 00:00:00+00:00,2357,SB11,19.64,300000000.0,notional_at_entry,long,13814.0,long,1582395116.800001,0
2023-01-11 00:00:00+00:00,2358,SB11,19.65,300000000.0,notional_at_entry,long,13814.0,long,1582549833.6000009,0
2023-01-12 00:00:00+00:00,2359,SB11,19.59,300000000.0,notional_at_entry,long,13814.0,long,1581621532.800001,0
2023-01-13 00:00:00+00:00,2360,SB11,19.73,300000000.0,notional_at_entry,long,13814.0,long,1583787568.000001,0
2023-01-17 00:00:00+00:00,2361,SB11,20.14,300000000.0,notional_at_entry,long,13814.0,long,1590130956.800001,0
2023-01-18 00:00:00+00:00,2362,SB11,19.82,300000000.0,notional_at_entry,long,13814.0,long,1585180019.200001,0
2023-01-19 00:00:00+00:00,2363,SB11,19.68,300000000.0,notional_at_entry,long,13814.0,long,1583013984.000001,0
2023-01-20 00:00:00+00:00,2364,SB11,19.72,300000000.0,notional_at_entry,long,13814.0,long,1583632851.2000008,0
2023-01-23 00:00:00+00:00,2365,SB11,19.7,300000000.0,notional_at_entry,long,13814.0,long,1583323417.6000009,0
2023-01-24 00:00:00+00:00,2366,SB11,19.88,300000000.0,notional_at_entry,long,13814.0,long,1586108320.000001,0
2023-01-25 00:00:00+00:00,2367,SB11,20.11,300000000.0,notional_at_entry,long,13814.0,long,1589666806.4000008,0
2023-01-26 00:00:00+00:00,2368,SB11,20.68,300000000.0,notional_at_entry,long,13814.0,long,1598485664.000001,0
2023-01-27 00:00:00+00:00,2369,SB11,20.96,300000000.0,notional_at_entry,long,13814.0,long,1602817734.4000008,0
2023-01-30 00:00:00+00:00,2370,SB11,21.21,300000000.0,notional_at_entry,long,13814.0,long,1606685654.4000008,0
2023-01-31 00:00:00+00:00,2371,SB11,21.76,300000000.0,notional_at_entry,long,13814.0,long,1615195078.4000008,0
2023-02-01 00:00:00+00:00,2372,SB11,21.37,300000000.0,notional_at_entry,long,13814.0,long,1609161123.200001,0
2023-02-02 00:00:00+00:00,2373,SB11,21.66,300000000.0,notional_at_entry,long,13814.0,long,1613647910.4000008,0
2023-02-03 00:00:00+00:00,2374,SB11,21.24,300000000.0,notional_at_entry,long,13814.0,long,1607149804.800001,0
2023-02-06 00:00:00+00:00,2375,SB11,20.66,300000000.0,notional_at_entry,long,13814.0,long,1598176230.4000008,0
2023-02-07 00:00:00+00:00,2376,SB11,20.84,300000000.0,notional_at_entry,long,13814.0,long,1600961132.800001,0
2023-02-08 00:00:00+00:00,2377,SB11,21.2,300000000.0,notional_at_entry,long,13814.0,long,1606530937.6000009,0
2023-02-09 00:00:00+00:00,2378,SB11,21.45,300000000.0,notional_at_entry,long,13814.0,long,1610398857.6000009,0
2023-02-10 00:00:00+00:00,2379,SB11,20.04,300000000.0,notional_at_entry,long,13814.0,long,1588583788.800001,0
2023-02-13 00:00:00+00:00,2380,SB11,19.68,300000000.0,notional_at_entry,long,13814.0,long,1583013984.000001,0
2023-02-14 00:00:00+00:00,2381,SB11,20.0,300000000.0,notional_at_entry,long,13814.0,long,1587964921.6000009,0
2023-02-15 00:00:00+00:00,2382,SB11,19.72,300000000.0,notional_at_entry,long,13814.0,long,1583632851.2000008,0
2023-02-16 00:00:00+00:00,2383,SB11,19.77,300000000.0,notional_at_entry,long,13814.0,long,1584406435.200001,0
2023-02-17 00:00:00+00:00,2384,SB11,19.8,300000000.0,notional_at_entry,long,13814.0,long,1584870585.6000009,0
2023-02-21 00:00:00+00:00,2385,SB11,19.93,300000000.0,notional_at_entry,long,13814.0,long,1586881904.000001,0
2023-02-22 00:00:00+00:00,2386,SB11,19.9,300000000.0,notional_at_entry,long,13814.0,long,1586417753.6000009,0
2023-02-23 00:00:00+00:00,2387,SB11,20.34,300000000.0,notional_at_entry,long,13814.0,long,1593225292.800001,0
2023-02-24 00:00:00+00:00,2388,SB11,19.67,300000000.0,notional_at_entry,long,13814.0,long,1582859267.200001,0
2023-02-27 00:00:00+00:00,2389,SB11,20.29,300000000.0,notional_at_entry,long,13814.0,long,1592451708.800001,0
2023-02-28 00:00:00+00:00,2390,SB11,20.07,300000000.0,notional_at_entry,long,13814.0,long,1589047939.200001,0
2023-03-01 00:00:00+00:00,2391,SB11,20.57,300000000.0,notional_at_entry,long,13814.0,long,1596783779.200001,0
2023-03-02 00:00:00+00:00,2392,SB11,20.31,300000000.0,notional_at_entry,long,13814.0,long,1592761142.4000008,0
2023-03-03 00:00:00+00:00,2393,SB11,20.92,300000000.0,notional_at_entry,long,13814.0,long,1602198867.200001,0
2023-03-06 00:00:00+00:00,2394,SB11,20.87,300000000.0,notional_at_entry,long,13814.0,long,1601425283.200001,0
2023-03-07 00:00:00+00:00,2395,SB11,21.02,300000000.0,notional_at_entry,long,13814.0,long,1603746035.200001,0
2023-03-08 00:00:00+00:00,2396,SB11,20.88,300000000.0,notional_at_entry,long,13814.0,long,1601580000.000001,0
2023-03-09 00:00:00+00:00,2397,SB11,21.15,300000000.0,notional_at_entry,long,13814.0,long,1605757353.6000009,0
2023-03-10 00:00:00+00:00,2398,SB11,21.16,300000000.0,notional_at_entry,long,13814.0,long,1605912070.4000008,0
2023-03-13 00:00:00+00:00,2399,SB11,20.8,300000000.0,notional_at_entry,long,13814.0,long,1600342265.6000009,0
2023-03-14 00:00:00+00:00,2400,SB11,20.68,300000000.0,notional_at_entry,long,13814.0,long,1598485664.000001,0
2023-03-15 00:00:00+00:00,2401,SB11,20.5,300000000.0,notional_at_entry,long,13814.0,long,1595700761.6000009,0
2023-03-16 00:00:00+00:00,2402,SB11,20.76,300000000.0,notional_at_entry,long,13814.0,long,1599723398.4000008,0
2023-03-17 00:00:00+00:00,2403,SB11,20.67,300000000.0,notional_at_entry,long,13814.0,long,1598330947.200001,0
2023-03-20 00:00:00+00:00,2404,SB11,20.48,300000000.0,notional_at_entry,long,13814.0,long,1595391328.000001,0
2023-03-21 00:00:00+00:00,2405,SB11,20.8,300000000.0,notional_at_entry,long,13814.0,long,1600342265.6000009,0
2023-03-22 00:00:00+00:00,2406,SB11,21.14,300000000.0,notional_at_entry,long,13814.0,long,1605602636.800001,0
2023-03-23 00:00:00+00:00,2407,SB11,20.89,300000000.0,notional_at_entry,long,13814.0,long,1601734716.800001,0
2023-03-24 00:00:00+00:00,2408,SB11,20.82,300000000.0,notional_at_entry,long,13814.0,long,1600651699.200001,0
2023-03-27 00:00:00+00:00,2409,SB11,20.93,300000000.0,notional_at_entry,long,13814.0,long,1602353584.000001,0
2023-03-28 00:00:00+00:00,2410,SB11,21.31,300000000.0,notional_at_entry,long,13814.0,long,1608232822.4000008,0
2023-03-29 00:00:00+00:00,2411,SB11,21.25,300000000.0,notional_at_entry,long,13814.0,long,1607304521.6000009,0
2023-03-30 00:00:00+00:00,2412,SB11,21.96,300000000.0,notional_at_entry,long,13814.0,long,1618289414.4000008,0
2023-03-31 00:00:00+00:00,2413,SB11,22.25,300000000.0,notional_at_entry,long,13814.0,long,1622776201.6000009,0
2023-04-03 00:00:00+00:00,2414,SB11,22.4,300000000.0,notional_at_entry,long,13814.0,long,1625096953.6000009,0
2023-04-04 00:00:00+00:00,2415,SB11,22.47,300000000.0,notional_at_entry,long,13814.0,long,1626179971.2000008,0
2023-04-05 00:00:00+00:00,2416,SB11,22.95,300000000.0,notional_at_entry,long,13814.0,long,1633606377.6000009,0
2023-04-06 00:00:00+00:00,2417,SB11,23.61,300000000.0,notional_at_entry,long,13814.0,long,1643817686.4000008,0
2023-04-10 00:00:00+00:00,2418,SB11,23.56,300000000.0,notional_at_entry,long,13814.0,long,1643044102.4000008,0
2023-04-11 00:00:00+00:00,2419,SB11,24.37,300000000.0,notional_at_entry,long,13814.0,long,1655576163.200001,0
2023-04-12 00:00:00+00:00,2420,SB11,24.05,300000000.0,notional_at_entry,long,13814.0,long,1650625225.6000009,0
2023-04-13 00:00:00+00:00,2421,SB11,23.39,300000000.0,notional_at_entry,long,13814.0,long,1640413916.800001,0
2023-04-14 00:00:00+00:00,2422,SB11,23.46,300000000.0,notional_at_entry,long,13814.0,long,1641496934.4000008,0
2023-04-17 00:00:00+00:00,2423,SB11,23.8,300000000.0,notional_at_entry,long,13814.0,long,1646757305.6000009,0
2023-04-18 00:00:00+00:00,2424,SB11,23.94,300000000.0,notional_at_entry,long,13814.0,long,1648923340.800001,0
2023-04-19 00:00:00+00:00,2425,SB11,23.85,300000000.0,notional_at_entry,long,13814.0,long,1647530889.6000009,0
2023-04-20 00:00:00+00:00,2426,SB11,24.74,300000000.0,notional_at_entry,long,13814.0,long,1661300684.800001,0
2023-04-21 00:00:00+00:00,2427,SB11,24.34,300000000.0,notional_at_entry,long,13814.0,long,1655112012.800001,0
2023-04-24 00:00:00+00:00,2428,SB11,25.32,300000000.0,notional_at_entry,long,13814.0,long,1670274259.200001,0
2023-04-25 00:00:00+00:00,2429,SB11,25.97,300000000.0,notional_at_entry,long,13814.0,long,1680330851.2000008,0
2023-04-26 00:00:00+00:00,2430,SB11,25.78,300000000.0,notional_at_entry,long,13814.0,long,1677391232.000001,0
2023-04-27 00:00:00+00:00,2431,SB11,26.35,300000000.0,notional_at_entry,long,13814.0,long,1686210089.6000009,0
2023-04-28 00:00:00+00:00,2432,SB11,26.35,300000000.0,notional_at_entry,long,13814.0,long,1686210089.6000009,0
2023-05-01 00:00:00+00:00,2433,SB11,25.54,300000000.0,notional_at_entry,long,13814.0,long,1673678028.800001,0
2023-05-02 00:00:00+00:00,2434,SB11,25.14,300000000.0,notional_at_entry,long,13814.0,long,1667489356.800001,0
2023-05-03 00:00:00+00:00,2435,SB11,25.17,300000000.0,notional_at_entry,long,13814.0,long,1667953507.200001,0
2023-05-04 00:00:00+00:00,2436,SB11,25.52,300000000.0,notional_at_entry,long,13814.0,long,1673368595.200001,0
2023-05-05 00:00:00+00:00,2437,SB11,26.32,300000000.0,notional_at_entry,long,13814.0,long,1685745939.200001,0
2023-05-08 00:00:00+00:00,2438,SB11,26.09,300000000.0,notional_at_entry,long,13814.0,long,1682187452.800001,0
2023-05-09 00:00:00+00:00,2439,SB11,26.19,300000000.0,notional_at_entry,long,13814.0,long,1683734620.800001,0
2023-05-10 00:00:00+00:00,2440,SB11,26.66,300000000.0,notional_at_entry,long,13814.0,long,1691006310.4000008,0
2023-05-11 00:00:00+00:00,2441,SB11,26.02,300000000.0,notional_at_entry,long,13814.0,long,1681104435.200001,0
2023-05-12 00:00:00+00:00,2442,SB11,26.22,300000000.0,notional_at_entry,long,13814.0,long,1684198771.2000008,0
2023-05-15 00:00:00+00:00,2443,SB11,26.29,300000000.0,notional_at_entry,long,13814.0,long,1685281788.800001,0
2023-05-16 00:00:00+00:00,2444,SB11,26.07,300000000.0,notional_at_entry,long,13814.0,long,1681878019.200001,0
2023-05-17 00:00:00+00:00,2445,SB11,25.91,300000000.0,notional_at_entry,long,13814.0,long,1679402550.4000008,0
2023-05-18 00:00:00+00:00,2446,SB11,25.61,300000000.0,notional_at_entry,long,13814.0,long,1674761046.4000008,0
2023-05-19 00:00:00+00:00,2447,SB11,25.78,300000000.0,notional_at_entry,long,13814.0,long,1677391232.000001,0
2023-05-22 00:00:00+00:00,2448,SB11,25.99,300000000.0,notional_at_entry,long,13814.0,long,1680640284.800001,0
2023-05-23 00:00:00+00:00,2449,SB11,25.81,300000000.0,notional_at_entry,long,13814.0,long,1677855382.4000008,0
2023-05-24 00:00:00+00:00,2450,SB11,25.49,300000000.0,notional_at_entry,long,13814.0,long,1672904444.800001,0
2023-05-25 00:00:00+00:00,2451,SB11,24.83,300000000.0,notional_at_entry,long,13814.0,long,1662693136.000001,0
2023-05-26 00:00:00+00:00,2452,SB11,25.37,300000000.0,notional_at_entry,long,13814.0,long,1671047843.200001,0
2023-05-30 00:00:00+00:00,2453,SB11,25.33,300000000.0,notional_at_entry,long,13814.0,long,1670428976.000001,0
2023-05-31 00:00:00+00:00,2454,SB11,25.06,300000000.0,notional_at_entry,long,13814.0,long,1666251622.4000008,0
2023-06-01 00:00:00+00:00,2455,SB11,24.88,300000000.0,notional_at_entry,long,13814.0,long,1663466720.000001,0
2023-06-02 00:00:00+00:00,2456,SB11,24.73,300000000.0,notional_at_entry,long,13814.0,long,1661145968.000001,0
2023-06-05 00:00:00+00:00,2457,SB11,24.4,300000000.0,notional_at_entry,long,13814.0,long,1656040313.6000009,0
2023-06-06 00:00:00+00:00,2458,SB11,24.58,300000000.0,notional_at_entry,long,13814.0,long,1658825216.000001,0
2023-06-07 00:00:00+00:00,2459,SB11,24.5,300000000.0,notional_at_entry,long,13814.0,long,1657587481.6000009,0
2023-06-08 00:00:00+00:00,2460,SB11,25.48,300000000.0,notional_at_entry,long,13814.0,long,1672749728.000001,0
2023-06-09 00:00:00+00:00,2461,SB11,25.38,300000000.0,notional_at_entry,long,13814.0,long,1671202560.000001,0
2023-06-12 00:00:00+00:00,2462,SB11,25.47,300000000.0,notional_at_entry,long,13814.0,long,1672595011.2000008,0
2023-06-13 00:00:00+00:00,2463,SB11,24.77,300000000.0,notional_at_entry,long,13814.0,long,1661764835.200001,0
2023-06-14 00:00:00+00:00,2464,SB11,25.37,300000000.0,notional_at_entry,long,13814.0,long,1671047843.200001,0
2023-06-15 00:00:00+00:00,2465,SB11,25.63,300000000.0,notional_at_entry,long,13814.0,long,1675070480.000001,0
2023-06-16 00:00:00+00:00,2466,SB11,26.09,300000000.0,notional_at_entry,long,13814.0,long,1682187452.800001,0
2023-06-20 00:00:00+00:00,2467,SB11,26.03,300000000.0,notional_at_entry,long,13814.0,long,1681259152.000001,0
2023-06-21 00:00:00+00:00,2468,SB11,25.85,300000000.0,notional_at_entry,long,13814.0,long,1678474249.6000009,0
2023-06-22 00:00:00+00:00,2469,SB11,24.97,-300000000.0,notional_at_entry,short,-10727.0,short,1664859171.2000008,1
2023-06-23 00:00:00+00:00,2470,SB11,24.29,-300000000.0,notional_at_entry,short,-10727.0,short,1673028854.4000008,0
2023-06-26 00:00:00+00:00,2471,SB11,23.66,-300000000.0,notional_at_entry,short,-10727.0,short,1680597825.6000009,0
2023-06-27 00:00:00+00:00,2472,SB11,22.98,-300000000.0,notional_at_entry,short,-10727.0,short,1688767508.8000007,0
2023-06-28 00:00:00+00:00,2473,SB11,22.6,-300000000.0,notional_at_entry,short,-10727.0,short,1693332920.0000007,0
2023-06-29 00:00:00+00:00,2474,SB11,22.08,-300000000.0,notional_at_entry,short,-10727.0,short,1699580324.8000007,0
2023-06-30 00:00:00+00:00,2475,SB11,22.79,-300000000.0,notional_at_entry,short,-10727.0,short,1691050214.4000008,0
2023-07-03 00:00:00+00:00,2476,SB11,23.32,-300000000.0,notional_at_entry,short,-10727.0,short,1684682667.2000008,0
2023-07-05 00:00:00+00:00,2477,SB11,23.53,-300000000.0,notional_at_entry,short,-10727.0,short,1682159676.8000007,0
2023-07-06 00:00:00+00:00,2478,SB11,23.25,-300000000.0,notional_at_entry,short,-10727.0,short,1685523664.0000007,0
2023-07-07 00:00:00+00:00,2479,SB11,23.53,-300000000.0,notional_at_entry,short,-10727.0,short,1682159676.8000007,0
2023-07-10 00:00:00+00:00,2480,SB11,23.44,-300000000.0,notional_at_entry,short,-10727.0,short,1683240958.4000008,0
2023-07-11 00:00:00+00:00,2481,SB11,23.53,-300000000.0,notional_at_entry,short,-10727.0,short,1682159676.8000007,0
2023-07-12 00:00:00+00:00,2482,SB11,23.91,-300000000.0,notional_at_entry,short,-10727.0,short,1677594265.6000009,0
2023-07-13 00:00:00+00:00,2483,SB11,24.01,-300000000.0,notional_at_entry,short,-10727.0,short,1676392841.6000006,0
2023-07-14 00:00:00+00:00,2484,SB11,24.32,-300000000.0,notional_at_entry,short,-10727.0,short,1672668427.2000008,0
2023-07-17 00:00:00+00:00,2485,SB11,23.8,-300000000.0,notional_at_entry,short,-10727.0,short,1678915832.0000007,0
2023-07-18 00:00:00+00:00,2486,SB11,23.86,-300000000.0,notional_at_entry,short,-10727.0,short,1678194977.6000009,0
2023-07-19 00:00:00+00:00,2487,SB11,24.21,-300000000.0,notional_at_entry,short,-10727.0,short,1673989993.6000009,0
2023-07-20 00:00:00+00:00,2488,SB11,24.67,-300000000.0,notional_at_entry,short,-10727.0,short,1668463443.2000008,0
2023-07-21 00:00:00+00:00,2489,SB11,25.01,-300000000.0,notional_at_entry,short,-10727.0,short,1664378601.6000006,0
2023-07-24 00:00:00+00:00,2490,SB11,24.92,-300000000.0,notional_at_entry,short,-10727.0,short,1665459883.2000008,0
2023-07-25 00:00:00+00:00,2491,SB11,24.69,-300000000.0,notional_at_entry,short,-10727.0,short,1668223158.4000008,0
2023-07-26 00:00:00+00:00,2492,SB11,24.39,-300000000.0,notional_at_entry,short,-10727.0,short,1671827430.4000008,0
2023-07-27 00:00:00+00:00,2493,SB11,24.43,-300000000.0,notional_at_entry,short,-10727.0,short,1671346860.8000007,0
2023-07-28 00:00:00+00:00,2494,SB11,23.92,-300000000.0,notional_at_entry,short,-10727.0,short,1677474123.2000008,0
2023-07-31 00:00:00+00:00,2495,SB11,24.11,-300000000.0,notional_at_entry,short,-10727.0,short,1675191417.6000009,0
2023-08-01 00:00:00+00:00,2496,SB11,24.39,-300000000.0,notional_at_entry,short,-10727.0,short,1671827430.4000008,0
2023-08-02 00:00:00+00:00,2497,SB11,24.2,-300000000.0,notional_at_entry,short,-10727.0,short,1674110136.0000007,0
2023-08-03 00:00:00+00:00,2498,SB11,24.02,-300000000.0,notional_at_entry,short,-10727.0,short,1676272699.2000008,0
2023-08-04 00:00:00+00:00,2499,SB11,23.69,-300000000.0,notional_at_entry,short,-10727.0,short,1680237398.4000008,0
2023-08-07 00:00:00+00:00,2500,SB11,23.74,-300000000.0,notional_at_entry,short,-10727.0,short,1679636686.4000008,0
2023-08-08 00:00:00+00:00,2501,SB11,23.45,-300000000.0,notional_at_entry,short,-10727.0,short,1683120816.0000007,0
2023-08-09 00:00:00+00:00,2502,SB11,23.71,-300000000.0,notional_at_entry,short,-10727.0,short,1679997113.6000009,0
2023-08-10 00:00:00+00:00,2503,SB11,23.95,-300000000.0,notional_at_entry,short,-10727.0,short,1677113696.0000007,0
2023-08-11 00:00:00+00:00,2504,SB11,24.33,-300000000.0,notional_at_entry,short,-10727.0,short,1672548284.8000007,0
2023-08-14 00:00:00+00:00,2505,SB11,24.05,-300000000.0,notional_at_entry,short,-10727.0,short,1675912272.0000007,0
2023-08-15 00:00:00+00:00,2506,SB11,23.77,-300000000.0,notional_at_entry,short,-10727.0,short,1679276259.2000008,0
2023-08-16 00:00:00+00:00,2507,SB11,24.19,-300000000.0,notional_at_entry,short,-10727.0,short,1674230278.4000008,0
2023-08-17 00:00:00+00:00,2508,SB11,24.0,300000000.0,notional_at_entry,long,11160.0,long,1676512984.0000007,1
2023-08-18 00:00:00+00:00,2509,SB11,23.76,300000000.0,notional_at_entry,long,11160.0,long,1673513176.0000007,0
2023-08-21 00:00:00+00:00,2510,SB11,23.4,300000000.0,notional_at_entry,long,11160.0,long,1669013464.0000007,0
2023-08-22 00:00:00+00:00,2511,SB11,23.4,300000000.0,notional_at_entry,long,11160.0,long,1669013464.0000007,0
2023-08-23 00:00:00+00:00,2512,SB11,23.85,300000000.0,notional_at_entry,long,11160.0,long,1674638104.0000007,0
2023-08-24 00:00:00+00:00,2513,SB11,24.29,300000000.0,notional_at_entry,long,11160.0,long,1680137752.0000007,0
2023-08-25 00:00:00+00:00,2514,SB11,24.83,300000000.0,notional_at_entry,long,11160.0,long,1686887320.0000007,0
2023-08-28 00:00:00+00:00,2515,SB11,25.57,300000000.0,notional_at_entry,long,11160.0,long,1696136728.0000007,0
2023-08-29 00:00:00+00:00,2516,SB11,25.45,300000000.0,notional_at_entry,long,11160.0,long,1694636824.0000007,0
2023-08-30 00:00:00+00:00,2517,SB11,25.34,300000000.0,notional_at_entry,long,11160.0,long,1693261912.0000007,0
2023-08-31 00:00:00+00:00,2518,SB11,25.06,300000000.0,notional_at_entry,long,11160.0,long,1689762136.0000007,0
2023-09-01 00:00:00+00:00,2519,SB11,25.81,300000000.0,notional_at_entry,long,11160.0,long,1699136536.0000007,0
2023-09-05 00:00:00+00:00,2520,SB11,26.65,300000000.0,notional_at_entry,long,11160.0,long,1709635864.0000007,0
2023-09-06 00:00:00+00:00,2521,SB11,26.22,300000000.0,notional_at_entry,long,11160.0,long,1704261208.0000007,0
2023-09-07 00:00:00+00:00,2522,SB11,26.68,300000000.0,notional_at_entry,long,11160.0,long,1710010840.0000007,0
2023-09-08 00:00:00+00:00,2523,SB11,26.31,300000000.0,notional_at_entry,long,11160.0,long,1705386136.0000007,0
2023-09-11 00:00:00+00:00,2524,SB11,26.4,300000000.0,notional_at_entry,long,11160.0,long,1706511064.0000007,0
2023-09-12 00:00:00+00:00,2525,SB11,26.83,300000000.0,notional_at_entry,long,11160.0,long,1711885720.0000007,0
2023-09-13 00:00:00+00:00,2526,SB11,26.81,300000000.0,notional_at_entry,long,11160.0,long,1711635736.0000007,0
2023-09-14 00:00:00+00:00,2527,SB11,27.22,300000000.0,notional_at_entry,long,11160.0,long,1716760408.0000007,0
2023-09-15 00:00:00+00:00,2528,SB11,27.16,300000000.0,notional_at_entry,long,11160.0,long,1716010456.0000007,0
2023-09-18 00:00:00+00:00,2529,SB11,27.36,-300000000.0,notional_at_entry,short,-9790.0,short,1718510296.0000007,1
2023-09-19 00:00:00+00:00,2530,SB11,27.72,-300000000.0,notional_at_entry,short,-9790.0,short,1714562968.0000007,0
2023-09-20 00:00:00+00:00,2531,SB11,27.15,-300000000.0,notional_at_entry,short,-9790.0,short,1720812904.0000007,0
2023-09-21 00:00:00+00:00,2532,SB11,27.26,-300000000.0,notional_at_entry,short,-9790.0,short,1719606776.0000007,0
2023-09-22 00:00:00+00:00,2533,SB11,27.28,-300000000.0,notional_at_entry,short,-9790.0,short,1719387480.0000007,0
2023-09-25 00:00:00+00:00,2534,SB11,26.58,-300000000.0,notional_at_entry,short,-9790.0,short,1727062840.0000007,0
2023-09-26 00:00:00+00:00,2535,SB11,26.24,-300000000.0,notional_at_entry,short,-9790.0,short,1730790872.0000007,0
2023-09-27 00:00:00+00:00,2536,SB11,26.37,-300000000.0,notional_at_entry,short,-9790.0,short,1729365448.0000007,0
2023-09-28 00:00:00+00:00,2537,SB11,26.96,-300000000.0,notional_at_entry,short,-9790.0,short,1722896216.0000007,0
2023-09-29 00:00:00+00:00,2538,SB11,26.48,-300000000.0,notional_at_entry,short,-9790.0,short,1728159320.0000007,0
2023-10-02 00:00:00+00:00,2539,SB11,26.35,-300000000.0,notional_at_entry,short,-9790.0,short,1729584744.0000007,0
2023-10-03 00:00:00+00:00,2540,SB11,25.67,-300000000.0,notional_at_entry,short,-9790.0,short,1737040808.0000007,0
2023-10-04 00:00:00+00:00,2541,SB11,25.93,-300000000.0,notional_at_entry,short,-9790.0,short,1734189960.0000007,0
2023-10-05 00:00:00+00:00,2542,SB11,26.16,-300000000.0,notional_at_entry,short,-9790.0,short,1731668056.0000007,0
2023-10-06 00:00:00+00:00,2543,SB11,26.74,-300000000.0,notional_at_entry,short,-9790.0,short,1725308472.0000007,0
2023-10-09 00:00:00+00:00,2544,SB11,27.18,-300000000.0,notional_at_entry,short,-9790.0,short,1720483960.0000007,0
2023-10-10 00:00:00+00:00,2545,SB11,27.05,-300000000.0,notional_at_entry,short,-9790.0,short,1721909384.0000007,0
2023-10-11 00:00:00+00:00,2546,SB11,26.4,-300000000.0,notional_at_entry,short,-9790.0,short,1729036504.0000007,0
2023-10-12 00:00:00+00:00,2547,SB11,26.35,-300000000.0,notional_at_entry,short,-9790.0,short,1729584744.0000007,0
2023-10-13 00:00:00+00:00,2548,SB11,27.03,-300000000.0,notional_at_entry,short,-9790.0,short,1722128680.0000007,0
2023-10-16 00:00:00+00:00,2549,SB11,27.05,-300000000.0,notional_at_entry,short,-9790.0,short,1721909384.0000007,0
2023-10-17 00:00:00+00:00,2550,SB11,27.49,-300000000.0,notional_at_entry,short,-9790.0,short,1717084872.0000007,0
2023-10-18 00:00:00+00:00,2551,SB11,27.48,-300000000.0,notional_at_entry,short,-9790.0,short,1717194520.0000007,0
2023-10-19 00:00:00+00:00,2552,SB11,27.29,-300000000.0,notional_at_entry,short,-9790.0,short,1719277832.0000007,0
2023-10-20 00:00:00+00:00,2553,SB11,26.85,-300000000.0,notional_at_entry,short,-9790.0,short,1724102344.0000007,0
2023-10-23 00:00:00+00:00,2554,SB11,27.48,-300000000.0,notional_at_entry,short,-9790.0,short,1717194520.0000007,0
2023-10-24 00:00:00+00:00,2555,SB11,27.53,-300000000.0,notional_at_entry,short,-9790.0,short,1716646280.0000007,0
2023-10-25 00:00:00+00:00,2556,SB11,27.63,-300000000.0,notional_at_entry,short,-9790.0,short,1715549800.0000007,0
2023-10-26 00:00:00+00:00,2557,SB11,27.04,300000000.0,notional_at_entry,long,9905.0,long,1722019032.0000007,1
2023-10-27 00:00:00+00:00,2558,SB11,27.34,300000000.0,notional_at_entry,long,9905.0,long,1725347112.0000007,0
2023-10-30 00:00:00+00:00,2559,SB11,26.75,300000000.0,notional_at_entry,long,9905.0,long,1718801888.0000007,0
2023-10-31 00:00:00+00:00,2560,SB11,27.09,300000000.0,notional_at_entry,long,9905.0,long,1722573712.0000007,0
2023-11-01 00:00:00+00:00,2561,SB11,27.51,300000000.0,notional_at_entry,long,9905.0,long,1727233024.0000007,0
2023-11-02 00:00:00+00:00,2562,SB11,27.48,300000000.0,notional_at_entry,long,9905.0,long,1726900216.0000007,0
2023-11-03 00:00:00+00:00,2563,SB11,27.77,300000000.0,notional_at_entry,long,9905.0,long,1730117360.0000007,0
2023-11-06 00:00:00+00:00,2564,SB11,27.95,300000000.0,notional_at_entry,long,9905.0,long,1732114208.0000007,0
2023-11-07 00:00:00+00:00,2565,SB11,27.59,300000000.0,notional_at_entry,long,9905.0,long,1728120512.0000007,0
2023-11-08 00:00:00+00:00,2566,SB11,27.21,300000000.0,notional_at_entry,long,9905.0,long,1723904944.0000007,0
2023-11-09 00:00:00+00:00,2567,SB11,27.78,300000000.0,notional_at_entry,long,9905.0,long,1730228296.0000007,0
2023-11-10 00:00:00+00:00,2568,SB11,27.29,300000000.0,notional_at_entry,long,9905.0,long,1724792432.0000007,0
2023-11-13 00:00:00+00:00,2569,SB11,27.71,-300000000.0,notional_at_entry,short,-9666.0,short,1729451744.0000007,1
2023-11-14 00:00:00+00:00,2570,SB11,27.18,-300000000.0,notional_at_entry,short,-9666.0,short,1735189481.6000006,0
2023-11-15 00:00:00+00:00,2571,SB11,27.15,-300000000.0,notional_at_entry,short,-9666.0,short,1735514259.2000008,0
2023-11-16 00:00:00+00:00,2572,SB11,27.19,-300000000.0,notional_at_entry,short,-9666.0,short,1735081222.4000008,0
2023-11-17 00:00:00+00:00,2573,SB11,27.18,-300000000.0,notional_at_entry,short,-9666.0,short,1735189481.6000006,0
2023-11-20 00:00:00+00:00,2574,SB11,27.56,-300000000.0,notional_at_entry,short,-9666.0,short,1731075632.0000007,0
2023-11-21 00:00:00+00:00,2575,SB11,27.75,-300000000.0,notional_at_entry,short,-9666.0,short,1729018707.2000008,0
2023-11-22 00:00:00+00:00,2576,SB11,27.22,-300000000.0,notional_at_entry,short,-9666.0,short,1734756444.8000007,0
2023-11-24 00:00:00+00:00,2577,SB11,26.98,-300000000.0,notional_at_entry,short,-9666.0,short,1737354665.6000006,0
2023-11-27 00:00:00+00:00,2578,SB11,27.2,-300000000.0,notional_at_entry,short,-9666.0,short,1734972963.2000008,0
2023-11-28 00:00:00+00:00,2579,SB11,26.99,-300000000.0,notional_at_entry,short,-9666.0,short,1737246406.4000008,0
2023-11-29 00:00:00+00:00,2580,SB11,26.86,-300000000.0,notional_at_entry,short,-9666.0,short,1738653776.0000007,0
2023-11-30 00:00:00+00:00,2581,SB11,26.04,-300000000.0,notional_at_entry,short,-9666.0,short,1747531030.4000008,0
2023-12-01 00:00:00+00:00,2582,SB11,25.09,-300000000.0,notional_at_entry,short,-9666.0,short,1757815654.4000008,0
2023-12-04 00:00:00+00:00,2583,SB11,25.81,-300000000.0,notional_at_entry,short,-9666.0,short,1750020992.0000007,0
2023-12-05 00:00:00+00:00,2584,SB11,24.96,-300000000.0,notional_at_entry,short,-9666.0,short,1759223024.0000007,0
2023-12-06 00:00:00+00:00,2585,SB11,23.0,-300000000.0,notional_at_entry,short,-9666.0,short,1780441827.2000008,0
2023-12-07 00:00:00+00:00,2586,SB11,23.03,-300000000.0,notional_at_entry,short,-9666.0,short,1780117049.6000006,0
2023-12-08 00:00:00+00:00,2587,SB11,23.36,-300000000.0,notional_at_entry,short,-9666.0,short,1776544496.0000007,0
2023-12-11 00:00:00+00:00,2588,SB11,22.47,-300000000.0,notional_at_entry,short,-9666.0,short,1786179564.8000007,0
2023-12-12 00:00:00+00:00,2589,SB11,22.59,-300000000.0,notional_at_entry,short,-9666.0,short,1784880454.4000008,0
2023-12-13 00:00:00+00:00,2590,SB11,21.97,-300000000.0,notional_at_entry,short,-9666.0,short,1791592524.8000007,0
2023-12-14 00:00:00+00:00,2591,SB11,22.18,-300000000.0,notional_at_entry,short,-9666.0,short,1789319081.6000006,0
2023-12-15 00:00:00+00:00,2592,SB11,21.99,-300000000.0,notional_at_entry,short,-9666.0,short,1791376006.4000008,0
2023-12-18 00:00:00+00:00,2593,SB11,21.31,-300000000.0,notional_at_entry,short,-9666.0,short,1798737632.0000007,0
2023-12-19 00:00:00+00:00,2594,SB11,21.43,-300000000.0,notional_at_entry,short,-9666.0,short,1797438521.6000006,0
2023-12-20 00:00:00+00:00,2595,SB11,20.92,-300000000.0,notional_at_entry,short,-9666.0,short,1802959740.8000007,0
2023-12-21 00:00:00+00:00,2596,SB11,20.24,-300000000.0,notional_at_entry,short,-9666.0,short,1810321366.4000008,0
2023-12-22 00:00:00+00:00,2597,SB11,20.62,-300000000.0,notional_at_entry,short,-9666.0,short,1806207516.8000007,0
2023-12-26 00:00:00+00:00,2598,SB11,20.53,-300000000.0,notional_at_entry,short,-9666.0,short,1807181849.6000006,0
2023-12-27 00:00:00+00:00,2599,SB11,20.6,-300000000.0,notional_at_entry,short,-9666.0,short,1806424035.2000008,0
2023-12-28 00:00:00+00:00,2600,SB11,21.76,-300000000.0,notional_at_entry,short,-9666.0,short,1793865968.0000007,0
2023-12-29 00:00:00+00:00,2601,SB11,20.58,-300000000.0,notional_at_entry,short,-9666.0,short,1806640553.6000009,0
2024-01-02 00:00:00+00:00,2602,SB11,20.9,-300000000.0,notional_at_entry,short,-9666.0,short,1803176259.2000008,0
2024-01-03 00:00:00+00:00,2603,SB11,20.85,-300000000.0,notional_at_entry,short,-9666.0,short,1803717555.2000008,0
2024-01-04 00:00:00+00:00,2604,SB11,21.08,-300000000.0,notional_at_entry,short,-9666.0,short,1801227593.6000009,0
2024-01-05 00:00:00+00:00,2605,SB11,21.11,300000000.0,notional_at_entry,long,12688.0,long,1800902816.0000007,1
2024-01-08 00:00:00+00:00,2606,SB11,21.74,300000000.0,notional_at_entry,long,12688.0,long,1809855468.8000007,0
2024-01-09 00:00:00+00:00,2607,SB11,21.7,300000000.0,notional_at_entry,long,12688.0,long,1809287046.4000008,0
2024-01-10 00:00:00+00:00,2608,SB11,21.41,300000000.0,notional_at_entry,long,12688.0,long,1805165984.0000007,0
2024-01-11 00:00:00+00:00,2609,SB11,21.76,300000000.0,notional_at_entry,long,12688.0,long,1810139680.0000007,0
2024-01-12 00:00:00+00:00,2610,SB11,21.61,300000000.0,notional_at_entry,long,12688.0,long,1808008096.0000007,0
2024-01-16 00:00:00+00:00,2611,SB11,22.52,300000000.0,notional_at_entry,long,12688.0,long,1820939705.6000006,0
2024-01-17 00:00:00+00:00,2612,SB11,22.35,300000000.0,notional_at_entry,long,12688.0,long,1818523910.4000008,0
2024-01-18 00:00:00+00:00,2613,SB11,23.04,300000000.0,notional_at_entry,long,12688.0,long,1828329196.8000007,0
2024-01-19 00:00:00+00:00,2614,SB11,23.57,300000000.0,notional_at_entry,long,12688.0,long,1835860793.6000006,0
2024-01-22 00:00:00+00:00,2615,SB11,23.5,300000000.0,notional_at_entry,long,12688.0,long,1834866054.4000008,0
2024-01-23 00:00:00+00:00,2616,SB11,23.75,300000000.0,notional_at_entry,long,12688.0,long,1838418694.4000008,0
2024-01-24 00:00:00+00:00,2617,SB11,24.46,300000000.0,notional_at_entry,long,12688.0,long,1848508192.0000007,0
2024-01-25 00:00:00+00:00,2618,SB11,24.04,300000000.0,notional_at_entry,long,12688.0,long,1842539756.8000007,0
2024-01-26 00:00:00+00:00,2619,SB11,23.77,300000000.0,notional_at_entry,long,12688.0,long,1838702905.6000006,0
2024-01-29 00:00:00+00:00,2620,SB11,23.53,300000000.0,notional_at_entry,long,12688.0,long,1835292371.2000008,0
2024-01-30 00:00:00+00:00,2621,SB11,23.91,300000000.0,notional_at_entry,long,12688.0,long,1840692384.0000007,0
2024-01-31 00:00:00+00:00,2622,SB11,24.13,300000000.0,notional_at_entry,long,12688.0,long,1843818707.2000008,0
2024-02-01 00:00:00+00:00,2623,SB11,23.56,300000000.0,notional_at_entry,long,12688.0,long,1835718688.0000007,0
2024-02-02 00:00:00+00:00,2624,SB11,23.89,300000000.0,notional_at_entry,long,12688.0,long,1840408172.8000007,0
2024-02-05 00:00:00+00:00,2625,SB11,23.53,300000000.0,notional_at_entry,long,12688.0,long,1835292371.2000008,0
2024-02-06 00:00:00+00:00,2626,SB11,23.56,300000000.0,notional_at_entry,long,12688.0,long,1835718688.0000007,0
2024-02-07 00:00:00+00:00,2627,SB11,23.88,300000000.0,notional_at_entry,long,12688.0,long,1840266067.2000008,0
2024-02-08 00:00:00+00:00,2628,SB11,23.98,300000000.0,notional_at_entry,long,12688.0,long,1841687123.2000008,0
2024-02-09 00:00:00+00:00,2629,SB11,24.02,300000000.0,notional_at_entry,long,12688.0,long,1842255545.6000006,0
2024-02-12 00:00:00+00:00,2630,SB11,23.56,300000000.0,notional_at_entry,long,12688.0,long,1835718688.0000007,0
2024-02-13 00:00:00+00:00,2631,SB11,23.3,300000000.0,notional_at_entry,long,12688.0,long,1832023942.4000008,0
2024-02-14 00:00:00+00:00,2632,SB11,22.74,300000000.0,notional_at_entry,long,12688.0,long,1824066028.8000007,0
2024-02-15 00:00:00+00:00,2633,SB11,22.24,300000000.0,notional_at_entry,long,12688.0,long,1816960748.8000007,0
2024-02-16 00:00:00+00:00,2634,SB11,22.59,300000000.0,notional_at_entry,long,12688.0,long,1821934444.8000007,0
2024-02-20 00:00:00+00:00,2635,SB11,22.21,300000000.0,notional_at_entry,long,12688.0,long,1816534432.0000007,0
2024-02-21 00:00:00+00:00,2636,SB11,22.28,300000000.0,notional_at_entry,long,12688.0,long,1817529171.2000008,0
2024-02-22 00:00:00+00:00,2637,SB11,22.17,300000000.0,notional_at_entry,long,12688.0,long,1815966009.6000009,0
2024-02-23 00:00:00+00:00,2638,SB11,21.82,300000000.0,notional_at_entry,long,12688.0,long,1810992313.6000006,0
2024-02-26 00:00:00+00:00,2639,SB11,22.16,300000000.0,notional_at_entry,long,12688.0,long,1815823904.0000007,0
2024-02-27 00:00:00+00:00,2640,SB11,22.68,300000000.0,notional_at_entry,long,12688.0,long,1823213395.2000008,0
2024-02-28 00:00:00+00:00,2641,SB11,22.69,300000000.0,notional_at_entry,long,12688.0,long,1823355500.8000007,0
2024-02-29 00:00:00+00:00,2642,SB11,21.69,300000000.0,notional_at_entry,long,12688.0,long,1809144940.8000007,0
2024-03-01 00:00:00+00:00,2643,SB11,21.09,300000000.0,notional_at_entry,long,12688.0,long,1800618604.8000007,0
2024-03-04 00:00:00+00:00,2644,SB11,20.6,300000000.0,notional_at_entry,long,12688.0,long,1793655430.4000008,0
2024-03-05 00:00:00+00:00,2645,SB11,20.87,300000000.0,notional_at_entry,long,12688.0,long,1797492281.6000006,0
2024-03-06 00:00:00+00:00,2646,SB11,21.45,300000000.0,notional_at_entry,long,12688.0,long,1805734406.4000008,0
2024-03-07 00:00:00+00:00,2647,SB11,21.28,300000000.0,notional_at_entry,long,12688.0,long,1803318611.2000008,0
2024-03-08 00:00:00+00:00,2648,SB11,21.15,300000000.0,notional_at_entry,long,12688.0,long,1801471238.4000008,0
2024-03-11 00:00:00+00:00,2649,SB11,21.95,300000000.0,notional_at_entry,long,12688.0,long,1812839686.4000008,0
2024-03-12 00:00:00+00:00,2650,SB11,21.89,300000000.0,notional_at_entry,long,12688.0,long,1811987052.8000007,0
2024-03-13 00:00:00+00:00,2651,SB11,21.93,300000000.0,notional_at_entry,long,12688.0,long,1812555475.2000008,0
2024-03-14 00:00:00+00:00,2652,SB11,21.77,300000000.0,notional_at_entry,long,12688.0,long,1810281785.6000006,0
2024-03-15 00:00:00+00:00,2653,SB11,22.12,300000000.0,notional_at_entry,long,12688.0,long,1815255481.6000006,0
2024-03-18 00:00:00+00:00,2654,SB11,22.16,300000000.0,notional_at_entry,long,12688.0,long,1815823904.0000007,0
2024-03-19 00:00:00+00:00,2655,SB11,21.64,300000000.0,notional_at_entry,long,12688.0,long,1808434412.8000007,0
2024-03-20 00:00:00+00:00,2656,SB11,21.77,300000000.0,notional_at_entry,long,12688.0,long,1810281785.6000006,0
2024-03-21 00:00:00+00:00,2657,SB11,22.06,300000000.0,notional_at_entry,long,12688.0,long,1814402848.0000007,0
2024-03-22 00:00:00+00:00,2658,SB11,21.85,300000000.0,notional_at_entry,long,12688.0,long,1811418630.4000008,0
2024-03-25 00:00:00+00:00,2659,SB11,21.95,300000000.0,notional_at_entry,long,12688.0,long,1812839686.4000008,0
2024-03-26 00:00:00+00:00,2660,SB11,22.39,300000000.0,notional_at_entry,long,12688.0,long,1819092332.8000007,0
2024-03-27 00:00:00+00:00,2661,SB11,22.19,300000000.0,notional_at_entry,long,12688.0,long,1816250220.8000007,0
2024-03-28 00:00:00+00:00,2662,SB11,22.52,300000000.0,notional_at_entry,long,12688.0,long,1820939705.6000006,0
2024-04-01 00:00:00+00:00,2663,SB11,22.72,300000000.0,notional_at_entry,long,12688.0,long,1823781817.6000006,0
2024-04-02 00:00:00+00:00,2664,SB11,22.32,300000000.0,notional_at_entry,long,12688.0,long,1818097593.6000006,0
2024-04-03 00:00:00+00:00,2665,SB11,22.22,300000000.0,notional_at_entry,long,12688.0,long,1816676537.6000006,0
2024-04-04 00:00:00+00:00,2666,SB11,22.36,300000000.0,notional_at_entry,long,12688.0,long,1818666016.0000007,0
2024-04-05 00:00:00+00:00,2667,SB11,21.99,300000000.0,notional_at_entry,long,12688.0,long,1813408108.8000007,0
2024-04-08 00:00:00+00:00,2668,SB11,21.59,-300000000.0,notional_at_entry,short,-12406.0,short,1807723884.8000007,1
2024-04-09 00:00:00+00:00,2669,SB11,21.49,-300000000.0,notional_at_entry,short,-12406.0,short,1809113356.8000007,0
2024-04-10 00:00:00+00:00,2670,SB11,21.46,-300000000.0,notional_at_entry,short,-12406.0,short,1809530198.4000006,0
2024-04-11 00:00:00+00:00,2671,SB11,20.85,-300000000.0,notional_at_entry,short,-12406.0,short,1818005977.6000006,0
2024-04-12 00:00:00+00:00,2672,SB11,20.45,-300000000.0,notional_at_entry,short,-12406.0,short,1823563865.6000006,0
2024-04-15 00:00:00+00:00,2673,SB11,19.82,-300000000.0,notional_at_entry,short,-12406.0,short,1832317539.2000008,0
2024-04-16 00:00:00+00:00,2674,SB11,19.53,-300000000.0,notional_at_entry,short,-12406.0,short,1836347008.0000007,0
2024-04-17 00:00:00+00:00,2675,SB11,19.27,-300000000.0,notional_at_entry,short,-12406.0,short,1839959635.2000008,0
2024-04-18 00:00:00+00:00,2676,SB11,19.54,-300000000.0,notional_at_entry,short,-12406.0,short,1836208060.8000007,0
2024-04-19 00:00:00+00:00,2677,SB11,19.5,-300000000.0,notional_at_entry,short,-12406.0,short,1836763849.6000006,0
2024-04-22 00:00:00+00:00,2678,SB11,19.61,-300000000.0,notional_at_entry,short,-12406.0,short,1835235430.4000006,0
2024-04-23 00:00:00+00:00,2679,SB11,19.66,-300000000.0,notional_at_entry,short,-12406.0,short,1834540694.4000006,0
2024-04-24 00:00:00+00:00,2680,SB11,19.77,-300000000.0,notional_at_entry,short,-12406.0,short,1833012275.2000008,0
2024-04-25 00:00:00+00:00,2681,SB11,19.16,-300000000.0,notional_at_entry,short,-12406.0,short,1841488054.4000006,0
2024-04-26 00:00:00+00:00,2682,SB11,19.09,-300000000.0,notional_at_entry,short,-12406.0,short,1842460684.8000007,0
2024-04-29 00:00:00+00:00,2683,SB11,19.78,-300000000.0,notional_at_entry,short,-12406.0,short,1832873328.0000007,0
2024-04-30 00:00:00+00:00,2684,SB11,19.41,-300000000.0,notional_at_entry,short,-12406.0,short,1838014374.4000006,0
2024-05-01 00:00:00+00:00,2685,SB11,19.22,-300000000.0,notional_at_entry,short,-12406.0,short,1840654371.2000008,0
2024-05-02 00:00:00+00:00,2686,SB11,19.25,-300000000.0,notional_at_entry,short,-12406.0,short,1840237529.6000006,0
2024-05-03 00:00:00+00:00,2687,SB11,19.28,300000000.0,notional_at_entry,long,13893.0,long,1839820688.0000007,1
2024-05-06 00:00:00+00:00,2688,SB11,19.48,300000000.0,notional_at_entry,long,13893.0,long,1842932720.0000007,0
2024-05-07 00:00:00+00:00,2689,SB11,19.95,300000000.0,notional_at_entry,long,13893.0,long,1850245995.2000008,0
2024-05-08 00:00:00+00:00,2690,SB11,19.6,300000000.0,notional_at_entry,long,13893.0,long,1844799939.2000008,0
2024-05-09 00:00:00+00:00,2691,SB11,19.58,300000000.0,notional_at_entry,long,13893.0,long,1844488736.0000007,0
2024-05-10 00:00:00+00:00,2692,SB11,19.3,300000000.0,notional_at_entry,long,13893.0,long,1840131891.2000008,0
2024-05-13 00:00:00+00:00,2693,SB11,18.63,300000000.0,notional_at_entry,long,13893.0,long,1829706584.0000007,0
2024-05-14 00:00:00+00:00,2694,SB11,18.87,300000000.0,notional_at_entry,long,13893.0,long,1833441022.4000008,0
2024-05-15 00:00:00+00:00,2695,SB11,18.65,300000000.0,notional_at_entry,long,13893.0,long,1830017787.2000008,0
2024-05-16 00:00:00+00:00,2696,SB11,18.33,300000000.0,notional_at_entry,long,13893.0,long,1825038536.0000007,0
2024-05-17 00:00:00+00:00,2697,SB11,18.13,300000000.0,notional_at_entry,long,13893.0,long,1821926504.0000007,0
2024-05-20 00:00:00+00:00,2698,SB11,18.68,300000000.0,notional_at_entry,long,13893.0,long,1830484592.0000007,0
2024-05-21 00:00:00+00:00,2699,SB11,18.56,300000000.0,notional_at_entry,long,13893.0,long,1828617372.8000007,0
2024-05-22 00:00:00+00:00,2700,SB11,18.23,300000000.0,notional_at_entry,long,13893.0,long,1823482520.0000007,0
2024-05-23 00:00:00+00:00,2701,SB11,18.26,300000000.0,notional_at_entry,long,13893.0,long,1823949324.8000007,0
2024-05-24 00:00:00+00:00,2702,SB11,18.41,300000000.0,notional_at_entry,long,13893.0,long,1826283348.8000007,0
2024-05-28 00:00:00+00:00,2703,SB11,18.73,300000000.0,notional_at_entry,long,13893.0,long,1831262600.0000007,0
2024-05-29 00:00:00+00:00,2704,SB11,18.35,300000000.0,notional_at_entry,long,13893.0,long,1825349739.2000008,0
2024-05-30 00:00:00+00:00,2705,SB11,18.19,300000000.0,notional_at_entry,long,13893.0,long,1822860113.6000006,0
2024-05-31 00:00:00+00:00,2706,SB11,18.3,300000000.0,notional_at_entry,long,13893.0,long,1824571731.2000008,0
2024-06-03 00:00:00+00:00,2707,SB11,18.78,300000000.0,notional_at_entry,long,13893.0,long,1832040608.0000007,0
2024-06-04 00:00:00+00:00,2708,SB11,18.86,300000000.0,notional_at_entry,long,13893.0,long,1833285420.8000007,0
2024-06-05 00:00:00+00:00,2709,SB11,19.13,300000000.0,notional_at_entry,long,13893.0,long,1837486664.0000007,0
2024-06-06 00:00:00+00:00,2710,SB11,19.22,300000000.0,notional_at_entry,long,13893.0,long,1838887078.4000006,0
2024-06-07 00:00:00+00:00,2711,SB11,19.0,300000000.0,notional_at_entry,long,13893.0,long,1835463843.2000008,0
2024-06-10 00:00:00+00:00,2712,SB11,18.63,300000000.0,notional_at_entry,long,13893.0,long,1829706584.0000007,0
2024-06-11 00:00:00+00:00,2713,SB11,18.79,300000000.0,notional_at_entry,long,13893.0,long,1832196209.6000006,0
2024-06-12 00:00:00+00:00,2714,SB11,19.1,300000000.0,notional_at_entry,long,13893.0,long,1837019859.2000008,0
2024-06-13 00:00:00+00:00,2715,SB11,19.64,300000000.0,notional_at_entry,long,13893.0,long,1845422345.6000006,0
2024-06-14 00:00:00+00:00,2716,SB11,19.49,300000000.0,notional_at_entry,long,13893.0,long,1843088321.6000006,0
2024-06-17 00:00:00+00:00,2717,SB11,19.06,300000000.0,notional_at_entry,long,13893.0,long,1836397452.8000007,0
2024-06-18 00:00:00+00:00,2718,SB11,18.99,300000000.0,notional_at_entry,long,13893.0,long,1835308241.6000006,0
2024-06-20 00:00:00+00:00,2719,SB11,19.02,300000000.0,notional_at_entry,long,13893.0,long,1835775046.4000006,0
2024-06-21 00:00:00+00:00,2720,SB11,19.16,300000000.0,notional_at_entry,long,13893.0,long,1837953468.8000007,0
2024-06-24 00:00:00+00:00,2721,SB11,19.72,300000000.0,notional_at_entry,long,13893.0,long,1846667158.4000006,0
2024-06-25 00:00:00+00:00,2722,SB11,19.49,300000000.0,notional_at_entry,long,13893.0,long,1843088321.6000006,0
2024-06-26 00:00:00+00:00,2723,SB11,19.51,300000000.0,notional_at_entry,long,13893.0,long,1843399524.8000007,0
2024-06-27 00:00:00+00:00,2724,SB11,20.21,300000000.0,notional_at_entry,long,13893.0,long,1854291636.8000007,0
2024-06-28 00:00:00+00:00,2725,SB11,20.3,300000000.0,notional_at_entry,long,13893.0,long,1855692051.2000008,0
2024-07-01 00:00:00+00:00,2726,SB11,20.23,300000000.0,notional_at_entry,long,13893.0,long,1854602840.0000007,0
2024-07-02 00:00:00+00:00,2727,SB11,20.61,300000000.0,notional_at_entry,long,13893.0,long,1860515700.8000007,0
2024-07-03 00:00:00+00:00,2728,SB11,20.53,300000000.0,notional_at_entry,long,13893.0,long,1859270888.0000007,0
2024-07-05 00:00:00+00:00,2729,SB11,20.14,300000000.0,notional_at_entry,long,13893.0,long,1853202425.6000006,0
2024-07-08 00:00:00+00:00,2730,SB11,20.13,300000000.0,notional_at_entry,long,13893.0,long,1853046824.0000007,0
2024-07-09 00:00:00+00:00,2731,SB11,19.62,300000000.0,notional_at_entry,long,13893.0,long,1845111142.4000008,0
2024-07-10 00:00:00+00:00,2732,SB11,19.81,300000000.0,notional_at_entry,long,13893.0,long,1848067572.8000007,0
2024-07-11 00:00:00+00:00,2733,SB11,19.43,300000000.0,notional_at_entry,long,13893.0,long,1842154712.0000007,0
2024-07-12 00:00:00+00:00,2734,SB11,19.2,300000000.0,notional_at_entry,long,13893.0,long,1838575875.2000008,0
2024-07-15 00:00:00+00:00,2735,SB11,19.76,300000000.0,notional_at_entry,long,13893.0,long,1847289564.8000007,0
2024-07-16 00:00:00+00:00,2736,SB11,19.62,300000000.0,notional_at_entry,long,13893.0,long,1845111142.4000008,0
2024-07-17 00:00:00+00:00,2737,SB11,19.36,300000000.0,notional_at_entry,long,13893.0,long,1841065500.8000007,0
2024-07-18 00:00:00+00:00,2738,SB11,18.94,300000000.0,notional_at_entry,long,13893.0,long,1834530233.6000006,0
2024-07-19 00:00:00+00:00,2739,SB11,18.66,300000000.0,notional_at_entry,long,13893.0,long,1830173388.8000007,0
2024-07-22 00:00:00+00:00,2740,SB11,18.3,300000000.0,notional_at_entry,long,13893.0,long,1824571731.2000008,0
2024-07-23 00:00:00+00:00,2741,SB11,18.16,300000000.0,notional_at_entry,long,13893.0,long,1822393308.8000007,0
2024-07-24 00:00:00+00:00,2742,SB11,17.91,300000000.0,notional_at_entry,long,13893.0,long,1818503268.8000007,0
2024-07-25 00:00:00+00:00,2743,SB11,18.66,300000000.0,notional_at_entry,long,13893.0,long,1830173388.8000007,0
2024-07-26 00:00:00+00:00,2744,SB11,18.42,300000000.0,notional_at_entry,long,13893.0,long,1826438950.4000008,0
2024-07-29 00:00:00+00:00,2745,SB11,19.01,300000000.0,notional_at_entry,long,13893.0,long,1835619444.8000007,0
2024-07-30 00:00:00+00:00,2746,SB11,19.12,300000000.0,notional_at_entry,long,13893.0,long,1837331062.4000008,0
2024-07-31 00:00:00+00:00,2747,SB11,18.94,300000000.0,notional_at_entry,long,13893.0,long,1834530233.6000006,0
2024-08-01 00:00:00+00:00,2748,SB11,18.5,300000000.0,notional_at_entry,long,13893.0,long,1827683763.2000008,0
2024-08-02 00:00:00+00:00,2749,SB11,18.1,-300000000.0,notional_at_entry,short,-14798.0,short,1821459699.2000008,1
2024-08-05 00:00:00+00:00,2750,SB11,18.08,-300000000.0,notional_at_entry,short,-14798.0,short,1821791174.4000008,0
2024-08-06 00:00:00+00:00,2751,SB11,17.87,-300000000.0,notional_at_entry,short,-14798.0,short,1825271664.0000007,0
2024-08-07 00:00:00+00:00,2752,SB11,18.14,-300000000.0,notional_at_entry,short,-14798.0,short,1820796748.8000007,0
2024-08-08 00:00:00+00:00,2753,SB11,18.57,-300000000.0,notional_at_entry,short,-14798.0,short,1813670032.0000007,0
2024-08-09 00:00:00+00:00,2754,SB11,18.48,-300000000.0,notional_at_entry,short,-14798.0,short,1815161670.4000008,0
2024-08-12 00:00:00+00:00,2755,SB11,18.29,-300000000.0,notional_at_entry,short,-14798.0,short,1818310684.800001,0
2024-08-13 00:00:00+00:00,2756,SB11,18.39,-300000000.0,notional_at_entry,short,-14798.0,short,1816653308.8000007,0
2024-08-14 00:00:00+00:00,2757,SB11,17.97,-300000000.0,notional_at_entry,short,-14798.0,short,1823614288.0000007,0
2024-08-15 00:00:00+00:00,2758,SB11,17.88,-300000000.0,notional_at_entry,short,-14798.0,short,1825105926.4000008,0
2024-08-16 00:00:00+00:00,2759,SB11,18.03,-300000000.0,notional_at_entry,short,-14798.0,short,1822619862.4000008,0
2024-08-19 00:00:00+00:00,2760,SB11,18.02,-300000000.0,notional_at_entry,short,-14798.0,short,1822785600.0000007,0
2024-08-20 00:00:00+00:00,2761,SB11,17.57,-300000000.0,notional_at_entry,short,-14798.0,short,1830243792.0000007,0
2024-08-21 00:00:00+00:00,2762,SB11,17.65,-300000000.0,notional_at_entry,short,-14798.0,short,1828917891.2000008,0
2024-08-22 00:00:00+00:00,2763,SB11,17.85,-300000000.0,notional_at_entry,short,-14798.0,short,1825603139.2000008,0
2024-08-23 00:00:00+00:00,2764,SB11,18.39,-300000000.0,notional_at_entry,short,-14798.0,short,1816653308.8000007,0
2024-08-26 00:00:00+00:00,2765,SB11,19.04,-300000000.0,notional_at_entry,short,-14798.0,short,1805880364.800001,0
2024-08-27 00:00:00+00:00,2766,SB11,19.6,-300000000.0,notional_at_entry,short,-14798.0,short,1796599059.2000008,0
2024-08-28 00:00:00+00:00,2767,SB11,19.54,300000000.0,notional_at_entry,long,13708.0,long,1797593484.800001,1
2024-08-29 00:00:00+00:00,2768,SB11,19.89,300000000.0,notional_at_entry,long,13708.0,long,1802967020.800001,0
2024-08-30 00:00:00+00:00,2769,SB11,19.38,300000000.0,notional_at_entry,long,13708.0,long,1795137011.200001,0
2024-09-03 00:00:00+00:00,2770,SB11,19.49,300000000.0,notional_at_entry,long,13708.0,long,1796825836.800001,0
2024-09-04 00:00:00+00:00,2771,SB11,19.24,300000000.0,notional_at_entry,long,13708.0,long,1792987596.800001,0
2024-09-05 00:00:00+00:00,2772,SB11,19.22,300000000.0,notional_at_entry,long,13708.0,long,1792680537.6000009,0
2024-09-06 00:00:00+00:00,2773,SB11,18.91,300000000.0,notional_at_entry,long,13708.0,long,1787921120.000001,0
2024-09-09 00:00:00+00:00,2774,SB11,18.83,300000000.0,notional_at_entry,long,13708.0,long,1786692883.200001,0
2024-09-10 00:00:00+00:00,2775,SB11,18.47,300000000.0,notional_at_entry,long,13708.0,long,1781165817.6000009,0
2024-09-11 00:00:00+00:00,2776,SB11,18.73,300000000.0,notional_at_entry,long,13708.0,long,1785157587.200001,0
2024-09-12 00:00:00+00:00,2777,SB11,19.42,300000000.0,notional_at_entry,long,13708.0,long,1795751129.6000009,0
2024-09-13 00:00:00+00:00,2778,SB11,19.41,300000000.0,notional_at_entry,long,13708.0,long,1795597600.000001,0
2024-09-16 00:00:00+00:00,2779,SB11,19.59,300000000.0,notional_at_entry,long,13708.0,long,1798361132.800001,0
2024-09-17 00:00:00+00:00,2780,SB11,20.37,300000000.0,notional_at_entry,long,13708.0,long,1810336441.6000009,0
2024-09-18 00:00:00+00:00,2781,SB11,21.55,300000000.0,notional_at_entry,long,13708.0,long,1828452934.400001,0
2024-09-19 00:00:00+00:00,2782,SB11,22.04,300000000.0,notional_at_entry,long,13708.0,long,1835975884.800001,0
2024-09-20 00:00:00+00:00,2783,SB11,22.74,300000000.0,notional_at_entry,long,13708.0,long,1846722956.800001,0
2024-09-23 00:00:00+00:00,2784,SB11,22.61,300000000.0,notional_at_entry,long,13708.0,long,1844727072.000001,0
2024-09-24 00:00:00+00:00,2785,SB11,23.12,300000000.0,notional_at_entry,long,13708.0,long,1852557081.6000009,0
2024-09-25 00:00:00+00:00,2786,SB11,23.41,300000000.0,notional_at_entry,long,13708.0,long,1857009440.000001,0
2024-09-26 00:00:00+00:00,2787,SB11,23.23,300000000.0,notional_at_entry,long,13708.0,long,1854245907.200001,0
2024-09-27 00:00:00+00:00,2788,SB11,22.64,300000000.0,notional_at_entry,long,13708.0,long,1845187660.800001,0
2024-09-30 00:00:00+00:00,2789,SB11,22.47,300000000.0,notional_at_entry,long,13708.0,long,1842577657.6000009,0
2024-10-01 00:00:00+00:00,2790,SB11,22.97,300000000.0,notional_at_entry,long,13708.0,long,1850254137.6000009,0
2024-10-02 00:00:00+00:00,2791,SB11,22.68,300000000.0,notional_at_entry,long,13708.0,long,1845801779.200001,0
2024-10-03 00:00:00+00:00,2792,SB11,23.24,300000000.0,notional_at_entry,long,13708.0,long,1854399436.800001,0
2024-10-04 00:00:00+00:00,2793,SB11,23.01,300000000.0,notional_at_entry,long,13708.0,long,1850868256.000001,0
2024-10-07 00:00:00+00:00,2794,SB11,22.55,300000000.0,notional_at_entry,long,13708.0,long,1843805894.400001,0
2024-10-08 00:00:00+00:00,2795,SB11,22.49,300000000.0,notional_at_entry,long,13708.0,long,1842884716.800001,0
2024-10-09 00:00:00+00:00,2796,SB11,22.04,300000000.0,notional_at_entry,long,13708.0,long,1835975884.800001,0
2024-10-10 00:00:00+00:00,2797,SB11,22.16,300000000.0,notional_at_entry,long,13708.0,long,1837818240.000001,0
2024-10-11 00:00:00+00:00,2798,SB11,22.24,300000000.0,notional_at_entry,long,13708.0,long,1839046476.800001,0
2024-10-14 00:00:00+00:00,2799,SB11,22.39,300000000.0,notional_at_entry,long,13708.0,long,1841349420.800001,0
2024-10-15 00:00:00+00:00,2800,SB11,22.82,-300000000.0,notional_at_entry,short,-11737.0,short,1847951193.6000009,1
2024-10-16 00:00:00+00:00,2801,SB11,22.0,-300000000.0,notional_at_entry,short,-11737.0,short,1858730454.4000008,0
2024-10-17 00:00:00+00:00,2802,SB11,22.16,-300000000.0,notional_at_entry,short,-11737.0,short,1856627184.000001,0
2024-10-18 00:00:00+00:00,2803,SB11,22.18,-300000000.0,notional_at_entry,short,-11737.0,short,1856364275.2000008,0
2024-10-21 00:00:00+00:00,2804,SB11,21.83,-300000000.0,notional_at_entry,short,-11737.0,short,1860965179.200001,0
2024-10-22 00:00:00+00:00,2805,SB11,21.73,-300000000.0,notional_at_entry,short,-11737.0,short,1862279723.2000008,0
2024-10-23 00:00:00+00:00,2806,SB11,22.34,-300000000.0,notional_at_entry,short,-11737.0,short,1854261004.800001,0
2024-10-24 00:00:00+00:00,2807,SB11,22.2,-300000000.0,notional_at_entry,short,-11737.0,short,1856101366.4000008,0
2024-10-25 00:00:00+00:00,2808,SB11,22.14,-300000000.0,notional_at_entry,short,-11737.0,short,1856890092.800001,0
2024-10-28 00:00:00+00:00,2809,SB11,21.96,-300000000.0,notional_at_entry,short,-11737.0,short,1859256272.000001,0
2024-10-29 00:00:00+00:00,2810,SB11,22.08,-300000000.0,notional_at_entry,short,-11737.0,short,1857678819.200001,0
2024-10-30 00:00:00+00:00,2811,SB11,22.22,-300000000.0,notional_at_entry,short,-11737.0,short,1855838457.6000009,0
2024-10-31 00:00:00+00:00,2812,SB11,22.74,-300000000.0,notional_at_entry,short,-11737.0,short,1849002828.800001,0
2024-11-01 00:00:00+00:00,2813,SB11,22.07,-300000000.0,notional_at_entry,short,-11737.0,short,1857810273.6000009,0
2024-11-04 00:00:00+00:00,2814,SB11,21.93,-300000000.0,notional_at_entry,short,-11737.0,short,1859650635.2000008,0
2024-11-05 00:00:00+00:00,2815,SB11,21.9,-300000000.0,notional_at_entry,short,-11737.0,short,1860044998.4000008,0
2024-11-06 00:00:00+00:00,2816,SB11,22.03,-300000000.0,notional_at_entry,short,-11737.0,short,1858336091.2000008,0
2024-11-07 00:00:00+00:00,2817,SB11,22.2,-300000000.0,notional_at_entry,short,-11737.0,short,1856101366.4000008,0
2024-11-08 00:00:00+00:00,2818,SB11,21.82,-300000000.0,notional_at_entry,short,-11737.0,short,1861096633.6000009,0
2024-11-11 00:00:00+00:00,2819,SB11,21.36,-300000000.0,notional_at_entry,short,-11737.0,short,1867143536.000001,0
2024-11-12 00:00:00+00:00,2820,SB11,21.35,-300000000.0,notional_at_entry,short,-11737.0,short,1867274990.4000008,0
2024-11-13 00:00:00+00:00,2821,SB11,21.17,-300000000.0,notional_at_entry,short,-11737.0,short,1869641169.6000009,0
2024-11-14 00:00:00+00:00,2822,SB11,21.56,-300000000.0,notional_at_entry,short,-11737.0,short,1864514448.000001,0
2024-11-15 00:00:00+00:00,2823,SB11,21.58,-300000000.0,notional_at_entry,short,-11737.0,short,1864251539.200001,0
2024-11-18 00:00:00+00:00,2824,SB11,22.2,-300000000.0,notional_at_entry,short,-11737.0,short,1856101366.4000008,0
2024-11-19 00:00:00+00:00,2825,SB11,22.02,-300000000.0,notional_at_entry,short,-11737.0,short,1858467545.6000009,0
2024-11-20 00:00:00+00:00,2826,SB11,21.65,-300000000.0,notional_at_entry,short,-11737.0,short,1863331358.4000008,0
2024-11-21 00:00:00+00:00,2827,SB11,21.38,-300000000.0,notional_at_entry,short,-11737.0,short,1866880627.2000008,0
2024-11-22 00:00:00+00:00,2828,SB11,21.36,-300000000.0,notional_at_entry,short,-11737.0,short,1867143536.000001,0
2024-11-25 00:00:00+00:00,2829,SB11,21.15,-300000000.0,notional_at_entry,short,-11737.0,short,1869904078.4000008,0
2024-11-26 00:00:00+00:00,2830,SB11,21.57,-300000000.0,notional_at_entry,short,-11737.0,short,1864382993.6000009,0
2024-11-27 00:00:00+00:00,2831,SB11,21.69,-300000000.0,notional_at_entry,short,-11737.0,short,1862805540.800001,0
2024-11-29 00:00:00+00:00,2832,SB11,21.08,-300000000.0,notional_at_entry,short,-11737.0,short,1870824259.2000008,0
2024-12-02 00:00:00+00:00,2833,SB11,21.07,-300000000.0,notional_at_entry,short,-11737.0,short,1870955713.6000009,0
2024-12-03 00:00:00+00:00,2834,SB11,21.37,-300000000.0,notional_at_entry,short,-11737.0,short,1867012081.6000009,0
2024-12-04 00:00:00+00:00,2835,SB11,21.26,-300000000.0,notional_at_entry,short,-11737.0,short,1868458080.000001,0
2024-12-05 00:00:00+00:00,2836,SB11,21.2,-300000000.0,notional_at_entry,short,-11737.0,short,1869246806.4000008,0
2024-12-06 00:00:00+00:00,2837,SB11,21.81,-300000000.0,notional_at_entry,short,-11737.0,short,1861228088.000001,0
2024-12-09 00:00:00+00:00,2838,SB11,21.5,-300000000.0,notional_at_entry,short,-11737.0,short,1865303174.4000008,0
2024-12-10 00:00:00+00:00,2839,SB11,21.04,-300000000.0,notional_at_entry,short,-11737.0,short,1871350076.800001,0
2024-12-11 00:00:00+00:00,2840,SB11,21.28,-300000000.0,notional_at_entry,short,-11737.0,short,1868195171.2000008,0
2024-12-12 00:00:00+00:00,2841,SB11,20.89,-300000000.0,notional_at_entry,short,-11737.0,short,1873321892.800001,0
2024-12-13 00:00:00+00:00,2842,SB11,20.72,-300000000.0,notional_at_entry,short,-11737.0,short,1875556617.6000009,0
2024-12-16 00:00:00+00:00,2843,SB11,20.72,-300000000.0,notional_at_entry,short,-11737.0,short,1875556617.6000009,0
2024-12-18 00:00:00+00:00,2844,SB11,19.65,-300000000.0,notional_at_entry,short,-11737.0,short,1889622238.4000008,0
2024-12-19 00:00:00+00:00,2845,SB11,19.4,-300000000.0,notional_at_entry,short,-11737.0,short,1892908598.4000008,0
2024-12-20 00:00:00+00:00,2846,SB11,19.51,-300000000.0,notional_at_entry,short,-11737.0,short,1891462600.000001,0
2024-12-23 00:00:00+00:00,2847,SB11,19.54,-300000000.0,notional_at_entry,short,-11737.0,short,1891068236.800001,0
2024-12-24 00:00:00+00:00,2848,SB11,19.54,-300000000.0,notional_at_entry,short,-11737.0,short,1891068236.800001,0
2024-12-26 00:00:00+00:00,2849,SB11,19.26,-300000000.0,notional_at_entry,short,-11737.0,short,1894748960.000001,0
2024-12-27 00:00:00+00:00,2850,SB11,19.37,-300000000.0,notional_at_entry,short,-11737.0,short,1893302961.6000009,0
2024-12-30 00:00:00+00:00,2851,SB11,19.13,-300000000.0,notional_at_entry,short,-11737.0,short,1896457867.2000008,0
2024-12-31 00:00:00+00:00,2852,SB11,19.26,-300000000.0,notional_at_entry,short,-11737.0,short,1894748960.000001,0
2025-01-02 00:00:00+00:00,2853,SB11,19.73,-300000000.0,notional_at_entry,short,-11737.0,short,1888570603.2000008,0
2025-01-03 00:00:00+00:00,2854,SB11,19.65,-300000000.0,notional_at_entry,short,-11737.0,short,1889622238.4000008,0
2025-01-06 00:00:00+00:00,2855,SB11,19.33,-300000000.0,notional_at_entry,short,-11737.0,short,1893828779.200001,0
2025-01-07 00:00:00+00:00,2856,SB11,19.45,-300000000.0,notional_at_entry,short,-11737.0,short,1892251326.4000008,0
2025-01-08 00:00:00+00:00,2857,SB11,19.24,-300000000.0,notional_at_entry,short,-11737.0,short,1895011868.800001,0
2025-01-10 00:00:00+00:00,2858,SB11,19.22,-300000000.0,notional_at_entry,short,-11737.0,short,1895274777.6000009,0
2025-01-13 00:00:00+00:00,2859,SB11,18.9,-300000000.0,notional_at_entry,short,-11737.0,short,1899481318.4000008,0
2025-01-14 00:00:00+00:00,2860,SB11,18.32,-300000000.0,notional_at_entry,short,-11737.0,short,1907105673.6000009,0
2025-01-15 00:00:00+00:00,2861,SB11,18.01,-300000000.0,notional_at_entry,short,-11737.0,short,1911180760.000001,0
2025-01-16 00:00:00+00:00,2862,SB11,18.41,-300000000.0,notional_at_entry,short,-11737.0,short,1905922584.000001,0
2025-01-17 00:00:00+00:00,2863,SB11,18.22,-300000000.0,notional_at_entry,short,-11737.0,short,1908420217.6000009,0
2025-01-21 00:00:00+00:00,2864,SB11,17.79,-300000000.0,notional_at_entry,short,-11737.0,short,1914072756.800001,0
2025-01-22 00:00:00+00:00,2865,SB11,18.16,-300000000.0,notional_at_entry,short,-11737.0,short,1909208944.000001,0
2025-01-23 00:00:00+00:00,2866,SB11,18.69,-300000000.0,notional_at_entry,short,-11737.0,short,1902241860.800001,0
2025-01-24 00:00:00+00:00,2867,SB11,19.02,-300000000.0,notional_at_entry,short,-11737.0,short,1897903865.6000009,0
2025-01-27 00:00:00+00:00,2868,SB11,19.17,-300000000.0,notional_at_entry,short,-11737.0,short,1895932049.6000009,0
2025-01-28 00:00:00+00:00,2869,SB11,19.23,-300000000.0,notional_at_entry,short,-11737.0,short,1895143323.2000008,0
2025-01-29 00:00:00+00:00,2870,SB11,19.45,-300000000.0,notional_at_entry,short,-11737.0,short,1892251326.4000008,0
2025-01-30 00:00:00+00:00,2871,SB11,19.47,-300000000.0,notional_at_entry,short,-11737.0,short,1891988417.6000009,0
2025-01-31 00:00:00+00:00,2872,SB11,19.35,-300000000.0,notional_at_entry,short,-11737.0,short,1893565870.4000008,0
2025-02-03 00:00:00+00:00,2873,SB11,19.26,-300000000.0,notional_at_entry,short,-11737.0,short,1894748960.000001,0
2025-02-04 00:00:00+00:00,2874,SB11,19.66,-300000000.0,notional_at_entry,short,-11737.0,short,1889490784.000001,0
2025-02-05 00:00:00+00:00,2875,SB11,19.76,-300000000.0,notional_at_entry,short,-11737.0,short,1888176240.000001,0
2025-02-06 00:00:00+00:00,2876,SB11,19.57,-300000000.0,notional_at_entry,short,-11737.0,short,1890673873.6000009,0
2025-02-07 00:00:00+00:00,2877,SB11,19.36,-300000000.0,notional_at_entry,short,-11737.0,short,1893434416.000001,0
2025-02-10 00:00:00+00:00,2878,SB11,19.5,-300000000.0,notional_at_entry,short,-11737.0,short,1891594054.4000008,0
2025-02-11 00:00:00+00:00,2879,SB11,19.87,-300000000.0,notional_at_entry,short,-11737.0,short,1886730241.6000009,0
2025-02-12 00:00:00+00:00,2880,SB11,19.76,-300000000.0,notional_at_entry,short,-11737.0,short,1888176240.000001,0
2025-02-13 00:00:00+00:00,2881,SB11,20.17,-300000000.0,notional_at_entry,short,-11737.0,short,1882786609.6000009,0
2025-02-14 00:00:00+00:00,2882,SB11,20.42,-300000000.0,notional_at_entry,short,-11737.0,short,1879500249.6000009,0
2025-02-18 00:00:00+00:00,2883,SB11,20.52,-300000000.0,notional_at_entry,short,-11737.0,short,1878185705.6000009,0
2025-02-19 00:00:00+00:00,2884,SB11,20.69,-300000000.0,notional_at_entry,short,-11737.0,short,1875950980.800001,0
2025-02-20 00:00:00+00:00,2885,SB11,21.05,-300000000.0,notional_at_entry,short,-11737.0,short,1871218622.4000008,0
2025-02-21 00:00:00+00:00,2886,SB11,21.31,-300000000.0,notional_at_entry,short,-11737.0,short,1867800808.000001,0
2025-02-24 00:00:00+00:00,2887,SB11,21.09,-300000000.0,notional_at_entry,short,-11737.0,short,1870692804.800001,0
2025-02-25 00:00:00+00:00,2888,SB11,21.46,-300000000.0,notional_at_entry,short,-11737.0,short,1865828992.000001,0
2025-02-26 00:00:00+00:00,2889,SB11,20.64,-300000000.0,notional_at_entry,short,-11737.0,short,1876608252.800001,0
2025-02-27 00:00:00+00:00,2890,SB11,19.69,-300000000.0,notional_at_entry,short,-11737.0,short,1889096420.800001,0
2025-02-28 00:00:00+00:00,2891,SB11,19.51,-300000000.0,notional_at_entry,short,-11737.0,short,1891462600.000001,0
2025-03-03 00:00:00+00:00,2892,SB11,18.22,-300000000.0,notional_at_entry,short,-11737.0,short,1908420217.6000009,0
2025-03-04 00:00:00+00:00,2893,SB11,18.1,-300000000.0,notional_at_entry,short,-11737.0,short,1909997670.4000008,0
2025-03-05 00:00:00+00:00,2894,SB11,18.2,300000000.0,notional_at_entry,long,14717.0,long,1908683126.4000008,1
2025-03-06 00:00:00+00:00,2895,SB11,18.13,300000000.0,notional_at_entry,long,14717.0,long,1907529313.6000009,0
2025-03-07 00:00:00+00:00,2896,SB11,18.31,300000000.0,notional_at_entry,long,14717.0,long,1910496260.800001,0
2025-03-10 00:00:00+00:00,2897,SB11,18.85,300000000.0,notional_at_entry,long,14717.0,long,1919397102.4000008,0
2025-03-11 00:00:00+00:00,2898,SB11,18.67,300000000.0,notional_at_entry,long,14717.0,long,1916430155.2000008,0
2025-03-12 00:00:00+00:00,2899,SB11,18.86,300000000.0,notional_at_entry,long,14717.0,long,1919561932.800001,0
2025-03-13 00:00:00+00:00,2900,SB11,19.25,300000000.0,notional_at_entry,long,14717.0,long,1925990318.4000008,0
2025-03-14 00:00:00+00:00,2901,SB11,19.19,300000000.0,notional_at_entry,long,14717.0,long,1925001336.000001,0
2025-03-17 00:00:00+00:00,2902,SB11,19.97,300000000.0,notional_at_entry,long,14717.0,long,1937858107.2000008,0
2025-03-18 00:00:00+00:00,2903,SB11,19.99,300000000.0,notional_at_entry,long,14717.0,long,1938187768.0000007,0
2025-03-19 00:00:00+00:00,2904,SB11,19.69,300000000.0,notional_at_entry,long,14717.0,long,1933242856.000001,0
2025-03-20 00:00:00+00:00,2905,SB11,20.0,300000000.0,notional_at_entry,long,14717.0,long,1938352598.4000008,0
2025-03-21 00:00:00+00:00,2906,SB11,19.72,300000000.0,notional_at_entry,long,14717.0,long,1933737347.2000008,0
2025-03-24 00:00:00+00:00,2907,SB11,19.26,300000000.0,notional_at_entry,long,14717.0,long,1926155148.800001,0
2025-03-25 00:00:00+00:00,2908,SB11,19.51,300000000.0,notional_at_entry,long,14717.0,long,1930275908.800001,0
2025-03-26 00:00:00+00:00,2909,SB11,19.35,300000000.0,notional_at_entry,long,14717.0,long,1927638622.4000008,0
2025-03-27 00:00:00+00:00,2910,SB11,19.09,300000000.0,notional_at_entry,long,14717.0,long,1923353032.0000007,0
2025-03-28 00:00:00+00:00,2911,SB11,18.96,300000000.0,notional_at_entry,long,14717.0,long,1921210236.800001,0
2025-03-31 00:00:00+00:00,2912,SB11,18.86,-300000000.0,notional_at_entry,short,-14202.0,short,1919561932.800001,1
2025-04-01 00:00:00+00:00,2913,SB11,19.35,-300000000.0,notional_at_entry,short,-14202.0,short,1911767875.2000008,0
2025-04-02 00:00:00+00:00,2914,SB11,19.59,-300000000.0,notional_at_entry,short,-14202.0,short,1907950377.6000009,0
2025-04-03 00:00:00+00:00,2915,SB11,19.11,-300000000.0,notional_at_entry,short,-14202.0,short,1915585372.800001,0
2025-04-04 00:00:00+00:00,2916,SB11,18.84,-300000000.0,notional_at_entry,short,-14202.0,short,1919880057.6000009,0
2025-04-07 00:00:00+00:00,2917,SB11,18.84,-300000000.0,notional_at_entry,short,-14202.0,short,1919880057.6000009,0
2025-04-08 00:00:00+00:00,2918,SB11,18.31,-300000000.0,notional_at_entry,short,-14202.0,short,1928310364.800001,0
2025-04-09 00:00:00+00:00,2919,SB11,17.91,-300000000.0,notional_at_entry,short,-14202.0,short,1934672860.800001,0
2025-04-10 00:00:00+00:00,2920,SB11,18.12,-300000000.0,notional_at_entry,short,-14202.0,short,1931332550.4000008,0
2025-04-11 00:00:00+00:00,2921,SB11,18.0,-300000000.0,notional_at_entry,short,-14202.0,short,1933241299.200001,0
2025-04-14 00:00:00+00:00,2922,SB11,17.87,-300000000.0,notional_at_entry,short,-14202.0,short,1935309110.4000008,0
2025-04-15 00:00:00+00:00,2923,SB11,17.52,-300000000.0,notional_at_entry,short,-14202.0,short,1940876294.4000008,0
2025-04-16 00:00:00+00:00,2924,SB11,17.86,-300000000.0,notional_at_entry,short,-14202.0,short,1935468172.800001,0
2025-04-17 00:00:00+00:00,2925,SB11,17.93,-300000000.0,notional_at_entry,short,-14202.0,short,1934354736.000001,0
2025-04-21 00:00:00+00:00,2926,SB11,17.81,-300000000.0,notional_at_entry,short,-14202.0,short,1936263484.800001,0
2025-04-22 00:00:00+00:00,2927,SB11,17.99,-300000000.0,notional_at_entry,short,-14202.0,short,1933400361.6000009,0
2025-04-23 00:00:00+00:00,2928,SB11,17.94,-300000000.0,notional_at_entry,short,-14202.0,short,1934195673.6000009,0
2025-04-24 00:00:00+00:00,2929,SB11,17.92,-300000000.0,notional_at_entry,short,-14202.0,short,1934513798.4000008,0
2025-04-25 00:00:00+00:00,2930,SB11,18.18,-300000000.0,notional_at_entry,short,-14202.0,short,1930378176.000001,0
2025-04-28 00:00:00+00:00,2931,SB11,17.84,-300000000.0,notional_at_entry,short,-14202.0,short,1935786297.6000009,0
2025-04-29 00:00:00+00:00,2932,SB11,17.54,-300000000.0,notional_at_entry,short,-14202.0,short,1940558169.6000009,0
2025-04-30 00:00:00+00:00,2933,SB11,17.25,-300000000.0,notional_at_entry,short,-14202.0,short,1945170979.200001,0
2025-05-01 00:00:00+00:00,2934,SB11,17.16,-300000000.0,notional_at_entry,short,-14202.0,short,1946602540.800001,0
2025-05-02 00:00:00+00:00,2935,SB11,17.2,-300000000.0,notional_at_entry,short,-14202.0,short,1945966291.200001,0
2025-05-05 00:00:00+00:00,2936,SB11,17.47,-300000000.0,notional_at_entry,short,-14202.0,short,1941671606.4000008,0
2025-05-06 00:00:00+00:00,2937,SB11,17.44,-300000000.0,notional_at_entry,short,-14202.0,short,1942148793.6000009,0
2025-05-07 00:00:00+00:00,2938,SB11,17.13,-300000000.0,notional_at_entry,short,-14202.0,short,1947079728.000001,0
2025-05-09 00:00:00+00:00,2939,SB11,17.78,-300000000.0,notional_at_entry,short,-14202.0,short,1936740672.000001,0
2025-05-12 00:00:00+00:00,2940,SB11,17.7,-300000000.0,notional_at_entry,short,-14202.0,short,1938013171.200001,0
2025-05-13 00:00:00+00:00,2941,SB11,18.22,-300000000.0,notional_at_entry,short,-14202.0,short,1929741926.4000008,0
2025-05-14 00:00:00+00:00,2942,SB11,18.06,-300000000.0,notional_at_entry,short,-14202.0,short,1932286924.800001,0
2025-05-15 00:00:00+00:00,2943,SB11,17.67,-300000000.0,notional_at_entry,short,-14202.0,short,1938490358.4000008,0
2025-05-16 00:00:00+00:00,2944,SB11,17.52,300000000.0,notional_at_entry,long,15288.0,long,1940876294.4000008,1
2025-05-19 00:00:00+00:00,2945,SB11,17.45,300000000.0,notional_at_entry,long,15288.0,long,1939677715.2000008,0
2025-05-20 00:00:00+00:00,2946,SB11,17.34,300000000.0,notional_at_entry,long,15288.0,long,1937794233.6000009,0
2025-05-21 00:00:00+00:00,2947,SB11,17.7,300000000.0,notional_at_entry,long,15288.0,long,1943958355.2000008,0
2025-05-22 00:00:00+00:00,2948,SB11,17.4,300000000.0,notional_at_entry,long,15288.0,long,1938821587.2000008,0
2025-05-23 00:00:00+00:00,2949,SB11,17.29,300000000.0,notional_at_entry,long,15288.0,long,1936938105.6000009,0
2025-05-27 00:00:00+00:00,2950,SB11,17.22,300000000.0,notional_at_entry,long,15288.0,long,1935739526.4000008,0
2025-05-28 00:00:00+00:00,2951,SB11,16.9,300000000.0,notional_at_entry,long,15288.0,long,1930260307.2000008,0
2025-05-29 00:00:00+00:00,2952,SB11,17.0,300000000.0,notional_at_entry,long,15288.0,long,1931972563.2000008,0
2025-05-30 00:00:00+00:00,2953,SB11,17.05,300000000.0,notional_at_entry,long,15288.0,long,1932828691.2000008,0
2025-06-02 00:00:00+00:00,2954,SB11,16.88,300000000.0,notional_at_entry,long,15288.0,long,1929917856.0000007,0
2025-06-03 00:00:00+00:00,2955,SB11,16.9,300000000.0,notional_at_entry,long,15288.0,long,1930260307.2000008,0
2025-06-04 00:00:00+00:00,2956,SB11,16.75,300000000.0,notional_at_entry,long,15288.0,long,1927691923.2000008,0
2025-06-05 00:00:00+00:00,2957,SB11,16.57,300000000.0,notional_at_entry,long,15288.0,long,1924609862.4000008,0
2025-06-06 00:00:00+00:00,2958,SB11,16.49,300000000.0,notional_at_entry,long,15288.0,long,1923240057.6000009,0
2025-06-09 00:00:00+00:00,2959,SB11,16.67,300000000.0,notional_at_entry,long,15288.0,long,1926322118.4000008,0
2025-06-10 00:00:00+00:00,2960,SB11,16.48,300000000.0,notional_at_entry,long,15288.0,long,1923068832.0000007,0
2025-06-11 00:00:00+00:00,2961,SB11,16.42,300000000.0,notional_at_entry,long,15288.0,long,1922041478.4000008,0
2025-06-12 00:00:00+00:00,2962,SB11,16.27,300000000.0,notional_at_entry,long,15288.0,long,1919473094.4000008,0
2025-06-13 00:00:00+00:00,2963,SB11,16.57,300000000.0,notional_at_entry,long,15288.0,long,1924609862.4000008,0
2025-06-16 00:00:00+00:00,2964,SB11,16.94,300000000.0,notional_at_entry,long,15288.0,long,1930945209.6000009,0
2025-06-17 00:00:00+00:00,2965,SB11,16.51,300000000.0,notional_at_entry,long,15288.0,long,1923582508.800001,0
2025-06-18 00:00:00+00:00,2966,SB11,16.31,300000000.0,notional_at_entry,long,15288.0,long,1920157996.800001,0
2025-06-20 00:00:00+00:00,2967,SB11,16.57,300000000.0,notional_at_entry,long,15288.0,long,1924609862.4000008,0
2025-06-23 00:00:00+00:00,2968,SB11,16.57,300000000.0,notional_at_entry,long,15288.0,long,1924609862.4000008,0
2025-06-24 00:00:00+00:00,2969,SB11,16.36,300000000.0,notional_at_entry,long,15288.0,long,1921014124.800001,0
2025-06-25 00:00:00+00:00,2970,SB11,16.61,300000000.0,notional_at_entry,long,15288.0,long,1925294764.800001,0
2025-06-26 00:00:00+00:00,2971,SB11,16.42,300000000.0,notional_at_entry,long,15288.0,long,1922041478.4000008,0
2025-06-27 00:00:00+00:00,2972,SB11,16.71,300000000.0,notional_at_entry,long,15288.0,long,1927007020.800001,0
2025-06-30 00:00:00+00:00,2973,SB11,16.2,300000000.0,notional_at_entry,long,15288.0,long,1918274515.2000008,0
2025-07-01 00:00:00+00:00,2974,SB11,15.7,300000000.0,notional_at_entry,long,15288.0,long,1909713235.2000008,0
2025-07-02 00:00:00+00:00,2975,SB11,15.58,300000000.0,notional_at_entry,long,15288.0,long,1907658528.0000007,0
2025-07-03 00:00:00+00:00,2976,SB11,16.35,300000000.0,notional_at_entry,long,15288.0,long,1920842899.2000008,0
2025-07-07 00:00:00+00:00,2977,SB11,16.28,300000000.0,notional_at_entry,long,15288.0,long,1919644320.000001,0
2025-07-08 00:00:00+00:00,2978,SB11,16.13,300000000.0,notional_at_entry,long,15288.0,long,1917075936.0000007,0
2025-07-09 00:00:00+00:00,2979,SB11,16.56,300000000.0,notional_at_entry,long,15288.0,long,1924438636.800001,0
2025-07-10 00:00:00+00:00,2980,SB11,16.26,300000000.0,notional_at_entry,long,15288.0,long,1919301868.800001,0
2025-07-11 00:00:00+00:00,2981,SB11,16.57,300000000.0,notional_at_entry,long,15288.0,long,1924609862.4000008,0
2025-07-14 00:00:00+00:00,2982,SB11,16.3,300000000.0,notional_at_entry,long,15288.0,long,1919986771.2000008,0
2025-07-15 00:00:00+00:00,2983,SB11,16.56,300000000.0,notional_at_entry,long,15288.0,long,1924438636.800001,0
2025-07-16 00:00:00+00:00,2984,SB11,16.55,300000000.0,notional_at_entry,long,15288.0,long,1924267411.2000008,0
2025-07-17 00:00:00+00:00,2985,SB11,16.74,300000000.0,notional_at_entry,long,15288.0,long,1927520697.6000009,0
2025-07-18 00:00:00+00:00,2986,SB11,16.82,300000000.0,notional_at_entry,long,15288.0,long,1928890502.4000008,0
2025-07-21 00:00:00+00:00,2987,SB11,16.37,300000000.0,notional_at_entry,long,15288.0,long,1921185350.4000008,0
2025-07-22 00:00:00+00:00,2988,SB11,16.28,300000000.0,notional_at_entry,long,15288.0,long,1919644320.000001,0
2025-07-23 00:00:00+00:00,2989,SB11,16.24,300000000.0,notional_at_entry,long,15288.0,long,1918959417.6000009,0
2025-07-24 00:00:00+00:00,2990,SB11,16.57,300000000.0,notional_at_entry,long,15288.0,long,1924609862.4000008,0
2025-07-25 00:00:00+00:00,2991,SB11,16.29,300000000.0,notional_at_entry,long,15288.0,long,1919815545.6000009,0
2025-07-28 00:00:00+00:00,2992,SB11,16.43,300000000.0,notional_at_entry,long,15288.0,long,1922212704.0000007,0
2025-07-29 00:00:00+00:00,2993,SB11,16.59,300000000.0,notional_at_entry,long,15288.0,long,1924952313.6000009,0
2025-07-30 00:00:00+00:00,2994,SB11,16.45,300000000.0,notional_at_entry,long,15288.0,long,1922555155.2000008,0
2025-07-31 00:00:00+00:00,2995,SB11,16.35,300000000.0,notional_at_entry,long,15288.0,long,1920842899.2000008,0
2025-08-01 00:00:00+00:00,2996,SB11,16.18,300000000.0,notional_at_entry,long,15288.0,long,1917932064.0000007,0
2025-08-04 00:00:00+00:00,2997,SB11,16.25,300000000.0,notional_at_entry,long,15288.0,long,1919130643.2000008,0
2025-08-05 00:00:00+00:00,2998,SB11,16.09,300000000.0,notional_at_entry,long,15288.0,long,1916391033.6000009,0
2025-08-06 00:00:00+00:00,2999,SB11,16.01,300000000.0,notional_at_entry,long,15288.0,long,1915021228.800001,0
2025-08-07 00:00:00+00:00,3000,SB11,16.01,300000000.0,notional_at_entry,long,15288.0,long,1915021228.800001,0
2025-08-08 00:00:00+00:00,3001,SB11,16.25,300000000.0,notional_at_entry,long,15288.0,long,1919130643.2000008,0
2025-08-11 00:00:00+00:00,3002,SB11,16.49,300000000.0,notional_at_entry,long,15288.0,long,1923240057.6000009,0
2025-08-12 00:00:00+00:00,3003,SB11,16.94,300000000.0,notional_at_entry,long,15288.0,long,1930945209.6000009,0
2025-08-13 00:00:00+00:00,3004,SB11,16.85,300000000.0,notional_at_entry,long,15288.0,long,1929404179.2000008,0
2025-08-14 00:00:00+00:00,3005,SB11,16.58,300000000.0,notional_at_entry,long,15288.0,long,1924781088.0000007,0
2025-08-15 00:00:00+00:00,3006,SB11,16.44,300000000.0,notional_at_entry,long,15288.0,long,1922383929.6000009,0
2025-08-18 00:00:00+00:00,3007,SB11,16.25,300000000.0,notional_at_entry,long,15288.0,long,1919130643.2000008,0
2025-08-19 00:00:00+00:00,3008,SB11,16.31,300000000.0,notional_at_entry,long,15288.0,long,1920157996.800001,0
2025-08-20 00:00:00+00:00,3009,SB11,16.57,300000000.0,notional_at_entry,long,15288.0,long,1924609862.4000008,0
2025-08-21 00:00:00+00:00,3010,SB11,16.35,300000000.0,notional_at_entry,long,15288.0,long,1920842899.2000008,0
2025-08-22 00:00:00+00:00,3011,SB11,16.48,300000000.0,notional_at_entry,long,15288.0,long,1923068832.0000007,0
2025-08-25 00:00:00+00:00,3012,SB11,16.4,300000000.0,notional_at_entry,long,15288.0,long,1921699027.2000008,0
2025-08-26 00:00:00+00:00,3013,SB11,16.41,300000000.0,notional_at_entry,long,15288.0,long,1921870252.800001,0
2025-08-27 00:00:00+00:00,3014,SB11,16.47,300000000.0,notional_at_entry,long,15288.0,long,1922897606.4000008,0
2025-08-28 00:00:00+00:00,3015,SB11,16.48,300000000.0,notional_at_entry,long,15288.0,long,1923068832.0000007,0
2025-08-29 00:00:00+00:00,3016,SB11,16.37,300000000.0,notional_at_entry,long,15288.0,long,1921185350.4000008,0
2025-09-02 00:00:00+00:00,3017,SB11,16.15,300000000.0,notional_at_entry,long,15288.0,long,1917418387.2000008,0
2025-09-03 00:00:00+00:00,3018,SB11,16.03,-300000000.0,notional_at_entry,short,-16709.0,short,1915363680.000001,1
2025-09-04 00:00:00+00:00,3019,SB11,15.69,-300000000.0,notional_at_entry,short,-16709.0,short,1921726467.200001,0
2025-09-05 00:00:00+00:00,3020,SB11,15.55,-300000000.0,notional_at_entry,short,-16709.0,short,1924346438.400001,0
2025-09-08 00:00:00+00:00,3021,SB11,15.63,-300000000.0,notional_at_entry,short,-16709.0,short,1922849312.000001,0
2025-09-09 00:00:00+00:00,3022,SB11,15.84,-300000000.0,notional_at_entry,short,-16709.0,short,1918919355.200001,0
2025-09-10 00:00:00+00:00,3023,SB11,15.93,-300000000.0,notional_at_entry,short,-16709.0,short,1917235088.000001,0
2025-09-11 00:00:00+00:00,3024,SB11,15.82,-300000000.0,notional_at_entry,short,-16709.0,short,1919293636.800001,0
2025-09-12 00:00:00+00:00,3025,SB11,15.79,-300000000.0,notional_at_entry,short,-16709.0,short,1919855059.200001,0
2025-09-15 00:00:00+00:00,3026,SB11,16.0,-300000000.0,notional_at_entry,short,-16709.0,short,1915925102.400001,0
2025-09-16 00:00:00+00:00,3027,SB11,15.9,-300000000.0,notional_at_entry,short,-16709.0,short,1917796510.400001,0
2025-09-17 00:00:00+00:00,3028,SB11,15.54,-300000000.0,notional_at_entry,short,-16709.0,short,1924533579.200001,0
2025-09-18 00:00:00+00:00,3029,SB11,15.38,-300000000.0,notional_at_entry,short,-16709.0,short,1927527832.000001,0
2025-09-19 00:00:00+00:00,3030,SB11,15.46,-300000000.0,notional_at_entry,short,-16709.0,short,1926030705.6000009,0
2025-09-22 00:00:00+00:00,3031,SB11,15.25,-300000000.0,notional_at_entry,short,-16709.0,short,1929960662.400001,0
2025-09-23 00:00:00+00:00,3032,SB11,15.66,-300000000.0,notional_at_entry,short,-16709.0,short,1922287889.6000009,0
2025-09-24 00:00:00+00:00,3033,SB11,15.64,-300000000.0,notional_at_entry,short,-16709.0,short,1922662171.200001,0
2025-09-25 00:00:00+00:00,3034,SB11,15.76,-300000000.0,notional_at_entry,short,-16709.0,short,1920416481.600001,0
2025-09-26 00:00:00+00:00,3035,SB11,15.87,-300000000.0,notional_at_entry,short,-16709.0,short,1918357932.800001,0
2025-09-29 00:00:00+00:00,3036,SB11,16.02,-300000000.0,notional_at_entry,short,-16709.0,short,1915550820.800001,0
2025-09-30 00:00:00+00:00,3037,SB11,16.1,-300000000.0,notional_at_entry,short,-16709.0,short,1914053694.400001,0
2025-10-01 00:00:00+00:00,3038,SB11,16.13,-300000000.0,notional_at_entry,short,-16709.0,short,1913492272.000001,0
2025-10-02 00:00:00+00:00,3039,SB11,16.4,-300000000.0,notional_at_entry,short,-16709.0,short,1908439470.400001,0
2025-10-03 00:00:00+00:00,3040,SB11,16.47,-300000000.0,notional_at_entry,short,-16709.0,short,1907129484.800001,0
2025-10-06 00:00:00+00:00,3041,SB11,16.81,-300000000.0,notional_at_entry,short,-16709.0,short,1900766697.600001,0
2025-10-07 00:00:00+00:00,3042,SB11,16.63,-300000000.0,notional_at_entry,short,-16709.0,short,1904135232.000001,0
2025-10-08 00:00:00+00:00,3043,SB11,16.29,-300000000.0,notional_at_entry,short,-16709.0,short,1910498019.200001,0
2025-10-09 00:00:00+00:00,3044,SB11,16.26,-300000000.0,notional_at_entry,short,-16709.0,short,1911059441.6000009,0
2025-10-10 00:00:00+00:00,3045,SB11,16.1,-300000000.0,notional_at_entry,short,-16709.0,short,1914053694.400001,0
2025-10-13 00:00:00+00:00,3046,SB11,15.61,-300000000.0,notional_at_entry,short,-16709.0,short,1923223593.600001,0
2025-10-14 00:00:00+00:00,3047,SB11,15.88,-300000000.0,notional_at_entry,short,-16709.0,short,1918170792.000001,0
2025-10-15 00:00:00+00:00,3048,SB11,15.69,-300000000.0,notional_at_entry,short,-16709.0,short,1921726467.200001,0
2025-10-16 00:00:00+00:00,3049,SB11,15.8,-300000000.0,notional_at_entry,short,-16709.0,short,1919667918.400001,0
2025-10-17 00:00:00+00:00,3050,SB11,15.5,-300000000.0,notional_at_entry,short,-16709.0,short,1925282142.400001,0
2025-10-20 00:00:00+00:00,3051,SB11,15.72,-300000000.0,notional_at_entry,short,-16709.0,short,1921165044.800001,0
2025-10-21 00:00:00+00:00,3052,SB11,15.24,-300000000.0,notional_at_entry,short,-16709.0,short,1930147803.200001,0
2025-10-22 00:00:00+00:00,3053,SB11,15.1,-300000000.0,notional_at_entry,short,-16709.0,short,1932767774.400001,0
2025-10-23 00:00:00+00:00,3054,SB11,15.29,-300000000.0,notional_at_entry,short,-16709.0,short,1929212099.200001,0
2025-10-24 00:00:00+00:00,3055,SB11,14.97,-300000000.0,notional_at_entry,short,-16709.0,short,1935200604.800001,0
2025-10-27 00:00:00+00:00,3056,SB11,14.46,-300000000.0,notional_at_entry,short,-16709.0,short,1944744785.6000009,0
2025-10-28 00:00:00+00:00,3057,SB11,14.37,-300000000.0,notional_at_entry,short,-16709.0,short,1946429052.800001,0
2025-10-29 00:00:00+00:00,3058,SB11,14.42,-300000000.0,notional_at_entry,short,-16709.0,short,1945493348.800001,0
2025-10-30 00:00:00+00:00,3059,SB11,14.28,-300000000.0,notional_at_entry,short,-16709.0,short,1948113320.000001,0
2025-10-31 00:00:00+00:00,3060,SB11,14.43,-300000000.0,notional_at_entry,short,-16709.0,short,1945306208.000001,0
2025-11-03 00:00:00+00:00,3061,SB11,14.65,-300000000.0,notional_at_entry,short,-16709.0,short,1941189110.400001,0
2025-11-04 00:00:00+00:00,3062,SB11,14.22,-300000000.0,notional_at_entry,short,-16709.0,short,1949236164.800001,0
2025-11-05 00:00:00+00:00,3063,SB11,14.11,-300000000.0,notional_at_entry,short,-16709.0,short,1951294713.600001,0
2025-11-06 00:00:00+00:00,3064,SB11,14.19,-300000000.0,notional_at_entry,short,-16709.0,short,1949797587.200001,0
2025-11-07 00:00:00+00:00,3065,SB11,14.2,-300000000.0,notional_at_entry,short,-16709.0,short,1949610446.400001,0
2025-11-10 00:00:00+00:00,3066,SB11,14.2,-300000000.0,notional_at_entry,short,-16709.0,short,1949610446.400001,0
2025-11-11 00:00:00+00:00,3067,SB11,14.25,-300000000.0,notional_at_entry,short,-16709.0,short,1948674742.400001,0
2025-11-12 00:00:00+00:00,3068,SB11,14.25,-300000000.0,notional_at_entry,short,-16709.0,short,1948674742.400001,0
2025-11-13 00:00:00+00:00,3069,SB11,14.44,-300000000.0,notional_at_entry,short,-16709.0,short,1945119067.200001,0
2025-11-14 00:00:00+00:00,3070,SB11,14.96,-300000000.0,notional_at_entry,short,-16709.0,short,1935387745.6000009,0
2025-11-17 00:00:00+00:00,3071,SB11,14.8,-300000000.0,notional_at_entry,short,-16709.0,short,1938381998.400001,0
2025-11-18 00:00:00+00:00,3072,SB11,14.7,-300000000.0,notional_at_entry,short,-16709.0,short,1940253406.400001,0
2025-11-19 00:00:00+00:00,3073,SB11,14.66,-300000000.0,notional_at_entry,short,-16709.0,short,1941001969.6000009,0
2025-11-20 00:00:00+00:00,3074,SB11,14.66,-300000000.0,notional_at_entry,short,-16709.0,short,1941001969.6000009,0
2025-11-21 00:00:00+00:00,3075,SB11,14.78,-300000000.0,notional_at_entry,short,-16709.0,short,1938756280.000001,0
2025-11-24 00:00:00+00:00,3076,SB11,14.82,-300000000.0,notional_at_entry,short,-16709.0,short,1938007716.800001,0
2025-11-25 00:00:00+00:00,3077,SB11,14.91,-300000000.0,notional_at_entry,short,-16709.0,short,1936323449.6000009,0
2025-11-26 00:00:00+00:00,3078,SB11,15.14,-300000000.0,notional_at_entry,short,-16709.0,short,1932019211.200001,0
2025-11-28 00:00:00+00:00,3079,SB11,15.21,-300000000.0,notional_at_entry,short,-16709.0,short,1930709225.6000009,0
2025-12-01 00:00:00+00:00,3080,SB11,14.76,-300000000.0,notional_at_entry,short,-16709.0,short,1939130561.6000009,0
2025-12-02 00:00:00+00:00,3081,SB11,14.98,-300000000.0,notional_at_entry,short,-16709.0,short,1935013464.000001,0
2025-12-03 00:00:00+00:00,3082,SB11,14.93,-300000000.0,notional_at_entry,short,-16709.0,short,1935949168.000001,0
2025-12-04 00:00:00+00:00,3083,SB11,14.88,-300000000.0,notional_at_entry,short,-16709.0,short,1936884872.000001,0
2025-12-05 00:00:00+00:00,3084,SB11,14.8,-300000000.0,notional_at_entry,short,-16709.0,short,1938381998.400001,0
2025-12-08 00:00:00+00:00,3085,SB11,14.82,-300000000.0,notional_at_entry,short,-16709.0,short,1938007716.800001,0
2025-12-09 00:00:00+00:00,3086,SB11,14.67,-300000000.0,notional_at_entry,short,-16709.0,short,1940814828.800001,0
2025-12-10 00:00:00+00:00,3087,SB11,14.91,-300000000.0,notional_at_entry,short,-16709.0,short,1936323449.6000009,0
2025-12-11 00:00:00+00:00,3088,SB11,14.85,-300000000.0,notional_at_entry,short,-16709.0,short,1937446294.400001,0
2025-12-12 00:00:00+00:00,3089,SB11,15.1,-300000000.0,notional_at_entry,short,-16709.0,short,1932767774.400001,0
2025-12-15 00:00:00+00:00,3090,SB11,14.95,-300000000.0,notional_at_entry,short,-16709.0,short,1935574886.400001,0
2025-12-16 00:00:00+00:00,3091,SB11,14.82,-300000000.0,notional_at_entry,short,-16709.0,short,1938007716.800001,0
2025-12-17 00:00:00+00:00,3092,SB11,14.76,-300000000.0,notional_at_entry,short,-16709.0,short,1939130561.6000009,0
2025-12-18 00:00:00+00:00,3093,SB11,14.48,-300000000.0,notional_at_entry,short,-16709.0,short,1944370504.000001,0
2025-12-19 00:00:00+00:00,3094,SB11,14.82,-300000000.0,notional_at_entry,short,-16709.0,short,1938007716.800001,0
2025-12-22 00:00:00+00:00,3095,SB11,14.99,-300000000.0,notional_at_entry,short,-16709.0,short,1934826323.200001,0
2025-12-23 00:00:00+00:00,3096,SB11,15.13,-300000000.0,notional_at_entry,short,-16709.0,short,1932206352.000001,0
2025-12-24 00:00:00+00:00,3097,SB11,15.29,-300000000.0,notional_at_entry,short,-16709.0,short,1929212099.200001,0
2025-12-26 00:00:00+00:00,3098,SB11,15.17,-300000000.0,notional_at_entry,short,-16709.0,short,1931457788.800001,0
2025-12-29 00:00:00+00:00,3099,SB11,15.26,-300000000.0,notional_at_entry,short,-16709.0,short,1929773521.6000009,0
2025-12-30 00:00:00+00:00,3100,SB11,14.84,-300000000.0,notional_at_entry,short,-16709.0,short,1937633435.200001,0
2025-12-31 00:00:00+00:00,3101,SB11,15.01,-300000000.0,notional_at_entry,short,-16709.0,short,1934452041.6000009,0
2026-01-02 00:00:00+00:00,3102,SB11,14.6,-300000000.0,notional_at_entry,short,-16709.0,short,1942124814.400001,0
2026-01-05 00:00:00+00:00,3103,SB11,14.73,-300000000.0,notional_at_entry,short,-16709.0,short,1939691984.000001,0
2026-01-06 00:00:00+00:00,3104,SB11,14.76,-300000000.0,notional_at_entry,short,-16709.0,short,1939130561.6000009,0
2026-01-07 00:00:00+00:00,3105,SB11,14.98,-300000000.0,notional_at_entry,short,-16709.0,short,1935013464.000001,0
2026-01-08 00:00:00+00:00,3106,SB11,14.97,-300000000.0,notional_at_entry,short,-16709.0,short,1935200604.800001,0
2026-01-09 00:00:00+00:00,3107,SB11,14.89,-300000000.0,notional_at_entry,short,-16709.0,short,1936697731.200001,0
2026-01-12 00:00:00+00:00,3108,SB11,14.84,-300000000.0,notional_at_entry,short,-16709.0,short,1937633435.200001,0
2026-01-13 00:00:00+00:00,3109,SB11,14.89,-300000000.0,notional_at_entry,short,-16709.0,short,1936697731.200001,0
2026-01-14 00:00:00+00:00,3110,SB11,14.68,-300000000.0,notional_at_entry,short,-16709.0,short,1940627688.000001,0
2026-01-15 00:00:00+00:00,3111,SB11,14.57,-300000000.0,notional_at_entry,short,-16709.0,short,1942686236.800001,0
2026-01-16 00:00:00+00:00,3112,SB11,14.96,-300000000.0,notional_at_entry,short,-16709.0,short,1935387745.6000009,0
2026-01-20 00:00:00+00:00,3113,SB11,14.72,-300000000.0,notional_at_entry,short,-16709.0,short,1939879124.800001,0
2026-01-21 00:00:00+00:00,3114,SB11,14.74,-300000000.0,notional_at_entry,short,-16709.0,short,1939504843.200001,0
2026-01-22 00:00:00+00:00,3115,SB11,14.96,-300000000.0,notional_at_entry,short,-16709.0,short,1935387745.6000009,0
2026-01-23 00:00:00+00:00,3116,SB11,14.73,-300000000.0,notional_at_entry,short,-16709.0,short,1939691984.000001,0
2026-01-26 00:00:00+00:00,3117,SB11,14.79,-300000000.0,notional_at_entry,short,-16709.0,short,1938569139.200001,0
2026-01-27 00:00:00+00:00,3118,SB11,14.83,-300000000.0,notional_at_entry,short,-16709.0,short,1937820576.000001,0
2026-01-28 00:00:00+00:00,3119,SB11,14.71,-300000000.0,notional_at_entry,short,-16709.0,short,1940066265.6000009,0
2026-01-29 00:00:00+00:00,3120,SB11,14.7,-300000000.0,notional_at_entry,short,-16709.0,short,1940253406.400001,0
2026-01-30 00:00:00+00:00,3121,SB11,14.27,-300000000.0,notional_at_entry,short,-16709.0,short,1948300460.800001,0
2026-02-02 00:00:00+00:00,3122,SB11,14.26,-300000000.0,notional_at_entry,short,-16709.0,short,1948487601.6000009,0
2026-02-03 00:00:00+00:00,3123,SB11,14.63,-300000000.0,notional_at_entry,short,-16709.0,short,1941563392.000001,0
2026-02-04 00:00:00+00:00,3124,SB11,14.44,-300000000.0,notional_at_entry,short,-16709.0,short,1945119067.200001,0
2026-02-05 00:00:00+00:00,3125,SB11,14.27,-300000000.0,notional_at_entry,short,-16709.0,short,1948300460.800001,0
2026-02-06 00:00:00+00:00,3126,SB11,14.11,-300000000.0,notional_at_entry,short,-16709.0,short,1951294713.600001,0
2026-02-09 00:00:00+00:00,3127,SB11,14.35,-300000000.0,notional_at_entry,short,-16709.0,short,1946803334.400001,0
2026-02-10 00:00:00+00:00,3128,SB11,14.12,-300000000.0,notional_at_entry,short,-16709.0,short,1951107572.800001,0
2026-02-11 00:00:00+00:00,3129,SB11,13.84,-300000000.0,notional_at_entry,short,-16709.0,short,1956347515.200001,0
2026-02-12 00:00:00+00:00,3130,SB11,13.75,-300000000.0,notional_at_entry,short,-16709.0,short,1958031782.400001,0
2026-02-13 00:00:00+00:00,3131,SB11,13.78,-300000000.0,notional_at_entry,short,-16709.0,short,1957470360.000001,0
2026-02-17 00:00:00+00:00,3132,SB11,13.86,-300000000.0,notional_at_entry,short,-16709.0,short,1955973233.600001,0
2026-02-18 00:00:00+00:00,3133,SB11,14.17,-300000000.0,notional_at_entry,short,-16709.0,short,1950171868.800001,0
2026-02-19 00:00:00+00:00,3134,SB11,14.07,-300000000.0,notional_at_entry,short,-16709.0,short,1952043276.800001,0
2026-02-20 00:00:00+00:00,3135,SB11,14.3,-300000000.0,notional_at_entry,short,-16709.0,short,1947739038.400001,0
2026-02-23 00:00:00+00:00,3136,SB11,14.45,-300000000.0,notional_at_entry,short,-16709.0,short,1944931926.400001,0
2026-02-24 00:00:00+00:00,3137,SB11,14.01,-300000000.0,notional_at_entry,short,-16709.0,short,1953166121.6000009,0
2026-02-25 00:00:00+00:00,3138,SB11,14.0,-300000000.0,notional_at_entry,short,-16709.0,short,1953353262.400001,0
2026-02-26 00:00:00+00:00,3139,SB11,13.95,-300000000.0,notional_at_entry,short,-16709.0,short,1954288966.400001,0
2026-02-27 00:00:00+00:00,3140,SB11,13.89,-300000000.0,notional_at_entry,short,-16709.0,short,1955411811.200001,0
2026-03-02 00:00:00+00:00,3141,SB11,13.91,-300000000.0,notional_at_entry,short,-16709.0,short,1955037529.6000009,0
2026-03-03 00:00:00+00:00,3142,SB11,13.93,-300000000.0,notional_at_entry,short,-16709.0,short,1954663248.000001,0
2026-03-04 00:00:00+00:00,3143,SB11,13.73,-300000000.0,notional_at_entry,short,-16709.0,short,1958406064.000001,0
2026-03-05 00:00:00+00:00,3144,SB11,13.72,-300000000.0,notional_at_entry,short,-16709.0,short,1958593204.800001,0
2026-03-06 00:00:00+00:00,3145,SB11,14.1,-300000000.0,notional_at_entry,short,-16709.0,short,1951481854.400001,0
2026-03-09 00:00:00+00:00,3146,SB11,14.59,-300000000.0,notional_at_entry,short,-16709.0,short,1942311955.200001,0
2026-03-10 00:00:00+00:00,3147,SB11,14.38,-300000000.0,notional_at_entry,short,-16709.0,short,1946241912.000001,0
2026-03-11 00:00:00+00:00,3148,SB11,14.25,-300000000.0,notional_at_entry,short,-16709.0,short,1948674742.400001,0
2026-03-12 00:00:00+00:00,3149,SB11,14.38,-300000000.0,notional_at_entry,short,-16709.0,short,1946241912.000001,0
2026-03-13 00:00:00+00:00,3150,SB11,14.37,-300000000.0,notional_at_entry,short,-16709.0,short,1946429052.800001,0
2026-03-16 00:00:00+00:00,3151,SB11,14.19,-300000000.0,notional_at_entry,short,-16709.0,short,1949797587.200001,0
2026-03-17 00:00:00+00:00,3152,SB11,14.45,-300000000.0,notional_at_entry,short,-16709.0,short,1944931926.400001,0
2026-03-18 00:00:00+00:00,3153,SB11,14.8,-300000000.0,notional_at_entry,short,-16709.0,short,1938381998.400001,0
2026-03-19 00:00:00+00:00,3154,SB11,15.37,-300000000.0,notional_at_entry,short,-16709.0,short,1927714972.800001,0
2026-03-20 00:00:00+00:00,3155,SB11,15.7,-300000000.0,notional_at_entry,short,-16709.0,short,1921539326.400001,0
2026-03-23 00:00:00+00:00,3156,SB11,15.52,-300000000.0,notional_at_entry,short,-16709.0,short,1924907860.800001,0
2026-03-24 00:00:00+00:00,3157,SB11,15.88,-300000000.0,notional_at_entry,short,-16709.0,short,1918170792.000001,0
2026-03-25 00:00:00+00:00,3158,SB11,15.55,-300000000.0,notional_at_entry,short,-16709.0,short,1924346438.400001,0
2026-03-26 00:00:00+00:00,3159,SB11,15.87,-300000000.0,notional_at_entry,short,-16709.0,short,1918357932.800001,0
2026-03-27 00:00:00+00:00,3160,SB11,15.76,-300000000.0,notional_at_entry,short,-16709.0,short,1920416481.600001,0
2026-03-30 00:00:00+00:00,3161,SB11,15.55,-300000000.0,notional_at_entry,short,-16709.0,short,1924346438.400001,0
2026-03-31 00:00:00+00:00,3162,SB11,15.52,-300000000.0,notional_at_entry,short,-16709.0,short,1924907860.800001,0
2026-04-01 00:00:00+00:00,3163,SB11,15.09,-300000000.0,notional_at_entry,short,-16709.0,short,1932954915.200001,0
2026-04-02 00:00:00+00:00,3164,SB11,15.0,-300000000.0,notional_at_entry,short,-16709.0,short,1934639182.400001,0
2026-04-06 00:00:00+00:00,3165,SB11,14.97,-300000000.0,notional_at_entry,short,-16709.0,short,1935200604.800001,0
2026-04-07 00:00:00+00:00,3166,SB11,14.58,-300000000.0,notional_at_entry,short,-16709.0,short,1942499096.000001,0
2026-04-08 00:00:00+00:00,3167,SB11,14.23,-300000000.0,notional_at_entry,short,-16709.0,short,1949049024.000001,0
2026-04-09 00:00:00+00:00,3168,SB11,13.92,-300000000.0,notional_at_entry,short,-16709.0,short,1954850388.800001,0
2026-04-10 00:00:00+00:00,3169,SB11,13.75,-300000000.0,notional_at_entry,short,-16709.0,short,1958031782.400001,0
2026-04-13 00:00:00+00:00,3170,SB11,13.88,-300000000.0,notional_at_entry,short,-16709.0,short,1955598952.000001,0
2026-04-14 00:00:00+00:00,3171,SB11,14.09,-300000000.0,notional_at_entry,short,-16709.0,short,1951668995.200001,0
2026-04-15 00:00:00+00:00,3172,SB11,13.7,-300000000.0,notional_at_entry,short,-16709.0,short,1958967486.400001,0
2026-04-16 00:00:00+00:00,3173,SB11,13.8,-300000000.0,notional_at_entry,short,-16709.0,short,1957096078.400001,0
2026-04-17 00:00:00+00:00,3174,SB11,13.48,-300000000.0,notional_at_entry,short,-16709.0,short,1963084584.000001,0
2026-04-20 00:00:00+00:00,3175,SB11,13.64,-300000000.0,notional_at_entry,short,-16709.0,short,1960090331.200001,0
2026-04-21 00:00:00+00:00,3176,SB11,13.72,-300000000.0,notional_at_entry,short,-16709.0,short,1958593204.800001,0
2026-04-22 00:00:00+00:00,3177,SB11,13.81,-300000000.0,notional_at_entry,short,-16709.0,short,1956908937.6000009,0
2026-04-23 00:00:00+00:00,3178,SB11,13.89,-300000000.0,notional_at_entry,short,-16709.0,short,1955411811.200001,0
2026-04-24 00:00:00+00:00,3179,SB11,14.11,-300000000.0,notional_at_entry,short,-16709.0,short,1951294713.600001,0
2026-04-27 00:00:00+00:00,3180,SB11,13.97,-300000000.0,notional_at_entry,short,-16709.0,short,1953914684.800001,0
2026-04-28 00:00:00+00:00,3181,SB11,14.23,-300000000.0,notional_at_entry,short,-16709.0,short,1949049024.000001,0
2026-04-29 00:00:00+00:00,3182,SB11,14.77,-300000000.0,notional_at_entry,short,-16709.0,short,1938943420.800001,0
2026-04-30 00:00:00+00:00,3183,SB11,14.61,-300000000.0,notional_at_entry,short,-16709.0,short,1941937673.600001,0
2026-05-01 00:00:00+00:00,3184,SB11,14.95,-300000000.0,notional_at_entry,short,-16709.0,short,1935574886.400001,0
2026-05-04 00:00:00+00:00,3185,SB11,15.29,-300000000.0,notional_at_entry,short,-16709.0,short,1929212099.200001,0
2026-05-05 00:00:00+00:00,3186,SB11,15.37,-300000000.0,notional_at_entry,short,-16709.0,short,1927714972.800001,0
2026-05-06 00:00:00+00:00,3187,SB11,14.81,-300000000.0,notional_at_entry,short,-16709.0,short,1938194857.6000009,0
2026-05-07 00:00:00+00:00,3188,SB11,14.54,-300000000.0,notional_at_entry,short,-16709.0,short,1943247659.200001,0
2026-05-08 00:00:00+00:00,3189,SB11,14.69,-300000000.0,notional_at_entry,short,-16709.0,short,1940440547.200001,0
2026-05-11 00:00:00+00:00,3190,SB11,14.91,-300000000.0,notional_at_entry,short,-16709.0,short,1936323449.6000009,0
2026-05-12 00:00:00+00:00,3191,SB11,15.01,-300000000.0,notional_at_entry,short,-16709.0,short,1934452041.6000009,0
2026-05-13 00:00:00+00:00,3192,SB11,15.38,300000000.0,notional_at_entry,long,17415.0,long,1927527832.000001,1
2026-05-14 00:00:00+00:00,3193,SB11,14.99,300000000.0,notional_at_entry,long,17415.0,long,1919920960.000001,0
2026-05-15 00:00:00+00:00,3194,SB11,14.8,300000000.0,notional_at_entry,long,17415.0,long,1916215048.000001,0
2026-05-18 00:00:00+00:00,3195,SB11,14.73,300000000.0,notional_at_entry,long,17415.0,long,1914849712.000001,0
2026-05-19 00:00:00+00:00,3196,SB11,15.01,300000000.0,notional_at_entry,long,17415.0,long,1920311056.000001,0
2026-05-20 00:00:00+00:00,3197,SB11,14.73,300000000.0,notional_at_entry,long,17415.0,long,1914849712.000001,0
2026-05-21 00:00:00+00:00,3198,SB11,14.9,300000000.0,notional_at_entry,long,17415.0,long,1918165528.000001,0
2026-05-22 00:00:00+00:00,3199,SB11,14.7,300000000.0,notional_at_entry,long,17415.0,long,1914264568.000001,0
2026-05-26 00:00:00+00:00,3200,SB11,14.54,300000000.0,notional_at_entry,long,17415.0,long,1911143800.000001,0
2026-05-27 00:00:00+00:00,3201,SB11,14.14,300000000.0,notional_at_entry,long,17415.0,long,1903341880.000001,0
2026-05-28 00:00:00+00:00,3202,SB11,13.93,300000000.0,notional_at_entry,long,17415.0,long,1899245872.000001,0
2026-05-29 00:00:00+00:00,3203,SB11,14.06,300000000.0,notional_at_entry,long,17415.0,long,1901781496.000001,0
2026-06-01 00:00:00+00:00,3204,SB11,14.45,300000000.0,notional_at_entry,long,17415.0,long,1909388368.000001,0
2026-06-02 00:00:00+00:00,3205,SB11,14.38,300000000.0,notional_at_entry,long,17415.0,long,1908023032.000001,0
2026-06-03 00:00:00+00:00,3206,SB11,14.24,300000000.0,notional_at_entry,long,17415.0,long,1905292360.000001,0
2026-06-04 00:00:00+00:00,3207,SB11,14.27,300000000.0,notional_at_entry,long,17415.0,long,1905877504.000001,0
2026-06-05 00:00:00+00:00,3208,SB11,14.14,300000000.0,notional_at_entry,long,17415.0,long,1903341880.000001,0
2026-06-08 00:00:00+00:00,3209,SB11,14.12,300000000.0,notional_at_entry,long,17415.0,long,1902951784.000001,0
2026-06-09 00:00:00+00:00,3210,SB11,14.08,300000000.0,notional_at_entry,long,17415.0,long,1902171592.000001,0
2026-06-10 00:00:00+00:00,3211,SB11,13.88,300000000.0,notional_at_entry,long,17415.0,long,1898270632.000001,0
2026-06-11 00:00:00+00:00,3212,SB11,13.79,300000000.0,notional_at_entry,long,17415.0,long,1896515200.000001,0
2026-06-12 00:00:00+00:00,3213,SB11,13.7,300000000.0,notional_at_entry,long,17415.0,long,1894759768.000001,0
2026-06-15 00:00:00+00:00,3214,SB11,14.19,300000000.0,notional_at_entry,long,17415.0,long,1904317120.000001,0
2026-06-16 00:00:00+00:00,3215,SB11,14.31,300000000.0,notional_at_entry,long,17415.0,long,1906657696.000001,0
2026-06-17 00:00:00+00:00,3216,SB11,14.37,300000000.0,notional_at_entry,long,17415.0,long,1907827984.000001,0
2026-06-18 00:00:00+00:00,3217,SB11,14.13,300000000.0,notional_at_entry,long,17415.0,long,1903146832.000001,0
2026-06-22 00:00:00+00:00,3218,SB11,13.84,300000000.0,notional_at_entry,long,17415.0,long,1897490440.000001,0
2026-06-23 00:00:00+00:00,3219,SB11,13.95,300000000.0,notional_at_entry,long,17415.0,long,1899635968.000001,0
2026-06-24 00:00:00+00:00,3220,SB11,14.02,300000000.0,notional_at_entry,long,17415.0,long,1901001304.000001,0
2026-06-25 00:00:00+00:00,3221,SB11,14.1,300000000.0,notional_at_entry,long,17415.0,long,1902561688.000001,0
2026-06-26 00:00:00+00:00,3222,SB11,14.51,300000000.0,notional_at_entry,long,17415.0,long,1910558656.000001,0
2026-06-29 00:00:00+00:00,3223,SB11,14.78,300000000.0,notional_at_entry,long,17415.0,long,1915824952.000001,0
2026-06-30 00:00:00+00:00,3224,SB11,14.82,300000000.0,notional_at_entry,long,17415.0,long,1916605144.000001,0
2026-07-01 00:00:00+00:00,3225,SB11,14.99,300000000.0,notional_at_entry,long,17415.0,long,1919920960.000001,0
2026-07-02 00:00:00+00:00,3226,SB11,14.85,300000000.0,notional_at_entry,long,17415.0,long,1917190288.000001,0
2026-07-06 00:00:00+00:00,3227,SB11,15.22,300000000.0,notional_at_entry,long,17415.0,long,1924407064.000001,0
2026-07-07 00:00:00+00:00,3228,SB11,15.14,300000000.0,notional_at_entry,long,17415.0,long,1922846680.000001,0
2026-07-08 00:00:00+00:00,3229,SB11,15.11,300000000.0,notional_at_entry,long,17415.0,long,1922261536.000001,0
2026-07-09 00:00:00+00:00,3230,SB11,15.02,300000000.0,notional_at_entry,long,17415.0,long,1920506104.000001,0
2026-07-10 00:00:00+00:00,3231,SB11,14.88,300000000.0,notional_at_entry,long,17415.0,long,1917775432.000001,0
2026-07-13 00:00:00+00:00,3232,SB11,14.75,300000000.0,notional_at_entry,long,17415.0,long,1915239808.000001,0
2026-07-14 00:00:00+00:00,3233,SB11,14.88,300000000.0,notional_at_entry,long,17415.0,long,1917775432.000001,0
2026-07-15 00:00:00+00:00,3234,SB11,14.85,300000000.0,notional_at_entry,long,17415.0,long,1917190288.000001,0
2026-07-16 00:00:00+00:00,3235,SB11,14.44,300000000.0,notional_at_entry,long,17415.0,long,1909193320.000001,0
2026-07-17 00:00:00+00:00,3236,SB11,14.83,300000000.0,notional_at_entry,long,17415.0,long,1916800192.000001,0
2026-07-20 00:00:00+00:00,3237,SB11,14.82,300000000.0,notional_at_entry,long,17415.0,long,1916605144.000001,0
2026-07-21 00:00:00+00:00,3238,SB11,14.88,300000000.0,notional_at_entry,long,17415.0,long,1917775432.000001,0
2026-07-22 00:00:00+00:00,3239,SB11,14.74,300000000.0,notional_at_entry,long,17415.0,long,1915044760.000001,0
2026-07-23 00:00:00+00:00,3240,SB11,14.69,300000000.0,notional_at_entry,long,17415.0,long,1914069520.000001,0
2026-07-24 00:00:00+00:00,3241,SB11,14.77,300000000.0,notional_at_entry,long,17415.0,long,1915629904.000001,0
2026-07-27 00:00:00+00:00,3242,SB11,14.58,300000000.0,notional_at_entry,long,17415.0,long,1911923992.000001,0
2026-07-28 00:00:00+00:00,3243,SB11,14.55,300000000.0,notional_at_entry,long,17415.0,long,1911338848.000001,0
2026-07-29 00:00:00+00:00,3244,SB11,14.5,300000000.0,notional_at_entry,long,17415.0,long,1910363608.000001,0
2026-07-30 00:00:00+00:00,3245,SB11,14.43,300000000.0,notional_at_entry,long,17415.0,long,1908998272.000001,0
2026-07-31 00:00:00+00:00,3246,SB11,14.66,300000000.0,notional_at_entry,long,17415.0,long,1913484376.000001,0
2026-08-03 00:00:00+00:00,3247,SB11,15.01,300000000.0,notional_at_entry,long,17415.0,long,1920311056.000001,0
2026-08-04 00:00:00+00:00,3248,SB11,15.04,300000000.0,notional_at_entry,long,17415.0,long,1920896200.000001,0
2026-08-05 00:00:00+00:00,3249,SB11,15.15,300000000.0,notional_at_entry,long,17415.0,long,1923041728.000001,0
2026-08-06 00:00:00+00:00,3250,SB11,15.27,300000000.0,notional_at_entry,long,17415.0,long,1925382304.000001,0
2026-08-07 00:00:00+00:00,3251,SB11,16.45,300000000.0,notional_at_entry,long,17415.0,long,1948397968.000001,0
2026-08-10 00:00:00+00:00,3252,SB11,16.47,300000000.0,notional_at_entry,long,17415.0,long,1948788064.000001,0
2026-08-11 00:00:00+00:00,3253,SB11,16.73,300000000.0,notional_at_entry,long,17415.0,long,1953859312.000001,0
2026-08-12 00:00:00+00:00,3254,SB11,16.8,300000000.0,notional_at_entry,long,17415.0,long,1955224648.000001,0
