date,equity
2013-08-29 00:00:00+00:00,300000000.0
2013-08-30 00:00:00+00:00,300000000.0
2013-09-03 00:00:00+00:00,300000000.0
2013-09-04 00:00:00+00:00,300000000.0
2013-09-05 00:00:00+00:00,300000000.0
2013-09-06 00:00:00+00:00,300000000.0
2013-09-09 00:00:00+00:00,300000000.0
2013-09-10 00:00:00+00:00,300000000.0
2013-09-11 00:00:00+00:00,300000000.0
2013-09-12 00:00:00+00:00,300000000.0
2013-09-13 00:00:00+00:00,300000000.0
2013-09-16 00:00:00+00:00,300000000.0
2013-09-17 00:00:00+00:00,300000000.0
2013-09-18 00:00:00+00:00,300000000.0
2013-09-19 00:00:00+00:00,300000000.0
2013-09-20 00:00:00+00:00,300000000.0
2013-09-23 00:00:00+00:00,300000000.0
2013-09-24 00:00:00+00:00,300000000.0
2013-09-25 00:00:00+00:00,300000000.0
2013-09-26 00:00:00+00:00,300000000.0
2013-09-27 00:00:00+00:00,300000000.0
2013-09-30 00:00:00+00:00,300000000.0
2013-10-01 00:00:00+00:00,300000000.0
2013-10-02 00:00:00+00:00,300000000.0
2013-10-03 00:00:00+00:00,300000000.0
2013-10-04 00:00:00+00:00,300000000.0
2013-10-07 00:00:00+00:00,300000000.0
2013-10-08 00:00:00+00:00,300000000.0
2013-10-09 00:00:00+00:00,300000000.0
2013-10-10 00:00:00+00:00,300000000.0
2013-10-11 00:00:00+00:00,300000000.0
2013-10-14 00:00:00+00:00,300000000.0
2013-10-15 00:00:00+00:00,300000000.0
2013-10-16 00:00:00+00:00,300000000.0
2013-10-17 00:00:00+00:00,300000000.0
2013-10-18 00:00:00+00:00,300000000.0
2013-10-21 00:00:00+00:00,300000000.0
2013-10-22 00:00:00+00:00,300000000.0
2013-10-23 00:00:00+00:00,300000000.0
2013-10-24 00:00:00+00:00,300000000.0
2013-10-25 00:00:00+00:00,300000000.0
2013-10-28 00:00:00+00:00,300000000.0
2013-10-29 00:00:00+00:00,300000000.0
2013-10-30 00:00:00+00:00,300000000.0
2013-10-31 00:00:00+00:00,300000000.0
2013-11-01 00:00:00+00:00,300000000.0
2013-11-04 00:00:00+00:00,300000000.0
2013-11-05 00:00:00+00:00,300000000.0
2013-11-06 00:00:00+00:00,302628684.8
2013-11-07 00:00:00+00:00,303614441.6
2013-11-08 00:00:00+00:00,302957270.40000004
2013-11-11 00:00:00+00:00,304764491.20000005
2013-11-12 00:00:00+00:00,306407419.2
2013-11-13 00:00:00+00:00,307557468.8
2013-11-14 00:00:00+00:00,310186153.6
2013-11-15 00:00:00+00:00,311664788.8
2013-11-18 00:00:00+00:00,308378932.8
2013-11-19 00:00:00+00:00,310021860.8000001
2013-11-20 00:00:00+00:00,310843324.8
2013-11-21 00:00:00+00:00,312321960.0
2013-11-22 00:00:00+00:00,314129180.8000001
2013-11-25 00:00:00+00:00,315443523.20000005
2013-11-26 00:00:00+00:00,315772108.8
2013-11-27 00:00:00+00:00,317086451.20000005
2013-11-29 00:00:00+00:00,318236500.8000001
2013-12-02 00:00:00+00:00,321193771.20000005
2013-12-03 00:00:00+00:00,323822456.00000006
2013-12-04 00:00:00+00:00,325958262.40000004
2013-12-05 00:00:00+00:00,325793969.6
2013-12-06 00:00:00+00:00,327436897.6
2013-12-09 00:00:00+00:00,328094068.8
2013-12-10 00:00:00+00:00,326944019.2
2013-12-11 00:00:00+00:00,328751240.0
2013-12-12 00:00:00+00:00,332201388.8
2013-12-13 00:00:00+00:00,332694267.20000005
2013-12-16 00:00:00+00:00,332694267.20000005
2013-12-17 00:00:00+00:00,337787344.0
2013-12-18 00:00:00+00:00,338937393.6
2013-12-19 00:00:00+00:00,334665780.8000001
2013-12-20 00:00:00+00:00,329736996.8
2013-12-23 00:00:00+00:00,333351438.40000004
2013-12-24 00:00:00+00:00,333680024.0
2013-12-26 00:00:00+00:00,332365681.6
2013-12-27 00:00:00+00:00,330065582.40000004
2013-12-30 00:00:00+00:00,330887046.40000004
2013-12-31 00:00:00+00:00,330394168.0
2014-01-02 00:00:00+00:00,332365681.6
2014-01-03 00:00:00+00:00,335815830.40000004
2014-01-06 00:00:00+00:00,335815830.40000004
2014-01-07 00:00:00+00:00,336144416.00000006
2014-01-08 00:00:00+00:00,341401785.6
2014-01-09 00:00:00+00:00,345673398.40000004
2014-01-10 00:00:00+00:00,344194763.20000005
2014-01-13 00:00:00+00:00,343701884.8
2014-01-14 00:00:00+00:00,345509105.6
2014-01-15 00:00:00+00:00,349780718.40000004
2014-01-16 00:00:00+00:00,346166276.8000001
2014-01-17 00:00:00+00:00,349945011.20000005
2014-01-21 00:00:00+00:00,349945011.20000005
2014-01-22 00:00:00+00:00,353066574.40000004
2014-01-23 00:00:00+00:00,352902281.6
2014-01-24 00:00:00+00:00,351752232.0
2014-01-27 00:00:00+00:00,356845308.8
2014-01-28 00:00:00+00:00,353230867.20000005
2014-01-29 00:00:00+00:00,357831065.6
2014-01-30 00:00:00+00:00,353723745.6
2014-01-31 00:00:00+00:00,344523348.8
2014-02-03 00:00:00+00:00,341401785.6
2014-02-04 00:00:00+00:00,336144416.00000006
2014-02-05 00:00:00+00:00,335487244.8
2014-02-06 00:00:00+00:00,339594564.8
2014-02-07 00:00:00+00:00,341566078.40000004
2014-02-10 00:00:00+00:00,343044713.6
2014-02-11 00:00:00+00:00,346001984.0
2014-02-12 00:00:00+00:00,340251736.0
2014-02-13 00:00:00+00:00,342716128.0
2014-02-14 00:00:00+00:00,343209006.4
2014-02-18 00:00:00+00:00,334501488.0
2014-02-19 00:00:00+00:00,323165284.8
2014-02-20 00:00:00+00:00,325793969.6
2014-02-21 00:00:00+00:00,319550843.20000005
2014-02-24 00:00:00+00:00,309528982.40000004
2014-02-25 00:00:00+00:00,309528982.40000004
2014-02-26 00:00:00+00:00,309693275.2
2014-02-27 00:00:00+00:00,303121563.20000005
2014-02-28 00:00:00+00:00,309857568.0
2014-03-03 00:00:00+00:00,307557468.8
2014-03-04 00:00:00+00:00,308543225.6
2014-03-05 00:00:00+00:00,300492878.40000004
2014-03-06 00:00:00+00:00,299014243.20000005
2014-03-07 00:00:00+00:00,304107320.0
2014-03-10 00:00:00+00:00,300657171.20000005
2014-03-11 00:00:00+00:00,303778734.40000004
2014-03-12 00:00:00+00:00,309693275.2
2014-03-13 00:00:00+00:00,307228883.20000005
2014-03-14 00:00:00+00:00,316593572.8
2014-03-17 00:00:00+00:00,319879428.8
2014-03-18 00:00:00+00:00,318400793.6
2014-03-19 00:00:00+00:00,315443523.20000005
2014-03-20 00:00:00+00:00,319879428.8
2014-03-21 00:00:00+00:00,323493870.40000004
2014-03-24 00:00:00+00:00,323329577.6
2014-03-25 00:00:00+00:00,321193771.20000005
2014-03-26 00:00:00+00:00,314786352.00000006
2014-03-27 00:00:00+00:00,306407419.2
2014-03-28 00:00:00+00:00,304600198.40000004
2014-03-31 00:00:00+00:00,308050347.20000005
2014-04-01 00:00:00+00:00,317743622.40000004
2014-04-02 00:00:00+00:00,321193771.20000005
2014-04-03 00:00:00+00:00,317743622.40000004
2014-04-04 00:00:00+00:00,314950644.8
2014-04-07 00:00:00+00:00,321686649.6
2014-04-08 00:00:00+00:00,318072208.0
2014-04-09 00:00:00+00:00,320043721.6
2014-04-10 00:00:00+00:00,319386550.40000004
2014-04-11 00:00:00+00:00,323986748.8
2014-04-14 00:00:00+00:00,327436897.6
2014-04-15 00:00:00+00:00,327929776.00000006
2014-04-16 00:00:00+00:00,322015235.2
2014-04-17 00:00:00+00:00,315279230.40000004
2014-04-21 00:00:00+00:00,311993374.40000004
2014-04-22 00:00:00+00:00,310514739.2
2014-04-23 00:00:00+00:00,304600198.40000004
2014-04-24 00:00:00+00:00,308543225.6
2014-04-25 00:00:00+00:00,306736004.8
2014-04-28 00:00:00+00:00,311500496.00000006
2014-04-29 00:00:00+00:00,311336203.20000005
2014-04-30 00:00:00+00:00,308871811.20000005
2014-05-01 00:00:00+00:00,307557468.8
2014-05-02 00:00:00+00:00,313307716.8
2014-05-05 00:00:00+00:00,312979131.20000005
2014-05-06 00:00:00+00:00,317415036.8
2014-05-07 00:00:00+00:00,316429280.0
2014-05-08 00:00:00+00:00,316757865.6
2014-05-09 00:00:00+00:00,316061852.8
2014-05-12 00:00:00+00:00,317627881.6
2014-05-13 00:00:00+00:00,326502044.8000001
2014-05-14 00:00:00+00:00,334332188.8000001
2014-05-15 00:00:00+00:00,333462172.8
2014-05-16 00:00:00+00:00,328416080.00000006
2014-05-19 00:00:00+00:00,330761024.00000006
2014-05-20 00:00:00+00:00,333943448.0000001
2014-05-21 00:00:00+00:00,336288392.00000006
2014-05-22 00:00:00+00:00,337293368.00000006
2014-05-23 00:00:00+00:00,337460864.00000006
2014-05-27 00:00:00+00:00,343323224.00000006
2014-05-28 00:00:00+00:00,341815760.00000006
2014-05-29 00:00:00+00:00,335618408.00000006
2014-05-30 00:00:00+00:00,337293368.00000006
2014-06-02 00:00:00+00:00,340643288.00000006
2014-06-03 00:00:00+00:00,340475792.00000006
2014-06-04 00:00:00+00:00,342988232.00000006
2014-06-05 00:00:00+00:00,346505648.0000001
2014-06-06 00:00:00+00:00,344998184.00000006
2014-06-09 00:00:00+00:00,343993208.00000006
2014-06-10 00:00:00+00:00,344160704.00000006
2014-06-11 00:00:00+00:00,346840640.00000006
2014-06-12 00:00:00+00:00,348683096.00000006
2014-06-13 00:00:00+00:00,369341328.0000001
2014-06-16 00:00:00+00:00,371496969.6
2014-06-17 00:00:00+00:00,370419148.8000001
2014-06-18 00:00:00+00:00,378323168.0000001
2014-06-19 00:00:00+00:00,384430819.2000001
2014-06-20 00:00:00+00:00,385508640.00000006
2014-06-23 00:00:00+00:00,384790092.8000001
2014-06-24 00:00:00+00:00,384430819.2000001
2014-06-25 00:00:00+00:00,382993724.8000001
2014-06-26 00:00:00+00:00,385149366.4000001
2014-06-27 00:00:00+00:00,377784257.6000001
2014-06-30 00:00:00+00:00,372215516.8000001
2014-07-01 00:00:00+00:00,368443144.00000006
2014-07-02 00:00:00+00:00,369700601.6000001
2014-07-03 00:00:00+00:00,368622780.8000001
2014-07-07 00:00:00+00:00,363233676.8000001
2014-07-08 00:00:00+00:00,366287502.4000001
2014-07-09 00:00:00+00:00,361616945.6000001
2014-07-10 00:00:00+00:00,359281667.20000005
2014-07-11 00:00:00+00:00,355329657.6000001
2014-07-14 00:00:00+00:00,357485299.2000001
2014-07-15 00:00:00+00:00,357844572.8000001
2014-07-16 00:00:00+00:00,355329657.6000001
2014-07-17 00:00:00+00:00,352635105.6000001
2014-07-18 00:00:00+00:00,353533289.6
2014-07-21 00:00:00+00:00,359102030.4000001
2014-07-22 00:00:00+00:00,356946388.8000001
2014-07-23 00:00:00+00:00,353353652.8000001
2014-07-24 00:00:00+00:00,354970384.00000006
2014-07-25 00:00:00+00:00,353386816.00000006
2014-07-28 00:00:00+00:00,356905856.00000006
2014-07-29 00:00:00+00:00,362536320.00000006
2014-07-30 00:00:00+00:00,362360368.0000001
2014-07-31 00:00:00+00:00,365351552.00000006
2014-08-01 00:00:00+00:00,367287024.00000006
2014-08-04 00:00:00+00:00,367814880.00000006
2014-08-05 00:00:00+00:00,371157968.0000001
2014-08-06 00:00:00+00:00,367814880.00000006
2014-08-07 00:00:00+00:00,372565584.00000006
2014-08-08 00:00:00+00:00,370982016.00000006
2014-08-11 00:00:00+00:00,369222496.0000001
2014-08-12 00:00:00+00:00,372565584.00000006
2014-08-13 00:00:00+00:00,373093440.00000006
2014-08-14 00:00:00+00:00,375028912.00000006
2014-08-15 00:00:00+00:00,374852960.00000006
2014-08-18 00:00:00+00:00,379075808.00000006
2014-08-19 00:00:00+00:00,382770800.00000006
2014-08-20 00:00:00+00:00,378723904.00000006
2014-08-21 00:00:00+00:00,373621296.00000006
2014-08-22 00:00:00+00:00,379779616.00000006
2014-08-25 00:00:00+00:00,384706272.00000006
2014-08-26 00:00:00+00:00,378547952.00000006
2014-08-27 00:00:00+00:00,380835328.00000006
2014-08-28 00:00:00+00:00,381187232.00000006
2014-08-29 00:00:00+00:00,382418896.00000006
2014-09-02 00:00:00+00:00,376612480.00000006
2014-09-03 00:00:00+00:00,380131520.00000006
2014-09-04 00:00:00+00:00,388753168.00000006
2014-09-05 00:00:00+00:00,391040544.00000006
2014-09-08 00:00:00+00:00,392096256.00000006
2014-09-09 00:00:00+00:00,393151968.00000006
2014-09-10 00:00:00+00:00,399486240.00000006
2014-09-11 00:00:00+00:00,402301472.0000001
2014-09-12 00:00:00+00:00,412506688.00000006
2014-09-15 00:00:00+00:00,414442160.00000006
2014-09-16 00:00:00+00:00,416553584.00000006
2014-09-17 00:00:00+00:00,410747168.00000006
2014-09-18 00:00:00+00:00,412330736.0000001
2014-09-19 00:00:00+00:00,376964384.00000006
2014-09-22 00:00:00+00:00,379779616.00000006
2014-09-23 00:00:00+00:00,378196048.00000006
2014-09-24 00:00:00+00:00,375204864.00000006
2014-09-25 00:00:00+00:00,372037728.0000001
2014-09-26 00:00:00+00:00,363592032.0000001
2014-09-29 00:00:00+00:00,359369184.00000006
2014-09-30 00:00:00+00:00,365527504.00000006
2014-10-01 00:00:00+00:00,372741536.00000006
2014-10-02 00:00:00+00:00,372565584.00000006
2014-10-03 00:00:00+00:00,365703456.00000006
2014-10-06 00:00:00+00:00,356202048.00000006
2014-10-07 00:00:00+00:00,355322288.00000006
2014-10-08 00:00:00+00:00,357257760.00000006
2014-10-09 00:00:00+00:00,361128704.00000006
2014-10-10 00:00:00+00:00,363767984.00000006
2014-10-13 00:00:00+00:00,361656560.00000006
2014-10-14 00:00:00+00:00,359193232.0000001
2014-10-15 00:00:00+00:00,364647744.00000006
2014-10-16 00:00:00+00:00,361656560.00000006
2014-10-17 00:00:00+00:00,362536320.00000006
2014-10-20 00:00:00+00:00,361480608.00000006
2014-10-21 00:00:00+00:00,365703456.00000006
2014-10-22 00:00:00+00:00,364647744.00000006
2014-10-23 00:00:00+00:00,370630112.00000006
2014-10-24 00:00:00+00:00,366759168.0000001
2014-10-27 00:00:00+00:00,372917488.00000006
2014-10-28 00:00:00+00:00,371157968.0000001
2014-10-29 00:00:00+00:00,368166784.00000006
2014-10-30 00:00:00+00:00,368166784.00000006
2014-10-31 00:00:00+00:00,372741536.00000006
2014-11-03 00:00:00+00:00,374677008.00000006
2014-11-04 00:00:00+00:00,379075808.00000006
2014-11-05 00:00:00+00:00,382066992.00000006
2014-11-06 00:00:00+00:00,382594848.00000006
2014-11-07 00:00:00+00:00,378899856.00000006
2014-11-10 00:00:00+00:00,379427712.00000006
2014-11-11 00:00:00+00:00,369398448.00000006
2014-11-12 00:00:00+00:00,367111072.00000006
2014-11-13 00:00:00+00:00,373269392.00000006
2014-11-14 00:00:00+00:00,375204864.00000006
2014-11-17 00:00:00+00:00,377492240.00000006
2014-11-18 00:00:00+00:00,378547952.00000006
2014-11-19 00:00:00+00:00,375732720.00000006
2014-11-20 00:00:00+00:00,371685824.00000006
2014-11-21 00:00:00+00:00,371861776.00000006
2014-11-24 00:00:00+00:00,373445344.00000006
2014-11-25 00:00:00+00:00,373445344.00000006
2014-11-26 00:00:00+00:00,371333920.00000006
2014-11-28 00:00:00+00:00,380659376.00000006
2014-12-01 00:00:00+00:00,380659376.00000006
2014-12-02 00:00:00+00:00,386817696.00000006
2014-12-03 00:00:00+00:00,389456976.00000006
2014-12-04 00:00:00+00:00,387345552.00000006
2014-12-05 00:00:00+00:00,388577216.00000006
2014-12-08 00:00:00+00:00,385761984.00000006
2014-12-09 00:00:00+00:00,383650560.00000006
2014-12-10 00:00:00+00:00,382770800.00000006
2014-12-11 00:00:00+00:00,388401264.00000006
2014-12-12 00:00:00+00:00,391392448.00000006
2014-12-15 00:00:00+00:00,391744352.00000006
2014-12-16 00:00:00+00:00,396143152.00000006
2014-12-17 00:00:00+00:00,395967200.00000006
2014-12-18 00:00:00+00:00,391216496.00000006
2014-12-19 00:00:00+00:00,391392448.00000006
2014-12-22 00:00:00+00:00,393503872.0000001
2014-12-23 00:00:00+00:00,394031728.00000006
2014-12-24 00:00:00+00:00,395263392.00000006
2014-12-26 00:00:00+00:00,396319104.00000006
2014-12-29 00:00:00+00:00,398078624.00000006
2014-12-30 00:00:00+00:00,397902672.0000001
2014-12-31 00:00:00+00:00,399486240.00000006
2015-01-02 00:00:00+00:00,405644560.00000006
2015-01-05 00:00:00+00:00,404060992.00000006
2015-01-06 00:00:00+00:00,393327920.0000001
2015-01-07 00:00:00+00:00,394911488.00000006
2015-01-08 00:00:00+00:00,393151968.00000006
2015-01-09 00:00:00+00:00,392624112.00000006
2015-01-12 00:00:00+00:00,395263392.00000006
2015-01-13 00:00:00+00:00,393327920.0000001
2015-01-14 00:00:00+00:00,392272208.00000006
2015-01-15 00:00:00+00:00,384882224.00000006
2015-01-16 00:00:00+00:00,385234128.00000006
2015-01-20 00:00:00+00:00,395018448.00000006
2015-01-21 00:00:00+00:00,396779625.6000001
2015-01-22 00:00:00+00:00,396583939.20000005
2015-01-23 00:00:00+00:00,382103145.6000001
2015-01-26 00:00:00+00:00,385625500.8000001
2015-01-27 00:00:00+00:00,389338648.00000006
2015-01-28 00:00:00+00:00,389338648.00000006
2015-01-29 00:00:00+00:00,395396940.8000001
2015-01-30 00:00:00+00:00,396569513.6000001
2015-02-02 00:00:00+00:00,407708955.20000005
2015-02-03 00:00:00+00:00,402823235.20000005
2015-02-04 00:00:00+00:00,403214092.8000001
2015-02-05 00:00:00+00:00,403995808.00000006
2015-02-06 00:00:00+00:00,402041520.00000006
2015-02-09 00:00:00+00:00,395983227.20000005
2015-02-10 00:00:00+00:00,398132944.00000006
2015-02-11 00:00:00+00:00,399891803.2000001
2015-02-12 00:00:00+00:00,394224368.00000006
2015-02-13 00:00:00+00:00,395592369.6000001
2015-02-17 00:00:00+00:00,391097507.20000005
2015-02-18 00:00:00+00:00,392270080.00000006
2015-02-19 00:00:00+00:00,399500945.6
2015-02-20 00:00:00+00:00,405754667.20000005
2015-02-23 00:00:00+00:00,409467814.40000004
2015-02-24 00:00:00+00:00,409076956.8000001
2015-02-25 00:00:00+00:00,416112393.6000001
2015-02-26 00:00:00+00:00,412203817.6000001
2015-02-27 00:00:00+00:00,416503251.20000005
2015-03-02 00:00:00+00:00,419043825.6
2015-03-03 00:00:00+00:00,422756972.8000001
2015-03-04 00:00:00+00:00,424906689.6000001
2015-03-05 00:00:00+00:00,422952401.6000001
2015-03-06 00:00:00+00:00,422952401.6000001
2015-03-09 00:00:00+00:00,426274691.20000005
2015-03-10 00:00:00+00:00,431160411.20000005
2015-03-11 00:00:00+00:00,428815265.6
2015-03-12 00:00:00+00:00,427447264.00000006
2015-03-13 00:00:00+00:00,437414132.8000001
2015-03-16 00:00:00+00:00,433505556.8000001
2015-03-17 00:00:00+00:00,435068987.20000005
2015-03-18 00:00:00+00:00,436827846.40000004
2015-03-19 00:00:00+00:00,438977563.20000005
2015-03-20 00:00:00+00:00,437804990.4000001
2015-03-23 00:00:00+00:00,436632417.6000001
2015-03-24 00:00:00+00:00,442299852.8000001
2015-03-25 00:00:00+00:00,440931851.20000005
2015-03-26 00:00:00+00:00,444449569.6000001
2015-03-27 00:00:00+00:00,448553574.40000004
2015-03-30 00:00:00+00:00,451289577.6000001
2015-03-31 00:00:00+00:00,452462150.4000001
2015-04-01 00:00:00+00:00,444840427.20000005
2015-04-02 00:00:00+00:00,436632417.6000001
2015-04-06 00:00:00+00:00,440540993.6000001
2015-04-07 00:00:00+00:00,436046131.20000005
2015-04-08 00:00:00+00:00,432137555.20000005
2015-04-09 00:00:00+00:00,435459844.8000001
2015-04-10 00:00:00+00:00,434873558.4000001
2015-04-13 00:00:00+00:00,431355840.00000006
2015-04-14 00:00:00+00:00,427838121.6000001
2015-04-15 00:00:00+00:00,431551268.8000001
2015-04-16 00:00:00+00:00,423147830.4000001
2015-04-17 00:00:00+00:00,428033550.4000001
2015-04-20 00:00:00+00:00,438000419.20000005
2015-04-21 00:00:00+00:00,443667854.40000004
2015-04-22 00:00:00+00:00,439563849.6000001
2015-04-23 00:00:00+00:00,430964982.4000001
2015-04-24 00:00:00+00:00,427838121.6000001
2015-04-27 00:00:00+00:00,424124974.40000004
2015-04-28 00:00:00+00:00,427251835.20000005
2015-04-29 00:00:00+00:00,428619836.8000001
2015-04-30 00:00:00+00:00,428033550.4000001
2015-05-01 00:00:00+00:00,433310128.00000006
2015-05-04 00:00:00+00:00,441127280.00000006
2015-05-05 00:00:00+00:00,436436988.8000001
2015-05-06 00:00:00+00:00,434091843.20000005
2015-05-07 00:00:00+00:00,432332984.00000006
2015-05-08 00:00:00+00:00,423343259.20000005
2015-05-11 00:00:00+00:00,422170686.40000004
2015-05-12 00:00:00+00:00,420216398.4000001
2015-05-13 00:00:00+00:00,432332984.00000006
2015-05-14 00:00:00+00:00,434678129.6000001
2015-05-15 00:00:00+00:00,433700985.6
2015-05-18 00:00:00+00:00,435850702.4000001
2015-05-19 00:00:00+00:00,434287272.00000006
2015-05-20 00:00:00+00:00,439563849.6000001
2015-05-21 00:00:00+00:00,441518137.6000001
2015-05-22 00:00:00+00:00,445035856.00000006
2015-05-26 00:00:00+00:00,449530718.4000001
2015-05-27 00:00:00+00:00,453634723.20000005
2015-05-28 00:00:00+00:00,452266721.6000001
2015-05-29 00:00:00+00:00,451485006.40000004
2015-06-01 00:00:00+00:00,446208428.8000001
2015-06-02 00:00:00+00:00,444840427.20000005
2015-06-03 00:00:00+00:00,450117004.8000001
2015-06-04 00:00:00+00:00,448749003.20000005
2015-06-05 00:00:00+00:00,450117004.8000001
2015-06-08 00:00:00+00:00,447967288.00000006
2015-06-09 00:00:00+00:00,449726147.20000005
2015-06-10 00:00:00+00:00,450898720.00000006
2015-06-11 00:00:00+00:00,458129585.6
2015-06-12 00:00:00+00:00,456566155.20000005
2015-06-15 00:00:00+00:00,454416438.4000001
2015-06-16 00:00:00+00:00,457347870.4000001
2015-06-17 00:00:00+00:00,455589011.20000005
2015-06-18 00:00:00+00:00,457152441.6000001
2015-06-19 00:00:00+00:00,453559683.2000001
2015-06-22 00:00:00+00:00,463568081.6000001
2015-06-23 00:00:00+00:00,459205446.4000001
2015-06-24 00:00:00+00:00,465621086.4000001
2015-06-25 00:00:00+00:00,461771702.4000001
2015-06-26 00:00:00+00:00,463824707.2000001
2015-06-29 00:00:00+00:00,466904214.4000001
2015-06-30 00:00:00+00:00,477169238.4000001
2015-07-01 00:00:00+00:00,476399361.6000001
2015-07-02 00:00:00+00:00,472806603.2000001
2015-07-06 00:00:00+00:00,477425864.0000001
2015-07-07 00:00:00+00:00,473576480.0000001
2015-07-08 00:00:00+00:00,473063228.80000013
2015-07-09 00:00:00+00:00,462541579.2000001
2015-07-10 00:00:00+00:00,475629484.8000001
2015-07-13 00:00:00+00:00,479478868.80000013
2015-07-14 00:00:00+00:00,481531873.6000001
2015-07-15 00:00:00+00:00,476912612.80000013
2015-07-16 00:00:00+00:00,481487174.40000015
2015-07-17 00:00:00+00:00,488950932.80000013
2015-07-20 00:00:00+00:00,501470785.60000014
2015-07-21 00:00:00+00:00,501952318.40000015
2015-07-22 00:00:00+00:00,502915384.0000001
2015-07-23 00:00:00+00:00,499785420.80000013
2015-07-24 00:00:00+00:00,506286113.60000014
2015-07-27 00:00:00+00:00,506286113.60000014
2015-07-28 00:00:00+00:00,507971478.40000015
2015-07-29 00:00:00+00:00,500989252.80000013
2015-07-30 00:00:00+00:00,505563814.40000015
2015-07-31 00:00:00+00:00,508693777.60000014
2015-08-03 00:00:00+00:00,514712937.60000014
2015-08-04 00:00:00+00:00,511823740.8000002
2015-08-05 00:00:00+00:00,517842900.8000002
2015-08-06 00:00:00+00:00,516170091.20000017
2015-08-07 00:00:00+00:00,515054884.8000002
2015-08-10 00:00:00+00:00,512545670.4000002
2015-08-11 00:00:00+00:00,513939678.40000015
2015-08-12 00:00:00+00:00,511709265.6000002
2015-08-13 00:00:00+00:00,510315257.6000002
2015-08-14 00:00:00+00:00,515612488.0000002
2015-08-17 00:00:00+00:00,514218480.00000024
2015-08-18 00:00:00+00:00,517006496.00000024
2015-08-19 00:00:00+00:00,513103273.6000002
2015-08-20 00:00:00+00:00,513939678.40000015
2015-08-21 00:00:00+00:00,508921249.6000002
2015-08-24 00:00:00+00:00,507527241.6000002
2015-08-25 00:00:00+00:00,513382075.20000017
2015-08-26 00:00:00+00:00,511430464.0000002
2015-08-27 00:00:00+00:00,526206948.8000002
2015-08-28 00:00:00+00:00,523697734.4000002
2015-08-31 00:00:00+00:00,515891289.6000002
2015-09-01 00:00:00+00:00,516448892.8000002
2015-09-02 00:00:00+00:00,517006496.00000024
2015-09-03 00:00:00+00:00,534013393.6000002
2015-09-04 00:00:00+00:00,532061782.4000002
2015-09-08 00:00:00+00:00,526485750.4000002
2015-09-09 00:00:00+00:00,536522608.0000002
2015-09-10 00:00:00+00:00,533734592.0000002
2015-09-11 00:00:00+00:00,542935044.8000002
2015-09-14 00:00:00+00:00,538474219.2000002
2015-09-15 00:00:00+00:00,535686203.2000002
2015-09-16 00:00:00+00:00,537637814.4000002
2015-09-17 00:00:00+00:00,536801409.6000002
2015-09-18 00:00:00+00:00,544050251.2000002
2015-09-21 00:00:00+00:00,543213846.4000002
2015-09-22 00:00:00+00:00,540425830.4000002
2015-09-23 00:00:00+00:00,539868227.2000002
2015-09-24 00:00:00+00:00,548511076.8000002
2015-09-25 00:00:00+00:00,563845164.8000002
2015-09-28 00:00:00+00:00,563008760.0000002
2015-09-29 00:00:00+00:00,565239172.8000002
2015-09-30 00:00:00+00:00,576948840.0000002
2015-10-01 00:00:00+00:00,587543300.8000002
2015-10-02 00:00:00+00:00,595070944.0000002
2015-10-05 00:00:00+00:00,598137761.6000003
2015-10-06 00:00:00+00:00,597858960.0000002
2015-10-07 00:00:00+00:00,607617016.0000002
2015-10-08 00:00:00+00:00,608453420.8000002
2015-10-09 00:00:00+00:00,617653873.6000001
2015-10-12 00:00:00+00:00,614865857.6000001
2015-10-13 00:00:00+00:00,603434992.0000002
2015-10-14 00:00:00+00:00,610683833.6000001
2015-10-15 00:00:00+00:00,611799040.0000002
2015-10-16 00:00:00+00:00,615702262.4000002
2015-10-19 00:00:00+00:00,615423460.8000002
2015-10-20 00:00:00+00:00,609847428.8000002
2015-10-21 00:00:00+00:00,613193048.0000002
2015-10-22 00:00:00+00:00,624902715.2000002
2015-10-23 00:00:00+00:00,615981064.0000002
2015-10-26 00:00:00+00:00,626017921.6000003
2015-10-27 00:00:00+00:00,619884286.4000002
2015-10-28 00:00:00+00:00,626296723.2000002
2015-10-29 00:00:00+00:00,623787508.8000002
2015-10-30 00:00:00+00:00,622672302.4000002
2015-11-02 00:00:00+00:00,639121596.8000002
2015-11-03 00:00:00+00:00,649716057.6000001
2015-11-04 00:00:00+00:00,626017921.6000003
2015-11-05 00:00:00+00:00,629363540.8000002
2015-11-06 00:00:00+00:00,620999492.8000002
2015-11-09 00:00:00+00:00,607895817.6000001
2015-11-10 00:00:00+00:00,627969532.8000002
2015-11-11 00:00:00+00:00,627411929.6000001
2015-11-12 00:00:00+00:00,635218374.4000002
2015-11-13 00:00:00+00:00,637169985.6000001
2015-11-16 00:00:00+00:00,641073208.0000002
2015-11-17 00:00:00+00:00,629921144.0000002
2015-11-18 00:00:00+00:00,621278294.4000002
2015-11-19 00:00:00+00:00,634660771.2000002
2015-11-20 00:00:00+00:00,644418827.2000003
2015-11-23 00:00:00+00:00,647485644.8000002
2015-11-24 00:00:00+00:00,636054779.2000002
2015-11-25 00:00:00+00:00,633545564.8000002
2015-11-27 00:00:00+00:00,635218374.4000002
2015-11-30 00:00:00+00:00,634103168.0000002
2015-12-01 00:00:00+00:00,648322049.6000001
2015-12-02 00:00:00+00:00,645534033.6000001
2015-12-03 00:00:00+00:00,652225272.0000002
2015-12-04 00:00:00+00:00,649437256.0000002
2015-12-07 00:00:00+00:00,644418827.2000003
2015-12-08 00:00:00+00:00,636054779.2000002
2015-12-09 00:00:00+00:00,638563993.6000001
2015-12-10 00:00:00+00:00,623508707.2000003
2015-12-11 00:00:00+00:00,624345112.0000002
2015-12-14 00:00:00+00:00,622393500.8000002
2015-12-15 00:00:00+00:00,624623913.6000001
2015-12-16 00:00:00+00:00,624623913.6000001
2015-12-17 00:00:00+00:00,627690731.2000002
2015-12-18 00:00:00+00:00,638842795.2000002
2015-12-21 00:00:00+00:00,635218374.4000002
2015-12-22 00:00:00+00:00,637169985.6000001
2015-12-23 00:00:00+00:00,640236803.2000002
2015-12-24 00:00:00+00:00,637727588.8000002
2015-12-28 00:00:00+00:00,629363540.8000002
2015-12-29 00:00:00+00:00,629921144.0000002
2015-12-30 00:00:00+00:00,640236803.2000002
2015-12-31 00:00:00+00:00,642746017.6000001
2016-01-04 00:00:00+00:00,635218374.4000002
2016-01-05 00:00:00+00:00,624066310.4000002
2016-01-06 00:00:00+00:00,619884286.4000002
2016-01-07 00:00:00+00:00,629084739.2000002
2016-01-08 00:00:00+00:00,620999492.8000002
2016-01-11 00:00:00+00:00,612356643.2000002
2016-01-12 00:00:00+00:00,609568627.2000003
2016-01-13 00:00:00+00:00,621278294.4000002
2016-01-14 00:00:00+00:00,632709160.0000002
2016-01-15 00:00:00+00:00,633824366.4000002
2016-01-19 00:00:00+00:00,629084739.2000002
2016-01-20 00:00:00+00:00,613193048.0000002
2016-01-21 00:00:00+00:00,620720691.2000002
2016-01-22 00:00:00+00:00,619884286.4000002
2016-01-25 00:00:00+00:00,610962635.2000002
2016-01-26 00:00:00+00:00,608732222.4000002
2016-01-27 00:00:00+00:00,596464952.0000002
2016-01-28 00:00:00+00:00,587264499.2000002
2016-01-29 00:00:00+00:00,584197681.6000003
2016-02-01 00:00:00+00:00,575554832.0000002
2016-02-02 00:00:00+00:00,580015657.6000001
2016-02-03 00:00:00+00:00,577227641.6000003
2016-02-04 00:00:00+00:00,577227641.6000003
2016-02-05 00:00:00+00:00,587822102.4000002
2016-02-08 00:00:00+00:00,592840531.2000002
2016-02-09 00:00:00+00:00,591167721.6000003
2016-02-10 00:00:00+00:00,590888920.0000002
2016-02-11 00:00:00+00:00,582246070.4000002
2016-02-12 00:00:00+00:00,583640078.4000002
2016-02-16 00:00:00+00:00,585870491.2000002
2016-02-17 00:00:00+00:00,584476483.2000002
2016-02-18 00:00:00+00:00,576112435.2000002
2016-02-19 00:00:00+00:00,571094006.4000002
2016-02-22 00:00:00+00:00,573603220.8000002
2016-02-23 00:00:00+00:00,546801912.0000001
2016-02-24 00:00:00+00:00,547272110.4000002
2016-02-25 00:00:00+00:00,539748936.0000002
2016-02-26 00:00:00+00:00,544450920.0000002
2016-02-29 00:00:00+00:00,535987348.8000002
2016-03-01 00:00:00+00:00,535282051.20000017
2016-03-02 00:00:00+00:00,528699273.6000002
2016-03-03 00:00:00+00:00,532175596.8000002
2016-03-04 00:00:00+00:00,531971107.2000002
2016-03-07 00:00:00+00:00,528494784.0000002
2016-03-08 00:00:00+00:00,532584576.0000002
2016-03-09 00:00:00+00:00,527881315.2000002
2016-03-10 00:00:00+00:00,531766617.6000002
2016-03-11 00:00:00+00:00,538105795.2000002
2016-03-14 00:00:00+00:00,544035993.6000001
2016-03-15 00:00:00+00:00,541991097.6000003
2016-03-16 00:00:00+00:00,545058441.6000003
2016-03-17 00:00:00+00:00,555691900.8000002
2016-03-18 00:00:00+00:00,555282921.6000003
2016-03-21 00:00:00+00:00,561826588.8000002
2016-03-22 00:00:00+00:00,567756787.2000002
2016-03-23 00:00:00+00:00,570415152.0000002
2016-03-24 00:00:00+00:00,553238025.6000001
2016-03-28 00:00:00+00:00,554669452.8000002
2016-03-29 00:00:00+00:00,553033536.0000002
2016-03-30 00:00:00+00:00,553238025.6000001
2016-03-31 00:00:00+00:00,542604566.4000002
2016-04-01 00:00:00+00:00,539128243.2000002
2016-04-04 00:00:00+00:00,528085804.8000002
2016-04-05 00:00:00+00:00,528085804.8000002
2016-04-06 00:00:00+00:00,527676825.6000002
2016-04-07 00:00:00+00:00,523791523.2000002
2016-04-08 00:00:00+00:00,529108252.8000002
2016-04-11 00:00:00+00:00,518065814.4000002
2016-04-12 00:00:00+00:00,516429897.6000002
2016-04-13 00:00:00+00:00,515202960.0000002
2016-04-14 00:00:00+00:00,522564585.6000002
2016-04-15 00:00:00+00:00,539537222.4000002
2016-04-18 00:00:00+00:00,546489868.8000002
2016-04-19 00:00:00+00:00,544035993.6000001
2016-04-20 00:00:00+00:00,552011088.0000002
2016-04-21 00:00:00+00:00,551602108.8000002
2016-04-22 00:00:00+00:00,545058441.6000003
2016-04-25 00:00:00+00:00,553647004.8000002
2016-04-26 00:00:00+00:00,556918838.4000002
2016-04-27 00:00:00+00:00,552624556.8000002
2016-04-28 00:00:00+00:00,549966192.0000002
2016-04-29 00:00:00+00:00,562440057.6000003
2016-05-02 00:00:00+00:00,560190672.0000002
2016-05-03 00:00:00+00:00,561008630.4000002
2016-05-04 00:00:00+00:00,569188214.4000002
2016-05-05 00:00:00+00:00,552624556.8000002
2016-05-06 00:00:00+00:00,550579660.8000002
2016-05-09 00:00:00+00:00,553442515.2000002
2016-05-10 00:00:00+00:00,556305369.6000001
2016-05-11 00:00:00+00:00,571642089.6000001
2016-05-12 00:00:00+00:00,575936371.2000002
2016-05-13 00:00:00+00:00,571028620.8000002
2016-05-16 00:00:00+00:00,574095964.8000002
2016-05-17 00:00:00+00:00,572664537.6000003
2016-05-18 00:00:00+00:00,572460048.0000002
2016-05-19 00:00:00+00:00,570210662.4000002
2016-05-20 00:00:00+00:00,577776777.6000003
2016-05-23 00:00:00+00:00,572255558.4000002
2016-05-24 00:00:00+00:00,568370256.0000002
2016-05-25 00:00:00+00:00,579617184.0000002
2016-05-26 00:00:00+00:00,584933913.6000003
2016-05-27 00:00:00+00:00,586978809.6000001
2016-05-31 00:00:00+00:00,586365340.8000002
2016-06-01 00:00:00+00:00,584729424.0000002
2016-06-02 00:00:00+00:00,598430227.2000002
2016-06-03 00:00:00+00:00,612131030.4000002
2016-06-06 00:00:00+00:00,612744499.2000003
2016-06-07 00:00:00+00:00,617243270.4000002
2016-06-08 00:00:00+00:00,629717136.0000002
2016-06-09 00:00:00+00:00,632375500.8000002
2016-06-10 00:00:00+00:00,631557542.4000002
2016-06-13 00:00:00+00:00,630330604.8000002
2016-06-14 00:00:00+00:00,625831833.6000003
2016-06-15 00:00:00+00:00,634624886.4000002
2016-06-16 00:00:00+00:00,632784480.0000002
2016-06-17 00:00:00+00:00,635647334.4000002
2016-06-20 00:00:00+00:00,632784480.0000002
2016-06-21 00:00:00+00:00,624195916.8000002
2016-06-22 00:00:00+00:00,620719593.6000003
2016-06-23 00:00:00+00:00,621128572.8000002
2016-06-24 00:00:00+00:00,620515104.0000002
2016-06-27 00:00:00+00:00,630330604.8000002
2016-06-28 00:00:00+00:00,636465292.8000002
2016-06-29 00:00:00+00:00,658345680.0000002
2016-06-30 00:00:00+00:00,644440387.2000002
2016-07-01 00:00:00+00:00,653642419.2000003
2016-07-05 00:00:00+00:00,655482825.6000003
2016-07-06 00:00:00+00:00,659795049.6000003
2016-07-07 00:00:00+00:00,671869276.8000003
2016-07-08 00:00:00+00:00,674169129.6000003
2016-07-11 00:00:00+00:00,663963532.8000003
2016-07-12 00:00:00+00:00,672013017.6000003
2016-07-13 00:00:00+00:00,675462796.8000003
2016-07-14 00:00:00+00:00,669281942.4000003
2016-07-15 00:00:00+00:00,677906390.4000003
2016-07-18 00:00:00+00:00,677043945.6000003
2016-07-19 00:00:00+00:00,677187686.4000003
2016-07-20 00:00:00+00:00,678337612.8000003
2016-07-21 00:00:00+00:00,674312870.4000003
2016-07-22 00:00:00+00:00,673881648.0000002
2016-07-25 00:00:00+00:00,669569424.0000002
2016-07-26 00:00:00+00:00,674887833.6000003
2016-07-27 00:00:00+00:00,680924947.2000003
2016-07-28 00:00:00+00:00,685237171.2000003
2016-07-29 00:00:00+00:00,681643651.2000003
2016-08-01 00:00:00+00:00,685093430.4000003
2016-08-02 00:00:00+00:00,681643651.2000003
2016-08-03 00:00:00+00:00,681787392.0000002
2016-08-04 00:00:00+00:00,672300499.2000003
2016-08-05 00:00:00+00:00,662957347.2000003
2016-08-08 00:00:00+00:00,660082531.2000003
2016-08-09 00:00:00+00:00,662382384.0000002
2016-08-10 00:00:00+00:00,673162944.0000002
2016-08-11 00:00:00+00:00,673737907.2000003
2016-08-12 00:00:00+00:00,672156758.4000002
2016-08-15 00:00:00+00:00,668275756.8000003
2016-08-16 00:00:00+00:00,664251014.4000002
2016-08-17 00:00:00+00:00,672013017.6000003
2016-08-18 00:00:00+00:00,668275756.8000003
2016-08-19 00:00:00+00:00,671294313.6000003
2016-08-22 00:00:00+00:00,681157257.6000003
2016-08-23 00:00:00+00:00,685861123.2000003
2016-08-24 00:00:00+00:00,678122505.6000003
2016-08-25 00:00:00+00:00,683129846.4000003
2016-08-26 00:00:00+00:00,684040272.0000002
2016-08-29 00:00:00+00:00,684950697.6000003
2016-08-30 00:00:00+00:00,682674633.6000003
2016-08-31 00:00:00+00:00,675694704.0000002
2016-09-01 00:00:00+00:00,668563036.8000003
2016-09-02 00:00:00+00:00,677515555.2000003
2016-09-06 00:00:00+00:00,678122505.6000003
2016-09-07 00:00:00+00:00,679184668.8000003
2016-09-08 00:00:00+00:00,678122505.6000003
2016-09-09 00:00:00+00:00,674632540.8000002
2016-09-12 00:00:00+00:00,678425980.8000002
2016-09-13 00:00:00+00:00,681308995.2000003
2016-09-14 00:00:00+00:00,676756867.2000003
2016-09-15 00:00:00+00:00,692385840.0000002
2016-09-16 00:00:00+00:00,712263465.6000003
2016-09-19 00:00:00+00:00,716512118.4000003
2016-09-20 00:00:00+00:00,715753430.4000002
2016-09-21 00:00:00+00:00,716663856.0000002
2016-09-22 00:00:00+00:00,715298217.6000003
2016-09-23 00:00:00+00:00,715753430.4000002
2016-09-26 00:00:00+00:00,722126409.6000003
2016-09-27 00:00:00+00:00,726982012.8000003
2016-09-28 00:00:00+00:00,732141091.2000003
2016-09-29 00:00:00+00:00,725616374.4000003
2016-09-30 00:00:00+00:00,720305558.4000003
2016-10-03 00:00:00+00:00,715298217.6000003
2016-10-04 00:00:00+00:00,724250736.0000002
2016-10-05 00:00:00+00:00,717157496.0000002
2016-10-06 00:00:00+00:00,726185256.0000002
2016-10-07 00:00:00+00:00,722187248.0000002
2016-10-10 00:00:00+00:00,725927320.0000002
2016-10-11 00:00:00+00:00,723863832.0000002
2016-10-12 00:00:00+00:00,725669384.0000002
2016-10-13 00:00:00+00:00,728635648.0000002
2016-10-14 00:00:00+00:00,728764616.0000002
2016-10-17 00:00:00+00:00,725540416.0000002
2016-10-18 00:00:00+00:00,727345968.0000002
2016-10-19 00:00:00+00:00,728248744.0000002
2016-10-20 00:00:00+00:00,732504688.0000002
2016-10-21 00:00:00+00:00,731343976.0000002
2016-10-24 00:00:00+00:00,725024544.0000002
2016-10-25 00:00:00+00:00,728506680.0000002
2016-10-26 00:00:00+00:00,731859848.0000002
2016-10-27 00:00:00+00:00,732891592.0000002
2016-10-28 00:00:00+00:00,738437216.0000002
2016-10-31 00:00:00+00:00,746046328.0000002
2016-11-01 00:00:00+00:00,750947112.0000002
2016-11-02 00:00:00+00:00,744369744.0000002
2016-11-03 00:00:00+00:00,747207040.0000002
2016-11-04 00:00:00+00:00,743982840.0000002
2016-11-07 00:00:00+00:00,737018568.0000002
2016-11-08 00:00:00+00:00,740887608.0000002
2016-11-09 00:00:00+00:00,739082056.0000002
2016-11-10 00:00:00+00:00,745014584.0000002
2016-11-11 00:00:00+00:00,744369744.0000002
2016-11-14 00:00:00+00:00,745272520.0000002
2016-11-15 00:00:00+00:00,751462984.0000002
2016-11-16 00:00:00+00:00,761651456.0000002
2016-11-17 00:00:00+00:00,763457008.0000002
2016-11-18 00:00:00+00:00,764359784.0000002
2016-11-21 00:00:00+00:00,761780424.0000002
2016-11-22 00:00:00+00:00,769518504.0000002
2016-11-23 00:00:00+00:00,771710960.0000002
2016-11-25 00:00:00+00:00,768357792.0000002
2016-11-28 00:00:00+00:00,767068112.0000002
2016-11-29 00:00:00+00:00,770679216.0000002
2016-11-30 00:00:00+00:00,768744696.0000002
2016-12-01 00:00:00+00:00,774548256.0000002
2016-12-02 00:00:00+00:00,777643488.0000002
2016-12-05 00:00:00+00:00,779964912.0000002
2016-12-06 00:00:00+00:00,772613736.0000002
2016-12-07 00:00:00+00:00,771066120.0000002
2016-12-08 00:00:00+00:00,773387544.0000002
2016-12-09 00:00:00+00:00,776095872.0000002
2016-12-12 00:00:00+00:00,775966904.0000002
2016-12-13 00:00:00+00:00,784349824.0000002
2016-12-14 00:00:00+00:00,791701000.0000002
2016-12-15 00:00:00+00:00,784865696.0000002
2016-12-16 00:00:00+00:00,789250608.0000002
2016-12-19 00:00:00+00:00,789121640.0000002
2016-12-20 00:00:00+00:00,788863704.0000002
2016-12-21 00:00:00+00:00,789508544.0000002
2016-12-22 00:00:00+00:00,790024416.0000002
2016-12-23 00:00:00+00:00,789859227.2000002
2016-12-27 00:00:00+00:00,796301590.4000002
2016-12-28 00:00:00+00:00,803735086.4000002
2016-12-29 00:00:00+00:00,811994526.4000002
2016-12-30 00:00:00+00:00,812324904.0000002
2017-01-03 00:00:00+00:00,828843784.0000002
2017-01-04 00:00:00+00:00,835120958.4000002
2017-01-05 00:00:00+00:00,833303881.6000003
2017-01-06 00:00:00+00:00,832808315.2000003
2017-01-09 00:00:00+00:00,827357084.8000003
2017-01-10 00:00:00+00:00,828348217.6000003
2017-01-11 00:00:00+00:00,829669728.0000002
2017-01-12 00:00:00+00:00,832973504.0000002
2017-01-13 00:00:00+00:00,829008972.8000002
2017-01-17 00:00:00+00:00,832477937.6000003
2017-01-18 00:00:00+00:00,836607657.6000003
2017-01-19 00:00:00+00:00,823392553.6000003
2017-01-20 00:00:00+00:00,823392553.6000003
2017-01-23 00:00:00+00:00,830991238.4000002
2017-01-24 00:00:00+00:00,830000105.6000003
2017-01-25 00:00:00+00:00,826035574.4000002
2017-01-26 00:00:00+00:00,826365952.0000002
2017-01-27 00:00:00+00:00,825870385.6000003
2017-01-30 00:00:00+00:00,825540008.0000002
2017-01-31 00:00:00+00:00,827852651.2000002
2017-02-01 00:00:00+00:00,834295014.4000002
2017-02-02 00:00:00+00:00,829504539.2000003
2017-02-03 00:00:00+00:00,838755112.0000002
2017-02-06 00:00:00+00:00,839911433.6000003
2017-02-07 00:00:00+00:00,832312748.8000002
2017-02-08 00:00:00+00:00,832973504.0000002
2017-02-09 00:00:00+00:00,834563030.4000003
2017-02-10 00:00:00+00:00,837886585.6000003
2017-02-13 00:00:00+00:00,843955686.4000002
2017-02-14 00:00:00+00:00,837164073.6000003
2017-02-15 00:00:00+00:00,837019571.2000003
2017-02-16 00:00:00+00:00,839620614.4000002
2017-02-17 00:00:00+00:00,840198624.0000002
2017-02-21 00:00:00+00:00,833262508.8000003
2017-02-22 00:00:00+00:00,834129523.2000003
2017-02-23 00:00:00+00:00,842077155.2000003
2017-02-24 00:00:00+00:00,846701232.0000002
2017-02-27 00:00:00+00:00,856238390.4000003
2017-02-28 00:00:00+00:00,855082371.2000003
2017-03-01 00:00:00+00:00,851469811.2000003
2017-03-02 00:00:00+00:00,848868768.0000002
2017-03-03 00:00:00+00:00,850891801.6000003
2017-03-06 00:00:00+00:00,856238390.4000003
2017-03-07 00:00:00+00:00,867076070.4000003
2017-03-08 00:00:00+00:00,867076070.4000003
2017-03-09 00:00:00+00:00,872856166.4000002
2017-03-10 00:00:00+00:00,869677113.6000003
2017-03-13 00:00:00+00:00,870255123.2000003
2017-03-14 00:00:00+00:00,870544128.0000002
2017-03-15 00:00:00+00:00,869532611.2000003
2017-03-16 00:00:00+00:00,869243606.4000002
2017-03-17 00:00:00+00:00,870399625.6000003
2017-03-20 00:00:00+00:00,877191238.4000003
2017-03-21 00:00:00+00:00,883115836.8000003
2017-03-22 00:00:00+00:00,882971334.4000002
2017-03-23 00:00:00+00:00,878636262.4000002
2017-03-24 00:00:00+00:00,877046736.0000002
2017-03-27 00:00:00+00:00,877191238.4000003
2017-03-28 00:00:00+00:00,879214272.0000002
2017-03-29 00:00:00+00:00,885572377.6000003
2017-03-30 00:00:00+00:00,890051952.0000002
2017-03-31 00:00:00+00:00,890774464.0000002
2017-04-03 00:00:00+00:00,893953516.8000003
2017-04-04 00:00:00+00:00,899444608.0000002
2017-04-05 00:00:00+00:00,900311622.4000002
2017-04-06 00:00:00+00:00,895254038.4000003
2017-04-07 00:00:00+00:00,890629961.6000003
2017-04-10 00:00:00+00:00,892652995.2000003
2017-04-11 00:00:00+00:00,891352473.6000003
2017-04-12 00:00:00+00:00,891641478.4000003
2017-04-13 00:00:00+00:00,893520009.6000003
2017-04-17 00:00:00+00:00,894242521.6000003
2017-04-18 00:00:00+00:00,889762947.2000003
2017-04-19 00:00:00+00:00,894242521.6000003
2017-04-20 00:00:00+00:00,895832048.0000002
2017-04-21 00:00:00+00:00,894387024.0000002
2017-04-24 00:00:00+00:00,897132569.6000003
2017-04-25 00:00:00+00:00,897710579.2000003
2017-04-26 00:00:00+00:00,907970249.6000003
2017-04-27 00:00:00+00:00,909993283.2000003
2017-04-28 00:00:00+00:00,899878115.2000003
2017-05-01 00:00:00+00:00,899155603.2000003
2017-05-02 00:00:00+00:00,903490675.2000003
2017-05-03 00:00:00+00:00,905080201.6000003
2017-05-04 00:00:00+00:00,910860297.6000003
2017-05-05 00:00:00+00:00,911727312.0000002
2017-05-08 00:00:00+00:00,910715795.2000003
2017-05-09 00:00:00+00:00,909848780.8000003
2017-05-10 00:00:00+00:00,904068684.8000003
2017-05-11 00:00:00+00:00,907103235.2000003
2017-05-12 00:00:00+00:00,908837264.0000002
2017-05-15 00:00:00+00:00,907392240.0000002
2017-05-16 00:00:00+00:00,903490675.2000003
2017-05-17 00:00:00+00:00,897421574.4000002
2017-05-18 00:00:00+00:00,901323139.2000003
2017-05-19 00:00:00+00:00,896265555.2000003
2017-05-22 00:00:00+00:00,894387024.0000002
2017-05-23 00:00:00+00:00,903635177.6000003
2017-05-24 00:00:00+00:00,906525225.6000003
2017-05-25 00:00:00+00:00,906669728.0000002
2017-05-26 00:00:00+00:00,915484374.4000002
2017-05-30 00:00:00+00:00,915917881.6000003
2017-05-31 00:00:00+00:00,918085417.6000003
2017-06-01 00:00:00+00:00,927333571.2000003
2017-06-02 00:00:00+00:00,934414188.8000003
2017-06-05 00:00:00+00:00,932246652.8000003
2017-06-06 00:00:00+00:00,930946131.2000003
2017-06-07 00:00:00+00:00,928634092.8000003
2017-06-08 00:00:00+00:00,925744044.8000003
2017-06-09 00:00:00+00:00,926755561.6000003
2017-06-12 00:00:00+00:00,930368121.6000003
2017-06-13 00:00:00+00:00,933691676.8000003
2017-06-14 00:00:00+00:00,936148217.6000003
2017-06-15 00:00:00+00:00,938315753.6000003
2017-06-16 00:00:00+00:00,936003715.2000003
2017-06-19 00:00:00+00:00,935425705.6000003
2017-06-20 00:00:00+00:00,933258169.6000003
2017-06-21 00:00:00+00:00,941350304.0000002
2017-06-22 00:00:00+00:00,944240352.0000002
2017-06-23 00:00:00+00:00,942650825.6000003
2017-06-26 00:00:00+00:00,947274902.4000002
2017-06-27 00:00:00+00:00,946696892.8000003
2017-06-28 00:00:00+00:00,948575424.0000002
2017-06-29 00:00:00+00:00,937882246.4000002
2017-06-30 00:00:00+00:00,933402672.0000002
2017-07-03 00:00:00+00:00,931813145.6000003
2017-07-05 00:00:00+00:00,934703193.6000003
2017-07-06 00:00:00+00:00,931813145.6000003
2017-07-07 00:00:00+00:00,928489590.4000002
2017-07-10 00:00:00+00:00,937015232.0000002
2017-07-11 00:00:00+00:00,938749260.8000003
2017-07-12 00:00:00+00:00,938026748.8000003
2017-07-13 00:00:00+00:00,928634092.8000003
2017-07-14 00:00:00+00:00,926322054.4000002
2017-07-17 00:00:00+00:00,929356604.8000003
2017-07-18 00:00:00+00:00,929212102.4000002
2017-07-19 00:00:00+00:00,923432006.4000002
2017-07-20 00:00:00+00:00,924732528.0000002
2017-07-21 00:00:00+00:00,924877030.4000002
2017-07-24 00:00:00+00:00,924877030.4000002
2017-07-25 00:00:00+00:00,932102150.4000002
2017-07-26 00:00:00+00:00,927333571.2000003
2017-07-27 00:00:00+00:00,924443523.2000003
2017-07-28 00:00:00+00:00,925310537.6000003
2017-07-31 00:00:00+00:00,917507408.0000002
2017-08-01 00:00:00+00:00,917940915.2000003
2017-08-02 00:00:00+00:00,919241436.8000003
2017-08-03 00:00:00+00:00,926177552.0000002
2017-08-04 00:00:00+00:00,928634092.8000003
2017-08-07 00:00:00+00:00,932535657.6000003
2017-08-08 00:00:00+00:00,933836179.2000003
2017-08-09 00:00:00+00:00,935859212.8000003
2017-08-10 00:00:00+00:00,927061836.8000003
2017-08-11 00:00:00+00:00,926182099.2000003
2017-08-14 00:00:00+00:00,932780131.2000003
2017-08-15 00:00:00+00:00,924642558.4000003
2017-08-16 00:00:00+00:00,920463804.8000003
2017-08-17 00:00:00+00:00,928161508.8000003
2017-08-18 00:00:00+00:00,930800721.6000003
2017-08-21 00:00:00+00:00,933220000.0000002
2017-08-22 00:00:00+00:00,933000065.6000003
2017-08-23 00:00:00+00:00,936519016.0000002
2017-08-24 00:00:00+00:00,944216720.0000002
2017-08-25 00:00:00+00:00,944436654.4000003
2017-08-28 00:00:00+00:00,950594817.6000003
2017-08-29 00:00:00+00:00,939818032.0000004
2017-08-30 00:00:00+00:00,941797441.6000003
2017-08-31 00:00:00+00:00,952574227.2000003
2017-09-01 00:00:00+00:00,938278491.2000003
2017-09-05 00:00:00+00:00,944436654.4000003
2017-09-06 00:00:00+00:00,950154948.8000003
2017-09-07 00:00:00+00:00,944436654.4000003
2017-09-08 00:00:00+00:00,945756260.8000003
2017-09-11 00:00:00+00:00,950154948.8000003
2017-09-12 00:00:00+00:00,944216720.0000002
2017-09-13 00:00:00+00:00,951034686.4000003
2017-09-14 00:00:00+00:00,949715080.0000002
2017-09-15 00:00:00+00:00,969509176.0000002
2017-09-18 00:00:00+00:00,964010816.0000002
2017-09-19 00:00:00+00:00,951914424.0000002
2017-09-20 00:00:00+00:00,959172259.2000003
2017-09-21 00:00:00+00:00,959832062.4000003
2017-09-22 00:00:00+00:00,957852652.8000003
2017-09-25 00:00:00+00:00,951474555.2000003
2017-09-26 00:00:00+00:00,941797441.6000003
2017-09-27 00:00:00+00:00,940037966.4000003
2017-09-28 00:00:00+00:00,942677179.2000003
2017-09-29 00:00:00+00:00,945976195.2000003
2017-10-02 00:00:00+00:00,950594817.6000003
2017-10-03 00:00:00+00:00,944656588.8000003
2017-10-04 00:00:00+00:00,949275211.2000003
2017-10-05 00:00:00+00:00,952354292.8000003
2017-10-06 00:00:00+00:00,943336982.4000003
2017-10-09 00:00:00+00:00,943776851.2000003
2017-10-10 00:00:00+00:00,947515736.0000002
2017-10-11 00:00:00+00:00,950374883.2000003
2017-10-12 00:00:00+00:00,949935014.4000003
2017-10-13 00:00:00+00:00,952794161.6000003
2017-10-16 00:00:00+00:00,947735670.4000003
2017-10-17 00:00:00+00:00,944436654.4000003
2017-10-18 00:00:00+00:00,945536326.4000003
2017-10-19 00:00:00+00:00,946635998.4000003
2017-10-20 00:00:00+00:00,943776851.2000003
2017-10-23 00:00:00+00:00,941137638.4000003
2017-10-24 00:00:00+00:00,949935014.4000003
2017-10-25 00:00:00+00:00,947735670.4000003
2017-10-26 00:00:00+00:00,946196129.6000003
2017-10-27 00:00:00+00:00,957632718.4000003
2017-10-30 00:00:00+00:00,959832062.4000003
2017-10-31 00:00:00+00:00,960051996.8000003
2017-11-01 00:00:00+00:00,957192849.6000003
2017-11-02 00:00:00+00:00,948835342.4000003
2017-11-03 00:00:00+00:00,952134358.4000003
2017-11-06 00:00:00+00:00,956093177.6000003
2017-11-07 00:00:00+00:00,959612128.0000004
2017-11-08 00:00:00+00:00,962251340.8000003
2017-11-09 00:00:00+00:00,963131078.4000003
2017-11-10 00:00:00+00:00,964890553.6000003
2017-11-13 00:00:00+00:00,968629438.4000003
2017-11-14 00:00:00+00:00,967969635.2000003
2017-11-15 00:00:00+00:00,967749700.8000003
2017-11-16 00:00:00+00:00,971488585.6000003
2017-11-17 00:00:00+00:00,973907864.0000002
2017-11-20 00:00:00+00:00,965330422.4000003
2017-11-21 00:00:00+00:00,963131078.4000003
2017-11-22 00:00:00+00:00,971928454.4000003
2017-11-24 00:00:00+00:00,975667339.2000003
2017-11-27 00:00:00+00:00,974347732.8000003
2017-11-28 00:00:00+00:00,966650028.8000003
2017-11-29 00:00:00+00:00,967309832.0000004
2017-11-30 00:00:00+00:00,967529766.4000003
2017-12-01 00:00:00+00:00,965330422.4000003
2017-12-04 00:00:00+00:00,967089897.6000003
2017-12-05 00:00:00+00:00,963570947.2000003
2017-12-06 00:00:00+00:00,953673899.2000003
2017-12-07 00:00:00+00:00,950594817.6000003
2017-12-08 00:00:00+00:00,944876523.2000003
2017-12-11 00:00:00+00:00,942677179.2000003
2017-12-12 00:00:00+00:00,938718360.0000002
2017-12-13 00:00:00+00:00,940477835.2000003
2017-12-14 00:00:00+00:00,938718360.0000002
2017-12-15 00:00:00+00:00,936299081.6000003
2017-12-18 00:00:00+00:00,938498425.6000003
2017-12-19 00:00:00+00:00,952794161.6000003
2017-12-20 00:00:00+00:00,956313112.0000004
2017-12-21 00:00:00+00:00,960711800.0000002
2017-12-22 00:00:00+00:00,956972915.2000003
2017-12-26 00:00:00+00:00,959172259.2000003
2017-12-27 00:00:00+00:00,964230750.4000003
2017-12-28 00:00:00+00:00,965770291.2000003
2017-12-29 00:00:00+00:00,969289241.6000003
2018-01-02 00:00:00+00:00,973028126.4000003
2018-01-03 00:00:00+00:00,972588257.6000003
2018-01-04 00:00:00+00:00,973763921.6000003
2018-01-05 00:00:00+00:00,977094969.6000003
2018-01-08 00:00:00+00:00,982973289.6000003
2018-01-09 00:00:00+00:00,983953009.6000003
2018-01-10 00:00:00+00:00,985520561.6000003
2018-01-11 00:00:00+00:00,994729929.6000003
2018-01-12 00:00:00+00:00,994729929.6000003
2018-01-16 00:00:00+00:00,1006290625.6000003
2018-01-17 00:00:00+00:00,1009621673.6000003
2018-01-18 00:00:00+00:00,1016283769.6000003
2018-01-19 00:00:00+00:00,1020182780.8000003
2018-01-22 00:00:00+00:00,1018347952.0000002
2018-01-23 00:00:00+00:00,1018806659.2000003
2018-01-24 00:00:00+00:00,1018118598.4000002
2018-01-25 00:00:00+00:00,1019953427.2000003
2018-01-26 00:00:00+00:00,1022705670.4000002
2018-01-29 00:00:00+00:00,1029815632.0000002
2018-01-30 00:00:00+00:00,1030962400.0000002
2018-01-31 00:00:00+00:00,1019724073.6000003
2018-02-01 00:00:00+00:00,1022935024.0000002
2018-02-02 00:00:00+00:00,1028898217.6000003
2018-02-05 00:00:00+00:00,1035090764.8000003
2018-02-06 00:00:00+00:00,1033714643.2000003
2018-02-07 00:00:00+00:00,1037384300.8000003
2018-02-08 00:00:00+00:00,1027751449.6000003
2018-02-09 00:00:00+00:00,1029815632.0000002
2018-02-12 00:00:00+00:00,1031191753.6000003
2018-02-13 00:00:00+00:00,1024540499.2000003
2018-02-14 00:00:00+00:00,1021558902.4000002
2018-02-15 00:00:00+00:00,1026145974.4000002
2018-02-16 00:00:00+00:00,1020870841.6000003
2018-02-20 00:00:00+00:00,1021100195.2000003
2018-02-21 00:00:00+00:00,1020641488.0000002
2018-02-22 00:00:00+00:00,1027751449.6000003
2018-02-23 00:00:00+00:00,1024999206.4000003
2018-02-26 00:00:00+00:00,1024311145.6000003
2018-02-27 00:00:00+00:00,1011467344.0000002
2018-02-28 00:00:00+00:00,1023164377.6000003
2018-03-01 00:00:00+00:00,1030733046.4000003
2018-03-02 00:00:00+00:00,1024081792.0000002
2018-03-05 00:00:00+00:00,1027292742.4000002
2018-03-06 00:00:00+00:00,1024769852.8000002
2018-03-07 00:00:00+00:00,1039491020.8000002
2018-03-08 00:00:00+00:00,1037260540.8000002
2018-03-09 00:00:00+00:00,1038375780.8000002
2018-03-12 00:00:00+00:00,1036368348.8000002
2018-03-13 00:00:00+00:00,1043282836.8000002
2018-03-14 00:00:00+00:00,1040160164.8000002
2018-03-15 00:00:00+00:00,1040606260.8000002
2018-03-16 00:00:00+00:00,1042613692.8000002
2018-03-19 00:00:00+00:00,1037260540.8000002
2018-03-20 00:00:00+00:00,1044621124.8000002
2018-03-21 00:00:00+00:00,1042167596.8000002
2018-03-22 00:00:00+00:00,1039937116.8000002
2018-03-23 00:00:00+00:00,1044398076.8000002
2018-03-26 00:00:00+00:00,1047743796.8000002
2018-03-27 00:00:00+00:00,1045067220.8000002
2018-03-28 00:00:00+00:00,1052427804.8000002
2018-03-29 00:00:00+00:00,1049305132.8000002
2018-04-02 00:00:00+00:00,1045513316.8000002
2018-04-03 00:00:00+00:00,1046628556.8000002
2018-04-04 00:00:00+00:00,1051089516.8000002
2018-04-05 00:00:00+00:00,1049305132.8000002
2018-04-06 00:00:00+00:00,1049528180.8000002
2018-04-09 00:00:00+00:00,1049082084.8000002
2018-04-10 00:00:00+00:00,1054212188.8000002
2018-04-11 00:00:00+00:00,1055773524.8000002
2018-04-12 00:00:00+00:00,1055996572.8000002
2018-04-13 00:00:00+00:00,1052650852.8000002
2018-04-16 00:00:00+00:00,1053319996.8000002
2018-04-17 00:00:00+00:00,1061126676.8000002
2018-04-18 00:00:00+00:00,1059119244.8000002
2018-04-19 00:00:00+00:00,1058227052.8000002
2018-04-20 00:00:00+00:00,1060011436.8000002
2018-04-23 00:00:00+00:00,1070494692.8000002
2018-04-24 00:00:00+00:00,1070940788.8000002
2018-04-25 00:00:00+00:00,1076740036.8000002
2018-04-26 00:00:00+00:00,1070940788.8000002
2018-04-27 00:00:00+00:00,1067818116.8000002
2018-04-30 00:00:00+00:00,1062688012.8000002
2018-05-01 00:00:00+00:00,1064026300.8000002
2018-05-02 00:00:00+00:00,1062688012.8000002
2018-05-03 00:00:00+00:00,1064026300.8000002
2018-05-04 00:00:00+00:00,1068041164.8000002
2018-05-07 00:00:00+00:00,1063089096.0000002
2018-05-08 00:00:00+00:00,1069344340.8000002
2018-05-09 00:00:00+00:00,1062307190.4000002
2018-05-10 00:00:00+00:00,1061785920.0000002
2018-05-11 00:00:00+00:00,1060482744.0000002
2018-05-14 00:00:00+00:00,1061525284.8000002
2018-05-15 00:00:00+00:00,1068301800.0000002
2018-05-16 00:00:00+00:00,1070647516.8000002
2018-05-17 00:00:00+00:00,1069344340.8000002
2018-05-18 00:00:00+00:00,1071950692.8000002
2018-05-21 00:00:00+00:00,1083418641.6000001
2018-05-22 00:00:00+00:00,1084721817.6000001
2018-05-23 00:00:00+00:00,1089934521.6000001
2018-05-24 00:00:00+00:00,1090716427.2000003
2018-05-25 00:00:00+00:00,1092801508.8000002
2018-05-29 00:00:00+00:00,1092801508.8000002
2018-05-30 00:00:00+00:00,1096450401.6000001
2018-05-31 00:00:00+00:00,1101402470.4
2018-06-01 00:00:00+00:00,1094365320.0000002
2018-06-04 00:00:00+00:00,1078205937.6000001
2018-06-05 00:00:00+00:00,1081333560.0000002
2018-06-06 00:00:00+00:00,1086024993.6000001
2018-06-07 00:00:00+00:00,1073775139.2000003
2018-06-08 00:00:00+00:00,1087328169.6000001
2018-06-11 00:00:00+00:00,1089934521.6000001
2018-06-12 00:00:00+00:00,1098274848.0000002
2018-06-13 00:00:00+00:00,1100620564.8000002
2018-06-14 00:00:00+00:00,1095407860.8000002
2018-06-15 00:00:00+00:00,1089934521.6000001
2018-06-18 00:00:00+00:00,1088110075.2000003
2018-06-19 00:00:00+00:00,1084200547.2000003
2018-06-20 00:00:00+00:00,1085764358.4
2018-06-21 00:00:00+00:00,1086285628.8000002
2018-06-22 00:00:00+00:00,1091498332.8000002
2018-06-25 00:00:00+00:00,1089152616.0000002
2018-06-26 00:00:00+00:00,1092540873.6000001
2018-06-27 00:00:00+00:00,1082115465.6000001
2018-06-28 00:00:00+00:00,1087328169.6000001
2018-06-29 00:00:00+00:00,1087328169.6000001
2018-07-02 00:00:00+00:00,1104225441.6000001
2018-07-03 00:00:00+00:00,1108388537.6000001
2018-07-05 00:00:00+00:00,1106184545.6000001
2018-07-06 00:00:00+00:00,1105449881.6000001
2018-07-09 00:00:00+00:00,1108143649.6000001
2018-07-10 00:00:00+00:00,1107898761.6000001
2018-07-11 00:00:00+00:00,1110837417.6000001
2018-07-12 00:00:00+00:00,1115980065.6000001
2018-07-13 00:00:00+00:00,1118918721.6000001
2018-07-16 00:00:00+00:00,1114510737.6000001
2018-07-17 00:00:00+00:00,1114755625.6000001
2018-07-18 00:00:00+00:00,1115980065.6000001
2018-07-19 00:00:00+00:00,1118673833.6000001
2018-07-20 00:00:00+00:00,1115000513.6000001
2018-07-23 00:00:00+00:00,1115980065.6000001
2018-07-24 00:00:00+00:00,1113286297.6000001
2018-07-25 00:00:00+00:00,1113286297.6000001
2018-07-26 00:00:00+00:00,1117204505.6000001
2018-07-27 00:00:00+00:00,1120877825.6000001
2018-07-30 00:00:00+00:00,1122347153.6000001
2018-07-31 00:00:00+00:00,1128959129.6000001
2018-08-01 00:00:00+00:00,1130673345.6000001
2018-08-02 00:00:00+00:00,1127979577.6000001
2018-08-03 00:00:00+00:00,1121612489.6000001
2018-08-06 00:00:00+00:00,1118428945.6000001
2018-08-07 00:00:00+00:00,1120877825.6000001
2018-08-08 00:00:00+00:00,1122592041.6000001
2018-08-09 00:00:00+00:00,1121857377.6000001
2018-08-10 00:00:00+00:00,1129204017.6000001
2018-08-13 00:00:00+00:00,1135081329.6000001
2018-08-14 00:00:00+00:00,1134101777.6000001
2018-08-15 00:00:00+00:00,1136795545.6000001
2018-08-16 00:00:00+00:00,1135081329.6000001
2018-08-17 00:00:00+00:00,1138019985.6000001
2018-08-20 00:00:00+00:00,1140223977.6000001
2018-08-21 00:00:00+00:00,1142602499.2
2018-08-22 00:00:00+00:00,1142899814.4
2018-08-23 00:00:00+00:00,1141115923.2
2018-08-24 00:00:00+00:00,1144386390.4
2018-08-27 00:00:00+00:00,1152711216.0000002
2018-08-28 00:00:00+00:00,1146764912.0000002
2018-08-29 00:00:00+00:00,1148548803.2
2018-08-30 00:00:00+00:00,1154495107.2
2018-08-31 00:00:00+00:00,1155387052.8000002
2018-09-04 00:00:00+00:00,1156576313.6000001
2018-09-05 00:00:00+00:00,1164009193.6000001
2018-09-06 00:00:00+00:00,1161333356.8000002
2018-09-07 00:00:00+00:00,1167576976.0000002
2018-09-10 00:00:00+00:00,1173225964.8000002
2018-09-11 00:00:00+00:00,1172631334.4
2018-09-12 00:00:00+00:00,1187199779.2
2018-09-13 00:00:00+00:00,1187497094.4
2018-09-14 00:00:00+00:00,1197605811.2
2018-09-17 00:00:00+00:00,1184523942.4
2018-09-18 00:00:00+00:00,1182145420.8000002
2018-09-19 00:00:00+00:00,1186307833.6000001
2018-09-20 00:00:00+00:00,1185713203.2
2018-09-21 00:00:00+00:00,1187497094.4
2018-09-24 00:00:00+00:00,1174117910.4
2018-09-25 00:00:00+00:00,1171739388.8000002
2018-09-26 00:00:00+00:00,1164603824.0000002
2018-09-27 00:00:00+00:00,1164603824.0000002
2018-09-28 00:00:00+00:00,1173225964.8000002
2018-10-01 00:00:00+00:00,1185415888.0000002
2018-10-02 00:00:00+00:00,1199092387.2
2018-10-03 00:00:00+00:00,1203849430.4
2018-10-04 00:00:00+00:00,1206822582.4
2018-10-05 00:00:00+00:00,1215742038.4
2018-10-08 00:00:00+00:00,1224958809.6000001
2018-10-09 00:00:00+00:00,1225850755.2000003
2018-10-10 00:00:00+00:00,1222282972.8000002
2018-10-11 00:00:00+00:00,1224364179.2
2018-10-12 00:00:00+00:00,1228823907.2000003
2018-10-15 00:00:00+00:00,1239527254.4
2018-10-16 00:00:00+00:00,1234175580.8000002
2018-10-17 00:00:00+00:00,1248446710.4
2018-10-18 00:00:00+00:00,1252609123.2
2018-10-19 00:00:00+00:00,1253203753.6000001
2018-10-22 00:00:00+00:00,1251122547.2000003
2018-10-23 00:00:00+00:00,1250825232.0000002
2018-10-24 00:00:00+00:00,1256771536.0000002
2018-10-25 00:00:00+00:00,1255582275.2000003
2018-10-26 00:00:00+00:00,1251717177.6000001
2018-10-29 00:00:00+00:00,1241608460.8000002
2018-10-30 00:00:00+00:00,1236256787.2000003
2018-10-31 00:00:00+00:00,1232391689.6000001
2018-11-01 00:00:00+00:00,1232391689.6000001
2018-11-02 00:00:00+00:00,1239824569.6000001
2018-11-05 00:00:00+00:00,1231202428.8000002
2018-11-06 00:00:00+00:00,1225553440.0000002
2018-11-07 00:00:00+00:00,1227040016.0000002
2018-11-08 00:00:00+00:00,1221985657.6000001
2018-11-09 00:00:00+00:00,1218715190.4
2018-11-12 00:00:00+00:00,1224958809.6000001
2018-11-13 00:00:00+00:00,1215147408.0
2018-11-14 00:00:00+00:00,1216336668.8000002
2018-11-15 00:00:00+00:00,1216336668.8000002
2018-11-16 00:00:00+00:00,1217525929.6000001
2018-11-19 00:00:00+00:00,1220796396.8000002
2018-11-20 00:00:00+00:00,1210687680.0000002
2018-11-21 00:00:00+00:00,1217228614.4
2018-11-23 00:00:00+00:00,1210984995.2000003
2018-11-26 00:00:00+00:00,1211282310.4
2018-11-27 00:00:00+00:00,1207119897.6000001
2018-11-28 00:00:00+00:00,1221985657.6000001
2018-11-29 00:00:00+00:00,1222877603.2
2018-11-30 00:00:00+00:00,1221985657.6000001
2018-12-03 00:00:00+00:00,1224066864.0000002
2018-12-04 00:00:00+00:00,1219309820.8000002
2018-12-06 00:00:00+00:00,1216039353.6000001
2018-12-07 00:00:00+00:00,1222877603.2
2018-12-10 00:00:00+00:00,1218417875.2000003
2018-12-11 00:00:00+00:00,1221688342.4
2018-12-12 00:00:00+00:00,1223792744.0
2018-12-13 00:00:00+00:00,1223558921.6000001
2018-12-14 00:00:00+00:00,1225897145.6000001
2018-12-17 00:00:00+00:00,1229638304.0
2018-12-18 00:00:00+00:00,1234080929.6000001
2018-12-19 00:00:00+00:00,1230105948.8000002
2018-12-20 00:00:00+00:00,1231041238.4
2018-12-21 00:00:00+00:00,1233145640.0
2018-12-24 00:00:00+00:00,1231742705.6000001
2018-12-26 00:00:00+00:00,1231976528.0
2018-12-27 00:00:00+00:00,1235250041.6000001
2018-12-28 00:00:00+00:00,1231976528.0
2018-12-31 00:00:00+00:00,1240394134.4
2019-01-02 00:00:00+00:00,1242732358.4
2019-01-03 00:00:00+00:00,1248344096.0
2019-01-04 00:00:00+00:00,1242732358.4
2019-01-07 00:00:00+00:00,1225897145.6000001
2019-01-08 00:00:00+00:00,1223325099.2
2019-01-09 00:00:00+00:00,1220753052.8000002
2019-01-10 00:00:00+00:00,1225429500.8000002
2019-01-11 00:00:00+00:00,1222857454.4
2019-01-14 00:00:00+00:00,1223558921.6000001
2019-01-15 00:00:00+00:00,1213972203.2
2019-01-16 00:00:00+00:00,1213738380.8000002
2019-01-17 00:00:00+00:00,1221220697.6000001
2019-01-18 00:00:00+00:00,1217011894.4
2019-01-22 00:00:00+00:00,1219350118.4
2019-01-23 00:00:00+00:00,1218414828.8000002
2019-01-24 00:00:00+00:00,1218181006.4
2019-01-25 00:00:00+00:00,1230807416.0
2019-01-28 00:00:00+00:00,1222623632.0
2019-01-29 00:00:00+00:00,1224961856.0
2019-01-30 00:00:00+00:00,1228703014.4
2019-01-31 00:00:00+00:00,1224026566.4
2019-02-01 00:00:00+00:00,1227066257.6000001
2019-02-04 00:00:00+00:00,1221220697.6000001
2019-02-05 00:00:00+00:00,1221922164.8000002
2019-02-06 00:00:00+00:00,1220051585.6000001
2019-02-07 00:00:00+00:00,1224026566.4
2019-02-08 00:00:00+00:00,1224494211.2
2019-02-11 00:00:00+00:00,1225429500.8000002
2019-02-12 00:00:00+00:00,1221220697.6000001
2019-02-13 00:00:00+00:00,1223558921.6000001
2019-02-14 00:00:00+00:00,1231275060.8000002
2019-02-15 00:00:00+00:00,1217713361.6000001
2019-02-19 00:00:00+00:00,1212335446.4
2019-02-20 00:00:00+00:00,1208828110.4
2019-02-21 00:00:00+00:00,1213036913.6000001
2019-02-22 00:00:00+00:00,1210698689.6000001
2019-02-25 00:00:00+00:00,1217713361.6000001
2019-02-26 00:00:00+00:00,1221220697.6000001
2019-02-27 00:00:00+00:00,1218414828.8000002
2019-02-28 00:00:00+00:00,1222857454.4
2019-03-01 00:00:00+00:00,1226598612.8000002
2019-03-04 00:00:00+00:00,1232677995.2
2019-03-05 00:00:00+00:00,1230807416.0
2019-03-06 00:00:00+00:00,1237354443.2
2019-03-07 00:00:00+00:00,1237822088.0
2019-03-08 00:00:00+00:00,1236886798.4
2019-03-11 00:00:00+00:00,1234314752.0
2019-03-12 00:00:00+00:00,1233379462.4
2019-03-13 00:00:00+00:00,1232677995.2
2019-03-14 00:00:00+00:00,1231508883.2
2019-03-15 00:00:00+00:00,1228936836.8000002
2019-03-18 00:00:00+00:00,1221454520.0
2019-03-19 00:00:00+00:00,1222857454.4
2019-03-20 00:00:00+00:00,1223792744.0
2019-03-21 00:00:00+00:00,1229404481.6000001
2019-03-22 00:00:00+00:00,1227767724.8000002
2019-03-25 00:00:00+00:00,1229872126.4
2019-03-26 00:00:00+00:00,1227300080.0
2019-03-27 00:00:00+00:00,1227533902.4
2019-03-28 00:00:00+00:00,1228703014.4
2019-03-29 00:00:00+00:00,1228703014.4
2019-04-01 00:00:00+00:00,1225429500.8000002
2019-04-02 00:00:00+00:00,1225663323.2
2019-04-03 00:00:00+00:00,1231275060.8000002
2019-04-04 00:00:00+00:00,1224494211.2
2019-04-05 00:00:00+00:00,1223325099.2
2019-04-08 00:00:00+00:00,1227767724.8000002
2019-04-09 00:00:00+00:00,1222857454.4
2019-04-10 00:00:00+00:00,1222155987.2
2019-04-11 00:00:00+00:00,1221922164.8000002
2019-04-12 00:00:00+00:00,1219583940.8000002
2019-04-15 00:00:00+00:00,1222623632.0
2019-04-16 00:00:00+00:00,1225429500.8000002
2019-04-17 00:00:00+00:00,1228703014.4
2019-04-18 00:00:00+00:00,1218181006.4
2019-04-22 00:00:00+00:00,1223091276.8000002
2019-04-23 00:00:00+00:00,1220051585.6000001
2019-04-24 00:00:00+00:00,1220051585.6000001
2019-04-25 00:00:00+00:00,1224961856.0
2019-04-26 00:00:00+00:00,1225897145.6000001
2019-04-29 00:00:00+00:00,1233379462.4
2019-04-30 00:00:00+00:00,1233145640.0
2019-05-01 00:00:00+00:00,1236185331.2
2019-05-02 00:00:00+00:00,1235717686.4
2019-05-03 00:00:00+00:00,1240861779.2
2019-05-06 00:00:00+00:00,1243901470.4
2019-05-07 00:00:00+00:00,1245669076.8
2019-05-08 00:00:00+00:00,1238093620.8000002
2019-05-09 00:00:00+00:00,1241376318.4
2019-05-10 00:00:00+00:00,1239861227.2
2019-05-13 00:00:00+00:00,1242891409.6000001
2019-05-14 00:00:00+00:00,1245416561.6000001
2019-05-15 00:00:00+00:00,1243143924.8
2019-05-16 00:00:00+00:00,1241376318.4
2019-05-17 00:00:00+00:00,1235568468.8000002
2019-05-20 00:00:00+00:00,1237336075.2
2019-05-21 00:00:00+00:00,1242133864.0
2019-05-22 00:00:00+00:00,1237336075.2
2019-05-23 00:00:00+00:00,1236073499.2
2019-05-24 00:00:00+00:00,1238346136.0
2019-05-28 00:00:00+00:00,1240618772.8000002
2019-05-29 00:00:00+00:00,1243648955.2
2019-05-30 00:00:00+00:00,1240871288.0
2019-05-31 00:00:00+00:00,1249456804.8
2019-06-03 00:00:00+00:00,1251729441.6000001
2019-06-04 00:00:00+00:00,1257537291.2
2019-06-05 00:00:00+00:00,1252234472.0
2019-06-06 00:00:00+00:00,1259809928.0
2019-06-07 00:00:00+00:00,1260049731.2
2019-06-10 00:00:00+00:00,1262447763.2
2019-06-11 00:00:00+00:00,1252136225.6
2019-06-12 00:00:00+00:00,1251416816.0
2019-06-13 00:00:00+00:00,1250217800.0
2019-06-14 00:00:00+00:00,1249977996.8
2019-06-17 00:00:00+00:00,1251896422.4
2019-06-18 00:00:00+00:00,1252136225.6
2019-06-19 00:00:00+00:00,1254294454.4
2019-06-20 00:00:00+00:00,1255733273.6
2019-06-21 00:00:00+00:00,1260529337.6
2019-06-24 00:00:00+00:00,1260769140.8
2019-06-25 00:00:00+00:00,1258371108.8
2019-06-26 00:00:00+00:00,1264366188.8
2019-06-27 00:00:00+00:00,1253335241.6
2019-06-28 00:00:00+00:00,1257172092.8
2019-07-01 00:00:00+00:00,1258371108.8
2019-07-02 00:00:00+00:00,1263646779.2
2019-07-03 00:00:00+00:00,1259090518.4
2019-07-05 00:00:00+00:00,1263406976.0
2019-07-08 00:00:00+00:00,1261248747.2
2019-07-09 00:00:00+00:00,1263646779.2
2019-07-10 00:00:00+00:00,1260049731.2
2019-07-11 00:00:00+00:00,1262927369.6
2019-07-12 00:00:00+00:00,1264845795.2
2019-07-15 00:00:00+00:00,1270601072.0
2019-07-16 00:00:00+00:00,1272279694.4
2019-07-17 00:00:00+00:00,1277075758.4
2019-07-18 00:00:00+00:00,1282831035.2
2019-07-19 00:00:00+00:00,1281871822.4
2019-07-22 00:00:00+00:00,1281095292.8000002
2019-07-23 00:00:00+00:00,1291966707.2
2019-07-24 00:00:00+00:00,1294037452.8000002
2019-07-25 00:00:00+00:00,1292484393.6000001
2019-07-26 00:00:00+00:00,1293002080.0
2019-07-29 00:00:00+00:00,1294296296.0
2019-07-30 00:00:00+00:00,1296367041.6000001
2019-07-31 00:00:00+00:00,1297920100.8000002
2019-08-01 00:00:00+00:00,1295590512.0
2019-08-02 00:00:00+00:00,1293002080.0
2019-08-05 00:00:00+00:00,1287825216.0
2019-08-06 00:00:00+00:00,1285495627.2
2019-08-07 00:00:00+00:00,1275400742.4
2019-08-08 00:00:00+00:00,1277730331.2
2019-08-09 00:00:00+00:00,1288860588.8000002
2019-08-12 00:00:00+00:00,1281095292.8000002
2019-08-13 00:00:00+00:00,1285236784.0
2019-08-14 00:00:00+00:00,1282389508.8000002
2019-08-15 00:00:00+00:00,1282907195.2
2019-08-16 00:00:00+00:00,1283166038.4
2019-08-19 00:00:00+00:00,1278765704.0
2019-08-20 00:00:00+00:00,1277989174.4
2019-08-21 00:00:00+00:00,1276694958.4
2019-08-22 00:00:00+00:00,1281612979.2
2019-08-23 00:00:00+00:00,1278765704.0
2019-08-26 00:00:00+00:00,1277730331.2
2019-08-27 00:00:00+00:00,1272812310.4
2019-08-28 00:00:00+00:00,1276177272.0
2019-08-29 00:00:00+00:00,1272035780.8000002
2019-08-30 00:00:00+00:00,1270223878.4
2019-09-03 00:00:00+00:00,1271518094.4
2019-09-04 00:00:00+00:00,1266858916.8000002
2019-09-05 00:00:00+00:00,1265823544.0
2019-09-06 00:00:00+00:00,1267117760.0
2019-09-09 00:00:00+00:00,1264529328.0
2019-09-10 00:00:00+00:00,1263493955.2
2019-09-11 00:00:00+00:00,1261682052.8000002
2019-09-12 00:00:00+00:00,1288342902.4
2019-09-13 00:00:00+00:00,1290931334.4
2019-09-16 00:00:00+00:00,1299214316.8000002
2019-09-17 00:00:00+00:00,1295072825.6000001
2019-09-18 00:00:00+00:00,1294296296.0
2019-09-19 00:00:00+00:00,1292484393.6000001
2019-09-20 00:00:00+00:00,1294296296.0
2019-09-23 00:00:00+00:00,1297920100.8000002
2019-09-24 00:00:00+00:00,1303096964.8000002
2019-09-25 00:00:00+00:00,1309568044.8000002
2019-09-26 00:00:00+00:00,1310515878.4
2019-09-27 00:00:00+00:00,1310515878.4
2019-09-30 00:00:00+00:00,1309805003.2000003
2019-10-01 00:00:00+00:00,1304354960.0000002
2019-10-02 00:00:00+00:00,1304118001.6000001
2019-10-03 00:00:00+00:00,1307672377.6000001
2019-10-04 00:00:00+00:00,1307198460.8000002
2019-10-07 00:00:00+00:00,1312885462.4
2019-10-08 00:00:00+00:00,1314307212.8000002
2019-10-09 00:00:00+00:00,1315492004.8000002
2019-10-10 00:00:00+00:00,1315492004.8000002
2019-10-11 00:00:00+00:00,1315492004.8000002
2019-10-14 00:00:00+00:00,1312885462.4
2019-10-15 00:00:00+00:00,1311226753.6000001
2019-10-16 00:00:00+00:00,1316913755.2000003
2019-10-17 00:00:00+00:00,1319520297.6000001
2019-10-18 00:00:00+00:00,1317624630.4
2019-10-21 00:00:00+00:00,1318809422.4
2019-10-22 00:00:00+00:00,1320942048.0000002
2019-10-23 00:00:00+00:00,1321652923.2000003
2019-10-24 00:00:00+00:00,1318098547.2000003
2019-10-25 00:00:00+00:00,1319318059.2000003
2019-10-28 00:00:00+00:00,1323952204.8000002
2019-10-29 00:00:00+00:00,1319074156.8000002
2019-10-30 00:00:00+00:00,1320781473.6000004
2019-10-31 00:00:00+00:00,1322488790.4000003
2019-11-01 00:00:00+00:00,1322488790.4000003
2019-11-04 00:00:00+00:00,1323220497.6000004
2019-11-05 00:00:00+00:00,1328098545.6000004
2019-11-06 00:00:00+00:00,1324440009.6000004
2019-11-07 00:00:00+00:00,1320293668.8000002
2019-11-08 00:00:00+00:00,1324683912.0000002
2019-11-11 00:00:00+00:00,1324683912.0000002
2019-11-12 00:00:00+00:00,1325171716.8000002
2019-11-13 00:00:00+00:00,1331513179.2000003
2019-11-14 00:00:00+00:00,1330537569.6000004
2019-11-15 00:00:00+00:00,1328586350.4000003
2019-11-18 00:00:00+00:00,1329318057.6000004
2019-11-19 00:00:00+00:00,1327610740.8000002
2019-11-20 00:00:00+00:00,1329074155.2000003
2019-11-21 00:00:00+00:00,1325659521.6000001
2019-11-22 00:00:00+00:00,1331025374.4000003
2019-11-25 00:00:00+00:00,1330781472.0000002
2019-11-26 00:00:00+00:00,1329805862.4000003
2019-11-27 00:00:00+00:00,1330049764.8000002
2019-11-29 00:00:00+00:00,1333708300.8000002
2019-12-02 00:00:00+00:00,1329074155.2000003
2019-12-03 00:00:00+00:00,1331757081.6000001
2019-12-04 00:00:00+00:00,1336635129.6000004
2019-12-05 00:00:00+00:00,1337122934.4000003
2019-12-06 00:00:00+00:00,1339561958.4000003
2019-12-09 00:00:00+00:00,1344440006.4000003
2019-12-10 00:00:00+00:00,1346391225.6000004
2019-12-11 00:00:00+00:00,1347282745.6000004
2019-12-12 00:00:00+00:00,1345053945.6000004
2019-12-13 00:00:00+00:00,1345499705.6000004
2019-12-16 00:00:00+00:00,1350180185.6000004
2019-12-17 00:00:00+00:00,1350625945.6000004
2019-12-18 00:00:00+00:00,1347059865.6000004
2019-12-19 00:00:00+00:00,1344385305.6000004
2019-12-20 00:00:00+00:00,1344608185.6000004
2019-12-23 00:00:00+00:00,1346614105.6000004
2019-12-24 00:00:00+00:00,1348397145.6000004
2019-12-26 00:00:00+00:00,1346836985.6000004
2019-12-27 00:00:00+00:00,1344608185.6000004
2019-12-30 00:00:00+00:00,1344831065.6000004
2019-12-31 00:00:00+00:00,1347282745.6000004
2020-01-02 00:00:00+00:00,1353746265.6000004
2020-01-03 00:00:00+00:00,1357858905.6000004
2020-01-06 00:00:00+00:00,1367455065.6000004
2020-01-07 00:00:00+00:00,1364256345.6000004
2020-01-08 00:00:00+00:00,1361514585.6000004
2020-01-09 00:00:00+00:00,1366998105.6000004
2020-01-10 00:00:00+00:00,1375223385.6000004
2020-01-13 00:00:00+00:00,1377279705.6000004
2020-01-14 00:00:00+00:00,1380935385.6000004
2020-01-15 00:00:00+00:00,1385504985.6000004
2020-01-16 00:00:00+00:00,1383448665.6000004
2020-01-17 00:00:00+00:00,1383905625.6000004
2020-01-21 00:00:00+00:00,1386190425.6000004
2020-01-22 00:00:00+00:00,1388703705.6000004
2020-01-23 00:00:00+00:00,1386647385.6000004
2020-01-24 00:00:00+00:00,1382534745.6000004
2020-01-27 00:00:00+00:00,1378422105.6000004
2020-01-28 00:00:00+00:00,1385961945.6000004
2020-01-29 00:00:00+00:00,1384819545.6000004
2020-01-30 00:00:00+00:00,1387104345.6000004
2020-01-31 00:00:00+00:00,1387561305.6000004
2020-02-03 00:00:00+00:00,1393958745.6000004
2020-02-04 00:00:00+00:00,1389846105.6000004
2020-02-05 00:00:00+00:00,1390303065.6000004
2020-02-06 00:00:00+00:00,1390531545.6000004
2020-02-07 00:00:00+00:00,1394644185.6000004
2020-02-10 00:00:00+00:00,1397385945.6000004
2020-02-11 00:00:00+00:00,1405839705.6000004
2020-02-12 00:00:00+00:00,1397842905.6000004
2020-02-13 00:00:00+00:00,1391445465.6000004
2020-02-14 00:00:00+00:00,1386190425.6000004
2020-02-18 00:00:00+00:00,1393501785.6000004
2020-02-19 00:00:00+00:00,1398299865.6000004
2020-02-20 00:00:00+00:00,1395101145.6000004
2020-02-21 00:00:00+00:00,1399213785.6000004
2020-02-24 00:00:00+00:00,1390303065.6000004
2020-02-25 00:00:00+00:00,1390531545.6000004
2020-02-26 00:00:00+00:00,1385961945.6000004
2020-02-27 00:00:00+00:00,1378193625.6000004
2020-02-28 00:00:00+00:00,1376822745.6000004
2020-03-02 00:00:00+00:00,1369282905.6000004
2020-03-03 00:00:00+00:00,1368140505.6000004
2020-03-04 00:00:00+00:00,1361514585.6000004
2020-03-05 00:00:00+00:00,1360372185.6000004
2020-03-06 00:00:00+00:00,1351232985.6000004
2020-03-09 00:00:00+00:00,1341865305.6000004
2020-03-10 00:00:00+00:00,1341408345.6000004
2020-03-11 00:00:00+00:00,1333868505.6000004
2020-03-12 00:00:00+00:00,1319245785.6000004
2020-03-13 00:00:00+00:00,1321073625.6000004
2020-03-16 00:00:00+00:00,1307136345.6000004
2020-03-17 00:00:00+00:00,1302566745.6000004
2020-03-18 00:00:00+00:00,1297540185.6000004
2020-03-19 00:00:00+00:00,1295712345.6000004
2020-03-20 00:00:00+00:00,1303023705.6000004
2020-03-23 00:00:00+00:00,1305993945.6000004
2020-03-24 00:00:00+00:00,1311248985.6000004
2020-03-25 00:00:00+00:00,1314447705.6000004
2020-03-26 00:00:00+00:00,1312619865.6000004
2020-03-27 00:00:00+00:00,1307364825.6000004
2020-03-30 00:00:00+00:00,1298911065.6000004
2020-03-31 00:00:00+00:00,1291828185.6000004
2020-04-01 00:00:00+00:00,1283145945.6000004
2020-04-02 00:00:00+00:00,1288857945.6000004
2020-04-03 00:00:00+00:00,1289314905.6000004
2020-04-06 00:00:00+00:00,1292513625.6000004
2020-04-07 00:00:00+00:00,1290914265.6000004
2020-04-08 00:00:00+00:00,1290685785.6000004
2020-04-09 00:00:00+00:00,1292056665.6000004
2020-04-13 00:00:00+00:00,1286116185.6000004
2020-04-14 00:00:00+00:00,1287944025.6000004
2020-04-15 00:00:00+00:00,1288629465.6000004
2020-04-16 00:00:00+00:00,1289771865.6000004
2020-04-17 00:00:00+00:00,1294341465.6000004
2020-04-20 00:00:00+00:00,1288172505.6000004
2020-04-21 00:00:00+00:00,1282460505.6000004
2020-04-22 00:00:00+00:00,1282460505.6000004
2020-04-23 00:00:00+00:00,1282460505.6000004
2020-04-24 00:00:00+00:00,1277890905.6000004
2020-04-27 00:00:00+00:00,1268066265.6000004
2020-04-28 00:00:00+00:00,1271264985.6000004
2020-04-29 00:00:00+00:00,1280404185.6000004
2020-04-30 00:00:00+00:00,1290685785.6000004
2020-05-01 00:00:00+00:00,1304394585.6000004
2020-05-04 00:00:00+00:00,1291371225.6000004
2020-05-05 00:00:00+00:00,1300053465.6000004
2020-05-06 00:00:00+00:00,1288400985.6000004
2020-05-07 00:00:00+00:00,1289771865.6000004
2020-05-08 00:00:00+00:00,1288857945.6000004
2020-05-11 00:00:00+00:00,1284973785.6000004
2020-05-12 00:00:00+00:00,1287944025.6000004
2020-05-13 00:00:00+00:00,1288172505.6000004
2020-05-14 00:00:00+00:00,1292742105.6000004
2020-05-15 00:00:00+00:00,1290914265.6000004
2020-05-18 00:00:00+00:00,1300510425.6000004
2020-05-19 00:00:00+00:00,1301652825.6000004
2020-05-20 00:00:00+00:00,1309421145.6000004
2020-05-21 00:00:00+00:00,1304623065.6000004
2020-05-22 00:00:00+00:00,1303480665.6000004
2020-05-26 00:00:00+00:00,1306222425.6000004
2020-05-27 00:00:00+00:00,1300510425.6000004
2020-05-28 00:00:00+00:00,1300510425.6000004
2020-05-29 00:00:00+00:00,1303023705.6000004
2020-06-01 00:00:00+00:00,1305080025.6000004
2020-06-02 00:00:00+00:00,1310106585.6000004
2020-06-03 00:00:00+00:00,1319245785.6000004
2020-06-04 00:00:00+00:00,1321759065.6000004
2020-06-05 00:00:00+00:00,1328384985.6000004
2020-06-08 00:00:00+00:00,1326557145.6000004
2020-06-09 00:00:00+00:00,1327928025.6000004
2020-06-10 00:00:00+00:00,1333183065.6000004
2020-06-11 00:00:00+00:00,1330212825.6000004
2020-06-12 00:00:00+00:00,1328841945.6000004
2020-06-15 00:00:00+00:00,1330898265.6000004
2020-06-16 00:00:00+00:00,1334325465.6000004
2020-06-17 00:00:00+00:00,1334814054.4000003
2020-06-18 00:00:00+00:00,1340188531.2000003
2020-06-19 00:00:00+00:00,1336768409.6000004
2020-06-22 00:00:00+00:00,1339699942.4000003
2020-06-23 00:00:00+00:00,1343120064.0000005
2020-06-24 00:00:00+00:00,1345074419.2000003
2020-06-25 00:00:00+00:00,1343120064.0000005
2020-06-26 00:00:00+00:00,1350448896.0000005
2020-06-29 00:00:00+00:00,1346784480.0000005
2020-06-30 00:00:00+00:00,1342142886.4000003
2020-07-01 00:00:00+00:00,1337012704.0000005
2020-07-02 00:00:00+00:00,1335302643.2000003
2020-07-06 00:00:00+00:00,1342875769.6000004
2020-07-07 00:00:00+00:00,1336768409.6000004
2020-07-08 00:00:00+00:00,1339211353.6000004
2020-07-09 00:00:00+00:00,1345074419.2000003
2020-07-10 00:00:00+00:00,1347028774.4000003
2020-07-13 00:00:00+00:00,1351426073.6000004
2020-07-14 00:00:00+00:00,1357777728.0000005
2020-07-15 00:00:00+00:00,1345563008.0000005
2020-07-16 00:00:00+00:00,1346295891.2000003
2020-07-17 00:00:00+00:00,1347761657.6000004
2020-07-20 00:00:00+00:00,1348005952.0000002
2020-07-21 00:00:00+00:00,1349227424.0000005
2020-07-22 00:00:00+00:00,1344585830.4000003
2020-07-23 00:00:00+00:00,1346784480.0000005
2020-07-24 00:00:00+00:00,1353624723.2000003
2020-07-27 00:00:00+00:00,1338234176.0000005
2020-07-28 00:00:00+00:00,1335511456.0000005
2020-07-29 00:00:00+00:00,1335511456.0000005
2020-07-30 00:00:00+00:00,1337986656.0000005
2020-07-31 00:00:00+00:00,1351105216.0000005
2020-08-03 00:00:00+00:00,1353085376.0000005
2020-08-04 00:00:00+00:00,1354570496.0000005
2020-08-05 00:00:00+00:00,1348630016.0000005
2020-08-06 00:00:00+00:00,1358530816.0000005
2020-08-07 00:00:00+00:00,1351847776.0000005
2020-08-10 00:00:00+00:00,1348877536.0000005
2020-08-11 00:00:00+00:00,1353580416.0000005
2020-08-12 00:00:00+00:00,1356055616.0000005
2020-08-13 00:00:00+00:00,1362738656.0000005
2020-08-14 00:00:00+00:00,1362491136.0000005
2020-08-17 00:00:00+00:00,1361501056.0000005
2020-08-18 00:00:00+00:00,1357293216.0000005
2020-08-19 00:00:00+00:00,1365956416.0000005
2020-08-20 00:00:00+00:00,1360263456.0000005
2020-08-21 00:00:00+00:00,1355808096.0000005
2020-08-24 00:00:00+00:00,1352837856.0000005
2020-08-25 00:00:00+00:00,1354075456.0000005
2020-08-26 00:00:00+00:00,1349620096.0000005
2020-08-27 00:00:00+00:00,1354322976.0000005
2020-08-28 00:00:00+00:00,1350115136.0000005
2020-08-31 00:00:00+00:00,1351600256.0000005
2020-09-01 00:00:00+00:00,1350115136.0000005
2020-09-02 00:00:00+00:00,1346154816.0000005
2020-09-03 00:00:00+00:00,1336996576.0000005
2020-09-04 00:00:00+00:00,1333531296.0000005
2020-09-08 00:00:00+00:00,1336254016.0000005
2020-09-09 00:00:00+00:00,1336006496.0000005
2020-09-10 00:00:00+00:00,1333036256.0000005
2020-09-11 00:00:00+00:00,1333283776.0000005
2020-09-14 00:00:00+00:00,1329323456.0000005
2020-09-15 00:00:00+00:00,1352837856.0000005
2020-09-16 00:00:00+00:00,1358035776.0000005
2020-09-17 00:00:00+00:00,1365708896.0000005
2020-09-18 00:00:00+00:00,1369421696.0000005
2020-09-21 00:00:00+00:00,1363233696.0000005
2020-09-22 00:00:00+00:00,1370164256.0000005
2020-09-23 00:00:00+00:00,1368184096.0000005
2020-09-24 00:00:00+00:00,1369174176.0000005
2020-09-25 00:00:00+00:00,1372639456.0000005
2020-09-28 00:00:00+00:00,1361253536.0000005
2020-09-29 00:00:00+00:00,1370411776.0000005
2020-09-30 00:00:00+00:00,1372639456.0000005
2020-10-01 00:00:00+00:00,1374372096.0000005
2020-10-02 00:00:00+00:00,1373629536.0000005
2020-10-05 00:00:00+00:00,1375114656.0000005
2020-10-06 00:00:00+00:00,1381797696.0000005
2020-10-07 00:00:00+00:00,1388233216.0000005
2020-10-08 00:00:00+00:00,1388975776.0000005
2020-10-09 00:00:00+00:00,1390460896.0000005
2020-10-12 00:00:00+00:00,1380807616.0000005
2020-10-13 00:00:00+00:00,1385015456.0000005
2020-10-14 00:00:00+00:00,1389718336.0000005
2020-10-15 00:00:00+00:00,1389223296.0000005
2020-10-16 00:00:00+00:00,1395411296.0000005
2020-10-19 00:00:00+00:00,1402589376.0000005
2020-10-20 00:00:00+00:00,1398134016.0000005
2020-10-21 00:00:00+00:00,1397143936.0000005
2020-10-22 00:00:00+00:00,1404074496.0000005
2020-10-23 00:00:00+00:00,1402589376.0000005
2020-10-26 00:00:00+00:00,1403826976.0000005
2020-10-27 00:00:00+00:00,1405312096.0000005
2020-10-28 00:00:00+00:00,1406797216.0000005
2020-10-29 00:00:00+00:00,1394668736.0000005
2020-10-30 00:00:00+00:00,1393678656.0000005
2020-11-02 00:00:00+00:00,1408777376.0000005
2020-11-03 00:00:00+00:00,1413787136.0000005
2020-11-04 00:00:00+00:00,1415189868.8000004
2020-11-05 00:00:00+00:00,1418596505.6000004
2020-11-06 00:00:00+00:00,1409979718.4000006
2020-11-09 00:00:00+00:00,1410580889.6000004
2020-11-10 00:00:00+00:00,1414588697.6000004
2020-11-11 00:00:00+00:00,1418396115.2000005
2020-11-12 00:00:00+00:00,1409779328.0000005
2020-11-13 00:00:00+00:00,1408977766.4000006
2020-11-16 00:00:00+00:00,1398757856.0000005
2020-11-17 00:00:00+00:00,1401964102.4000006
2020-11-18 00:00:00+00:00,1399158636.8000004
2020-11-19 00:00:00+00:00,1402565273.6000006
2020-11-20 00:00:00+00:00,1403968006.4000006
2020-11-23 00:00:00+00:00,1405170348.8000004
2020-11-24 00:00:00+00:00,1407374643.2000005
2020-11-25 00:00:00+00:00,1412785184.0000005
2020-11-27 00:00:00+00:00,1411783232.0000005
2020-11-30 00:00:00+00:00,1417995334.4000006
2020-12-01 00:00:00+00:00,1417995334.4000006
2020-12-02 00:00:00+00:00,1416191820.8000004
2020-12-03 00:00:00+00:00,1413987526.4000006
2020-12-04 00:00:00+00:00,1419398067.2000005
2020-12-07 00:00:00+00:00,1419197676.8000004
2020-12-08 00:00:00+00:00,1420400019.2000005
2020-12-09 00:00:00+00:00,1408777376.0000005
2020-12-10 00:00:00+00:00,1414989478.4000006
2020-12-11 00:00:00+00:00,1419598457.6000004
2020-12-14 00:00:00+00:00,1425810560.0000005
2020-12-15 00:00:00+00:00,1424007046.4000006
2020-12-16 00:00:00+00:00,1418396115.2000005
2020-12-17 00:00:00+00:00,1414588697.6000004
2020-12-18 00:00:00+00:00,1419398067.2000005
2020-12-21 00:00:00+00:00,1417594553.6000006
2020-12-22 00:00:00+00:00,1417394163.2000005
2020-12-23 00:00:00+00:00,1411582841.6000004
2020-12-24 00:00:00+00:00,1412998824.0000005
2020-12-28 00:00:00+00:00,1414617089.6000004
2020-12-29 00:00:00+00:00,1415830788.8000004
2020-12-30 00:00:00+00:00,1420685585.6000004
2020-12-31 00:00:00+00:00,1424933532.8000004
2021-01-04 00:00:00+00:00,1430395179.2000003
2021-01-05 00:00:00+00:00,1437677374.4000003
2021-01-06 00:00:00+00:00,1440307056.0000005
2021-01-07 00:00:00+00:00,1427158648.0000005
2021-01-08 00:00:00+00:00,1427158648.0000005
2021-01-11 00:00:00+00:00,1428574630.4000003
2021-01-12 00:00:00+00:00,1424326683.2000003
2021-01-13 00:00:00+00:00,1432013444.8000004
2021-01-14 00:00:00+00:00,1448802950.4000003
2021-01-15 00:00:00+00:00,1444352720.0000005
2021-01-19 00:00:00+00:00,1437272808.0000005
2021-01-20 00:00:00+00:00,1440711622.4000003
2021-01-21 00:00:00+00:00,1436261392.0000005
2021-01-22 00:00:00+00:00,1432620294.4000003
2021-01-25 00:00:00+00:00,1429990612.8000004
2021-01-26 00:00:00+00:00,1429990612.8000004
2021-01-27 00:00:00+00:00,1431204312.0000005
2021-01-28 00:00:00+00:00,1426956364.8000004
2021-01-29 00:00:00+00:00,1431811161.6000004
2021-02-01 00:00:00+00:00,1438284224.0000002
2021-02-02 00:00:00+00:00,1441116188.8000004
2021-02-03 00:00:00+00:00,1436059108.8000004
2021-02-04 00:00:00+00:00,1436261392.0000005
2021-02-05 00:00:00+00:00,1443745870.4000003
2021-02-08 00:00:00+00:00,1440711622.4000003
2021-02-09 00:00:00+00:00,1444150436.8000004
2021-02-10 00:00:00+00:00,1449612083.2000003
2021-02-11 00:00:00+00:00,1431002028.8000004
2021-02-12 00:00:00+00:00,1427967780.8000004
2021-02-16 00:00:00+00:00,1433631710.4000003
2021-02-17 00:00:00+00:00,1437475091.2000003
2021-02-18 00:00:00+00:00,1447184684.8000004
2021-02-19 00:00:00+00:00,1453253180.8000004
2021-02-22 00:00:00+00:00,1464378756.8000004
2021-02-23 00:00:00+00:00,1455680579.2000005
2021-02-24 00:00:00+00:00,1452858716.8000004
2021-02-25 00:00:00+00:00,1458678808.0000005
2021-02-26 00:00:00+00:00,1465557097.6000006
2021-03-01 00:00:00+00:00,1469789891.2000005
2021-03-02 00:00:00+00:00,1465909830.4000006
2021-03-03 00:00:00+00:00,1471024456.0000005
2021-03-04 00:00:00+00:00,1468908059.2000005
2021-03-05 00:00:00+00:00,1466438929.6000006
2021-03-08 00:00:00+00:00,1469966257.6000006
2021-03-09 00:00:00+00:00,1475257249.6000006
2021-03-10 00:00:00+00:00,1474199051.2000005
2021-03-11 00:00:00+00:00,1467144395.2000005
2021-03-12 00:00:00+00:00,1471200822.4000006
2021-03-15 00:00:00+00:00,1471377188.8000004
2021-03-16 00:00:00+00:00,1468202593.6000006
2021-03-17 00:00:00+00:00,1473669952.0000005
2021-03-18 00:00:00+00:00,1475433616.0000005
2021-03-19 00:00:00+00:00,1477726379.2000005
2021-03-22 00:00:00+00:00,1481782806.4000006
2021-03-23 00:00:00+00:00,1483546470.4000006
2021-03-24 00:00:00+00:00,1480019142.4000006
2021-03-25 00:00:00+00:00,1489542928.0000005
2021-03-26 00:00:00+00:00,1487779264.0000005
2021-03-29 00:00:00+00:00,1492541156.8000007
2021-03-30 00:00:00+00:00,1492541156.8000007
2021-03-31 00:00:00+00:00,1495186652.8000007
2021-04-01 00:00:00+00:00,1496244851.2000005
2021-04-05 00:00:00+00:00,1493952088.0000005
2021-04-06 00:00:00+00:00,1488308363.2000005
2021-04-07 00:00:00+00:00,1488661096.0000005
2021-04-08 00:00:00+00:00,1487955630.4000006
2021-04-09 00:00:00+00:00,1483017371.2000005
2021-04-12 00:00:00+00:00,1484957401.6000006
2021-04-13 00:00:00+00:00,1483546470.4000006
2021-04-14 00:00:00+00:00,1475609982.4000006
2021-04-15 00:00:00+00:00,1468026227.2000005
2021-04-16 00:00:00+00:00,1463440700.8000004
2021-04-19 00:00:00+00:00,1456922972.8000004
2021-04-20 00:00:00+00:00,1466156420.8000004
2021-04-21 00:00:00+00:00,1469234236.8000004
2021-04-22 00:00:00+00:00,1469053188.8000004
2021-04-23 00:00:00+00:00,1469053188.8000004
2021-04-26 00:00:00+00:00,1472855196.8000004
2021-04-27 00:00:00+00:00,1484804364.8000004
2021-04-28 00:00:00+00:00,1473760436.8000004
2021-04-29 00:00:00+00:00,1469958428.8000004
2021-04-30 00:00:00+00:00,1470863668.8000004
2021-05-03 00:00:00+00:00,1466337468.8000004
2021-05-04 00:00:00+00:00,1473398340.8000004
2021-05-05 00:00:00+00:00,1480821308.8000004
2021-05-06 00:00:00+00:00,1481183404.8000004
2021-05-07 00:00:00+00:00,1480097116.8000004
2021-05-10 00:00:00+00:00,1480097116.8000004
2021-05-11 00:00:00+00:00,1491141044.8000004
2021-05-12 00:00:00+00:00,1486433796.8000004
2021-05-13 00:00:00+00:00,1473217292.8000004
2021-05-14 00:00:00+00:00,1470501572.8000004
2021-05-17 00:00:00+00:00,1471044716.8000004
2021-05-18 00:00:00+00:00,1475027772.8000004
2021-05-19 00:00:00+00:00,1470320524.8000004
2021-05-20 00:00:00+00:00,1471949956.8000004
2021-05-21 00:00:00+00:00,1465251180.8000004
2021-05-24 00:00:00+00:00,1468147948.8000004
2021-05-25 00:00:00+00:00,1471949956.8000004
2021-05-26 00:00:00+00:00,1467242708.8000004
2021-05-27 00:00:00+00:00,1473398340.8000004
2021-05-28 00:00:00+00:00,1477743492.8000004
2021-06-01 00:00:00+00:00,1483718076.8000004
2021-06-02 00:00:00+00:00,1483537028.8000004
2021-06-03 00:00:00+00:00,1479010828.8000004
2021-06-04 00:00:00+00:00,1484080172.8000004
2021-06-07 00:00:00+00:00,1478105588.8000004
2021-06-08 00:00:00+00:00,1484080172.8000004
2021-06-09 00:00:00+00:00,1484442268.8000004
2021-06-10 00:00:00+00:00,1484442268.8000004
2021-06-11 00:00:00+00:00,1483355980.8000004
2021-06-14 00:00:00+00:00,1478286636.8000004
2021-06-15 00:00:00+00:00,1474846724.8000004
2021-06-16 00:00:00+00:00,1474846724.8000004
2021-06-17 00:00:00+00:00,1465975372.8000004
2021-06-18 00:00:00+00:00,1465070132.8000004
2021-06-21 00:00:00+00:00,1472493100.8000004
2021-06-22 00:00:00+00:00,1466518516.8000004
2021-06-23 00:00:00+00:00,1471406812.8000004
2021-06-24 00:00:00+00:00,1475570916.8000004
2021-06-25 00:00:00+00:00,1476838252.8000004
2021-06-28 00:00:00+00:00,1482269692.8000004
2021-06-29 00:00:00+00:00,1481002356.8000004
2021-06-30 00:00:00+00:00,1487339036.8000004
2021-07-01 00:00:00+00:00,1488244276.8000004
2021-07-02 00:00:00+00:00,1492046284.8000004
2021-07-06 00:00:00+00:00,1486976940.8000004
2021-07-07 00:00:00+00:00,1484804364.8000004
2021-07-08 00:00:00+00:00,1479372924.8000004
2021-07-09 00:00:00+00:00,1476295108.8000004
2021-07-12 00:00:00+00:00,1471044716.8000004
2021-07-13 00:00:00+00:00,1472674148.8000004
2021-07-14 00:00:00+00:00,1469958428.8000004
2021-07-15 00:00:00+00:00,1477200348.8000004
2021-07-16 00:00:00+00:00,1484080172.8000004
2021-07-19 00:00:00+00:00,1472493100.8000004
2021-07-20 00:00:00+00:00,1478648732.8000004
2021-07-21 00:00:00+00:00,1483355980.8000004
2021-07-22 00:00:00+00:00,1482450740.8000004
2021-07-23 00:00:00+00:00,1492408380.8000004
2021-07-26 00:00:00+00:00,1496934580.8000004
2021-07-27 00:00:00+00:00,1495667244.8000004
2021-07-28 00:00:00+00:00,1500374492.8000004
2021-07-29 00:00:00+00:00,1494762004.8000004
2021-07-30 00:00:00+00:00,1487701132.8000004
2021-08-02 00:00:00+00:00,1488425324.8000004
2021-08-03 00:00:00+00:00,1488968468.8000004
2021-08-04 00:00:00+00:00,1488063228.8000004
2021-08-05 00:00:00+00:00,1500555540.8000004
2021-08-06 00:00:00+00:00,1501641828.8000004
2021-08-09 00:00:00+00:00,1497839820.8000004
2021-08-10 00:00:00+00:00,1518117196.8000004
2021-08-11 00:00:00+00:00,1515944620.8000004
2021-08-12 00:00:00+00:00,1517211956.8000004
2021-08-13 00:00:00+00:00,1524634924.8000004
2021-08-16 00:00:00+00:00,1526083308.8000004
2021-08-17 00:00:00+00:00,1525902260.8000004
2021-08-18 00:00:00+00:00,1523654588.8000004
2021-08-19 00:00:00+00:00,1529348691.2000005
2021-08-20 00:00:00+00:00,1532495432.0000005
2021-08-23 00:00:00+00:00,1532495432.0000005
2021-08-24 00:00:00+00:00,1532495432.0000005
2021-08-25 00:00:00+00:00,1530247760.0000005
2021-08-26 00:00:00+00:00,1530996984.0000005
2021-08-27 00:00:00+00:00,1525602571.2000005
2021-08-30 00:00:00+00:00,1522905364.8000004
2021-08-31 00:00:00+00:00,1528599467.2000005
2021-09-01 00:00:00+00:00,1531146828.8000004
2021-09-02 00:00:00+00:00,1527700398.4000003
2021-09-03 00:00:00+00:00,1531896052.8000004
2021-09-07 00:00:00+00:00,1533993880.0000005
2021-09-08 00:00:00+00:00,1533844035.2000005
2021-09-09 00:00:00+00:00,1537590155.2000005
2021-09-10 00:00:00+00:00,1533544345.6000004
2021-09-13 00:00:00+00:00,1530847139.2000003
2021-09-14 00:00:00+00:00,1531296673.6000004
2021-09-15 00:00:00+00:00,1522305985.6000004
2021-09-16 00:00:00+00:00,1524253968.0000005
2021-09-17 00:00:00+00:00,1528299777.6000004
2021-09-20 00:00:00+00:00,1532345587.2000005
2021-09-21 00:00:00+00:00,1529948070.4000003
2021-09-22 00:00:00+00:00,1525153036.8000004
2021-09-23 00:00:00+00:00,1521856451.2000005
2021-09-24 00:00:00+00:00,1527250864.0000005
2021-09-27 00:00:00+00:00,1530996984.0000005
2021-09-28 00:00:00+00:00,1528599467.2000005
2021-09-29 00:00:00+00:00,1530397604.8000004
2021-09-30 00:00:00+00:00,1521107227.2000005
2021-10-01 00:00:00+00:00,1525302881.6000004
2021-10-04 00:00:00+00:00,1530847139.2000003
2021-10-05 00:00:00+00:00,1528449622.4000003
2021-10-06 00:00:00+00:00,1529648380.8000004
2021-10-07 00:00:00+00:00,1528599467.2000005
2021-10-08 00:00:00+00:00,1521856451.2000005
2021-10-11 00:00:00+00:00,1521257072.0000005
2021-10-12 00:00:00+00:00,1525153036.8000004
2021-10-13 00:00:00+00:00,1528299777.6000004
2021-10-14 00:00:00+00:00,1532345587.2000005
2021-10-15 00:00:00+00:00,1529198846.4000003
2021-10-18 00:00:00+00:00,1535941862.4000003
2021-10-19 00:00:00+00:00,1543134412.8000004
2021-10-20 00:00:00+00:00,1541635964.8000004
2021-10-21 00:00:00+00:00,1542085499.2000003
2021-10-22 00:00:00+00:00,1539987672.0000005
2021-10-25 00:00:00+00:00,1535342483.2000005
2021-10-26 00:00:00+00:00,1531296673.6000004
2021-10-27 00:00:00+00:00,1530697294.4000003
2021-10-28 00:00:00+00:00,1531896052.8000004
2021-10-29 00:00:00+00:00,1537140620.8000004
2021-11-01 00:00:00+00:00,1535642172.8000004
2021-11-02 00:00:00+00:00,1533094811.2000005
2021-11-03 00:00:00+00:00,1535492328.0000005
2021-11-04 00:00:00+00:00,1531746208.0000005
2021-11-05 00:00:00+00:00,1527101019.2000003
2021-11-08 00:00:00+00:00,1527400708.8000004
2021-11-09 00:00:00+00:00,1527700398.4000003
2021-11-10 00:00:00+00:00,1532195742.4000003
2021-11-11 00:00:00+00:00,1524403812.8000004
2021-11-12 00:00:00+00:00,1526052105.6000004
2021-11-15 00:00:00+00:00,1530097915.2000005
2021-11-16 00:00:00+00:00,1526351795.2000005
2021-11-17 00:00:00+00:00,1519908468.8000004
2021-11-18 00:00:00+00:00,1523504744.0000005
2021-11-19 00:00:00+00:00,1526351795.2000005
2021-11-22 00:00:00+00:00,1529798225.6000004
2021-11-23 00:00:00+00:00,1524553657.6000004
2021-11-24 00:00:00+00:00,1527250864.0000005
2021-11-26 00:00:00+00:00,1535941862.4000003
2021-11-29 00:00:00+00:00,1538339379.2000003
2021-11-30 00:00:00+00:00,1547180222.4000003
2021-12-01 00:00:00+00:00,1547180222.4000003
2021-12-02 00:00:00+00:00,1546880532.8000004
2021-12-03 00:00:00+00:00,1544932550.4000003
2021-12-06 00:00:00+00:00,1538788913.6000004
2021-12-07 00:00:00+00:00,1533993880.0000005
2021-12-08 00:00:00+00:00,1528899156.8000004
2021-12-09 00:00:00+00:00,1530847139.2000003
2021-12-10 00:00:00+00:00,1530547449.6000004
2021-12-13 00:00:00+00:00,1531596363.2000005
2021-12-14 00:00:00+00:00,1531446518.4000003
2021-12-15 00:00:00+00:00,1536840931.2000005
2021-12-16 00:00:00+00:00,1535192638.4000003
2021-12-17 00:00:00+00:00,1539538137.6000004
2021-12-20 00:00:00+00:00,1547330067.2000005
2021-12-21 00:00:00+00:00,1549750611.2000005
2021-12-22 00:00:00+00:00,1558141830.4000006
2021-12-23 00:00:00+00:00,1557819091.2000005
2021-12-27 00:00:00+00:00,1557334982.4000006
2021-12-28 00:00:00+00:00,1553300742.4000006
2021-12-29 00:00:00+00:00,1555559916.8000007
2021-12-30 00:00:00+00:00,1550396089.6000006
2021-12-31 00:00:00+00:00,1552009785.6000006
2022-01-03 00:00:00+00:00,1549750611.2000005
2022-01-04 00:00:00+00:00,1549911980.8000004
2022-01-05 00:00:00+00:00,1543295827.2000005
2022-01-06 00:00:00+00:00,1540875283.2000005
2022-01-07 00:00:00+00:00,1538616108.8000004
2022-01-10 00:00:00+00:00,1535065977.6000004
2022-01-11 00:00:00+00:00,1539584326.4000006
2022-01-12 00:00:00+00:00,1543295827.2000005
2022-01-13 00:00:00+00:00,1539261587.2000005
2022-01-14 00:00:00+00:00,1542811718.4000006
2022-01-18 00:00:00+00:00,1548459654.4000006
2022-01-19 00:00:00+00:00,1555075808.0000005
2022-01-20 00:00:00+00:00,1552816633.6000006
2022-01-21 00:00:00+00:00,1552332524.8000004
2022-01-24 00:00:00+00:00,1550880198.4000006
2022-01-25 00:00:00+00:00,1550396089.6000006
2022-01-26 00:00:00+00:00,1545716371.2000005
2022-01-27 00:00:00+00:00,1544425414.4000006
2022-01-28 00:00:00+00:00,1541036652.8000004
2022-01-31 00:00:00+00:00,1541359392.0000005
2022-02-01 00:00:00+00:00,1545555001.6000006
2022-02-02 00:00:00+00:00,1536679673.6000006
2022-02-03 00:00:00+00:00,1537647891.2000005
2022-02-04 00:00:00+00:00,1541520761.6000006
2022-02-07 00:00:00+00:00,1544482870.4000006
2022-02-08 00:00:00+00:00,1543989185.6000006
2022-02-09 00:00:00+00:00,1537406721.6000006
2022-02-10 00:00:00+00:00,1540368830.4000006
2022-02-11 00:00:00+00:00,1548432348.8000007
2022-02-14 00:00:00+00:00,1550900772.8000007
2022-02-15 00:00:00+00:00,1552381827.2000005
2022-02-16 00:00:00+00:00,1552546388.8000007
2022-02-17 00:00:00+00:00,1549584280.0000007
2022-02-18 00:00:00+00:00,1551559019.2000005
2022-02-22 00:00:00+00:00,1547115856.0000007
2022-02-23 00:00:00+00:00,1547280417.6000006
2022-02-24 00:00:00+00:00,1546786732.8000007
2022-02-25 00:00:00+00:00,1551888142.4000006
2022-02-28 00:00:00+00:00,1550242526.4000006
2022-03-01 00:00:00+00:00,1539710584.0000007
2022-03-02 00:00:00+00:00,1544617864.0000007
2022-03-03 00:00:00+00:00,1549361568.0000007
2022-03-04 00:00:00+00:00,1556231760.0000007
2022-03-07 00:00:00+00:00,1554923152.0000007
2022-03-08 00:00:00+00:00,1557540368.0000007
2022-03-09 00:00:00+00:00,1549525144.0000007
2022-03-10 00:00:00+00:00,1552142360.0000007
2022-03-11 00:00:00+00:00,1554432424.0000007
2022-03-14 00:00:00+00:00,1552633088.0000007
2022-03-15 00:00:00+00:00,1546090048.0000007
2022-03-16 00:00:00+00:00,1543309256.0000007
2022-03-17 00:00:00+00:00,1545435744.0000007
2022-03-18 00:00:00+00:00,1549361568.0000007
2022-03-21 00:00:00+00:00,1555086728.0000007
2022-03-22 00:00:00+00:00,1552960240.0000007
2022-03-23 00:00:00+00:00,1554432424.0000007
2022-03-24 00:00:00+00:00,1554759576.0000007
2022-03-25 00:00:00+00:00,1560484736.0000007
2022-03-28 00:00:00+00:00,1560157584.0000007
2022-03-29 00:00:00+00:00,1552305936.0000007
2022-03-30 00:00:00+00:00,1558194672.0000007
2022-03-31 00:00:00+00:00,1558521824.0000007
2022-04-01 00:00:00+00:00,1556558912.0000007
2022-04-04 00:00:00+00:00,1560484736.0000007
2022-04-05 00:00:00+00:00,1561139040.0000007
2022-04-06 00:00:00+00:00,1560157584.0000007
2022-04-07 00:00:00+00:00,1564246984.0000007
2022-04-08 00:00:00+00:00,1573570816.0000007
2022-04-11 00:00:00+00:00,1575040592.0000007
2022-04-12 00:00:00+00:00,1576363390.4000008
2022-04-13 00:00:00+00:00,1578127121.6000006
2022-04-14 00:00:00+00:00,1579155964.8000007
2022-04-18 00:00:00+00:00,1576657345.6000006
2022-04-19 00:00:00+00:00,1584447158.4000006
2022-04-20 00:00:00+00:00,1586210889.6000006
2022-04-21 00:00:00+00:00,1582389472.0000007
2022-04-22 00:00:00+00:00,1591208128.0000007
2022-04-25 00:00:00+00:00,1596058388.8000007
2022-04-26 00:00:00+00:00,1595323500.8000007
2022-04-27 00:00:00+00:00,1595764433.6000009
2022-04-28 00:00:00+00:00,1590914172.8000007
2022-04-29 00:00:00+00:00,1592089993.6000009
2022-05-02 00:00:00+00:00,1596499321.6000006
2022-05-03 00:00:00+00:00,1599879806.4000008
2022-05-04 00:00:00+00:00,1599879806.4000008
2022-05-05 00:00:00+00:00,1602457598.4000008
2022-05-06 00:00:00+00:00,1608579854.4000008
2022-05-09 00:00:00+00:00,1600524254.4000008
2022-05-10 00:00:00+00:00,1598590910.4000008
2022-05-11 00:00:00+00:00,1598752022.4000008
2022-05-12 00:00:00+00:00,1600202030.4000008
2022-05-13 00:00:00+00:00,1608740966.4000008
2022-05-16 00:00:00+00:00,1616957678.4000008
2022-05-17 00:00:00+00:00,1622113262.4000008
2022-05-18 00:00:00+00:00,1619374358.4000008
2022-05-19 00:00:00+00:00,1618407686.4000008
2022-05-20 00:00:00+00:00,1621307702.4000008
2022-05-23 00:00:00+00:00,1618407686.4000008
2022-05-24 00:00:00+00:00,1618085462.4000008
2022-05-25 00:00:00+00:00,1616957678.4000008
2022-05-26 00:00:00+00:00,1614702110.4000008
2022-05-27 00:00:00+00:00,1615829894.4000008
2022-05-31 00:00:00+00:00,1612446542.4000008
2022-06-01 00:00:00+00:00,1613090990.4000008
2022-06-02 00:00:00+00:00,1611640982.4000008
2022-06-03 00:00:00+00:00,1610674310.4000008
2022-06-06 00:00:00+00:00,1615024334.4000008
2022-06-07 00:00:00+00:00,1605518726.4000008
2022-06-08 00:00:00+00:00,1605679838.4000008
2022-06-09 00:00:00+00:00,1610674310.4000008
2022-06-10 00:00:00+00:00,1603907606.4000008
2022-06-13 00:00:00+00:00,1601329814.4000008
2022-06-14 00:00:00+00:00,1602779822.4000008
2022-06-15 00:00:00+00:00,1599074246.4000008
2022-06-16 00:00:00+00:00,1600685366.4000008
2022-06-17 00:00:00+00:00,1601652038.4000008
2022-06-21 00:00:00+00:00,1602457598.4000008
2022-06-22 00:00:00+00:00,1597785350.4000008
2022-06-23 00:00:00+00:00,1595690894.4000008
2022-06-24 00:00:00+00:00,1594885334.4000008
2022-06-27 00:00:00+00:00,1594079774.4000008
2022-06-28 00:00:00+00:00,1597946462.4000008
2022-06-29 00:00:00+00:00,1598107574.4000008
2022-06-30 00:00:00+00:00,1597946462.4000008
2022-07-01 00:00:00+00:00,1591018646.4000008
2022-07-05 00:00:00+00:00,1586668622.4000008
2022-07-06 00:00:00+00:00,1589729750.4000008
2022-07-07 00:00:00+00:00,1598268686.4000008
2022-07-08 00:00:00+00:00,1606324286.4000008
2022-07-11 00:00:00+00:00,1603746494.4000008
2022-07-12 00:00:00+00:00,1601007590.4000008
2022-07-13 00:00:00+00:00,1608257630.4000008
2022-07-14 00:00:00+00:00,1605518726.4000008
2022-07-15 00:00:00+00:00,1610029862.4000008
2022-07-18 00:00:00+00:00,1612607654.4000008
2022-07-19 00:00:00+00:00,1603424270.4000008
2022-07-20 00:00:00+00:00,1600685366.4000008
2022-07-21 00:00:00+00:00,1595529782.4000008
2022-07-22 00:00:00+00:00,1588118630.4000008
2022-07-25 00:00:00+00:00,1581351926.4000008
2022-07-26 00:00:00+00:00,1581351926.4000008
2022-07-27 00:00:00+00:00,1580224142.4000008
2022-07-28 00:00:00+00:00,1585379726.4000008
2022-07-29 00:00:00+00:00,1582479710.4000008
2022-08-01 00:00:00+00:00,1583446382.4000008
2022-08-02 00:00:00+00:00,1584896390.4000008
2022-08-03 00:00:00+00:00,1586185286.4000008
2022-08-04 00:00:00+00:00,1582640822.4000008
2022-08-05 00:00:00+00:00,1588924190.4000008
2022-08-08 00:00:00+00:00,1589246414.4000008
2022-08-09 00:00:00+00:00,1589568638.4000008
2022-08-10 00:00:00+00:00,1594401998.4000008
2022-08-11 00:00:00+00:00,1597785350.4000008
2022-08-12 00:00:00+00:00,1599557582.4000008
2022-08-15 00:00:00+00:00,1598590910.4000008
2022-08-16 00:00:00+00:00,1594240886.4000008
2022-08-17 00:00:00+00:00,1593757550.4000008
2022-08-18 00:00:00+00:00,1586185286.4000008
2022-08-19 00:00:00+00:00,1591340870.4000008
2022-08-22 00:00:00+00:00,1588924190.4000008
2022-08-23 00:00:00+00:00,1588118630.4000008
2022-08-24 00:00:00+00:00,1590535310.4000008
2022-08-25 00:00:00+00:00,1588279742.4000008
2022-08-26 00:00:00+00:00,1597463126.4000008
2022-08-29 00:00:00+00:00,1596979790.4000008
2022-08-30 00:00:00+00:00,1591501982.4000008
2022-08-31 00:00:00+00:00,1588118630.4000008
2022-09-01 00:00:00+00:00,1589729750.4000008
2022-09-02 00:00:00+00:00,1592307542.4000008
2022-09-06 00:00:00+00:00,1589568638.4000008
2022-09-07 00:00:00+00:00,1590696422.4000008
2022-09-08 00:00:00+00:00,1588763078.4000008
2022-09-09 00:00:00+00:00,1593435326.4000008
2022-09-12 00:00:00+00:00,1595529782.4000008
2022-09-13 00:00:00+00:00,1601578779.2000008
2022-09-14 00:00:00+00:00,1601742265.6000009
2022-09-15 00:00:00+00:00,1603213643.2000008
2022-09-16 00:00:00+00:00,1608445208.000001
2022-09-19 00:00:00+00:00,1611551449.6000009
2022-09-20 00:00:00+00:00,1604521534.4000008
2022-09-21 00:00:00+00:00,1604358048.000001
2022-09-22 00:00:00+00:00,1601251806.4000008
2022-09-23 00:00:00+00:00,1607137316.800001
2022-09-26 00:00:00+00:00,1607464289.6000009
2022-09-27 00:00:00+00:00,1607954748.800001
2022-09-28 00:00:00+00:00,1605992912.0000007
2022-09-29 00:00:00+00:00,1605011993.6000009
2022-09-30 00:00:00+00:00,1606483371.2000008
2022-10-03 00:00:00+00:00,1610734017.6000009
2022-10-04 00:00:00+00:00,1602723184.0000007
2022-10-05 00:00:00+00:00,1602069238.4000008
2022-10-06 00:00:00+00:00,1593731432.0000007
2022-10-07 00:00:00+00:00,1590134731.2000008
2022-10-10 00:00:00+00:00,1591279136.000001
2022-10-11 00:00:00+00:00,1589153812.800001
2022-10-12 00:00:00+00:00,1590134731.2000008
2022-10-13 00:00:00+00:00,1588009408.000001
2022-10-14 00:00:00+00:00,1587518948.800001
2022-10-17 00:00:00+00:00,1588663353.6000009
2022-10-18 00:00:00+00:00,1590298217.6000009
2022-10-19 00:00:00+00:00,1590625190.4000008
2022-10-20 00:00:00+00:00,1594875836.800001
2022-10-21 00:00:00+00:00,1595039323.2000008
2022-10-24 00:00:00+00:00,1599126483.2000008
2022-10-25 00:00:00+00:00,1599453456.000001
2022-10-26 00:00:00+00:00,1603540616.000001
2022-10-27 00:00:00+00:00,1605992912.0000007
2022-10-28 00:00:00+00:00,1608118235.2000008
2022-10-31 00:00:00+00:00,1601742265.6000009
2022-11-01 00:00:00+00:00,1594221891.2000008
2022-11-02 00:00:00+00:00,1593567945.6000009
2022-11-03 00:00:00+00:00,1593567945.6000009
2022-11-04 00:00:00+00:00,1589644272.0000007
2022-11-07 00:00:00+00:00,1590134731.2000008
2022-11-08 00:00:00+00:00,1584903166.4000008
2022-11-09 00:00:00+00:00,1578690683.2000008
2022-11-10 00:00:00+00:00,1578200224.0000007
2022-11-11 00:00:00+00:00,1574440036.800001
2022-11-14 00:00:00+00:00,1571333795.2000008
2022-11-15 00:00:00+00:00,1563813420.800001
2022-11-16 00:00:00+00:00,1564140393.6000009
2022-11-17 00:00:00+00:00,1572968659.2000008
2022-11-18 00:00:00+00:00,1567737094.4000008
2022-11-21 00:00:00+00:00,1570843336.000001
2022-11-22 00:00:00+00:00,1572805172.800001
2022-11-23 00:00:00+00:00,1575911414.4000008
2022-11-25 00:00:00+00:00,1579508115.2000008
2022-11-28 00:00:00+00:00,1578690683.2000008
2022-11-29 00:00:00+00:00,1576238387.2000008
2022-11-30 00:00:00+00:00,1574603523.2000008
2022-12-01 00:00:00+00:00,1574767009.6000009
2022-12-02 00:00:00+00:00,1577055819.2000008
2022-12-05 00:00:00+00:00,1575911414.4000008
2022-12-06 00:00:00+00:00,1578527196.800001
2022-12-07 00:00:00+00:00,1579919648.000001
2022-12-08 00:00:00+00:00,1583013984.000001
2022-12-09 00:00:00+00:00,1581776249.6000009
2022-12-12 00:00:00+00:00,1578372480.000001
2022-12-13 00:00:00+00:00,1584251718.4000008
2022-12-14 00:00:00+00:00,1592451708.800001
2022-12-15 00:00:00+00:00,1587655488.000001
2022-12-16 00:00:00+00:00,1589357372.800001
2022-12-19 00:00:00+00:00,1590130956.800001
2022-12-20 00:00:00+00:00,1596938496.000001
2022-12-21 00:00:00+00:00,1599568681.6000009
2022-12-22 00:00:00+00:00,1601734716.800001
2022-12-23 00:00:00+00:00,1603127168.000001
2022-12-27 00:00:00+00:00,1592915859.200001
2022-12-28 00:00:00+00:00,1590440390.4000008
2022-12-29 00:00:00+00:00,1592451708.800001
2022-12-30 00:00:00+00:00,1588583788.800001
2023-01-03 00:00:00+00:00,1583323417.6000009
2023-01-04 00:00:00+00:00,1580847948.800001
2023-01-05 00:00:00+00:00,1577753612.800001
2023-01-06 00:00:00+00:00,1571874374.4000008
2023-01-09 00:00:00+00:00,1575123427.200001
2023-01-10 00:00:00+00:00,1582395116.800001
2023-01-11 00:00:00+00:00,1582549833.6000009
2023-01-12 00:00:00+00:00,1581621532.800001
2023-01-13 00:00:00+00:00,1583787568.000001
2023-01-17 00:00:00+00:00,1590130956.800001
2023-01-18 00:00:00+00:00,1585180019.200001
2023-01-19 00:00:00+00:00,1583013984.000001
2023-01-20 00:00:00+00:00,1583632851.2000008
2023-01-23 00:00:00+00:00,1583323417.6000009
2023-01-24 00:00:00+00:00,1586108320.000001
2023-01-25 00:00:00+00:00,1589666806.4000008
2023-01-26 00:00:00+00:00,1598485664.000001
2023-01-27 00:00:00+00:00,1602817734.4000008
2023-01-30 00:00:00+00:00,1606685654.4000008
2023-01-31 00:00:00+00:00,1615195078.4000008
2023-02-01 00:00:00+00:00,1609161123.200001
2023-02-02 00:00:00+00:00,1613647910.4000008
2023-02-03 00:00:00+00:00,1607149804.800001
2023-02-06 00:00:00+00:00,1598176230.4000008
2023-02-07 00:00:00+00:00,1600961132.800001
2023-02-08 00:00:00+00:00,1606530937.6000009
2023-02-09 00:00:00+00:00,1610398857.6000009
2023-02-10 00:00:00+00:00,1588583788.800001
2023-02-13 00:00:00+00:00,1583013984.000001
2023-02-14 00:00:00+00:00,1587964921.6000009
2023-02-15 00:00:00+00:00,1583632851.2000008
2023-02-16 00:00:00+00:00,1584406435.200001
2023-02-17 00:00:00+00:00,1584870585.6000009
2023-02-21 00:00:00+00:00,1586881904.000001
2023-02-22 00:00:00+00:00,1586417753.6000009
2023-02-23 00:00:00+00:00,1593225292.800001
2023-02-24 00:00:00+00:00,1582859267.200001
2023-02-27 00:00:00+00:00,1592451708.800001
2023-02-28 00:00:00+00:00,1589047939.200001
2023-03-01 00:00:00+00:00,1596783779.200001
2023-03-02 00:00:00+00:00,1592761142.4000008
2023-03-03 00:00:00+00:00,1602198867.200001
2023-03-06 00:00:00+00:00,1601425283.200001
2023-03-07 00:00:00+00:00,1603746035.200001
2023-03-08 00:00:00+00:00,1601580000.000001
2023-03-09 00:00:00+00:00,1605757353.6000009
2023-03-10 00:00:00+00:00,1605912070.4000008
2023-03-13 00:00:00+00:00,1600342265.6000009
2023-03-14 00:00:00+00:00,1598485664.000001
2023-03-15 00:00:00+00:00,1595700761.6000009
2023-03-16 00:00:00+00:00,1599723398.4000008
2023-03-17 00:00:00+00:00,1598330947.200001
2023-03-20 00:00:00+00:00,1595391328.000001
2023-03-21 00:00:00+00:00,1600342265.6000009
2023-03-22 00:00:00+00:00,1605602636.800001
2023-03-23 00:00:00+00:00,1601734716.800001
2023-03-24 00:00:00+00:00,1600651699.200001
2023-03-27 00:00:00+00:00,1602353584.000001
2023-03-28 00:00:00+00:00,1608232822.4000008
2023-03-29 00:00:00+00:00,1607304521.6000009
2023-03-30 00:00:00+00:00,1618289414.4000008
2023-03-31 00:00:00+00:00,1622776201.6000009
2023-04-03 00:00:00+00:00,1625096953.6000009
2023-04-04 00:00:00+00:00,1626179971.2000008
2023-04-05 00:00:00+00:00,1633606377.6000009
2023-04-06 00:00:00+00:00,1643817686.4000008
2023-04-10 00:00:00+00:00,1643044102.4000008
2023-04-11 00:00:00+00:00,1655576163.200001
2023-04-12 00:00:00+00:00,1650625225.6000009
2023-04-13 00:00:00+00:00,1640413916.800001
2023-04-14 00:00:00+00:00,1641496934.4000008
2023-04-17 00:00:00+00:00,1646757305.6000009
2023-04-18 00:00:00+00:00,1648923340.800001
2023-04-19 00:00:00+00:00,1647530889.6000009
2023-04-20 00:00:00+00:00,1661300684.800001
2023-04-21 00:00:00+00:00,1655112012.800001
2023-04-24 00:00:00+00:00,1670274259.200001
2023-04-25 00:00:00+00:00,1680330851.2000008
2023-04-26 00:00:00+00:00,1677391232.000001
2023-04-27 00:00:00+00:00,1686210089.6000009
2023-04-28 00:00:00+00:00,1686210089.6000009
2023-05-01 00:00:00+00:00,1673678028.800001
2023-05-02 00:00:00+00:00,1667489356.800001
2023-05-03 00:00:00+00:00,1667953507.200001
2023-05-04 00:00:00+00:00,1673368595.200001
2023-05-05 00:00:00+00:00,1685745939.200001
2023-05-08 00:00:00+00:00,1682187452.800001
2023-05-09 00:00:00+00:00,1683734620.800001
2023-05-10 00:00:00+00:00,1691006310.4000008
2023-05-11 00:00:00+00:00,1681104435.200001
2023-05-12 00:00:00+00:00,1684198771.2000008
2023-05-15 00:00:00+00:00,1685281788.800001
2023-05-16 00:00:00+00:00,1681878019.200001
2023-05-17 00:00:00+00:00,1679402550.4000008
2023-05-18 00:00:00+00:00,1674761046.4000008
2023-05-19 00:00:00+00:00,1677391232.000001
2023-05-22 00:00:00+00:00,1680640284.800001
2023-05-23 00:00:00+00:00,1677855382.4000008
2023-05-24 00:00:00+00:00,1672904444.800001
2023-05-25 00:00:00+00:00,1662693136.000001
2023-05-26 00:00:00+00:00,1671047843.200001
2023-05-30 00:00:00+00:00,1670428976.000001
2023-05-31 00:00:00+00:00,1666251622.4000008
2023-06-01 00:00:00+00:00,1663466720.000001
2023-06-02 00:00:00+00:00,1661145968.000001
2023-06-05 00:00:00+00:00,1656040313.6000009
2023-06-06 00:00:00+00:00,1658825216.000001
2023-06-07 00:00:00+00:00,1657587481.6000009
2023-06-08 00:00:00+00:00,1672749728.000001
2023-06-09 00:00:00+00:00,1671202560.000001
2023-06-12 00:00:00+00:00,1672595011.2000008
2023-06-13 00:00:00+00:00,1661764835.200001
2023-06-14 00:00:00+00:00,1671047843.200001
2023-06-15 00:00:00+00:00,1675070480.000001
2023-06-16 00:00:00+00:00,1682187452.800001
2023-06-20 00:00:00+00:00,1681259152.000001
2023-06-21 00:00:00+00:00,1678474249.6000009
2023-06-22 00:00:00+00:00,1664859171.2000008
2023-06-23 00:00:00+00:00,1673028854.4000008
2023-06-26 00:00:00+00:00,1680597825.6000009
2023-06-27 00:00:00+00:00,1688767508.8000007
2023-06-28 00:00:00+00:00,1693332920.0000007
2023-06-29 00:00:00+00:00,1699580324.8000007
2023-06-30 00:00:00+00:00,1691050214.4000008
2023-07-03 00:00:00+00:00,1684682667.2000008
2023-07-05 00:00:00+00:00,1682159676.8000007
2023-07-06 00:00:00+00:00,1685523664.0000007
2023-07-07 00:00:00+00:00,1682159676.8000007
2023-07-10 00:00:00+00:00,1683240958.4000008
2023-07-11 00:00:00+00:00,1682159676.8000007
2023-07-12 00:00:00+00:00,1677594265.6000009
2023-07-13 00:00:00+00:00,1676392841.6000006
2023-07-14 00:00:00+00:00,1672668427.2000008
2023-07-17 00:00:00+00:00,1678915832.0000007
2023-07-18 00:00:00+00:00,1678194977.6000009
2023-07-19 00:00:00+00:00,1673989993.6000009
2023-07-20 00:00:00+00:00,1668463443.2000008
2023-07-21 00:00:00+00:00,1664378601.6000006
2023-07-24 00:00:00+00:00,1665459883.2000008
2023-07-25 00:00:00+00:00,1668223158.4000008
2023-07-26 00:00:00+00:00,1671827430.4000008
2023-07-27 00:00:00+00:00,1671346860.8000007
2023-07-28 00:00:00+00:00,1677474123.2000008
2023-07-31 00:00:00+00:00,1675191417.6000009
2023-08-01 00:00:00+00:00,1671827430.4000008
2023-08-02 00:00:00+00:00,1674110136.0000007
2023-08-03 00:00:00+00:00,1676272699.2000008
2023-08-04 00:00:00+00:00,1680237398.4000008
2023-08-07 00:00:00+00:00,1679636686.4000008
2023-08-08 00:00:00+00:00,1683120816.0000007
2023-08-09 00:00:00+00:00,1679997113.6000009
2023-08-10 00:00:00+00:00,1677113696.0000007
2023-08-11 00:00:00+00:00,1672548284.8000007
2023-08-14 00:00:00+00:00,1675912272.0000007
2023-08-15 00:00:00+00:00,1679276259.2000008
2023-08-16 00:00:00+00:00,1674230278.4000008
2023-08-17 00:00:00+00:00,1676512984.0000007
2023-08-18 00:00:00+00:00,1673513176.0000007
2023-08-21 00:00:00+00:00,1669013464.0000007
2023-08-22 00:00:00+00:00,1669013464.0000007
2023-08-23 00:00:00+00:00,1674638104.0000007
2023-08-24 00:00:00+00:00,1680137752.0000007
2023-08-25 00:00:00+00:00,1686887320.0000007
2023-08-28 00:00:00+00:00,1696136728.0000007
2023-08-29 00:00:00+00:00,1694636824.0000007
2023-08-30 00:00:00+00:00,1693261912.0000007
2023-08-31 00:00:00+00:00,1689762136.0000007
2023-09-01 00:00:00+00:00,1699136536.0000007
2023-09-05 00:00:00+00:00,1709635864.0000007
2023-09-06 00:00:00+00:00,1704261208.0000007
2023-09-07 00:00:00+00:00,1710010840.0000007
2023-09-08 00:00:00+00:00,1705386136.0000007
2023-09-11 00:00:00+00:00,1706511064.0000007
2023-09-12 00:00:00+00:00,1711885720.0000007
2023-09-13 00:00:00+00:00,1711635736.0000007
2023-09-14 00:00:00+00:00,1716760408.0000007
2023-09-15 00:00:00+00:00,1716010456.0000007
2023-09-18 00:00:00+00:00,1718510296.0000007
2023-09-19 00:00:00+00:00,1714562968.0000007
2023-09-20 00:00:00+00:00,1720812904.0000007
2023-09-21 00:00:00+00:00,1719606776.0000007
2023-09-22 00:00:00+00:00,1719387480.0000007
2023-09-25 00:00:00+00:00,1727062840.0000007
2023-09-26 00:00:00+00:00,1730790872.0000007
2023-09-27 00:00:00+00:00,1729365448.0000007
2023-09-28 00:00:00+00:00,1722896216.0000007
2023-09-29 00:00:00+00:00,1728159320.0000007
2023-10-02 00:00:00+00:00,1729584744.0000007
2023-10-03 00:00:00+00:00,1737040808.0000007
2023-10-04 00:00:00+00:00,1734189960.0000007
2023-10-05 00:00:00+00:00,1731668056.0000007
2023-10-06 00:00:00+00:00,1725308472.0000007
2023-10-09 00:00:00+00:00,1720483960.0000007
2023-10-10 00:00:00+00:00,1721909384.0000007
2023-10-11 00:00:00+00:00,1729036504.0000007
2023-10-12 00:00:00+00:00,1729584744.0000007
2023-10-13 00:00:00+00:00,1722128680.0000007
2023-10-16 00:00:00+00:00,1721909384.0000007
2023-10-17 00:00:00+00:00,1717084872.0000007
2023-10-18 00:00:00+00:00,1717194520.0000007
2023-10-19 00:00:00+00:00,1719277832.0000007
2023-10-20 00:00:00+00:00,1724102344.0000007
2023-10-23 00:00:00+00:00,1717194520.0000007
2023-10-24 00:00:00+00:00,1716646280.0000007
2023-10-25 00:00:00+00:00,1715549800.0000007
2023-10-26 00:00:00+00:00,1722019032.0000007
2023-10-27 00:00:00+00:00,1725347112.0000007
2023-10-30 00:00:00+00:00,1718801888.0000007
2023-10-31 00:00:00+00:00,1722573712.0000007
2023-11-01 00:00:00+00:00,1727233024.0000007
2023-11-02 00:00:00+00:00,1726900216.0000007
2023-11-03 00:00:00+00:00,1730117360.0000007
2023-11-06 00:00:00+00:00,1732114208.0000007
2023-11-07 00:00:00+00:00,1728120512.0000007
2023-11-08 00:00:00+00:00,1723904944.0000007
2023-11-09 00:00:00+00:00,1730228296.0000007
2023-11-10 00:00:00+00:00,1724792432.0000007
2023-11-13 00:00:00+00:00,1729451744.0000007
2023-11-14 00:00:00+00:00,1735189481.6000006
2023-11-15 00:00:00+00:00,1735514259.2000008
2023-11-16 00:00:00+00:00,1735081222.4000008
2023-11-17 00:00:00+00:00,1735189481.6000006
2023-11-20 00:00:00+00:00,1731075632.0000007
2023-11-21 00:00:00+00:00,1729018707.2000008
2023-11-22 00:00:00+00:00,1734756444.8000007
2023-11-24 00:00:00+00:00,1737354665.6000006
2023-11-27 00:00:00+00:00,1734972963.2000008
2023-11-28 00:00:00+00:00,1737246406.4000008
2023-11-29 00:00:00+00:00,1738653776.0000007
2023-11-30 00:00:00+00:00,1747531030.4000008
2023-12-01 00:00:00+00:00,1757815654.4000008
2023-12-04 00:00:00+00:00,1750020992.0000007
2023-12-05 00:00:00+00:00,1759223024.0000007
2023-12-06 00:00:00+00:00,1780441827.2000008
2023-12-07 00:00:00+00:00,1780117049.6000006
2023-12-08 00:00:00+00:00,1776544496.0000007
2023-12-11 00:00:00+00:00,1786179564.8000007
2023-12-12 00:00:00+00:00,1784880454.4000008
2023-12-13 00:00:00+00:00,1791592524.8000007
2023-12-14 00:00:00+00:00,1789319081.6000006
2023-12-15 00:00:00+00:00,1791376006.4000008
2023-12-18 00:00:00+00:00,1798737632.0000007
2023-12-19 00:00:00+00:00,1797438521.6000006
2023-12-20 00:00:00+00:00,1802959740.8000007
2023-12-21 00:00:00+00:00,1810321366.4000008
2023-12-22 00:00:00+00:00,1806207516.8000007
2023-12-26 00:00:00+00:00,1807181849.6000006
2023-12-27 00:00:00+00:00,1806424035.2000008
2023-12-28 00:00:00+00:00,1793865968.0000007
2023-12-29 00:00:00+00:00,1806640553.6000009
2024-01-02 00:00:00+00:00,1803176259.2000008
2024-01-03 00:00:00+00:00,1803717555.2000008
2024-01-04 00:00:00+00:00,1801227593.6000009
2024-01-05 00:00:00+00:00,1800902816.0000007
2024-01-08 00:00:00+00:00,1809855468.8000007
2024-01-09 00:00:00+00:00,1809287046.4000008
2024-01-10 00:00:00+00:00,1805165984.0000007
2024-01-11 00:00:00+00:00,1810139680.0000007
2024-01-12 00:00:00+00:00,1808008096.0000007
2024-01-16 00:00:00+00:00,1820939705.6000006
2024-01-17 00:00:00+00:00,1818523910.4000008
2024-01-18 00:00:00+00:00,1828329196.8000007
2024-01-19 00:00:00+00:00,1835860793.6000006
2024-01-22 00:00:00+00:00,1834866054.4000008
2024-01-23 00:00:00+00:00,1838418694.4000008
2024-01-24 00:00:00+00:00,1848508192.0000007
2024-01-25 00:00:00+00:00,1842539756.8000007
2024-01-26 00:00:00+00:00,1838702905.6000006
2024-01-29 00:00:00+00:00,1835292371.2000008
2024-01-30 00:00:00+00:00,1840692384.0000007
2024-01-31 00:00:00+00:00,1843818707.2000008
2024-02-01 00:00:00+00:00,1835718688.0000007
2024-02-02 00:00:00+00:00,1840408172.8000007
2024-02-05 00:00:00+00:00,1835292371.2000008
2024-02-06 00:00:00+00:00,1835718688.0000007
2024-02-07 00:00:00+00:00,1840266067.2000008
2024-02-08 00:00:00+00:00,1841687123.2000008
2024-02-09 00:00:00+00:00,1842255545.6000006
2024-02-12 00:00:00+00:00,1835718688.0000007
2024-02-13 00:00:00+00:00,1832023942.4000008
2024-02-14 00:00:00+00:00,1824066028.8000007
2024-02-15 00:00:00+00:00,1816960748.8000007
2024-02-16 00:00:00+00:00,1821934444.8000007
2024-02-20 00:00:00+00:00,1816534432.0000007
2024-02-21 00:00:00+00:00,1817529171.2000008
2024-02-22 00:00:00+00:00,1815966009.6000009
2024-02-23 00:00:00+00:00,1810992313.6000006
2024-02-26 00:00:00+00:00,1815823904.0000007
2024-02-27 00:00:00+00:00,1823213395.2000008
2024-02-28 00:00:00+00:00,1823355500.8000007
2024-02-29 00:00:00+00:00,1809144940.8000007
2024-03-01 00:00:00+00:00,1800618604.8000007
2024-03-04 00:00:00+00:00,1793655430.4000008
2024-03-05 00:00:00+00:00,1797492281.6000006
2024-03-06 00:00:00+00:00,1805734406.4000008
2024-03-07 00:00:00+00:00,1803318611.2000008
2024-03-08 00:00:00+00:00,1801471238.4000008
2024-03-11 00:00:00+00:00,1812839686.4000008
2024-03-12 00:00:00+00:00,1811987052.8000007
2024-03-13 00:00:00+00:00,1812555475.2000008
2024-03-14 00:00:00+00:00,1810281785.6000006
2024-03-15 00:00:00+00:00,1815255481.6000006
2024-03-18 00:00:00+00:00,1815823904.0000007
2024-03-19 00:00:00+00:00,1808434412.8000007
2024-03-20 00:00:00+00:00,1810281785.6000006
2024-03-21 00:00:00+00:00,1814402848.0000007
2024-03-22 00:00:00+00:00,1811418630.4000008
2024-03-25 00:00:00+00:00,1812839686.4000008
2024-03-26 00:00:00+00:00,1819092332.8000007
2024-03-27 00:00:00+00:00,1816250220.8000007
2024-03-28 00:00:00+00:00,1820939705.6000006
2024-04-01 00:00:00+00:00,1823781817.6000006
2024-04-02 00:00:00+00:00,1818097593.6000006
2024-04-03 00:00:00+00:00,1816676537.6000006
2024-04-04 00:00:00+00:00,1818666016.0000007
2024-04-05 00:00:00+00:00,1813408108.8000007
2024-04-08 00:00:00+00:00,1807723884.8000007
2024-04-09 00:00:00+00:00,1809113356.8000007
2024-04-10 00:00:00+00:00,1809530198.4000006
2024-04-11 00:00:00+00:00,1818005977.6000006
2024-04-12 00:00:00+00:00,1823563865.6000006
2024-04-15 00:00:00+00:00,1832317539.2000008
2024-04-16 00:00:00+00:00,1836347008.0000007
2024-04-17 00:00:00+00:00,1839959635.2000008
2024-04-18 00:00:00+00:00,1836208060.8000007
2024-04-19 00:00:00+00:00,1836763849.6000006
2024-04-22 00:00:00+00:00,1835235430.4000006
2024-04-23 00:00:00+00:00,1834540694.4000006
2024-04-24 00:00:00+00:00,1833012275.2000008
2024-04-25 00:00:00+00:00,1841488054.4000006
2024-04-26 00:00:00+00:00,1842460684.8000007
2024-04-29 00:00:00+00:00,1832873328.0000007
2024-04-30 00:00:00+00:00,1838014374.4000006
2024-05-01 00:00:00+00:00,1840654371.2000008
2024-05-02 00:00:00+00:00,1840237529.6000006
2024-05-03 00:00:00+00:00,1839820688.0000007
2024-05-06 00:00:00+00:00,1842932720.0000007
2024-05-07 00:00:00+00:00,1850245995.2000008
2024-05-08 00:00:00+00:00,1844799939.2000008
2024-05-09 00:00:00+00:00,1844488736.0000007
2024-05-10 00:00:00+00:00,1840131891.2000008
2024-05-13 00:00:00+00:00,1829706584.0000007
2024-05-14 00:00:00+00:00,1833441022.4000008
2024-05-15 00:00:00+00:00,1830017787.2000008
2024-05-16 00:00:00+00:00,1825038536.0000007
2024-05-17 00:00:00+00:00,1821926504.0000007
2024-05-20 00:00:00+00:00,1830484592.0000007
2024-05-21 00:00:00+00:00,1828617372.8000007
2024-05-22 00:00:00+00:00,1823482520.0000007
2024-05-23 00:00:00+00:00,1823949324.8000007
2024-05-24 00:00:00+00:00,1826283348.8000007
2024-05-28 00:00:00+00:00,1831262600.0000007
2024-05-29 00:00:00+00:00,1825349739.2000008
2024-05-30 00:00:00+00:00,1822860113.6000006
2024-05-31 00:00:00+00:00,1824571731.2000008
2024-06-03 00:00:00+00:00,1832040608.0000007
2024-06-04 00:00:00+00:00,1833285420.8000007
2024-06-05 00:00:00+00:00,1837486664.0000007
2024-06-06 00:00:00+00:00,1838887078.4000006
2024-06-07 00:00:00+00:00,1835463843.2000008
2024-06-10 00:00:00+00:00,1829706584.0000007
2024-06-11 00:00:00+00:00,1832196209.6000006
2024-06-12 00:00:00+00:00,1837019859.2000008
2024-06-13 00:00:00+00:00,1845422345.6000006
2024-06-14 00:00:00+00:00,1843088321.6000006
2024-06-17 00:00:00+00:00,1836397452.8000007
2024-06-18 00:00:00+00:00,1835308241.6000006
2024-06-20 00:00:00+00:00,1835775046.4000006
2024-06-21 00:00:00+00:00,1837953468.8000007
2024-06-24 00:00:00+00:00,1846667158.4000006
2024-06-25 00:00:00+00:00,1843088321.6000006
2024-06-26 00:00:00+00:00,1843399524.8000007
2024-06-27 00:00:00+00:00,1854291636.8000007
2024-06-28 00:00:00+00:00,1855692051.2000008
2024-07-01 00:00:00+00:00,1854602840.0000007
2024-07-02 00:00:00+00:00,1860515700.8000007
2024-07-03 00:00:00+00:00,1859270888.0000007
2024-07-05 00:00:00+00:00,1853202425.6000006
2024-07-08 00:00:00+00:00,1853046824.0000007
2024-07-09 00:00:00+00:00,1845111142.4000008
2024-07-10 00:00:00+00:00,1848067572.8000007
2024-07-11 00:00:00+00:00,1842154712.0000007
2024-07-12 00:00:00+00:00,1838575875.2000008
2024-07-15 00:00:00+00:00,1847289564.8000007
2024-07-16 00:00:00+00:00,1845111142.4000008
2024-07-17 00:00:00+00:00,1841065500.8000007
2024-07-18 00:00:00+00:00,1834530233.6000006
2024-07-19 00:00:00+00:00,1830173388.8000007
2024-07-22 00:00:00+00:00,1824571731.2000008
2024-07-23 00:00:00+00:00,1822393308.8000007
2024-07-24 00:00:00+00:00,1818503268.8000007
2024-07-25 00:00:00+00:00,1830173388.8000007
2024-07-26 00:00:00+00:00,1826438950.4000008
2024-07-29 00:00:00+00:00,1835619444.8000007
2024-07-30 00:00:00+00:00,1837331062.4000008
2024-07-31 00:00:00+00:00,1834530233.6000006
2024-08-01 00:00:00+00:00,1827683763.2000008
2024-08-02 00:00:00+00:00,1821459699.2000008
2024-08-05 00:00:00+00:00,1821791174.4000008
2024-08-06 00:00:00+00:00,1825271664.0000007
2024-08-07 00:00:00+00:00,1820796748.8000007
2024-08-08 00:00:00+00:00,1813670032.0000007
2024-08-09 00:00:00+00:00,1815161670.4000008
2024-08-12 00:00:00+00:00,1818310684.800001
2024-08-13 00:00:00+00:00,1816653308.8000007
2024-08-14 00:00:00+00:00,1823614288.0000007
2024-08-15 00:00:00+00:00,1825105926.4000008
2024-08-16 00:00:00+00:00,1822619862.4000008
2024-08-19 00:00:00+00:00,1822785600.0000007
2024-08-20 00:00:00+00:00,1830243792.0000007
2024-08-21 00:00:00+00:00,1828917891.2000008
2024-08-22 00:00:00+00:00,1825603139.2000008
2024-08-23 00:00:00+00:00,1816653308.8000007
2024-08-26 00:00:00+00:00,1805880364.800001
2024-08-27 00:00:00+00:00,1796599059.2000008
2024-08-28 00:00:00+00:00,1797593484.800001
2024-08-29 00:00:00+00:00,1802967020.800001
2024-08-30 00:00:00+00:00,1795137011.200001
2024-09-03 00:00:00+00:00,1796825836.800001
2024-09-04 00:00:00+00:00,1792987596.800001
2024-09-05 00:00:00+00:00,1792680537.6000009
2024-09-06 00:00:00+00:00,1787921120.000001
2024-09-09 00:00:00+00:00,1786692883.200001
2024-09-10 00:00:00+00:00,1781165817.6000009
2024-09-11 00:00:00+00:00,1785157587.200001
2024-09-12 00:00:00+00:00,1795751129.6000009
2024-09-13 00:00:00+00:00,1795597600.000001
2024-09-16 00:00:00+00:00,1798361132.800001
2024-09-17 00:00:00+00:00,1810336441.6000009
2024-09-18 00:00:00+00:00,1828452934.400001
2024-09-19 00:00:00+00:00,1835975884.800001
2024-09-20 00:00:00+00:00,1846722956.800001
2024-09-23 00:00:00+00:00,1844727072.000001
2024-09-24 00:00:00+00:00,1852557081.6000009
2024-09-25 00:00:00+00:00,1857009440.000001
2024-09-26 00:00:00+00:00,1854245907.200001
2024-09-27 00:00:00+00:00,1845187660.800001
2024-09-30 00:00:00+00:00,1842577657.6000009
2024-10-01 00:00:00+00:00,1850254137.6000009
2024-10-02 00:00:00+00:00,1845801779.200001
2024-10-03 00:00:00+00:00,1854399436.800001
2024-10-04 00:00:00+00:00,1850868256.000001
2024-10-07 00:00:00+00:00,1843805894.400001
2024-10-08 00:00:00+00:00,1842884716.800001
2024-10-09 00:00:00+00:00,1835975884.800001
2024-10-10 00:00:00+00:00,1837818240.000001
2024-10-11 00:00:00+00:00,1839046476.800001
2024-10-14 00:00:00+00:00,1841349420.800001
2024-10-15 00:00:00+00:00,1847951193.6000009
2024-10-16 00:00:00+00:00,1858730454.4000008
2024-10-17 00:00:00+00:00,1856627184.000001
2024-10-18 00:00:00+00:00,1856364275.2000008
2024-10-21 00:00:00+00:00,1860965179.200001
2024-10-22 00:00:00+00:00,1862279723.2000008
2024-10-23 00:00:00+00:00,1854261004.800001
2024-10-24 00:00:00+00:00,1856101366.4000008
2024-10-25 00:00:00+00:00,1856890092.800001
2024-10-28 00:00:00+00:00,1859256272.000001
2024-10-29 00:00:00+00:00,1857678819.200001
2024-10-30 00:00:00+00:00,1855838457.6000009
2024-10-31 00:00:00+00:00,1849002828.800001
2024-11-01 00:00:00+00:00,1857810273.6000009
2024-11-04 00:00:00+00:00,1859650635.2000008
2024-11-05 00:00:00+00:00,1860044998.4000008
2024-11-06 00:00:00+00:00,1858336091.2000008
2024-11-07 00:00:00+00:00,1856101366.4000008
2024-11-08 00:00:00+00:00,1861096633.6000009
2024-11-11 00:00:00+00:00,1867143536.000001
2024-11-12 00:00:00+00:00,1867274990.4000008
2024-11-13 00:00:00+00:00,1869641169.6000009
2024-11-14 00:00:00+00:00,1864514448.000001
2024-11-15 00:00:00+00:00,1864251539.200001
2024-11-18 00:00:00+00:00,1856101366.4000008
2024-11-19 00:00:00+00:00,1858467545.6000009
2024-11-20 00:00:00+00:00,1863331358.4000008
2024-11-21 00:00:00+00:00,1866880627.2000008
2024-11-22 00:00:00+00:00,1867143536.000001
2024-11-25 00:00:00+00:00,1869904078.4000008
2024-11-26 00:00:00+00:00,1864382993.6000009
2024-11-27 00:00:00+00:00,1862805540.800001
2024-11-29 00:00:00+00:00,1870824259.2000008
2024-12-02 00:00:00+00:00,1870955713.6000009
2024-12-03 00:00:00+00:00,1867012081.6000009
2024-12-04 00:00:00+00:00,1868458080.000001
2024-12-05 00:00:00+00:00,1869246806.4000008
2024-12-06 00:00:00+00:00,1861228088.000001
2024-12-09 00:00:00+00:00,1865303174.4000008
2024-12-10 00:00:00+00:00,1871350076.800001
2024-12-11 00:00:00+00:00,1868195171.2000008
2024-12-12 00:00:00+00:00,1873321892.800001
2024-12-13 00:00:00+00:00,1875556617.6000009
2024-12-16 00:00:00+00:00,1875556617.6000009
2024-12-18 00:00:00+00:00,1889622238.4000008
2024-12-19 00:00:00+00:00,1892908598.4000008
2024-12-20 00:00:00+00:00,1891462600.000001
2024-12-23 00:00:00+00:00,1891068236.800001
2024-12-24 00:00:00+00:00,1891068236.800001
2024-12-26 00:00:00+00:00,1894748960.000001
2024-12-27 00:00:00+00:00,1893302961.6000009
2024-12-30 00:00:00+00:00,1896457867.2000008
2024-12-31 00:00:00+00:00,1894748960.000001
2025-01-02 00:00:00+00:00,1888570603.2000008
2025-01-03 00:00:00+00:00,1889622238.4000008
2025-01-06 00:00:00+00:00,1893828779.200001
2025-01-07 00:00:00+00:00,1892251326.4000008
2025-01-08 00:00:00+00:00,1895011868.800001
2025-01-10 00:00:00+00:00,1895274777.6000009
2025-01-13 00:00:00+00:00,1899481318.4000008
2025-01-14 00:00:00+00:00,1907105673.6000009
2025-01-15 00:00:00+00:00,1911180760.000001
2025-01-16 00:00:00+00:00,1905922584.000001
2025-01-17 00:00:00+00:00,1908420217.6000009
2025-01-21 00:00:00+00:00,1914072756.800001
2025-01-22 00:00:00+00:00,1909208944.000001
2025-01-23 00:00:00+00:00,1902241860.800001
2025-01-24 00:00:00+00:00,1897903865.6000009
2025-01-27 00:00:00+00:00,1895932049.6000009
2025-01-28 00:00:00+00:00,1895143323.2000008
2025-01-29 00:00:00+00:00,1892251326.4000008
2025-01-30 00:00:00+00:00,1891988417.6000009
2025-01-31 00:00:00+00:00,1893565870.4000008
2025-02-03 00:00:00+00:00,1894748960.000001
2025-02-04 00:00:00+00:00,1889490784.000001
2025-02-05 00:00:00+00:00,1888176240.000001
2025-02-06 00:00:00+00:00,1890673873.6000009
2025-02-07 00:00:00+00:00,1893434416.000001
2025-02-10 00:00:00+00:00,1891594054.4000008
2025-02-11 00:00:00+00:00,1886730241.6000009
2025-02-12 00:00:00+00:00,1888176240.000001
2025-02-13 00:00:00+00:00,1882786609.6000009
2025-02-14 00:00:00+00:00,1879500249.6000009
2025-02-18 00:00:00+00:00,1878185705.6000009
2025-02-19 00:00:00+00:00,1875950980.800001
2025-02-20 00:00:00+00:00,1871218622.4000008
2025-02-21 00:00:00+00:00,1867800808.000001
2025-02-24 00:00:00+00:00,1870692804.800001
2025-02-25 00:00:00+00:00,1865828992.000001
2025-02-26 00:00:00+00:00,1876608252.800001
2025-02-27 00:00:00+00:00,1889096420.800001
2025-02-28 00:00:00+00:00,1891462600.000001
2025-03-03 00:00:00+00:00,1908420217.6000009
2025-03-04 00:00:00+00:00,1909997670.4000008
2025-03-05 00:00:00+00:00,1908683126.4000008
2025-03-06 00:00:00+00:00,1907529313.6000009
2025-03-07 00:00:00+00:00,1910496260.800001
2025-03-10 00:00:00+00:00,1919397102.4000008
2025-03-11 00:00:00+00:00,1916430155.2000008
2025-03-12 00:00:00+00:00,1919561932.800001
2025-03-13 00:00:00+00:00,1925990318.4000008
2025-03-14 00:00:00+00:00,1925001336.000001
2025-03-17 00:00:00+00:00,1937858107.2000008
2025-03-18 00:00:00+00:00,1938187768.0000007
2025-03-19 00:00:00+00:00,1933242856.000001
2025-03-20 00:00:00+00:00,1938352598.4000008
2025-03-21 00:00:00+00:00,1933737347.2000008
2025-03-24 00:00:00+00:00,1926155148.800001
2025-03-25 00:00:00+00:00,1930275908.800001
2025-03-26 00:00:00+00:00,1927638622.4000008
2025-03-27 00:00:00+00:00,1923353032.0000007
2025-03-28 00:00:00+00:00,1921210236.800001
2025-03-31 00:00:00+00:00,1919561932.800001
2025-04-01 00:00:00+00:00,1911767875.2000008
2025-04-02 00:00:00+00:00,1907950377.6000009
2025-04-03 00:00:00+00:00,1915585372.800001
2025-04-04 00:00:00+00:00,1919880057.6000009
2025-04-07 00:00:00+00:00,1919880057.6000009
2025-04-08 00:00:00+00:00,1928310364.800001
2025-04-09 00:00:00+00:00,1934672860.800001
2025-04-10 00:00:00+00:00,1931332550.4000008
2025-04-11 00:00:00+00:00,1933241299.200001
2025-04-14 00:00:00+00:00,1935309110.4000008
2025-04-15 00:00:00+00:00,1940876294.4000008
2025-04-16 00:00:00+00:00,1935468172.800001
2025-04-17 00:00:00+00:00,1934354736.000001
2025-04-21 00:00:00+00:00,1936263484.800001
2025-04-22 00:00:00+00:00,1933400361.6000009
2025-04-23 00:00:00+00:00,1934195673.6000009
2025-04-24 00:00:00+00:00,1934513798.4000008
2025-04-25 00:00:00+00:00,1930378176.000001
2025-04-28 00:00:00+00:00,1935786297.6000009
2025-04-29 00:00:00+00:00,1940558169.6000009
2025-04-30 00:00:00+00:00,1945170979.200001
2025-05-01 00:00:00+00:00,1946602540.800001
2025-05-02 00:00:00+00:00,1945966291.200001
2025-05-05 00:00:00+00:00,1941671606.4000008
2025-05-06 00:00:00+00:00,1942148793.6000009
2025-05-07 00:00:00+00:00,1947079728.000001
2025-05-09 00:00:00+00:00,1936740672.000001
2025-05-12 00:00:00+00:00,1938013171.200001
2025-05-13 00:00:00+00:00,1929741926.4000008
2025-05-14 00:00:00+00:00,1932286924.800001
2025-05-15 00:00:00+00:00,1938490358.4000008
2025-05-16 00:00:00+00:00,1940876294.4000008
2025-05-19 00:00:00+00:00,1939677715.2000008
2025-05-20 00:00:00+00:00,1937794233.6000009
2025-05-21 00:00:00+00:00,1943958355.2000008
2025-05-22 00:00:00+00:00,1938821587.2000008
2025-05-23 00:00:00+00:00,1936938105.6000009
2025-05-27 00:00:00+00:00,1935739526.4000008
2025-05-28 00:00:00+00:00,1930260307.2000008
2025-05-29 00:00:00+00:00,1931972563.2000008
2025-05-30 00:00:00+00:00,1932828691.2000008
2025-06-02 00:00:00+00:00,1929917856.0000007
2025-06-03 00:00:00+00:00,1930260307.2000008
2025-06-04 00:00:00+00:00,1927691923.2000008
2025-06-05 00:00:00+00:00,1924609862.4000008
2025-06-06 00:00:00+00:00,1923240057.6000009
2025-06-09 00:00:00+00:00,1926322118.4000008
2025-06-10 00:00:00+00:00,1923068832.0000007
2025-06-11 00:00:00+00:00,1922041478.4000008
2025-06-12 00:00:00+00:00,1919473094.4000008
2025-06-13 00:00:00+00:00,1924609862.4000008
2025-06-16 00:00:00+00:00,1930945209.6000009
2025-06-17 00:00:00+00:00,1923582508.800001
2025-06-18 00:00:00+00:00,1920157996.800001
2025-06-20 00:00:00+00:00,1924609862.4000008
2025-06-23 00:00:00+00:00,1924609862.4000008
2025-06-24 00:00:00+00:00,1921014124.800001
2025-06-25 00:00:00+00:00,1925294764.800001
2025-06-26 00:00:00+00:00,1922041478.4000008
2025-06-27 00:00:00+00:00,1927007020.800001
2025-06-30 00:00:00+00:00,1918274515.2000008
2025-07-01 00:00:00+00:00,1909713235.2000008
2025-07-02 00:00:00+00:00,1907658528.0000007
2025-07-03 00:00:00+00:00,1920842899.2000008
2025-07-07 00:00:00+00:00,1919644320.000001
2025-07-08 00:00:00+00:00,1917075936.0000007
2025-07-09 00:00:00+00:00,1924438636.800001
2025-07-10 00:00:00+00:00,1919301868.800001
2025-07-11 00:00:00+00:00,1924609862.4000008
2025-07-14 00:00:00+00:00,1919986771.2000008
2025-07-15 00:00:00+00:00,1924438636.800001
2025-07-16 00:00:00+00:00,1924267411.2000008
2025-07-17 00:00:00+00:00,1927520697.6000009
2025-07-18 00:00:00+00:00,1928890502.4000008
2025-07-21 00:00:00+00:00,1921185350.4000008
2025-07-22 00:00:00+00:00,1919644320.000001
2025-07-23 00:00:00+00:00,1918959417.6000009
2025-07-24 00:00:00+00:00,1924609862.4000008
2025-07-25 00:00:00+00:00,1919815545.6000009
2025-07-28 00:00:00+00:00,1922212704.0000007
2025-07-29 00:00:00+00:00,1924952313.6000009
2025-07-30 00:00:00+00:00,1922555155.2000008
2025-07-31 00:00:00+00:00,1920842899.2000008
2025-08-01 00:00:00+00:00,1917932064.0000007
2025-08-04 00:00:00+00:00,1919130643.2000008
2025-08-05 00:00:00+00:00,1916391033.6000009
2025-08-06 00:00:00+00:00,1915021228.800001
2025-08-07 00:00:00+00:00,1915021228.800001
2025-08-08 00:00:00+00:00,1919130643.2000008
2025-08-11 00:00:00+00:00,1923240057.6000009
2025-08-12 00:00:00+00:00,1930945209.6000009
2025-08-13 00:00:00+00:00,1929404179.2000008
2025-08-14 00:00:00+00:00,1924781088.0000007
2025-08-15 00:00:00+00:00,1922383929.6000009
2025-08-18 00:00:00+00:00,1919130643.2000008
2025-08-19 00:00:00+00:00,1920157996.800001
2025-08-20 00:00:00+00:00,1924609862.4000008
2025-08-21 00:00:00+00:00,1920842899.2000008
2025-08-22 00:00:00+00:00,1923068832.0000007
2025-08-25 00:00:00+00:00,1921699027.2000008
2025-08-26 00:00:00+00:00,1921870252.800001
2025-08-27 00:00:00+00:00,1922897606.4000008
2025-08-28 00:00:00+00:00,1923068832.0000007
2025-08-29 00:00:00+00:00,1921185350.4000008
2025-09-02 00:00:00+00:00,1917418387.2000008
2025-09-03 00:00:00+00:00,1915363680.000001
2025-09-04 00:00:00+00:00,1921726467.200001
2025-09-05 00:00:00+00:00,1924346438.400001
2025-09-08 00:00:00+00:00,1922849312.000001
2025-09-09 00:00:00+00:00,1918919355.200001
2025-09-10 00:00:00+00:00,1917235088.000001
2025-09-11 00:00:00+00:00,1919293636.800001
2025-09-12 00:00:00+00:00,1919855059.200001
2025-09-15 00:00:00+00:00,1915925102.400001
2025-09-16 00:00:00+00:00,1917796510.400001
2025-09-17 00:00:00+00:00,1924533579.200001
2025-09-18 00:00:00+00:00,1927527832.000001
2025-09-19 00:00:00+00:00,1926030705.6000009
2025-09-22 00:00:00+00:00,1929960662.400001
2025-09-23 00:00:00+00:00,1922287889.6000009
2025-09-24 00:00:00+00:00,1922662171.200001
2025-09-25 00:00:00+00:00,1920416481.600001
2025-09-26 00:00:00+00:00,1918357932.800001
2025-09-29 00:00:00+00:00,1915550820.800001
2025-09-30 00:00:00+00:00,1914053694.400001
2025-10-01 00:00:00+00:00,1913492272.000001
2025-10-02 00:00:00+00:00,1908439470.400001
2025-10-03 00:00:00+00:00,1907129484.800001
2025-10-06 00:00:00+00:00,1900766697.600001
2025-10-07 00:00:00+00:00,1904135232.000001
2025-10-08 00:00:00+00:00,1910498019.200001
2025-10-09 00:00:00+00:00,1911059441.6000009
2025-10-10 00:00:00+00:00,1914053694.400001
2025-10-13 00:00:00+00:00,1923223593.600001
2025-10-14 00:00:00+00:00,1918170792.000001
2025-10-15 00:00:00+00:00,1921726467.200001
2025-10-16 00:00:00+00:00,1919667918.400001
2025-10-17 00:00:00+00:00,1925282142.400001
2025-10-20 00:00:00+00:00,1921165044.800001
2025-10-21 00:00:00+00:00,1930147803.200001
2025-10-22 00:00:00+00:00,1932767774.400001
2025-10-23 00:00:00+00:00,1929212099.200001
2025-10-24 00:00:00+00:00,1935200604.800001
2025-10-27 00:00:00+00:00,1944744785.6000009
2025-10-28 00:00:00+00:00,1946429052.800001
2025-10-29 00:00:00+00:00,1945493348.800001
2025-10-30 00:00:00+00:00,1948113320.000001
2025-10-31 00:00:00+00:00,1945306208.000001
2025-11-03 00:00:00+00:00,1941189110.400001
2025-11-04 00:00:00+00:00,1949236164.800001
2025-11-05 00:00:00+00:00,1951294713.600001
2025-11-06 00:00:00+00:00,1949797587.200001
2025-11-07 00:00:00+00:00,1949610446.400001
2025-11-10 00:00:00+00:00,1949610446.400001
2025-11-11 00:00:00+00:00,1948674742.400001
2025-11-12 00:00:00+00:00,1948674742.400001
2025-11-13 00:00:00+00:00,1945119067.200001
2025-11-14 00:00:00+00:00,1935387745.6000009
2025-11-17 00:00:00+00:00,1938381998.400001
2025-11-18 00:00:00+00:00,1940253406.400001
2025-11-19 00:00:00+00:00,1941001969.6000009
2025-11-20 00:00:00+00:00,1941001969.6000009
2025-11-21 00:00:00+00:00,1938756280.000001
2025-11-24 00:00:00+00:00,1938007716.800001
2025-11-25 00:00:00+00:00,1936323449.6000009
2025-11-26 00:00:00+00:00,1932019211.200001
2025-11-28 00:00:00+00:00,1930709225.6000009
2025-12-01 00:00:00+00:00,1939130561.6000009
2025-12-02 00:00:00+00:00,1935013464.000001
2025-12-03 00:00:00+00:00,1935949168.000001
2025-12-04 00:00:00+00:00,1936884872.000001
2025-12-05 00:00:00+00:00,1938381998.400001
2025-12-08 00:00:00+00:00,1938007716.800001
2025-12-09 00:00:00+00:00,1940814828.800001
2025-12-10 00:00:00+00:00,1936323449.6000009
2025-12-11 00:00:00+00:00,1937446294.400001
2025-12-12 00:00:00+00:00,1932767774.400001
2025-12-15 00:00:00+00:00,1935574886.400001
2025-12-16 00:00:00+00:00,1938007716.800001
2025-12-17 00:00:00+00:00,1939130561.6000009
2025-12-18 00:00:00+00:00,1944370504.000001
2025-12-19 00:00:00+00:00,1938007716.800001
2025-12-22 00:00:00+00:00,1934826323.200001
2025-12-23 00:00:00+00:00,1932206352.000001
2025-12-24 00:00:00+00:00,1929212099.200001
2025-12-26 00:00:00+00:00,1931457788.800001
2025-12-29 00:00:00+00:00,1929773521.6000009
2025-12-30 00:00:00+00:00,1937633435.200001
2025-12-31 00:00:00+00:00,1934452041.6000009
2026-01-02 00:00:00+00:00,1942124814.400001
2026-01-05 00:00:00+00:00,1939691984.000001
2026-01-06 00:00:00+00:00,1939130561.6000009
2026-01-07 00:00:00+00:00,1935013464.000001
2026-01-08 00:00:00+00:00,1935200604.800001
2026-01-09 00:00:00+00:00,1936697731.200001
2026-01-12 00:00:00+00:00,1937633435.200001
2026-01-13 00:00:00+00:00,1936697731.200001
2026-01-14 00:00:00+00:00,1940627688.000001
2026-01-15 00:00:00+00:00,1942686236.800001
2026-01-16 00:00:00+00:00,1935387745.6000009
2026-01-20 00:00:00+00:00,1939879124.800001
2026-01-21 00:00:00+00:00,1939504843.200001
2026-01-22 00:00:00+00:00,1935387745.6000009
2026-01-23 00:00:00+00:00,1939691984.000001
2026-01-26 00:00:00+00:00,1938569139.200001
2026-01-27 00:00:00+00:00,1937820576.000001
2026-01-28 00:00:00+00:00,1940066265.6000009
2026-01-29 00:00:00+00:00,1940253406.400001
2026-01-30 00:00:00+00:00,1948300460.800001
2026-02-02 00:00:00+00:00,1948487601.6000009
2026-02-03 00:00:00+00:00,1941563392.000001
2026-02-04 00:00:00+00:00,1945119067.200001
2026-02-05 00:00:00+00:00,1948300460.800001
2026-02-06 00:00:00+00:00,1951294713.600001
2026-02-09 00:00:00+00:00,1946803334.400001
2026-02-10 00:00:00+00:00,1951107572.800001
2026-02-11 00:00:00+00:00,1956347515.200001
2026-02-12 00:00:00+00:00,1958031782.400001
2026-02-13 00:00:00+00:00,1957470360.000001
2026-02-17 00:00:00+00:00,1955973233.600001
2026-02-18 00:00:00+00:00,1950171868.800001
2026-02-19 00:00:00+00:00,1952043276.800001
2026-02-20 00:00:00+00:00,1947739038.400001
2026-02-23 00:00:00+00:00,1944931926.400001
2026-02-24 00:00:00+00:00,1953166121.6000009
2026-02-25 00:00:00+00:00,1953353262.400001
2026-02-26 00:00:00+00:00,1954288966.400001
2026-02-27 00:00:00+00:00,1955411811.200001
2026-03-02 00:00:00+00:00,1955037529.6000009
2026-03-03 00:00:00+00:00,1954663248.000001
2026-03-04 00:00:00+00:00,1958406064.000001
2026-03-05 00:00:00+00:00,1958593204.800001
2026-03-06 00:00:00+00:00,1951481854.400001
2026-03-09 00:00:00+00:00,1942311955.200001
2026-03-10 00:00:00+00:00,1946241912.000001
2026-03-11 00:00:00+00:00,1948674742.400001
2026-03-12 00:00:00+00:00,1946241912.000001
2026-03-13 00:00:00+00:00,1946429052.800001
2026-03-16 00:00:00+00:00,1949797587.200001
2026-03-17 00:00:00+00:00,1944931926.400001
2026-03-18 00:00:00+00:00,1938381998.400001
2026-03-19 00:00:00+00:00,1927714972.800001
2026-03-20 00:00:00+00:00,1921539326.400001
2026-03-23 00:00:00+00:00,1924907860.800001
2026-03-24 00:00:00+00:00,1918170792.000001
2026-03-25 00:00:00+00:00,1924346438.400001
2026-03-26 00:00:00+00:00,1918357932.800001
2026-03-27 00:00:00+00:00,1920416481.600001
2026-03-30 00:00:00+00:00,1924346438.400001
2026-03-31 00:00:00+00:00,1924907860.800001
2026-04-01 00:00:00+00:00,1932954915.200001
2026-04-02 00:00:00+00:00,1934639182.400001
2026-04-06 00:00:00+00:00,1935200604.800001
2026-04-07 00:00:00+00:00,1942499096.000001
2026-04-08 00:00:00+00:00,1949049024.000001
2026-04-09 00:00:00+00:00,1954850388.800001
2026-04-10 00:00:00+00:00,1958031782.400001
2026-04-13 00:00:00+00:00,1955598952.000001
2026-04-14 00:00:00+00:00,1951668995.200001
2026-04-15 00:00:00+00:00,1958967486.400001
2026-04-16 00:00:00+00:00,1957096078.400001
2026-04-17 00:00:00+00:00,1963084584.000001
2026-04-20 00:00:00+00:00,1960090331.200001
2026-04-21 00:00:00+00:00,1958593204.800001
2026-04-22 00:00:00+00:00,1956908937.6000009
2026-04-23 00:00:00+00:00,1955411811.200001
2026-04-24 00:00:00+00:00,1951294713.600001
2026-04-27 00:00:00+00:00,1953914684.800001
2026-04-28 00:00:00+00:00,1949049024.000001
2026-04-29 00:00:00+00:00,1938943420.800001
2026-04-30 00:00:00+00:00,1941937673.600001
2026-05-01 00:00:00+00:00,1935574886.400001
2026-05-04 00:00:00+00:00,1929212099.200001
2026-05-05 00:00:00+00:00,1927714972.800001
2026-05-06 00:00:00+00:00,1938194857.6000009
2026-05-07 00:00:00+00:00,1943247659.200001
2026-05-08 00:00:00+00:00,1940440547.200001
2026-05-11 00:00:00+00:00,1936323449.6000009
2026-05-12 00:00:00+00:00,1934452041.6000009
2026-05-13 00:00:00+00:00,1927527832.000001
2026-05-14 00:00:00+00:00,1919920960.000001
2026-05-15 00:00:00+00:00,1916215048.000001
2026-05-18 00:00:00+00:00,1914849712.000001
2026-05-19 00:00:00+00:00,1920311056.000001
2026-05-20 00:00:00+00:00,1914849712.000001
2026-05-21 00:00:00+00:00,1918165528.000001
2026-05-22 00:00:00+00:00,1914264568.000001
2026-05-26 00:00:00+00:00,1911143800.000001
2026-05-27 00:00:00+00:00,1903341880.000001
2026-05-28 00:00:00+00:00,1899245872.000001
2026-05-29 00:00:00+00:00,1901781496.000001
2026-06-01 00:00:00+00:00,1909388368.000001
2026-06-02 00:00:00+00:00,1908023032.000001
2026-06-03 00:00:00+00:00,1905292360.000001
2026-06-04 00:00:00+00:00,1905877504.000001
2026-06-05 00:00:00+00:00,1903341880.000001
2026-06-08 00:00:00+00:00,1902951784.000001
2026-06-09 00:00:00+00:00,1902171592.000001
2026-06-10 00:00:00+00:00,1898270632.000001
2026-06-11 00:00:00+00:00,1896515200.000001
2026-06-12 00:00:00+00:00,1894759768.000001
2026-06-15 00:00:00+00:00,1904317120.000001
2026-06-16 00:00:00+00:00,1906657696.000001
2026-06-17 00:00:00+00:00,1907827984.000001
2026-06-18 00:00:00+00:00,1903146832.000001
2026-06-22 00:00:00+00:00,1897490440.000001
2026-06-23 00:00:00+00:00,1899635968.000001
2026-06-24 00:00:00+00:00,1901001304.000001
2026-06-25 00:00:00+00:00,1902561688.000001
2026-06-26 00:00:00+00:00,1910558656.000001
2026-06-29 00:00:00+00:00,1915824952.000001
2026-06-30 00:00:00+00:00,1916605144.000001
2026-07-01 00:00:00+00:00,1919920960.000001
2026-07-02 00:00:00+00:00,1917190288.000001
2026-07-06 00:00:00+00:00,1924407064.000001
2026-07-07 00:00:00+00:00,1922846680.000001
2026-07-08 00:00:00+00:00,1922261536.000001
2026-07-09 00:00:00+00:00,1920506104.000001
2026-07-10 00:00:00+00:00,1917775432.000001
2026-07-13 00:00:00+00:00,1915239808.000001
2026-07-14 00:00:00+00:00,1917775432.000001
2026-07-15 00:00:00+00:00,1917190288.000001
2026-07-16 00:00:00+00:00,1909193320.000001
2026-07-17 00:00:00+00:00,1916800192.000001
2026-07-20 00:00:00+00:00,1916605144.000001
2026-07-21 00:00:00+00:00,1917775432.000001
2026-07-22 00:00:00+00:00,1915044760.000001
2026-07-23 00:00:00+00:00,1914069520.000001
2026-07-24 00:00:00+00:00,1915629904.000001
2026-07-27 00:00:00+00:00,1911923992.000001
2026-07-28 00:00:00+00:00,1911338848.000001
2026-07-29 00:00:00+00:00,1910363608.000001
2026-07-30 00:00:00+00:00,1908998272.000001
2026-07-31 00:00:00+00:00,1913484376.000001
2026-08-03 00:00:00+00:00,1920311056.000001
2026-08-04 00:00:00+00:00,1920896200.000001
2026-08-05 00:00:00+00:00,1923041728.000001
2026-08-06 00:00:00+00:00,1925382304.000001
2026-08-07 00:00:00+00:00,1948397968.000001
2026-08-10 00:00:00+00:00,1948788064.000001
2026-08-11 00:00:00+00:00,1953859312.000001
2026-08-12 00:00:00+00:00,1955224648.000001
