date,zscore
2013-05-01 00:00:00+00:00,
2013-05-02 00:00:00+00:00,
2013-05-03 00:00:00+00:00,
2013-05-06 00:00:00+00:00,
2013-05-07 00:00:00+00:00,
2013-05-08 00:00:00+00:00,
2013-05-09 00:00:00+00:00,
2013-05-10 00:00:00+00:00,
2013-05-13 00:00:00+00:00,
2013-05-14 00:00:00+00:00,
2013-05-15 00:00:00+00:00,
2013-05-16 00:00:00+00:00,
2013-05-17 00:00:00+00:00,
2013-05-20 00:00:00+00:00,
2013-05-21 00:00:00+00:00,
2013-05-22 00:00:00+00:00,
2013-05-23 00:00:00+00:00,-2.0793444127416976
2013-05-24 00:00:00+00:00,-1.6995974007543206
2013-05-28 00:00:00+00:00,-1.386793887669783
2013-05-29 00:00:00+00:00,-1.1635572737477995
2013-05-30 00:00:00+00:00,-0.992731583059149
2013-05-31 00:00:00+00:00,-0.85339717002278
2013-06-03 00:00:00+00:00,-0.8795435692534238
2013-06-04 00:00:00+00:00,-0.8378879604314415
2013-06-05 00:00:00+00:00,-0.7747929499350605
2013-06-06 00:00:00+00:00,-0.7206587741244244
2013-06-07 00:00:00+00:00,-0.6479645861051522
2013-06-10 00:00:00+00:00,-0.5617966890682594
2013-06-11 00:00:00+00:00,-0.6187606587928389
2013-06-12 00:00:00+00:00,-0.6472426436551287
2013-06-13 00:00:00+00:00,-0.6614836360862737
2013-06-14 00:00:00+00:00,-0.6686041323018461
2013-06-17 00:00:00+00:00,-0.6255896986527262
2013-06-18 00:00:00+00:00,-0.5543177950962186
2013-06-19 00:00:00+00:00,-1.2432506806275607
2013-06-20 00:00:00+00:00,-1.526894468872951
2013-06-21 00:00:00+00:00,-1.729539017516107
2013-06-24 00:00:00+00:00,-2.05260235572044
2013-06-25 00:00:00+00:00,-1.5808620747734112
2013-06-26 00:00:00+00:00,-1.2759604717315371
2013-06-27 00:00:00+00:00,-1.0632796329956113
2013-06-28 00:00:00+00:00,0.7354452584503183
2013-07-01 00:00:00+00:00,-1.3698672681740633
2013-07-02 00:00:00+00:00,-1.8905907353595448
2013-07-03 00:00:00+00:00,-0.0736934387692032
2013-07-05 00:00:00+00:00,0.7163972652987699
2013-07-08 00:00:00+00:00,1.0206640788796724
2013-07-09 00:00:00+00:00,1.0192068277787096
2013-07-10 00:00:00+00:00,0.9709419403947189
2013-07-11 00:00:00+00:00,0.9773869112168034
2013-07-12 00:00:00+00:00,0.9268291985019153
2013-07-15 00:00:00+00:00,0.8534933181899681
2013-07-16 00:00:00+00:00,0.7709346134991635
2013-07-17 00:00:00+00:00,0.6888749741702053
2013-07-18 00:00:00+00:00,0.45378100439558294
2013-07-19 00:00:00+00:00,0.2291796778244912
2013-07-22 00:00:00+00:00,0.10885471506684927
2013-07-23 00:00:00+00:00,-0.061152825136244926
2013-07-24 00:00:00+00:00,0.6511523446078092
2013-07-25 00:00:00+00:00,0.9504193869620143
2013-07-26 00:00:00+00:00,0.7395664381440543
2013-07-29 00:00:00+00:00,0.6341399637350743
2013-07-30 00:00:00+00:00,0.5556293436743811
2013-07-31 00:00:00+00:00,0.49147836532076317
2013-08-01 00:00:00+00:00,0.45940287614395425
2013-08-02 00:00:00+00:00,1.3129334165092779
2013-08-05 00:00:00+00:00,1.7055742925802786
2013-08-06 00:00:00+00:00,1.7146127528747577
2013-08-07 00:00:00+00:00,1.5901318931577015
2013-08-08 00:00:00+00:00,1.4281908147423057
2013-08-09 00:00:00+00:00,1.2764925102904328
2013-08-12 00:00:00+00:00,1.1462187512217548
2013-08-13 00:00:00+00:00,1.0462121019327395
2013-08-14 00:00:00+00:00,0.9382848580751764
2013-08-15 00:00:00+00:00,0.8318986003165754
2013-08-16 00:00:00+00:00,0.7276910123448568
2013-08-19 00:00:00+00:00,0.6260082522709811
2013-08-20 00:00:00+00:00,0.5247591495891107
2013-08-21 00:00:00+00:00,0.7301588999581604
2013-08-22 00:00:00+00:00,1.311704661337298
2013-08-23 00:00:00+00:00,1.6219441137470099
2013-08-26 00:00:00+00:00,1.6120130462527293
2013-08-27 00:00:00+00:00,1.4891365741898528
2013-08-28 00:00:00+00:00,1.3361762654044997
2013-08-29 00:00:00+00:00,1.1844859121962399
2013-08-30 00:00:00+00:00,1.044091013155362
2013-09-03 00:00:00+00:00,2.069829795980814
2013-09-04 00:00:00+00:00,1.5873744515392796
2013-09-05 00:00:00+00:00,1.276956284746161
2013-09-06 00:00:00+00:00,1.0612781404007519
2013-09-09 00:00:00+00:00,0.8987875283812272
2013-09-10 00:00:00+00:00,0.7665590589944037
2013-09-11 00:00:00+00:00,0.6513076632065605
2013-09-12 00:00:00+00:00,1.5882533094955493
2013-09-13 00:00:00+00:00,1.7820620069658915
2013-09-16 00:00:00+00:00,1.7105211870554804
2013-09-17 00:00:00+00:00,1.163564769247768
2013-09-18 00:00:00+00:00,1.7997945959882258
2013-09-19 00:00:00+00:00,1.871906594128662
2013-09-20 00:00:00+00:00,1.7534637080252522
2013-09-23 00:00:00+00:00,1.5852745033656643
2013-09-24 00:00:00+00:00,1.4103196389430557
2013-09-25 00:00:00+00:00,1.2447405630426869
2013-09-26 00:00:00+00:00,0.8368058839261509
2013-09-27 00:00:00+00:00,0.5853181794862223
2013-09-30 00:00:00+00:00,0.4078006363610593
2013-10-01 00:00:00+00:00,-0.11232744783626877
2013-10-02 00:00:00+00:00,-0.5080117809755794
2013-10-03 00:00:00+00:00,-0.7058539475452348
2013-10-04 00:00:00+00:00,-0.8047750308300624
2013-10-07 00:00:00+00:00,-0.8542355724724762
2013-10-08 00:00:00+00:00,-0.9671795111034309
2013-10-09 00:00:00+00:00,-0.9569321583669752
2013-10-10 00:00:00+00:00,-0.8933810964395843
2013-10-11 00:00:00+00:00,-1.2841424916621789
2013-10-14 00:00:00+00:00,-1.3830298194658623
2013-10-15 00:00:00+00:00,-1.3711266710485164
2013-10-16 00:00:00+00:00,-1.348694988925952
2013-10-17 00:00:00+00:00,-1.2659554727727051
2013-10-18 00:00:00+00:00,-1.173039461253425
2013-10-21 00:00:00+00:00,-1.1029175101206956
2013-10-22 00:00:00+00:00,1.0300094446407506
2013-10-23 00:00:00+00:00,1.8378803778525643
2013-10-24 00:00:00+00:00,2.51437602803501
2013-10-25 00:00:00+00:00,2.4043124475008275
2013-10-28 00:00:00+00:00,2.119050322914472
2013-10-29 00:00:00+00:00,1.8267277528362604
2013-10-30 00:00:00+00:00,1.570907373641064
2013-10-31 00:00:00+00:00,1.4954369660663436
2013-11-01 00:00:00+00:00,1.2221422193912235
2013-11-04 00:00:00+00:00,0.9494434165740115
2013-11-05 00:00:00+00:00,0.6804344915295999
2013-11-06 00:00:00+00:00,-0.5594872741120788
2013-11-07 00:00:00+00:00,-1.116839310600381
2013-11-08 00:00:00+00:00,-1.3417345435338617
2013-11-11 00:00:00+00:00,-1.4072134593077714
2013-11-12 00:00:00+00:00,-1.3619339608287082
2013-11-13 00:00:00+00:00,-0.9112500736502718
2013-11-14 00:00:00+00:00,-0.647950766956374
2013-11-15 00:00:00+00:00,-0.6750960645329342
2013-11-18 00:00:00+00:00,-0.3671840509093914
2013-11-19 00:00:00+00:00,-0.17319612597685496
2013-11-20 00:00:00+00:00,-0.13986295685534103
2013-11-21 00:00:00+00:00,-0.058434006224931945
2013-11-22 00:00:00+00:00,0.05356259758407751
2013-11-25 00:00:00+00:00,0.7583371538182037
2013-11-26 00:00:00+00:00,1.1326179369447902
2013-11-27 00:00:00+00:00,1.831892021209844
2013-11-29 00:00:00+00:00,2.026196023051596
2013-12-02 00:00:00+00:00,2.1156851660947016
2013-12-03 00:00:00+00:00,1.9189382438330973
2013-12-04 00:00:00+00:00,1.7044470849122755
2013-12-05 00:00:00+00:00,1.4928759673096645
2013-12-06 00:00:00+00:00,1.2514462155974542
2013-12-09 00:00:00+00:00,1.0709349545218525
2013-12-10 00:00:00+00:00,0.9238552552511203
2013-12-11 00:00:00+00:00,0.7978545317876211
2013-12-12 00:00:00+00:00,0.6852645243700297
2013-12-13 00:00:00+00:00,0.580164783132942
2013-12-16 00:00:00+00:00,0.47835553378600104
2013-12-17 00:00:00+00:00,0.36746644734236844
2013-12-18 00:00:00+00:00,0.2077656550041825
2013-12-19 00:00:00+00:00,-1.6398224289532852
2013-12-20 00:00:00+00:00,-2.0398482583752386
2013-12-23 00:00:00+00:00,-2.2059206186862776
2013-12-24 00:00:00+00:00,-2.04408425745745
2013-12-26 00:00:00+00:00,-1.8070642855474026
2013-12-27 00:00:00+00:00,-1.5755836749056673
2013-12-30 00:00:00+00:00,-1.3706421832610247
2013-12-31 00:00:00+00:00,-1.194496168847825
2014-01-02 00:00:00+00:00,-1.0429571723948823
2014-01-03 00:00:00+00:00,-0.9105610521685801
2014-01-06 00:00:00+00:00,-0.7921981918626106
2014-01-07 00:00:00+00:00,-0.7527198276768309
2014-01-08 00:00:00+00:00,-0.6880629939629226
2014-01-09 00:00:00+00:00,-0.6216359281123138
2014-01-10 00:00:00+00:00,-0.7117551612981781
2014-01-13 00:00:00+00:00,-0.7375155745469307
2014-01-14 00:00:00+00:00,-1.9792203741064454
2014-01-15 00:00:00+00:00,0.3742310401728227
2014-01-16 00:00:00+00:00,1.2328176110951719
2014-01-17 00:00:00+00:00,1.2989853412868264
2014-01-21 00:00:00+00:00,0.8389588573296722
2014-01-22 00:00:00+00:00,0.5924192797414239
2014-01-23 00:00:00+00:00,0.45293042186458043
2014-01-24 00:00:00+00:00,0.3672179045289494
2014-01-27 00:00:00+00:00,0.30859151729681233
2014-01-28 00:00:00+00:00,0.2636555030517024
2014-01-29 00:00:00+00:00,0.21145550868467233
2014-01-30 00:00:00+00:00,0.15468957900168007
2014-01-31 00:00:00+00:00,0.09417249050351956
2014-02-03 00:00:00+00:00,0.029610258236314073
2014-02-04 00:00:00+00:00,-0.04012429268209418
2014-02-05 00:00:00+00:00,-0.2570016974446382
2014-02-06 00:00:00+00:00,-0.3137404921310004
2014-02-07 00:00:00+00:00,-0.28596969093896407
2014-02-10 00:00:00+00:00,-0.28596969093896407
2014-02-11 00:00:00+00:00,-2.505179534406279
2014-02-12 00:00:00+00:00,-2.4841199806051595
2014-02-13 00:00:00+00:00,-2.702036541984196
2014-02-14 00:00:00+00:00,-2.734634525365774
2014-02-18 00:00:00+00:00,-3.135148109685094
2014-02-19 00:00:00+00:00,-2.689429393693845
2014-02-20 00:00:00+00:00,-2.246285877220765
2014-02-21 00:00:00+00:00,-1.8795744514490145
2014-02-24 00:00:00+00:00,-1.589067508419195
2014-02-25 00:00:00+00:00,-1.3588134298550232
2014-02-26 00:00:00+00:00,-0.4188427005502772
2014-02-27 00:00:00+00:00,-1.3022890964970841
2014-02-28 00:00:00+00:00,-1.5432392289159833
2014-03-03 00:00:00+00:00,0.7846073881721971
2014-03-04 00:00:00+00:00,1.5346977949085363
2014-03-05 00:00:00+00:00,1.688663913391014
2014-03-06 00:00:00+00:00,1.6203556294604797
2014-03-07 00:00:00+00:00,1.6830789351709985
2014-03-10 00:00:00+00:00,1.578727002361299
2014-03-11 00:00:00+00:00,1.4241593963294286
2014-03-12 00:00:00+00:00,1.2646451266384164
2014-03-13 00:00:00+00:00,1.11577403383327
2014-03-14 00:00:00+00:00,0.9809614843425389
2014-03-17 00:00:00+00:00,0.8590324215128169
2014-03-18 00:00:00+00:00,0.747294020296198
2014-03-19 00:00:00+00:00,0.6417631641067484
2014-03-20 00:00:00+00:00,0.546428336683727
2014-03-21 00:00:00+00:00,0.5645018008435896
2014-03-24 00:00:00+00:00,0.5237738461915754
2014-03-25 00:00:00+00:00,0.4513531097820097
2014-03-26 00:00:00+00:00,1.7932792242931392
2014-03-27 00:00:00+00:00,2.1281698256072055
2014-03-28 00:00:00+00:00,2.0301766958828376
2014-03-31 00:00:00+00:00,1.8161293373212386
2014-04-01 00:00:00+00:00,1.3560321257876344
2014-04-02 00:00:00+00:00,1.071045042870848
2014-04-03 00:00:00+00:00,0.8782797496341972
2014-04-04 00:00:00+00:00,0.7346263924674957
2014-04-07 00:00:00+00:00,-0.07296643518943541
2014-04-08 00:00:00+00:00,0.5390901256764588
2014-04-09 00:00:00+00:00,0.08142182186906294
2014-04-10 00:00:00+00:00,-0.19142859475995816
2014-04-11 00:00:00+00:00,-0.3803699321255939
2014-04-14 00:00:00+00:00,-0.5405470975616002
2014-04-15 00:00:00+00:00,-0.9322975337309338
2014-04-16 00:00:00+00:00,-1.0434802662353266
2014-04-17 00:00:00+00:00,-1.0293354352477413
2014-04-21 00:00:00+00:00,-0.9630833228651222
2014-04-22 00:00:00+00:00,-0.8792753542415026
2014-04-23 00:00:00+00:00,-1.8787447206633165
2014-04-24 00:00:00+00:00,-2.023188550580949
2014-04-25 00:00:00+00:00,-1.7242048937691017
2014-04-28 00:00:00+00:00,-1.480781197687404
2014-04-29 00:00:00+00:00,-1.289457623887251
2014-04-30 00:00:00+00:00,-1.144359253235035
2014-05-01 00:00:00+00:00,-0.9551040115739593
2014-05-02 00:00:00+00:00,-0.8086442957515747
2014-05-05 00:00:00+00:00,-0.6858421904571932
2014-05-06 00:00:00+00:00,-0.5751578278923947
2014-05-07 00:00:00+00:00,-0.47202287496230505
2014-05-08 00:00:00+00:00,0.5401902317949653
2014-05-09 00:00:00+00:00,1.0462967851736005
2014-05-12 00:00:00+00:00,1.4362551522395628
2014-05-13 00:00:00+00:00,1.5827781557939717
2014-05-14 00:00:00+00:00,1.3911620569975003
2014-05-15 00:00:00+00:00,1.2234896512833016
2014-05-16 00:00:00+00:00,0.9145384710240821
2014-05-19 00:00:00+00:00,0.7142894689797907
2014-05-20 00:00:00+00:00,0.5687590218481537
2014-05-21 00:00:00+00:00,0.2567881480337717
2014-05-22 00:00:00+00:00,0.05455835504809914
2014-05-23 00:00:00+00:00,-0.3219460268076386
2014-05-27 00:00:00+00:00,0.7601593595397744
2014-05-28 00:00:00+00:00,0.5576508810710108
2014-05-29 00:00:00+00:00,0.39396698715344214
2014-05-30 00:00:00+00:00,0.3121250401946578
2014-06-02 00:00:00+00:00,0.27120406671526565
2014-06-03 00:00:00+00:00,0.27804449567998635
2014-06-04 00:00:00+00:00,0.31112696753791613
2014-06-05 00:00:00+00:00,-1.5635009453176125
2014-06-06 00:00:00+00:00,-1.9799404095134783
2014-06-09 00:00:00+00:00,-1.9271993834784682
2014-06-10 00:00:00+00:00,-1.7451211994286884
2014-06-11 00:00:00+00:00,-0.8473114744786678
2014-06-12 00:00:00+00:00,-0.3864607002705968
2014-06-13 00:00:00+00:00,-0.1439127696246309
2014-06-16 00:00:00+00:00,-0.015140445316046199
2014-06-17 00:00:00+00:00,0.08903122784296529
2014-06-18 00:00:00+00:00,0.027608922891423995
2014-06-19 00:00:00+00:00,0.03029665276462086
2014-06-20 00:00:00+00:00,0.3630282043102063
2014-06-23 00:00:00+00:00,0.6672921594631341
2014-06-24 00:00:00+00:00,0.8308367755211391
2014-06-25 00:00:00+00:00,0.9244521493756239
2014-06-26 00:00:00+00:00,0.9158990128123294
2014-06-27 00:00:00+00:00,0.6856433892285044
2014-06-30 00:00:00+00:00,0.86148238144767
2014-07-01 00:00:00+00:00,2.149777799708393
2014-07-02 00:00:00+00:00,2.273600863409329
2014-07-03 00:00:00+00:00,2.08458842371268
2014-07-07 00:00:00+00:00,1.7502182602807923
2014-07-08 00:00:00+00:00,1.4865533042992176
2014-07-09 00:00:00+00:00,1.276377333570668
2014-07-10 00:00:00+00:00,1.1057214597173934
2014-07-11 00:00:00+00:00,0.9628739715977673
2014-07-14 00:00:00+00:00,0.8375321782060263
2014-07-15 00:00:00+00:00,0.7243796985837077
2014-07-16 00:00:00+00:00,0.4971053471490891
2014-07-17 00:00:00+00:00,0.33039652628755295
2014-07-18 00:00:00+00:00,0.18184726019643466
2014-07-21 00:00:00+00:00,-0.010890179576186612
2014-07-22 00:00:00+00:00,-0.5979676296230894
2014-07-23 00:00:00+00:00,-0.8273930535483938
2014-07-24 00:00:00+00:00,-1.4232837295684897
2014-07-25 00:00:00+00:00,-1.6116062515439213
2014-07-28 00:00:00+00:00,-1.5654841948454972
2014-07-29 00:00:00+00:00,-1.4390026332354693
2014-07-30 00:00:00+00:00,-1.746670658285549
2014-07-31 00:00:00+00:00,-1.7331873373887356
2014-08-01 00:00:00+00:00,-0.6560071582085681
2014-08-04 00:00:00+00:00,0.1563038603960108
2014-08-05 00:00:00+00:00,-1.2337353321354925
2014-08-06 00:00:00+00:00,-1.6300078091450514
2014-08-07 00:00:00+00:00,-1.6497672726764123
2014-08-08 00:00:00+00:00,-1.4264666161780748
2014-08-11 00:00:00+00:00,-1.2387985018095973
2014-08-12 00:00:00+00:00,-1.080191091602903
2014-08-13 00:00:00+00:00,-0.9437999396867789
2014-08-14 00:00:00+00:00,-0.8241290017372593
2014-08-15 00:00:00+00:00,-0.7160890088531247
2014-08-18 00:00:00+00:00,-0.6156108551784001
2014-08-19 00:00:00+00:00,-0.5191276869199977
2014-08-20 00:00:00+00:00,-0.14232248060858171
2014-08-21 00:00:00+00:00,0.6084505210114549
2014-08-22 00:00:00+00:00,1.5906251055785685
2014-08-25 00:00:00+00:00,1.9914493523415726
2014-08-26 00:00:00+00:00,1.943396165351865
2014-08-27 00:00:00+00:00,1.7617655326108
2014-08-28 00:00:00+00:00,1.6832444585946664
2014-08-29 00:00:00+00:00,1.5857979265318112
2014-09-02 00:00:00+00:00,1.724699179537493
2014-09-03 00:00:00+00:00,1.891746887065341
2014-09-04 00:00:00+00:00,2.1068682917034467
2014-09-05 00:00:00+00:00,2.0440170068533736
2014-09-08 00:00:00+00:00,1.8517396989046615
2014-09-09 00:00:00+00:00,1.6430061209107496
2014-09-10 00:00:00+00:00,1.6242385857902266
2014-09-11 00:00:00+00:00,1.3513931346900891
2014-09-12 00:00:00+00:00,1.153698402752776
2014-09-15 00:00:00+00:00,0.9956271703327044
2014-09-16 00:00:00+00:00,1.2046800221460723
2014-09-17 00:00:00+00:00,1.355226988194834
2014-09-18 00:00:00+00:00,1.3546969788479457
2014-09-19 00:00:00+00:00,0.41065036303735875
2014-09-22 00:00:00+00:00,-0.1771399777588368
2014-09-23 00:00:00+00:00,-0.5801789986785503
2014-09-24 00:00:00+00:00,-1.6404904608096025
2014-09-25 00:00:00+00:00,-1.8578641699019078
2014-09-26 00:00:00+00:00,-1.78966191818931
2014-09-29 00:00:00+00:00,-1.6965102931981912
2014-09-30 00:00:00+00:00,-1.6142095037332347
2014-10-01 00:00:00+00:00,-1.3828798926131558
2014-10-02 00:00:00+00:00,-1.3724998103769739
2014-10-03 00:00:00+00:00,-1.053371205796163
2014-10-06 00:00:00+00:00,-0.9393864399210012
2014-10-07 00:00:00+00:00,-0.8303732317671837
2014-10-08 00:00:00+00:00,-0.7334701472309284
2014-10-09 00:00:00+00:00,-0.6608111763490876
2014-10-10 00:00:00+00:00,-0.5758958610778872
2014-10-13 00:00:00+00:00,-0.899569303996963
2014-10-14 00:00:00+00:00,-1.2159253469712974
2014-10-15 00:00:00+00:00,-1.9333467832628395
2014-10-16 00:00:00+00:00,-1.954188883175144
2014-10-17 00:00:00+00:00,-1.4959193199747183
2014-10-20 00:00:00+00:00,-1.2019301015156372
2014-10-21 00:00:00+00:00,-1.002621504448226
2014-10-22 00:00:00+00:00,-0.8497047477092285
2014-10-23 00:00:00+00:00,0.19856175859917757
2014-10-24 00:00:00+00:00,0.7371531636760529
2014-10-27 00:00:00+00:00,1.146611335748033
2014-10-28 00:00:00+00:00,1.765135894956665
2014-10-29 00:00:00+00:00,1.8422245628483105
2014-10-30 00:00:00+00:00,1.7303163384125795
2014-10-31 00:00:00+00:00,1.5648990538910987
2014-11-03 00:00:00+00:00,1.387644811080044
2014-11-04 00:00:00+00:00,1.2224328712461343
2014-11-05 00:00:00+00:00,1.0788250002139848
2014-11-06 00:00:00+00:00,0.9537478739162011
2014-11-07 00:00:00+00:00,0.8768972626134243
2014-11-10 00:00:00+00:00,0.7901353260136145
2014-11-11 00:00:00+00:00,0.7060219217809147
2014-11-12 00:00:00+00:00,0.6481197575704825
2014-11-13 00:00:00+00:00,0.5736922004250505
2014-11-14 00:00:00+00:00,0.5024312684631365
2014-11-17 00:00:00+00:00,0.7676134137251617
2014-11-18 00:00:00+00:00,0.8356547639194765
2014-11-19 00:00:00+00:00,0.8122327008324697
2014-11-20 00:00:00+00:00,0.7476813759476821
2014-11-21 00:00:00+00:00,2.14997882074006
2014-11-24 00:00:00+00:00,2.297009595691545
2014-11-25 00:00:00+00:00,2.1106290414386892
2014-11-26 00:00:00+00:00,1.8548577693261143
2014-11-28 00:00:00+00:00,1.6105589357270174
2014-12-01 00:00:00+00:00,-0.922003502270788
2014-12-02 00:00:00+00:00,-1.6637244958249777
2014-12-03 00:00:00+00:00,-1.7824714976762563
2014-12-04 00:00:00+00:00,-1.6825195388838639
2014-12-05 00:00:00+00:00,-1.6695737553081682
2014-12-08 00:00:00+00:00,-1.5382745697521045
2014-12-09 00:00:00+00:00,-1.377029979104888
2014-12-10 00:00:00+00:00,-1.2186135871612622
2014-12-11 00:00:00+00:00,-1.0731576346249765
2014-12-12 00:00:00+00:00,-0.941880452492162
2014-12-15 00:00:00+00:00,-0.8233438800952384
2014-12-16 00:00:00+00:00,-0.5676603283066791
2014-12-17 00:00:00+00:00,-0.38032631298367725
2014-12-18 00:00:00+00:00,-0.2032895776210552
2014-12-19 00:00:00+00:00,0.24963492295408732
2014-12-22 00:00:00+00:00,0.49825977448923675
2014-12-23 00:00:00+00:00,0.6464951732909514
2014-12-24 00:00:00+00:00,0.7466137650323637
2014-12-26 00:00:00+00:00,0.8251549395737019
2014-12-29 00:00:00+00:00,0.806982788660148
2014-12-30 00:00:00+00:00,0.7450564198620507
2014-12-31 00:00:00+00:00,0.6638158424327836
2015-01-02 00:00:00+00:00,0.5734308669862062
2015-01-05 00:00:00+00:00,0.7568310087861071
2015-01-06 00:00:00+00:00,0.845527251434252
2015-01-07 00:00:00+00:00,1.211325858280465
2015-01-08 00:00:00+00:00,1.2796841719515366
2015-01-09 00:00:00+00:00,1.2244080588183008
2015-01-12 00:00:00+00:00,-0.33482347838567994
2015-01-13 00:00:00+00:00,-0.9793860771991771
2015-01-14 00:00:00+00:00,-1.2009923490285703
2015-01-15 00:00:00+00:00,-1.2320864486053127
2015-01-16 00:00:00+00:00,0.9497916581670685
2015-01-20 00:00:00+00:00,1.6742438644982758
2015-01-21 00:00:00+00:00,1.7848021871577855
2015-01-22 00:00:00+00:00,1.6809038010916704
2015-01-23 00:00:00+00:00,1.4967002277679697
2015-01-26 00:00:00+00:00,1.133274591830507
2015-01-27 00:00:00+00:00,1.3097238206918709
2015-01-28 00:00:00+00:00,1.6796673044808559
2015-01-29 00:00:00+00:00,1.681017381550968
2015-01-30 00:00:00+00:00,1.6081088217477166
2015-02-02 00:00:00+00:00,1.4633004448117755
2015-02-03 00:00:00+00:00,1.314257364859245
2015-02-04 00:00:00+00:00,1.1427569214298625
2015-02-05 00:00:00+00:00,1.1268887563892407
2015-02-06 00:00:00+00:00,1.5075767378713776
2015-02-09 00:00:00+00:00,1.7238888199875033
2015-02-10 00:00:00+00:00,1.6743689658996805
2015-02-11 00:00:00+00:00,1.5376666745125376
2015-02-12 00:00:00+00:00,1.3844037907827613
2015-02-13 00:00:00+00:00,1.2428403141105235
2015-02-17 00:00:00+00:00,1.6311414060235394
2015-02-18 00:00:00+00:00,1.7508476757732951
2015-02-19 00:00:00+00:00,1.663162162338903
2015-02-20 00:00:00+00:00,1.512767569193447
2015-02-23 00:00:00+00:00,1.3519135692415771
2015-02-24 00:00:00+00:00,1.0354848459150208
2015-02-25 00:00:00+00:00,0.8274545959239783
2015-02-26 00:00:00+00:00,0.6773297637239692
2015-02-27 00:00:00+00:00,0.5551354436763543
2015-03-02 00:00:00+00:00,0.05995041124704223
2015-03-03 00:00:00+00:00,-0.7438768358552997
2015-03-04 00:00:00+00:00,-1.1079342536651113
2015-03-05 00:00:00+00:00,-1.2557091452874065
2015-03-06 00:00:00+00:00,-1.2983622648838142
2015-03-09 00:00:00+00:00,-1.1934604724870574
2015-03-10 00:00:00+00:00,-1.1131330053342288
2015-03-11 00:00:00+00:00,-1.1110190696702846
2015-03-12 00:00:00+00:00,-0.9599237471468418
2015-03-13 00:00:00+00:00,-0.712316520612654
2015-03-16 00:00:00+00:00,-0.5359493634352869
2015-03-17 00:00:00+00:00,-0.3971167210180824
2015-03-18 00:00:00+00:00,-0.08682184712235698
2015-03-19 00:00:00+00:00,0.17602874545026498
2015-03-20 00:00:00+00:00,0.5613894291414867
2015-03-23 00:00:00+00:00,0.94878581212314
2015-03-24 00:00:00+00:00,1.055906225960696
2015-03-25 00:00:00+00:00,1.7516854628080938
2015-03-26 00:00:00+00:00,2.0421516991592057
2015-03-27 00:00:00+00:00,1.964689837785724
2015-03-30 00:00:00+00:00,1.8055512948598489
2015-03-31 00:00:00+00:00,1.6782544799832633
2015-04-01 00:00:00+00:00,1.527155914222862
2015-04-02 00:00:00+00:00,1.206976132285312
2015-04-06 00:00:00+00:00,0.9905184669127958
2015-04-07 00:00:00+00:00,0.8303209518608674
2015-04-08 00:00:00+00:00,0.5910961455038017
2015-04-09 00:00:00+00:00,0.8738989923895164
2015-04-10 00:00:00+00:00,0.9539631349173671
2015-04-13 00:00:00+00:00,1.2358397144815654
2015-04-14 00:00:00+00:00,1.4570662489188346
2015-04-15 00:00:00+00:00,1.6157470751933038
2015-04-16 00:00:00+00:00,1.5783884557856966
2015-04-17 00:00:00+00:00,1.3755290261671242
2015-04-20 00:00:00+00:00,1.5413220279004465
2015-04-21 00:00:00+00:00,1.4936768224662877
2015-04-22 00:00:00+00:00,1.3702704283811427
2015-04-23 00:00:00+00:00,1.228285973163116
2015-04-24 00:00:00+00:00,1.0936569571728425
2015-04-27 00:00:00+00:00,0.9723703408139268
2015-04-28 00:00:00+00:00,0.8671838368075129
2015-04-29 00:00:00+00:00,0.8154732263164441
2015-04-30 00:00:00+00:00,1.6785981961936975
2015-05-01 00:00:00+00:00,1.9259173841612771
2015-05-04 00:00:00+00:00,1.8613572892056065
2015-05-05 00:00:00+00:00,1.6897891607396882
2015-05-06 00:00:00+00:00,1.5013033314164728
2015-05-07 00:00:00+00:00,0.9099071800258167
2015-05-08 00:00:00+00:00,1.3945324312760659
2015-05-11 00:00:00+00:00,1.4834074357871798
2015-05-12 00:00:00+00:00,1.9498307300619033
2015-05-13 00:00:00+00:00,1.9369948881258914
2015-05-14 00:00:00+00:00,1.7751941305025525
2015-05-15 00:00:00+00:00,1.5835316221755957
2015-05-18 00:00:00+00:00,1.4034253566283361
2015-05-19 00:00:00+00:00,1.4646882417248774
2015-05-20 00:00:00+00:00,1.329875070440962
2015-05-21 00:00:00+00:00,1.1867917360986602
2015-05-22 00:00:00+00:00,1.0505735081845828
2015-05-26 00:00:00+00:00,0.9252280567554336
2015-05-27 00:00:00+00:00,0.34473962743036024
2015-05-28 00:00:00+00:00,-0.010487972664163847
2015-05-29 00:00:00+00:00,-0.7739421146849872
2015-06-01 00:00:00+00:00,-0.7697536244205965
2015-06-02 00:00:00+00:00,-0.8742004498494313
2015-06-03 00:00:00+00:00,-0.8743070101772431
2015-06-04 00:00:00+00:00,-0.8277258339035427
2015-06-05 00:00:00+00:00,-2.0644915335495186
2015-06-08 00:00:00+00:00,-2.3638447742832467
2015-06-09 00:00:00+00:00,-2.2031218340331877
2015-06-10 00:00:00+00:00,-1.9430303594337994
2015-06-11 00:00:00+00:00,-1.6865406811809114
2015-06-12 00:00:00+00:00,-1.4621844794224772
2015-06-15 00:00:00+00:00,-1.2724864326243899
2015-06-16 00:00:00+00:00,-1.207115633586311
2015-06-17 00:00:00+00:00,-1.1035423701535565
2015-06-18 00:00:00+00:00,-0.8889242699663521
2015-06-19 00:00:00+00:00,-0.7321401158743986
2015-06-22 00:00:00+00:00,-0.6039499148971816
2015-06-23 00:00:00+00:00,-0.4875180239000042
2015-06-24 00:00:00+00:00,-0.36802154238691914
2015-06-25 00:00:00+00:00,-0.18401077119345957
2015-06-26 00:00:00+00:00,-1.7972010657724278
2015-06-29 00:00:00+00:00,-2.091397341920173
2015-06-30 00:00:00+00:00,-1.2086840812767417
2015-07-01 00:00:00+00:00,-1.3468248777701346
2015-07-02 00:00:00+00:00,-1.546203768976118
2015-07-06 00:00:00+00:00,0.6442694234869801
2015-07-07 00:00:00+00:00,1.3970599391529321
2015-07-08 00:00:00+00:00,1.5722624389155426
2015-07-09 00:00:00+00:00,1.5238341306702023
2015-07-10 00:00:00+00:00,1.1845784785510303
2015-07-13 00:00:00+00:00,0.9710569894001748
2015-07-14 00:00:00+00:00,0.8240139296031306
2015-07-15 00:00:00+00:00,0.7129277942944932
2015-07-16 00:00:00+00:00,0.6218330455532426
2015-07-17 00:00:00+00:00,0.43778174897325906
2015-07-20 00:00:00+00:00,0.29484918700737794
2015-07-21 00:00:00+00:00,0.16247049812501763
2015-07-22 00:00:00+00:00,0.04890112799639746
2015-07-23 00:00:00+00:00,-0.10018828400799286
2015-07-24 00:00:00+00:00,-0.4955557521292487
2015-07-27 00:00:00+00:00,-1.3938752696208367
2015-07-28 00:00:00+00:00,-1.652588203629402
2015-07-29 00:00:00+00:00,-1.6637117338509282
2015-07-30 00:00:00+00:00,-1.5998971637258745
2015-07-31 00:00:00+00:00,-1.4602589122076508
2015-08-03 00:00:00+00:00,-1.305677330404972
2015-08-04 00:00:00+00:00,-0.5752124778419714
2015-08-05 00:00:00+00:00,-0.1628329684340753
2015-08-06 00:00:00+00:00,0.10043748505972813
2015-08-07 00:00:00+00:00,0.5997283278089295
2015-08-10 00:00:00+00:00,0.8385335225751491
2015-08-11 00:00:00+00:00,0.25629451649877916
2015-08-12 00:00:00+00:00,0.0060218614875905685
2015-08-13 00:00:00+00:00,0.31322062491419816
2015-08-14 00:00:00+00:00,0.505521662852436
2015-08-17 00:00:00+00:00,0.5523331761837464
2015-08-18 00:00:00+00:00,0.5277154623850022
2015-08-19 00:00:00+00:00,0.46677759367076255
2015-08-20 00:00:00+00:00,0.38426698492845807
2015-08-21 00:00:00+00:00,0.281832862648645
2015-08-24 00:00:00+00:00,0.1409164313243225
2015-08-25 00:00:00+00:00,0.8565994358105624
2015-08-26 00:00:00+00:00,1.590194721766623
2015-08-27 00:00:00+00:00,1.5545937876094809
2015-08-28 00:00:00+00:00,1.4742901220091613
2015-08-31 00:00:00+00:00,1.3807961584765547
2015-09-01 00:00:00+00:00,1.263246523248962
2015-09-02 00:00:00+00:00,1.1513263732185521
2015-09-03 00:00:00+00:00,1.0304072289296968
2015-09-04 00:00:00+00:00,0.9122358425433396
2015-09-08 00:00:00+00:00,-1.1790126553416813
2015-09-09 00:00:00+00:00,-1.7629709691311817
2015-09-10 00:00:00+00:00,-1.6900246810080546
2015-09-11 00:00:00+00:00,-1.3969918570600481
2015-09-14 00:00:00+00:00,-1.1910396098196265
2015-09-15 00:00:00+00:00,-1.0361409815833837
2015-09-16 00:00:00+00:00,-0.9058784496596708
2015-09-17 00:00:00+00:00,-0.7278407269573895
2015-09-18 00:00:00+00:00,-0.5942579437622055
2015-09-21 00:00:00+00:00,0.3328167253744905
2015-09-22 00:00:00+00:00,0.7845719354602292
2015-09-23 00:00:00+00:00,0.9990658439470013
2015-09-24 00:00:00+00:00,1.0953028671948224
2015-09-25 00:00:00+00:00,1.1327626371720116
2015-09-28 00:00:00+00:00,1.1411642572864586
2015-09-29 00:00:00+00:00,1.0771430047813548
2015-09-30 00:00:00+00:00,0.7946690701457464
2015-10-01 00:00:00+00:00,1.8079665878783213
2015-10-02 00:00:00+00:00,-0.35252281924818785
2015-10-05 00:00:00+00:00,-1.1803772384697322
2015-10-06 00:00:00+00:00,-1.4346184315034138
2015-10-07 00:00:00+00:00,-1.4472584814914362
2015-10-08 00:00:00+00:00,-1.36350590935496
2015-10-09 00:00:00+00:00,-1.425218568811104
2015-10-12 00:00:00+00:00,-1.3927060908007942
2015-10-13 00:00:00+00:00,-0.8392224087751762
2015-10-14 00:00:00+00:00,-0.5276686662546148
2015-10-15 00:00:00+00:00,-0.3357270037267419
2015-10-16 00:00:00+00:00,-0.20126286783447678
2015-10-19 00:00:00+00:00,-0.09179268883077761
2015-10-20 00:00:00+00:00,0.011199620377203248
2015-10-21 00:00:00+00:00,0.11312542788664662
2015-10-22 00:00:00+00:00,1.074968121906329
2015-10-23 00:00:00+00:00,1.519226360989372
2015-10-26 00:00:00+00:00,1.5722809169666796
2015-10-27 00:00:00+00:00,1.6710383007596676
2015-10-28 00:00:00+00:00,1.5830156046368362
2015-10-29 00:00:00+00:00,0.8075736696898137
2015-10-30 00:00:00+00:00,0.35496847499176487
2015-11-02 00:00:00+00:00,0.02014113360169212
2015-11-03 00:00:00+00:00,-0.16641011527350846
2015-11-04 00:00:00+00:00,-0.16556369857037878
2015-11-05 00:00:00+00:00,-0.31064820687900746
2015-11-06 00:00:00+00:00,-0.406758989082306
2015-11-09 00:00:00+00:00,-1.3781290030607076
2015-11-10 00:00:00+00:00,-1.654157889963519
2015-11-11 00:00:00+00:00,-1.6518938207496556
2015-11-12 00:00:00+00:00,-1.4663676843976958
2015-11-13 00:00:00+00:00,-1.227366801681061
2015-11-16 00:00:00+00:00,-1.04661722256051
2015-11-17 00:00:00+00:00,-0.9096919627082548
2015-11-18 00:00:00+00:00,-0.8082731704832293
2015-11-19 00:00:00+00:00,-0.7084022550776179
2015-11-20 00:00:00+00:00,-0.6108819312826446
2015-11-23 00:00:00+00:00,0.7889767553484911
2015-11-24 00:00:00+00:00,1.3350486883192854
2015-11-25 00:00:00+00:00,1.508839609140599
2015-11-27 00:00:00+00:00,1.5061403636098074
2015-11-30 00:00:00+00:00,1.432391321122671
2015-12-01 00:00:00+00:00,1.3054051256661832
2015-12-02 00:00:00+00:00,1.1678082865088053
2015-12-03 00:00:00+00:00,1.0354930982451767
2015-12-04 00:00:00+00:00,0.9121518679958923
2015-12-07 00:00:00+00:00,0.7976409595299292
2015-12-08 00:00:00+00:00,0.6901081122667289
2015-12-09 00:00:00+00:00,0.5865770019031848
2015-12-10 00:00:00+00:00,0.4827546876378568
2015-12-11 00:00:00+00:00,0.3704767886925039
2015-12-14 00:00:00+00:00,0.3704767886925039
2015-12-15 00:00:00+00:00,0.3704767886925039
2015-12-16 00:00:00+00:00,0.3704767886925039
2015-12-17 00:00:00+00:00,-3.1719776514431874
2015-12-18 00:00:00+00:00,-2.8175190391823186
2015-12-21 00:00:00+00:00,-2.3748513026704443
2015-12-22 00:00:00+00:00,-1.988466640715076
2015-12-23 00:00:00+00:00,-1.6773633714215057
2015-12-24 00:00:00+00:00,-1.4302896640207101
2015-12-28 00:00:00+00:00,-1.2315426115046737
2015-12-29 00:00:00+00:00,-1.0676193628098658
2015-12-30 00:00:00+00:00,-0.9282150002782379
2015-12-31 00:00:00+00:00,-0.805672525671103
2016-01-04 00:00:00+00:00,-0.5681598461554604
2016-01-05 00:00:00+00:00,-0.3964988649956269
2016-01-06 00:00:00+00:00,-0.4957691066367595
2016-01-07 00:00:00+00:00,-0.06338202205882665
2016-01-08 00:00:00+00:00,0.21985786326372161
2016-01-11 00:00:00+00:00,0.3300341966383554
2016-01-12 00:00:00+00:00,0.35448328500537307
2016-01-13 00:00:00+00:00,0.3364971568202746
2016-01-14 00:00:00+00:00,0.2973480232836666
2016-01-15 00:00:00+00:00,0.24727534136011886
2016-01-19 00:00:00+00:00,1.504978636078288
2016-01-20 00:00:00+00:00,1.8038954482384737
2016-01-21 00:00:00+00:00,1.6900417583031233
2016-01-22 00:00:00+00:00,1.5211481571047556
2016-01-25 00:00:00+00:00,1.3495069860891524
2016-01-26 00:00:00+00:00,1.194533313747466
2016-01-27 00:00:00+00:00,1.0577090185855373
2016-01-28 00:00:00+00:00,0.9416065394641038
2016-01-29 00:00:00+00:00,0.8430047543744303
2016-02-01 00:00:00+00:00,0.7422363231054332
2016-02-02 00:00:00+00:00,0.6421716269463265
2016-02-03 00:00:00+00:00,0.5420706820845048
2016-02-04 00:00:00+00:00,0.4381817312000458
2016-02-05 00:00:00+00:00,1.0843851376339386
2016-02-08 00:00:00+00:00,1.7488955461352735
2016-02-09 00:00:00+00:00,1.832996670063686
2016-02-10 00:00:00+00:00,1.7175393244112507
2016-02-11 00:00:00+00:00,1.8892754881071645
2016-02-12 00:00:00+00:00,1.789693301970087
2016-02-16 00:00:00+00:00,2.502100084120589
2016-02-17 00:00:00+00:00,2.5485504493393187
2016-02-18 00:00:00+00:00,2.279181223046482
2016-02-19 00:00:00+00:00,1.9685155565074952
2016-02-22 00:00:00+00:00,0.31227377546797996
2016-02-23 00:00:00+00:00,-0.339953795551373
2016-02-24 00:00:00+00:00,-0.6491775229062084
2016-02-25 00:00:00+00:00,-0.7546269192208555
2016-02-26 00:00:00+00:00,-0.986324416468607
2016-02-29 00:00:00+00:00,-1.0433949840441763
2016-03-01 00:00:00+00:00,-1.377957995917944
2016-03-02 00:00:00+00:00,-1.1205452607859039
2016-03-03 00:00:00+00:00,-1.077859813903192
2016-03-04 00:00:00+00:00,-1.115919114396076
2016-03-07 00:00:00+00:00,-1.0663288154799784
2016-03-08 00:00:00+00:00,-1.0963591180282504
2016-03-09 00:00:00+00:00,-1.0624411163640584
2016-03-10 00:00:00+00:00,-1.068959524744879
2016-03-11 00:00:00+00:00,-1.2769784601268048
2016-03-14 00:00:00+00:00,-1.6361827230500507
2016-03-15 00:00:00+00:00,-1.8927151247073073
2016-03-16 00:00:00+00:00,-2.08323877442832
2016-03-17 00:00:00+00:00,-2.1479141461385716
2016-03-18 00:00:00+00:00,-2.209441391969692
2016-03-21 00:00:00+00:00,-2.1302965607651148
2016-03-22 00:00:00+00:00,-2.0001762868704063
2016-03-23 00:00:00+00:00,-1.804137724147978
2016-03-24 00:00:00+00:00,-1.6076790976464994
2016-03-28 00:00:00+00:00,-1.418170706710896
2016-03-29 00:00:00+00:00,-1.2838563414333177
2016-03-30 00:00:00+00:00,-1.1839362601786383
2016-03-31 00:00:00+00:00,-1.0747716469524824
2016-04-01 00:00:00+00:00,-0.7099462419322518
2016-04-04 00:00:00+00:00,-0.4679200274097982
2016-04-05 00:00:00+00:00,-0.27641425426961713
2016-04-06 00:00:00+00:00,-0.08748823175713635
2016-04-07 00:00:00+00:00,0.13192484425892848
2016-04-08 00:00:00+00:00,0.5842681286855095
2016-04-11 00:00:00+00:00,0.6662489986470073
2016-04-12 00:00:00+00:00,0.33583652890344556
2016-04-13 00:00:00+00:00,0.157002844114404
2016-04-14 00:00:00+00:00,0.048073388970507835
2016-04-15 00:00:00+00:00,-0.03269416840785382
2016-04-18 00:00:00+00:00,-0.1010611191681039
2016-04-19 00:00:00+00:00,0.45707056938871027
2016-04-20 00:00:00+00:00,0.7058544556192152
2016-04-21 00:00:00+00:00,0.8666920510785204
2016-04-22 00:00:00+00:00,1.2111634848441313
2016-04-25 00:00:00+00:00,1.288543431178594
2016-04-26 00:00:00+00:00,1.251242041687978
2016-04-27 00:00:00+00:00,0.3321639643634245
2016-04-28 00:00:00+00:00,-0.3642624406347136
2016-04-29 00:00:00+00:00,-1.0079385331489297
2016-05-02 00:00:00+00:00,-0.8608907524830806
2016-05-03 00:00:00+00:00,0.16897005525196412
2016-05-04 00:00:00+00:00,0.6074787314358658
2016-05-05 00:00:00+00:00,0.7613917461961495
2016-05-06 00:00:00+00:00,0.6887210637436572
2016-05-09 00:00:00+00:00,0.35164148171912896
2016-05-10 00:00:00+00:00,0.1904125077453555
2016-05-11 00:00:00+00:00,0.11714400762123164
2016-05-12 00:00:00+00:00,0.08789635967965241
2016-05-13 00:00:00+00:00,-0.5500071196800318
2016-05-16 00:00:00+00:00,-1.0062848878349422
2016-05-17 00:00:00+00:00,-1.1371921809134622
2016-05-18 00:00:00+00:00,-1.4871083948399113
2016-05-19 00:00:00+00:00,-1.5392313085023315
2016-05-20 00:00:00+00:00,-1.5105742278860226
2016-05-23 00:00:00+00:00,-1.414219917696511
2016-05-24 00:00:00+00:00,-1.2828176919379897
2016-05-25 00:00:00+00:00,-1.1487730708043076
2016-05-26 00:00:00+00:00,-1.02428612259263
2016-05-27 00:00:00+00:00,-0.9102971684919157
2016-05-31 00:00:00+00:00,-0.8018186875427726
2016-06-01 00:00:00+00:00,-0.47081951697169183
2016-06-02 00:00:00+00:00,-0.22711215632421697
2016-06-03 00:00:00+00:00,0.05722643460369663
2016-06-06 00:00:00+00:00,0.34256101294695707
2016-06-07 00:00:00+00:00,0.5879859310263766
2016-06-08 00:00:00+00:00,1.7731479754334758
2016-06-09 00:00:00+00:00,1.9839192691410812
2016-06-10 00:00:00+00:00,2.1376035583087973
2016-06-13 00:00:00+00:00,1.9882203235449922
2016-06-14 00:00:00+00:00,2.1483229702295974
2016-06-15 00:00:00+00:00,2.1491532000188274
2016-06-16 00:00:00+00:00,2.1978622741965417
2016-06-17 00:00:00+00:00,2.0538844232688374
2016-06-20 00:00:00+00:00,1.7839637986239962
2016-06-21 00:00:00+00:00,1.7690946124038294
2016-06-22 00:00:00+00:00,1.6298744383589003
2016-06-23 00:00:00+00:00,1.4623327422559882
2016-06-24 00:00:00+00:00,1.3018138295193902
2016-06-27 00:00:00+00:00,1.1601582987371972
2016-06-28 00:00:00+00:00,1.04210844203821
2016-06-29 00:00:00+00:00,1.0744117493425807
2016-06-30 00:00:00+00:00,1.0450238056994383
2016-07-01 00:00:00+00:00,0.5225119028497192
2016-07-05 00:00:00+00:00,-0.25787330760974936
2016-07-06 00:00:00+00:00,-0.7752037022080833
2016-07-07 00:00:00+00:00,-1.1124347235016172
2016-07-08 00:00:00+00:00,-1.2226724889333962
2016-07-11 00:00:00+00:00,-1.2140246827443755
2016-07-12 00:00:00+00:00,-1.7546195203040809
2016-07-13 00:00:00+00:00,-1.9585176109681512
2016-07-14 00:00:00+00:00,-1.9553219772285204
2016-07-15 00:00:00+00:00,-1.7885987199600197
2016-07-18 00:00:00+00:00,-1.5878611227536317
2016-07-19 00:00:00+00:00,-1.4460047927437576
2016-07-20 00:00:00+00:00,-0.971618877171877
2016-07-21 00:00:00+00:00,-0.6834456865260297
2016-07-22 00:00:00+00:00,-0.48231911105203684
2016-07-25 00:00:00+00:00,-0.3265178868040975
2016-07-26 00:00:00+00:00,-0.20368862622014847
2016-07-27 00:00:00+00:00,-0.09083181469804098
2016-07-28 00:00:00+00:00,-0.2592688070802584
2016-07-29 00:00:00+00:00,-0.28842538935922957
2016-08-01 00:00:00+00:00,-0.232039220413986
2016-08-02 00:00:00+00:00,-0.6707295736421448
2016-08-03 00:00:00+00:00,-0.8413897171286251
2016-08-04 00:00:00+00:00,-0.9267197888718652
2016-08-05 00:00:00+00:00,-0.9693848247434853
2016-08-08 00:00:00+00:00,-0.9907173426792953
2016-08-09 00:00:00+00:00,-1.0354203962062964
2016-08-10 00:00:00+00:00,-1.6929137065997626
2016-08-11 00:00:00+00:00,-1.793707952108203
2016-08-12 00:00:00+00:00,-1.6978949654334787
2016-08-15 00:00:00+00:00,-1.545887991373451
2016-08-16 00:00:00+00:00,-1.6669933927132106
2016-08-17 00:00:00+00:00,-1.6218528191484225
2016-08-18 00:00:00+00:00,-0.5196387770726338
2016-08-19 00:00:00+00:00,0.07299856509901431
2016-08-22 00:00:00+00:00,1.0194525790480835
2016-08-23 00:00:00+00:00,1.7123448207071608
2016-08-24 00:00:00+00:00,1.8175812197445382
2016-08-25 00:00:00+00:00,1.7157371946580464
2016-08-26 00:00:00+00:00,1.692826363652874
2016-08-29 00:00:00+00:00,1.5592676634896812
2016-08-30 00:00:00+00:00,1.732091121019394
2016-08-31 00:00:00+00:00,1.6621636561780897
2016-09-01 00:00:00+00:00,1.514822270980845
2016-09-02 00:00:00+00:00,1.5472756289343979
2016-09-06 00:00:00+00:00,1.4968261376952863
2016-09-07 00:00:00+00:00,1.3991509682379326
2016-09-08 00:00:00+00:00,1.2613345723829847
2016-09-09 00:00:00+00:00,1.0049498847141034
2016-09-12 00:00:00+00:00,1.4893024687323617
2016-09-13 00:00:00+00:00,1.6011578426643331
2016-09-14 00:00:00+00:00,1.9087020651114874
2016-09-15 00:00:00+00:00,1.8701985675868136
2016-09-16 00:00:00+00:00,1.7250218803786943
2016-09-19 00:00:00+00:00,2.00866321062673
2016-09-20 00:00:00+00:00,1.9498181443258202
2016-09-21 00:00:00+00:00,1.8852912945323084
2016-09-22 00:00:00+00:00,1.71390785785231
2016-09-23 00:00:00+00:00,1.5267648966668999
2016-09-26 00:00:00+00:00,1.2853598769809804
2016-09-27 00:00:00+00:00,1.3248990305379789
2016-09-28 00:00:00+00:00,1.238763240039304
2016-09-29 00:00:00+00:00,1.025914173442945
2016-09-30 00:00:00+00:00,0.9179115993413479
2016-10-03 00:00:00+00:00,-0.1890644437393914
2016-10-04 00:00:00+00:00,-0.8159828352204641
2016-10-05 00:00:00+00:00,-1.1076867285831966
2016-10-06 00:00:00+00:00,-1.233055457002388
2016-10-07 00:00:00+00:00,-1.2763980693179868
2016-10-10 00:00:00+00:00,-1.2159758018525757
2016-10-11 00:00:00+00:00,-1.117497897493056
2016-10-12 00:00:00+00:00,-1.0049747653289751
2016-10-13 00:00:00+00:00,-0.8922763397595973
2016-10-14 00:00:00+00:00,-0.783973555935348
2016-10-17 00:00:00+00:00,-0.6821646563688976
2016-10-18 00:00:00+00:00,-0.58199435784892
2016-10-19 00:00:00+00:00,-0.22009121946164215
2016-10-20 00:00:00+00:00,0.24963628583584746
2016-10-21 00:00:00+00:00,1.6648556510982662
2016-10-24 00:00:00+00:00,1.9554098260107011
2016-10-25 00:00:00+00:00,2.1213705173202446
2016-10-26 00:00:00+00:00,1.9764384943104776
2016-10-27 00:00:00+00:00,1.9570651844551952
2016-10-28 00:00:00+00:00,1.783756479701459
2016-10-31 00:00:00+00:00,1.4823791663330808
2016-11-01 00:00:00+00:00,1.257587362660889
2016-11-02 00:00:00+00:00,1.081766206465419
2016-11-03 00:00:00+00:00,0.9377973870955262
2016-11-04 00:00:00+00:00,0.8150452728514022
2016-11-07 00:00:00+00:00,0.7072714944137095
2016-11-08 00:00:00+00:00,0.4227835654300578
2016-11-09 00:00:00+00:00,0.19318630568366157
2016-11-10 00:00:00+00:00,-1.1622507088350131
2016-11-11 00:00:00+00:00,-1.6394258788436864
2016-11-14 00:00:00+00:00,-1.7403975690238949
2016-11-15 00:00:00+00:00,-1.644795453753592
2016-11-16 00:00:00+00:00,0.4856967311465793
2016-11-17 00:00:00+00:00,1.3460825338031235
2016-11-18 00:00:00+00:00,1.5013033276270253
2016-11-21 00:00:00+00:00,1.4603530900070465
2016-11-22 00:00:00+00:00,0.42572500387109147
2016-11-23 00:00:00+00:00,-0.07143377008624918
2016-11-25 00:00:00+00:00,-0.41905077757646175
2016-11-28 00:00:00+00:00,-0.5612023803501516
2016-11-29 00:00:00+00:00,-0.9072442280104881
2016-11-30 00:00:00+00:00,-1.0117095968195842
2016-12-01 00:00:00+00:00,-0.9371183225993744
2016-12-02 00:00:00+00:00,-1.255108131676307
2016-12-05 00:00:00+00:00,-1.425005654219086
2016-12-06 00:00:00+00:00,-1.4103872278944003
2016-12-07 00:00:00+00:00,-1.3700158128149584
2016-12-08 00:00:00+00:00,-1.319317217579325
2016-12-09 00:00:00+00:00,-1.2838690066086433
2016-12-12 00:00:00+00:00,-1.184750078626069
2016-12-13 00:00:00+00:00,-1.3401141313998544
2016-12-14 00:00:00+00:00,-1.4026355892080589
2016-12-15 00:00:00+00:00,-1.5496041943013033
2016-12-16 00:00:00+00:00,-1.5202250441914908
2016-12-19 00:00:00+00:00,-0.7435249574744098
2016-12-20 00:00:00+00:00,-0.30192245335533996
2016-12-21 00:00:00+00:00,-0.013790168692304289
2016-12-22 00:00:00+00:00,0.24924678671255773
2016-12-23 00:00:00+00:00,0.42595427053435514
2016-12-27 00:00:00+00:00,0.5291647030093478
2016-12-28 00:00:00+00:00,0.5963556915830259
2016-12-29 00:00:00+00:00,0.3475508874914933
2016-12-30 00:00:00+00:00,0.23378384367483596
2017-01-03 00:00:00+00:00,0.17690032176650727
2017-01-04 00:00:00+00:00,-0.35449573373004567
2017-01-05 00:00:00+00:00,-0.6035130941885163
2017-01-06 00:00:00+00:00,-0.8091207719296222
2017-01-09 00:00:00+00:00,-0.7628948024348682
2017-01-10 00:00:00+00:00,-1.0425222808345458
2017-01-11 00:00:00+00:00,-1.549168571246686
2017-01-12 00:00:00+00:00,-1.6233904940973178
2017-01-13 00:00:00+00:00,-1.5366059705687873
2017-01-17 00:00:00+00:00,-0.8650691142085145
2017-01-18 00:00:00+00:00,-0.7260145846131215
2017-01-19 00:00:00+00:00,-0.6067505508627322
2017-01-20 00:00:00+00:00,0.2674336431364467
2017-01-23 00:00:00+00:00,0.9767515606835429
2017-01-24 00:00:00+00:00,1.2582451885717292
2017-01-25 00:00:00+00:00,1.309524927851176
2017-01-26 00:00:00+00:00,1.6845116702084186
2017-01-27 00:00:00+00:00,1.8150036385823387
2017-01-30 00:00:00+00:00,1.7130915620948273
2017-01-31 00:00:00+00:00,1.940240953651907
2017-02-01 00:00:00+00:00,1.8483682311307894
2017-02-02 00:00:00+00:00,1.6763071535240819
2017-02-03 00:00:00+00:00,1.6559921352714138
2017-02-06 00:00:00+00:00,1.630539394094347
2017-02-07 00:00:00+00:00,1.2534077640161874
2017-02-08 00:00:00+00:00,1.0126605513471398
2017-02-09 00:00:00+00:00,0.31474995274287554
2017-02-10 00:00:00+00:00,-0.1825114513417188
2017-02-13 00:00:00+00:00,-0.37119780276505654
2017-02-14 00:00:00+00:00,-0.5196757515238721
2017-02-15 00:00:00+00:00,-0.6247422773093574
2017-02-16 00:00:00+00:00,-0.6989829009552657
2017-02-17 00:00:00+00:00,0.20190596728694377
2017-02-21 00:00:00+00:00,0.5831821657265281
2017-02-22 00:00:00+00:00,0.7889852817644463
2017-02-23 00:00:00+00:00,0.7042272677418572
2017-02-24 00:00:00+00:00,0.5369552660290974
2017-02-27 00:00:00+00:00,0.4821881651100648
2017-02-28 00:00:00+00:00,0.406223970699345
2017-03-01 00:00:00+00:00,0.7031367240236768
2017-03-02 00:00:00+00:00,0.8230888008023671
2017-03-03 00:00:00+00:00,0.7002551277628786
2017-03-06 00:00:00+00:00,0.4468146835514365
2017-03-07 00:00:00+00:00,0.2646683722867563
2017-03-08 00:00:00+00:00,0.10262800619074519
2017-03-09 00:00:00+00:00,0.3039206034707918
2017-03-10 00:00:00+00:00,0.403614358833727
2017-03-13 00:00:00+00:00,-0.07883502326181901
2017-03-14 00:00:00+00:00,-0.07498948301612612
2017-03-15 00:00:00+00:00,-0.9193328522187669
2017-03-16 00:00:00+00:00,-1.2022166921413928
2017-03-17 00:00:00+00:00,-1.257541528210045
2017-03-20 00:00:00+00:00,-1.215019864073695
2017-03-21 00:00:00+00:00,0.16696153367577393
2017-03-22 00:00:00+00:00,0.8234229073505499
2017-03-23 00:00:00+00:00,1.120148649729894
2017-03-24 00:00:00+00:00,0.29300852965599056
2017-03-27 00:00:00+00:00,-0.9340237389082635
2017-03-28 00:00:00+00:00,-1.8255962075594798
2017-03-29 00:00:00+00:00,-1.9063217330297333
2017-03-30 00:00:00+00:00,-1.7747794963416859
2017-03-31 00:00:00+00:00,-1.5878679206864472
2017-04-03 00:00:00+00:00,-1.4682106835502635
2017-04-04 00:00:00+00:00,-1.318982634857898
2017-04-05 00:00:00+00:00,-1.216859850091687
2017-04-06 00:00:00+00:00,-1.097324042809697
2017-04-07 00:00:00+00:00,-0.9779573289223389
2017-04-10 00:00:00+00:00,-0.8647427917637796
2017-04-11 00:00:00+00:00,-0.7599181815395277
2017-04-12 00:00:00+00:00,-0.510394773884582
2017-04-13 00:00:00+00:00,-0.30270397495621304
2017-04-17 00:00:00+00:00,-1.2628815535688545
2017-04-18 00:00:00+00:00,-1.767842241481482
2017-04-19 00:00:00+00:00,-1.7943033431101685
2017-04-20 00:00:00+00:00,-1.6628991945005898
2017-04-21 00:00:00+00:00,-1.4909870927450348
2017-04-24 00:00:00+00:00,-2.0872197333044573
2017-04-25 00:00:00+00:00,-2.0735930138281824
2017-04-26 00:00:00+00:00,-1.8834346192939009
2017-04-27 00:00:00+00:00,-1.5118557178125456
2017-04-28 00:00:00+00:00,-1.2541737270754618
2017-05-01 00:00:00+00:00,-1.360504747026071
2017-05-02 00:00:00+00:00,-1.3166340273155632
2017-05-03 00:00:00+00:00,-1.482397972551926
2017-05-04 00:00:00+00:00,-1.4783062623893546
2017-05-05 00:00:00+00:00,-1.1037703776793837
2017-05-08 00:00:00+00:00,-1.0097624089244337
2017-05-09 00:00:00+00:00,-1.122786786801623
2017-05-10 00:00:00+00:00,-0.6318486277841491
2017-05-11 00:00:00+00:00,-0.31592431389207454
2017-05-12 00:00:00+00:00,-0.04082585600410289
2017-05-15 00:00:00+00:00,0.11412754891129503
2017-05-16 00:00:00+00:00,-0.011591327247545108
2017-05-17 00:00:00+00:00,-0.3413281611447702
2017-05-18 00:00:00+00:00,-0.4579002274123486
2017-05-19 00:00:00+00:00,-0.47047305947578044
2017-05-22 00:00:00+00:00,-0.4418317838083372
2017-05-23 00:00:00+00:00,-0.39304590264732786
2017-05-24 00:00:00+00:00,-0.42397523196670117
2017-05-25 00:00:00+00:00,0.9394455792961015
2017-05-26 00:00:00+00:00,1.34132471855807
2017-05-30 00:00:00+00:00,1.9670709432080389
2017-05-31 00:00:00+00:00,2.3918969855707495
2017-06-01 00:00:00+00:00,1.806161367481999
2017-06-02 00:00:00+00:00,1.4412268815822433
2017-06-05 00:00:00+00:00,1.1974646271274478
2017-06-06 00:00:00+00:00,1.0218453350306735
2017-06-07 00:00:00+00:00,0.882054356385767
2017-06-08 00:00:00+00:00,0.8644430345728522
2017-06-09 00:00:00+00:00,0.6923049146668728
2017-06-12 00:00:00+00:00,0.5572777601969655
2017-06-13 00:00:00+00:00,0.43755375281730957
2017-06-14 00:00:00+00:00,0.3163429928857324
2017-06-15 00:00:00+00:00,0.16382357267031428
2017-06-16 00:00:00+00:00,0.024449739796152524
2017-06-19 00:00:00+00:00,-0.8322340787830103
2017-06-20 00:00:00+00:00,-1.7539106245870988
2017-06-21 00:00:00+00:00,0.6462643974053472
2017-06-22 00:00:00+00:00,1.4398262846459422
2017-06-23 00:00:00+00:00,0.189239068867195
2017-06-26 00:00:00+00:00,-0.38721839327796836
2017-06-27 00:00:00+00:00,-0.6320610749860919
2017-06-28 00:00:00+00:00,-0.7153000759283944
2017-06-29 00:00:00+00:00,-0.6521422513023505
2017-06-30 00:00:00+00:00,-0.6570999854091288
2017-07-03 00:00:00+00:00,-0.3745595801296495
2017-07-05 00:00:00+00:00,0.032216265977392994
2017-07-06 00:00:00+00:00,0.13031901870550514
2017-07-07 00:00:00+00:00,0.24038722577958788
2017-07-10 00:00:00+00:00,0.28800312665957384
2017-07-11 00:00:00+00:00,0.3833509227203737
2017-07-12 00:00:00+00:00,0.21804464399936077
2017-07-13 00:00:00+00:00,0.22769302636446914
2017-07-14 00:00:00+00:00,0.4355506813675265
2017-07-17 00:00:00+00:00,0.49069338010801694
2017-07-18 00:00:00+00:00,0.4696390404756952
2017-07-19 00:00:00+00:00,0.4081484516224163
2017-07-20 00:00:00+00:00,0.31944736813067803
2017-07-21 00:00:00+00:00,0.20868550872465386
2017-07-24 00:00:00+00:00,-0.0050169900407400075
2017-07-25 00:00:00+00:00,-0.2654453742681848
2017-07-26 00:00:00+00:00,-1.438552406822899
2017-07-27 00:00:00+00:00,-2.159070533195597
2017-07-28 00:00:00+00:00,-2.1594727926795265
2017-07-31 00:00:00+00:00,-1.9586071451433926
2017-08-01 00:00:00+00:00,-1.7483154777748537
2017-08-02 00:00:00+00:00,-1.614780870003927
2017-08-03 00:00:00+00:00,-1.0955758743592372
2017-08-04 00:00:00+00:00,-0.9800660962155205
2017-08-07 00:00:00+00:00,-0.7718709875577008
2017-08-08 00:00:00+00:00,-0.6212223424188985
2017-08-09 00:00:00+00:00,0.044558451279655464
2017-08-10 00:00:00+00:00,0.42270592039705956
2017-08-11 00:00:00+00:00,0.6657286225997252
2017-08-14 00:00:00+00:00,0.5971134100811809
2017-08-15 00:00:00+00:00,0.6663832106657505
2017-08-16 00:00:00+00:00,0.7010181109580352
2017-08-17 00:00:00+00:00,0.33855920788130167
2017-08-18 00:00:00+00:00,0.11912261768319513
2017-08-21 00:00:00+00:00,-0.03364782838418169
2017-08-22 00:00:00+00:00,0.24001959144338603
2017-08-23 00:00:00+00:00,0.3267659119619719
2017-08-24 00:00:00+00:00,-0.3712247718397904
2017-08-25 00:00:00+00:00,-0.7653632902820444
2017-08-28 00:00:00+00:00,-0.9624325495031714
2017-08-29 00:00:00+00:00,-1.0609671791137347
2017-08-30 00:00:00+00:00,0.20738119781314746
2017-08-31 00:00:00+00:00,0.8415553862765885
2017-09-01 00:00:00+00:00,1.158642480508309
2017-09-05 00:00:00+00:00,1.2381903677211357
2017-09-06 00:00:00+00:00,1.2127623677625625
2017-09-07 00:00:00+00:00,1.1445774049868578
2017-09-08 00:00:00+00:00,1.7514316144717579
2017-09-11 00:00:00+00:00,1.8152946484983725
2017-09-12 00:00:00+00:00,2.6374016491891608
2017-09-13 00:00:00+00:00,2.520988671725298
2017-09-14 00:00:00+00:00,2.6402087775073615
2017-09-15 00:00:00+00:00,2.3682998603680616
2017-09-18 00:00:00+00:00,2.0413942181959364
2017-09-19 00:00:00+00:00,1.7470978861339188
2017-09-20 00:00:00+00:00,1.618857049283082
2017-09-21 00:00:00+00:00,1.4516951207098965
2017-09-22 00:00:00+00:00,1.2506562339870575
2017-09-25 00:00:00+00:00,1.0859009785472429
2017-09-26 00:00:00+00:00,0.9070514112302631
2017-09-27 00:00:00+00:00,0.7676665212679028
2017-09-28 00:00:00+00:00,0.6159010383335138
2017-09-29 00:00:00+00:00,0.4873317210017839
2017-10-02 00:00:00+00:00,0.3614421387112891
2017-10-03 00:00:00+00:00,-1.4847390739391895
2017-10-04 00:00:00+00:00,-1.9593857669025168
2017-10-05 00:00:00+00:00,-1.9379035875379589
2017-10-06 00:00:00+00:00,-1.7380700881090434
2017-10-09 00:00:00+00:00,-1.5283682175131335
2017-10-10 00:00:00+00:00,-1.3279523975077043
2017-10-11 00:00:00+00:00,-1.1568415035409896
2017-10-12 00:00:00+00:00,-1.009633947017605
2017-10-13 00:00:00+00:00,-0.8004581663074068
2017-10-16 00:00:00+00:00,-0.5164672827951632
2017-10-17 00:00:00+00:00,-0.3138214023181219
2017-10-18 00:00:00+00:00,-0.1550010185907386
2017-10-19 00:00:00+00:00,-0.0028714355292921018
2017-10-20 00:00:00+00:00,0.18929774758716392
2017-10-23 00:00:00+00:00,0.6738173415058226
2017-10-24 00:00:00+00:00,0.8450508229765252
2017-10-25 00:00:00+00:00,-0.6359752264921874
2017-10-26 00:00:00+00:00,-1.231496922810107
2017-10-27 00:00:00+00:00,-1.4099861454234381
2017-10-30 00:00:00+00:00,-1.4079182115733633
2017-10-31 00:00:00+00:00,-1.3309225479065923
2017-11-01 00:00:00+00:00,-1.1848517205213303
2017-11-02 00:00:00+00:00,-0.8590139595808123
2017-11-03 00:00:00+00:00,-0.4746547341261606
2017-11-06 00:00:00+00:00,-0.22292832065977672
2017-11-07 00:00:00+00:00,-0.058538061674652184
2017-11-08 00:00:00+00:00,0.06718454066044988
2017-11-09 00:00:00+00:00,0.12065760356005963
2017-11-10 00:00:00+00:00,-0.5647506343697409
2017-11-13 00:00:00+00:00,-0.861341170347016
2017-11-14 00:00:00+00:00,-1.006542514577413
2017-11-15 00:00:00+00:00,-0.3944653878309413
2017-11-16 00:00:00+00:00,0.3172451967658659
2017-11-17 00:00:00+00:00,0.6092435617279831
2017-11-20 00:00:00+00:00,0.698437472778032
2017-11-21 00:00:00+00:00,0.6908716469154681
2017-11-22 00:00:00+00:00,1.0430513682996834
2017-11-24 00:00:00+00:00,1.2954979030847915
2017-11-27 00:00:00+00:00,1.5998727356807607
2017-11-28 00:00:00+00:00,1.604030076916298
2017-11-29 00:00:00+00:00,1.497990977991534
2017-11-30 00:00:00+00:00,1.3602915438062984
2017-12-01 00:00:00+00:00,1.2192616479874752
2017-12-04 00:00:00+00:00,1.4730658203018006
2017-12-05 00:00:00+00:00,1.5059779814951946
2017-12-06 00:00:00+00:00,1.4703991948154957
2017-12-07 00:00:00+00:00,1.3775068524336234
2017-12-08 00:00:00+00:00,1.254274000390303
2017-12-11 00:00:00+00:00,1.130647194976587
2017-12-12 00:00:00+00:00,0.9259340266796592
2017-12-13 00:00:00+00:00,0.9749456623667245
2017-12-14 00:00:00+00:00,0.959537868120433
2017-12-15 00:00:00+00:00,0.912644440183513
2017-12-18 00:00:00+00:00,1.081566775554001
2017-12-19 00:00:00+00:00,1.3316614384130454
2017-12-20 00:00:00+00:00,1.3815994617740701
2017-12-21 00:00:00+00:00,2.0582914114912767
2017-12-22 00:00:00+00:00,2.1629642822490327
2017-12-26 00:00:00+00:00,1.9910443572417287
2017-12-27 00:00:00+00:00,1.7581882377993756
2017-12-28 00:00:00+00:00,1.5337432162313571
2017-12-29 00:00:00+00:00,1.3361314547661036
2018-01-02 00:00:00+00:00,1.3059392534468846
2018-01-03 00:00:00+00:00,1.067829213826741
2018-01-04 00:00:00+00:00,0.8973364990692185
2018-01-05 00:00:00+00:00,0.7614246945305265
2018-01-08 00:00:00+00:00,0.031800996869756015
2018-01-09 00:00:00+00:00,-0.4406691921415129
2018-01-10 00:00:00+00:00,-1.2491704031175934
2018-01-11 00:00:00+00:00,-1.3848477679003146
2018-01-12 00:00:00+00:00,-1.4319110672732376
2018-01-16 00:00:00+00:00,-1.7989837822271233
2018-01-17 00:00:00+00:00,-1.503032233551595
2018-01-18 00:00:00+00:00,-0.9124223294227757
2018-01-19 00:00:00+00:00,-0.4717690253059376
2018-01-22 00:00:00+00:00,-0.17934036295534958
2018-01-23 00:00:00+00:00,0.0033347554915817423
2018-01-24 00:00:00+00:00,0.15878559262296804
2018-01-25 00:00:00+00:00,0.2432784674040366
2018-01-26 00:00:00+00:00,0.08705744988148667
2018-01-29 00:00:00+00:00,0.08508559782852661
2018-01-30 00:00:00+00:00,0.29188403624096493
2018-01-31 00:00:00+00:00,1.125446905582391
2018-02-01 00:00:00+00:00,1.924871400815529
2018-02-02 00:00:00+00:00,1.6098233927994179
2018-02-05 00:00:00+00:00,1.3675893146676024
2018-02-06 00:00:00+00:00,1.3761129225904698
2018-02-07 00:00:00+00:00,1.5853557104993952
2018-02-08 00:00:00+00:00,1.5488236958426396
2018-02-09 00:00:00+00:00,1.5577011092073814
2018-02-12 00:00:00+00:00,1.8499897061436115
2018-02-13 00:00:00+00:00,1.7993608528445066
2018-02-14 00:00:00+00:00,1.5463708001605925
2018-02-15 00:00:00+00:00,1.436446903896204
2018-02-16 00:00:00+00:00,1.2043498734043208
2018-02-20 00:00:00+00:00,1.3708933573984763
2018-02-21 00:00:00+00:00,1.6807049101651186
2018-02-22 00:00:00+00:00,1.6152220907029706
2018-02-23 00:00:00+00:00,1.8512419448785362
2018-02-26 00:00:00+00:00,1.635993276011143
2018-02-27 00:00:00+00:00,1.7792821694468688
2018-02-28 00:00:00+00:00,1.728368856212839
2018-03-01 00:00:00+00:00,1.6041302830009865
2018-03-02 00:00:00+00:00,1.5977023610981496
2018-03-05 00:00:00+00:00,1.499604947318891
2018-03-06 00:00:00+00:00,0.9083270638898852
2018-03-07 00:00:00+00:00,0.5873003069497217
2018-03-08 00:00:00+00:00,0.7976166533833062
2018-03-09 00:00:00+00:00,0.5604972028796393
2018-03-12 00:00:00+00:00,0.3783327795319814
2018-03-13 00:00:00+00:00,0.6878800218131479
2018-03-14 00:00:00+00:00,0.7903232049635407
2018-03-15 00:00:00+00:00,0.35149437480005413
2018-03-16 00:00:00+00:00,0.5036371950096669
2018-03-19 00:00:00+00:00,1.383315737614744
2018-03-20 00:00:00+00:00,1.8292947762113694
2018-03-21 00:00:00+00:00,2.1139852070229495
2018-03-22 00:00:00+00:00,2.0047075122070264
2018-03-23 00:00:00+00:00,1.6709257865478366
2018-03-26 00:00:00+00:00,1.4064445176687292
2018-03-27 00:00:00+00:00,1.1892522716133949
2018-03-28 00:00:00+00:00,1.5043268950426507
2018-03-29 00:00:00+00:00,1.4885391292213708
2018-04-02 00:00:00+00:00,1.460713143487793
2018-04-03 00:00:00+00:00,1.396951682387269
2018-04-04 00:00:00+00:00,1.2067524446849478
2018-04-05 00:00:00+00:00,1.1354880477339746
2018-04-06 00:00:00+00:00,1.0501167757951095
2018-04-09 00:00:00+00:00,1.0860022564563012
2018-04-10 00:00:00+00:00,0.9798545315670444
2018-04-11 00:00:00+00:00,0.6893034050945042
2018-04-12 00:00:00+00:00,0.4368276342969799
2018-04-13 00:00:00+00:00,0.3070528665014396
2018-04-16 00:00:00+00:00,0.3019105610029074
2018-04-17 00:00:00+00:00,0.28345935612699336
2018-04-18 00:00:00+00:00,1.1426761998161838
2018-04-19 00:00:00+00:00,0.6331134945001564
2018-04-20 00:00:00+00:00,0.7179333608282774
2018-04-23 00:00:00+00:00,-1.398687840268261
2018-04-24 00:00:00+00:00,-1.9477977126786488
2018-04-25 00:00:00+00:00,-2.0580121046155613
2018-04-26 00:00:00+00:00,-1.8345658750649299
2018-04-27 00:00:00+00:00,-1.9102494327525301
2018-04-30 00:00:00+00:00,-1.9286900437079213
2018-05-01 00:00:00+00:00,-1.3846453216458645
2018-05-02 00:00:00+00:00,-1.0595653426818652
2018-05-03 00:00:00+00:00,-0.9153806168036045
2018-05-04 00:00:00+00:00,-0.7340484546868089
2018-05-07 00:00:00+00:00,-0.5589927951984519
2018-05-08 00:00:00+00:00,-0.4224249754770467
2018-05-09 00:00:00+00:00,-0.18148972939724803
2018-05-10 00:00:00+00:00,0.03273207839192269
2018-05-11 00:00:00+00:00,0.11346288393632904
2018-05-14 00:00:00+00:00,0.0386822559049496
2018-05-15 00:00:00+00:00,-0.5026213102093126
2018-05-16 00:00:00+00:00,-0.747111442140046
2018-05-17 00:00:00+00:00,-0.4708855426583277
2018-05-18 00:00:00+00:00,-0.5214767018971808
2018-05-21 00:00:00+00:00,-0.8227743609469567
2018-05-22 00:00:00+00:00,-1.2052300148525155
2018-05-23 00:00:00+00:00,-0.98825066376261
2018-05-24 00:00:00+00:00,-0.8014587096830954
2018-05-25 00:00:00+00:00,-0.34385376059053246
2018-05-29 00:00:00+00:00,0.6406046773988137
2018-05-30 00:00:00+00:00,0.8747880456491834
2018-05-31 00:00:00+00:00,1.0151255866603066
2018-06-01 00:00:00+00:00,0.9016945045961463
2018-06-04 00:00:00+00:00,1.013707194637401
2018-06-05 00:00:00+00:00,1.1016832097586682
2018-06-06 00:00:00+00:00,0.8244821822921391
2018-06-07 00:00:00+00:00,0.6373719265038309
2018-06-08 00:00:00+00:00,0.2269800890194204
2018-06-11 00:00:00+00:00,0.0393377874308419
2018-06-12 00:00:00+00:00,0.268285191126838
2018-06-13 00:00:00+00:00,0.3326739595313057
2018-06-14 00:00:00+00:00,0.980330760603467
2018-06-15 00:00:00+00:00,1.2047771456599485
2018-06-18 00:00:00+00:00,0.5769607021407945
2018-06-19 00:00:00+00:00,0.5902094720188317
2018-06-20 00:00:00+00:00,1.1416034405932547
2018-06-21 00:00:00+00:00,1.7113891767066087
2018-06-22 00:00:00+00:00,1.9893928375893615
2018-06-25 00:00:00+00:00,1.7221122959025243
2018-06-26 00:00:00+00:00,1.492745094266813
2018-06-27 00:00:00+00:00,1.2566280315383653
2018-06-28 00:00:00+00:00,0.9913024501207564
2018-06-29 00:00:00+00:00,-0.8773978274519383
2018-07-02 00:00:00+00:00,-1.3796362582040773
2018-07-03 00:00:00+00:00,-1.5924265656777559
2018-07-05 00:00:00+00:00,-1.5674860227466267
2018-07-06 00:00:00+00:00,-1.445779552846115
2018-07-09 00:00:00+00:00,-1.2626545262977689
2018-07-10 00:00:00+00:00,-1.112704611509504
2018-07-11 00:00:00+00:00,-0.9837277985366809
2018-07-12 00:00:00+00:00,-0.7163855185447172
2018-07-13 00:00:00+00:00,-0.5382321999111307
2018-07-16 00:00:00+00:00,-0.28520244418266283
2018-07-17 00:00:00+00:00,-0.22514513886784798
2018-07-18 00:00:00+00:00,-0.21648505838824714
2018-07-19 00:00:00+00:00,-0.40483285463084184
2018-07-20 00:00:00+00:00,-0.5863023752913001
2018-07-23 00:00:00+00:00,-0.24492527051306928
2018-07-24 00:00:00+00:00,0.9342682029008543
2018-07-25 00:00:00+00:00,1.3337884894689678
2018-07-26 00:00:00+00:00,1.2239672299722981
2018-07-27 00:00:00+00:00,0.5274243615774991
2018-07-30 00:00:00+00:00,0.7446429345504529
2018-07-31 00:00:00+00:00,0.7931489953480271
2018-08-01 00:00:00+00:00,0.9797126184395032
2018-08-02 00:00:00+00:00,1.0072164515334356
2018-08-03 00:00:00+00:00,0.964303397228597
2018-08-06 00:00:00+00:00,0.431120662306233
2018-08-07 00:00:00+00:00,0.15931308077614992
2018-08-08 00:00:00+00:00,-0.5427130444224393
2018-08-09 00:00:00+00:00,-0.9403837467451451
2018-08-10 00:00:00+00:00,-1.1936470811464501
2018-08-13 00:00:00+00:00,-1.28915242785658
2018-08-14 00:00:00+00:00,-1.245869665952529
2018-08-15 00:00:00+00:00,-1.7970455388485316
2018-08-16 00:00:00+00:00,-1.8351092157647435
2018-08-17 00:00:00+00:00,-1.875096280086895
2018-08-20 00:00:00+00:00,-0.7204676247626237
2018-08-21 00:00:00+00:00,-0.7895620898718696
2018-08-22 00:00:00+00:00,0.061291215837626145
2018-08-23 00:00:00+00:00,0.7712221456568773
2018-08-24 00:00:00+00:00,1.289783953789974
2018-08-27 00:00:00+00:00,0.9965178505649015
2018-08-28 00:00:00+00:00,0.8453803692892491
2018-08-29 00:00:00+00:00,0.44684908607463375
2018-08-30 00:00:00+00:00,-0.21072294787001558
2018-08-31 00:00:00+00:00,-0.6860706765903921
2018-09-04 00:00:00+00:00,-0.647056104926836
2018-09-05 00:00:00+00:00,-0.8502085080150793
2018-09-06 00:00:00+00:00,-1.0064515966340508
2018-09-07 00:00:00+00:00,-0.9976158139964333
2018-09-10 00:00:00+00:00,-0.942525885864309
2018-09-11 00:00:00+00:00,-0.8605124150130645
2018-09-12 00:00:00+00:00,-1.2020507461714494
2018-09-13 00:00:00+00:00,-1.2659260411376336
2018-09-14 00:00:00+00:00,-1.6096471969741466
2018-09-17 00:00:00+00:00,-1.8981818456730348
2018-09-18 00:00:00+00:00,-2.0119690448315257
2018-09-19 00:00:00+00:00,-2.5503319220971106
2018-09-20 00:00:00+00:00,-1.9938476199405182
2018-09-21 00:00:00+00:00,-1.7297761240614946
2018-09-24 00:00:00+00:00,-0.720087692183128
2018-09-25 00:00:00+00:00,-0.082010832405496
2018-09-26 00:00:00+00:00,0.3524738315398187
2018-09-27 00:00:00+00:00,1.1165752149872257
2018-09-28 00:00:00+00:00,-0.4190300250130551
2018-10-01 00:00:00+00:00,-1.0343009791988715
2018-10-02 00:00:00+00:00,-1.2049485942446045
2018-10-03 00:00:00+00:00,-1.2125936412141731
2018-10-04 00:00:00+00:00,-1.047081037771111
2018-10-05 00:00:00+00:00,-0.9415523200262468
2018-10-08 00:00:00+00:00,-0.8463329237109016
2018-10-09 00:00:00+00:00,-0.7539425827734129
2018-10-10 00:00:00+00:00,-0.6410966111318994
2018-10-11 00:00:00+00:00,-0.5587652455061329
2018-10-12 00:00:00+00:00,-0.4110201552755295
2018-10-15 00:00:00+00:00,-0.2524053961231048
2018-10-16 00:00:00+00:00,-0.16692527395337345
2018-10-17 00:00:00+00:00,-0.02287296292777269
2018-10-18 00:00:00+00:00,0.5348197866493949
2018-10-19 00:00:00+00:00,0.6666564196159142
2018-10-22 00:00:00+00:00,0.5923959709611399
2018-10-23 00:00:00+00:00,0.5061848617109276
2018-10-24 00:00:00+00:00,0.12205928705084262
2018-10-25 00:00:00+00:00,-0.8420228149418644
2018-10-26 00:00:00+00:00,-0.4325782587680518
2018-10-29 00:00:00+00:00,-0.6740915964544854
2018-10-30 00:00:00+00:00,-1.3088481722046104
2018-10-31 00:00:00+00:00,-1.5540734018755362
2018-11-01 00:00:00+00:00,-1.3651194935950959
2018-11-02 00:00:00+00:00,-1.1959876901264321
2018-11-05 00:00:00+00:00,-1.051513086163789
2018-11-06 00:00:00+00:00,-0.6941562189080287
2018-11-07 00:00:00+00:00,-0.5664754616148913
2018-11-08 00:00:00+00:00,-0.7273798790422645
2018-11-09 00:00:00+00:00,-1.0306047605484336
2018-11-12 00:00:00+00:00,-1.6667768520730415
2018-11-13 00:00:00+00:00,-1.6159287324314136
2018-11-14 00:00:00+00:00,-1.403438743483755
2018-11-15 00:00:00+00:00,-1.3687384125537871
2018-11-16 00:00:00+00:00,-1.3923711596787534
2018-11-19 00:00:00+00:00,-1.065795535884714
2018-11-20 00:00:00+00:00,-1.1183123322851103
2018-11-21 00:00:00+00:00,-0.28208080816485126
2018-11-23 00:00:00+00:00,-0.5030894355258546
2018-11-26 00:00:00+00:00,1.0762811330391588
2018-11-27 00:00:00+00:00,1.6607414439285342
2018-11-28 00:00:00+00:00,1.763094585091025
2018-11-29 00:00:00+00:00,1.63903107218258
2018-11-30 00:00:00+00:00,1.4779216721328374
2018-12-03 00:00:00+00:00,1.2741401373290469
2018-12-04 00:00:00+00:00,1.2815169011333702
2018-12-06 00:00:00+00:00,1.1830469699405788
2018-12-07 00:00:00+00:00,1.006646411373015
2018-12-10 00:00:00+00:00,0.7999191230962786
2018-12-11 00:00:00+00:00,0.4511982757169839
2018-12-12 00:00:00+00:00,-0.07903338949566063
2018-12-13 00:00:00+00:00,-0.24199605751748426
2018-12-14 00:00:00+00:00,-0.358797452784524
2018-12-17 00:00:00+00:00,1.4310926637753874
2018-12-18 00:00:00+00:00,1.855546955405953
2018-12-19 00:00:00+00:00,2.167860936836404
2018-12-20 00:00:00+00:00,1.721455847219349
2018-12-21 00:00:00+00:00,1.4170196725600461
2018-12-24 00:00:00+00:00,1.1830024707438913
2018-12-26 00:00:00+00:00,1.0077422778078038
2018-12-27 00:00:00+00:00,0.8712831104215364
2018-12-28 00:00:00+00:00,0.7574490437487758
2018-12-31 00:00:00+00:00,0.5550679599705264
2019-01-02 00:00:00+00:00,0.3985202832879619
2019-01-03 00:00:00+00:00,0.18862959422520187
2019-01-04 00:00:00+00:00,-0.23108207326517932
2019-01-07 00:00:00+00:00,-0.725413722477066
2019-01-08 00:00:00+00:00,-1.3292086621727641
2019-01-09 00:00:00+00:00,-1.0522326046163284
2019-01-10 00:00:00+00:00,-1.2205585059106534
2019-01-11 00:00:00+00:00,-1.0832711302722762
2019-01-14 00:00:00+00:00,-0.9860441868526199
2019-01-15 00:00:00+00:00,-0.47575921661374676
2019-01-16 00:00:00+00:00,-0.2509761032932143
2019-01-17 00:00:00+00:00,-0.4411248806378413
2019-01-18 00:00:00+00:00,-0.31433860919593715
2019-01-22 00:00:00+00:00,1.280996322743154
2019-01-23 00:00:00+00:00,1.7519354007741068
2019-01-24 00:00:00+00:00,1.7940081972659154
2019-01-25 00:00:00+00:00,1.589315102494576
2019-01-28 00:00:00+00:00,1.6048263246148116
2019-01-29 00:00:00+00:00,1.4642213697882518
2019-01-30 00:00:00+00:00,1.4508598733164082
2019-01-31 00:00:00+00:00,1.3746325918527689
2019-02-01 00:00:00+00:00,1.3199616854570144
2019-02-04 00:00:00+00:00,1.1861095164620798
2019-02-05 00:00:00+00:00,1.0615800963028523
2019-02-06 00:00:00+00:00,0.9421815702469324
2019-02-07 00:00:00+00:00,0.7721552019602712
2019-02-08 00:00:00+00:00,0.34847221365747316
2019-02-11 00:00:00+00:00,-0.786864983797978
2019-02-12 00:00:00+00:00,-1.8941363614153173
2019-02-13 00:00:00+00:00,-2.0616099054334946
2019-02-14 00:00:00+00:00,-1.9347466253113308
2019-02-15 00:00:00+00:00,-1.2214936288083458
2019-02-19 00:00:00+00:00,-0.800011458168884
2019-02-20 00:00:00+00:00,-0.6003826474368503
2019-02-21 00:00:00+00:00,-0.465346623679433
2019-02-22 00:00:00+00:00,-0.37882863340980544
2019-02-25 00:00:00+00:00,-0.38924672337321736
2019-02-26 00:00:00+00:00,-0.3891724362996343
2019-02-27 00:00:00+00:00,-0.08892957537885879
2019-02-28 00:00:00+00:00,0.28286204766459966
2019-03-01 00:00:00+00:00,0.5850648074205604
2019-03-04 00:00:00+00:00,0.608301886195633
2019-03-05 00:00:00+00:00,0.6199204255831692
2019-03-06 00:00:00+00:00,0.6813977597036028
2019-03-07 00:00:00+00:00,1.3762793011903431
2019-03-08 00:00:00+00:00,1.899880395379526
2019-03-11 00:00:00+00:00,2.1294733332543445
2019-03-12 00:00:00+00:00,2.243800084651294
2019-03-13 00:00:00+00:00,2.2164746085088023
2019-03-14 00:00:00+00:00,2.229466356848195
2019-03-15 00:00:00+00:00,1.998212678043346
2019-03-18 00:00:00+00:00,1.7610698874631225
2019-03-19 00:00:00+00:00,1.520038135826756
2019-03-20 00:00:00+00:00,1.6647109483903098
2019-03-21 00:00:00+00:00,1.671986072032234
2019-03-22 00:00:00+00:00,1.6449745613720412
2019-03-25 00:00:00+00:00,1.5100915237284709
2019-03-26 00:00:00+00:00,1.3402664699249538
2019-03-27 00:00:00+00:00,1.2155365653463233
2019-03-28 00:00:00+00:00,1.2059765575572652
2019-03-29 00:00:00+00:00,1.1503046467945377
2019-04-01 00:00:00+00:00,1.034129584739584
2019-04-02 00:00:00+00:00,0.9330384661360938
2019-04-03 00:00:00+00:00,0.43716473052933735
2019-04-04 00:00:00+00:00,0.25399064987301434
2019-04-05 00:00:00+00:00,0.09588666209602653
2019-04-08 00:00:00+00:00,-0.11155355024891281
2019-04-09 00:00:00+00:00,-0.7486642394210401
2019-04-10 00:00:00+00:00,-0.6360668633134506
2019-04-11 00:00:00+00:00,-0.859969484025952
2019-04-12 00:00:00+00:00,-1.057638493101972
2019-04-15 00:00:00+00:00,-1.0754469188301585
2019-04-16 00:00:00+00:00,-1.5083650076231754
2019-04-17 00:00:00+00:00,-1.3794269198178228
2019-04-18 00:00:00+00:00,-1.1647317326833293
2019-04-22 00:00:00+00:00,-1.0133898304509525
2019-04-23 00:00:00+00:00,-0.8977353496562346
2019-04-24 00:00:00+00:00,-0.4190477546021565
2019-04-25 00:00:00+00:00,0.8410234253186878
2019-04-26 00:00:00+00:00,1.4033415670807436
2019-04-29 00:00:00+00:00,1.411119045207928
2019-04-30 00:00:00+00:00,-0.7908624163296071
2019-05-01 00:00:00+00:00,-1.4178435632497297
2019-05-02 00:00:00+00:00,-1.3536234404484757
2019-05-03 00:00:00+00:00,-1.2381350649635134
2019-05-06 00:00:00+00:00,-0.9395218540663997
2019-05-07 00:00:00+00:00,-0.7505408308891506
2019-05-08 00:00:00+00:00,-0.4523761573738889
2019-05-09 00:00:00+00:00,-0.28869131546823723
2019-05-10 00:00:00+00:00,0.041778378190237914
2019-05-13 00:00:00+00:00,0.20892507038982844
2019-05-14 00:00:00+00:00,0.2944182601004885
2019-05-15 00:00:00+00:00,0.23287253077676018
2019-05-16 00:00:00+00:00,0.45818790319066355
2019-05-17 00:00:00+00:00,0.6504639406101382
2019-05-20 00:00:00+00:00,0.6854409094592389
2019-05-21 00:00:00+00:00,1.0031292109588756
2019-05-22 00:00:00+00:00,1.265860802040692
2019-05-23 00:00:00+00:00,1.2484938831967454
2019-05-24 00:00:00+00:00,1.0696217536953148
2019-05-28 00:00:00+00:00,1.5414738515667568
2019-05-29 00:00:00+00:00,1.9482393347362734
2019-05-30 00:00:00+00:00,1.962750562663357
2019-05-31 00:00:00+00:00,1.8241511146057432
2019-06-03 00:00:00+00:00,1.6275844659685217
2019-06-04 00:00:00+00:00,1.4325896505764097
2019-06-05 00:00:00+00:00,1.0629570388881069
2019-06-06 00:00:00+00:00,0.7155138983065367
2019-06-07 00:00:00+00:00,0.2937504317941797
2019-06-10 00:00:00+00:00,0.03418798193317142
2019-06-11 00:00:00+00:00,-0.43843133220843167
2019-06-12 00:00:00+00:00,-0.7555722296690927
2019-06-13 00:00:00+00:00,-0.8085249875935541
2019-06-14 00:00:00+00:00,-0.8579787803439435
2019-06-17 00:00:00+00:00,-1.043603224765662
2019-06-18 00:00:00+00:00,-0.9151049304472954
2019-06-19 00:00:00+00:00,-0.7981547427714842
2019-06-20 00:00:00+00:00,-0.6894573939279811
2019-06-21 00:00:00+00:00,-0.5853762395432718
2019-06-24 00:00:00+00:00,-2.0190722281326208
2019-06-25 00:00:00+00:00,-2.284167851013902
2019-06-26 00:00:00+00:00,-2.008077146404266
2019-06-27 00:00:00+00:00,-1.761273265655598
2019-06-28 00:00:00+00:00,-2.1844975697216356
2019-07-01 00:00:00+00:00,-2.101661847979713
2019-07-02 00:00:00+00:00,-1.8822038388599323
2019-07-03 00:00:00+00:00,-1.641317220052434
2019-07-05 00:00:00+00:00,-1.4138891046240347
2019-07-08 00:00:00+00:00,-1.2121607943993187
2019-07-09 00:00:00+00:00,-1.049106132036967
2019-07-10 00:00:00+00:00,-0.9128231776592239
2019-07-11 00:00:00+00:00,-0.7951466325247343
2019-07-12 00:00:00+00:00,-0.6917433906358736
2019-07-15 00:00:00+00:00,-0.6068775550836314
2019-07-16 00:00:00+00:00,-0.5142800147929524
2019-07-17 00:00:00+00:00,-0.41532622063879276
2019-07-18 00:00:00+00:00,-0.29668351122207826
2019-07-19 00:00:00+00:00,0.37590984771873426
2019-07-22 00:00:00+00:00,0.8597362109137001
2019-07-23 00:00:00+00:00,1.054926242294167
2019-07-24 00:00:00+00:00,1.157727722960344
2019-07-25 00:00:00+00:00,1.2600650709235162
2019-07-26 00:00:00+00:00,0.3004560046451193
2019-07-29 00:00:00+00:00,-0.17934852849407915
2019-07-30 00:00:00+00:00,-0.41925079506367835
2019-07-31 00:00:00+00:00,-0.5392019283484779
2019-08-01 00:00:00+00:00,-0.5991774949908777
2019-08-02 00:00:00+00:00,-2.0426548110069573
2019-08-05 00:00:00+00:00,-2.229774685111253
2019-08-06 00:00:00+00:00,-2.0685332723654715
2019-08-07 00:00:00+00:00,-2.1452688948711325
2019-08-08 00:00:00+00:00,-1.6522964139571383
2019-08-09 00:00:00+00:00,-1.210582206679169
2019-08-12 00:00:00+00:00,-0.7406387294924924
2019-08-13 00:00:00+00:00,0.018872205509558204
2019-08-14 00:00:00+00:00,0.41660863827807515
2019-08-15 00:00:00+00:00,1.8597535392159878
2019-08-16 00:00:00+00:00,2.143496132825554
2019-08-19 00:00:00+00:00,2.0702166773497623
2019-08-20 00:00:00+00:00,1.89839512722788
2019-08-21 00:00:00+00:00,1.6795148917496565
2019-08-22 00:00:00+00:00,1.506780641617504
2019-08-23 00:00:00+00:00,1.2953364571875752
2019-08-26 00:00:00+00:00,1.1220231131520588
2019-08-27 00:00:00+00:00,0.9760340753417398
2019-08-28 00:00:00+00:00,1.187569060871389
2019-08-29 00:00:00+00:00,1.2166742241740092
2019-08-30 00:00:00+00:00,1.1733656647448183
2019-09-03 00:00:00+00:00,1.1117951789177727
2019-09-04 00:00:00+00:00,1.19307464028499
2019-09-05 00:00:00+00:00,1.3259894677931041
2019-09-06 00:00:00+00:00,1.3004618519802755
2019-09-09 00:00:00+00:00,1.2382760166058309
2019-09-10 00:00:00+00:00,1.1362484753449342
2019-09-11 00:00:00+00:00,0.9917820508522646
2019-09-12 00:00:00+00:00,0.8658823927737431
2019-09-13 00:00:00+00:00,0.7517653056695164
2019-09-16 00:00:00+00:00,0.769385647673692
2019-09-17 00:00:00+00:00,0.8570520250966641
2019-09-18 00:00:00+00:00,1.1286797305266911
2019-09-19 00:00:00+00:00,1.6037180348664843
2019-09-20 00:00:00+00:00,2.4631070961584
2019-09-23 00:00:00+00:00,2.2894188265385056
2019-09-24 00:00:00+00:00,1.962783499128586
2019-09-25 00:00:00+00:00,1.3481583641971133
2019-09-26 00:00:00+00:00,1.0588839357037034
2019-09-27 00:00:00+00:00,1.2533836371478109
2019-09-30 00:00:00+00:00,-0.7869143460873458
2019-10-01 00:00:00+00:00,-1.7135854453014294
2019-10-02 00:00:00+00:00,-1.877683807523832
2019-10-03 00:00:00+00:00,-1.7809847685589295
2019-10-04 00:00:00+00:00,-1.654391061753146
2019-10-07 00:00:00+00:00,-1.484111140560042
2019-10-08 00:00:00+00:00,-1.3139266083219854
2019-10-09 00:00:00+00:00,-1.1581110323090704
2019-10-10 00:00:00+00:00,-1.018292676632907
2019-10-11 00:00:00+00:00,-1.262621655371973
2019-10-14 00:00:00+00:00,-1.359584410443949
2019-10-15 00:00:00+00:00,-1.3215441727827328
2019-10-16 00:00:00+00:00,-1.2383196294141965
2019-10-17 00:00:00+00:00,-1.157066985224235
2019-10-18 00:00:00+00:00,-1.169377240124088
2019-10-21 00:00:00+00:00,-1.156405308542808
2019-10-22 00:00:00+00:00,-1.105401750179544
2019-10-23 00:00:00+00:00,-1.0015253102568076
2019-10-24 00:00:00+00:00,-0.8940059736010022
2019-10-25 00:00:00+00:00,-0.8667840282791471
2019-10-28 00:00:00+00:00,-0.785448090073774
2019-10-29 00:00:00+00:00,-0.8382152412467103
2019-10-30 00:00:00+00:00,-0.24055361975493225
2019-10-31 00:00:00+00:00,0.7213191385073481
2019-11-01 00:00:00+00:00,1.1836286705879075
2019-11-04 00:00:00+00:00,1.3003062437259614
2019-11-05 00:00:00+00:00,1.2737626863252558
2019-11-06 00:00:00+00:00,1.0877868053745243
2019-11-07 00:00:00+00:00,0.5116858696721268
2019-11-08 00:00:00+00:00,0.22363540182092806
2019-11-11 00:00:00+00:00,1.0455946215946037
2019-11-12 00:00:00+00:00,1.303125867221742
2019-11-13 00:00:00+00:00,1.6374811429596678
2019-11-14 00:00:00+00:00,1.636365565379886
2019-11-15 00:00:00+00:00,1.3732184902999913
2019-11-18 00:00:00+00:00,1.179144523365297
2019-11-19 00:00:00+00:00,1.0619410407314462
2019-11-20 00:00:00+00:00,0.8570804040706029
2019-11-21 00:00:00+00:00,0.29507970288065527
2019-11-22 00:00:00+00:00,-0.14068191812873873
2019-11-25 00:00:00+00:00,-0.2233202863977855
2019-11-26 00:00:00+00:00,-0.28083845257817647
2019-11-27 00:00:00+00:00,-0.43371669360041587
2019-11-29 00:00:00+00:00,0.13474445112591005
2019-12-02 00:00:00+00:00,0.38964510937608365
2019-12-03 00:00:00+00:00,0.5566586346582796
2019-12-04 00:00:00+00:00,0.8626979840439094
2019-12-05 00:00:00+00:00,1.1322746571697555
2019-12-06 00:00:00+00:00,1.2408428339426312
2019-12-09 00:00:00+00:00,1.429478756886669
2019-12-10 00:00:00+00:00,0.7271537704549506
2019-12-11 00:00:00+00:00,-0.1715526657820951
2019-12-12 00:00:00+00:00,-1.0294924854086591
2019-12-13 00:00:00+00:00,-1.5977449292445982
2019-12-16 00:00:00+00:00,-1.780979537826553
2019-12-17 00:00:00+00:00,-1.513459290850721
2019-12-18 00:00:00+00:00,-1.3160916714315498
2019-12-19 00:00:00+00:00,-1.4750103486343942
2019-12-20 00:00:00+00:00,-1.4326131707460867
2019-12-23 00:00:00+00:00,-1.3175701167796592
2019-12-24 00:00:00+00:00,-1.1835673741891528
2019-12-26 00:00:00+00:00,-1.0978746564768356
2019-12-27 00:00:00+00:00,-0.9987966139073536
2019-12-30 00:00:00+00:00,-0.6773944897991511
2019-12-31 00:00:00+00:00,-0.45323032391520884
2020-01-02 00:00:00+00:00,-0.2585575351399191
2020-01-03 00:00:00+00:00,-0.04982267433096883
2020-01-06 00:00:00+00:00,0.1458711756004307
2020-01-07 00:00:00+00:00,0.2604821080836873
2020-01-08 00:00:00+00:00,0.310136006595507
2020-01-09 00:00:00+00:00,0.3064842293953791
2020-01-10 00:00:00+00:00,-0.9643583034604052
2020-01-13 00:00:00+00:00,0.7247554556407925
2020-01-14 00:00:00+00:00,1.0134370224533356
2020-01-15 00:00:00+00:00,0.6964865400457548
2020-01-16 00:00:00+00:00,-0.28284020421615425
2020-01-17 00:00:00+00:00,-0.7584367959477365
2020-01-21 00:00:00+00:00,-0.9827311503463587
2020-01-22 00:00:00+00:00,-1.0230730195976256
2020-01-23 00:00:00+00:00,-1.2808394303235933
2020-01-24 00:00:00+00:00,-2.075871013042658
2020-01-27 00:00:00+00:00,-1.8649365372935578
2020-01-28 00:00:00+00:00,-1.634945942147717
2020-01-29 00:00:00+00:00,-1.4245264014440393
2020-01-30 00:00:00+00:00,-0.9652721883900505
2020-01-31 00:00:00+00:00,-2.0078235492395407
2020-02-03 00:00:00+00:00,-2.145728559588254
2020-02-04 00:00:00+00:00,-1.880448048606127
2020-02-05 00:00:00+00:00,-1.666447738882916
2020-02-06 00:00:00+00:00,-1.6830342008013441
2020-02-07 00:00:00+00:00,-1.5642914273087054
2020-02-10 00:00:00+00:00,-1.5620856555041842
2020-02-11 00:00:00+00:00,-1.541274919755483
2020-02-12 00:00:00+00:00,-1.391119646031826
2020-02-13 00:00:00+00:00,-1.148788790119476
2020-02-14 00:00:00+00:00,-0.6161148923370456
2020-02-18 00:00:00+00:00,0.01973698498440213
2020-02-19 00:00:00+00:00,0.5194736061486263
2020-02-20 00:00:00+00:00,0.8377311621350794
2020-02-21 00:00:00+00:00,1.0620793777030857
2020-02-24 00:00:00+00:00,1.0165057337694392
2020-02-25 00:00:00+00:00,0.9432935466620338
2020-02-26 00:00:00+00:00,0.9555983195513762
2020-02-27 00:00:00+00:00,0.44976241795301564
2020-02-28 00:00:00+00:00,-0.2513915993851105
2020-03-02 00:00:00+00:00,-0.33673981708496226
2020-03-03 00:00:00+00:00,-0.9119806866026502
2020-03-04 00:00:00+00:00,-0.8448735422148544
2020-03-05 00:00:00+00:00,-0.9272606981802087
2020-03-06 00:00:00+00:00,-1.1186628250826092
2020-03-09 00:00:00+00:00,-1.1014123933746456
2020-03-10 00:00:00+00:00,-1.129334695634946
2020-03-11 00:00:00+00:00,-0.9930622467296845
2020-03-12 00:00:00+00:00,-0.7960911634196681
2020-03-13 00:00:00+00:00,-0.5444217548454112
2020-03-16 00:00:00+00:00,-0.30459249060015725
2020-03-17 00:00:00+00:00,-0.5704011169973546
2020-03-18 00:00:00+00:00,-0.7526552233810474
2020-03-19 00:00:00+00:00,-0.6051418592333999
2020-03-20 00:00:00+00:00,-0.7347737815581077
2020-03-23 00:00:00+00:00,-1.019444132506481
2020-03-24 00:00:00+00:00,-1.5112060784438062
2020-03-25 00:00:00+00:00,-1.837419804350331
2020-03-26 00:00:00+00:00,-0.5801596048645682
2020-03-27 00:00:00+00:00,-1.824135391209919
2020-03-30 00:00:00+00:00,-2.165255635123046
2020-03-31 00:00:00+00:00,-2.2006460352139854
2020-04-01 00:00:00+00:00,-2.1090676599217044
2020-04-02 00:00:00+00:00,-2.168688387290187
2020-04-03 00:00:00+00:00,-2.000842051577031
2020-04-06 00:00:00+00:00,-1.7696214995129955
2020-04-07 00:00:00+00:00,-1.5519659149172877
2020-04-08 00:00:00+00:00,-1.3697185989251115
2020-04-09 00:00:00+00:00,-1.2136325084628528
2020-04-13 00:00:00+00:00,-1.1156921037176413
2020-04-14 00:00:00+00:00,-1.008483282921961
2020-04-15 00:00:00+00:00,-0.9596986429158207
2020-04-16 00:00:00+00:00,-0.8869444234329857
2020-04-17 00:00:00+00:00,-0.8671896799840335
2020-04-20 00:00:00+00:00,-1.082653970637343
2020-04-21 00:00:00+00:00,-0.8063441804444333
2020-04-22 00:00:00+00:00,-1.0689103506777835
2020-04-23 00:00:00+00:00,-1.33815246877473
2020-04-24 00:00:00+00:00,-1.32943297255791
2020-04-27 00:00:00+00:00,-0.9882523980492853
2020-04-28 00:00:00+00:00,-0.5579967567536257
2020-04-29 00:00:00+00:00,-0.24215939342855117
2020-04-30 00:00:00+00:00,0.669283980357505
2020-05-01 00:00:00+00:00,-0.1694651998924095
2020-05-04 00:00:00+00:00,0.23243941351643632
2020-05-05 00:00:00+00:00,0.9182111507339668
2020-05-06 00:00:00+00:00,1.4875570748946059
2020-05-07 00:00:00+00:00,1.5962010521850396
2020-05-08 00:00:00+00:00,1.3849279311078917
2020-05-11 00:00:00+00:00,1.2094536654651449
2020-05-12 00:00:00+00:00,0.6778261586553963
2020-05-13 00:00:00+00:00,-0.1575860651018055
2020-05-14 00:00:00+00:00,-0.3609806556219444
2020-05-15 00:00:00+00:00,-0.31656673579781663
2020-05-18 00:00:00+00:00,-0.7219367704388379
2020-05-19 00:00:00+00:00,-1.3413807353265168
2020-05-20 00:00:00+00:00,-1.8770713827116703
2020-05-21 00:00:00+00:00,-1.6976002475329404
2020-05-22 00:00:00+00:00,-1.6221549185376478
2020-05-26 00:00:00+00:00,-1.7136821799422377
2020-05-27 00:00:00+00:00,-1.5412456105990202
2020-05-28 00:00:00+00:00,0.9399943501084482
2020-05-29 00:00:00+00:00,1.6633053353635603
2020-06-01 00:00:00+00:00,1.7819999381651113
2020-06-02 00:00:00+00:00,1.6838963472733246
2020-06-03 00:00:00+00:00,1.517229369071674
2020-06-04 00:00:00+00:00,1.3328039123852409
2020-06-05 00:00:00+00:00,1.1716467385891927
2020-06-08 00:00:00+00:00,1.0432427197590532
2020-06-09 00:00:00+00:00,0.862433000766206
2020-06-10 00:00:00+00:00,0.7073598531040093
2020-06-11 00:00:00+00:00,0.6314235138504334
2020-06-12 00:00:00+00:00,0.5437222670380265
2020-06-15 00:00:00+00:00,0.3907227939004867
2020-06-16 00:00:00+00:00,0.1804000328767413
2020-06-17 00:00:00+00:00,-0.3549756470297816
2020-06-18 00:00:00+00:00,-0.34806551098365546
2020-06-19 00:00:00+00:00,-0.48851049276525244
2020-06-22 00:00:00+00:00,-0.5570439683183082
2020-06-23 00:00:00+00:00,-0.910891736695208
2020-06-24 00:00:00+00:00,-1.0159865150047114
2020-06-25 00:00:00+00:00,-0.9056189051402472
2020-06-26 00:00:00+00:00,-0.9538162894754415
2020-06-29 00:00:00+00:00,-1.4481497828366279
2020-06-30 00:00:00+00:00,-1.6508755853722452
2020-07-01 00:00:00+00:00,-1.7492173921470573
2020-07-02 00:00:00+00:00,-1.5244723550542658
2020-07-06 00:00:00+00:00,-1.6957751391386227
2020-07-07 00:00:00+00:00,-1.809181135748424
2020-07-08 00:00:00+00:00,-1.9686760103248626
2020-07-09 00:00:00+00:00,-2.0499361753504
2020-07-10 00:00:00+00:00,-1.967291053688252
2020-07-13 00:00:00+00:00,-1.7646312718052306
2020-07-14 00:00:00+00:00,-1.601987329567903
2020-07-15 00:00:00+00:00,-1.4650914412379896
2020-07-16 00:00:00+00:00,-1.3551008703516798
2020-07-17 00:00:00+00:00,-1.2341783565583508
2020-07-20 00:00:00+00:00,-1.118803640818199
2020-07-21 00:00:00+00:00,-1.005058924951783
2020-07-22 00:00:00+00:00,-0.9519593470398717
2020-07-23 00:00:00+00:00,-0.876471406549852
2020-07-24 00:00:00+00:00,-0.8163731207430125
2020-07-27 00:00:00+00:00,-0.4474054778647356
2020-07-28 00:00:00+00:00,0.04936326417902509
2020-07-29 00:00:00+00:00,0.8938668303745778
2020-07-30 00:00:00+00:00,1.072621232163168
2020-07-31 00:00:00+00:00,1.4198958646914344
2020-08-03 00:00:00+00:00,1.5775681867040516
2020-08-04 00:00:00+00:00,1.6089444292783872
2020-08-05 00:00:00+00:00,1.5032316638995875
2020-08-06 00:00:00+00:00,0.9557801551455536
2020-08-07 00:00:00+00:00,0.3759133292628182
2020-08-10 00:00:00+00:00,0.2408584670547518
2020-08-11 00:00:00+00:00,-1.548815628357282
2020-08-12 00:00:00+00:00,-2.037967607620789
2020-08-13 00:00:00+00:00,-2.0248541778654747
2020-08-14 00:00:00+00:00,-1.9338615523763254
2020-08-17 00:00:00+00:00,-1.7374609087987116
2020-08-18 00:00:00+00:00,-1.528767281700284
2020-08-19 00:00:00+00:00,-1.3375204688121736
2020-08-20 00:00:00+00:00,-1.241077815029559
2020-08-21 00:00:00+00:00,-1.1073232527288737
2020-08-24 00:00:00+00:00,-0.9030574222648327
2020-08-25 00:00:00+00:00,-0.6280753674449415
2020-08-26 00:00:00+00:00,-0.4149021269820153
2020-08-27 00:00:00+00:00,-0.2906439519914429
2020-08-28 00:00:00+00:00,-0.14532197599572144
2020-08-31 00:00:00+00:00,0.6593807918621933
2020-09-01 00:00:00+00:00,0.6577545303011312
2020-09-02 00:00:00+00:00,0.5669800021894256
2020-09-03 00:00:00+00:00,0.42979483654886885
2020-09-04 00:00:00+00:00,0.2352373195505227
2020-09-08 00:00:00+00:00,0.20773268845990012
2020-09-09 00:00:00+00:00,0.9491378132228823
2020-09-10 00:00:00+00:00,1.045630939143876
2020-09-11 00:00:00+00:00,0.9658225510727556
2020-09-14 00:00:00+00:00,0.2530630893820335
2020-09-15 00:00:00+00:00,-0.8215922231956434
2020-09-16 00:00:00+00:00,-1.2031092559173113
2020-09-17 00:00:00+00:00,-1.2783831350723522
2020-09-18 00:00:00+00:00,-1.1352453391336506
2020-09-21 00:00:00+00:00,-0.9104598225005219
2020-09-22 00:00:00+00:00,-0.7477512961270643
2020-09-23 00:00:00+00:00,0.7594324768481147
2020-09-24 00:00:00+00:00,1.3995185927723157
2020-09-25 00:00:00+00:00,1.8701706466308987
2020-09-28 00:00:00+00:00,1.866451888958537
2020-09-29 00:00:00+00:00,1.710494243783217
2020-09-30 00:00:00+00:00,1.637709645039915
2020-10-01 00:00:00+00:00,-0.5809077856235827
2020-10-02 00:00:00+00:00,-1.347811034387655
2020-10-05 00:00:00+00:00,-1.2379187738059674
2020-10-06 00:00:00+00:00,-1.1280940819613519
2020-10-07 00:00:00+00:00,-1.025121249681503
2020-10-08 00:00:00+00:00,-0.9138708548327509
2020-10-09 00:00:00+00:00,-0.8203658444989453
2020-10-12 00:00:00+00:00,-0.7375367479965276
2020-10-13 00:00:00+00:00,-0.6788162475254909
2020-10-14 00:00:00+00:00,-0.5537485699172183
2020-10-15 00:00:00+00:00,-0.3945339269181345
2020-10-16 00:00:00+00:00,-0.18303632264030836
2020-10-19 00:00:00+00:00,0.34473076891832183
2020-10-20 00:00:00+00:00,0.770244344291078
2020-10-21 00:00:00+00:00,1.3817300255050762
2020-10-22 00:00:00+00:00,1.8406457435806942
2020-10-23 00:00:00+00:00,2.058338729119459
2020-10-26 00:00:00+00:00,1.9432782663854038
2020-10-27 00:00:00+00:00,1.7545975944763197
2020-10-28 00:00:00+00:00,1.6100072792763096
2020-10-29 00:00:00+00:00,1.4389837594116646
2020-10-30 00:00:00+00:00,1.008105938422509
2020-11-02 00:00:00+00:00,0.7440888213990846
2020-11-03 00:00:00+00:00,0.784542549228781
2020-11-04 00:00:00+00:00,0.6905715442210758
2020-11-05 00:00:00+00:00,0.5968346464037002
2020-11-06 00:00:00+00:00,0.6071078400465955
2020-11-09 00:00:00+00:00,0.6086316006729344
2020-11-10 00:00:00+00:00,0.7942595518431648
2020-11-11 00:00:00+00:00,1.417640158738963
2020-11-12 00:00:00+00:00,1.8818203349838432
2020-11-13 00:00:00+00:00,2.2162547494452536
2020-11-16 00:00:00+00:00,2.212299257790219
2020-11-17 00:00:00+00:00,2.1006788133012684
2020-11-18 00:00:00+00:00,1.8719794422168472
2020-11-19 00:00:00+00:00,1.9697010144801765
2020-11-20 00:00:00+00:00,1.9810472328929232
2020-11-23 00:00:00+00:00,1.8278614380639548
2020-11-24 00:00:00+00:00,1.6279775714634406
2020-11-25 00:00:00+00:00,1.4788243752012504
2020-11-27 00:00:00+00:00,1.1427074273433488
2020-11-30 00:00:00+00:00,0.8704736884479733
2020-12-01 00:00:00+00:00,0.4833023623988966
2020-12-02 00:00:00+00:00,0.3402219930709233
2020-12-03 00:00:00+00:00,-0.2643035864759766
2020-12-04 00:00:00+00:00,-0.6341403397312928
2020-12-07 00:00:00+00:00,-0.8278505814899239
2020-12-08 00:00:00+00:00,-0.61606854523619
2020-12-09 00:00:00+00:00,-0.9293333359490374
2020-12-10 00:00:00+00:00,-1.0630370593156755
2020-12-11 00:00:00+00:00,-1.055135222467669
2020-12-14 00:00:00+00:00,-0.8944393412794245
2020-12-15 00:00:00+00:00,-0.9970700806360877
2020-12-16 00:00:00+00:00,-1.5176709328940272
2020-12-17 00:00:00+00:00,-1.6887930079952123
2020-12-18 00:00:00+00:00,-1.2053696267078686
2020-12-21 00:00:00+00:00,-1.5121359498924303
2020-12-22 00:00:00+00:00,-1.0929795229907235
2020-12-23 00:00:00+00:00,0.5047824601405125
2020-12-24 00:00:00+00:00,1.1223350414321833
2020-12-28 00:00:00+00:00,0.5611675207160917
2020-12-29 00:00:00+00:00,0.8847765652160509
2020-12-30 00:00:00+00:00,1.0182121067108072
2020-12-31 00:00:00+00:00,1.0252421226650026
2021-01-04 00:00:00+00:00,0.9769300437131164
2021-01-05 00:00:00+00:00,1.1181872856250057
2021-01-06 00:00:00+00:00,1.1385602662687924
2021-01-07 00:00:00+00:00,1.0986366969297783
2021-01-08 00:00:00+00:00,1.1294286813154764
2021-01-11 00:00:00+00:00,0.9181039109628704
2021-01-12 00:00:00+00:00,0.7071781774932212
2021-01-13 00:00:00+00:00,0.5576852826153975
2021-01-14 00:00:00+00:00,-0.28104286349441754
2021-01-15 00:00:00+00:00,-0.6834359976647656
2021-01-19 00:00:00+00:00,-0.26755667611316447
2021-01-20 00:00:00+00:00,-0.298686735579353
2021-01-21 00:00:00+00:00,-0.32650498457192256
2021-01-22 00:00:00+00:00,-0.8829989770737764
2021-01-25 00:00:00+00:00,-1.1483822299705413
2021-01-26 00:00:00+00:00,-1.6732050043845548
2021-01-27 00:00:00+00:00,-1.5398046599937674
2021-01-28 00:00:00+00:00,-1.535752659052727
2021-01-29 00:00:00+00:00,-1.5414851723289305
2021-02-01 00:00:00+00:00,-1.648314672663803
2021-02-02 00:00:00+00:00,-1.5824254192525036
2021-02-03 00:00:00+00:00,-1.456034920238825
2021-02-04 00:00:00+00:00,0.1493327673786896
2021-02-05 00:00:00+00:00,0.7695583451599621
2021-02-08 00:00:00+00:00,1.0623552286361986
2021-02-09 00:00:00+00:00,1.4133847746177373
2021-02-10 00:00:00+00:00,1.3816014482394485
2021-02-11 00:00:00+00:00,1.425868095420069
2021-02-12 00:00:00+00:00,1.397051967230879
2021-02-16 00:00:00+00:00,1.295500203966851
2021-02-17 00:00:00+00:00,1.168818797054985
2021-02-18 00:00:00+00:00,0.7877247529822834
2021-02-19 00:00:00+00:00,0.6538128064550672
2021-02-22 00:00:00+00:00,0.6425002975642115
2021-02-23 00:00:00+00:00,0.19146984422985158
2021-02-24 00:00:00+00:00,-0.158721756789025
2021-02-25 00:00:00+00:00,0.7304974921779754
2021-02-26 00:00:00+00:00,2.102863389810297
2021-03-01 00:00:00+00:00,2.259281187481607
2021-03-02 00:00:00+00:00,2.083220546373189
2021-03-03 00:00:00+00:00,-0.13644308219372414
2021-03-04 00:00:00+00:00,-1.0147268635362705
2021-03-05 00:00:00+00:00,-1.301304780457859
2021-03-08 00:00:00+00:00,-1.333102483081372
2021-03-09 00:00:00+00:00,-1.1696677747083313
2021-03-10 00:00:00+00:00,-1.0314506625271087
2021-03-11 00:00:00+00:00,-0.9155334868895986
2021-03-12 00:00:00+00:00,-0.8137252401872457
2021-03-15 00:00:00+00:00,-0.7210434728919779
2021-03-16 00:00:00+00:00,-0.6083439390211727
2021-03-17 00:00:00+00:00,-0.5208427025063439
2021-03-18 00:00:00+00:00,0.00973322777616803
2021-03-19 00:00:00+00:00,0.3624197855843555
2021-03-22 00:00:00+00:00,0.675153621694027
2021-03-23 00:00:00+00:00,1.123463190246228
2021-03-24 00:00:00+00:00,1.2350580707280026
2021-03-25 00:00:00+00:00,1.2029580921922038
2021-03-26 00:00:00+00:00,1.114620164212126
2021-03-29 00:00:00+00:00,1.1207313997769925
2021-03-30 00:00:00+00:00,1.0540089951831628
2021-03-31 00:00:00+00:00,0.9602573664056284
2021-04-01 00:00:00+00:00,0.9833844150710928
2021-04-05 00:00:00+00:00,0.5910417049225172
2021-04-06 00:00:00+00:00,0.4144634937648566
2021-04-07 00:00:00+00:00,0.2489605562632159
2021-04-08 00:00:00+00:00,-0.10658211713948174
2021-04-09 00:00:00+00:00,-1.2848212720300867
2021-04-12 00:00:00+00:00,-1.6170526526238578
2021-04-13 00:00:00+00:00,-1.8942999808569492
2021-04-14 00:00:00+00:00,-1.8286669875946857
2021-04-15 00:00:00+00:00,-1.5341853596013824
2021-04-16 00:00:00+00:00,-1.1781025459907146
2021-04-19 00:00:00+00:00,-0.9537176004002563
2021-04-20 00:00:00+00:00,-0.49811341456540476
2021-04-21 00:00:00+00:00,-0.8274279326528695
2021-04-22 00:00:00+00:00,-0.9270023444231985
2021-04-23 00:00:00+00:00,-1.138578328295581
2021-04-26 00:00:00+00:00,-0.9824860994183471
2021-04-27 00:00:00+00:00,-0.9747312910588856
2021-04-28 00:00:00+00:00,-0.9790595924523916
2021-04-29 00:00:00+00:00,-0.2749310274066503
2021-04-30 00:00:00+00:00,0.16268399593640331
2021-05-03 00:00:00+00:00,1.6616918400150045
2021-05-04 00:00:00+00:00,1.9721700732639613
2021-05-05 00:00:00+00:00,1.710489588823024
2021-05-06 00:00:00+00:00,1.263650480761012
2021-05-07 00:00:00+00:00,0.6922136799213403
2021-05-10 00:00:00+00:00,0.4908969238257729
2021-05-11 00:00:00+00:00,0.38837660478197755
2021-05-12 00:00:00+00:00,0.1800631194255292
2021-05-13 00:00:00+00:00,0.04636755579772895
2021-05-14 00:00:00+00:00,-0.06381321454280245
2021-05-17 00:00:00+00:00,-0.15544017759981954
2021-05-18 00:00:00+00:00,-0.1304247164693762
2021-05-19 00:00:00+00:00,-0.3544116646366229
2021-05-20 00:00:00+00:00,-0.4982805845077884
2021-05-21 00:00:00+00:00,-0.6007475565191026
2021-05-24 00:00:00+00:00,-0.6118651942010384
2021-05-25 00:00:00+00:00,-0.2050163669357215
2021-05-26 00:00:00+00:00,0.11088119523598855
2021-05-27 00:00:00+00:00,-1.061207879212459
2021-05-28 00:00:00+00:00,-0.8168493171835591
2021-06-01 00:00:00+00:00,-1.898990996786519
2021-06-02 00:00:00+00:00,-2.066309147696655
2021-06-03 00:00:00+00:00,-1.9318146708581718
2021-06-04 00:00:00+00:00,-1.7204272305194537
2021-06-07 00:00:00+00:00,-1.9122987070305268
2021-06-08 00:00:00+00:00,-2.0968267753892347
2021-06-09 00:00:00+00:00,-1.8055407868915658
2021-06-10 00:00:00+00:00,-1.5528881934333887
2021-06-11 00:00:00+00:00,-1.4872979138283693
2021-06-14 00:00:00+00:00,-1.3594932668226694
2021-06-15 00:00:00+00:00,-1.3849131377352875
2021-06-16 00:00:00+00:00,-1.5355177793080101
2021-06-17 00:00:00+00:00,-1.891410191602398
2021-06-18 00:00:00+00:00,-1.8709327517745784
2021-06-21 00:00:00+00:00,-0.9886127305525443
2021-06-22 00:00:00+00:00,-1.3112699777858323
2021-06-23 00:00:00+00:00,-0.010789370366190654
2021-06-24 00:00:00+00:00,0.5870515422294222
2021-06-25 00:00:00+00:00,0.9840882968697049
2021-06-28 00:00:00+00:00,-0.6231415162545805
2021-06-29 00:00:00+00:00,-1.3944862703628056
2021-06-30 00:00:00+00:00,-1.6627657525300856
2021-07-01 00:00:00+00:00,-1.5096103306962054
2021-07-02 00:00:00+00:00,-1.2825329494272522
2021-07-06 00:00:00+00:00,-1.2796813809374736
2021-07-07 00:00:00+00:00,-1.195192598044485
2021-07-08 00:00:00+00:00,-1.2752345176622288
2021-07-09 00:00:00+00:00,-1.2286115739483756
2021-07-12 00:00:00+00:00,-1.0343976640830892
2021-07-13 00:00:00+00:00,-1.0369817723259156
2021-07-14 00:00:00+00:00,-1.0909516438061206
2021-07-15 00:00:00+00:00,-1.0701415464250519
2021-07-16 00:00:00+00:00,-0.8784074822221588
2021-07-19 00:00:00+00:00,-0.8397729829960151
2021-07-20 00:00:00+00:00,-0.6300654299452684
2021-07-21 00:00:00+00:00,0.7532112800948776
2021-07-22 00:00:00+00:00,1.265922963022028
2021-07-23 00:00:00+00:00,1.3751337473165455
2021-07-26 00:00:00+00:00,1.5089723734741636
2021-07-27 00:00:00+00:00,1.5798588811067988
2021-07-28 00:00:00+00:00,1.3480332561735957
2021-07-29 00:00:00+00:00,1.0581799153860652
2021-07-30 00:00:00+00:00,1.0868791087288625
2021-08-02 00:00:00+00:00,0.9911384268864711
2021-08-03 00:00:00+00:00,0.7656619897944462
2021-08-04 00:00:00+00:00,0.7043985235365531
2021-08-05 00:00:00+00:00,0.6280638785578402
2021-08-06 00:00:00+00:00,0.5409090896939258
2021-08-09 00:00:00+00:00,0.5128070068296116
2021-08-10 00:00:00+00:00,1.255724731910361
2021-08-11 00:00:00+00:00,2.2051881921035257
2021-08-12 00:00:00+00:00,2.2447742758078553
2021-08-13 00:00:00+00:00,2.0429101987521294
2021-08-16 00:00:00+00:00,1.7699373454558467
2021-08-17 00:00:00+00:00,1.3083672203010188
2021-08-18 00:00:00+00:00,1.5269556452205575
2021-08-19 00:00:00+00:00,1.5132475356879609
2021-08-20 00:00:00+00:00,2.0344496280680766
2021-08-23 00:00:00+00:00,2.015198040270392
2021-08-24 00:00:00+00:00,1.8324843011158825
2021-08-25 00:00:00+00:00,1.5165441856917166
2021-08-26 00:00:00+00:00,1.2394042119600581
2021-08-27 00:00:00+00:00,1.1702934878118105
2021-08-30 00:00:00+00:00,1.1967146423146549
2021-08-31 00:00:00+00:00,1.0806560932421263
2021-09-01 00:00:00+00:00,1.0060601105093228
2021-09-02 00:00:00+00:00,0.9857727915698119
2021-09-03 00:00:00+00:00,0.8385516620109572
2021-09-07 00:00:00+00:00,0.8603391016568472
2021-09-08 00:00:00+00:00,1.0451788172208225
2021-09-09 00:00:00+00:00,1.3380026631879947
2021-09-10 00:00:00+00:00,1.8038952400028887
2021-09-13 00:00:00+00:00,2.121214688228379
2021-09-14 00:00:00+00:00,2.164536427112601
2021-09-15 00:00:00+00:00,1.9873003075094386
2021-09-16 00:00:00+00:00,2.2700003584315334
2021-09-17 00:00:00+00:00,2.144336782677263
2021-09-20 00:00:00+00:00,2.1476993399442534
2021-09-21 00:00:00+00:00,1.937283490094286
2021-09-22 00:00:00+00:00,1.7388600875772442
2021-09-23 00:00:00+00:00,1.4623205581984595
2021-09-24 00:00:00+00:00,1.212461612962055
2021-09-27 00:00:00+00:00,1.1387237527490635
2021-09-28 00:00:00+00:00,1.0869226374575223
2021-09-29 00:00:00+00:00,-0.37203549897513777
2021-09-30 00:00:00+00:00,-1.035803274914214
2021-10-01 00:00:00+00:00,-1.2305786710736624
2021-10-04 00:00:00+00:00,-1.2667837627805727
2021-10-05 00:00:00+00:00,-1.1892671823879848
2021-10-06 00:00:00+00:00,-1.0964260018041476
2021-10-07 00:00:00+00:00,-0.9716635401302659
2021-10-08 00:00:00+00:00,-0.9273165207641585
2021-10-11 00:00:00+00:00,-0.8279704098361749
2021-10-12 00:00:00+00:00,-0.6388457523517167
2021-10-13 00:00:00+00:00,-0.5275849945300701
2021-10-14 00:00:00+00:00,-0.46597526753800805
2021-10-15 00:00:00+00:00,-0.5210507393630346
2021-10-18 00:00:00+00:00,-0.5352674555631127
2021-10-19 00:00:00+00:00,-0.039374365708958525
2021-10-20 00:00:00+00:00,0.214835741834797
2021-10-21 00:00:00+00:00,0.7892133377739082
2021-10-22 00:00:00+00:00,0.9856302274370266
2021-10-25 00:00:00+00:00,1.2676623722934894
2021-10-26 00:00:00+00:00,1.686936462813313
2021-10-27 00:00:00+00:00,1.1154707131198394
2021-10-28 00:00:00+00:00,0.7687502149665351
2021-10-29 00:00:00+00:00,0.27253869416822646
2021-11-01 00:00:00+00:00,0.24962236983597896
2021-11-02 00:00:00+00:00,0.5755310929314056
2021-11-03 00:00:00+00:00,0.8677583024796629
2021-11-04 00:00:00+00:00,1.0581373639877572
2021-11-05 00:00:00+00:00,1.3680682048569457
2021-11-08 00:00:00+00:00,1.3315087740118057
2021-11-09 00:00:00+00:00,1.4655341982666652
2021-11-10 00:00:00+00:00,1.3919451105044356
2021-11-11 00:00:00+00:00,0.546543037341787
2021-11-12 00:00:00+00:00,0.10033166759433165
2021-11-15 00:00:00+00:00,-0.17703446235453466
2021-11-16 00:00:00+00:00,-0.4400774378715006
2021-11-17 00:00:00+00:00,-0.6827304530701739
2021-11-18 00:00:00+00:00,-1.3824939354688461
2021-11-19 00:00:00+00:00,-1.5228748901105584
2021-11-22 00:00:00+00:00,-1.505459077174386
2021-11-23 00:00:00+00:00,-1.03341686933191
2021-11-24 00:00:00+00:00,-0.957133428320746
2021-11-26 00:00:00+00:00,-0.4295845698973444
2021-11-29 00:00:00+00:00,0.5493635162910687
2021-11-30 00:00:00+00:00,1.2932508695683516
2021-12-01 00:00:00+00:00,1.7192675509988375
2021-12-02 00:00:00+00:00,1.5367389345710991
2021-12-03 00:00:00+00:00,0.8728381361116909
2021-12-06 00:00:00+00:00,0.20181971802083534
2021-12-07 00:00:00+00:00,-0.7485428058466879
2021-12-08 00:00:00+00:00,-1.1763668063414672
2021-12-09 00:00:00+00:00,-1.6859955559903275
2021-12-10 00:00:00+00:00,-1.804407170435355
2021-12-13 00:00:00+00:00,-1.7321836598290712
2021-12-14 00:00:00+00:00,-1.5898906736254466
2021-12-15 00:00:00+00:00,-1.370945893391027
2021-12-16 00:00:00+00:00,-1.2242953454106384
2021-12-17 00:00:00+00:00,-1.0946718100056452
2021-12-20 00:00:00+00:00,-0.8646196798093287
2021-12-21 00:00:00+00:00,-0.2905418324259952
2021-12-22 00:00:00+00:00,0.1585588674333004
2021-12-23 00:00:00+00:00,0.5178554111962261
2021-12-27 00:00:00+00:00,0.8288115316751556
2021-12-28 00:00:00+00:00,1.04660338735179
2021-12-29 00:00:00+00:00,1.1165274892362298
2021-12-30 00:00:00+00:00,1.107534637530167
2021-12-31 00:00:00+00:00,0.9994924295818188
2022-01-03 00:00:00+00:00,1.0805525197773813
2022-01-04 00:00:00+00:00,1.0865345934353945
2022-01-05 00:00:00+00:00,1.0111789303247385
2022-01-06 00:00:00+00:00,0.511902509670527
2022-01-07 00:00:00+00:00,-0.24395594087129102
2022-01-10 00:00:00+00:00,-0.9064386098565037
2022-01-11 00:00:00+00:00,-1.5567320768954815
2022-01-12 00:00:00+00:00,-1.7941861420753593
2022-01-13 00:00:00+00:00,-1.2207723303702118
2022-01-14 00:00:00+00:00,-1.314703425058375
2022-01-18 00:00:00+00:00,-1.2241969630137897
2022-01-19 00:00:00+00:00,-1.0210191868310972
2022-01-20 00:00:00+00:00,-0.821708781907309
2022-01-21 00:00:00+00:00,-0.6048712456626484
2022-01-24 00:00:00+00:00,-0.05671569806263249
2022-01-25 00:00:00+00:00,0.7980234987835492
2022-01-26 00:00:00+00:00,1.2324926921949497
2022-01-27 00:00:00+00:00,1.5252666519437583
2022-01-28 00:00:00+00:00,1.555460903879918
2022-01-31 00:00:00+00:00,1.4740155263240848
2022-02-01 00:00:00+00:00,1.4403804818434431
2022-02-02 00:00:00+00:00,1.3959499816325032
2022-02-03 00:00:00+00:00,1.2265069673455686
2022-02-04 00:00:00+00:00,0.8940288726164755
2022-02-07 00:00:00+00:00,0.8002497084709744
2022-02-08 00:00:00+00:00,0.6824183056098998
2022-02-09 00:00:00+00:00,0.6270447623220017
2022-02-10 00:00:00+00:00,0.7509062269968503
2022-02-11 00:00:00+00:00,0.6627002508587363
2022-02-14 00:00:00+00:00,1.7253000800635685
2022-02-15 00:00:00+00:00,1.7365013393417166
2022-02-16 00:00:00+00:00,1.13410780680797
2022-02-17 00:00:00+00:00,0.6659536768834606
2022-02-18 00:00:00+00:00,1.6625183888100574
2022-02-22 00:00:00+00:00,-0.7113709518074254
2022-02-23 00:00:00+00:00,-1.6999248466731474
2022-02-24 00:00:00+00:00,-2.0348122767309933
2022-02-25 00:00:00+00:00,-1.986421286556518
2022-02-28 00:00:00+00:00,-1.7371016911595603
2022-03-01 00:00:00+00:00,-1.0424165176456368
2022-03-02 00:00:00+00:00,-0.3840196098085876
2022-03-03 00:00:00+00:00,-0.12024525829421569
2022-03-04 00:00:00+00:00,0.10997056458346569
2022-03-07 00:00:00+00:00,0.3062025951603969
2022-03-08 00:00:00+00:00,0.4336952523420591
2022-03-09 00:00:00+00:00,0.5536779681964858
2022-03-10 00:00:00+00:00,1.0158884076926538
2022-03-11 00:00:00+00:00,1.3023786957961216
2022-03-14 00:00:00+00:00,1.3317967237791675
2022-03-15 00:00:00+00:00,1.3660392433893684
2022-03-16 00:00:00+00:00,1.2925049723291635
2022-03-17 00:00:00+00:00,1.1130676264069161
2022-03-18 00:00:00+00:00,0.8568089102881341
2022-03-21 00:00:00+00:00,0.59735308089618
2022-03-22 00:00:00+00:00,0.49000297773124635
2022-03-23 00:00:00+00:00,0.4739026591761445
2022-03-24 00:00:00+00:00,0.4511513765949481
2022-03-25 00:00:00+00:00,0.8403398460858604
2022-03-28 00:00:00+00:00,1.07875617603535
2022-03-29 00:00:00+00:00,1.0576722439680588
2022-03-30 00:00:00+00:00,1.495727425023344
2022-03-31 00:00:00+00:00,1.9517951862852914
2022-04-01 00:00:00+00:00,1.8991144342189057
2022-04-04 00:00:00+00:00,1.7823697154471008
2022-04-05 00:00:00+00:00,1.8151565060885175
2022-04-06 00:00:00+00:00,1.1932732154378956
2022-04-07 00:00:00+00:00,0.937390743286318
2022-04-08 00:00:00+00:00,0.5780449642319885
2022-04-11 00:00:00+00:00,0.43690759887684283
2022-04-12 00:00:00+00:00,-0.14689952248560095
2022-04-13 00:00:00+00:00,-0.12753323220728957
2022-04-14 00:00:00+00:00,-0.20646253496513364
2022-04-18 00:00:00+00:00,-0.43267779014442126
2022-04-19 00:00:00+00:00,-0.5630200070861983
2022-04-20 00:00:00+00:00,-0.8999463520788948
2022-04-21 00:00:00+00:00,-1.1408199965043895
2022-04-22 00:00:00+00:00,-1.0418104525367822
2022-04-25 00:00:00+00:00,-1.2649931239806211
2022-04-26 00:00:00+00:00,-1.406813953371754
2022-04-27 00:00:00+00:00,-1.5731870933439047
2022-04-28 00:00:00+00:00,-1.8103315942682365
2022-04-29 00:00:00+00:00,-1.8401345571615693
2022-05-02 00:00:00+00:00,-1.7061434934906203
2022-05-03 00:00:00+00:00,-0.6689970498552622
2022-05-04 00:00:00+00:00,-0.23836879959560886
2022-05-05 00:00:00+00:00,0.2535395340835168
2022-05-06 00:00:00+00:00,0.07698567160122484
2022-05-09 00:00:00+00:00,-0.033864624728634
2022-05-10 00:00:00+00:00,-0.03798723536349212
2022-05-11 00:00:00+00:00,-0.5554325369284188
2022-05-12 00:00:00+00:00,-1.1374722368801904
2022-05-13 00:00:00+00:00,-1.483541821733993
2022-05-16 00:00:00+00:00,-1.5074616726484331
2022-05-17 00:00:00+00:00,-2.0409911971259627
2022-05-18 00:00:00+00:00,-2.124396094532453
2022-05-19 00:00:00+00:00,-2.1643814482252326
2022-05-20 00:00:00+00:00,-2.0890773607026896
2022-05-23 00:00:00+00:00,-1.9306994730903577
2022-05-24 00:00:00+00:00,-1.7987304843665177
2022-05-25 00:00:00+00:00,-1.4476319793928418
2022-05-26 00:00:00+00:00,-1.2085096198574852
2022-05-27 00:00:00+00:00,-1.0639788108246246
2022-05-31 00:00:00+00:00,-0.9007411476402681
2022-06-01 00:00:00+00:00,-0.8231212113719973
2022-06-02 00:00:00+00:00,-0.7492321910188664
2022-06-03 00:00:00+00:00,-0.7722754589527636
2022-06-06 00:00:00+00:00,-0.8120703625822128
2022-06-07 00:00:00+00:00,-0.9119795301596147
2022-06-08 00:00:00+00:00,-1.6744235247182382
2022-06-09 00:00:00+00:00,-1.736884837170594
2022-06-10 00:00:00+00:00,-1.6672462496881315
2022-06-13 00:00:00+00:00,-1.0346522208326434
2022-06-14 00:00:00+00:00,-0.7183087410873532
2022-06-15 00:00:00+00:00,-0.5537127878789734
2022-06-16 00:00:00+00:00,-0.2907165961098263
2022-06-17 00:00:00+00:00,0.4397368111288579
2022-06-21 00:00:00+00:00,-0.3620244956932323
2022-06-22 00:00:00+00:00,-0.6432250877838405
2022-06-23 00:00:00+00:00,-1.1530825490304895
2022-06-24 00:00:00+00:00,-1.4280803020561836
2022-06-27 00:00:00+00:00,-1.4416397515958534
2022-06-28 00:00:00+00:00,-1.2631199839910536
2022-06-29 00:00:00+00:00,-0.9880601520534457
2022-06-30 00:00:00+00:00,-1.1626361540172576
2022-07-01 00:00:00+00:00,-0.8702186019792584
2022-07-05 00:00:00+00:00,-0.2380504723883132
2022-07-06 00:00:00+00:00,0.099979171149626
2022-07-07 00:00:00+00:00,0.5663457363130182
2022-07-08 00:00:00+00:00,0.6783375686842961
2022-07-11 00:00:00+00:00,0.3912396865441059
2022-07-12 00:00:00+00:00,-0.5578995339826162
2022-07-13 00:00:00+00:00,-1.4800213244939613
2022-07-14 00:00:00+00:00,-1.8552296947350122
2022-07-15 00:00:00+00:00,-1.8862704671422783
2022-07-18 00:00:00+00:00,-1.5283940671099612
2022-07-19 00:00:00+00:00,-1.285720974529895
2022-07-20 00:00:00+00:00,-1.1687696617143737
2022-07-21 00:00:00+00:00,-0.792256565912431
2022-07-22 00:00:00+00:00,-0.4114646430089123
2022-07-25 00:00:00+00:00,-0.26968472902427437
2022-07-26 00:00:00+00:00,0.250755776525562
2022-07-27 00:00:00+00:00,0.858287817509318
2022-07-28 00:00:00+00:00,1.172065698198188
2022-07-29 00:00:00+00:00,1.322475188349526
2022-08-01 00:00:00+00:00,1.3062340709021263
2022-08-02 00:00:00+00:00,1.1211279476586768
2022-08-03 00:00:00+00:00,0.781351844045943
2022-08-04 00:00:00+00:00,0.5642966031500243
2022-08-05 00:00:00+00:00,0.4951416256445983
2022-08-08 00:00:00+00:00,0.15801513166975478
2022-08-09 00:00:00+00:00,-0.13112131751038342
2022-08-10 00:00:00+00:00,-0.3222005091395792
2022-08-11 00:00:00+00:00,-0.36831616936314915
2022-08-12 00:00:00+00:00,-0.43967088473680693
2022-08-15 00:00:00+00:00,-0.5607193804318886
2022-08-16 00:00:00+00:00,-0.6007037194820155
2022-08-17 00:00:00+00:00,-0.05845842296384943
2022-08-18 00:00:00+00:00,0.36198188090679473
2022-08-19 00:00:00+00:00,0.5116115070855851
2022-08-22 00:00:00+00:00,0.7070465801674153
2022-08-23 00:00:00+00:00,0.8604032926100805
2022-08-24 00:00:00+00:00,1.500863978441424
2022-08-25 00:00:00+00:00,1.9056009316053641
2022-08-26 00:00:00+00:00,1.7865725664693504
2022-08-29 00:00:00+00:00,1.93251676777576
2022-08-30 00:00:00+00:00,1.795476941365886
2022-08-31 00:00:00+00:00,1.7342295980029419
2022-09-01 00:00:00+00:00,1.544876451723157
2022-09-02 00:00:00+00:00,1.652457366377166
2022-09-06 00:00:00+00:00,1.6732081157178746
2022-09-07 00:00:00+00:00,1.5460003089665422
2022-09-08 00:00:00+00:00,1.4806638700614916
2022-09-09 00:00:00+00:00,0.9585642749689145
2022-09-12 00:00:00+00:00,0.552510214507262
2022-09-13 00:00:00+00:00,0.5572773344273445
2022-09-14 00:00:00+00:00,0.5153669138296375
2022-09-15 00:00:00+00:00,0.199834686660741
2022-09-16 00:00:00+00:00,1.851444364709288
2022-09-19 00:00:00+00:00,2.110520043256152
2022-09-20 00:00:00+00:00,2.0265765693271645
2022-09-21 00:00:00+00:00,1.9194385030393533
2022-09-22 00:00:00+00:00,1.7813413483595806
2022-09-23 00:00:00+00:00,1.599730514353686
2022-09-26 00:00:00+00:00,1.2671053171348594
2022-09-27 00:00:00+00:00,1.0015093633723475
2022-09-28 00:00:00+00:00,0.8191199310036916
2022-09-29 00:00:00+00:00,0.6755778223096209
2022-09-30 00:00:00+00:00,0.5131705722283234
2022-10-03 00:00:00+00:00,0.31709868616284903
2022-10-04 00:00:00+00:00,0.07278240263279968
2022-10-05 00:00:00+00:00,0.717334269535738
2022-10-06 00:00:00+00:00,1.4234112338841878
2022-10-07 00:00:00+00:00,1.5779901661319653
2022-10-10 00:00:00+00:00,1.5314608818079243
2022-10-11 00:00:00+00:00,1.3708755767198109
2022-10-12 00:00:00+00:00,1.107829755747919
2022-10-13 00:00:00+00:00,1.0011177705932859
2022-10-14 00:00:00+00:00,0.7766036811633767
2022-10-17 00:00:00+00:00,0.7976292435856319
2022-10-18 00:00:00+00:00,0.8336400699198698
2022-10-19 00:00:00+00:00,0.8186483749455296
2022-10-20 00:00:00+00:00,0.7579519235198112
2022-10-21 00:00:00+00:00,0.7054846592174708
2022-10-24 00:00:00+00:00,0.6084619829652778
2022-10-25 00:00:00+00:00,0.7369838737456209
2022-10-26 00:00:00+00:00,1.385896799893772
2022-10-27 00:00:00+00:00,2.0408922612864013
2022-10-28 00:00:00+00:00,2.0502312017802233
2022-10-31 00:00:00+00:00,1.6924974277797205
2022-11-01 00:00:00+00:00,1.7403056529875212
2022-11-02 00:00:00+00:00,1.8536013241491034
2022-11-03 00:00:00+00:00,1.3861187363087732
2022-11-04 00:00:00+00:00,1.214618964169082
2022-11-07 00:00:00+00:00,0.7794919037619739
2022-11-08 00:00:00+00:00,0.17533856073110785
2022-11-09 00:00:00+00:00,-0.16216260331445298
2022-11-10 00:00:00+00:00,-0.589047308399885
2022-11-11 00:00:00+00:00,-0.9426560202246494
2022-11-14 00:00:00+00:00,-1.2796007697701302
2022-11-15 00:00:00+00:00,-1.4045490918132457
2022-11-16 00:00:00+00:00,-1.461615981754358
2022-11-17 00:00:00+00:00,-1.1755830907137361
2022-11-18 00:00:00+00:00,-1.1063253839058824
2022-11-21 00:00:00+00:00,-1.7118980367846173
2022-11-22 00:00:00+00:00,-1.796904700339772
2022-11-23 00:00:00+00:00,-2.0424131885920147
2022-11-25 00:00:00+00:00,-1.998692767738654
2022-11-28 00:00:00+00:00,-1.8786099329845511
2022-11-29 00:00:00+00:00,-1.6932026990856412
2022-11-30 00:00:00+00:00,-1.3982977407041317
2022-12-01 00:00:00+00:00,-1.0733094145556903
2022-12-02 00:00:00+00:00,-0.859184440723662
2022-12-05 00:00:00+00:00,-0.5071160833588965
2022-12-06 00:00:00+00:00,0.3779778178576216
2022-12-07 00:00:00+00:00,0.87749484199353
2022-12-08 00:00:00+00:00,0.989471774952367
2022-12-09 00:00:00+00:00,1.0720861566658433
2022-12-12 00:00:00+00:00,1.125740984946217
2022-12-13 00:00:00+00:00,0.9666525800032589
2022-12-14 00:00:00+00:00,0.7234683042372625
2022-12-15 00:00:00+00:00,0.8799829712827991
2022-12-16 00:00:00+00:00,0.8315720476442676
2022-12-19 00:00:00+00:00,0.6122486186129279
2022-12-20 00:00:00+00:00,0.7293080045914264
2022-12-21 00:00:00+00:00,0.6525750696351021
2022-12-22 00:00:00+00:00,0.5670280912760746
2022-12-23 00:00:00+00:00,-0.24291810529629898
2022-12-27 00:00:00+00:00,-1.35889883106409
2022-12-28 00:00:00+00:00,-1.85121115656299
2022-12-29 00:00:00+00:00,-1.8713421495663205
2022-12-30 00:00:00+00:00,-1.7233034240165686
2023-01-03 00:00:00+00:00,-1.6292604470968908
2023-01-04 00:00:00+00:00,-0.9538134786734221
2023-01-05 00:00:00+00:00,-1.1188276270654585
2023-01-06 00:00:00+00:00,-1.1257390241388117
2023-01-09 00:00:00+00:00,-0.8614979660256717
2023-01-10 00:00:00+00:00,-0.7896846166942536
2023-01-11 00:00:00+00:00,-0.2488234570648654
2023-01-12 00:00:00+00:00,0.3575634473334325
2023-01-13 00:00:00+00:00,0.7517679762945277
2023-01-17 00:00:00+00:00,1.5590560170157515
2023-01-18 00:00:00+00:00,1.567796998319811
2023-01-19 00:00:00+00:00,1.5588500240763952
2023-01-20 00:00:00+00:00,1.4987390460529126
2023-01-23 00:00:00+00:00,1.6199129403666692
2023-01-24 00:00:00+00:00,1.29909421330821
2023-01-25 00:00:00+00:00,1.041377704883367
2023-01-26 00:00:00+00:00,0.7503558472043295
2023-01-27 00:00:00+00:00,0.5982083828321694
2023-01-30 00:00:00+00:00,0.6212897058542597
2023-01-31 00:00:00+00:00,0.2892531239986551
2023-02-01 00:00:00+00:00,0.20642361823429767
2023-02-02 00:00:00+00:00,-0.43493366467678035
2023-02-03 00:00:00+00:00,-0.6534817047754437
2023-02-06 00:00:00+00:00,-1.683821809359347
2023-02-07 00:00:00+00:00,-1.9914145167420334
2023-02-08 00:00:00+00:00,-2.141491518171078
2023-02-09 00:00:00+00:00,-2.068239175643081
2023-02-10 00:00:00+00:00,-1.276668577328874
2023-02-13 00:00:00+00:00,-0.45991801705803825
2023-02-14 00:00:00+00:00,0.22019123808889884
2023-02-15 00:00:00+00:00,0.4406230539158079
2023-02-16 00:00:00+00:00,1.1618103933666406
2023-02-17 00:00:00+00:00,1.6020314213628093
2023-02-21 00:00:00+00:00,1.2854602778111213
2023-02-22 00:00:00+00:00,0.831272577183101
2023-02-23 00:00:00+00:00,0.6880354645053102
2023-02-24 00:00:00+00:00,0.5927742810077314
2023-02-27 00:00:00+00:00,0.8483168773029096
2023-02-28 00:00:00+00:00,0.9069259146403518
2023-03-01 00:00:00+00:00,0.8444099311807483
2023-03-02 00:00:00+00:00,0.7690284954657537
2023-03-03 00:00:00+00:00,0.7155913539813026
2023-03-06 00:00:00+00:00,0.6471725412037282
2023-03-07 00:00:00+00:00,1.8492511789777784
2023-03-08 00:00:00+00:00,2.1805038486521657
2023-03-09 00:00:00+00:00,2.242804205204129
2023-03-10 00:00:00+00:00,2.1145928796978577
2023-03-13 00:00:00+00:00,1.4254360551293719
2023-03-14 00:00:00+00:00,0.9381883791247752
2023-03-15 00:00:00+00:00,0.701455993985093
2023-03-16 00:00:00+00:00,0.3769889254653991
2023-03-17 00:00:00+00:00,0.3417541722355312
2023-03-20 00:00:00+00:00,0.05702994360860052
2023-03-21 00:00:00+00:00,-0.1706695388461204
2023-03-22 00:00:00+00:00,-0.24756125883816932
2023-03-23 00:00:00+00:00,-0.09392114607768888
2023-03-24 00:00:00+00:00,-0.34769321419851823
2023-03-27 00:00:00+00:00,-0.3524017541379332
2023-03-28 00:00:00+00:00,-0.9853580947965079
2023-03-29 00:00:00+00:00,-1.8018217193794088
2023-03-30 00:00:00+00:00,-1.9163823002869604
2023-03-31 00:00:00+00:00,-2.013960950579462
2023-04-03 00:00:00+00:00,-1.7125188217387641
2023-04-04 00:00:00+00:00,-1.657356916108752
2023-04-05 00:00:00+00:00,-1.5224894495907924
2023-04-06 00:00:00+00:00,-1.603269062203012
2023-04-10 00:00:00+00:00,-1.770942331100888
2023-04-11 00:00:00+00:00,-1.7300800058113872
2023-04-12 00:00:00+00:00,-1.6106603895407443
2023-04-13 00:00:00+00:00,-1.5204072856266002
2023-04-14 00:00:00+00:00,-1.3087938665220173
2023-04-17 00:00:00+00:00,-1.0830955540055438
2023-04-18 00:00:00+00:00,-0.7782088328391695
2023-04-19 00:00:00+00:00,-0.32694952548700873
2023-04-20 00:00:00+00:00,-0.11093961811011105
2023-04-21 00:00:00+00:00,0.2785700931334604
2023-04-24 00:00:00+00:00,0.3307968058493972
2023-04-25 00:00:00+00:00,0.400989820858399
2023-04-26 00:00:00+00:00,0.8374026668597038
2023-04-27 00:00:00+00:00,0.6601002823807891
2023-04-28 00:00:00+00:00,0.341464531643508
2023-05-01 00:00:00+00:00,1.543482264613883
2023-05-02 00:00:00+00:00,1.7610687042210524
2023-05-03 00:00:00+00:00,0.8956596265118274
2023-05-04 00:00:00+00:00,0.40943044750266044
2023-05-05 00:00:00+00:00,-0.33532476242904485
2023-05-08 00:00:00+00:00,-0.5076570989094318
2023-05-09 00:00:00+00:00,-0.686439676366648
2023-05-10 00:00:00+00:00,-1.1209573618281246
2023-05-11 00:00:00+00:00,-1.2396409848818766
2023-05-12 00:00:00+00:00,-1.3265380526262471
2023-05-15 00:00:00+00:00,-1.3153152371851646
2023-05-16 00:00:00+00:00,-1.1298658987410062
2023-05-17 00:00:00+00:00,-0.9866900220003487
2023-05-18 00:00:00+00:00,-1.0664929276850286
2023-05-19 00:00:00+00:00,-1.0428218864875058
2023-05-22 00:00:00+00:00,-0.951523930998716
2023-05-23 00:00:00+00:00,-0.8967136840233032
2023-05-24 00:00:00+00:00,-0.6536386943815476
2023-05-25 00:00:00+00:00,-0.5653405650387597
2023-05-26 00:00:00+00:00,-0.492693809671998
2023-05-30 00:00:00+00:00,0.07817686967577805
2023-05-31 00:00:00+00:00,0.07027750627550489
2023-06-01 00:00:00+00:00,0.15695159227855357
2023-06-02 00:00:00+00:00,0.0717603452029529
2023-06-05 00:00:00+00:00,1.0786371502188172
2023-06-06 00:00:00+00:00,1.3916020514832688
2023-06-07 00:00:00+00:00,1.4739630544686126
2023-06-08 00:00:00+00:00,1.651051301570605
2023-06-09 00:00:00+00:00,1.769326204722637
2023-06-12 00:00:00+00:00,1.7917947463736799
2023-06-13 00:00:00+00:00,1.9860354108446687
2023-06-14 00:00:00+00:00,2.0784581176833914
2023-06-15 00:00:00+00:00,1.9102065649498092
2023-06-16 00:00:00+00:00,1.6968650760636663
2023-06-20 00:00:00+00:00,1.5202017634169565
2023-06-21 00:00:00+00:00,1.2256878609413633
2023-06-22 00:00:00+00:00,0.5054563572612852
2023-06-23 00:00:00+00:00,-0.23857068323792158
2023-06-26 00:00:00+00:00,-1.1595695672823558
2023-06-27 00:00:00+00:00,-1.4161121130764278
2023-06-28 00:00:00+00:00,-1.4632831862318318
2023-06-29 00:00:00+00:00,-1.4605213598959195
2023-06-30 00:00:00+00:00,-1.2152614165370115
2023-07-03 00:00:00+00:00,-0.8777645337919895
2023-07-05 00:00:00+00:00,-0.5078158561005524
2023-07-06 00:00:00+00:00,-0.29224544019733667
2023-07-07 00:00:00+00:00,-0.2025621040345168
2023-07-10 00:00:00+00:00,0.10099500355859012
2023-07-11 00:00:00+00:00,0.32123152882846573
2023-07-12 00:00:00+00:00,0.44700768876151414
2023-07-13 00:00:00+00:00,1.1579575552593533
2023-07-14 00:00:00+00:00,1.535677095341631
2023-07-17 00:00:00+00:00,1.3709844022733084
2023-07-18 00:00:00+00:00,1.1422451431754137
2023-07-19 00:00:00+00:00,0.6633023506607074
2023-07-20 00:00:00+00:00,0.4272177839457195
2023-07-21 00:00:00+00:00,0.3574447454508658
2023-07-24 00:00:00+00:00,0.6003716961275151
2023-07-25 00:00:00+00:00,0.3561617835842417
2023-07-26 00:00:00+00:00,0.22937193965366826
2023-07-27 00:00:00+00:00,-0.09399653326527566
2023-07-28 00:00:00+00:00,-0.7314877818295575
2023-07-31 00:00:00+00:00,-1.2780255233690614
2023-08-01 00:00:00+00:00,-2.004707433790583
2023-08-02 00:00:00+00:00,-2.2866706081376638
2023-08-03 00:00:00+00:00,-2.0059351636752623
2023-08-04 00:00:00+00:00,-1.7471910365607775
2023-08-07 00:00:00+00:00,-1.970770522858189
2023-08-08 00:00:00+00:00,-1.8792224737328764
2023-08-09 00:00:00+00:00,-1.459583648941449
2023-08-10 00:00:00+00:00,-1.311592134823271
2023-08-11 00:00:00+00:00,-1.1649923788371062
2023-08-14 00:00:00+00:00,-1.0333397920541896
2023-08-15 00:00:00+00:00,-0.8393810187831898
2023-08-16 00:00:00+00:00,-0.4441000580360483
2023-08-17 00:00:00+00:00,-0.20041508322875687
2023-08-18 00:00:00+00:00,0.29215801587721285
2023-08-21 00:00:00+00:00,0.715854855848461
2023-08-22 00:00:00+00:00,0.8383762623138726
2023-08-23 00:00:00+00:00,1.0754271187967648
2023-08-24 00:00:00+00:00,1.1550012726600551
2023-08-25 00:00:00+00:00,1.17895485602613
2023-08-28 00:00:00+00:00,1.4074860293708578
2023-08-29 00:00:00+00:00,2.0218581464349437
2023-08-30 00:00:00+00:00,2.0815734152989496
2023-08-31 00:00:00+00:00,2.0860941196490064
2023-09-01 00:00:00+00:00,2.0836310683123083
2023-09-05 00:00:00+00:00,2.097407735110556
2023-09-06 00:00:00+00:00,1.8415024079846938
2023-09-07 00:00:00+00:00,1.5316724738019132
2023-09-08 00:00:00+00:00,1.2641641696687311
2023-09-11 00:00:00+00:00,1.1068495854654872
2023-09-12 00:00:00+00:00,0.8878035716941868
2023-09-13 00:00:00+00:00,0.7642451146108042
2023-09-14 00:00:00+00:00,0.5529224679606053
2023-09-15 00:00:00+00:00,0.3188362891851995
2023-09-18 00:00:00+00:00,0.03428925723142437
2023-09-19 00:00:00+00:00,-0.06154268759403875
2023-09-20 00:00:00+00:00,-0.5810038648690153
2023-09-21 00:00:00+00:00,0.2418181523825091
2023-09-22 00:00:00+00:00,0.7298186678225768
2023-09-25 00:00:00+00:00,0.6857794707601897
2023-09-26 00:00:00+00:00,-0.8579443103114861
2023-09-27 00:00:00+00:00,-1.5394361938274268
2023-09-28 00:00:00+00:00,-1.7341732941957475
2023-09-29 00:00:00+00:00,-1.5984939727805376
2023-10-02 00:00:00+00:00,-1.4725797771082922
2023-10-03 00:00:00+00:00,-1.320110688305169
2023-10-04 00:00:00+00:00,-1.1699679077464191
2023-10-05 00:00:00+00:00,-0.8862773105940294
2023-10-06 00:00:00+00:00,-1.122596442979322
2023-10-09 00:00:00+00:00,-1.2691030893805766
2023-10-10 00:00:00+00:00,-1.5072737954423108
2023-10-11 00:00:00+00:00,-1.6217675381982701
2023-10-12 00:00:00+00:00,-1.4835235393712705
2023-10-13 00:00:00+00:00,-1.5581481037299918
2023-10-16 00:00:00+00:00,-1.5062143258451965
2023-10-17 00:00:00+00:00,-1.623472830281075
2023-10-18 00:00:00+00:00,-1.4987411754724005
2023-10-19 00:00:00+00:00,-1.3454035190875175
2023-10-20 00:00:00+00:00,-1.1402317443740508
2023-10-23 00:00:00+00:00,-1.0969384433445308
2023-10-24 00:00:00+00:00,-0.8908641354947614
2023-10-25 00:00:00+00:00,-0.1529995200212535
2023-10-26 00:00:00+00:00,0.37855571996558834
2023-10-27 00:00:00+00:00,1.0216625932188497
2023-10-30 00:00:00+00:00,1.2818765429691101
2023-10-31 00:00:00+00:00,1.335539743360116
2023-11-01 00:00:00+00:00,1.5966455256363328
2023-11-02 00:00:00+00:00,1.608535247319805
2023-11-03 00:00:00+00:00,1.5422012739504907
2023-11-06 00:00:00+00:00,1.4062832772298237
2023-11-07 00:00:00+00:00,1.3568251248385834
2023-11-08 00:00:00+00:00,1.2535876017623557
2023-11-09 00:00:00+00:00,1.2521034274625724
2023-11-10 00:00:00+00:00,1.2253748626817136
2023-11-13 00:00:00+00:00,1.0278785613621362
2023-11-14 00:00:00+00:00,0.9640468373008201
2023-11-15 00:00:00+00:00,0.9289510719245138
2023-11-16 00:00:00+00:00,0.2891384535223288
2023-11-17 00:00:00+00:00,-0.24278020599747763
2023-11-20 00:00:00+00:00,-1.0154431871055816
2023-11-21 00:00:00+00:00,-1.3846663772041494
2023-11-22 00:00:00+00:00,-1.6857841733737273
2023-11-24 00:00:00+00:00,-1.567178303639708
2023-11-27 00:00:00+00:00,-0.9250913895943624
2023-11-28 00:00:00+00:00,-0.27283257285138796
2023-11-29 00:00:00+00:00,-0.256180481841035
2023-11-30 00:00:00+00:00,-0.21891304125331018
2023-12-01 00:00:00+00:00,-0.6490548596570962
2023-12-04 00:00:00+00:00,-0.8097624894913851
2023-12-05 00:00:00+00:00,-0.8317919301149648
2023-12-06 00:00:00+00:00,-1.5755873509547333
2023-12-07 00:00:00+00:00,-1.8326704565067515
2023-12-08 00:00:00+00:00,-1.8110841550826995
2023-12-11 00:00:00+00:00,-1.6586647371771817
2023-12-12 00:00:00+00:00,-1.3896791366970147
2023-12-13 00:00:00+00:00,-1.1880559623861529
2023-12-14 00:00:00+00:00,-1.40818610613564
2023-12-15 00:00:00+00:00,-1.5546705660951934
2023-12-18 00:00:00+00:00,-1.4013766960341298
2023-12-19 00:00:00+00:00,-1.4501749863508802
2023-12-20 00:00:00+00:00,-1.3931194036923347
2023-12-21 00:00:00+00:00,-1.4615340601629496
2023-12-22 00:00:00+00:00,-1.4677316569569103
2023-12-26 00:00:00+00:00,-1.4014392243226976
2023-12-27 00:00:00+00:00,-1.5070326271976757
2023-12-28 00:00:00+00:00,-1.2902073521065565
2023-12-29 00:00:00+00:00,-1.1549900513923061
