date,equity
2013-08-29 00:00:00+00:00,300000000.0
2013-08-30 00:00:00+00:00,300000000.0
2013-09-03 00:00:00+00:00,300000000.0
2013-09-04 00:00:00+00:00,300000000.0
2013-09-05 00:00:00+00:00,300000000.0
2013-09-06 00:00:00+00:00,300000000.0
2013-09-09 00:00:00+00:00,300000000.0
2013-09-10 00:00:00+00:00,297001771.20000005
2013-09-11 00:00:00+00:00,297178137.6
2013-09-12 00:00:00+00:00,297001771.20000005
2013-09-13 00:00:00+00:00,298589068.8
2013-09-16 00:00:00+00:00,301234564.8
2013-09-17 00:00:00+00:00,303880060.8000001
2013-09-18 00:00:00+00:00,302116396.8
2013-09-19 00:00:00+00:00,297178137.6
2013-09-20 00:00:00+00:00,287125252.8000001
2013-09-23 00:00:00+00:00,286772520.0
2013-09-24 00:00:00+00:00,283774291.20000005
2013-09-25 00:00:00+00:00,279188764.8
2013-09-26 00:00:00+00:00,279188764.8
2013-09-27 00:00:00+00:00,287125252.8000001
2013-09-30 00:00:00+00:00,280070596.8
2013-10-01 00:00:00+00:00,276896001.6
2013-10-02 00:00:00+00:00,273545040.0
2013-10-03 00:00:00+00:00,273368673.6
2013-10-04 00:00:00+00:00,274074139.20000005
2013-10-07 00:00:00+00:00,272134108.8
2013-10-08 00:00:00+00:00,271605009.6
2013-10-09 00:00:00+00:00,272134108.8
2013-10-10 00:00:00+00:00,269841345.6
2013-10-11 00:00:00+00:00,266137651.20000005
2013-10-14 00:00:00+00:00,264021254.4
2013-10-15 00:00:00+00:00,270194078.40000004
2013-10-16 00:00:00+00:00,264726720.0
2013-10-17 00:00:00+00:00,264903086.40000004
2013-10-18 00:00:00+00:00,256084766.40000004
2013-10-21 00:00:00+00:00,257495697.6
2013-10-22 00:00:00+00:00,256966598.40000004
2013-10-23 00:00:00+00:00,259964827.2
2013-10-24 00:00:00+00:00,265432185.60000005
2013-10-25 00:00:00+00:00,264373987.2
2013-10-28 00:00:00+00:00,266490384.00000003
2013-10-29 00:00:00+00:00,274603238.40000004
2013-10-30 00:00:00+00:00,276896001.6
2013-10-31 00:00:00+00:00,276896001.6
2013-11-01 00:00:00+00:00,278130566.40000004
2013-11-04 00:00:00+00:00,276896001.6
2013-11-05 00:00:00+00:00,277954200.0
2013-11-06 00:00:00+00:00,280776062.4
2013-11-07 00:00:00+00:00,281834260.8000001
2013-11-08 00:00:00+00:00,281128795.20000005
2013-11-11 00:00:00+00:00,283068825.6
2013-11-12 00:00:00+00:00,284832489.6
2013-11-13 00:00:00+00:00,286067054.40000004
2013-11-14 00:00:00+00:00,288888916.8
2013-11-15 00:00:00+00:00,290476214.40000004
2013-11-18 00:00:00+00:00,286948886.40000004
2013-11-19 00:00:00+00:00,288712550.40000004
2013-11-20 00:00:00+00:00,289594382.4
2013-11-21 00:00:00+00:00,291181680.0
2013-11-22 00:00:00+00:00,293121710.40000004
2013-11-25 00:00:00+00:00,294532641.6
2013-11-26 00:00:00+00:00,294885374.40000004
2013-11-27 00:00:00+00:00,296296305.6
2013-11-29 00:00:00+00:00,297530870.40000004
2013-12-02 00:00:00+00:00,300705465.6
2013-12-03 00:00:00+00:00,303527328.00000006
2013-12-04 00:00:00+00:00,305820091.20000005
2013-12-05 00:00:00+00:00,305643724.8
2013-12-06 00:00:00+00:00,307407388.8
2013-12-09 00:00:00+00:00,308112854.40000004
2013-12-10 00:00:00+00:00,306878289.6
2013-12-11 00:00:00+00:00,308818320.0
2013-12-12 00:00:00+00:00,312522014.40000004
2013-12-13 00:00:00+00:00,313051113.6
2013-12-16 00:00:00+00:00,313051113.6
2013-12-17 00:00:00+00:00,318518472.0
2013-12-18 00:00:00+00:00,319753036.8
2013-12-19 00:00:00+00:00,315167510.40000004
2013-12-20 00:00:00+00:00,309876518.40000004
2013-12-23 00:00:00+00:00,313756579.20000005
2013-12-24 00:00:00+00:00,314109312.0
2013-12-26 00:00:00+00:00,312698380.8000001
2013-12-27 00:00:00+00:00,315276643.2000001
2013-12-30 00:00:00+00:00,314355835.20000005
2013-12-31 00:00:00+00:00,314908320.0000001
2014-01-02 00:00:00+00:00,312698380.8000001
2014-01-03 00:00:00+00:00,308830987.20000005
2014-01-06 00:00:00+00:00,308830987.20000005
2014-01-07 00:00:00+00:00,308462664.00000006
2014-01-08 00:00:00+00:00,302569492.8000001
2014-01-09 00:00:00+00:00,297781291.2000001
2014-01-10 00:00:00+00:00,299438745.6000001
2014-01-13 00:00:00+00:00,299991230.4000001
2014-01-14 00:00:00+00:00,297965452.8000001
2014-01-15 00:00:00+00:00,293177251.2000001
2014-01-16 00:00:00+00:00,297228806.4000001
2014-01-17 00:00:00+00:00,292993089.6000001
2014-01-21 00:00:00+00:00,292993089.6000001
2014-01-22 00:00:00+00:00,296738156.80000013
2014-01-23 00:00:00+00:00,296541048.0000001
2014-01-24 00:00:00+00:00,295161286.4000001
2014-01-27 00:00:00+00:00,301271659.2000001
2014-01-28 00:00:00+00:00,296935265.6000001
2014-01-29 00:00:00+00:00,302454312.0000001
2014-01-30 00:00:00+00:00,297526592.0000001
2014-01-31 00:00:00+00:00,286488499.2000001
2014-02-03 00:00:00+00:00,282743432.0000001
2014-02-04 00:00:00+00:00,276435950.4000001
2014-02-05 00:00:00+00:00,275647515.20000005
2014-02-06 00:00:00+00:00,280575235.2000001
2014-02-07 00:00:00+00:00,282940540.8000001
2014-02-10 00:00:00+00:00,284714520.00000006
2014-02-11 00:00:00+00:00,288262478.4000001
2014-02-12 00:00:00+00:00,281363670.4000001
2014-02-13 00:00:00+00:00,284320302.4000001
2014-02-14 00:00:00+00:00,284911628.8000001
2014-02-18 00:00:00+00:00,274464862.4000001
2014-02-19 00:00:00+00:00,260864355.20000008
2014-02-20 00:00:00+00:00,264018096.00000006
2014-02-21 00:00:00+00:00,256527961.60000008
2014-02-24 00:00:00+00:00,267248052.80000007
2014-02-25 00:00:00+00:00,267248052.80000007
2014-02-26 00:00:00+00:00,267072313.6000001
2014-02-27 00:00:00+00:00,274101881.6000001
2014-02-28 00:00:00+00:00,266896574.4000001
2014-03-03 00:00:00+00:00,269356923.2000001
2014-03-04 00:00:00+00:00,268302488.00000006
2014-03-05 00:00:00+00:00,276913708.8000001
2014-03-06 00:00:00+00:00,278495361.6000001
2014-03-07 00:00:00+00:00,273047446.4000001
2014-03-10 00:00:00+00:00,276737969.6000001
2014-03-11 00:00:00+00:00,279866342.40000004
2014-03-12 00:00:00+00:00,285793785.6
2014-03-13 00:00:00+00:00,283324017.6000001
2014-03-14 00:00:00+00:00,292709136.00000006
2014-03-17 00:00:00+00:00,296002160.00000006
2014-03-18 00:00:00+00:00,294520299.20000005
2014-03-19 00:00:00+00:00,291556577.6000001
2014-03-20 00:00:00+00:00,296002160.00000006
2014-03-21 00:00:00+00:00,299624486.4000001
2014-03-24 00:00:00+00:00,299459835.20000005
2014-03-25 00:00:00+00:00,297319369.6000001
2014-03-26 00:00:00+00:00,290897972.8000001
2014-03-27 00:00:00+00:00,282500761.6
2014-03-28 00:00:00+00:00,280689598.40000004
2014-03-31 00:00:00+00:00,284147273.6000001
2014-04-01 00:00:00+00:00,293861694.4000001
2014-04-02 00:00:00+00:00,297319369.6000001
2014-04-03 00:00:00+00:00,293861694.4000001
2014-04-04 00:00:00+00:00,291062624.00000006
2014-04-07 00:00:00+00:00,297813323.20000005
2014-04-08 00:00:00+00:00,294190996.8000001
2014-04-09 00:00:00+00:00,296166811.2000001
2014-04-10 00:00:00+00:00,295508206.4000001
2014-04-11 00:00:00+00:00,300118440.00000006
2014-04-14 00:00:00+00:00,303576115.20000005
2014-04-15 00:00:00+00:00,304070068.8000001
2014-04-16 00:00:00+00:00,298142625.6
2014-04-17 00:00:00+00:00,291391926.4000001
2014-04-21 00:00:00+00:00,288098902.40000004
2014-04-22 00:00:00+00:00,289639025.6
2014-04-23 00:00:00+00:00,295799518.40000004
2014-04-24 00:00:00+00:00,291692523.2
2014-04-25 00:00:00+00:00,293574896.00000006
2014-04-28 00:00:00+00:00,288612276.8
2014-04-29 00:00:00+00:00,288783401.6
2014-04-30 00:00:00+00:00,291350273.6
2014-05-01 00:00:00+00:00,292719272.0
2014-05-02 00:00:00+00:00,286729904.0
2014-05-05 00:00:00+00:00,287072153.6
2014-05-06 00:00:00+00:00,282451784.0
2014-05-07 00:00:00+00:00,283478532.8000001
2014-05-08 00:00:00+00:00,283136283.2
2014-05-09 00:00:00+00:00,282451784.0
2014-05-12 00:00:00+00:00,283991907.2
2014-05-13 00:00:00+00:00,292719272.0
2014-05-14 00:00:00+00:00,300419888.0
2014-05-15 00:00:00+00:00,301241800.0
2014-05-16 00:00:00+00:00,306008889.6
2014-05-19 00:00:00+00:00,308310243.2
2014-05-20 00:00:00+00:00,311433508.8
2014-05-21 00:00:00+00:00,313734862.4
2014-05-22 00:00:00+00:00,314721156.8
2014-05-23 00:00:00+00:00,314885539.2
2014-05-27 00:00:00+00:00,320638923.2
2014-05-28 00:00:00+00:00,319159481.6
2014-05-29 00:00:00+00:00,313077332.8
2014-05-30 00:00:00+00:00,314721156.8
2014-06-02 00:00:00+00:00,318008804.8
2014-06-03 00:00:00+00:00,317844422.4
2014-06-04 00:00:00+00:00,320310158.40000004
2014-06-05 00:00:00+00:00,323762188.8
2014-06-06 00:00:00+00:00,322282747.2
2014-06-09 00:00:00+00:00,321296452.8
2014-06-10 00:00:00+00:00,321460835.20000005
2014-06-11 00:00:00+00:00,324090953.6
2014-06-12 00:00:00+00:00,322127884.8
2014-06-13 00:00:00+00:00,342650876.8000001
2014-06-16 00:00:00+00:00,344792406.40000004
2014-06-17 00:00:00+00:00,343721641.6
2014-06-18 00:00:00+00:00,351573916.8000001
2014-06-19 00:00:00+00:00,357641584.00000006
2014-06-20 00:00:00+00:00,358712348.8000001
2014-06-23 00:00:00+00:00,357998505.6000001
2014-06-24 00:00:00+00:00,357641584.00000006
2014-06-25 00:00:00+00:00,356213897.6
2014-06-26 00:00:00+00:00,358355427.20000005
2014-06-27 00:00:00+00:00,351038534.40000004
2014-06-30 00:00:00+00:00,345506249.6000001
2014-07-01 00:00:00+00:00,341758572.8000001
2014-07-02 00:00:00+00:00,343007798.4000001
2014-07-03 00:00:00+00:00,341937033.6
2014-07-07 00:00:00+00:00,336583209.6000001
2014-07-08 00:00:00+00:00,339617043.20000005
2014-07-09 00:00:00+00:00,344028723.2
2014-07-10 00:00:00+00:00,346234563.20000005
2014-07-11 00:00:00+00:00,349967523.20000005
2014-07-14 00:00:00+00:00,347931363.20000005
2014-07-15 00:00:00+00:00,347592003.20000005
2014-07-16 00:00:00+00:00,349967523.20000005
2014-07-17 00:00:00+00:00,352512723.2
2014-07-18 00:00:00+00:00,351664323.20000005
2014-07-21 00:00:00+00:00,346404243.20000005
2014-07-22 00:00:00+00:00,348440403.20000005
2014-07-23 00:00:00+00:00,351834003.20000005
2014-07-24 00:00:00+00:00,350306883.20000005
2014-07-25 00:00:00+00:00,348779763.20000005
2014-07-28 00:00:00+00:00,352173363.20000005
2014-07-29 00:00:00+00:00,357603123.20000005
2014-07-30 00:00:00+00:00,357433443.20000005
2014-07-31 00:00:00+00:00,360318003.20000005
2014-08-01 00:00:00+00:00,362184483.20000005
2014-08-04 00:00:00+00:00,362693523.20000005
2014-08-05 00:00:00+00:00,365917443.20000005
2014-08-06 00:00:00+00:00,362693523.20000005
2014-08-07 00:00:00+00:00,367274883.20000005
2014-08-08 00:00:00+00:00,365747763.20000005
2014-08-11 00:00:00+00:00,364050963.20000005
2014-08-12 00:00:00+00:00,367274883.20000005
2014-08-13 00:00:00+00:00,367783923.20000005
2014-08-14 00:00:00+00:00,369650403.20000005
2014-08-15 00:00:00+00:00,369480723.20000005
2014-08-18 00:00:00+00:00,373553043.20000005
2014-08-19 00:00:00+00:00,377116323.20000005
2014-08-20 00:00:00+00:00,373213683.20000005
2014-08-21 00:00:00+00:00,368292963.20000005
2014-08-22 00:00:00+00:00,374231763.20000005
2014-08-25 00:00:00+00:00,378982803.20000005
2014-08-26 00:00:00+00:00,373044003.20000005
2014-08-27 00:00:00+00:00,375249843.20000005
2014-08-28 00:00:00+00:00,375589203.20000005
2014-08-29 00:00:00+00:00,376776963.20000005
2014-09-02 00:00:00+00:00,371177523.20000005
2014-09-03 00:00:00+00:00,374571123.20000005
2014-09-04 00:00:00+00:00,382885443.20000005
2014-09-05 00:00:00+00:00,385091283.20000005
2014-09-08 00:00:00+00:00,386109363.20000005
2014-09-09 00:00:00+00:00,387127443.20000005
2014-09-10 00:00:00+00:00,393235923.20000005
2014-09-11 00:00:00+00:00,395950803.20000005
2014-09-12 00:00:00+00:00,405792243.20000005
2014-09-15 00:00:00+00:00,407658723.20000005
2014-09-16 00:00:00+00:00,409694883.20000005
2014-09-17 00:00:00+00:00,404095443.20000005
2014-09-18 00:00:00+00:00,405622563.20000005
2014-09-19 00:00:00+00:00,371516883.20000005
2014-09-22 00:00:00+00:00,374231763.20000005
2014-09-23 00:00:00+00:00,372704643.20000005
2014-09-24 00:00:00+00:00,369820083.20000005
2014-09-25 00:00:00+00:00,366765843.20000005
2014-09-26 00:00:00+00:00,358621203.20000005
2014-09-29 00:00:00+00:00,354548883.20000005
2014-09-30 00:00:00+00:00,360487683.20000005
2014-10-01 00:00:00+00:00,367444563.20000005
2014-10-02 00:00:00+00:00,367631592.00000006
2014-10-03 00:00:00+00:00,374925715.2000001
2014-10-06 00:00:00+00:00,385025270.4000001
2014-10-07 00:00:00+00:00,385960414.4000001
2014-10-08 00:00:00+00:00,383903097.6000001
2014-10-09 00:00:00+00:00,379788464.00000006
2014-10-10 00:00:00+00:00,376983032.00000006
2014-10-13 00:00:00+00:00,379227377.6000001
2014-10-14 00:00:00+00:00,381845780.8
2014-10-15 00:00:00+00:00,376047888.00000006
2014-10-16 00:00:00+00:00,379227377.6000001
2014-10-17 00:00:00+00:00,378292233.6000001
2014-10-20 00:00:00+00:00,379414406.40000004
2014-10-21 00:00:00+00:00,374925715.2000001
2014-10-22 00:00:00+00:00,376047888.00000006
2014-10-23 00:00:00+00:00,369688908.8000001
2014-10-24 00:00:00+00:00,373803542.40000004
2014-10-27 00:00:00+00:00,367257534.4000001
2014-10-28 00:00:00+00:00,369127822.40000004
2014-10-29 00:00:00+00:00,372307312.00000006
2014-10-30 00:00:00+00:00,372307312.00000006
2014-10-31 00:00:00+00:00,377092310.4000001
2014-11-03 00:00:00+00:00,379116732.8000001
2014-11-04 00:00:00+00:00,383717692.8000001
2014-11-05 00:00:00+00:00,386846345.6000001
2014-11-06 00:00:00+00:00,387398460.8000001
2014-11-07 00:00:00+00:00,383533654.4000001
2014-11-10 00:00:00+00:00,384085769.6000001
2014-11-11 00:00:00+00:00,373595580.8000001
2014-11-12 00:00:00+00:00,371203081.6000001
2014-11-13 00:00:00+00:00,377644425.6
2014-11-14 00:00:00+00:00,379668848.00000006
2014-11-17 00:00:00+00:00,382061347.2000001
2014-11-18 00:00:00+00:00,383165577.6000001
2014-11-19 00:00:00+00:00,380220963.2000001
2014-11-20 00:00:00+00:00,375988080.00000006
2014-11-21 00:00:00+00:00,376172118.4000001
2014-11-24 00:00:00+00:00,377828464.00000006
2014-11-25 00:00:00+00:00,377828464.00000006
2014-11-26 00:00:00+00:00,375620003.20000005
2014-11-28 00:00:00+00:00,385374038.4000001
2014-12-01 00:00:00+00:00,385374038.4000001
2014-12-02 00:00:00+00:00,391815382.4000001
2014-12-03 00:00:00+00:00,394575958.4000001
2014-12-04 00:00:00+00:00,392367497.6000001
2014-12-05 00:00:00+00:00,393655766.40000004
2014-12-08 00:00:00+00:00,390711152.00000006
2014-12-09 00:00:00+00:00,388502691.20000005
2014-12-10 00:00:00+00:00,387582499.20000005
2014-12-11 00:00:00+00:00,393471728.00000006
2014-12-12 00:00:00+00:00,396600380.8000001
2014-12-15 00:00:00+00:00,396968457.6000001
2014-12-16 00:00:00+00:00,401569417.6000001
2014-12-17 00:00:00+00:00,401385379.20000005
2014-12-18 00:00:00+00:00,396416342.4000001
2014-12-19 00:00:00+00:00,396600380.8000001
2014-12-22 00:00:00+00:00,398808841.6000001
2014-12-23 00:00:00+00:00,399360956.8000001
2014-12-24 00:00:00+00:00,400649225.6000001
2014-12-26 00:00:00+00:00,401753456.00000006
2014-12-29 00:00:00+00:00,403593840.00000006
2014-12-30 00:00:00+00:00,403409801.6000001
2014-12-31 00:00:00+00:00,405066147.20000005
2015-01-02 00:00:00+00:00,411507491.20000005
2015-01-05 00:00:00+00:00,409851145.6000001
2015-01-06 00:00:00+00:00,398624803.2000001
2015-01-07 00:00:00+00:00,400281148.8000001
2015-01-08 00:00:00+00:00,398440764.8000001
2015-01-09 00:00:00+00:00,397888649.6000001
2015-01-12 00:00:00+00:00,400649225.6000001
2015-01-13 00:00:00+00:00,398624803.2000001
2015-01-14 00:00:00+00:00,397520572.8000001
2015-01-15 00:00:00+00:00,389790960.00000006
2015-01-16 00:00:00+00:00,390159036.8000001
2015-01-20 00:00:00+00:00,380957116.8000001
2015-01-21 00:00:00+00:00,379300771.20000005
2015-01-22 00:00:00+00:00,379484809.6000001
2015-01-23 00:00:00+00:00,393103651.20000005
2015-01-26 00:00:00+00:00,389790960.00000006
2015-01-27 00:00:00+00:00,393287689.6000001
2015-01-28 00:00:00+00:00,393287689.6000001
2015-01-29 00:00:00+00:00,398992880.00000006
2015-01-30 00:00:00+00:00,400097110.4000001
2015-02-02 00:00:00+00:00,410587299.20000005
2015-02-03 00:00:00+00:00,405986339.20000005
2015-02-04 00:00:00+00:00,406354416.00000006
2015-02-05 00:00:00+00:00,407090569.6000001
2015-02-06 00:00:00+00:00,405250185.6000001
2015-02-09 00:00:00+00:00,399544995.20000005
2015-02-10 00:00:00+00:00,401569417.6000001
2015-02-11 00:00:00+00:00,403225763.2000001
2015-02-12 00:00:00+00:00,397888649.6000001
2015-02-13 00:00:00+00:00,399176918.4000001
2015-02-17 00:00:00+00:00,394944035.20000005
2015-02-18 00:00:00+00:00,396048265.6000001
2015-02-19 00:00:00+00:00,402857686.40000004
2015-02-20 00:00:00+00:00,408746915.20000005
2015-02-23 00:00:00+00:00,412243644.8000001
2015-02-24 00:00:00+00:00,411875568.00000006
2015-02-25 00:00:00+00:00,418500950.4000001
2015-02-26 00:00:00+00:00,414820182.4000001
2015-02-27 00:00:00+00:00,418869027.2000001
2015-03-02 00:00:00+00:00,421261526.4000001
2015-03-03 00:00:00+00:00,424758256.0000001
2015-03-04 00:00:00+00:00,426782678.4000001
2015-03-05 00:00:00+00:00,424942294.4000001
2015-03-06 00:00:00+00:00,424942294.4000001
2015-03-09 00:00:00+00:00,428070947.2000001
2015-03-10 00:00:00+00:00,432671907.2000001
2015-03-11 00:00:00+00:00,430463446.4000001
2015-03-12 00:00:00+00:00,429175177.6
2015-03-13 00:00:00+00:00,438561136.0000001
2015-03-16 00:00:00+00:00,434880368.00000006
2015-03-17 00:00:00+00:00,436352675.20000005
2015-03-18 00:00:00+00:00,438009020.8000001
2015-03-19 00:00:00+00:00,440033443.2000001
2015-03-20 00:00:00+00:00,438929212.8000001
2015-03-23 00:00:00+00:00,437824982.4000001
2015-03-24 00:00:00+00:00,443162096.0000001
2015-03-25 00:00:00+00:00,441873827.20000005
2015-03-26 00:00:00+00:00,445186518.4000001
2015-03-27 00:00:00+00:00,449051324.8000001
2015-03-30 00:00:00+00:00,451627862.4000001
2015-03-31 00:00:00+00:00,452732092.8000001
2015-04-01 00:00:00+00:00,445554595.20000005
2015-04-02 00:00:00+00:00,437824982.4000001
2015-04-06 00:00:00+00:00,441505750.4000001
2015-04-07 00:00:00+00:00,437272867.2000001
2015-04-08 00:00:00+00:00,433592099.20000005
2015-04-09 00:00:00+00:00,436720752.00000006
2015-04-10 00:00:00+00:00,436168636.8000001
2015-04-13 00:00:00+00:00,432855945.6000001
2015-04-14 00:00:00+00:00,429543254.4000001
2015-04-15 00:00:00+00:00,433039984.00000006
2015-04-16 00:00:00+00:00,425126332.8000001
2015-04-17 00:00:00+00:00,429727292.8000001
2015-04-20 00:00:00+00:00,439113251.20000005
2015-04-21 00:00:00+00:00,444450364.8000001
2015-04-22 00:00:00+00:00,440585558.4000001
2015-04-23 00:00:00+00:00,432487868.8000001
2015-04-24 00:00:00+00:00,429543254.4000001
2015-04-27 00:00:00+00:00,426046524.8000001
2015-04-28 00:00:00+00:00,428991139.20000005
2015-04-29 00:00:00+00:00,430279408.00000006
2015-04-30 00:00:00+00:00,429727292.8000001
2015-05-01 00:00:00+00:00,434696329.6000001
2015-05-04 00:00:00+00:00,442057865.6000001
2015-05-05 00:00:00+00:00,437640944.00000006
2015-05-06 00:00:00+00:00,435432483.2000001
2015-05-07 00:00:00+00:00,433776137.6
2015-05-08 00:00:00+00:00,425310371.20000005
2015-05-11 00:00:00+00:00,424206140.8000001
2015-05-12 00:00:00+00:00,422365756.8000001
2015-05-13 00:00:00+00:00,433776137.6
2015-05-14 00:00:00+00:00,435984598.4000001
2015-05-15 00:00:00+00:00,435064406.4000001
2015-05-18 00:00:00+00:00,437088828.8000001
2015-05-19 00:00:00+00:00,435616521.6000001
2015-05-20 00:00:00+00:00,440585558.4000001
2015-05-21 00:00:00+00:00,442425942.4000001
2015-05-22 00:00:00+00:00,445738633.6000001
2015-05-26 00:00:00+00:00,449971516.8000001
2015-05-27 00:00:00+00:00,453836323.2000001
2015-05-28 00:00:00+00:00,452548054.4000001
2015-05-29 00:00:00+00:00,451811900.8000001
2015-06-01 00:00:00+00:00,446842864.00000006
2015-06-02 00:00:00+00:00,445554595.20000005
2015-06-03 00:00:00+00:00,450523632.00000006
2015-06-04 00:00:00+00:00,449235363.2000001
2015-06-05 00:00:00+00:00,450523632.00000006
2015-06-08 00:00:00+00:00,448499209.6000001
2015-06-09 00:00:00+00:00,450155555.20000005
2015-06-10 00:00:00+00:00,451259785.6000001
2015-06-11 00:00:00+00:00,458069206.40000004
2015-06-12 00:00:00+00:00,456596899.20000005
2015-06-15 00:00:00+00:00,454572476.8000001
2015-06-16 00:00:00+00:00,457333052.8000001
2015-06-17 00:00:00+00:00,455676707.20000005
2015-06-18 00:00:00+00:00,457149014.4000001
2015-06-19 00:00:00+00:00,453556256.0000001
2015-06-22 00:00:00+00:00,463564654.4000001
2015-06-23 00:00:00+00:00,459202019.2000001
2015-06-24 00:00:00+00:00,465617659.2000001
2015-06-25 00:00:00+00:00,461768275.2000001
2015-06-26 00:00:00+00:00,463821280.0000001
2015-06-29 00:00:00+00:00,466900787.2000001
2015-06-30 00:00:00+00:00,477165811.2000001
2015-07-01 00:00:00+00:00,476395934.4000001
2015-07-02 00:00:00+00:00,472803176.0000001
2015-07-06 00:00:00+00:00,477422436.80000013
2015-07-07 00:00:00+00:00,473573052.80000013
2015-07-08 00:00:00+00:00,473059801.60000014
2015-07-09 00:00:00+00:00,462538152.0000001
2015-07-10 00:00:00+00:00,475626057.60000014
2015-07-13 00:00:00+00:00,472000113.60000014
2015-07-14 00:00:00+00:00,470066276.80000013
2015-07-15 00:00:00+00:00,474417409.60000014
2015-07-16 00:00:00+00:00,479010272.0000002
2015-07-17 00:00:00+00:00,486503889.60000014
2015-07-20 00:00:00+00:00,499073828.80000013
2015-07-21 00:00:00+00:00,499557288.0000001
2015-07-22 00:00:00+00:00,500524206.40000015
2015-07-23 00:00:00+00:00,497381721.60000014
2015-07-24 00:00:00+00:00,503908420.80000013
2015-07-27 00:00:00+00:00,503908420.80000013
2015-07-28 00:00:00+00:00,505600528.0000001
2015-07-29 00:00:00+00:00,498590369.60000014
2015-07-30 00:00:00+00:00,503183232.0000002
2015-07-31 00:00:00+00:00,506325716.80000013
2015-08-03 00:00:00+00:00,512368956.80000013
2015-08-04 00:00:00+00:00,515674659.2000001
2015-08-05 00:00:00+00:00,508787779.2000001
2015-08-06 00:00:00+00:00,507134928.0000001
2015-08-07 00:00:00+00:00,506033027.2000001
2015-08-10 00:00:00+00:00,503553750.4000001
2015-08-11 00:00:00+00:00,504931126.4000001
2015-08-12 00:00:00+00:00,502727324.8000001
2015-08-13 00:00:00+00:00,501349948.80000013
2015-08-14 00:00:00+00:00,506583977.6000001
2015-08-17 00:00:00+00:00,505206601.60000014
2015-08-18 00:00:00+00:00,507961353.60000014
2015-08-19 00:00:00+00:00,504104700.80000013
2015-08-20 00:00:00+00:00,504931126.4000001
2015-08-21 00:00:00+00:00,499972572.8000001
2015-08-24 00:00:00+00:00,498595196.80000013
2015-08-25 00:00:00+00:00,504380176.0000001
2015-08-26 00:00:00+00:00,502451849.6000001
2015-08-27 00:00:00+00:00,517052035.2000001
2015-08-28 00:00:00+00:00,514572758.40000015
2015-08-31 00:00:00+00:00,506859452.8000001
2015-09-01 00:00:00+00:00,507410403.20000017
2015-09-02 00:00:00+00:00,507961353.60000014
2015-09-03 00:00:00+00:00,524765340.80000013
2015-09-04 00:00:00+00:00,522837014.4000001
2015-09-08 00:00:00+00:00,517327510.4000001
2015-09-09 00:00:00+00:00,527244617.6000001
2015-09-10 00:00:00+00:00,524489865.60000014
2015-09-11 00:00:00+00:00,533580547.2000001
2015-09-14 00:00:00+00:00,529172944.0000001
2015-09-15 00:00:00+00:00,526418192.0000001
2015-09-16 00:00:00+00:00,528346518.40000015
2015-09-17 00:00:00+00:00,527520092.8000001
2015-09-18 00:00:00+00:00,534682448.0000001
2015-09-21 00:00:00+00:00,533856022.4000001
2015-09-22 00:00:00+00:00,531101270.4000001
2015-09-23 00:00:00+00:00,530550320.0000001
2015-09-24 00:00:00+00:00,539090051.2
2015-09-25 00:00:00+00:00,554241187.2000002
2015-09-28 00:00:00+00:00,553414761.6000001
2015-09-29 00:00:00+00:00,555618563.2000002
2015-09-30 00:00:00+00:00,567188521.6000001
2015-10-01 00:00:00+00:00,577656579.2000002
2015-10-02 00:00:00+00:00,585094409.6000001
2015-10-05 00:00:00+00:00,588124636.8000002
2015-10-06 00:00:00+00:00,587849161.6000001
2015-10-07 00:00:00+00:00,597490793.6000001
2015-10-08 00:00:00+00:00,598317219.2
2015-10-09 00:00:00+00:00,607407900.8000001
2015-10-12 00:00:00+00:00,604653148.8000001
2015-10-13 00:00:00+00:00,593358665.6000001
2015-10-14 00:00:00+00:00,600521020.8000001
2015-10-15 00:00:00+00:00,601622921.6000001
2015-10-16 00:00:00+00:00,605479574.4000001
2015-10-19 00:00:00+00:00,605204099.2
2015-10-20 00:00:00+00:00,599694595.2000002
2015-10-21 00:00:00+00:00,603000297.6000001
2015-10-22 00:00:00+00:00,614570256.0000001
2015-10-23 00:00:00+00:00,605755049.6000001
2015-10-26 00:00:00+00:00,615672156.8000002
2015-10-27 00:00:00+00:00,609611702.4000001
2015-10-28 00:00:00+00:00,615947632.0000001
2015-10-29 00:00:00+00:00,613468355.2000002
2015-10-30 00:00:00+00:00,612366454.4000001
2015-11-02 00:00:00+00:00,628619491.2
2015-11-03 00:00:00+00:00,639087548.8000001
2015-11-04 00:00:00+00:00,615672156.8000002
2015-11-05 00:00:00+00:00,618977859.2
2015-11-06 00:00:00+00:00,610713603.2000002
2015-11-09 00:00:00+00:00,597766268.8000001
2015-11-10 00:00:00+00:00,617600483.2000002
2015-11-11 00:00:00+00:00,617049532.8000001
2015-11-12 00:00:00+00:00,624762838.4000001
2015-11-13 00:00:00+00:00,626691164.8000001
2015-11-16 00:00:00+00:00,630547817.6000001
2015-11-17 00:00:00+00:00,619528809.6000001
2015-11-18 00:00:00+00:00,610989078.4000001
2015-11-19 00:00:00+00:00,624211888.0000001
2015-11-20 00:00:00+00:00,633853520.0000001
2015-11-23 00:00:00+00:00,636883747.2
2015-11-24 00:00:00+00:00,625589264.0000001
2015-11-25 00:00:00+00:00,623109987.2
2015-11-27 00:00:00+00:00,624762838.4000001
2015-11-30 00:00:00+00:00,623660937.6000001
2015-12-01 00:00:00+00:00,637710172.8000001
2015-12-02 00:00:00+00:00,634955420.8000001
2015-12-03 00:00:00+00:00,641566825.6000001
2015-12-04 00:00:00+00:00,638812073.6000001
2015-12-07 00:00:00+00:00,642300358.4000001
2015-12-08 00:00:00+00:00,648114166.4000001
2015-12-09 00:00:00+00:00,646370024.0000001
2015-12-10 00:00:00+00:00,656834878.4000001
2015-12-11 00:00:00+00:00,656253497.6000001
2015-12-14 00:00:00+00:00,657610052.8000002
2015-12-15 00:00:00+00:00,656059704.0000001
2015-12-16 00:00:00+00:00,656059704.0000001
2015-12-17 00:00:00+00:00,653927974.4000002
2015-12-18 00:00:00+00:00,646176230.4000002
2015-12-21 00:00:00+00:00,648695547.2000002
2015-12-22 00:00:00+00:00,647338992.0000001
2015-12-23 00:00:00+00:00,645207262.4000001
2015-12-24 00:00:00+00:00,646951404.8000002
2015-12-28 00:00:00+00:00,652765212.8000002
2015-12-29 00:00:00+00:00,653171705.6000001
2015-12-30 00:00:00+00:00,660691822.4000002
2015-12-31 00:00:00+00:00,662521040.0000002
2016-01-04 00:00:00+00:00,657033387.2000002
2016-01-05 00:00:00+00:00,648903531.2000002
2016-01-06 00:00:00+00:00,645854835.2000002
2016-01-07 00:00:00+00:00,652561966.4000002
2016-01-08 00:00:00+00:00,646667820.8000002
2016-01-11 00:00:00+00:00,640367182.4000002
2016-01-12 00:00:00+00:00,638334718.4000002
2016-01-13 00:00:00+00:00,646871067.2000002
2016-01-14 00:00:00+00:00,655204169.6000003
2016-01-15 00:00:00+00:00,656017155.2000002
2016-01-19 00:00:00+00:00,652561966.4000002
2016-01-20 00:00:00+00:00,640976921.6000001
2016-01-21 00:00:00+00:00,646464574.4000002
2016-01-22 00:00:00+00:00,645854835.2000002
2016-01-25 00:00:00+00:00,652512115.2000002
2016-01-26 00:00:00+00:00,654176435.2000002
2016-01-27 00:00:00+00:00,663330195.2000002
2016-01-28 00:00:00+00:00,670195515.2000002
2016-01-29 00:00:00+00:00,672483955.2000002
2016-02-01 00:00:00+00:00,678933195.2000002
2016-02-02 00:00:00+00:00,675604555.2000002
2016-02-03 00:00:00+00:00,677684955.2000002
2016-02-04 00:00:00+00:00,677684955.2000002
2016-02-05 00:00:00+00:00,669779435.2000002
2016-02-08 00:00:00+00:00,666034715.2000002
2016-02-09 00:00:00+00:00,667282955.2000002
2016-02-10 00:00:00+00:00,667490995.2000002
2016-02-11 00:00:00+00:00,673940235.2000002
2016-02-12 00:00:00+00:00,672900035.2000002
2016-02-16 00:00:00+00:00,671235715.2000002
2016-02-17 00:00:00+00:00,672275915.2000002
2016-02-18 00:00:00+00:00,678517115.2000002
2016-02-19 00:00:00+00:00,682261835.2000002
2016-02-22 00:00:00+00:00,680389475.2000002
2016-02-23 00:00:00+00:00,656672915.2000002
2016-02-24 00:00:00+00:00,657088995.2000002
2016-02-25 00:00:00+00:00,650431715.2000002
2016-02-26 00:00:00+00:00,654592515.2000002
2016-02-29 00:00:00+00:00,647103075.2000002
2016-03-01 00:00:00+00:00,646478955.2000002
2016-03-02 00:00:00+00:00,640653835.2000002
2016-03-03 00:00:00+00:00,644130158.4000002
2016-03-04 00:00:00+00:00,643925668.8000002
2016-03-07 00:00:00+00:00,640449345.6000001
2016-03-08 00:00:00+00:00,644539137.6000001
2016-03-09 00:00:00+00:00,639835876.8000002
2016-03-10 00:00:00+00:00,643721179.2000002
2016-03-11 00:00:00+00:00,650060356.8000002
2016-03-14 00:00:00+00:00,655990555.2000002
2016-03-15 00:00:00+00:00,653945659.2000002
2016-03-16 00:00:00+00:00,657013003.2000002
2016-03-17 00:00:00+00:00,667646462.4000002
2016-03-18 00:00:00+00:00,667237483.2000002
2016-03-21 00:00:00+00:00,673781150.4000001
2016-03-22 00:00:00+00:00,679711348.8000002
2016-03-23 00:00:00+00:00,682369713.6000001
2016-03-24 00:00:00+00:00,665192587.2000002
2016-03-28 00:00:00+00:00,666624014.4000002
2016-03-29 00:00:00+00:00,664988097.6000001
2016-03-30 00:00:00+00:00,665192587.2000002
2016-03-31 00:00:00+00:00,654559128.0000001
2016-04-01 00:00:00+00:00,651082804.8000002
2016-04-04 00:00:00+00:00,640040366.4000002
2016-04-05 00:00:00+00:00,640040366.4000002
2016-04-06 00:00:00+00:00,639631387.2000002
2016-04-07 00:00:00+00:00,635746084.8000002
2016-04-08 00:00:00+00:00,641062814.4000002
2016-04-11 00:00:00+00:00,630020376.0000001
2016-04-12 00:00:00+00:00,628384459.2000002
2016-04-13 00:00:00+00:00,627157521.6000001
2016-04-14 00:00:00+00:00,634519147.2000002
2016-04-15 00:00:00+00:00,651491784.0000001
2016-04-18 00:00:00+00:00,658444430.4000001
2016-04-19 00:00:00+00:00,655990555.2000002
2016-04-20 00:00:00+00:00,663965649.6000001
2016-04-21 00:00:00+00:00,663556670.4000001
2016-04-22 00:00:00+00:00,657013003.2000002
2016-04-25 00:00:00+00:00,665601566.4000002
2016-04-26 00:00:00+00:00,668873400.0000002
2016-04-27 00:00:00+00:00,664579118.4000002
2016-04-28 00:00:00+00:00,661920753.6000001
2016-04-29 00:00:00+00:00,674394619.2000002
2016-05-02 00:00:00+00:00,672145233.6000001
2016-05-03 00:00:00+00:00,672963192.0000001
2016-05-04 00:00:00+00:00,681142776.0000001
2016-05-05 00:00:00+00:00,664579118.4000002
2016-05-06 00:00:00+00:00,662534222.4000002
2016-05-09 00:00:00+00:00,665397076.8000002
2016-05-10 00:00:00+00:00,668259931.2000002
2016-05-11 00:00:00+00:00,683596651.2000002
2016-05-12 00:00:00+00:00,687890932.8000002
2016-05-13 00:00:00+00:00,682983182.4000001
2016-05-16 00:00:00+00:00,686050526.4000002
2016-05-17 00:00:00+00:00,684619099.2000002
2016-05-18 00:00:00+00:00,684414609.6000001
2016-05-19 00:00:00+00:00,682165224.0000001
2016-05-20 00:00:00+00:00,689731339.2000002
2016-05-23 00:00:00+00:00,684210120.0000002
2016-05-24 00:00:00+00:00,680324817.6000001
2016-05-25 00:00:00+00:00,691571745.6000001
2016-05-26 00:00:00+00:00,696888475.2000002
2016-05-27 00:00:00+00:00,698933371.2000002
2016-05-31 00:00:00+00:00,698319902.4000001
2016-06-01 00:00:00+00:00,696683985.6000001
2016-06-02 00:00:00+00:00,710384788.8000002
2016-06-03 00:00:00+00:00,724085592.0000001
2016-06-06 00:00:00+00:00,724699060.8000002
2016-06-07 00:00:00+00:00,729197832.0000001
2016-06-08 00:00:00+00:00,741671697.6000001
2016-06-09 00:00:00+00:00,744330062.4000001
2016-06-10 00:00:00+00:00,743512104.0000001
2016-06-13 00:00:00+00:00,742285166.4000002
2016-06-14 00:00:00+00:00,737786395.2000002
2016-06-15 00:00:00+00:00,746579448.0000002
2016-06-16 00:00:00+00:00,744739041.6000001
2016-06-17 00:00:00+00:00,747601896.0000001
2016-06-20 00:00:00+00:00,744739041.6000001
2016-06-21 00:00:00+00:00,736150478.4000002
2016-06-22 00:00:00+00:00,732674155.2000002
2016-06-23 00:00:00+00:00,733083134.4000002
2016-06-24 00:00:00+00:00,732469665.6000001
2016-06-27 00:00:00+00:00,742285166.4000002
2016-06-28 00:00:00+00:00,748419854.4000002
2016-06-29 00:00:00+00:00,770300241.6000001
2016-06-30 00:00:00+00:00,756394948.8000002
2016-07-01 00:00:00+00:00,765596980.8000002
2016-07-05 00:00:00+00:00,764297668.8000002
2016-07-06 00:00:00+00:00,768628708.8000002
2016-07-07 00:00:00+00:00,780755620.8000002
2016-07-08 00:00:00+00:00,783065508.8000002
2016-07-11 00:00:00+00:00,772815380.8000002
2016-07-12 00:00:00+00:00,780899988.8000002
2016-07-13 00:00:00+00:00,784364820.8000002
2016-07-14 00:00:00+00:00,778156996.8000002
2016-07-15 00:00:00+00:00,786819076.8000002
2016-07-18 00:00:00+00:00,785952868.8000002
2016-07-19 00:00:00+00:00,786097236.8000002
2016-07-20 00:00:00+00:00,787252180.8000002
2016-07-21 00:00:00+00:00,791609025.6000001
2016-07-22 00:00:00+00:00,792075830.4000002
2016-07-25 00:00:00+00:00,796743878.4000002
2016-07-26 00:00:00+00:00,790986619.2000002
2016-07-27 00:00:00+00:00,784451352.0000002
2016-07-28 00:00:00+00:00,779783304.0000002
2016-07-29 00:00:00+00:00,783673344.0000002
2016-08-01 00:00:00+00:00,779938905.6000001
2016-08-02 00:00:00+00:00,783673344.0000002
2016-08-03 00:00:00+00:00,783517742.4000002
2016-08-04 00:00:00+00:00,793787448.0000001
2016-08-05 00:00:00+00:00,803901552.0000002
2016-08-08 00:00:00+00:00,807013584.0000002
2016-08-09 00:00:00+00:00,804523958.4000002
2016-08-10 00:00:00+00:00,792853838.4000002
2016-08-11 00:00:00+00:00,792231432.0000002
2016-08-12 00:00:00+00:00,793943049.6000001
2016-08-15 00:00:00+00:00,798144292.8000002
2016-08-16 00:00:00+00:00,802501137.6000001
2016-08-17 00:00:00+00:00,794098651.2000002
2016-08-18 00:00:00+00:00,798144292.8000002
2016-08-19 00:00:00+00:00,794876659.2000002
2016-08-22 00:00:00+00:00,804990763.2000002
2016-08-23 00:00:00+00:00,809814412.8000002
2016-08-24 00:00:00+00:00,801878731.2000002
2016-08-25 00:00:00+00:00,807013584.0000002
2016-08-26 00:00:00+00:00,807947193.6000001
2016-08-29 00:00:00+00:00,808880803.2000002
2016-08-30 00:00:00+00:00,806546779.2000002
2016-08-31 00:00:00+00:00,799389105.6000001
2016-09-01 00:00:00+00:00,792075830.4000002
2016-09-02 00:00:00+00:00,801256324.8000002
2016-09-06 00:00:00+00:00,801878731.2000002
2016-09-07 00:00:00+00:00,802967942.4000002
2016-09-08 00:00:00+00:00,801878731.2000002
2016-09-09 00:00:00+00:00,798299894.4000001
2016-09-12 00:00:00+00:00,802189934.4000001
2016-09-13 00:00:00+00:00,805146364.8000002
2016-09-14 00:00:00+00:00,800478316.8000002
2016-09-15 00:00:00+00:00,816505281.6000001
2016-09-16 00:00:00+00:00,836889091.2000002
2016-09-19 00:00:00+00:00,841245936.0000001
2016-09-20 00:00:00+00:00,840467928.0000001
2016-09-21 00:00:00+00:00,841401537.6000001
2016-09-22 00:00:00+00:00,840001123.2000002
2016-09-23 00:00:00+00:00,840467928.0000001
2016-09-26 00:00:00+00:00,847003195.2000002
2016-09-27 00:00:00+00:00,851982446.4000002
2016-09-28 00:00:00+00:00,857272900.8000002
2016-09-29 00:00:00+00:00,850582032.0000002
2016-09-30 00:00:00+00:00,855078664.0000002
2016-10-03 00:00:00+00:00,859318345.6000003
2016-10-04 00:00:00+00:00,851738308.8000002
2016-10-05 00:00:00+00:00,844672172.8000003
2016-10-06 00:00:00+00:00,853665436.8000003
2016-10-07 00:00:00+00:00,849682705.6000003
2016-10-10 00:00:00+00:00,853408486.4000002
2016-10-11 00:00:00+00:00,851352883.2000003
2016-10-12 00:00:00+00:00,853151536.0000002
2016-10-13 00:00:00+00:00,856106465.6000003
2016-10-14 00:00:00+00:00,856234940.8000003
2016-10-17 00:00:00+00:00,853023060.8000003
2016-10-18 00:00:00+00:00,854821713.6000003
2016-10-19 00:00:00+00:00,855721040.0000002
2016-10-20 00:00:00+00:00,859960721.6000003
2016-10-21 00:00:00+00:00,858804444.8000002
2016-10-24 00:00:00+00:00,852509160.0000002
2016-10-25 00:00:00+00:00,855977990.4000002
2016-10-26 00:00:00+00:00,859318345.6000003
2016-10-27 00:00:00+00:00,860346147.2000003
2016-10-28 00:00:00+00:00,865870580.8000003
2016-10-31 00:00:00+00:00,873450617.6000003
2016-11-01 00:00:00+00:00,878332675.2000003
2016-11-02 00:00:00+00:00,871780440.0000002
2016-11-03 00:00:00+00:00,874606894.4000002
2016-11-04 00:00:00+00:00,871395014.4000002
2016-11-07 00:00:00+00:00,864457353.6000003
2016-11-08 00:00:00+00:00,868311609.6000003
2016-11-09 00:00:00+00:00,866512956.8000003
2016-11-10 00:00:00+00:00,872422816.0000002
2016-11-11 00:00:00+00:00,871780440.0000002
2016-11-14 00:00:00+00:00,872679766.4000002
2016-11-15 00:00:00+00:00,878846576.0000002
2016-11-16 00:00:00+00:00,888996116.8000003
2016-11-17 00:00:00+00:00,890794769.6000003
2016-11-18 00:00:00+00:00,891694096.0000002
2016-11-21 00:00:00+00:00,889124592.0000002
2016-11-22 00:00:00+00:00,896833104.0000002
2016-11-23 00:00:00+00:00,899017182.4000003
2016-11-25 00:00:00+00:00,895676827.2000003
2016-11-28 00:00:00+00:00,894392075.2000003
2016-11-29 00:00:00+00:00,897989380.8000002
2016-11-30 00:00:00+00:00,896062252.8000003
2016-12-01 00:00:00+00:00,901843636.8000003
2016-12-02 00:00:00+00:00,904927041.6000003
2016-12-05 00:00:00+00:00,907239595.2000003
2016-12-06 00:00:00+00:00,899916508.8000002
2016-12-07 00:00:00+00:00,898374806.4000002
2016-12-08 00:00:00+00:00,900687360.0000002
2016-12-09 00:00:00+00:00,903385339.2000003
2016-12-12 00:00:00+00:00,903256864.0000002
2016-12-13 00:00:00+00:00,911607752.0000002
2016-12-14 00:00:00+00:00,918930838.4000002
2016-12-15 00:00:00+00:00,912121652.8000003
2016-12-16 00:00:00+00:00,916489809.6000003
2016-12-19 00:00:00+00:00,916361334.4000002
2016-12-20 00:00:00+00:00,916104384.0000002
2016-12-21 00:00:00+00:00,916746760.0000002
2016-12-22 00:00:00+00:00,917260660.8000002
2016-12-23 00:00:00+00:00,917389136.0000002
2016-12-27 00:00:00+00:00,912378603.2000003
2016-12-28 00:00:00+00:00,906597219.2000003
2016-12-29 00:00:00+00:00,900173459.2000003
2016-12-30 00:00:00+00:00,899916508.8000002
2017-01-03 00:00:00+00:00,887068988.8000002
2017-01-04 00:00:00+00:00,882186931.2000003
2017-01-05 00:00:00+00:00,883600158.4000002
2017-01-06 00:00:00+00:00,883985584.0000002
2017-01-09 00:00:00+00:00,888225265.6000003
2017-01-10 00:00:00+00:00,887454414.4000002
2017-01-11 00:00:00+00:00,886426612.8000003
2017-01-12 00:00:00+00:00,883857108.8000002
2017-01-13 00:00:00+00:00,886940513.6000003
2017-01-17 00:00:00+00:00,884242534.4000002
2017-01-18 00:00:00+00:00,881030654.4000002
2017-01-19 00:00:00+00:00,891308670.4000002
2017-01-20 00:00:00+00:00,891308670.4000002
2017-01-23 00:00:00+00:00,885398811.2000003
2017-01-24 00:00:00+00:00,886169662.4000003
2017-01-25 00:00:00+00:00,889253067.2000003
2017-01-26 00:00:00+00:00,888996116.8000003
2017-01-27 00:00:00+00:00,889381542.4000003
2017-01-30 00:00:00+00:00,889638492.8000003
2017-01-31 00:00:00+00:00,887839840.0000002
2017-02-01 00:00:00+00:00,882829307.2000003
2017-02-02 00:00:00+00:00,886555088.0000002
2017-02-03 00:00:00+00:00,879360476.8000003
2017-02-06 00:00:00+00:00,878461150.4000002
2017-02-07 00:00:00+00:00,884371009.6000003
2017-02-08 00:00:00+00:00,883857108.8000002
2017-02-09 00:00:00+00:00,885270336.0000002
2017-02-10 00:00:00+00:00,888225265.6000003
2017-02-13 00:00:00+00:00,893621224.0000002
2017-02-14 00:00:00+00:00,887582889.6000003
2017-02-15 00:00:00+00:00,887454414.4000002
2017-02-16 00:00:00+00:00,889766968.0000002
2017-02-17 00:00:00+00:00,890280868.8000002
2017-02-21 00:00:00+00:00,884114059.2000003
2017-02-22 00:00:00+00:00,884884910.4000002
2017-02-23 00:00:00+00:00,891951046.4000002
2017-02-24 00:00:00+00:00,896062252.8000003
2017-02-27 00:00:00+00:00,904541616.0000002
2017-02-28 00:00:00+00:00,903513814.4000002
2017-03-01 00:00:00+00:00,900301934.4000002
2017-03-02 00:00:00+00:00,897989380.8000002
2017-03-03 00:00:00+00:00,899788033.6000003
2017-03-06 00:00:00+00:00,904541616.0000002
2017-03-07 00:00:00+00:00,914177256.0000002
2017-03-08 00:00:00+00:00,914177256.0000002
2017-03-09 00:00:00+00:00,919316264.0000002
2017-03-10 00:00:00+00:00,916489809.6000003
2017-03-13 00:00:00+00:00,917003710.4000002
2017-03-14 00:00:00+00:00,917260660.8000002
2017-03-15 00:00:00+00:00,916361334.4000002
2017-03-16 00:00:00+00:00,916104384.0000002
2017-03-17 00:00:00+00:00,917132185.6000003
2017-03-20 00:00:00+00:00,923170520.0000002
2017-03-21 00:00:00+00:00,928438003.2000003
2017-03-22 00:00:00+00:00,928309528.0000002
2017-03-23 00:00:00+00:00,924455272.0000002
2017-03-24 00:00:00+00:00,923042044.8000002
2017-03-27 00:00:00+00:00,923170520.0000002
2017-03-28 00:00:00+00:00,924969172.8000003
2017-03-29 00:00:00+00:00,930622081.6000003
2017-03-30 00:00:00+00:00,934604812.8000003
2017-03-31 00:00:00+00:00,935247188.8000002
2017-04-03 00:00:00+00:00,938073643.2000003
2017-04-04 00:00:00+00:00,942955700.8000003
2017-04-05 00:00:00+00:00,943726552.0000002
2017-04-06 00:00:00+00:00,939229920.0000002
2017-04-07 00:00:00+00:00,935118713.6000003
2017-04-10 00:00:00+00:00,936917366.4000002
2017-04-11 00:00:00+00:00,935761089.6000003
2017-04-12 00:00:00+00:00,936018040.0000002
2017-04-13 00:00:00+00:00,937688217.6000003
2017-04-17 00:00:00+00:00,938330593.6000003
2017-04-18 00:00:00+00:00,934347862.4000003
2017-04-19 00:00:00+00:00,938330593.6000003
2017-04-20 00:00:00+00:00,939743820.8000003
2017-04-21 00:00:00+00:00,938459068.8000002
2017-04-24 00:00:00+00:00,940900097.6000003
2017-04-25 00:00:00+00:00,941413998.4000002
2017-04-26 00:00:00+00:00,950535737.6000003
2017-04-27 00:00:00+00:00,947838307.2000003
2017-04-28 00:00:00+00:00,961325459.2000003
2017-05-01 00:00:00+00:00,962288827.2000003
2017-05-02 00:00:00+00:00,956508619.2000003
2017-05-03 00:00:00+00:00,954389209.6000003
2017-05-04 00:00:00+00:00,946682265.6000003
2017-05-05 00:00:00+00:00,945526224.0000002
2017-05-08 00:00:00+00:00,946874939.2000003
2017-05-09 00:00:00+00:00,948030980.8000002
2017-05-10 00:00:00+00:00,955737924.8000003
2017-05-11 00:00:00+00:00,951691779.2000003
2017-05-12 00:00:00+00:00,949379696.0000002
2017-05-15 00:00:00+00:00,951306432.0000002
2017-05-16 00:00:00+00:00,956508619.2000003
2017-05-17 00:00:00+00:00,964600910.4000002
2017-05-18 00:00:00+00:00,959398723.2000003
2017-05-19 00:00:00+00:00,966142299.2000003
2017-05-22 00:00:00+00:00,968647056.0000002
2017-05-23 00:00:00+00:00,956315945.6000003
2017-05-24 00:00:00+00:00,952462473.6000003
2017-05-25 00:00:00+00:00,952269800.0000002
2017-05-26 00:00:00+00:00,940516710.4000002
2017-05-30 00:00:00+00:00,939938689.6000003
2017-05-31 00:00:00+00:00,937048585.6000003
2017-06-01 00:00:00+00:00,924717475.2000003
2017-06-02 00:00:00+00:00,935047537.6000003
2017-06-05 00:00:00+00:00,931885273.6000003
2017-06-06 00:00:00+00:00,929987915.2000003
2017-06-07 00:00:00+00:00,926614833.6000003
2017-06-08 00:00:00+00:00,922398481.6000003
2017-06-09 00:00:00+00:00,923874204.8000003
2017-06-12 00:00:00+00:00,929144644.8000003
2017-06-13 00:00:00+00:00,933993449.6000003
2017-06-14 00:00:00+00:00,937577348.8000003
2017-06-15 00:00:00+00:00,940739612.8000003
2017-06-16 00:00:00+00:00,937366531.2000003
2017-06-19 00:00:00+00:00,936523260.8000003
2017-06-20 00:00:00+00:00,933360996.8000003
2017-06-21 00:00:00+00:00,945166782.4000003
2017-06-22 00:00:00+00:00,940641982.4000003
2017-06-23 00:00:00+00:00,943130622.4000003
2017-06-26 00:00:00+00:00,935890942.4000003
2017-06-27 00:00:00+00:00,936795902.4000003
2017-06-28 00:00:00+00:00,933854782.4000003
2017-06-29 00:00:00+00:00,950596542.4000003
2017-06-30 00:00:00+00:00,957609982.4000003
2017-07-03 00:00:00+00:00,960098622.4000003
2017-07-05 00:00:00+00:00,955573822.4000003
2017-07-06 00:00:00+00:00,960098622.4000003
2017-07-07 00:00:00+00:00,965302142.4000003
2017-07-10 00:00:00+00:00,951953982.4000003
2017-07-11 00:00:00+00:00,949239102.4000003
2017-07-12 00:00:00+00:00,950370302.4000003
2017-07-13 00:00:00+00:00,965075902.4000003
2017-07-14 00:00:00+00:00,968695742.4000003
2017-07-17 00:00:00+00:00,963944702.4000003
2017-07-18 00:00:00+00:00,964170942.4000003
2017-07-19 00:00:00+00:00,973220542.4000003
2017-07-20 00:00:00+00:00,971184382.4000003
2017-07-21 00:00:00+00:00,970958142.4000003
2017-07-24 00:00:00+00:00,970958142.4000003
2017-07-25 00:00:00+00:00,959646142.4000003
2017-07-26 00:00:00+00:00,967112062.4000003
2017-07-27 00:00:00+00:00,971636862.4000003
2017-07-28 00:00:00+00:00,970279422.4000003
2017-07-31 00:00:00+00:00,982496382.4000003
2017-08-01 00:00:00+00:00,981817662.4000003
2017-08-02 00:00:00+00:00,979781502.4000003
2017-08-03 00:00:00+00:00,968921982.4000003
2017-08-04 00:00:00+00:00,965075902.4000003
2017-08-07 00:00:00+00:00,958967422.4000003
2017-08-08 00:00:00+00:00,956931262.4000003
2017-08-09 00:00:00+00:00,953763902.4000003
2017-08-10 00:00:00+00:00,944714302.4000003
2017-08-11 00:00:00+00:00,943809342.4000003
2017-08-14 00:00:00+00:00,950596542.4000003
2017-08-15 00:00:00+00:00,942225662.4000003
2017-08-16 00:00:00+00:00,937927102.4000003
2017-08-17 00:00:00+00:00,945845502.4000003
2017-08-18 00:00:00+00:00,948560382.4000003
2017-08-21 00:00:00+00:00,951049022.4000003
2017-08-22 00:00:00+00:00,950822782.4000003
2017-08-23 00:00:00+00:00,954442622.4000003
2017-08-24 00:00:00+00:00,962361022.4000003
2017-08-25 00:00:00+00:00,962587262.4000003
2017-08-28 00:00:00+00:00,968921982.4000003
2017-08-29 00:00:00+00:00,957836222.4000003
2017-08-30 00:00:00+00:00,959872382.4000003
2017-08-31 00:00:00+00:00,970958142.4000003
2017-09-01 00:00:00+00:00,956252542.4000003
2017-09-05 00:00:00+00:00,962587262.4000003
2017-09-06 00:00:00+00:00,968469502.4000003
2017-09-07 00:00:00+00:00,962587262.4000003
2017-09-08 00:00:00+00:00,963944702.4000003
2017-09-11 00:00:00+00:00,968469502.4000003
2017-09-12 00:00:00+00:00,962361022.4000003
2017-09-13 00:00:00+00:00,969374462.4000003
2017-09-14 00:00:00+00:00,968017022.4000003
2017-09-15 00:00:00+00:00,988378622.4000003
2017-09-18 00:00:00+00:00,982722622.4000003
2017-09-19 00:00:00+00:00,970279422.4000003
2017-09-20 00:00:00+00:00,977745342.4000003
2017-09-21 00:00:00+00:00,978424062.4000003
2017-09-22 00:00:00+00:00,980257009.6000004
2017-09-25 00:00:00+00:00,986163172.8000003
2017-09-26 00:00:00+00:00,995124248.0000004
2017-09-27 00:00:00+00:00,996753534.4000003
2017-09-28 00:00:00+00:00,994309604.8000003
2017-09-29 00:00:00+00:00,991254692.8000003
2017-10-02 00:00:00+00:00,986977816.0000004
2017-10-03 00:00:00+00:00,992476657.6000004
2017-10-04 00:00:00+00:00,988199780.8000003
2017-10-05 00:00:00+00:00,985348529.6000004
2017-10-06 00:00:00+00:00,993698622.4000003
2017-10-09 00:00:00+00:00,994127806.4000003
2017-10-10 00:00:00+00:00,997775870.4000003
2017-10-11 00:00:00+00:00,1000565566.4000003
2017-10-12 00:00:00+00:00,1000136382.4000003
2017-10-13 00:00:00+00:00,1002926078.4000003
2017-10-16 00:00:00+00:00,997990462.4000003
2017-10-17 00:00:00+00:00,994771582.4000003
2017-10-18 00:00:00+00:00,995844542.4000003
2017-10-19 00:00:00+00:00,996917502.4000003
2017-10-20 00:00:00+00:00,994127806.4000003
2017-10-23 00:00:00+00:00,991552702.4000003
2017-10-24 00:00:00+00:00,1000136382.4000003
2017-10-25 00:00:00+00:00,997990462.4000003
2017-10-26 00:00:00+00:00,996488318.4000003
2017-10-27 00:00:00+00:00,1007647102.4000003
2017-10-30 00:00:00+00:00,1009793022.4000003
2017-10-31 00:00:00+00:00,1010007614.4000003
2017-11-01 00:00:00+00:00,1007217918.4000003
2017-11-02 00:00:00+00:00,999063422.4000003
2017-11-03 00:00:00+00:00,1002282302.4000003
2017-11-06 00:00:00+00:00,1006144958.4000003
2017-11-07 00:00:00+00:00,1009578430.4000003
2017-11-08 00:00:00+00:00,1012153534.4000003
2017-11-09 00:00:00+00:00,1013011902.4000003
2017-11-10 00:00:00+00:00,1014728638.4000003
2017-11-13 00:00:00+00:00,1018376702.4000003
2017-11-14 00:00:00+00:00,1017732926.4000003
2017-11-15 00:00:00+00:00,1017518334.4000003
2017-11-16 00:00:00+00:00,1021166398.4000003
2017-11-17 00:00:00+00:00,1023526910.4000003
2017-11-20 00:00:00+00:00,1015157822.4000003
2017-11-21 00:00:00+00:00,1013011902.4000003
2017-11-22 00:00:00+00:00,1021595582.4000003
2017-11-24 00:00:00+00:00,1025243646.4000003
2017-11-27 00:00:00+00:00,1023956094.4000003
2017-11-28 00:00:00+00:00,1016445374.4000003
2017-11-29 00:00:00+00:00,1017089150.4000003
2017-11-30 00:00:00+00:00,1017303742.4000003
2017-12-01 00:00:00+00:00,1019293086.4000003
2017-12-04 00:00:00+00:00,1017701611.2000003
2017-12-05 00:00:00+00:00,1020884561.6000004
2017-12-06 00:00:00+00:00,1029836609.6000004
2017-12-07 00:00:00+00:00,1032621691.2000003
2017-12-08 00:00:00+00:00,1037793985.6000004
2017-12-11 00:00:00+00:00,1039783329.6000004
2017-12-12 00:00:00+00:00,1043364148.8000003
2017-12-13 00:00:00+00:00,1041772673.6000004
2017-12-14 00:00:00+00:00,1043364148.8000003
2017-12-15 00:00:00+00:00,1045552427.2000003
2017-12-18 00:00:00+00:00,1043563083.2000003
2017-12-19 00:00:00+00:00,1030632347.2000003
2017-12-20 00:00:00+00:00,1027449396.8000003
2017-12-21 00:00:00+00:00,1023470708.8000003
2017-12-22 00:00:00+00:00,1026852593.6000004
2017-12-26 00:00:00+00:00,1024863249.6000004
2017-12-27 00:00:00+00:00,1020287758.4000003
2017-12-28 00:00:00+00:00,1018895217.6000004
2017-12-29 00:00:00+00:00,1015712267.2000003
2018-01-02 00:00:00+00:00,1012330382.4000003
2018-01-03 00:00:00+00:00,1012728251.2000003
2018-01-04 00:00:00+00:00,1013921857.6000004
2018-01-05 00:00:00+00:00,1017303742.4000003
2018-01-08 00:00:00+00:00,1023271774.4000003
2018-01-09 00:00:00+00:00,1024266446.4000003
2018-01-10 00:00:00+00:00,1025857921.6000004
2018-01-11 00:00:00+00:00,1035207838.4000003
2018-01-12 00:00:00+00:00,1035207838.4000003
2018-01-16 00:00:00+00:00,1046944968.0000004
2018-01-17 00:00:00+00:00,1050326852.8000003
2018-01-18 00:00:00+00:00,1057090622.4000003
2018-01-19 00:00:00+00:00,1060989633.6000004
2018-01-22 00:00:00+00:00,1059154804.8000003
2018-01-23 00:00:00+00:00,1059613512.0000004
2018-01-24 00:00:00+00:00,1058925451.2000003
2018-01-25 00:00:00+00:00,1060760280.0000004
2018-01-26 00:00:00+00:00,1063512523.2000003
2018-01-29 00:00:00+00:00,1070622484.8000003
2018-01-30 00:00:00+00:00,1071769252.8000003
2018-01-31 00:00:00+00:00,1060530926.4000003
2018-02-01 00:00:00+00:00,1063741876.8000003
2018-02-02 00:00:00+00:00,1069705070.4000003
2018-02-05 00:00:00+00:00,1075897617.6000004
2018-02-06 00:00:00+00:00,1077192561.6000004
2018-02-07 00:00:00+00:00,1073739377.6000004
2018-02-08 00:00:00+00:00,1082803985.6000004
2018-02-09 00:00:00+00:00,1080861569.6000004
2018-02-12 00:00:00+00:00,1079566625.6000004
2018-02-13 00:00:00+00:00,1085825521.6000004
2018-02-14 00:00:00+00:00,1088631233.6000004
2018-02-15 00:00:00+00:00,1084314753.6000004
2018-02-16 00:00:00+00:00,1089278705.6000004
2018-02-20 00:00:00+00:00,1089062881.6000004
2018-02-21 00:00:00+00:00,1089494529.6000004
2018-02-22 00:00:00+00:00,1082803985.6000004
2018-02-23 00:00:00+00:00,1085393873.6000004
2018-02-26 00:00:00+00:00,1086041345.6000004
2018-02-27 00:00:00+00:00,1098127489.6000004
2018-02-28 00:00:00+00:00,1087120465.6000004
2018-03-01 00:00:00+00:00,1079998273.6000004
2018-03-02 00:00:00+00:00,1086257169.6000004
2018-03-05 00:00:00+00:00,1083235633.6000004
2018-03-06 00:00:00+00:00,1085609697.6000004
2018-03-07 00:00:00+00:00,1099854081.6000004
2018-03-08 00:00:00+00:00,1097695841.6000004
2018-03-09 00:00:00+00:00,1098774961.6000004
2018-03-12 00:00:00+00:00,1096832545.6000004
2018-03-13 00:00:00+00:00,1103523089.6000004
2018-03-14 00:00:00+00:00,1100501553.6000004
2018-03-15 00:00:00+00:00,1100933201.6000004
2018-03-16 00:00:00+00:00,1102875617.6000004
2018-03-19 00:00:00+00:00,1097695841.6000004
2018-03-20 00:00:00+00:00,1104818033.6000004
2018-03-21 00:00:00+00:00,1102443969.6000004
2018-03-22 00:00:00+00:00,1100285729.6000004
2018-03-23 00:00:00+00:00,1104602209.6000004
2018-03-26 00:00:00+00:00,1107839569.6000004
2018-03-27 00:00:00+00:00,1105249681.6000004
2018-03-28 00:00:00+00:00,1112371873.6000004
2018-03-29 00:00:00+00:00,1109350337.6000004
2018-04-02 00:00:00+00:00,1105681329.6000004
2018-04-03 00:00:00+00:00,1106760449.6000004
2018-04-04 00:00:00+00:00,1111076929.6000004
2018-04-05 00:00:00+00:00,1109350337.6000004
2018-04-06 00:00:00+00:00,1109566161.6000004
2018-04-09 00:00:00+00:00,1109134513.6000004
2018-04-10 00:00:00+00:00,1114098465.6000004
2018-04-11 00:00:00+00:00,1115609233.6000004
2018-04-12 00:00:00+00:00,1115825057.6000004
2018-04-13 00:00:00+00:00,1112587697.6000004
2018-04-16 00:00:00+00:00,1113235169.6000004
2018-04-17 00:00:00+00:00,1120789009.6000004
2018-04-18 00:00:00+00:00,1118846593.6000004
2018-04-19 00:00:00+00:00,1117983297.6000004
2018-04-20 00:00:00+00:00,1119709889.6000004
2018-04-23 00:00:00+00:00,1129853617.6000004
2018-04-24 00:00:00+00:00,1130285265.6000004
2018-04-25 00:00:00+00:00,1135896689.6000004
2018-04-26 00:00:00+00:00,1130285265.6000004
2018-04-27 00:00:00+00:00,1133975867.2000003
2018-04-30 00:00:00+00:00,1140038998.4000003
2018-05-01 00:00:00+00:00,1138457312.0000002
2018-05-02 00:00:00+00:00,1140038998.4000003
2018-05-03 00:00:00+00:00,1138457312.0000002
2018-05-04 00:00:00+00:00,1133712252.8000004
2018-05-07 00:00:00+00:00,1128703579.2000003
2018-05-08 00:00:00+00:00,1135030324.8000004
2018-05-09 00:00:00+00:00,1127912736.0000002
2018-05-10 00:00:00+00:00,1127385507.2000003
2018-05-11 00:00:00+00:00,1126067435.2000003
2018-05-14 00:00:00+00:00,1127121892.8000004
2018-05-15 00:00:00+00:00,1133975867.2000003
2018-05-16 00:00:00+00:00,1136348396.8000004
2018-05-17 00:00:00+00:00,1135030324.8000004
2018-05-18 00:00:00+00:00,1137666468.8000004
2018-05-21 00:00:00+00:00,1149265502.4000003
2018-05-22 00:00:00+00:00,1150583574.4000003
2018-05-23 00:00:00+00:00,1155855862.4000003
2018-05-24 00:00:00+00:00,1156646705.6000004
2018-05-25 00:00:00+00:00,1158755620.8000004
2018-05-29 00:00:00+00:00,1158755620.8000004
2018-05-30 00:00:00+00:00,1162446222.4000003
2018-05-31 00:00:00+00:00,1167454896.0000002
2018-06-01 00:00:00+00:00,1160337307.2000003
2018-06-04 00:00:00+00:00,1143993214.4000003
2018-06-05 00:00:00+00:00,1147156587.2000003
2018-06-06 00:00:00+00:00,1151901646.4000003
2018-06-07 00:00:00+00:00,1139511769.6000004
2018-06-08 00:00:00+00:00,1153219718.4000003
2018-06-11 00:00:00+00:00,1155855862.4000003
2018-06-12 00:00:00+00:00,1164291523.2000003
2018-06-13 00:00:00+00:00,1166664052.8000004
2018-06-14 00:00:00+00:00,1161391764.8000004
2018-06-15 00:00:00+00:00,1155855862.4000003
2018-06-18 00:00:00+00:00,1154010561.6000004
2018-06-19 00:00:00+00:00,1150056345.6000004
2018-06-20 00:00:00+00:00,1151638032.0000002
2018-06-21 00:00:00+00:00,1152165260.8000004
2018-06-22 00:00:00+00:00,1157437548.8000004
2018-06-25 00:00:00+00:00,1155065019.2000003
2018-06-26 00:00:00+00:00,1158492006.4000003
2018-06-27 00:00:00+00:00,1168130278.4000003
2018-06-28 00:00:00+00:00,1163311142.4000003
2018-06-29 00:00:00+00:00,1163311142.4000003
2018-07-02 00:00:00+00:00,1179937161.6000004
2018-07-03 00:00:00+00:00,1184033427.2000003
2018-07-05 00:00:00+00:00,1181864816.0000002
2018-07-06 00:00:00+00:00,1181141945.6000004
2018-07-09 00:00:00+00:00,1183792470.4000003
2018-07-10 00:00:00+00:00,1183551513.6000004
2018-07-11 00:00:00+00:00,1186442995.2000003
2018-07-12 00:00:00+00:00,1191503088.0000002
2018-07-13 00:00:00+00:00,1194394569.6000004
2018-07-16 00:00:00+00:00,1190057347.2000003
2018-07-17 00:00:00+00:00,1190298304.0000002
2018-07-18 00:00:00+00:00,1191503088.0000002
2018-07-19 00:00:00+00:00,1194153612.8000002
2018-07-20 00:00:00+00:00,1190539260.8000004
2018-07-23 00:00:00+00:00,1191503088.0000002
2018-07-24 00:00:00+00:00,1188852563.2000003
2018-07-25 00:00:00+00:00,1188852563.2000003
2018-07-26 00:00:00+00:00,1192707872.0000002
2018-07-27 00:00:00+00:00,1196322224.0000002
2018-07-30 00:00:00+00:00,1197767964.8000002
2018-07-31 00:00:00+00:00,1204273798.4000003
2018-08-01 00:00:00+00:00,1205960496.0000002
2018-08-02 00:00:00+00:00,1203309971.2000003
2018-08-03 00:00:00+00:00,1197045094.4000003
2018-08-06 00:00:00+00:00,1193912656.0000002
2018-08-07 00:00:00+00:00,1196322224.0000002
2018-08-08 00:00:00+00:00,1198008921.6000004
2018-08-09 00:00:00+00:00,1197286051.2000003
2018-08-10 00:00:00+00:00,1204514755.2000003
2018-08-13 00:00:00+00:00,1210297718.4000003
2018-08-14 00:00:00+00:00,1209333891.2000003
2018-08-15 00:00:00+00:00,1211984416.0000002
2018-08-16 00:00:00+00:00,1210297718.4000003
2018-08-17 00:00:00+00:00,1213189200.0000002
2018-08-20 00:00:00+00:00,1215357811.2000003
2018-08-21 00:00:00+00:00,1217736332.8000002
2018-08-22 00:00:00+00:00,1218033648.0000002
2018-08-23 00:00:00+00:00,1216249756.8000002
2018-08-24 00:00:00+00:00,1219520224.0000002
2018-08-27 00:00:00+00:00,1227845049.6000004
2018-08-28 00:00:00+00:00,1233553689.6000004
2018-08-29 00:00:00+00:00,1231841097.6000004
2018-08-30 00:00:00+00:00,1226132457.6000004
2018-08-31 00:00:00+00:00,1225276161.6000004
2018-09-04 00:00:00+00:00,1224134433.6000004
2018-09-05 00:00:00+00:00,1216998633.6000004
2018-09-06 00:00:00+00:00,1219567521.6000004
2018-09-07 00:00:00+00:00,1213573449.6000004
2018-09-10 00:00:00+00:00,1218750448.0000005
2018-09-11 00:00:00+00:00,1218205500.8000004
2018-09-12 00:00:00+00:00,1231556707.2000003
2018-09-13 00:00:00+00:00,1231829180.8000004
2018-09-14 00:00:00+00:00,1241093283.2000003
2018-09-17 00:00:00+00:00,1229104444.8000004
2018-09-18 00:00:00+00:00,1226924656.0000005
2018-09-19 00:00:00+00:00,1230739286.4000003
2018-09-20 00:00:00+00:00,1230194339.2000003
2018-09-21 00:00:00+00:00,1231829180.8000004
2018-09-24 00:00:00+00:00,1219567868.8000004
2018-09-25 00:00:00+00:00,1217388080.0000005
2018-09-26 00:00:00+00:00,1210848713.6000004
2018-09-27 00:00:00+00:00,1210848713.6000004
2018-09-28 00:00:00+00:00,1218750448.0000005
2018-10-01 00:00:00+00:00,1229921865.6000004
2018-10-02 00:00:00+00:00,1242455651.2000003
2018-10-03 00:00:00+00:00,1246815228.8000004
2018-10-04 00:00:00+00:00,1249539964.8000004
2018-10-05 00:00:00+00:00,1257714172.8000004
2018-10-08 00:00:00+00:00,1266160854.4000003
2018-10-09 00:00:00+00:00,1266978275.2000003
2018-10-10 00:00:00+00:00,1263708592.0000005
2018-10-11 00:00:00+00:00,1265615907.2000003
2018-10-12 00:00:00+00:00,1269703011.2000003
2018-10-15 00:00:00+00:00,1279512060.8000004
2018-10-16 00:00:00+00:00,1274607536.0000005
2018-10-17 00:00:00+00:00,1287686268.8000004
2018-10-18 00:00:00+00:00,1291500899.2000003
2018-10-19 00:00:00+00:00,1292045846.4000003
2018-10-22 00:00:00+00:00,1290138531.2000003
2018-10-23 00:00:00+00:00,1289866057.6000004
2018-10-24 00:00:00+00:00,1295315529.6000004
2018-10-25 00:00:00+00:00,1294225635.2000003
2018-10-26 00:00:00+00:00,1290683478.4000003
2018-10-29 00:00:00+00:00,1281419376.0000005
2018-10-30 00:00:00+00:00,1276514851.2000003
2018-10-31 00:00:00+00:00,1272972694.4000003
2018-11-01 00:00:00+00:00,1272972694.4000003
2018-11-02 00:00:00+00:00,1279784534.4000003
2018-11-05 00:00:00+00:00,1271882800.0000005
2018-11-06 00:00:00+00:00,1266705801.6000004
2018-11-07 00:00:00+00:00,1268068169.6000004
2018-11-08 00:00:00+00:00,1263436118.4000003
2018-11-09 00:00:00+00:00,1260438908.8000004
2018-11-12 00:00:00+00:00,1266160854.4000003
2018-11-13 00:00:00+00:00,1257169225.6000004
2018-11-14 00:00:00+00:00,1258259120.0000005
2018-11-15 00:00:00+00:00,1258259120.0000005
2018-11-16 00:00:00+00:00,1259349014.4000003
2018-11-19 00:00:00+00:00,1262346224.0000005
2018-11-20 00:00:00+00:00,1253082121.6000004
2018-11-21 00:00:00+00:00,1259076540.8000004
2018-11-23 00:00:00+00:00,1253354595.2000003
2018-11-26 00:00:00+00:00,1253627068.8000004
2018-11-27 00:00:00+00:00,1249812438.4000003
2018-11-28 00:00:00+00:00,1263436118.4000003
2018-11-29 00:00:00+00:00,1264253539.2000003
2018-11-30 00:00:00+00:00,1263436118.4000003
2018-12-03 00:00:00+00:00,1265343433.6000004
2018-12-04 00:00:00+00:00,1269061475.2000003
2018-12-06 00:00:00+00:00,1271617628.8000004
2018-12-07 00:00:00+00:00,1266272944.0000005
2018-12-10 00:00:00+00:00,1269758608.0000005
2018-12-11 00:00:00+00:00,1267202454.4000003
2018-12-12 00:00:00+00:00,1269293852.8000004
2018-12-13 00:00:00+00:00,1269061475.2000003
2018-12-14 00:00:00+00:00,1271385251.2000003
2018-12-17 00:00:00+00:00,1275103292.8000004
2018-12-18 00:00:00+00:00,1279518467.2000003
2018-12-19 00:00:00+00:00,1275568048.0000005
2018-12-20 00:00:00+00:00,1276497558.4000003
2018-12-21 00:00:00+00:00,1278588956.8000004
2018-12-24 00:00:00+00:00,1277194691.2000003
2018-12-26 00:00:00+00:00,1277427068.8000004
2018-12-27 00:00:00+00:00,1280680355.2000003
2018-12-28 00:00:00+00:00,1277427068.8000004
2018-12-31 00:00:00+00:00,1285792662.4000003
2019-01-02 00:00:00+00:00,1288116438.4000003
2019-01-03 00:00:00+00:00,1293693500.8000004
2019-01-04 00:00:00+00:00,1288116438.4000003
2019-01-07 00:00:00+00:00,1271385251.2000003
2019-01-08 00:00:00+00:00,1268829097.6000004
2019-01-09 00:00:00+00:00,1266272944.0000005
2019-01-10 00:00:00+00:00,1270920496.0000005
2019-01-11 00:00:00+00:00,1268364342.4000003
2019-01-14 00:00:00+00:00,1269061475.2000003
2019-01-15 00:00:00+00:00,1259533993.6000004
2019-01-16 00:00:00+00:00,1259301616.0000005
2019-01-17 00:00:00+00:00,1266737699.2000003
2019-01-18 00:00:00+00:00,1262554902.4000003
2019-01-22 00:00:00+00:00,1264878678.4000003
2019-01-23 00:00:00+00:00,1263949168.0000005
2019-01-24 00:00:00+00:00,1263716790.4000003
2019-01-25 00:00:00+00:00,1276265180.8000004
2019-01-28 00:00:00+00:00,1268131964.8000004
2019-01-29 00:00:00+00:00,1270455740.8000004
2019-01-30 00:00:00+00:00,1274173782.4000003
2019-01-31 00:00:00+00:00,1269526230.4000003
2019-02-01 00:00:00+00:00,1272547139.2000003
2019-02-04 00:00:00+00:00,1266737699.2000003
2019-02-05 00:00:00+00:00,1267434832.0000005
2019-02-06 00:00:00+00:00,1265575811.2000003
2019-02-07 00:00:00+00:00,1269526230.4000003
2019-02-08 00:00:00+00:00,1269990985.6000004
2019-02-11 00:00:00+00:00,1270920496.0000005
2019-02-12 00:00:00+00:00,1266737699.2000003
2019-02-13 00:00:00+00:00,1269061475.2000003
2019-02-14 00:00:00+00:00,1276729936.0000005
2019-02-15 00:00:00+00:00,1290739209.6000004
2019-02-19 00:00:00+00:00,1296294611.2000005
2019-02-20 00:00:00+00:00,1299917699.2000005
2019-02-21 00:00:00+00:00,1295569993.6000004
2019-02-22 00:00:00+00:00,1297985385.6000004
2019-02-25 00:00:00+00:00,1290739209.6000004
2019-02-26 00:00:00+00:00,1287116121.6000004
2019-02-27 00:00:00+00:00,1290014592.0000005
2019-02-28 00:00:00+00:00,1285425347.2000005
2019-03-01 00:00:00+00:00,1281560720.0000005
2019-03-04 00:00:00+00:00,1275280700.8000004
2019-03-05 00:00:00+00:00,1277213014.4000006
2019-03-06 00:00:00+00:00,1270449916.8000004
2019-03-07 00:00:00+00:00,1269966838.4000006
2019-03-08 00:00:00+00:00,1270932995.2000005
2019-03-11 00:00:00+00:00,1273589926.4000006
2019-03-12 00:00:00+00:00,1274556083.2000005
2019-03-13 00:00:00+00:00,1275280700.8000004
2019-03-14 00:00:00+00:00,1276488396.8000004
2019-03-15 00:00:00+00:00,1279145328.0000005
2019-03-18 00:00:00+00:00,1286874582.4000006
2019-03-19 00:00:00+00:00,1288276441.6000006
2019-03-20 00:00:00+00:00,1289211014.4000006
2019-03-21 00:00:00+00:00,1294818451.2000005
2019-03-22 00:00:00+00:00,1293182948.8000007
2019-03-25 00:00:00+00:00,1295285737.6000006
2019-03-26 00:00:00+00:00,1292715662.4000006
2019-03-27 00:00:00+00:00,1292949305.6000006
2019-03-28 00:00:00+00:00,1294117521.6000006
2019-03-29 00:00:00+00:00,1294117521.6000006
2019-04-01 00:00:00+00:00,1290846516.8000007
2019-04-02 00:00:00+00:00,1291080160.0000005
2019-04-03 00:00:00+00:00,1296687596.8000007
2019-04-04 00:00:00+00:00,1289911944.0000005
2019-04-05 00:00:00+00:00,1288743728.0000005
2019-04-08 00:00:00+00:00,1293182948.8000007
2019-04-09 00:00:00+00:00,1288276441.6000006
2019-04-10 00:00:00+00:00,1287575512.0000005
2019-04-11 00:00:00+00:00,1287341868.8000007
2019-04-12 00:00:00+00:00,1285005436.8000007
2019-04-15 00:00:00+00:00,1288042798.4000006
2019-04-16 00:00:00+00:00,1290846516.8000007
2019-04-17 00:00:00+00:00,1294117521.6000006
2019-04-18 00:00:00+00:00,1283603577.6000006
2019-04-22 00:00:00+00:00,1288510084.8000007
2019-04-23 00:00:00+00:00,1285472723.2000005
2019-04-24 00:00:00+00:00,1285472723.2000005
2019-04-25 00:00:00+00:00,1290379230.4000006
2019-04-26 00:00:00+00:00,1291313803.2000005
2019-04-29 00:00:00+00:00,1298790385.6000006
2019-04-30 00:00:00+00:00,1298556742.4000006
2019-05-01 00:00:00+00:00,1301594104.0000005
2019-05-02 00:00:00+00:00,1301126817.6000006
2019-05-03 00:00:00+00:00,1306266968.0000005
2019-05-06 00:00:00+00:00,1309304329.6000006
2019-05-07 00:00:00+00:00,1311071936.0000005
2019-05-08 00:00:00+00:00,1303496480.0000007
2019-05-09 00:00:00+00:00,1306779177.6000006
2019-05-10 00:00:00+00:00,1305264086.4000006
2019-05-13 00:00:00+00:00,1308294268.8000007
2019-05-14 00:00:00+00:00,1310819420.8000007
2019-05-15 00:00:00+00:00,1308546784.0000005
2019-05-16 00:00:00+00:00,1306779177.6000006
2019-05-17 00:00:00+00:00,1300971328.0000007
2019-05-20 00:00:00+00:00,1302738934.4000006
2019-05-21 00:00:00+00:00,1307536723.2000005
2019-05-22 00:00:00+00:00,1302738934.4000006
2019-05-23 00:00:00+00:00,1301476358.4000006
2019-05-24 00:00:00+00:00,1303748995.2000005
2019-05-28 00:00:00+00:00,1306021632.0000007
2019-05-29 00:00:00+00:00,1309051814.4000006
2019-05-30 00:00:00+00:00,1306274147.2000005
2019-05-31 00:00:00+00:00,1314859664.0000005
2019-06-03 00:00:00+00:00,1317132300.8000007
2019-06-04 00:00:00+00:00,1322940150.4000006
2019-06-05 00:00:00+00:00,1317637331.2000005
2019-06-06 00:00:00+00:00,1325212787.2000005
2019-06-07 00:00:00+00:00,1325452590.4000006
2019-06-10 00:00:00+00:00,1327850622.4000006
2019-06-11 00:00:00+00:00,1317539084.8000004
2019-06-12 00:00:00+00:00,1316819675.2000005
2019-06-13 00:00:00+00:00,1315620659.2000005
2019-06-14 00:00:00+00:00,1315380856.0000005
2019-06-17 00:00:00+00:00,1317299281.6000006
2019-06-18 00:00:00+00:00,1317539084.8000004
2019-06-19 00:00:00+00:00,1319697313.6000006
2019-06-20 00:00:00+00:00,1321136132.8000004
2019-06-21 00:00:00+00:00,1325932196.8000004
2019-06-24 00:00:00+00:00,1326172000.0000005
2019-06-25 00:00:00+00:00,1323773968.0000005
2019-06-26 00:00:00+00:00,1329769048.0000005
2019-06-27 00:00:00+00:00,1318738100.8000004
2019-06-28 00:00:00+00:00,1322574952.0000005
2019-07-01 00:00:00+00:00,1323773968.0000005
2019-07-02 00:00:00+00:00,1329049638.4000006
2019-07-03 00:00:00+00:00,1324493377.6000006
2019-07-05 00:00:00+00:00,1328809835.2000005
2019-07-08 00:00:00+00:00,1326651606.4000006
2019-07-09 00:00:00+00:00,1329049638.4000006
2019-07-10 00:00:00+00:00,1332693222.4000006
2019-07-11 00:00:00+00:00,1329778355.2000005
2019-07-12 00:00:00+00:00,1327835110.4000006
2019-07-15 00:00:00+00:00,1322005376.0000005
2019-07-16 00:00:00+00:00,1320305036.8000007
2019-07-17 00:00:00+00:00,1315446924.8000007
2019-07-18 00:00:00+00:00,1309617190.4000006
2019-07-19 00:00:00+00:00,1310588812.8000007
2019-07-22 00:00:00+00:00,1309860096.0000005
2019-07-23 00:00:00+00:00,1320062131.2000005
2019-07-24 00:00:00+00:00,1322005376.0000005
2019-07-25 00:00:00+00:00,1320547942.4000006
2019-07-26 00:00:00+00:00,1321033753.6000006
2019-07-29 00:00:00+00:00,1322248281.6000006
2019-07-30 00:00:00+00:00,1324191526.4000006
2019-07-31 00:00:00+00:00,1325648960.0000007
2019-08-01 00:00:00+00:00,1323462809.6000006
2019-08-02 00:00:00+00:00,1321033753.6000006
2019-08-05 00:00:00+00:00,1316175641.6000006
2019-08-06 00:00:00+00:00,1313989491.2000005
2019-08-07 00:00:00+00:00,1304516172.8000007
2019-08-08 00:00:00+00:00,1306702323.2000005
2019-08-09 00:00:00+00:00,1317147264.0000005
2019-08-12 00:00:00+00:00,1309860096.0000005
2019-08-13 00:00:00+00:00,1313746585.6000006
2019-08-14 00:00:00+00:00,1311074624.0000005
2019-08-15 00:00:00+00:00,1311560435.2000005
2019-08-16 00:00:00+00:00,1311803340.8000007
2019-08-19 00:00:00+00:00,1307673945.6000006
2019-08-20 00:00:00+00:00,1306945228.8000007
2019-08-21 00:00:00+00:00,1305730700.8000007
2019-08-22 00:00:00+00:00,1310345907.2000005
2019-08-23 00:00:00+00:00,1313195646.4000006
2019-08-26 00:00:00+00:00,1314231915.2000005
2019-08-27 00:00:00+00:00,1319154192.0000005
2019-08-28 00:00:00+00:00,1315786318.4000006
2019-08-29 00:00:00+00:00,1319931393.6000006
2019-08-30 00:00:00+00:00,1321744864.0000005
2019-09-03 00:00:00+00:00,1320449528.0000005
2019-09-04 00:00:00+00:00,1325112737.6000006
2019-09-05 00:00:00+00:00,1326149006.4000006
2019-09-06 00:00:00+00:00,1324853670.4000006
2019-09-09 00:00:00+00:00,1327444342.4000006
2019-09-10 00:00:00+00:00,1328480611.2000005
2019-09-11 00:00:00+00:00,1330294081.6000006
2019-09-12 00:00:00+00:00,1303610160.0000005
2019-09-13 00:00:00+00:00,1301019488.0000005
2019-09-16 00:00:00+00:00,1292729337.6000006
2019-09-17 00:00:00+00:00,1296874412.8000004
2019-09-18 00:00:00+00:00,1297651614.4000006
2019-09-19 00:00:00+00:00,1299465084.8000004
2019-09-20 00:00:00+00:00,1297651614.4000006
2019-09-23 00:00:00+00:00,1294024673.6000006
2019-09-24 00:00:00+00:00,1288843329.6000006
2019-09-25 00:00:00+00:00,1282366649.6000006
2019-09-26 00:00:00+00:00,1283402918.4000006
2019-09-27 00:00:00+00:00,1283402918.4000006
2019-09-30 00:00:00+00:00,1282625716.8000004
2019-10-01 00:00:00+00:00,1276667171.2000005
2019-10-02 00:00:00+00:00,1276408104.0000005
2019-10-03 00:00:00+00:00,1280294112.0000005
2019-10-04 00:00:00+00:00,1279775977.6000006
2019-10-07 00:00:00+00:00,1285993590.4000006
2019-10-08 00:00:00+00:00,1287547993.6000006
2019-10-09 00:00:00+00:00,1288843329.6000006
2019-10-10 00:00:00+00:00,1288843329.6000006
2019-10-11 00:00:00+00:00,1288843329.6000006
2019-10-14 00:00:00+00:00,1285993590.4000006
2019-10-15 00:00:00+00:00,1284180120.0000005
2019-10-16 00:00:00+00:00,1290397732.8000004
2019-10-17 00:00:00+00:00,1293247472.0000005
2019-10-18 00:00:00+00:00,1291174934.4000006
2019-10-21 00:00:00+00:00,1292470270.4000006
2019-10-22 00:00:00+00:00,1294801875.2000005
2019-10-23 00:00:00+00:00,1295579076.8000004
2019-10-24 00:00:00+00:00,1291693068.8000004
2019-10-25 00:00:00+00:00,1292912580.8000004
2019-10-28 00:00:00+00:00,1297546726.4000003
2019-10-29 00:00:00+00:00,1292668678.4000003
2019-10-30 00:00:00+00:00,1294375995.2000005
2019-10-31 00:00:00+00:00,1296083312.0000005
2019-11-01 00:00:00+00:00,1296083312.0000005
2019-11-04 00:00:00+00:00,1296815019.2000005
2019-11-05 00:00:00+00:00,1301693067.2000005
2019-11-06 00:00:00+00:00,1298034531.2000005
2019-11-07 00:00:00+00:00,1293888190.4000003
2019-11-08 00:00:00+00:00,1298278433.6000004
2019-11-11 00:00:00+00:00,1298278433.6000004
2019-11-12 00:00:00+00:00,1298766238.4000003
2019-11-13 00:00:00+00:00,1305107700.8000004
2019-11-14 00:00:00+00:00,1304132091.2000005
2019-11-15 00:00:00+00:00,1302180872.0000005
2019-11-18 00:00:00+00:00,1302912579.2000005
2019-11-19 00:00:00+00:00,1301205262.4000003
2019-11-20 00:00:00+00:00,1302668676.8000004
2019-11-21 00:00:00+00:00,1299254043.2000003
2019-11-22 00:00:00+00:00,1304619896.0000005
2019-11-25 00:00:00+00:00,1304375993.6000004
2019-11-26 00:00:00+00:00,1303400384.0000005
2019-11-27 00:00:00+00:00,1303644286.4000003
2019-11-29 00:00:00+00:00,1307302822.4000003
2019-12-02 00:00:00+00:00,1302668676.8000004
2019-12-03 00:00:00+00:00,1305351603.2000003
2019-12-04 00:00:00+00:00,1310229651.2000005
2019-12-05 00:00:00+00:00,1310717456.0000005
2019-12-06 00:00:00+00:00,1313156480.0000005
2019-12-09 00:00:00+00:00,1318034528.0000005
2019-12-10 00:00:00+00:00,1319985747.2000005
2019-12-11 00:00:00+00:00,1320877267.2000005
2019-12-12 00:00:00+00:00,1318648467.2000005
2019-12-13 00:00:00+00:00,1319094227.2000005
2019-12-16 00:00:00+00:00,1323774707.2000005
2019-12-17 00:00:00+00:00,1324220467.2000005
2019-12-18 00:00:00+00:00,1327837619.2000005
2019-12-19 00:00:00+00:00,1330550483.2000005
2019-12-20 00:00:00+00:00,1330324411.2000005
2019-12-23 00:00:00+00:00,1328289763.2000005
2019-12-24 00:00:00+00:00,1326481187.2000005
2019-12-26 00:00:00+00:00,1328063691.2000005
2019-12-27 00:00:00+00:00,1330324411.2000005
2019-12-30 00:00:00+00:00,1330098339.2000005
2019-12-31 00:00:00+00:00,1327611547.2000005
2020-01-02 00:00:00+00:00,1321055459.2000005
2020-01-03 00:00:00+00:00,1325124755.2000005
2020-01-06 00:00:00+00:00,1334619779.2000005
2020-01-07 00:00:00+00:00,1331454771.2000005
2020-01-08 00:00:00+00:00,1328741907.2000005
2020-01-09 00:00:00+00:00,1334167635.2000005
2020-01-10 00:00:00+00:00,1342306227.2000005
2020-01-13 00:00:00+00:00,1344340875.2000005
2020-01-14 00:00:00+00:00,1347958027.2000005
2020-01-15 00:00:00+00:00,1352479467.2000005
2020-01-16 00:00:00+00:00,1350444819.2000005
2020-01-17 00:00:00+00:00,1350896963.2000005
2020-01-21 00:00:00+00:00,1353157683.2000005
2020-01-22 00:00:00+00:00,1355644475.2000005
2020-01-23 00:00:00+00:00,1353609827.2000005
2020-01-24 00:00:00+00:00,1349540531.2000005
2020-01-27 00:00:00+00:00,1345471235.2000005
2020-01-28 00:00:00+00:00,1352931611.2000005
2020-01-29 00:00:00+00:00,1351801251.2000005
2020-01-30 00:00:00+00:00,1354061971.2000005
2020-01-31 00:00:00+00:00,1354514115.2000005
2020-02-03 00:00:00+00:00,1360844131.2000005
2020-02-04 00:00:00+00:00,1356774835.2000005
2020-02-05 00:00:00+00:00,1357226979.2000005
2020-02-06 00:00:00+00:00,1357453051.2000005
2020-02-07 00:00:00+00:00,1361522347.2000005
2020-02-10 00:00:00+00:00,1364235211.2000005
2020-02-11 00:00:00+00:00,1372599875.2000005
2020-02-12 00:00:00+00:00,1364687355.2000005
2020-02-13 00:00:00+00:00,1358357339.2000005
2020-02-14 00:00:00+00:00,1353157683.2000005
2020-02-18 00:00:00+00:00,1360391987.2000005
2020-02-19 00:00:00+00:00,1365139499.2000005
2020-02-20 00:00:00+00:00,1361974491.2000005
2020-02-21 00:00:00+00:00,1366043787.2000005
2020-02-24 00:00:00+00:00,1357226979.2000005
2020-02-25 00:00:00+00:00,1357453051.2000005
2020-02-26 00:00:00+00:00,1361523579.2000005
2020-02-27 00:00:00+00:00,1368443476.8000004
2020-02-28 00:00:00+00:00,1369664635.2000005
2020-03-02 00:00:00+00:00,1376381006.4000006
2020-03-03 00:00:00+00:00,1377398638.4000006
2020-03-04 00:00:00+00:00,1383300904.0000005
2020-03-05 00:00:00+00:00,1384318536.0000005
2020-03-06 00:00:00+00:00,1392459592.0000005
2020-03-09 00:00:00+00:00,1400804174.4000006
2020-03-10 00:00:00+00:00,1401211227.2000005
2020-03-11 00:00:00+00:00,1407927598.4000006
2020-03-12 00:00:00+00:00,1420953288.0000005
2020-03-13 00:00:00+00:00,1419325076.8000007
2020-03-16 00:00:00+00:00,1431740187.2000005
2020-03-17 00:00:00+00:00,1435810715.2000005
2020-03-18 00:00:00+00:00,1440288296.0000005
2020-03-19 00:00:00+00:00,1441916507.2000005
2020-03-20 00:00:00+00:00,1435403662.4000006
2020-03-23 00:00:00+00:00,1432757819.2000005
2020-03-24 00:00:00+00:00,1428076712.0000005
2020-03-25 00:00:00+00:00,1425227342.4000006
2020-03-26 00:00:00+00:00,1426855553.6000006
2020-03-27 00:00:00+00:00,1431536660.8000007
2020-03-30 00:00:00+00:00,1439067137.6000006
2020-03-31 00:00:00+00:00,1445376456.0000005
2020-04-01 00:00:00+00:00,1453110459.2000005
2020-04-02 00:00:00+00:00,1448022299.2000005
2020-04-03 00:00:00+00:00,1447615246.4000006
2020-04-06 00:00:00+00:00,1444765876.8000007
2020-04-07 00:00:00+00:00,1446190561.6000004
2020-04-08 00:00:00+00:00,1446394088.0000005
2020-04-09 00:00:00+00:00,1445172929.6000006
2020-04-13 00:00:00+00:00,1450464616.0000005
2020-04-14 00:00:00+00:00,1452824411.2000005
2020-04-15 00:00:00+00:00,1453709334.4000006
2020-04-16 00:00:00+00:00,1455184206.4000006
2020-04-17 00:00:00+00:00,1461083694.4000006
2020-04-20 00:00:00+00:00,1453119385.6000004
2020-04-21 00:00:00+00:00,1445745025.6000004
2020-04-22 00:00:00+00:00,1445745025.6000004
2020-04-23 00:00:00+00:00,1445745025.6000004
2020-04-24 00:00:00+00:00,1439845537.6000004
2020-04-27 00:00:00+00:00,1427161638.4000006
2020-04-28 00:00:00+00:00,1431291280.0000005
2020-04-29 00:00:00+00:00,1443090256.0000005
2020-04-30 00:00:00+00:00,1456364104.0000005
2020-05-01 00:00:00+00:00,1474062568.0000005
2020-05-04 00:00:00+00:00,1457249027.2000005
2020-05-05 00:00:00+00:00,1468458054.4000006
2020-05-06 00:00:00+00:00,1453414360.0000005
2020-05-07 00:00:00+00:00,1455184206.4000006
2020-05-08 00:00:00+00:00,1454004308.8000004
2020-05-11 00:00:00+00:00,1448989744.0000005
2020-05-12 00:00:00+00:00,1452824411.2000005
2020-05-13 00:00:00+00:00,1453119385.6000004
2020-05-14 00:00:00+00:00,1459018873.6000006
2020-05-15 00:00:00+00:00,1456659078.4000006
2020-05-18 00:00:00+00:00,1469048003.2000005
2020-05-19 00:00:00+00:00,1470522875.2000005
2020-05-20 00:00:00+00:00,1480552004.8000004
2020-05-21 00:00:00+00:00,1474357542.4000006
2020-05-22 00:00:00+00:00,1472882670.4000006
2020-05-26 00:00:00+00:00,1476422363.2000005
2020-05-27 00:00:00+00:00,1469048003.2000005
2020-05-28 00:00:00+00:00,1469048003.2000005
2020-05-29 00:00:00+00:00,1472292721.6000004
2020-06-01 00:00:00+00:00,1474947491.2000005
2020-06-02 00:00:00+00:00,1481436928.0000005
2020-06-03 00:00:00+00:00,1493235904.0000005
2020-06-04 00:00:00+00:00,1496480622.4000006
2020-06-05 00:00:00+00:00,1505034880.0000005
2020-06-08 00:00:00+00:00,1502675084.8000004
2020-06-09 00:00:00+00:00,1504444931.2000005
2020-06-10 00:00:00+00:00,1498695041.6000006
2020-06-11 00:00:00+00:00,1501944979.2000005
2020-06-12 00:00:00+00:00,1503444950.4000006
2020-06-15 00:00:00+00:00,1501194993.6000006
2020-06-16 00:00:00+00:00,1497445065.6000006
2020-06-17 00:00:00+00:00,1497945056.0000005
2020-06-18 00:00:00+00:00,1503444950.4000006
2020-06-19 00:00:00+00:00,1499945017.6000006
2020-06-22 00:00:00+00:00,1502944960.0000005
2020-06-23 00:00:00+00:00,1506444892.8000004
2020-06-24 00:00:00+00:00,1508444854.4000006
2020-06-25 00:00:00+00:00,1506444892.8000004
2020-06-26 00:00:00+00:00,1498894636.8000004
2020-06-29 00:00:00+00:00,1502669764.8000004
2020-06-30 00:00:00+00:00,1507451593.6000004
2020-07-01 00:00:00+00:00,1512736772.8000004
2020-07-02 00:00:00+00:00,1514498499.2000005
2020-07-06 00:00:00+00:00,1506696568.0000005
2020-07-07 00:00:00+00:00,1512988448.0000005
2020-07-08 00:00:00+00:00,1510471696.0000005
2020-07-09 00:00:00+00:00,1504431491.2000005
2020-07-10 00:00:00+00:00,1502418089.6000004
2020-07-13 00:00:00+00:00,1497887936.0000005
2020-07-14 00:00:00+00:00,1491344380.8000004
2020-07-15 00:00:00+00:00,1503928140.8000004
2020-07-16 00:00:00+00:00,1503173115.2000005
2020-07-17 00:00:00+00:00,1501663064.0000005
2020-07-20 00:00:00+00:00,1501411388.8000004
2020-07-21 00:00:00+00:00,1500153012.8000004
2020-07-22 00:00:00+00:00,1504934841.6000004
2020-07-23 00:00:00+00:00,1502669764.8000004
2020-07-24 00:00:00+00:00,1495622859.2000005
2020-07-27 00:00:00+00:00,1511478396.8000004
2020-07-28 00:00:00+00:00,1508709969.6000004
2020-07-29 00:00:00+00:00,1508709969.6000004
2020-07-30 00:00:00+00:00,1511226721.6000004
2020-07-31 00:00:00+00:00,1524565507.2000005
2020-08-03 00:00:00+00:00,1526578908.8000004
2020-08-04 00:00:00+00:00,1528088960.0000005
2020-08-05 00:00:00+00:00,1522048755.2000005
2020-08-06 00:00:00+00:00,1532115763.2000005
2020-08-07 00:00:00+00:00,1538375140.8000004
2020-08-10 00:00:00+00:00,1541157086.4000006
2020-08-11 00:00:00+00:00,1536752339.2000005
2020-08-12 00:00:00+00:00,1534434051.2000005
2020-08-13 00:00:00+00:00,1528174673.6000006
2020-08-14 00:00:00+00:00,1528406502.4000006
2020-08-17 00:00:00+00:00,1529333817.6000006
2020-08-18 00:00:00+00:00,1533274907.2000005
2020-08-19 00:00:00+00:00,1525160899.2000005
2020-08-20 00:00:00+00:00,1530492961.6000006
2020-08-21 00:00:00+00:00,1534665880.0000005
2020-08-24 00:00:00+00:00,1531860011.2000005
2020-08-25 00:00:00+00:00,1533029123.2000005
2020-08-26 00:00:00+00:00,1528820320.0000005
2020-08-27 00:00:00+00:00,1533262945.6000004
2020-08-28 00:00:00+00:00,1529287964.8000004
2020-08-31 00:00:00+00:00,1530690899.2000005
2020-09-01 00:00:00+00:00,1529287964.8000004
2020-09-02 00:00:00+00:00,1525546806.4000006
2020-09-03 00:00:00+00:00,1516895377.6000004
2020-09-04 00:00:00+00:00,1513621864.0000005
2020-09-08 00:00:00+00:00,1516193910.4000006
2020-09-09 00:00:00+00:00,1515960088.0000005
2020-09-10 00:00:00+00:00,1513154219.2000005
2020-09-11 00:00:00+00:00,1513388041.6000004
2020-09-14 00:00:00+00:00,1509646883.2000005
2020-09-15 00:00:00+00:00,1531860011.2000005
2020-09-16 00:00:00+00:00,1536770281.6000004
2020-09-17 00:00:00+00:00,1544018776.0000005
2020-09-18 00:00:00+00:00,1547526112.0000005
2020-09-21 00:00:00+00:00,1541680552.0000005
2020-09-22 00:00:00+00:00,1548227579.2000005
2020-09-23 00:00:00+00:00,1546357000.0000005
2020-09-24 00:00:00+00:00,1547292289.6000004
2020-09-25 00:00:00+00:00,1550565803.2000005
2020-09-28 00:00:00+00:00,1539809972.8000004
2020-09-29 00:00:00+00:00,1548461401.6000004
2020-09-30 00:00:00+00:00,1550565803.2000005
2020-10-01 00:00:00+00:00,1552202560.0000005
2020-10-02 00:00:00+00:00,1551501092.8000004
2020-10-05 00:00:00+00:00,1552904027.2000005
2020-10-06 00:00:00+00:00,1559217232.0000005
2020-10-07 00:00:00+00:00,1565296614.4000006
2020-10-08 00:00:00+00:00,1565998081.6000004
2020-10-09 00:00:00+00:00,1567401016.0000005
2020-10-12 00:00:00+00:00,1558281942.4000006
2020-10-13 00:00:00+00:00,1562256923.2000005
2020-10-14 00:00:00+00:00,1566699548.8000004
2020-10-15 00:00:00+00:00,1566231904.0000005
2020-10-16 00:00:00+00:00,1572077464.0000005
2020-10-19 00:00:00+00:00,1578858313.6000004
2020-10-20 00:00:00+00:00,1574649510.4000006
2020-10-21 00:00:00+00:00,1573714220.8000004
2020-10-22 00:00:00+00:00,1580261248.0000005
2020-10-23 00:00:00+00:00,1578858313.6000004
2020-10-26 00:00:00+00:00,1580027425.6000004
2020-10-27 00:00:00+00:00,1581430360.0000005
2020-10-28 00:00:00+00:00,1580216660.8000004
2020-10-29 00:00:00+00:00,1590128537.6000004
2020-10-30 00:00:00+00:00,1590937670.4000006
2020-11-02 00:00:00+00:00,1578598395.2000005
2020-11-03 00:00:00+00:00,1583655475.2000005
2020-11-04 00:00:00+00:00,1585071457.6000004
2020-11-05 00:00:00+00:00,1588510272.0000005
2020-11-06 00:00:00+00:00,1579812094.4000006
2020-11-09 00:00:00+00:00,1580418944.0000005
2020-11-10 00:00:00+00:00,1584464608.0000005
2020-11-11 00:00:00+00:00,1588307988.8000004
2020-11-12 00:00:00+00:00,1579609811.2000005
2020-11-13 00:00:00+00:00,1578800678.4000006
2020-11-16 00:00:00+00:00,1568484235.2000005
2020-11-17 00:00:00+00:00,1571720766.4000006
2020-11-18 00:00:00+00:00,1568888801.6000004
2020-11-19 00:00:00+00:00,1572327616.0000005
2020-11-20 00:00:00+00:00,1573743598.4000006
2020-11-23 00:00:00+00:00,1574957297.6000004
2020-11-24 00:00:00+00:00,1577182412.8000004
2020-11-25 00:00:00+00:00,1582644059.2000005
2020-11-27 00:00:00+00:00,1581632643.2000005
2020-11-30 00:00:00+00:00,1587903422.4000006
2020-12-01 00:00:00+00:00,1587903422.4000006
2020-12-02 00:00:00+00:00,1586082873.6000004
2020-12-03 00:00:00+00:00,1583857758.4000006
2020-12-04 00:00:00+00:00,1589319404.8000004
2020-12-07 00:00:00+00:00,1589117121.6000004
2020-12-08 00:00:00+00:00,1590330820.8000004
2020-12-09 00:00:00+00:00,1578598395.2000005
2020-12-10 00:00:00+00:00,1584869174.4000006
2020-12-11 00:00:00+00:00,1589521688.0000005
2020-12-14 00:00:00+00:00,1595792467.2000005
2020-12-15 00:00:00+00:00,1597704643.2000005
2020-12-16 00:00:00+00:00,1603653635.2000005
2020-12-17 00:00:00+00:00,1607690451.2000005
2020-12-18 00:00:00+00:00,1602591315.2000005
2020-12-21 00:00:00+00:00,1604503491.2000005
2020-12-22 00:00:00+00:00,1604715955.2000005
2020-12-23 00:00:00+00:00,1610877411.2000005
2020-12-24 00:00:00+00:00,1612364659.2000005
2020-12-28 00:00:00+00:00,1614064371.2000005
2020-12-29 00:00:00+00:00,1615339155.2000005
2020-12-30 00:00:00+00:00,1620438291.2000005
2020-12-31 00:00:00+00:00,1624900035.2000005
2021-01-04 00:00:00+00:00,1630636563.2000005
2021-01-05 00:00:00+00:00,1638285267.2000005
2021-01-06 00:00:00+00:00,1641047299.2000005
2021-01-07 00:00:00+00:00,1627237139.2000005
2021-01-08 00:00:00+00:00,1627237139.2000005
2021-01-11 00:00:00+00:00,1628724387.2000005
2021-01-12 00:00:00+00:00,1624262643.2000005
2021-01-13 00:00:00+00:00,1632336275.2000005
2021-01-14 00:00:00+00:00,1649970787.2000005
2021-01-15 00:00:00+00:00,1645296579.2000005
2021-01-19 00:00:00+00:00,1637860339.2000005
2021-01-20 00:00:00+00:00,1641472227.2000005
2021-01-21 00:00:00+00:00,1636798019.2000005
2021-01-22 00:00:00+00:00,1632973667.2000005
2021-01-25 00:00:00+00:00,1630211635.2000005
2021-01-26 00:00:00+00:00,1630211635.2000005
2021-01-27 00:00:00+00:00,1631486419.2000005
2021-01-28 00:00:00+00:00,1627024675.2000005
2021-01-29 00:00:00+00:00,1632123811.2000005
2021-02-01 00:00:00+00:00,1638922659.2000005
2021-02-02 00:00:00+00:00,1641897155.2000005
2021-02-03 00:00:00+00:00,1636585555.2000005
2021-02-04 00:00:00+00:00,1636798019.2000005
2021-02-05 00:00:00+00:00,1644659187.2000005
2021-02-08 00:00:00+00:00,1641472227.2000005
2021-02-09 00:00:00+00:00,1645084115.2000005
2021-02-10 00:00:00+00:00,1650820643.2000005
2021-02-11 00:00:00+00:00,1631273955.2000005
2021-02-12 00:00:00+00:00,1628086995.2000005
2021-02-16 00:00:00+00:00,1634035987.2000005
2021-02-17 00:00:00+00:00,1638072803.2000005
2021-02-18 00:00:00+00:00,1648271075.2000005
2021-02-19 00:00:00+00:00,1642846355.2000005
2021-02-22 00:00:00+00:00,1632901035.2000005
2021-02-23 00:00:00+00:00,1640676467.2000005
2021-02-24 00:00:00+00:00,1637783283.2000005
2021-02-25 00:00:00+00:00,1643750475.2000005
2021-02-26 00:00:00+00:00,1650802611.2000005
2021-03-01 00:00:00+00:00,1655142387.2000005
2021-03-02 00:00:00+00:00,1651164259.2000005
2021-03-03 00:00:00+00:00,1656408155.2000005
2021-03-04 00:00:00+00:00,1654238267.2000005
2021-03-05 00:00:00+00:00,1651706731.2000005
2021-03-08 00:00:00+00:00,1655323211.2000005
2021-03-09 00:00:00+00:00,1660747931.2000005
2021-03-10 00:00:00+00:00,1659662987.2000005
2021-03-11 00:00:00+00:00,1652430027.2000005
2021-03-12 00:00:00+00:00,1656588979.2000005
2021-03-15 00:00:00+00:00,1656769803.2000005
2021-03-16 00:00:00+00:00,1653514971.2000005
2021-03-17 00:00:00+00:00,1659120515.2000005
2021-03-18 00:00:00+00:00,1660928755.2000005
2021-03-19 00:00:00+00:00,1663279467.2000005
2021-03-22 00:00:00+00:00,1667438419.2000005
2021-03-23 00:00:00+00:00,1669246659.2000005
2021-03-24 00:00:00+00:00,1665630179.2000005
2021-03-25 00:00:00+00:00,1675394675.2000005
2021-03-26 00:00:00+00:00,1673586435.2000005
2021-03-29 00:00:00+00:00,1678468683.2000005
2021-03-30 00:00:00+00:00,1678468683.2000005
2021-03-31 00:00:00+00:00,1681181043.2000005
2021-04-01 00:00:00+00:00,1682265987.2000005
2021-04-05 00:00:00+00:00,1679915275.2000005
2021-04-06 00:00:00+00:00,1674128907.2000005
2021-04-07 00:00:00+00:00,1674490555.2000005
2021-04-08 00:00:00+00:00,1673767259.2000005
2021-04-09 00:00:00+00:00,1668704187.2000005
2021-04-12 00:00:00+00:00,1670693251.2000005
2021-04-13 00:00:00+00:00,1669246659.2000005
2021-04-14 00:00:00+00:00,1661109579.2000005
2021-04-15 00:00:00+00:00,1653334147.2000005
2021-04-16 00:00:00+00:00,1648632723.2000005
2021-04-19 00:00:00+00:00,1655142387.2000005
2021-04-20 00:00:00+00:00,1664580896.0000005
2021-04-21 00:00:00+00:00,1667727065.6000006
2021-04-22 00:00:00+00:00,1667541996.8000004
2021-04-23 00:00:00+00:00,1667541996.8000004
2021-04-26 00:00:00+00:00,1671428441.6000006
2021-04-27 00:00:00+00:00,1683642982.4000006
2021-04-28 00:00:00+00:00,1672353785.6000006
2021-04-29 00:00:00+00:00,1668467340.8000004
2021-04-30 00:00:00+00:00,1669392684.8000004
2021-05-03 00:00:00+00:00,1664765964.8000004
2021-05-04 00:00:00+00:00,1671983648.0000005
2021-05-05 00:00:00+00:00,1679571468.8000004
2021-05-06 00:00:00+00:00,1679941606.4000006
2021-05-07 00:00:00+00:00,1680967212.8000007
2021-05-10 00:00:00+00:00,1680967212.8000007
2021-05-11 00:00:00+00:00,1670540214.4000006
2021-05-12 00:00:00+00:00,1674984508.8000007
2021-05-13 00:00:00+00:00,1687462720.0000005
2021-05-14 00:00:00+00:00,1690026736.0000005
2021-05-17 00:00:00+00:00,1689513932.8000007
2021-05-18 00:00:00+00:00,1685753376.0000005
2021-05-19 00:00:00+00:00,1690197670.4000006
2021-05-20 00:00:00+00:00,1688659260.8000007
2021-05-21 00:00:00+00:00,1694983833.6000006
2021-05-24 00:00:00+00:00,1692248883.2000005
2021-05-25 00:00:00+00:00,1688659260.8000007
2021-05-26 00:00:00+00:00,1693103555.2000005
2021-05-27 00:00:00+00:00,1687291785.6000006
2021-05-28 00:00:00+00:00,1683189360.0000005
2021-06-01 00:00:00+00:00,1688891918.4000006
2021-06-02 00:00:00+00:00,1688719113.6000004
2021-06-03 00:00:00+00:00,1684398993.6000004
2021-06-04 00:00:00+00:00,1689237528.0000005
2021-06-07 00:00:00+00:00,1683534969.6000004
2021-06-08 00:00:00+00:00,1689237528.0000005
2021-06-09 00:00:00+00:00,1689583137.6000004
2021-06-10 00:00:00+00:00,1689583137.6000004
2021-06-11 00:00:00+00:00,1688546308.8000004
2021-06-14 00:00:00+00:00,1683707774.4000006
2021-06-15 00:00:00+00:00,1680424483.2000005
2021-06-16 00:00:00+00:00,1680424483.2000005
2021-06-17 00:00:00+00:00,1671957048.0000005
2021-06-18 00:00:00+00:00,1671093024.0000005
2021-06-21 00:00:00+00:00,1678178020.8000004
2021-06-22 00:00:00+00:00,1672475462.4000006
2021-06-23 00:00:00+00:00,1677141192.0000005
2021-06-24 00:00:00+00:00,1681115702.4000006
2021-06-25 00:00:00+00:00,1682325336.0000005
2021-06-28 00:00:00+00:00,1687509480.0000005
2021-06-29 00:00:00+00:00,1686299846.4000006
2021-06-30 00:00:00+00:00,1692348014.4000006
2021-07-01 00:00:00+00:00,1693212038.4000006
2021-07-02 00:00:00+00:00,1696840939.2000005
2021-07-06 00:00:00+00:00,1692002404.8000004
2021-07-07 00:00:00+00:00,1689928747.2000005
2021-07-08 00:00:00+00:00,1684744603.2000005
2021-07-09 00:00:00+00:00,1681806921.6000006
2021-07-12 00:00:00+00:00,1676795582.4000006
2021-07-13 00:00:00+00:00,1678350825.6000004
2021-07-14 00:00:00+00:00,1675758753.6000004
2021-07-15 00:00:00+00:00,1682670945.6000004
2021-07-16 00:00:00+00:00,1689237528.0000005
2021-07-19 00:00:00+00:00,1678178020.8000004
2021-07-20 00:00:00+00:00,1684053384.0000005
2021-07-21 00:00:00+00:00,1688546308.8000004
2021-07-22 00:00:00+00:00,1687682284.8000004
2021-07-23 00:00:00+00:00,1697186548.8000004
2021-07-26 00:00:00+00:00,1701506668.8000004
2021-07-27 00:00:00+00:00,1700297035.2000005
2021-07-28 00:00:00+00:00,1704789960.0000005
2021-07-29 00:00:00+00:00,1709787209.6000004
2021-07-30 00:00:00+00:00,1716074072.0000005
2021-08-02 00:00:00+00:00,1715429265.6000004
2021-08-03 00:00:00+00:00,1714945660.8000004
2021-08-04 00:00:00+00:00,1715751668.8000004
2021-08-05 00:00:00+00:00,1704628758.4000003
2021-08-06 00:00:00+00:00,1703661548.8000004
2021-08-09 00:00:00+00:00,1707046782.4000006
2021-08-10 00:00:00+00:00,1688992203.2000005
2021-08-11 00:00:00+00:00,1690926622.4000006
2021-08-12 00:00:00+00:00,1689798211.2000005
2021-08-13 00:00:00+00:00,1683188945.6000004
2021-08-16 00:00:00+00:00,1681899332.8000004
2021-08-17 00:00:00+00:00,1682060534.4000006
2021-08-18 00:00:00+00:00,1679642510.4000003
2021-08-19 00:00:00+00:00,1685768171.2000005
2021-08-20 00:00:00+00:00,1689153404.8000004
2021-08-23 00:00:00+00:00,1689153404.8000004
2021-08-24 00:00:00+00:00,1689153404.8000004
2021-08-25 00:00:00+00:00,1686735380.8000004
2021-08-26 00:00:00+00:00,1687541388.8000004
2021-08-27 00:00:00+00:00,1681738131.2000005
2021-08-30 00:00:00+00:00,1678836502.4000006
2021-08-31 00:00:00+00:00,1684962163.2000005
2021-09-01 00:00:00+00:00,1687702590.4000003
2021-09-02 00:00:00+00:00,1683994953.6000004
2021-09-03 00:00:00+00:00,1688508598.4000006
2021-09-07 00:00:00+00:00,1690765420.8000004
2021-09-08 00:00:00+00:00,1690604219.2000005
2021-09-09 00:00:00+00:00,1694634259.2000005
2021-09-10 00:00:00+00:00,1690281816.0000005
2021-09-13 00:00:00+00:00,1687380187.2000005
2021-09-14 00:00:00+00:00,1687863792.0000005
2021-09-15 00:00:00+00:00,1678191696.0000005
2021-09-16 00:00:00+00:00,1680287316.8000004
2021-09-17 00:00:00+00:00,1684639760.0000005
2021-09-20 00:00:00+00:00,1688992203.2000005
2021-09-21 00:00:00+00:00,1686412977.6000004
2021-09-22 00:00:00+00:00,1681254526.4000006
2021-09-23 00:00:00+00:00,1677708091.2000005
2021-09-24 00:00:00+00:00,1683511348.8000004
2021-09-27 00:00:00+00:00,1687541388.8000004
2021-09-28 00:00:00+00:00,1684962163.2000005
2021-09-29 00:00:00+00:00,1686896582.4000006
2021-09-30 00:00:00+00:00,1676902083.2000005
2021-10-01 00:00:00+00:00,1681415728.0000005
2021-10-04 00:00:00+00:00,1687380187.2000005
2021-10-05 00:00:00+00:00,1684800961.6000004
2021-10-06 00:00:00+00:00,1686090574.4000006
2021-10-07 00:00:00+00:00,1684962163.2000005
2021-10-08 00:00:00+00:00,1691766163.2000005
2021-10-11 00:00:00+00:00,1692370963.2000005
2021-10-12 00:00:00+00:00,1688439763.2000005
2021-10-13 00:00:00+00:00,1685264563.2000005
2021-10-14 00:00:00+00:00,1681182163.2000005
2021-10-15 00:00:00+00:00,1684357363.2000005
2021-10-18 00:00:00+00:00,1677553363.2000005
2021-10-19 00:00:00+00:00,1670295763.2000005
2021-10-20 00:00:00+00:00,1671807763.2000005
2021-10-21 00:00:00+00:00,1671354163.2000005
2021-10-22 00:00:00+00:00,1673470963.2000005
2021-10-25 00:00:00+00:00,1678158163.2000005
2021-10-26 00:00:00+00:00,1682240563.2000005
2021-10-27 00:00:00+00:00,1682845363.2000005
2021-10-28 00:00:00+00:00,1684063564.8000004
2021-10-29 00:00:00+00:00,1689393196.8000004
2021-11-01 00:00:00+00:00,1687870444.8000004
2021-11-02 00:00:00+00:00,1685281766.4000006
2021-11-03 00:00:00+00:00,1687718169.6000006
2021-11-04 00:00:00+00:00,1683911289.6000006
2021-11-05 00:00:00+00:00,1679190758.4000006
2021-11-08 00:00:00+00:00,1679495308.8000004
2021-11-09 00:00:00+00:00,1679799859.2000005
2021-11-10 00:00:00+00:00,1684368115.2000005
2021-11-11 00:00:00+00:00,1676449804.8000004
2021-11-12 00:00:00+00:00,1678124832.0000005
2021-11-15 00:00:00+00:00,1682236262.4000006
2021-11-16 00:00:00+00:00,1678429382.4000006
2021-11-17 00:00:00+00:00,1671881548.8000004
2021-11-18 00:00:00+00:00,1675536153.6000006
2021-11-19 00:00:00+00:00,1678429382.4000006
2021-11-22 00:00:00+00:00,1681931712.0000005
2021-11-23 00:00:00+00:00,1676602080.0000005
2021-11-24 00:00:00+00:00,1679343033.6000006
2021-11-26 00:00:00+00:00,1688174995.2000005
2021-11-29 00:00:00+00:00,1690611398.4000006
2021-11-30 00:00:00+00:00,1699595635.2000005
2021-12-01 00:00:00+00:00,1699595635.2000005
2021-12-02 00:00:00+00:00,1699291084.8000004
2021-12-03 00:00:00+00:00,1697311507.2000005
2021-12-06 00:00:00+00:00,1691068224.0000005
2021-12-07 00:00:00+00:00,1686195417.6000006
2021-12-08 00:00:00+00:00,1681018060.8000004
2021-12-09 00:00:00+00:00,1682997638.4000006
2021-12-10 00:00:00+00:00,1682693088.0000005
2021-12-13 00:00:00+00:00,1683759014.4000006
2021-12-14 00:00:00+00:00,1683606739.2000005
2021-12-15 00:00:00+00:00,1689088646.4000006
2021-12-16 00:00:00+00:00,1687413619.2000005
2021-12-17 00:00:00+00:00,1691829600.0000005
2021-12-20 00:00:00+00:00,1699747910.4000006
2021-12-21 00:00:00+00:00,1702168454.4000006
2021-12-22 00:00:00+00:00,1710559673.6000006
2021-12-23 00:00:00+00:00,1710236934.4000006
2021-12-27 00:00:00+00:00,1709752825.6000006
2021-12-28 00:00:00+00:00,1705718585.6000006
2021-12-29 00:00:00+00:00,1707977760.0000007
2021-12-30 00:00:00+00:00,1702813932.8000007
2021-12-31 00:00:00+00:00,1704427628.8000007
2022-01-03 00:00:00+00:00,1706652150.4000006
2022-01-04 00:00:00+00:00,1706493256.0000007
2022-01-05 00:00:00+00:00,1713007926.4000006
2022-01-06 00:00:00+00:00,1715391342.4000006
2022-01-07 00:00:00+00:00,1717615864.0000007
2022-01-10 00:00:00+00:00,1721111540.8000007
2022-01-11 00:00:00+00:00,1716662497.6000006
2022-01-12 00:00:00+00:00,1713007926.4000006
2022-01-13 00:00:00+00:00,1716980286.4000006
2022-01-14 00:00:00+00:00,1720628484.8000007
2022-01-18 00:00:00+00:00,1726432436.8000007
2022-01-19 00:00:00+00:00,1733231352.0000005
2022-01-20 00:00:00+00:00,1730909771.2000005
2022-01-21 00:00:00+00:00,1730412289.6000006
2022-01-24 00:00:00+00:00,1728919844.8000007
2022-01-25 00:00:00+00:00,1728422363.2000005
2022-01-26 00:00:00+00:00,1723613374.4000006
2022-01-27 00:00:00+00:00,1722286756.8000007
2022-01-28 00:00:00+00:00,1718804385.6000006
2022-01-31 00:00:00+00:00,1719136040.0000005
2022-02-01 00:00:00+00:00,1723447547.2000005
2022-02-02 00:00:00+00:00,1714327051.2000005
2022-02-03 00:00:00+00:00,1715322014.4000006
2022-02-04 00:00:00+00:00,1719301867.2000005
2022-02-07 00:00:00+00:00,1722263976.0000005
2022-02-08 00:00:00+00:00,1721770291.2000005
2022-02-09 00:00:00+00:00,1715187827.2000005
2022-02-10 00:00:00+00:00,1718149936.0000005
2022-02-11 00:00:00+00:00,1726213454.4000006
2022-02-14 00:00:00+00:00,1728681878.4000006
2022-02-15 00:00:00+00:00,1730162932.8000004
2022-02-16 00:00:00+00:00,1730327494.4000006
2022-02-17 00:00:00+00:00,1727365385.6000006
2022-02-18 00:00:00+00:00,1729340124.8000004
2022-02-22 00:00:00+00:00,1724896961.6000006
2022-02-23 00:00:00+00:00,1725061523.2000005
2022-02-24 00:00:00+00:00,1724567838.4000006
2022-02-25 00:00:00+00:00,1729669248.0000005
2022-02-28 00:00:00+00:00,1731373776.0000005
2022-03-01 00:00:00+00:00,1742282755.2000005
2022-03-02 00:00:00+00:00,1747396339.2000005
2022-03-03 00:00:00+00:00,1752339470.4000003
2022-03-04 00:00:00+00:00,1759498488.0000005
2022-03-07 00:00:00+00:00,1758134865.6000004
2022-03-08 00:00:00+00:00,1760862110.4000003
2022-03-09 00:00:00+00:00,1752509923.2000005
2022-03-10 00:00:00+00:00,1755237168.0000005
2022-03-11 00:00:00+00:00,1757623507.2000005
2022-03-14 00:00:00+00:00,1755748526.4000003
2022-03-15 00:00:00+00:00,1748930414.4000006
2022-03-16 00:00:00+00:00,1746032716.8000004
2022-03-17 00:00:00+00:00,1748248603.2000005
2022-03-18 00:00:00+00:00,1752339470.4000003
2022-03-21 00:00:00+00:00,1758305318.4000006
2022-03-22 00:00:00+00:00,1756089432.0000005
2022-03-23 00:00:00+00:00,1757623507.2000005
2022-03-24 00:00:00+00:00,1757964412.8000004
2022-03-25 00:00:00+00:00,1763930260.8000004
2022-03-28 00:00:00+00:00,1763589355.2000005
2022-03-29 00:00:00+00:00,1755407620.8000004
2022-03-30 00:00:00+00:00,1761543921.6000004
2022-03-31 00:00:00+00:00,1761884827.2000005
2022-04-01 00:00:00+00:00,1759839393.6000004
2022-04-04 00:00:00+00:00,1763930260.8000004
2022-04-05 00:00:00+00:00,1764612072.0000005
2022-04-06 00:00:00+00:00,1763589355.2000005
2022-04-07 00:00:00+00:00,1767850675.2000005
2022-04-08 00:00:00+00:00,1759232275.2000005
2022-04-11 00:00:00+00:00,1760744275.2000005
2022-04-12 00:00:00+00:00,1762105075.2000005
2022-04-13 00:00:00+00:00,1763919475.2000005
2022-04-14 00:00:00+00:00,1764977875.2000005
2022-04-18 00:00:00+00:00,1762407475.2000005
2022-04-19 00:00:00+00:00,1770421075.2000005
2022-04-20 00:00:00+00:00,1772235475.2000005
2022-04-21 00:00:00+00:00,1768304275.2000005
2022-04-22 00:00:00+00:00,1777376275.2000005
2022-04-25 00:00:00+00:00,1782365875.2000005
2022-04-26 00:00:00+00:00,1781609875.2000005
2022-04-27 00:00:00+00:00,1782063475.2000005
2022-04-28 00:00:00+00:00,1777073875.2000005
2022-04-29 00:00:00+00:00,1778283475.2000005
2022-05-02 00:00:00+00:00,1782819475.2000005
2022-05-03 00:00:00+00:00,1786297075.2000005
2022-05-04 00:00:00+00:00,1786297075.2000005
2022-05-05 00:00:00+00:00,1788874867.2000005
2022-05-06 00:00:00+00:00,1794997123.2000005
2022-05-09 00:00:00+00:00,1786941523.2000005
2022-05-10 00:00:00+00:00,1785008179.2000005
2022-05-11 00:00:00+00:00,1785169291.2000005
2022-05-12 00:00:00+00:00,1786619299.2000005
2022-05-13 00:00:00+00:00,1795158235.2000005
2022-05-16 00:00:00+00:00,1803374947.2000005
2022-05-17 00:00:00+00:00,1808530531.2000005
2022-05-18 00:00:00+00:00,1805791627.2000005
2022-05-19 00:00:00+00:00,1804824955.2000005
2022-05-20 00:00:00+00:00,1807724971.2000005
2022-05-23 00:00:00+00:00,1804824955.2000005
2022-05-24 00:00:00+00:00,1804502731.2000005
2022-05-25 00:00:00+00:00,1803374947.2000005
2022-05-26 00:00:00+00:00,1801119379.2000005
2022-05-27 00:00:00+00:00,1802247163.2000005
2022-05-31 00:00:00+00:00,1798863811.2000005
2022-06-01 00:00:00+00:00,1799508259.2000005
2022-06-02 00:00:00+00:00,1798058251.2000005
2022-06-03 00:00:00+00:00,1797091579.2000005
2022-06-06 00:00:00+00:00,1801441603.2000005
2022-06-07 00:00:00+00:00,1791935995.2000005
2022-06-08 00:00:00+00:00,1792097107.2000005
2022-06-09 00:00:00+00:00,1797091579.2000005
2022-06-10 00:00:00+00:00,1790324875.2000005
2022-06-13 00:00:00+00:00,1787747083.2000005
2022-06-14 00:00:00+00:00,1789197091.2000005
2022-06-15 00:00:00+00:00,1785491515.2000005
2022-06-16 00:00:00+00:00,1787102635.2000005
2022-06-17 00:00:00+00:00,1788069307.2000005
2022-06-21 00:00:00+00:00,1788874867.2000005
2022-06-22 00:00:00+00:00,1784202619.2000005
2022-06-23 00:00:00+00:00,1782108163.2000005
2022-06-24 00:00:00+00:00,1781302603.2000005
2022-06-27 00:00:00+00:00,1780497043.2000005
2022-06-28 00:00:00+00:00,1784363731.2000005
2022-06-29 00:00:00+00:00,1784524843.2000005
2022-06-30 00:00:00+00:00,1784363731.2000005
2022-07-01 00:00:00+00:00,1777435915.2000005
2022-07-05 00:00:00+00:00,1773085891.2000005
2022-07-06 00:00:00+00:00,1776147019.2000005
2022-07-07 00:00:00+00:00,1784685955.2000005
2022-07-08 00:00:00+00:00,1792741555.2000005
2022-07-11 00:00:00+00:00,1790163763.2000005
2022-07-12 00:00:00+00:00,1787424859.2000005
2022-07-13 00:00:00+00:00,1794674899.2000005
2022-07-14 00:00:00+00:00,1791935995.2000005
2022-07-15 00:00:00+00:00,1796447131.2000005
2022-07-18 00:00:00+00:00,1799024923.2000005
2022-07-19 00:00:00+00:00,1789841539.2000005
2022-07-20 00:00:00+00:00,1787102635.2000005
2022-07-21 00:00:00+00:00,1781947051.2000005
2022-07-22 00:00:00+00:00,1774535899.2000005
2022-07-25 00:00:00+00:00,1767769195.2000005
2022-07-26 00:00:00+00:00,1767769195.2000005
2022-07-27 00:00:00+00:00,1766641411.2000005
2022-07-28 00:00:00+00:00,1771796995.2000005
2022-07-29 00:00:00+00:00,1768896979.2000005
2022-08-01 00:00:00+00:00,1769863651.2000005
2022-08-02 00:00:00+00:00,1771313659.2000005
2022-08-03 00:00:00+00:00,1769957025.6000006
2022-08-04 00:00:00+00:00,1773687768.0000005
2022-08-05 00:00:00+00:00,1767074179.2000005
2022-08-08 00:00:00+00:00,1766735020.8000004
2022-08-09 00:00:00+00:00,1766395862.4000006
2022-08-10 00:00:00+00:00,1761308486.4000006
2022-08-11 00:00:00+00:00,1757747323.2000005
2022-08-12 00:00:00+00:00,1755881952.0000005
2022-08-15 00:00:00+00:00,1756899427.2000005
2022-08-16 00:00:00+00:00,1761478065.6000006
2022-08-17 00:00:00+00:00,1761986803.2000005
2022-08-18 00:00:00+00:00,1769957025.6000006
2022-08-19 00:00:00+00:00,1764530491.2000005
2022-08-22 00:00:00+00:00,1767074179.2000005
2022-08-23 00:00:00+00:00,1767922075.2000005
2022-08-24 00:00:00+00:00,1765378387.2000005
2022-08-25 00:00:00+00:00,1767752496.0000005
2022-08-26 00:00:00+00:00,1758086481.6000006
2022-08-29 00:00:00+00:00,1758595219.2000005
2022-08-30 00:00:00+00:00,1764360912.0000005
2022-08-31 00:00:00+00:00,1767922075.2000005
2022-09-01 00:00:00+00:00,1766226283.2000005
2022-09-02 00:00:00+00:00,1763513016.0000005
2022-09-06 00:00:00+00:00,1766395862.4000006
2022-09-07 00:00:00+00:00,1765208808.0000005
2022-09-08 00:00:00+00:00,1767243758.4000006
2022-09-09 00:00:00+00:00,1762325961.6000006
2022-09-12 00:00:00+00:00,1760121432.0000005
2022-09-13 00:00:00+00:00,1766395862.4000006
2022-09-14 00:00:00+00:00,1766565441.6000006
2022-09-15 00:00:00+00:00,1768091654.4000006
2022-09-16 00:00:00+00:00,1773518188.8000007
2022-09-19 00:00:00+00:00,1776740193.6000006
2022-09-20 00:00:00+00:00,1769448288.0000005
2022-09-21 00:00:00+00:00,1769278708.8000007
2022-09-22 00:00:00+00:00,1766056704.0000005
2022-09-23 00:00:00+00:00,1772161555.2000005
2022-09-26 00:00:00+00:00,1772500713.6000006
2022-09-27 00:00:00+00:00,1773009451.2000005
2022-09-28 00:00:00+00:00,1770974500.8000004
2022-09-29 00:00:00+00:00,1769957025.6000006
2022-09-30 00:00:00+00:00,1771483238.4000006
2022-10-03 00:00:00+00:00,1775892297.6000006
2022-10-04 00:00:00+00:00,1767582916.8000004
2022-10-05 00:00:00+00:00,1766904600.0000005
2022-10-06 00:00:00+00:00,1758256060.8000004
2022-10-07 00:00:00+00:00,1754525318.4000006
2022-10-10 00:00:00+00:00,1755712372.8000007
2022-10-11 00:00:00+00:00,1753507843.2000005
2022-10-12 00:00:00+00:00,1754525318.4000006
2022-10-13 00:00:00+00:00,1752320788.8000007
2022-10-14 00:00:00+00:00,1751812051.2000005
2022-10-17 00:00:00+00:00,1752999105.6000006
2022-10-18 00:00:00+00:00,1754694897.6000006
2022-10-19 00:00:00+00:00,1755034056.0000005
2022-10-20 00:00:00+00:00,1759443115.2000005
2022-10-21 00:00:00+00:00,1759612694.4000006
2022-10-24 00:00:00+00:00,1763852174.4000006
2022-10-25 00:00:00+00:00,1764191332.8000007
2022-10-26 00:00:00+00:00,1768430812.8000007
2022-10-27 00:00:00+00:00,1770974500.8000004
2022-10-28 00:00:00+00:00,1773179030.4000006
2022-10-31 00:00:00+00:00,1766565441.6000006
2022-11-01 00:00:00+00:00,1758764798.4000006
2022-11-02 00:00:00+00:00,1758086481.6000006
2022-11-03 00:00:00+00:00,1758086481.6000006
2022-11-04 00:00:00+00:00,1754016580.8000004
2022-11-07 00:00:00+00:00,1754525318.4000006
2022-11-08 00:00:00+00:00,1749098784.0000005
2022-11-09 00:00:00+00:00,1742654774.4000006
2022-11-10 00:00:00+00:00,1742146036.8000004
2022-11-11 00:00:00+00:00,1738245715.2000005
2022-11-14 00:00:00+00:00,1735023710.4000006
2022-11-15 00:00:00+00:00,1727223067.2000005
2022-11-16 00:00:00+00:00,1727562225.6000006
2022-11-17 00:00:00+00:00,1736719502.4000006
2022-11-18 00:00:00+00:00,1731292968.0000005
2022-11-21 00:00:00+00:00,1734514972.8000007
2022-11-22 00:00:00+00:00,1736549923.2000005
2022-11-23 00:00:00+00:00,1739771928.0000005
2022-11-25 00:00:00+00:00,1743502670.4000006
2022-11-28 00:00:00+00:00,1742654774.4000006
2022-11-29 00:00:00+00:00,1740111086.4000006
2022-11-30 00:00:00+00:00,1738415294.4000006
2022-12-01 00:00:00+00:00,1738584873.6000006
2022-12-02 00:00:00+00:00,1740958982.4000006
2022-12-05 00:00:00+00:00,1742036982.4000006
2022-12-06 00:00:00+00:00,1739572982.4000006
2022-12-07 00:00:00+00:00,1740958982.4000006
2022-12-08 00:00:00+00:00,1744038982.4000006
2022-12-09 00:00:00+00:00,1742806982.4000006
2022-12-12 00:00:00+00:00,1739418982.4000006
2022-12-13 00:00:00+00:00,1745270982.4000006
2022-12-14 00:00:00+00:00,1753432982.4000006
2022-12-15 00:00:00+00:00,1748658982.4000006
2022-12-16 00:00:00+00:00,1750352982.4000006
2022-12-19 00:00:00+00:00,1751122982.4000006
2022-12-20 00:00:00+00:00,1757898982.4000006
2022-12-21 00:00:00+00:00,1760516982.4000006
2022-12-22 00:00:00+00:00,1762672982.4000006
2022-12-23 00:00:00+00:00,1764058982.4000006
2022-12-27 00:00:00+00:00,1753894982.4000006
2022-12-28 00:00:00+00:00,1751430982.4000006
2022-12-29 00:00:00+00:00,1753432982.4000006
2022-12-30 00:00:00+00:00,1749582982.4000006
2023-01-03 00:00:00+00:00,1744346982.4000006
2023-01-04 00:00:00+00:00,1741882982.4000006
2023-01-05 00:00:00+00:00,1738802982.4000006
2023-01-06 00:00:00+00:00,1732950982.4000006
2023-01-09 00:00:00+00:00,1736184982.4000006
2023-01-10 00:00:00+00:00,1743422982.4000006
2023-01-11 00:00:00+00:00,1743576982.4000006
2023-01-12 00:00:00+00:00,1742652982.4000006
2023-01-13 00:00:00+00:00,1744808982.4000006
2023-01-17 00:00:00+00:00,1751122982.4000006
2023-01-18 00:00:00+00:00,1746194982.4000006
2023-01-19 00:00:00+00:00,1744038982.4000006
2023-01-20 00:00:00+00:00,1744654982.4000006
2023-01-23 00:00:00+00:00,1744346982.4000006
2023-01-24 00:00:00+00:00,1747118982.4000006
2023-01-25 00:00:00+00:00,1750660982.4000006
2023-01-26 00:00:00+00:00,1759438982.4000006
2023-01-27 00:00:00+00:00,1763750982.4000006
2023-01-30 00:00:00+00:00,1767600982.4000006
2023-01-31 00:00:00+00:00,1776070982.4000006
2023-02-01 00:00:00+00:00,1770064982.4000006
2023-02-02 00:00:00+00:00,1774530982.4000006
2023-02-03 00:00:00+00:00,1768062982.4000006
2023-02-06 00:00:00+00:00,1759130982.4000006
2023-02-07 00:00:00+00:00,1761902982.4000006
2023-02-08 00:00:00+00:00,1767446982.4000006
2023-02-09 00:00:00+00:00,1771296982.4000006
2023-02-10 00:00:00+00:00,1749582982.4000006
2023-02-13 00:00:00+00:00,1744038982.4000006
2023-02-14 00:00:00+00:00,1748966982.4000006
2023-02-15 00:00:00+00:00,1744654982.4000006
2023-02-16 00:00:00+00:00,1745424982.4000006
2023-02-17 00:00:00+00:00,1745886982.4000006
2023-02-21 00:00:00+00:00,1747888982.4000006
2023-02-22 00:00:00+00:00,1747426982.4000006
2023-02-23 00:00:00+00:00,1754202982.4000006
2023-02-24 00:00:00+00:00,1743884982.4000006
2023-02-27 00:00:00+00:00,1753432982.4000006
2023-02-28 00:00:00+00:00,1750044982.4000006
2023-03-01 00:00:00+00:00,1757744982.4000006
2023-03-02 00:00:00+00:00,1753740982.4000006
2023-03-03 00:00:00+00:00,1763134982.4000006
2023-03-06 00:00:00+00:00,1762364982.4000006
2023-03-07 00:00:00+00:00,1764674982.4000006
2023-03-08 00:00:00+00:00,1762518982.4000006
2023-03-09 00:00:00+00:00,1766676982.4000006
2023-03-10 00:00:00+00:00,1766830982.4000006
2023-03-13 00:00:00+00:00,1761286982.4000006
2023-03-14 00:00:00+00:00,1763017651.2000005
2023-03-15 00:00:00+00:00,1765613654.4000006
2023-03-16 00:00:00+00:00,1761863872.0000005
2023-03-17 00:00:00+00:00,1763161873.6000006
2023-03-20 00:00:00+00:00,1765902099.2000005
2023-03-21 00:00:00+00:00,1761286982.4000006
2023-03-22 00:00:00+00:00,1756383420.8000007
2023-03-23 00:00:00+00:00,1759988980.8000007
2023-03-24 00:00:00+00:00,1760998537.6000006
2023-03-27 00:00:00+00:00,1759412091.2000005
2023-03-28 00:00:00+00:00,1753931640.0000007
2023-03-29 00:00:00+00:00,1754796974.4000006
2023-03-30 00:00:00+00:00,1744557184.0000005
2023-03-31 00:00:00+00:00,1740374734.4000006
2023-04-03 00:00:00+00:00,1738211398.4000006
2023-04-04 00:00:00+00:00,1739148827.2000005
2023-04-05 00:00:00+00:00,1745576910.4000006
2023-04-06 00:00:00+00:00,1754415524.8000007
2023-04-10 00:00:00+00:00,1753745932.8000007
2023-04-11 00:00:00+00:00,1764593323.2000005
2023-04-12 00:00:00+00:00,1760307934.4000006
2023-04-13 00:00:00+00:00,1751469320.0000007
2023-04-14 00:00:00+00:00,1752406748.8000007
2023-04-17 00:00:00+00:00,1756959974.4000006
2023-04-18 00:00:00+00:00,1758834832.0000007
2023-04-19 00:00:00+00:00,1757629566.4000006
2023-04-20 00:00:00+00:00,1769548304.0000005
2023-04-21 00:00:00+00:00,1764191568.0000005
2023-04-24 00:00:00+00:00,1777315571.2000005
2023-04-25 00:00:00+00:00,1786020267.2000005
2023-04-26 00:00:00+00:00,1783475817.6000006
2023-04-27 00:00:00+00:00,1791109166.4000006
2023-04-28 00:00:00+00:00,1791109166.4000006
2023-05-01 00:00:00+00:00,1780261776.0000005
2023-05-02 00:00:00+00:00,1774905040.0000005
2023-05-03 00:00:00+00:00,1775306795.2000005
2023-05-04 00:00:00+00:00,1771135523.2000005
2023-05-05 00:00:00+00:00,1761601187.2000005
2023-05-08 00:00:00+00:00,1764342308.8000004
2023-05-09 00:00:00+00:00,1763150516.8000004
2023-05-10 00:00:00+00:00,1757549094.4000006
2023-05-11 00:00:00+00:00,1765176563.2000005
2023-05-12 00:00:00+00:00,1762792979.2000005
2023-05-15 00:00:00+00:00,1761958724.8000007
2023-05-16 00:00:00+00:00,1764580667.2000005
2023-05-17 00:00:00+00:00,1766487534.4000006
2023-05-18 00:00:00+00:00,1770062910.4000006
2023-05-19 00:00:00+00:00,1768036864.0000005
2023-05-22 00:00:00+00:00,1765534100.8000007
2023-05-23 00:00:00+00:00,1767679326.4000006
2023-05-24 00:00:00+00:00,1771493060.8000007
2023-05-25 00:00:00+00:00,1779358888.0000005
2023-05-26 00:00:00+00:00,1772923211.2000005
2023-05-30 00:00:00+00:00,1773399928.0000005
2023-05-31 00:00:00+00:00,1776617766.4000006
2023-06-01 00:00:00+00:00,1778762992.0000005
2023-06-02 00:00:00+00:00,1780550680.0000005
2023-06-05 00:00:00+00:00,1784483593.6000006
2023-06-06 00:00:00+00:00,1782338368.0000005
2023-06-07 00:00:00+00:00,1783291801.6000006
2023-06-08 00:00:00+00:00,1771612240.0000005
2023-06-09 00:00:00+00:00,1772804032.0000005
2023-06-12 00:00:00+00:00,1771731419.2000005
2023-06-13 00:00:00+00:00,1780073963.2000005
2023-06-14 00:00:00+00:00,1772923211.2000005
2023-06-15 00:00:00+00:00,1769824552.0000005
2023-06-16 00:00:00+00:00,1764342308.8000004
2023-06-20 00:00:00+00:00,1765057384.0000005
2023-06-21 00:00:00+00:00,1767202609.6000006
2023-06-22 00:00:00+00:00,1777690379.2000005
2023-06-23 00:00:00+00:00,1785794564.8000007
2023-06-26 00:00:00+00:00,1793302854.4000006
2023-06-27 00:00:00+00:00,1801407040.0000005
2023-06-28 00:00:00+00:00,1805935849.6000006
2023-06-29 00:00:00+00:00,1812133168.0000005
2023-06-30 00:00:00+00:00,1803671444.8000007
2023-07-03 00:00:00+00:00,1810648025.6000006
2023-07-05 00:00:00+00:00,1813412331.2000008
2023-07-06 00:00:00+00:00,1809726590.4000006
2023-07-07 00:00:00+00:00,1813412331.2000008
2023-07-10 00:00:00+00:00,1812227628.8000007
2023-07-11 00:00:00+00:00,1813412331.2000008
2023-07-12 00:00:00+00:00,1818414408.0000007
2023-07-13 00:00:00+00:00,1819730744.0000007
2023-07-14 00:00:00+00:00,1823811385.6000006
2023-07-17 00:00:00+00:00,1816966438.4000006
2023-07-18 00:00:00+00:00,1817756240.0000007
2023-07-19 00:00:00+00:00,1822363416.0000007
2023-07-20 00:00:00+00:00,1816663758.4000008
2023-07-21 00:00:00+00:00,1812450968.0000007
2023-07-24 00:00:00+00:00,1813566118.4000008
2023-07-25 00:00:00+00:00,1816415947.2000008
2023-07-26 00:00:00+00:00,1820133115.2000008
2023-07-27 00:00:00+00:00,1819637492.8000007
2023-07-28 00:00:00+00:00,1825956678.4000008
2023-07-31 00:00:00+00:00,1823602472.0000007
2023-08-01 00:00:00+00:00,1820133115.2000008
2023-08-02 00:00:00+00:00,1822487321.6000006
2023-08-03 00:00:00+00:00,1824717622.4000008
2023-08-04 00:00:00+00:00,1828806507.2000008
2023-08-07 00:00:00+00:00,1828186979.2000008
2023-08-08 00:00:00+00:00,1831780241.6000006
2023-08-09 00:00:00+00:00,1828558696.0000007
2023-08-10 00:00:00+00:00,1825584961.6000006
2023-08-11 00:00:00+00:00,1820876548.8000007
2023-08-14 00:00:00+00:00,1824345905.6000006
2023-08-15 00:00:00+00:00,1827815262.4000008
2023-08-16 00:00:00+00:00,1833115729.6000009
2023-08-17 00:00:00+00:00,1830717899.2000008
2023-08-18 00:00:00+00:00,1827689060.800001
2023-08-21 00:00:00+00:00,1823145803.2000008
2023-08-22 00:00:00+00:00,1823145803.2000008
2023-08-23 00:00:00+00:00,1828824875.2000008
2023-08-24 00:00:00+00:00,1834377745.6000009
2023-08-25 00:00:00+00:00,1841192632.0000007
2023-08-28 00:00:00+00:00,1850531550.4000008
2023-08-29 00:00:00+00:00,1849017131.2000008
2023-08-30 00:00:00+00:00,1847628913.6000009
2023-08-31 00:00:00+00:00,1844095268.800001
2023-09-01 00:00:00+00:00,1853560388.800001
2023-09-05 00:00:00+00:00,1864161323.2000008
2023-09-06 00:00:00+00:00,1858734654.4000008
2023-09-07 00:00:00+00:00,1864539928.0000007
2023-09-08 00:00:00+00:00,1859870468.800001
2023-09-11 00:00:00+00:00,1861006283.2000008
2023-09-12 00:00:00+00:00,1866432952.0000007
2023-09-13 00:00:00+00:00,1866656571.2000008
2023-09-14 00:00:00+00:00,1862072377.6000006
2023-09-15 00:00:00+00:00,1862743235.2000008
2023-09-18 00:00:00+00:00,1860507043.2000008
2023-09-19 00:00:00+00:00,1856481897.6000006
2023-09-20 00:00:00+00:00,1862855044.8000007
2023-09-21 00:00:00+00:00,1861625139.2000008
2023-09-22 00:00:00+00:00,1861401520.0000007
2023-09-25 00:00:00+00:00,1869228192.0000007
2023-09-26 00:00:00+00:00,1873029718.4000008
2023-09-27 00:00:00+00:00,1871576193.6000006
2023-09-28 00:00:00+00:00,1864979427.2000008
2023-09-29 00:00:00+00:00,1870346288.0000007
2023-10-02 00:00:00+00:00,1871799812.8000007
2023-10-03 00:00:00+00:00,1879402865.6000006
2023-10-04 00:00:00+00:00,1882441246.4000006
2023-10-05 00:00:00+00:00,1885129044.8000007
2023-10-06 00:00:00+00:00,1891906971.2000005
2023-10-09 00:00:00+00:00,1897048846.4000006
2023-10-10 00:00:00+00:00,1895529656.0000007
2023-10-11 00:00:00+00:00,1887933704.0000005
2023-10-12 00:00:00+00:00,1887349400.0000007
2023-10-13 00:00:00+00:00,1895295934.4000006
2023-10-16 00:00:00+00:00,1895529656.0000007
2023-10-17 00:00:00+00:00,1900671531.2000005
2023-10-18 00:00:00+00:00,1900554670.4000006
2023-10-19 00:00:00+00:00,1898334315.2000005
2023-10-20 00:00:00+00:00,1893192440.0000007
2023-10-23 00:00:00+00:00,1900554670.4000006
2023-10-24 00:00:00+00:00,1901138974.4000006
2023-10-25 00:00:00+00:00,1902307582.4000006
2023-10-26 00:00:00+00:00,1895412795.2000005
2023-10-27 00:00:00+00:00,1898918619.2000005
2023-10-30 00:00:00+00:00,1892023832.0000007
2023-10-31 00:00:00+00:00,1895997099.2000005
2023-11-01 00:00:00+00:00,1900905252.8000007
2023-11-02 00:00:00+00:00,1900554670.4000006
2023-11-03 00:00:00+00:00,1903943633.6000006
2023-11-06 00:00:00+00:00,1906047128.0000005
2023-11-07 00:00:00+00:00,1901840139.2000005
2023-11-08 00:00:00+00:00,1897399428.8000007
2023-11-09 00:00:00+00:00,1904060494.4000006
2023-11-10 00:00:00+00:00,1898334315.2000005
2023-11-13 00:00:00+00:00,1903242468.8000007
2023-11-14 00:00:00+00:00,1908980206.4000006
2023-11-15 00:00:00+00:00,1909304984.0000007
2023-11-16 00:00:00+00:00,1908871947.2000008
2023-11-17 00:00:00+00:00,1908980206.4000006
2023-11-20 00:00:00+00:00,1904866356.8000007
2023-11-21 00:00:00+00:00,1902809432.0000007
2023-11-22 00:00:00+00:00,1908547169.6000006
2023-11-24 00:00:00+00:00,1911145390.4000006
2023-11-27 00:00:00+00:00,1908763688.0000007
2023-11-28 00:00:00+00:00,1911037131.2000008
2023-11-29 00:00:00+00:00,1912444500.8000007
2023-11-30 00:00:00+00:00,1921321755.2000008
2023-12-01 00:00:00+00:00,1931606379.2000008
2023-12-04 00:00:00+00:00,1923811716.8000007
2023-12-05 00:00:00+00:00,1933013748.8000007
2023-12-06 00:00:00+00:00,1954232552.0000007
2023-12-07 00:00:00+00:00,1953907774.4000006
2023-12-08 00:00:00+00:00,1950335220.8000007
2023-12-11 00:00:00+00:00,1959970289.6000006
2023-12-12 00:00:00+00:00,1958671179.2000008
2023-12-13 00:00:00+00:00,1965383249.6000006
2023-12-14 00:00:00+00:00,1963109806.4000006
2023-12-15 00:00:00+00:00,1965166731.2000008
2023-12-18 00:00:00+00:00,1972528356.8000007
2023-12-19 00:00:00+00:00,1971229246.4000006
2023-12-20 00:00:00+00:00,1976750465.6000006
2023-12-21 00:00:00+00:00,1984112091.2000008
2023-12-22 00:00:00+00:00,1979998241.6000006
2023-12-26 00:00:00+00:00,1980972574.4000006
2023-12-27 00:00:00+00:00,1980214760.0000007
2023-12-28 00:00:00+00:00,1967656692.8000007
2023-12-29 00:00:00+00:00,1980431278.4000008
