timestamp,bar_index,instrument_key,price,target_value,target_unit,target_side,position_quantity,position_side,equity,n_fills
2013-08-29 00:00:00+00:00,0,SB11,16.37,0.0,notional_at_entry,flat,0.0,flat,300000000.0,0
2013-08-30 00:00:00+00:00,1,SB11,16.34,0.0,notional_at_entry,flat,0.0,flat,300000000.0,0
2013-09-03 00:00:00+00:00,2,SB11,16.47,0.0,notional_at_entry,flat,0.0,flat,300000000.0,0
2013-09-04 00:00:00+00:00,3,SB11,16.38,0.0,notional_at_entry,flat,0.0,flat,300000000.0,0
2013-09-05 00:00:00+00:00,4,SB11,16.51,0.0,notional_at_entry,flat,0.0,flat,300000000.0,0
2013-09-06 00:00:00+00:00,5,SB11,16.79,0.0,notional_at_entry,flat,0.0,flat,300000000.0,0
2013-09-09 00:00:00+00:00,6,SB11,17.01,-300000000.0,notional_at_entry,short,-15747.0,short,300000000.0,1
2013-09-10 00:00:00+00:00,7,SB11,17.18,-300000000.0,notional_at_entry,short,-15747.0,short,297001771.20000005,0
2013-09-11 00:00:00+00:00,8,SB11,17.17,-300000000.0,notional_at_entry,short,-15747.0,short,297178137.6,0
2013-09-12 00:00:00+00:00,9,SB11,17.18,-300000000.0,notional_at_entry,short,-15747.0,short,297001771.20000005,0
2013-09-13 00:00:00+00:00,10,SB11,17.09,-300000000.0,notional_at_entry,short,-15747.0,short,298589068.8,0
2013-09-16 00:00:00+00:00,11,SB11,16.94,-300000000.0,notional_at_entry,short,-15747.0,short,301234564.8,0
2013-09-17 00:00:00+00:00,12,SB11,16.79,-300000000.0,notional_at_entry,short,-15747.0,short,303880060.8000001,0
2013-09-18 00:00:00+00:00,13,SB11,16.89,-300000000.0,notional_at_entry,short,-15747.0,short,302116396.8,0
2013-09-19 00:00:00+00:00,14,SB11,17.17,-300000000.0,notional_at_entry,short,-15747.0,short,297178137.6,0
2013-09-20 00:00:00+00:00,15,SB11,17.74,-300000000.0,notional_at_entry,short,-15747.0,short,287125252.8000001,0
2013-09-23 00:00:00+00:00,16,SB11,17.76,-300000000.0,notional_at_entry,short,-15747.0,short,286772520.0,0
2013-09-24 00:00:00+00:00,17,SB11,17.93,-300000000.0,notional_at_entry,short,-15747.0,short,283774291.20000005,0
2013-09-25 00:00:00+00:00,18,SB11,18.19,-300000000.0,notional_at_entry,short,-15747.0,short,279188764.8,0
2013-09-26 00:00:00+00:00,19,SB11,18.19,-300000000.0,notional_at_entry,short,-15747.0,short,279188764.8,0
2013-09-27 00:00:00+00:00,20,SB11,17.74,-300000000.0,notional_at_entry,short,-15747.0,short,287125252.8000001,0
2013-09-30 00:00:00+00:00,21,SB11,18.14,-300000000.0,notional_at_entry,short,-15747.0,short,280070596.8,0
2013-10-01 00:00:00+00:00,22,SB11,18.32,-300000000.0,notional_at_entry,short,-15747.0,short,276896001.6,0
2013-10-02 00:00:00+00:00,23,SB11,18.51,-300000000.0,notional_at_entry,short,-15747.0,short,273545040.0,0
2013-10-03 00:00:00+00:00,24,SB11,18.52,-300000000.0,notional_at_entry,short,-15747.0,short,273368673.6,0
2013-10-04 00:00:00+00:00,25,SB11,18.48,-300000000.0,notional_at_entry,short,-15747.0,short,274074139.20000005,0
2013-10-07 00:00:00+00:00,26,SB11,18.59,-300000000.0,notional_at_entry,short,-15747.0,short,272134108.8,0
2013-10-08 00:00:00+00:00,27,SB11,18.62,-300000000.0,notional_at_entry,short,-15747.0,short,271605009.6,0
2013-10-09 00:00:00+00:00,28,SB11,18.59,-300000000.0,notional_at_entry,short,-15747.0,short,272134108.8,0
2013-10-10 00:00:00+00:00,29,SB11,18.72,-300000000.0,notional_at_entry,short,-15747.0,short,269841345.6,0
2013-10-11 00:00:00+00:00,30,SB11,18.93,-300000000.0,notional_at_entry,short,-15747.0,short,266137651.20000005,0
2013-10-14 00:00:00+00:00,31,SB11,19.05,-300000000.0,notional_at_entry,short,-15747.0,short,264021254.4,0
2013-10-15 00:00:00+00:00,32,SB11,18.7,-300000000.0,notional_at_entry,short,-15747.0,short,270194078.40000004,0
2013-10-16 00:00:00+00:00,33,SB11,19.01,-300000000.0,notional_at_entry,short,-15747.0,short,264726720.0,0
2013-10-17 00:00:00+00:00,34,SB11,19.0,-300000000.0,notional_at_entry,short,-15747.0,short,264903086.40000004,0
2013-10-18 00:00:00+00:00,35,SB11,19.5,-300000000.0,notional_at_entry,short,-15747.0,short,256084766.40000004,0
2013-10-21 00:00:00+00:00,36,SB11,19.42,-300000000.0,notional_at_entry,short,-15747.0,short,257495697.6,0
2013-10-22 00:00:00+00:00,37,SB11,19.45,-300000000.0,notional_at_entry,short,-15747.0,short,256966598.40000004,0
2013-10-23 00:00:00+00:00,38,SB11,19.28,-300000000.0,notional_at_entry,short,-15747.0,short,259964827.2,0
2013-10-24 00:00:00+00:00,39,SB11,18.97,-300000000.0,notional_at_entry,short,-15747.0,short,265432185.60000005,0
2013-10-25 00:00:00+00:00,40,SB11,19.03,-300000000.0,notional_at_entry,short,-15747.0,short,264373987.2,0
2013-10-28 00:00:00+00:00,41,SB11,18.91,-300000000.0,notional_at_entry,short,-15747.0,short,266490384.00000003,0
2013-10-29 00:00:00+00:00,42,SB11,18.45,-300000000.0,notional_at_entry,short,-15747.0,short,274603238.40000004,0
2013-10-30 00:00:00+00:00,43,SB11,18.32,-300000000.0,notional_at_entry,short,-15747.0,short,276896001.6,0
2013-10-31 00:00:00+00:00,44,SB11,18.32,-300000000.0,notional_at_entry,short,-15747.0,short,276896001.6,0
2013-11-01 00:00:00+00:00,45,SB11,18.25,-300000000.0,notional_at_entry,short,-15747.0,short,278130566.40000004,0
2013-11-04 00:00:00+00:00,46,SB11,18.32,-300000000.0,notional_at_entry,short,-15747.0,short,276896001.6,0
2013-11-05 00:00:00+00:00,47,SB11,18.26,-300000000.0,notional_at_entry,short,-15747.0,short,277954200.0,0
2013-11-06 00:00:00+00:00,48,SB11,18.1,-300000000.0,notional_at_entry,short,-15747.0,short,280776062.4,0
2013-11-07 00:00:00+00:00,49,SB11,18.04,-300000000.0,notional_at_entry,short,-15747.0,short,281834260.8000001,0
2013-11-08 00:00:00+00:00,50,SB11,18.08,-300000000.0,notional_at_entry,short,-15747.0,short,281128795.20000005,0
2013-11-11 00:00:00+00:00,51,SB11,17.97,-300000000.0,notional_at_entry,short,-15747.0,short,283068825.6,0
2013-11-12 00:00:00+00:00,52,SB11,17.87,-300000000.0,notional_at_entry,short,-15747.0,short,284832489.6,0
2013-11-13 00:00:00+00:00,53,SB11,17.8,-300000000.0,notional_at_entry,short,-15747.0,short,286067054.40000004,0
2013-11-14 00:00:00+00:00,54,SB11,17.64,-300000000.0,notional_at_entry,short,-15747.0,short,288888916.8,0
2013-11-15 00:00:00+00:00,55,SB11,17.55,-300000000.0,notional_at_entry,short,-15747.0,short,290476214.40000004,0
2013-11-18 00:00:00+00:00,56,SB11,17.75,-300000000.0,notional_at_entry,short,-15747.0,short,286948886.40000004,0
2013-11-19 00:00:00+00:00,57,SB11,17.65,-300000000.0,notional_at_entry,short,-15747.0,short,288712550.40000004,0
2013-11-20 00:00:00+00:00,58,SB11,17.6,-300000000.0,notional_at_entry,short,-15747.0,short,289594382.4,0
2013-11-21 00:00:00+00:00,59,SB11,17.51,-300000000.0,notional_at_entry,short,-15747.0,short,291181680.0,0
2013-11-22 00:00:00+00:00,60,SB11,17.4,-300000000.0,notional_at_entry,short,-15747.0,short,293121710.40000004,0
2013-11-25 00:00:00+00:00,61,SB11,17.32,-300000000.0,notional_at_entry,short,-15747.0,short,294532641.6,0
2013-11-26 00:00:00+00:00,62,SB11,17.3,-300000000.0,notional_at_entry,short,-15747.0,short,294885374.40000004,0
2013-11-27 00:00:00+00:00,63,SB11,17.22,-300000000.0,notional_at_entry,short,-15747.0,short,296296305.6,0
2013-11-29 00:00:00+00:00,64,SB11,17.15,-300000000.0,notional_at_entry,short,-15747.0,short,297530870.40000004,0
2013-12-02 00:00:00+00:00,65,SB11,16.97,-300000000.0,notional_at_entry,short,-15747.0,short,300705465.6,0
2013-12-03 00:00:00+00:00,66,SB11,16.81,-300000000.0,notional_at_entry,short,-15747.0,short,303527328.00000006,0
2013-12-04 00:00:00+00:00,67,SB11,16.68,-300000000.0,notional_at_entry,short,-15747.0,short,305820091.20000005,0
2013-12-05 00:00:00+00:00,68,SB11,16.69,-300000000.0,notional_at_entry,short,-15747.0,short,305643724.8,0
2013-12-06 00:00:00+00:00,69,SB11,16.59,-300000000.0,notional_at_entry,short,-15747.0,short,307407388.8,0
2013-12-09 00:00:00+00:00,70,SB11,16.55,-300000000.0,notional_at_entry,short,-15747.0,short,308112854.40000004,0
2013-12-10 00:00:00+00:00,71,SB11,16.62,-300000000.0,notional_at_entry,short,-15747.0,short,306878289.6,0
2013-12-11 00:00:00+00:00,72,SB11,16.51,-300000000.0,notional_at_entry,short,-15747.0,short,308818320.0,0
2013-12-12 00:00:00+00:00,73,SB11,16.3,-300000000.0,notional_at_entry,short,-15747.0,short,312522014.40000004,0
2013-12-13 00:00:00+00:00,74,SB11,16.27,-300000000.0,notional_at_entry,short,-15747.0,short,313051113.6,0
2013-12-16 00:00:00+00:00,75,SB11,16.27,-300000000.0,notional_at_entry,short,-15747.0,short,313051113.6,0
2013-12-17 00:00:00+00:00,76,SB11,15.96,-300000000.0,notional_at_entry,short,-15747.0,short,318518472.0,0
2013-12-18 00:00:00+00:00,77,SB11,15.89,-300000000.0,notional_at_entry,short,-15747.0,short,319753036.8,0
2013-12-19 00:00:00+00:00,78,SB11,16.15,-300000000.0,notional_at_entry,short,-15747.0,short,315167510.40000004,0
2013-12-20 00:00:00+00:00,79,SB11,16.45,-300000000.0,notional_at_entry,short,-15747.0,short,309876518.40000004,0
2013-12-23 00:00:00+00:00,80,SB11,16.23,-300000000.0,notional_at_entry,short,-15747.0,short,313756579.20000005,0
2013-12-24 00:00:00+00:00,81,SB11,16.21,-300000000.0,notional_at_entry,short,-15747.0,short,314109312.0,0
2013-12-26 00:00:00+00:00,82,SB11,16.29,300000000.0,notional_at_entry,long,16443.0,long,312698380.8000001,1
2013-12-27 00:00:00+00:00,83,SB11,16.43,300000000.0,notional_at_entry,long,16443.0,long,315276643.2000001,0
2013-12-30 00:00:00+00:00,84,SB11,16.38,300000000.0,notional_at_entry,long,16443.0,long,314355835.20000005,0
2013-12-31 00:00:00+00:00,85,SB11,16.41,300000000.0,notional_at_entry,long,16443.0,long,314908320.0000001,0
2014-01-02 00:00:00+00:00,86,SB11,16.29,300000000.0,notional_at_entry,long,16443.0,long,312698380.8000001,0
2014-01-03 00:00:00+00:00,87,SB11,16.08,300000000.0,notional_at_entry,long,16443.0,long,308830987.20000005,0
2014-01-06 00:00:00+00:00,88,SB11,16.08,300000000.0,notional_at_entry,long,16443.0,long,308830987.20000005,0
2014-01-07 00:00:00+00:00,89,SB11,16.06,300000000.0,notional_at_entry,long,16443.0,long,308462664.00000006,0
2014-01-08 00:00:00+00:00,90,SB11,15.74,300000000.0,notional_at_entry,long,16443.0,long,302569492.8000001,0
2014-01-09 00:00:00+00:00,91,SB11,15.48,300000000.0,notional_at_entry,long,16443.0,long,297781291.2000001,0
2014-01-10 00:00:00+00:00,92,SB11,15.57,300000000.0,notional_at_entry,long,16443.0,long,299438745.6000001,0
2014-01-13 00:00:00+00:00,93,SB11,15.6,300000000.0,notional_at_entry,long,16443.0,long,299991230.4000001,0
2014-01-14 00:00:00+00:00,94,SB11,15.49,300000000.0,notional_at_entry,long,16443.0,long,297965452.8000001,0
2014-01-15 00:00:00+00:00,95,SB11,15.23,300000000.0,notional_at_entry,long,16443.0,long,293177251.2000001,0
2014-01-16 00:00:00+00:00,96,SB11,15.45,300000000.0,notional_at_entry,long,16443.0,long,297228806.4000001,0
2014-01-17 00:00:00+00:00,97,SB11,15.22,300000000.0,notional_at_entry,long,16443.0,long,292993089.6000001,0
2014-01-21 00:00:00+00:00,98,SB11,15.22,-300000000.0,notional_at_entry,short,-17599.0,short,292993089.6000001,1
2014-01-22 00:00:00+00:00,99,SB11,15.03,-300000000.0,notional_at_entry,short,-17599.0,short,296738156.80000013,0
2014-01-23 00:00:00+00:00,100,SB11,15.04,-300000000.0,notional_at_entry,short,-17599.0,short,296541048.0000001,0
2014-01-24 00:00:00+00:00,101,SB11,15.11,-300000000.0,notional_at_entry,short,-17599.0,short,295161286.4000001,0
2014-01-27 00:00:00+00:00,102,SB11,14.8,-300000000.0,notional_at_entry,short,-17599.0,short,301271659.2000001,0
2014-01-28 00:00:00+00:00,103,SB11,15.02,-300000000.0,notional_at_entry,short,-17599.0,short,296935265.6000001,0
2014-01-29 00:00:00+00:00,104,SB11,14.74,-300000000.0,notional_at_entry,short,-17599.0,short,302454312.0000001,0
2014-01-30 00:00:00+00:00,105,SB11,14.99,-300000000.0,notional_at_entry,short,-17599.0,short,297526592.0000001,0
2014-01-31 00:00:00+00:00,106,SB11,15.55,-300000000.0,notional_at_entry,short,-17599.0,short,286488499.2000001,0
2014-02-03 00:00:00+00:00,107,SB11,15.74,-300000000.0,notional_at_entry,short,-17599.0,short,282743432.0000001,0
2014-02-04 00:00:00+00:00,108,SB11,16.06,-300000000.0,notional_at_entry,short,-17599.0,short,276435950.4000001,0
2014-02-05 00:00:00+00:00,109,SB11,16.1,-300000000.0,notional_at_entry,short,-17599.0,short,275647515.20000005,0
2014-02-06 00:00:00+00:00,110,SB11,15.85,-300000000.0,notional_at_entry,short,-17599.0,short,280575235.2000001,0
2014-02-07 00:00:00+00:00,111,SB11,15.73,-300000000.0,notional_at_entry,short,-17599.0,short,282940540.8000001,0
2014-02-10 00:00:00+00:00,112,SB11,15.64,-300000000.0,notional_at_entry,short,-17599.0,short,284714520.00000006,0
2014-02-11 00:00:00+00:00,113,SB11,15.46,-300000000.0,notional_at_entry,short,-17599.0,short,288262478.4000001,0
2014-02-12 00:00:00+00:00,114,SB11,15.81,-300000000.0,notional_at_entry,short,-17599.0,short,281363670.4000001,0
2014-02-13 00:00:00+00:00,115,SB11,15.66,-300000000.0,notional_at_entry,short,-17599.0,short,284320302.4000001,0
2014-02-14 00:00:00+00:00,116,SB11,15.63,-300000000.0,notional_at_entry,short,-17599.0,short,284911628.8000001,0
2014-02-18 00:00:00+00:00,117,SB11,16.16,-300000000.0,notional_at_entry,short,-17599.0,short,274464862.4000001,0
2014-02-19 00:00:00+00:00,118,SB11,16.85,-300000000.0,notional_at_entry,short,-17599.0,short,260864355.20000008,0
2014-02-20 00:00:00+00:00,119,SB11,16.69,-300000000.0,notional_at_entry,short,-17599.0,short,264018096.00000006,0
2014-02-21 00:00:00+00:00,120,SB11,17.07,300000000.0,notional_at_entry,long,15691.0,long,256527961.60000008,1
2014-02-24 00:00:00+00:00,121,SB11,17.68,300000000.0,notional_at_entry,long,15691.0,long,267248052.80000007,0
2014-02-25 00:00:00+00:00,122,SB11,17.68,300000000.0,notional_at_entry,long,15691.0,long,267248052.80000007,0
2014-02-26 00:00:00+00:00,123,SB11,17.67,300000000.0,notional_at_entry,long,15691.0,long,267072313.6000001,0
2014-02-27 00:00:00+00:00,124,SB11,18.07,300000000.0,notional_at_entry,long,15691.0,long,274101881.6000001,0
2014-02-28 00:00:00+00:00,125,SB11,17.66,300000000.0,notional_at_entry,long,15691.0,long,266896574.4000001,0
2014-03-03 00:00:00+00:00,126,SB11,17.8,300000000.0,notional_at_entry,long,15691.0,long,269356923.2000001,0
2014-03-04 00:00:00+00:00,127,SB11,17.74,300000000.0,notional_at_entry,long,15691.0,long,268302488.00000006,0
2014-03-05 00:00:00+00:00,128,SB11,18.23,300000000.0,notional_at_entry,long,15691.0,long,276913708.8000001,0
2014-03-06 00:00:00+00:00,129,SB11,18.32,300000000.0,notional_at_entry,long,15691.0,long,278495361.6000001,0
2014-03-07 00:00:00+00:00,130,SB11,18.01,300000000.0,notional_at_entry,long,15691.0,long,273047446.4000001,0
2014-03-10 00:00:00+00:00,131,SB11,18.22,-300000000.0,notional_at_entry,short,-14701.0,short,276737969.6000001,1
2014-03-11 00:00:00+00:00,132,SB11,18.03,-300000000.0,notional_at_entry,short,-14701.0,short,279866342.40000004,0
2014-03-12 00:00:00+00:00,133,SB11,17.67,-300000000.0,notional_at_entry,short,-14701.0,short,285793785.6,0
2014-03-13 00:00:00+00:00,134,SB11,17.82,-300000000.0,notional_at_entry,short,-14701.0,short,283324017.6000001,0
2014-03-14 00:00:00+00:00,135,SB11,17.25,-300000000.0,notional_at_entry,short,-14701.0,short,292709136.00000006,0
2014-03-17 00:00:00+00:00,136,SB11,17.05,-300000000.0,notional_at_entry,short,-14701.0,short,296002160.00000006,0
2014-03-18 00:00:00+00:00,137,SB11,17.14,-300000000.0,notional_at_entry,short,-14701.0,short,294520299.20000005,0
2014-03-19 00:00:00+00:00,138,SB11,17.32,-300000000.0,notional_at_entry,short,-14701.0,short,291556577.6000001,0
2014-03-20 00:00:00+00:00,139,SB11,17.05,-300000000.0,notional_at_entry,short,-14701.0,short,296002160.00000006,0
2014-03-21 00:00:00+00:00,140,SB11,16.83,-300000000.0,notional_at_entry,short,-14701.0,short,299624486.4000001,0
2014-03-24 00:00:00+00:00,141,SB11,16.84,-300000000.0,notional_at_entry,short,-14701.0,short,299459835.20000005,0
2014-03-25 00:00:00+00:00,142,SB11,16.97,-300000000.0,notional_at_entry,short,-14701.0,short,297319369.6000001,0
2014-03-26 00:00:00+00:00,143,SB11,17.36,-300000000.0,notional_at_entry,short,-14701.0,short,290897972.8000001,0
2014-03-27 00:00:00+00:00,144,SB11,17.87,-300000000.0,notional_at_entry,short,-14701.0,short,282500761.6,0
2014-03-28 00:00:00+00:00,145,SB11,17.98,-300000000.0,notional_at_entry,short,-14701.0,short,280689598.40000004,0
2014-03-31 00:00:00+00:00,146,SB11,17.77,-300000000.0,notional_at_entry,short,-14701.0,short,284147273.6000001,0
2014-04-01 00:00:00+00:00,147,SB11,17.18,-300000000.0,notional_at_entry,short,-14701.0,short,293861694.4000001,0
2014-04-02 00:00:00+00:00,148,SB11,16.97,-300000000.0,notional_at_entry,short,-14701.0,short,297319369.6000001,0
2014-04-03 00:00:00+00:00,149,SB11,17.18,-300000000.0,notional_at_entry,short,-14701.0,short,293861694.4000001,0
2014-04-04 00:00:00+00:00,150,SB11,17.35,-300000000.0,notional_at_entry,short,-14701.0,short,291062624.00000006,0
2014-04-07 00:00:00+00:00,151,SB11,16.94,-300000000.0,notional_at_entry,short,-14701.0,short,297813323.20000005,0
2014-04-08 00:00:00+00:00,152,SB11,17.16,-300000000.0,notional_at_entry,short,-14701.0,short,294190996.8000001,0
2014-04-09 00:00:00+00:00,153,SB11,17.04,-300000000.0,notional_at_entry,short,-14701.0,short,296166811.2000001,0
2014-04-10 00:00:00+00:00,154,SB11,17.08,-300000000.0,notional_at_entry,short,-14701.0,short,295508206.4000001,0
2014-04-11 00:00:00+00:00,155,SB11,16.8,-300000000.0,notional_at_entry,short,-14701.0,short,300118440.00000006,0
2014-04-14 00:00:00+00:00,156,SB11,16.59,-300000000.0,notional_at_entry,short,-14701.0,short,303576115.20000005,0
2014-04-15 00:00:00+00:00,157,SB11,16.56,-300000000.0,notional_at_entry,short,-14701.0,short,304070068.8000001,0
2014-04-16 00:00:00+00:00,158,SB11,16.92,-300000000.0,notional_at_entry,short,-14701.0,short,298142625.6,0
2014-04-17 00:00:00+00:00,159,SB11,17.33,-300000000.0,notional_at_entry,short,-14701.0,short,291391926.4000001,0
2014-04-21 00:00:00+00:00,160,SB11,17.53,300000000.0,notional_at_entry,long,15279.0,long,288098902.40000004,1
2014-04-22 00:00:00+00:00,161,SB11,17.62,300000000.0,notional_at_entry,long,15279.0,long,289639025.6,0
2014-04-23 00:00:00+00:00,162,SB11,17.98,300000000.0,notional_at_entry,long,15279.0,long,295799518.40000004,0
2014-04-24 00:00:00+00:00,163,SB11,17.74,300000000.0,notional_at_entry,long,15279.0,long,291692523.2,0
2014-04-25 00:00:00+00:00,164,SB11,17.85,300000000.0,notional_at_entry,long,15279.0,long,293574896.00000006,0
2014-04-28 00:00:00+00:00,165,SB11,17.56,300000000.0,notional_at_entry,long,15279.0,long,288612276.8,0
2014-04-29 00:00:00+00:00,166,SB11,17.57,300000000.0,notional_at_entry,long,15279.0,long,288783401.6,0
2014-04-30 00:00:00+00:00,167,SB11,17.72,300000000.0,notional_at_entry,long,15279.0,long,291350273.6,0
2014-05-01 00:00:00+00:00,168,SB11,17.8,300000000.0,notional_at_entry,long,15279.0,long,292719272.0,0
2014-05-02 00:00:00+00:00,169,SB11,17.45,300000000.0,notional_at_entry,long,15279.0,long,286729904.0,0
2014-05-05 00:00:00+00:00,170,SB11,17.47,300000000.0,notional_at_entry,long,15279.0,long,287072153.6,0
2014-05-06 00:00:00+00:00,171,SB11,17.2,300000000.0,notional_at_entry,long,15279.0,long,282451784.0,0
2014-05-07 00:00:00+00:00,172,SB11,17.26,300000000.0,notional_at_entry,long,15279.0,long,283478532.8000001,0
2014-05-08 00:00:00+00:00,173,SB11,17.24,300000000.0,notional_at_entry,long,15279.0,long,283136283.2,0
2014-05-09 00:00:00+00:00,174,SB11,17.2,300000000.0,notional_at_entry,long,15279.0,long,282451784.0,0
2014-05-12 00:00:00+00:00,175,SB11,17.29,300000000.0,notional_at_entry,long,15279.0,long,283991907.2,0
2014-05-13 00:00:00+00:00,176,SB11,17.8,300000000.0,notional_at_entry,long,15279.0,long,292719272.0,0
2014-05-14 00:00:00+00:00,177,SB11,18.25,-300000000.0,notional_at_entry,short,-14677.0,short,300419888.0,1
2014-05-15 00:00:00+00:00,178,SB11,18.2,-300000000.0,notional_at_entry,short,-14677.0,short,301241800.0,0
2014-05-16 00:00:00+00:00,179,SB11,17.91,-300000000.0,notional_at_entry,short,-14677.0,short,306008889.6,0
2014-05-19 00:00:00+00:00,180,SB11,17.77,-300000000.0,notional_at_entry,short,-14677.0,short,308310243.2,0
2014-05-20 00:00:00+00:00,181,SB11,17.58,-300000000.0,notional_at_entry,short,-14677.0,short,311433508.8,0
2014-05-21 00:00:00+00:00,182,SB11,17.44,-300000000.0,notional_at_entry,short,-14677.0,short,313734862.4,0
2014-05-22 00:00:00+00:00,183,SB11,17.38,-300000000.0,notional_at_entry,short,-14677.0,short,314721156.8,0
2014-05-23 00:00:00+00:00,184,SB11,17.37,-300000000.0,notional_at_entry,short,-14677.0,short,314885539.2,0
2014-05-27 00:00:00+00:00,185,SB11,17.02,-300000000.0,notional_at_entry,short,-14677.0,short,320638923.2,0
2014-05-28 00:00:00+00:00,186,SB11,17.11,-300000000.0,notional_at_entry,short,-14677.0,short,319159481.6,0
2014-05-29 00:00:00+00:00,187,SB11,17.48,-300000000.0,notional_at_entry,short,-14677.0,short,313077332.8,0
2014-05-30 00:00:00+00:00,188,SB11,17.38,-300000000.0,notional_at_entry,short,-14677.0,short,314721156.8,0
2014-06-02 00:00:00+00:00,189,SB11,17.18,-300000000.0,notional_at_entry,short,-14677.0,short,318008804.8,0
2014-06-03 00:00:00+00:00,190,SB11,17.19,-300000000.0,notional_at_entry,short,-14677.0,short,317844422.4,0
2014-06-04 00:00:00+00:00,191,SB11,17.04,-300000000.0,notional_at_entry,short,-14677.0,short,320310158.40000004,0
2014-06-05 00:00:00+00:00,192,SB11,16.83,-300000000.0,notional_at_entry,short,-14677.0,short,323762188.8,0
2014-06-06 00:00:00+00:00,193,SB11,16.92,-300000000.0,notional_at_entry,short,-14677.0,short,322282747.2,0
2014-06-09 00:00:00+00:00,194,SB11,16.98,-300000000.0,notional_at_entry,short,-14677.0,short,321296452.8,0
2014-06-10 00:00:00+00:00,195,SB11,16.97,-300000000.0,notional_at_entry,short,-14677.0,short,321460835.20000005,0
2014-06-11 00:00:00+00:00,196,SB11,16.81,300000000.0,notional_at_entry,long,15934.0,long,324090953.6,1
2014-06-12 00:00:00+00:00,197,SB11,16.7,300000000.0,notional_at_entry,long,15934.0,long,322127884.8,0
2014-06-13 00:00:00+00:00,198,SB11,17.85,300000000.0,notional_at_entry,long,15934.0,long,342650876.8000001,0
2014-06-16 00:00:00+00:00,199,SB11,17.97,300000000.0,notional_at_entry,long,15934.0,long,344792406.40000004,0
2014-06-17 00:00:00+00:00,200,SB11,17.91,300000000.0,notional_at_entry,long,15934.0,long,343721641.6,0
2014-06-18 00:00:00+00:00,201,SB11,18.35,300000000.0,notional_at_entry,long,15934.0,long,351573916.8000001,0
2014-06-19 00:00:00+00:00,202,SB11,18.69,300000000.0,notional_at_entry,long,15934.0,long,357641584.00000006,0
2014-06-20 00:00:00+00:00,203,SB11,18.75,300000000.0,notional_at_entry,long,15934.0,long,358712348.8000001,0
2014-06-23 00:00:00+00:00,204,SB11,18.71,300000000.0,notional_at_entry,long,15934.0,long,357998505.6000001,0
2014-06-24 00:00:00+00:00,205,SB11,18.69,300000000.0,notional_at_entry,long,15934.0,long,357641584.00000006,0
2014-06-25 00:00:00+00:00,206,SB11,18.61,300000000.0,notional_at_entry,long,15934.0,long,356213897.6,0
2014-06-26 00:00:00+00:00,207,SB11,18.73,300000000.0,notional_at_entry,long,15934.0,long,358355427.20000005,0
2014-06-27 00:00:00+00:00,208,SB11,18.32,300000000.0,notional_at_entry,long,15934.0,long,351038534.40000004,0
2014-06-30 00:00:00+00:00,209,SB11,18.01,300000000.0,notional_at_entry,long,15934.0,long,345506249.6000001,0
2014-07-01 00:00:00+00:00,210,SB11,17.8,300000000.0,notional_at_entry,long,15934.0,long,341758572.8000001,0
2014-07-02 00:00:00+00:00,211,SB11,17.87,300000000.0,notional_at_entry,long,15934.0,long,343007798.4000001,0
2014-07-03 00:00:00+00:00,212,SB11,17.81,300000000.0,notional_at_entry,long,15934.0,long,341937033.6,0
2014-07-07 00:00:00+00:00,213,SB11,17.51,300000000.0,notional_at_entry,long,15934.0,long,336583209.6000001,0
2014-07-08 00:00:00+00:00,214,SB11,17.68,-300000000.0,notional_at_entry,short,-15150.0,short,339617043.20000005,1
2014-07-09 00:00:00+00:00,215,SB11,17.42,-300000000.0,notional_at_entry,short,-15150.0,short,344028723.2,0
2014-07-10 00:00:00+00:00,216,SB11,17.29,-300000000.0,notional_at_entry,short,-15150.0,short,346234563.20000005,0
2014-07-11 00:00:00+00:00,217,SB11,17.07,-300000000.0,notional_at_entry,short,-15150.0,short,349967523.20000005,0
2014-07-14 00:00:00+00:00,218,SB11,17.19,-300000000.0,notional_at_entry,short,-15150.0,short,347931363.20000005,0
2014-07-15 00:00:00+00:00,219,SB11,17.21,-300000000.0,notional_at_entry,short,-15150.0,short,347592003.20000005,0
2014-07-16 00:00:00+00:00,220,SB11,17.07,-300000000.0,notional_at_entry,short,-15150.0,short,349967523.20000005,0
2014-07-17 00:00:00+00:00,221,SB11,16.92,-300000000.0,notional_at_entry,short,-15150.0,short,352512723.2,0
2014-07-18 00:00:00+00:00,222,SB11,16.97,-300000000.0,notional_at_entry,short,-15150.0,short,351664323.20000005,0
2014-07-21 00:00:00+00:00,223,SB11,17.28,-300000000.0,notional_at_entry,short,-15150.0,short,346404243.20000005,0
2014-07-22 00:00:00+00:00,224,SB11,17.16,-300000000.0,notional_at_entry,short,-15150.0,short,348440403.20000005,0
2014-07-23 00:00:00+00:00,225,SB11,16.96,-300000000.0,notional_at_entry,short,-15150.0,short,351834003.20000005,0
2014-07-24 00:00:00+00:00,226,SB11,17.05,-300000000.0,notional_at_entry,short,-15150.0,short,350306883.20000005,0
2014-07-25 00:00:00+00:00,227,SB11,17.14,-300000000.0,notional_at_entry,short,-15150.0,short,348779763.20000005,0
2014-07-28 00:00:00+00:00,228,SB11,16.94,-300000000.0,notional_at_entry,short,-15150.0,short,352173363.20000005,0
2014-07-29 00:00:00+00:00,229,SB11,16.62,-300000000.0,notional_at_entry,short,-15150.0,short,357603123.20000005,0
2014-07-30 00:00:00+00:00,230,SB11,16.63,-300000000.0,notional_at_entry,short,-15150.0,short,357433443.20000005,0
2014-07-31 00:00:00+00:00,231,SB11,16.46,-300000000.0,notional_at_entry,short,-15150.0,short,360318003.20000005,0
2014-08-01 00:00:00+00:00,232,SB11,16.35,-300000000.0,notional_at_entry,short,-15150.0,short,362184483.20000005,0
2014-08-04 00:00:00+00:00,233,SB11,16.32,-300000000.0,notional_at_entry,short,-15150.0,short,362693523.20000005,0
2014-08-05 00:00:00+00:00,234,SB11,16.13,-300000000.0,notional_at_entry,short,-15150.0,short,365917443.20000005,0
2014-08-06 00:00:00+00:00,235,SB11,16.32,-300000000.0,notional_at_entry,short,-15150.0,short,362693523.20000005,0
2014-08-07 00:00:00+00:00,236,SB11,16.05,-300000000.0,notional_at_entry,short,-15150.0,short,367274883.20000005,0
2014-08-08 00:00:00+00:00,237,SB11,16.14,-300000000.0,notional_at_entry,short,-15150.0,short,365747763.20000005,0
2014-08-11 00:00:00+00:00,238,SB11,16.24,-300000000.0,notional_at_entry,short,-15150.0,short,364050963.20000005,0
2014-08-12 00:00:00+00:00,239,SB11,16.05,-300000000.0,notional_at_entry,short,-15150.0,short,367274883.20000005,0
2014-08-13 00:00:00+00:00,240,SB11,16.02,-300000000.0,notional_at_entry,short,-15150.0,short,367783923.20000005,0
2014-08-14 00:00:00+00:00,241,SB11,15.91,-300000000.0,notional_at_entry,short,-15150.0,short,369650403.20000005,0
2014-08-15 00:00:00+00:00,242,SB11,15.92,-300000000.0,notional_at_entry,short,-15150.0,short,369480723.20000005,0
2014-08-18 00:00:00+00:00,243,SB11,15.68,-300000000.0,notional_at_entry,short,-15150.0,short,373553043.20000005,0
2014-08-19 00:00:00+00:00,244,SB11,15.47,-300000000.0,notional_at_entry,short,-15150.0,short,377116323.20000005,0
2014-08-20 00:00:00+00:00,245,SB11,15.7,-300000000.0,notional_at_entry,short,-15150.0,short,373213683.20000005,0
2014-08-21 00:00:00+00:00,246,SB11,15.99,-300000000.0,notional_at_entry,short,-15150.0,short,368292963.20000005,0
2014-08-22 00:00:00+00:00,247,SB11,15.64,-300000000.0,notional_at_entry,short,-15150.0,short,374231763.20000005,0
2014-08-25 00:00:00+00:00,248,SB11,15.36,-300000000.0,notional_at_entry,short,-15150.0,short,378982803.20000005,0
2014-08-26 00:00:00+00:00,249,SB11,15.71,-300000000.0,notional_at_entry,short,-15150.0,short,373044003.20000005,0
2014-08-27 00:00:00+00:00,250,SB11,15.58,-300000000.0,notional_at_entry,short,-15150.0,short,375249843.20000005,0
2014-08-28 00:00:00+00:00,251,SB11,15.56,-300000000.0,notional_at_entry,short,-15150.0,short,375589203.20000005,0
2014-08-29 00:00:00+00:00,252,SB11,15.49,-300000000.0,notional_at_entry,short,-15150.0,short,376776963.20000005,0
2014-09-02 00:00:00+00:00,253,SB11,15.82,-300000000.0,notional_at_entry,short,-15150.0,short,371177523.20000005,0
2014-09-03 00:00:00+00:00,254,SB11,15.62,-300000000.0,notional_at_entry,short,-15150.0,short,374571123.20000005,0
2014-09-04 00:00:00+00:00,255,SB11,15.13,-300000000.0,notional_at_entry,short,-15150.0,short,382885443.20000005,0
2014-09-05 00:00:00+00:00,256,SB11,15.0,-300000000.0,notional_at_entry,short,-15150.0,short,385091283.20000005,0
2014-09-08 00:00:00+00:00,257,SB11,14.94,-300000000.0,notional_at_entry,short,-15150.0,short,386109363.20000005,0
2014-09-09 00:00:00+00:00,258,SB11,14.88,-300000000.0,notional_at_entry,short,-15150.0,short,387127443.20000005,0
2014-09-10 00:00:00+00:00,259,SB11,14.52,-300000000.0,notional_at_entry,short,-15150.0,short,393235923.20000005,0
2014-09-11 00:00:00+00:00,260,SB11,14.36,-300000000.0,notional_at_entry,short,-15150.0,short,395950803.20000005,0
2014-09-12 00:00:00+00:00,261,SB11,13.78,-300000000.0,notional_at_entry,short,-15150.0,short,405792243.20000005,0
2014-09-15 00:00:00+00:00,262,SB11,13.67,-300000000.0,notional_at_entry,short,-15150.0,short,407658723.20000005,0
2014-09-16 00:00:00+00:00,263,SB11,13.55,-300000000.0,notional_at_entry,short,-15150.0,short,409694883.20000005,0
2014-09-17 00:00:00+00:00,264,SB11,13.88,-300000000.0,notional_at_entry,short,-15150.0,short,404095443.20000005,0
2014-09-18 00:00:00+00:00,265,SB11,13.79,-300000000.0,notional_at_entry,short,-15150.0,short,405622563.20000005,0
2014-09-19 00:00:00+00:00,266,SB11,15.8,-300000000.0,notional_at_entry,short,-15150.0,short,371516883.20000005,0
2014-09-22 00:00:00+00:00,267,SB11,15.64,-300000000.0,notional_at_entry,short,-15150.0,short,374231763.20000005,0
2014-09-23 00:00:00+00:00,268,SB11,15.73,-300000000.0,notional_at_entry,short,-15150.0,short,372704643.20000005,0
2014-09-24 00:00:00+00:00,269,SB11,15.9,-300000000.0,notional_at_entry,short,-15150.0,short,369820083.20000005,0
2014-09-25 00:00:00+00:00,270,SB11,16.08,-300000000.0,notional_at_entry,short,-15150.0,short,366765843.20000005,0
2014-09-26 00:00:00+00:00,271,SB11,16.56,-300000000.0,notional_at_entry,short,-15150.0,short,358621203.20000005,0
2014-09-29 00:00:00+00:00,272,SB11,16.8,-300000000.0,notional_at_entry,short,-15150.0,short,354548883.20000005,0
2014-09-30 00:00:00+00:00,273,SB11,16.45,-300000000.0,notional_at_entry,short,-15150.0,short,360487683.20000005,0
2014-10-01 00:00:00+00:00,274,SB11,16.04,300000000.0,notional_at_entry,long,16699.0,long,367444563.20000005,1
2014-10-02 00:00:00+00:00,275,SB11,16.05,300000000.0,notional_at_entry,long,16699.0,long,367631592.00000006,0
2014-10-03 00:00:00+00:00,276,SB11,16.44,300000000.0,notional_at_entry,long,16699.0,long,374925715.2000001,0
2014-10-06 00:00:00+00:00,277,SB11,16.98,300000000.0,notional_at_entry,long,16699.0,long,385025270.4000001,0
2014-10-07 00:00:00+00:00,278,SB11,17.03,300000000.0,notional_at_entry,long,16699.0,long,385960414.4000001,0
2014-10-08 00:00:00+00:00,279,SB11,16.92,300000000.0,notional_at_entry,long,16699.0,long,383903097.6000001,0
2014-10-09 00:00:00+00:00,280,SB11,16.7,300000000.0,notional_at_entry,long,16699.0,long,379788464.00000006,0
2014-10-10 00:00:00+00:00,281,SB11,16.55,300000000.0,notional_at_entry,long,16699.0,long,376983032.00000006,0
2014-10-13 00:00:00+00:00,282,SB11,16.67,300000000.0,notional_at_entry,long,16699.0,long,379227377.6000001,0
2014-10-14 00:00:00+00:00,283,SB11,16.81,300000000.0,notional_at_entry,long,16699.0,long,381845780.8,0
2014-10-15 00:00:00+00:00,284,SB11,16.5,300000000.0,notional_at_entry,long,16699.0,long,376047888.00000006,0
2014-10-16 00:00:00+00:00,285,SB11,16.67,300000000.0,notional_at_entry,long,16699.0,long,379227377.6000001,0
2014-10-17 00:00:00+00:00,286,SB11,16.62,300000000.0,notional_at_entry,long,16699.0,long,378292233.6000001,0
2014-10-20 00:00:00+00:00,287,SB11,16.68,300000000.0,notional_at_entry,long,16699.0,long,379414406.40000004,0
2014-10-21 00:00:00+00:00,288,SB11,16.44,300000000.0,notional_at_entry,long,16699.0,long,374925715.2000001,0
2014-10-22 00:00:00+00:00,289,SB11,16.5,300000000.0,notional_at_entry,long,16699.0,long,376047888.00000006,0
2014-10-23 00:00:00+00:00,290,SB11,16.16,300000000.0,notional_at_entry,long,16699.0,long,369688908.8000001,0
2014-10-24 00:00:00+00:00,291,SB11,16.38,300000000.0,notional_at_entry,long,16699.0,long,373803542.40000004,0
2014-10-27 00:00:00+00:00,292,SB11,16.03,300000000.0,notional_at_entry,long,16699.0,long,367257534.4000001,0
2014-10-28 00:00:00+00:00,293,SB11,16.13,300000000.0,notional_at_entry,long,16699.0,long,369127822.40000004,0
2014-10-29 00:00:00+00:00,294,SB11,16.3,300000000.0,notional_at_entry,long,16699.0,long,372307312.00000006,0
2014-10-30 00:00:00+00:00,295,SB11,16.3,-300000000.0,notional_at_entry,short,-16432.0,short,372307312.00000006,1
2014-10-31 00:00:00+00:00,296,SB11,16.04,-300000000.0,notional_at_entry,short,-16432.0,short,377092310.4000001,0
2014-11-03 00:00:00+00:00,297,SB11,15.93,-300000000.0,notional_at_entry,short,-16432.0,short,379116732.8000001,0
2014-11-04 00:00:00+00:00,298,SB11,15.68,-300000000.0,notional_at_entry,short,-16432.0,short,383717692.8000001,0
2014-11-05 00:00:00+00:00,299,SB11,15.51,-300000000.0,notional_at_entry,short,-16432.0,short,386846345.6000001,0
2014-11-06 00:00:00+00:00,300,SB11,15.48,-300000000.0,notional_at_entry,short,-16432.0,short,387398460.8000001,0
2014-11-07 00:00:00+00:00,301,SB11,15.69,-300000000.0,notional_at_entry,short,-16432.0,short,383533654.4000001,0
2014-11-10 00:00:00+00:00,302,SB11,15.66,-300000000.0,notional_at_entry,short,-16432.0,short,384085769.6000001,0
2014-11-11 00:00:00+00:00,303,SB11,16.23,-300000000.0,notional_at_entry,short,-16432.0,short,373595580.8000001,0
2014-11-12 00:00:00+00:00,304,SB11,16.36,-300000000.0,notional_at_entry,short,-16432.0,short,371203081.6000001,0
2014-11-13 00:00:00+00:00,305,SB11,16.01,-300000000.0,notional_at_entry,short,-16432.0,short,377644425.6,0
2014-11-14 00:00:00+00:00,306,SB11,15.9,-300000000.0,notional_at_entry,short,-16432.0,short,379668848.00000006,0
2014-11-17 00:00:00+00:00,307,SB11,15.77,-300000000.0,notional_at_entry,short,-16432.0,short,382061347.2000001,0
2014-11-18 00:00:00+00:00,308,SB11,15.71,-300000000.0,notional_at_entry,short,-16432.0,short,383165577.6000001,0
2014-11-19 00:00:00+00:00,309,SB11,15.87,-300000000.0,notional_at_entry,short,-16432.0,short,380220963.2000001,0
2014-11-20 00:00:00+00:00,310,SB11,16.1,-300000000.0,notional_at_entry,short,-16432.0,short,375988080.00000006,0
2014-11-21 00:00:00+00:00,311,SB11,16.09,-300000000.0,notional_at_entry,short,-16432.0,short,376172118.4000001,0
2014-11-24 00:00:00+00:00,312,SB11,16.0,-300000000.0,notional_at_entry,short,-16432.0,short,377828464.00000006,0
2014-11-25 00:00:00+00:00,313,SB11,16.0,-300000000.0,notional_at_entry,short,-16432.0,short,377828464.00000006,0
2014-11-26 00:00:00+00:00,314,SB11,16.12,-300000000.0,notional_at_entry,short,-16432.0,short,375620003.20000005,0
2014-11-28 00:00:00+00:00,315,SB11,15.59,-300000000.0,notional_at_entry,short,-16432.0,short,385374038.4000001,0
2014-12-01 00:00:00+00:00,316,SB11,15.59,-300000000.0,notional_at_entry,short,-16432.0,short,385374038.4000001,0
2014-12-02 00:00:00+00:00,317,SB11,15.24,-300000000.0,notional_at_entry,short,-16432.0,short,391815382.4000001,0
2014-12-03 00:00:00+00:00,318,SB11,15.09,-300000000.0,notional_at_entry,short,-16432.0,short,394575958.4000001,0
2014-12-04 00:00:00+00:00,319,SB11,15.21,-300000000.0,notional_at_entry,short,-16432.0,short,392367497.6000001,0
2014-12-05 00:00:00+00:00,320,SB11,15.14,-300000000.0,notional_at_entry,short,-16432.0,short,393655766.40000004,0
2014-12-08 00:00:00+00:00,321,SB11,15.3,-300000000.0,notional_at_entry,short,-16432.0,short,390711152.00000006,0
2014-12-09 00:00:00+00:00,322,SB11,15.42,-300000000.0,notional_at_entry,short,-16432.0,short,388502691.20000005,0
2014-12-10 00:00:00+00:00,323,SB11,15.47,-300000000.0,notional_at_entry,short,-16432.0,short,387582499.20000005,0
2014-12-11 00:00:00+00:00,324,SB11,15.15,-300000000.0,notional_at_entry,short,-16432.0,short,393471728.00000006,0
2014-12-12 00:00:00+00:00,325,SB11,14.98,-300000000.0,notional_at_entry,short,-16432.0,short,396600380.8000001,0
2014-12-15 00:00:00+00:00,326,SB11,14.96,-300000000.0,notional_at_entry,short,-16432.0,short,396968457.6000001,0
2014-12-16 00:00:00+00:00,327,SB11,14.71,-300000000.0,notional_at_entry,short,-16432.0,short,401569417.6000001,0
2014-12-17 00:00:00+00:00,328,SB11,14.72,-300000000.0,notional_at_entry,short,-16432.0,short,401385379.20000005,0
2014-12-18 00:00:00+00:00,329,SB11,14.99,-300000000.0,notional_at_entry,short,-16432.0,short,396416342.4000001,0
2014-12-19 00:00:00+00:00,330,SB11,14.98,-300000000.0,notional_at_entry,short,-16432.0,short,396600380.8000001,0
2014-12-22 00:00:00+00:00,331,SB11,14.86,-300000000.0,notional_at_entry,short,-16432.0,short,398808841.6000001,0
2014-12-23 00:00:00+00:00,332,SB11,14.83,-300000000.0,notional_at_entry,short,-16432.0,short,399360956.8000001,0
2014-12-24 00:00:00+00:00,333,SB11,14.76,-300000000.0,notional_at_entry,short,-16432.0,short,400649225.6000001,0
2014-12-26 00:00:00+00:00,334,SB11,14.7,-300000000.0,notional_at_entry,short,-16432.0,short,401753456.00000006,0
2014-12-29 00:00:00+00:00,335,SB11,14.6,-300000000.0,notional_at_entry,short,-16432.0,short,403593840.00000006,0
2014-12-30 00:00:00+00:00,336,SB11,14.61,-300000000.0,notional_at_entry,short,-16432.0,short,403409801.6000001,0
2014-12-31 00:00:00+00:00,337,SB11,14.52,-300000000.0,notional_at_entry,short,-16432.0,short,405066147.20000005,0
2015-01-02 00:00:00+00:00,338,SB11,14.17,-300000000.0,notional_at_entry,short,-16432.0,short,411507491.20000005,0
2015-01-05 00:00:00+00:00,339,SB11,14.26,-300000000.0,notional_at_entry,short,-16432.0,short,409851145.6000001,0
2015-01-06 00:00:00+00:00,340,SB11,14.87,-300000000.0,notional_at_entry,short,-16432.0,short,398624803.2000001,0
2015-01-07 00:00:00+00:00,341,SB11,14.78,-300000000.0,notional_at_entry,short,-16432.0,short,400281148.8000001,0
2015-01-08 00:00:00+00:00,342,SB11,14.88,-300000000.0,notional_at_entry,short,-16432.0,short,398440764.8000001,0
2015-01-09 00:00:00+00:00,343,SB11,14.91,-300000000.0,notional_at_entry,short,-16432.0,short,397888649.6000001,0
2015-01-12 00:00:00+00:00,344,SB11,14.76,-300000000.0,notional_at_entry,short,-16432.0,short,400649225.6000001,0
2015-01-13 00:00:00+00:00,345,SB11,14.87,-300000000.0,notional_at_entry,short,-16432.0,short,398624803.2000001,0
2015-01-14 00:00:00+00:00,346,SB11,14.93,-300000000.0,notional_at_entry,short,-16432.0,short,397520572.8000001,0
2015-01-15 00:00:00+00:00,347,SB11,15.35,-300000000.0,notional_at_entry,short,-16432.0,short,389790960.00000006,0
2015-01-16 00:00:00+00:00,348,SB11,15.33,-300000000.0,notional_at_entry,short,-16432.0,short,390159036.8000001,0
2015-01-20 00:00:00+00:00,349,SB11,15.83,-300000000.0,notional_at_entry,short,-16432.0,short,380957116.8000001,0
2015-01-21 00:00:00+00:00,350,SB11,15.92,-300000000.0,notional_at_entry,short,-16432.0,short,379300771.20000005,0
2015-01-22 00:00:00+00:00,351,SB11,15.91,-300000000.0,notional_at_entry,short,-16432.0,short,379484809.6000001,0
2015-01-23 00:00:00+00:00,352,SB11,15.17,-300000000.0,notional_at_entry,short,-16432.0,short,393103651.20000005,0
2015-01-26 00:00:00+00:00,353,SB11,15.35,-300000000.0,notional_at_entry,short,-16432.0,short,389790960.00000006,0
2015-01-27 00:00:00+00:00,354,SB11,15.16,-300000000.0,notional_at_entry,short,-16432.0,short,393287689.6000001,0
2015-01-28 00:00:00+00:00,355,SB11,15.16,-300000000.0,notional_at_entry,short,-16432.0,short,393287689.6000001,0
2015-01-29 00:00:00+00:00,356,SB11,14.85,-300000000.0,notional_at_entry,short,-16432.0,short,398992880.00000006,0
2015-01-30 00:00:00+00:00,357,SB11,14.79,-300000000.0,notional_at_entry,short,-16432.0,short,400097110.4000001,0
2015-02-02 00:00:00+00:00,358,SB11,14.22,-300000000.0,notional_at_entry,short,-16432.0,short,410587299.20000005,0
2015-02-03 00:00:00+00:00,359,SB11,14.47,-300000000.0,notional_at_entry,short,-16432.0,short,405986339.20000005,0
2015-02-04 00:00:00+00:00,360,SB11,14.45,-300000000.0,notional_at_entry,short,-16432.0,short,406354416.00000006,0
2015-02-05 00:00:00+00:00,361,SB11,14.41,-300000000.0,notional_at_entry,short,-16432.0,short,407090569.6000001,0
2015-02-06 00:00:00+00:00,362,SB11,14.51,-300000000.0,notional_at_entry,short,-16432.0,short,405250185.6000001,0
2015-02-09 00:00:00+00:00,363,SB11,14.82,-300000000.0,notional_at_entry,short,-16432.0,short,399544995.20000005,0
2015-02-10 00:00:00+00:00,364,SB11,14.71,-300000000.0,notional_at_entry,short,-16432.0,short,401569417.6000001,0
2015-02-11 00:00:00+00:00,365,SB11,14.62,-300000000.0,notional_at_entry,short,-16432.0,short,403225763.2000001,0
2015-02-12 00:00:00+00:00,366,SB11,14.91,-300000000.0,notional_at_entry,short,-16432.0,short,397888649.6000001,0
2015-02-13 00:00:00+00:00,367,SB11,14.84,-300000000.0,notional_at_entry,short,-16432.0,short,399176918.4000001,0
2015-02-17 00:00:00+00:00,368,SB11,15.07,-300000000.0,notional_at_entry,short,-16432.0,short,394944035.20000005,0
2015-02-18 00:00:00+00:00,369,SB11,15.01,-300000000.0,notional_at_entry,short,-16432.0,short,396048265.6000001,0
2015-02-19 00:00:00+00:00,370,SB11,14.64,-300000000.0,notional_at_entry,short,-16432.0,short,402857686.40000004,0
2015-02-20 00:00:00+00:00,371,SB11,14.32,-300000000.0,notional_at_entry,short,-16432.0,short,408746915.20000005,0
2015-02-23 00:00:00+00:00,372,SB11,14.13,-300000000.0,notional_at_entry,short,-16432.0,short,412243644.8000001,0
2015-02-24 00:00:00+00:00,373,SB11,14.15,-300000000.0,notional_at_entry,short,-16432.0,short,411875568.00000006,0
2015-02-25 00:00:00+00:00,374,SB11,13.79,-300000000.0,notional_at_entry,short,-16432.0,short,418500950.4000001,0
2015-02-26 00:00:00+00:00,375,SB11,13.99,-300000000.0,notional_at_entry,short,-16432.0,short,414820182.4000001,0
2015-02-27 00:00:00+00:00,376,SB11,13.77,-300000000.0,notional_at_entry,short,-16432.0,short,418869027.2000001,0
2015-03-02 00:00:00+00:00,377,SB11,13.64,-300000000.0,notional_at_entry,short,-16432.0,short,421261526.4000001,0
2015-03-03 00:00:00+00:00,378,SB11,13.45,-300000000.0,notional_at_entry,short,-16432.0,short,424758256.0000001,0
2015-03-04 00:00:00+00:00,379,SB11,13.34,-300000000.0,notional_at_entry,short,-16432.0,short,426782678.4000001,0
2015-03-05 00:00:00+00:00,380,SB11,13.44,-300000000.0,notional_at_entry,short,-16432.0,short,424942294.4000001,0
2015-03-06 00:00:00+00:00,381,SB11,13.44,-300000000.0,notional_at_entry,short,-16432.0,short,424942294.4000001,0
2015-03-09 00:00:00+00:00,382,SB11,13.27,-300000000.0,notional_at_entry,short,-16432.0,short,428070947.2000001,0
2015-03-10 00:00:00+00:00,383,SB11,13.02,-300000000.0,notional_at_entry,short,-16432.0,short,432671907.2000001,0
2015-03-11 00:00:00+00:00,384,SB11,13.14,-300000000.0,notional_at_entry,short,-16432.0,short,430463446.4000001,0
2015-03-12 00:00:00+00:00,385,SB11,13.21,-300000000.0,notional_at_entry,short,-16432.0,short,429175177.6,0
2015-03-13 00:00:00+00:00,386,SB11,12.7,-300000000.0,notional_at_entry,short,-16432.0,short,438561136.0000001,0
2015-03-16 00:00:00+00:00,387,SB11,12.9,-300000000.0,notional_at_entry,short,-16432.0,short,434880368.00000006,0
2015-03-17 00:00:00+00:00,388,SB11,12.82,-300000000.0,notional_at_entry,short,-16432.0,short,436352675.20000005,0
2015-03-18 00:00:00+00:00,389,SB11,12.73,-300000000.0,notional_at_entry,short,-16432.0,short,438009020.8000001,0
2015-03-19 00:00:00+00:00,390,SB11,12.62,-300000000.0,notional_at_entry,short,-16432.0,short,440033443.2000001,0
2015-03-20 00:00:00+00:00,391,SB11,12.68,-300000000.0,notional_at_entry,short,-16432.0,short,438929212.8000001,0
2015-03-23 00:00:00+00:00,392,SB11,12.74,-300000000.0,notional_at_entry,short,-16432.0,short,437824982.4000001,0
2015-03-24 00:00:00+00:00,393,SB11,12.45,-300000000.0,notional_at_entry,short,-16432.0,short,443162096.0000001,0
2015-03-25 00:00:00+00:00,394,SB11,12.52,-300000000.0,notional_at_entry,short,-16432.0,short,441873827.20000005,0
2015-03-26 00:00:00+00:00,395,SB11,12.34,-300000000.0,notional_at_entry,short,-16432.0,short,445186518.4000001,0
2015-03-27 00:00:00+00:00,396,SB11,12.13,-300000000.0,notional_at_entry,short,-16432.0,short,449051324.8000001,0
2015-03-30 00:00:00+00:00,397,SB11,11.99,-300000000.0,notional_at_entry,short,-16432.0,short,451627862.4000001,0
2015-03-31 00:00:00+00:00,398,SB11,11.93,-300000000.0,notional_at_entry,short,-16432.0,short,452732092.8000001,0
2015-04-01 00:00:00+00:00,399,SB11,12.32,-300000000.0,notional_at_entry,short,-16432.0,short,445554595.20000005,0
2015-04-02 00:00:00+00:00,400,SB11,12.74,-300000000.0,notional_at_entry,short,-16432.0,short,437824982.4000001,0
2015-04-06 00:00:00+00:00,401,SB11,12.54,-300000000.0,notional_at_entry,short,-16432.0,short,441505750.4000001,0
2015-04-07 00:00:00+00:00,402,SB11,12.77,-300000000.0,notional_at_entry,short,-16432.0,short,437272867.2000001,0
2015-04-08 00:00:00+00:00,403,SB11,12.97,-300000000.0,notional_at_entry,short,-16432.0,short,433592099.20000005,0
2015-04-09 00:00:00+00:00,404,SB11,12.8,-300000000.0,notional_at_entry,short,-16432.0,short,436720752.00000006,0
2015-04-10 00:00:00+00:00,405,SB11,12.83,-300000000.0,notional_at_entry,short,-16432.0,short,436168636.8000001,0
2015-04-13 00:00:00+00:00,406,SB11,13.01,-300000000.0,notional_at_entry,short,-16432.0,short,432855945.6000001,0
2015-04-14 00:00:00+00:00,407,SB11,13.19,-300000000.0,notional_at_entry,short,-16432.0,short,429543254.4000001,0
2015-04-15 00:00:00+00:00,408,SB11,13.0,-300000000.0,notional_at_entry,short,-16432.0,short,433039984.00000006,0
2015-04-16 00:00:00+00:00,409,SB11,13.43,-300000000.0,notional_at_entry,short,-16432.0,short,425126332.8000001,0
2015-04-17 00:00:00+00:00,410,SB11,13.18,-300000000.0,notional_at_entry,short,-16432.0,short,429727292.8000001,0
2015-04-20 00:00:00+00:00,411,SB11,12.67,-300000000.0,notional_at_entry,short,-16432.0,short,439113251.20000005,0
2015-04-21 00:00:00+00:00,412,SB11,12.38,-300000000.0,notional_at_entry,short,-16432.0,short,444450364.8000001,0
2015-04-22 00:00:00+00:00,413,SB11,12.59,-300000000.0,notional_at_entry,short,-16432.0,short,440585558.4000001,0
2015-04-23 00:00:00+00:00,414,SB11,13.03,-300000000.0,notional_at_entry,short,-16432.0,short,432487868.8000001,0
2015-04-24 00:00:00+00:00,415,SB11,13.19,-300000000.0,notional_at_entry,short,-16432.0,short,429543254.4000001,0
2015-04-27 00:00:00+00:00,416,SB11,13.38,-300000000.0,notional_at_entry,short,-16432.0,short,426046524.8000001,0
2015-04-28 00:00:00+00:00,417,SB11,13.22,-300000000.0,notional_at_entry,short,-16432.0,short,428991139.20000005,0
2015-04-29 00:00:00+00:00,418,SB11,13.15,-300000000.0,notional_at_entry,short,-16432.0,short,430279408.00000006,0
2015-04-30 00:00:00+00:00,419,SB11,13.18,-300000000.0,notional_at_entry,short,-16432.0,short,429727292.8000001,0
2015-05-01 00:00:00+00:00,420,SB11,12.91,-300000000.0,notional_at_entry,short,-16432.0,short,434696329.6000001,0
2015-05-04 00:00:00+00:00,421,SB11,12.51,-300000000.0,notional_at_entry,short,-16432.0,short,442057865.6000001,0
2015-05-05 00:00:00+00:00,422,SB11,12.75,-300000000.0,notional_at_entry,short,-16432.0,short,437640944.00000006,0
2015-05-06 00:00:00+00:00,423,SB11,12.87,-300000000.0,notional_at_entry,short,-16432.0,short,435432483.2000001,0
2015-05-07 00:00:00+00:00,424,SB11,12.96,-300000000.0,notional_at_entry,short,-16432.0,short,433776137.6,0
2015-05-08 00:00:00+00:00,425,SB11,13.42,-300000000.0,notional_at_entry,short,-16432.0,short,425310371.20000005,0
2015-05-11 00:00:00+00:00,426,SB11,13.48,-300000000.0,notional_at_entry,short,-16432.0,short,424206140.8000001,0
2015-05-12 00:00:00+00:00,427,SB11,13.58,-300000000.0,notional_at_entry,short,-16432.0,short,422365756.8000001,0
2015-05-13 00:00:00+00:00,428,SB11,12.96,-300000000.0,notional_at_entry,short,-16432.0,short,433776137.6,0
2015-05-14 00:00:00+00:00,429,SB11,12.84,-300000000.0,notional_at_entry,short,-16432.0,short,435984598.4000001,0
2015-05-15 00:00:00+00:00,430,SB11,12.89,-300000000.0,notional_at_entry,short,-16432.0,short,435064406.4000001,0
2015-05-18 00:00:00+00:00,431,SB11,12.78,-300000000.0,notional_at_entry,short,-16432.0,short,437088828.8000001,0
2015-05-19 00:00:00+00:00,432,SB11,12.86,-300000000.0,notional_at_entry,short,-16432.0,short,435616521.6000001,0
2015-05-20 00:00:00+00:00,433,SB11,12.59,-300000000.0,notional_at_entry,short,-16432.0,short,440585558.4000001,0
2015-05-21 00:00:00+00:00,434,SB11,12.49,-300000000.0,notional_at_entry,short,-16432.0,short,442425942.4000001,0
2015-05-22 00:00:00+00:00,435,SB11,12.31,-300000000.0,notional_at_entry,short,-16432.0,short,445738633.6000001,0
2015-05-26 00:00:00+00:00,436,SB11,12.08,-300000000.0,notional_at_entry,short,-16432.0,short,449971516.8000001,0
2015-05-27 00:00:00+00:00,437,SB11,11.87,-300000000.0,notional_at_entry,short,-16432.0,short,453836323.2000001,0
2015-05-28 00:00:00+00:00,438,SB11,11.94,-300000000.0,notional_at_entry,short,-16432.0,short,452548054.4000001,0
2015-05-29 00:00:00+00:00,439,SB11,11.98,-300000000.0,notional_at_entry,short,-16432.0,short,451811900.8000001,0
2015-06-01 00:00:00+00:00,440,SB11,12.25,-300000000.0,notional_at_entry,short,-16432.0,short,446842864.00000006,0
2015-06-02 00:00:00+00:00,441,SB11,12.32,-300000000.0,notional_at_entry,short,-16432.0,short,445554595.20000005,0
2015-06-03 00:00:00+00:00,442,SB11,12.05,-300000000.0,notional_at_entry,short,-16432.0,short,450523632.00000006,0
2015-06-04 00:00:00+00:00,443,SB11,12.12,-300000000.0,notional_at_entry,short,-16432.0,short,449235363.2000001,0
2015-06-05 00:00:00+00:00,444,SB11,12.05,-300000000.0,notional_at_entry,short,-16432.0,short,450523632.00000006,0
2015-06-08 00:00:00+00:00,445,SB11,12.16,-300000000.0,notional_at_entry,short,-16432.0,short,448499209.6000001,0
2015-06-09 00:00:00+00:00,446,SB11,12.07,-300000000.0,notional_at_entry,short,-16432.0,short,450155555.20000005,0
2015-06-10 00:00:00+00:00,447,SB11,12.01,-300000000.0,notional_at_entry,short,-16432.0,short,451259785.6000001,0
2015-06-11 00:00:00+00:00,448,SB11,11.64,-300000000.0,notional_at_entry,short,-16432.0,short,458069206.40000004,0
2015-06-12 00:00:00+00:00,449,SB11,11.72,-300000000.0,notional_at_entry,short,-16432.0,short,456596899.20000005,0
2015-06-15 00:00:00+00:00,450,SB11,11.83,-300000000.0,notional_at_entry,short,-16432.0,short,454572476.8000001,0
2015-06-16 00:00:00+00:00,451,SB11,11.68,-300000000.0,notional_at_entry,short,-16432.0,short,457333052.8000001,0
2015-06-17 00:00:00+00:00,452,SB11,11.77,-300000000.0,notional_at_entry,short,-16432.0,short,455676707.20000005,0
2015-06-18 00:00:00+00:00,453,SB11,11.69,300000000.0,notional_at_entry,long,22913.0,long,457149014.4000001,1
2015-06-19 00:00:00+00:00,454,SB11,11.55,300000000.0,notional_at_entry,long,22913.0,long,453556256.0000001,0
2015-06-22 00:00:00+00:00,455,SB11,11.94,300000000.0,notional_at_entry,long,22913.0,long,463564654.4000001,0
2015-06-23 00:00:00+00:00,456,SB11,11.77,300000000.0,notional_at_entry,long,22913.0,long,459202019.2000001,0
2015-06-24 00:00:00+00:00,457,SB11,12.02,300000000.0,notional_at_entry,long,22913.0,long,465617659.2000001,0
2015-06-25 00:00:00+00:00,458,SB11,11.87,300000000.0,notional_at_entry,long,22913.0,long,461768275.2000001,0
2015-06-26 00:00:00+00:00,459,SB11,11.95,300000000.0,notional_at_entry,long,22913.0,long,463821280.0000001,0
2015-06-29 00:00:00+00:00,460,SB11,12.07,300000000.0,notional_at_entry,long,22913.0,long,466900787.2000001,0
2015-06-30 00:00:00+00:00,461,SB11,12.47,300000000.0,notional_at_entry,long,22913.0,long,477165811.2000001,0
2015-07-01 00:00:00+00:00,462,SB11,12.44,300000000.0,notional_at_entry,long,22913.0,long,476395934.4000001,0
2015-07-02 00:00:00+00:00,463,SB11,12.3,300000000.0,notional_at_entry,long,22913.0,long,472803176.0000001,0
2015-07-06 00:00:00+00:00,464,SB11,12.48,300000000.0,notional_at_entry,long,22913.0,long,477422436.80000013,0
2015-07-07 00:00:00+00:00,465,SB11,12.33,300000000.0,notional_at_entry,long,22913.0,long,473573052.80000013,0
2015-07-08 00:00:00+00:00,466,SB11,12.31,300000000.0,notional_at_entry,long,22913.0,long,473059801.60000014,0
2015-07-09 00:00:00+00:00,467,SB11,11.9,300000000.0,notional_at_entry,long,22913.0,long,462538152.0000001,0
2015-07-10 00:00:00+00:00,468,SB11,12.41,-300000000.0,notional_at_entry,short,-21583.0,short,475626057.60000014,1
2015-07-13 00:00:00+00:00,469,SB11,12.56,-300000000.0,notional_at_entry,short,-21583.0,short,472000113.60000014,0
2015-07-14 00:00:00+00:00,470,SB11,12.64,-300000000.0,notional_at_entry,short,-21583.0,short,470066276.80000013,0
2015-07-15 00:00:00+00:00,471,SB11,12.46,-300000000.0,notional_at_entry,short,-21583.0,short,474417409.60000014,0
2015-07-16 00:00:00+00:00,472,SB11,12.27,-300000000.0,notional_at_entry,short,-21583.0,short,479010272.0000002,0
2015-07-17 00:00:00+00:00,473,SB11,11.96,-300000000.0,notional_at_entry,short,-21583.0,short,486503889.60000014,0
2015-07-20 00:00:00+00:00,474,SB11,11.44,-300000000.0,notional_at_entry,short,-21583.0,short,499073828.80000013,0
2015-07-21 00:00:00+00:00,475,SB11,11.42,-300000000.0,notional_at_entry,short,-21583.0,short,499557288.0000001,0
2015-07-22 00:00:00+00:00,476,SB11,11.38,-300000000.0,notional_at_entry,short,-21583.0,short,500524206.40000015,0
2015-07-23 00:00:00+00:00,477,SB11,11.51,-300000000.0,notional_at_entry,short,-21583.0,short,497381721.60000014,0
2015-07-24 00:00:00+00:00,478,SB11,11.24,-300000000.0,notional_at_entry,short,-21583.0,short,503908420.80000013,0
2015-07-27 00:00:00+00:00,479,SB11,11.24,-300000000.0,notional_at_entry,short,-21583.0,short,503908420.80000013,0
2015-07-28 00:00:00+00:00,480,SB11,11.17,-300000000.0,notional_at_entry,short,-21583.0,short,505600528.0000001,0
2015-07-29 00:00:00+00:00,481,SB11,11.46,-300000000.0,notional_at_entry,short,-21583.0,short,498590369.60000014,0
2015-07-30 00:00:00+00:00,482,SB11,11.27,-300000000.0,notional_at_entry,short,-21583.0,short,503183232.0000002,0
2015-07-31 00:00:00+00:00,483,SB11,11.14,-300000000.0,notional_at_entry,short,-21583.0,short,506325716.80000013,0
2015-08-03 00:00:00+00:00,484,SB11,10.89,300000000.0,notional_at_entry,long,24596.0,long,512368956.80000013,1
2015-08-04 00:00:00+00:00,485,SB11,11.01,300000000.0,notional_at_entry,long,24596.0,long,515674659.2000001,0
2015-08-05 00:00:00+00:00,486,SB11,10.76,300000000.0,notional_at_entry,long,24596.0,long,508787779.2000001,0
2015-08-06 00:00:00+00:00,487,SB11,10.7,300000000.0,notional_at_entry,long,24596.0,long,507134928.0000001,0
2015-08-07 00:00:00+00:00,488,SB11,10.66,300000000.0,notional_at_entry,long,24596.0,long,506033027.2000001,0
2015-08-10 00:00:00+00:00,489,SB11,10.57,300000000.0,notional_at_entry,long,24596.0,long,503553750.4000001,0
2015-08-11 00:00:00+00:00,490,SB11,10.62,300000000.0,notional_at_entry,long,24596.0,long,504931126.4000001,0
2015-08-12 00:00:00+00:00,491,SB11,10.54,300000000.0,notional_at_entry,long,24596.0,long,502727324.8000001,0
2015-08-13 00:00:00+00:00,492,SB11,10.49,300000000.0,notional_at_entry,long,24596.0,long,501349948.80000013,0
2015-08-14 00:00:00+00:00,493,SB11,10.68,300000000.0,notional_at_entry,long,24596.0,long,506583977.6000001,0
2015-08-17 00:00:00+00:00,494,SB11,10.63,300000000.0,notional_at_entry,long,24596.0,long,505206601.60000014,0
2015-08-18 00:00:00+00:00,495,SB11,10.73,300000000.0,notional_at_entry,long,24596.0,long,507961353.60000014,0
2015-08-19 00:00:00+00:00,496,SB11,10.59,300000000.0,notional_at_entry,long,24596.0,long,504104700.80000013,0
2015-08-20 00:00:00+00:00,497,SB11,10.62,300000000.0,notional_at_entry,long,24596.0,long,504931126.4000001,0
2015-08-21 00:00:00+00:00,498,SB11,10.44,300000000.0,notional_at_entry,long,24596.0,long,499972572.8000001,0
2015-08-24 00:00:00+00:00,499,SB11,10.39,300000000.0,notional_at_entry,long,24596.0,long,498595196.80000013,0
2015-08-25 00:00:00+00:00,500,SB11,10.6,300000000.0,notional_at_entry,long,24596.0,long,504380176.0000001,0
2015-08-26 00:00:00+00:00,501,SB11,10.53,300000000.0,notional_at_entry,long,24596.0,long,502451849.6000001,0
2015-08-27 00:00:00+00:00,502,SB11,11.06,300000000.0,notional_at_entry,long,24596.0,long,517052035.2000001,0
2015-08-28 00:00:00+00:00,503,SB11,10.97,300000000.0,notional_at_entry,long,24596.0,long,514572758.40000015,0
2015-08-31 00:00:00+00:00,504,SB11,10.69,300000000.0,notional_at_entry,long,24596.0,long,506859452.8000001,0
2015-09-01 00:00:00+00:00,505,SB11,10.71,300000000.0,notional_at_entry,long,24596.0,long,507410403.20000017,0
2015-09-02 00:00:00+00:00,506,SB11,10.73,300000000.0,notional_at_entry,long,24596.0,long,507961353.60000014,0
2015-09-03 00:00:00+00:00,507,SB11,11.34,300000000.0,notional_at_entry,long,24596.0,long,524765340.80000013,0
2015-09-04 00:00:00+00:00,508,SB11,11.27,300000000.0,notional_at_entry,long,24596.0,long,522837014.4000001,0
2015-09-08 00:00:00+00:00,509,SB11,11.07,300000000.0,notional_at_entry,long,24596.0,long,517327510.4000001,0
2015-09-09 00:00:00+00:00,510,SB11,11.43,300000000.0,notional_at_entry,long,24596.0,long,527244617.6000001,0
2015-09-10 00:00:00+00:00,511,SB11,11.33,300000000.0,notional_at_entry,long,24596.0,long,524489865.60000014,0
2015-09-11 00:00:00+00:00,512,SB11,11.66,300000000.0,notional_at_entry,long,24596.0,long,533580547.2000001,0
2015-09-14 00:00:00+00:00,513,SB11,11.5,300000000.0,notional_at_entry,long,24596.0,long,529172944.0000001,0
2015-09-15 00:00:00+00:00,514,SB11,11.4,300000000.0,notional_at_entry,long,24596.0,long,526418192.0000001,0
2015-09-16 00:00:00+00:00,515,SB11,11.47,300000000.0,notional_at_entry,long,24596.0,long,528346518.40000015,0
2015-09-17 00:00:00+00:00,516,SB11,11.44,300000000.0,notional_at_entry,long,24596.0,long,527520092.8000001,0
2015-09-18 00:00:00+00:00,517,SB11,11.7,300000000.0,notional_at_entry,long,24596.0,long,534682448.0000001,0
2015-09-21 00:00:00+00:00,518,SB11,11.67,300000000.0,notional_at_entry,long,24596.0,long,533856022.4000001,0
2015-09-22 00:00:00+00:00,519,SB11,11.57,300000000.0,notional_at_entry,long,24596.0,long,531101270.4000001,0
2015-09-23 00:00:00+00:00,520,SB11,11.55,300000000.0,notional_at_entry,long,24596.0,long,530550320.0000001,0
2015-09-24 00:00:00+00:00,521,SB11,11.86,300000000.0,notional_at_entry,long,24596.0,long,539090051.2,0
2015-09-25 00:00:00+00:00,522,SB11,12.41,300000000.0,notional_at_entry,long,24596.0,long,554241187.2000002,0
2015-09-28 00:00:00+00:00,523,SB11,12.38,300000000.0,notional_at_entry,long,24596.0,long,553414761.6000001,0
2015-09-29 00:00:00+00:00,524,SB11,12.46,300000000.0,notional_at_entry,long,24596.0,long,555618563.2000002,0
2015-09-30 00:00:00+00:00,525,SB11,12.88,300000000.0,notional_at_entry,long,24596.0,long,567188521.6000001,0
2015-10-01 00:00:00+00:00,526,SB11,13.26,300000000.0,notional_at_entry,long,24596.0,long,577656579.2000002,0
2015-10-02 00:00:00+00:00,527,SB11,13.53,300000000.0,notional_at_entry,long,24596.0,long,585094409.6000001,0
2015-10-05 00:00:00+00:00,528,SB11,13.64,300000000.0,notional_at_entry,long,24596.0,long,588124636.8000002,0
2015-10-06 00:00:00+00:00,529,SB11,13.63,300000000.0,notional_at_entry,long,24596.0,long,587849161.6000001,0
2015-10-07 00:00:00+00:00,530,SB11,13.98,300000000.0,notional_at_entry,long,24596.0,long,597490793.6000001,0
2015-10-08 00:00:00+00:00,531,SB11,14.01,300000000.0,notional_at_entry,long,24596.0,long,598317219.2,0
2015-10-09 00:00:00+00:00,532,SB11,14.34,300000000.0,notional_at_entry,long,24596.0,long,607407900.8000001,0
2015-10-12 00:00:00+00:00,533,SB11,14.24,300000000.0,notional_at_entry,long,24596.0,long,604653148.8000001,0
2015-10-13 00:00:00+00:00,534,SB11,13.83,300000000.0,notional_at_entry,long,24596.0,long,593358665.6000001,0
2015-10-14 00:00:00+00:00,535,SB11,14.09,300000000.0,notional_at_entry,long,24596.0,long,600521020.8000001,0
2015-10-15 00:00:00+00:00,536,SB11,14.13,300000000.0,notional_at_entry,long,24596.0,long,601622921.6000001,0
2015-10-16 00:00:00+00:00,537,SB11,14.27,300000000.0,notional_at_entry,long,24596.0,long,605479574.4000001,0
2015-10-19 00:00:00+00:00,538,SB11,14.26,300000000.0,notional_at_entry,long,24596.0,long,605204099.2,0
2015-10-20 00:00:00+00:00,539,SB11,14.06,300000000.0,notional_at_entry,long,24596.0,long,599694595.2000002,0
2015-10-21 00:00:00+00:00,540,SB11,14.18,300000000.0,notional_at_entry,long,24596.0,long,603000297.6000001,0
2015-10-22 00:00:00+00:00,541,SB11,14.6,300000000.0,notional_at_entry,long,24596.0,long,614570256.0000001,0
2015-10-23 00:00:00+00:00,542,SB11,14.28,300000000.0,notional_at_entry,long,24596.0,long,605755049.6000001,0
2015-10-26 00:00:00+00:00,543,SB11,14.64,300000000.0,notional_at_entry,long,24596.0,long,615672156.8000002,0
2015-10-27 00:00:00+00:00,544,SB11,14.42,300000000.0,notional_at_entry,long,24596.0,long,609611702.4000001,0
2015-10-28 00:00:00+00:00,545,SB11,14.65,300000000.0,notional_at_entry,long,24596.0,long,615947632.0000001,0
2015-10-29 00:00:00+00:00,546,SB11,14.56,300000000.0,notional_at_entry,long,24596.0,long,613468355.2000002,0
2015-10-30 00:00:00+00:00,547,SB11,14.52,300000000.0,notional_at_entry,long,24596.0,long,612366454.4000001,0
2015-11-02 00:00:00+00:00,548,SB11,15.11,300000000.0,notional_at_entry,long,24596.0,long,628619491.2,0
2015-11-03 00:00:00+00:00,549,SB11,15.49,300000000.0,notional_at_entry,long,24596.0,long,639087548.8000001,0
2015-11-04 00:00:00+00:00,550,SB11,14.64,300000000.0,notional_at_entry,long,24596.0,long,615672156.8000002,0
2015-11-05 00:00:00+00:00,551,SB11,14.76,300000000.0,notional_at_entry,long,24596.0,long,618977859.2,0
2015-11-06 00:00:00+00:00,552,SB11,14.46,300000000.0,notional_at_entry,long,24596.0,long,610713603.2000002,0
2015-11-09 00:00:00+00:00,553,SB11,13.99,300000000.0,notional_at_entry,long,24596.0,long,597766268.8000001,0
2015-11-10 00:00:00+00:00,554,SB11,14.71,300000000.0,notional_at_entry,long,24596.0,long,617600483.2000002,0
2015-11-11 00:00:00+00:00,555,SB11,14.69,300000000.0,notional_at_entry,long,24596.0,long,617049532.8000001,0
2015-11-12 00:00:00+00:00,556,SB11,14.97,300000000.0,notional_at_entry,long,24596.0,long,624762838.4000001,0
2015-11-13 00:00:00+00:00,557,SB11,15.04,300000000.0,notional_at_entry,long,24596.0,long,626691164.8000001,0
2015-11-16 00:00:00+00:00,558,SB11,15.18,300000000.0,notional_at_entry,long,24596.0,long,630547817.6000001,0
2015-11-17 00:00:00+00:00,559,SB11,14.78,300000000.0,notional_at_entry,long,24596.0,long,619528809.6000001,0
2015-11-18 00:00:00+00:00,560,SB11,14.47,300000000.0,notional_at_entry,long,24596.0,long,610989078.4000001,0
2015-11-19 00:00:00+00:00,561,SB11,14.95,300000000.0,notional_at_entry,long,24596.0,long,624211888.0000001,0
2015-11-20 00:00:00+00:00,562,SB11,15.3,300000000.0,notional_at_entry,long,24596.0,long,633853520.0000001,0
2015-11-23 00:00:00+00:00,563,SB11,15.41,300000000.0,notional_at_entry,long,24596.0,long,636883747.2,0
2015-11-24 00:00:00+00:00,564,SB11,15.0,300000000.0,notional_at_entry,long,24596.0,long,625589264.0000001,0
2015-11-25 00:00:00+00:00,565,SB11,14.91,300000000.0,notional_at_entry,long,24596.0,long,623109987.2,0
2015-11-27 00:00:00+00:00,566,SB11,14.97,300000000.0,notional_at_entry,long,24596.0,long,624762838.4000001,0
2015-11-30 00:00:00+00:00,567,SB11,14.93,300000000.0,notional_at_entry,long,24596.0,long,623660937.6000001,0
2015-12-01 00:00:00+00:00,568,SB11,15.44,300000000.0,notional_at_entry,long,24596.0,long,637710172.8000001,0
2015-12-02 00:00:00+00:00,569,SB11,15.34,300000000.0,notional_at_entry,long,24596.0,long,634955420.8000001,0
2015-12-03 00:00:00+00:00,570,SB11,15.58,300000000.0,notional_at_entry,long,24596.0,long,641566825.6000001,0
2015-12-04 00:00:00+00:00,571,SB11,15.48,-300000000.0,notional_at_entry,short,-17303.0,short,638812073.6000001,1
2015-12-07 00:00:00+00:00,572,SB11,15.3,-300000000.0,notional_at_entry,short,-17303.0,short,642300358.4000001,0
2015-12-08 00:00:00+00:00,573,SB11,15.0,-300000000.0,notional_at_entry,short,-17303.0,short,648114166.4000001,0
2015-12-09 00:00:00+00:00,574,SB11,15.09,-300000000.0,notional_at_entry,short,-17303.0,short,646370024.0000001,0
2015-12-10 00:00:00+00:00,575,SB11,14.55,-300000000.0,notional_at_entry,short,-17303.0,short,656834878.4000001,0
2015-12-11 00:00:00+00:00,576,SB11,14.58,-300000000.0,notional_at_entry,short,-17303.0,short,656253497.6000001,0
2015-12-14 00:00:00+00:00,577,SB11,14.51,-300000000.0,notional_at_entry,short,-17303.0,short,657610052.8000002,0
2015-12-15 00:00:00+00:00,578,SB11,14.59,-300000000.0,notional_at_entry,short,-17303.0,short,656059704.0000001,0
2015-12-16 00:00:00+00:00,579,SB11,14.59,-300000000.0,notional_at_entry,short,-17303.0,short,656059704.0000001,0
2015-12-17 00:00:00+00:00,580,SB11,14.7,-300000000.0,notional_at_entry,short,-17303.0,short,653927974.4000002,0
2015-12-18 00:00:00+00:00,581,SB11,15.1,-300000000.0,notional_at_entry,short,-17303.0,short,646176230.4000002,0
2015-12-21 00:00:00+00:00,582,SB11,14.97,-300000000.0,notional_at_entry,short,-17303.0,short,648695547.2000002,0
2015-12-22 00:00:00+00:00,583,SB11,15.04,-300000000.0,notional_at_entry,short,-17303.0,short,647338992.0000001,0
2015-12-23 00:00:00+00:00,584,SB11,15.15,-300000000.0,notional_at_entry,short,-17303.0,short,645207262.4000001,0
2015-12-24 00:00:00+00:00,585,SB11,15.06,-300000000.0,notional_at_entry,short,-17303.0,short,646951404.8000002,0
2015-12-28 00:00:00+00:00,586,SB11,14.76,300000000.0,notional_at_entry,long,18147.0,long,652765212.8000002,1
2015-12-29 00:00:00+00:00,587,SB11,14.78,300000000.0,notional_at_entry,long,18147.0,long,653171705.6000001,0
2015-12-30 00:00:00+00:00,588,SB11,15.15,300000000.0,notional_at_entry,long,18147.0,long,660691822.4000002,0
2015-12-31 00:00:00+00:00,589,SB11,15.24,300000000.0,notional_at_entry,long,18147.0,long,662521040.0000002,0
2016-01-04 00:00:00+00:00,590,SB11,14.97,300000000.0,notional_at_entry,long,18147.0,long,657033387.2000002,0
2016-01-05 00:00:00+00:00,591,SB11,14.57,300000000.0,notional_at_entry,long,18147.0,long,648903531.2000002,0
2016-01-06 00:00:00+00:00,592,SB11,14.42,300000000.0,notional_at_entry,long,18147.0,long,645854835.2000002,0
2016-01-07 00:00:00+00:00,593,SB11,14.75,300000000.0,notional_at_entry,long,18147.0,long,652561966.4000002,0
2016-01-08 00:00:00+00:00,594,SB11,14.46,300000000.0,notional_at_entry,long,18147.0,long,646667820.8000002,0
2016-01-11 00:00:00+00:00,595,SB11,14.15,300000000.0,notional_at_entry,long,18147.0,long,640367182.4000002,0
2016-01-12 00:00:00+00:00,596,SB11,14.05,300000000.0,notional_at_entry,long,18147.0,long,638334718.4000002,0
2016-01-13 00:00:00+00:00,597,SB11,14.47,300000000.0,notional_at_entry,long,18147.0,long,646871067.2000002,0
2016-01-14 00:00:00+00:00,598,SB11,14.88,300000000.0,notional_at_entry,long,18147.0,long,655204169.6000003,0
2016-01-15 00:00:00+00:00,599,SB11,14.92,300000000.0,notional_at_entry,long,18147.0,long,656017155.2000002,0
2016-01-19 00:00:00+00:00,600,SB11,14.75,300000000.0,notional_at_entry,long,18147.0,long,652561966.4000002,0
2016-01-20 00:00:00+00:00,601,SB11,14.18,300000000.0,notional_at_entry,long,18147.0,long,640976921.6000001,0
2016-01-21 00:00:00+00:00,602,SB11,14.45,300000000.0,notional_at_entry,long,18147.0,long,646464574.4000002,0
2016-01-22 00:00:00+00:00,603,SB11,14.42,-300000000.0,notional_at_entry,short,-18575.0,short,645854835.2000002,1
2016-01-25 00:00:00+00:00,604,SB11,14.1,-300000000.0,notional_at_entry,short,-18575.0,short,652512115.2000002,0
2016-01-26 00:00:00+00:00,605,SB11,14.02,-300000000.0,notional_at_entry,short,-18575.0,short,654176435.2000002,0
2016-01-27 00:00:00+00:00,606,SB11,13.58,-300000000.0,notional_at_entry,short,-18575.0,short,663330195.2000002,0
2016-01-28 00:00:00+00:00,607,SB11,13.25,-300000000.0,notional_at_entry,short,-18575.0,short,670195515.2000002,0
2016-01-29 00:00:00+00:00,608,SB11,13.14,-300000000.0,notional_at_entry,short,-18575.0,short,672483955.2000002,0
2016-02-01 00:00:00+00:00,609,SB11,12.83,-300000000.0,notional_at_entry,short,-18575.0,short,678933195.2000002,0
2016-02-02 00:00:00+00:00,610,SB11,12.99,-300000000.0,notional_at_entry,short,-18575.0,short,675604555.2000002,0
2016-02-03 00:00:00+00:00,611,SB11,12.89,-300000000.0,notional_at_entry,short,-18575.0,short,677684955.2000002,0
2016-02-04 00:00:00+00:00,612,SB11,12.89,-300000000.0,notional_at_entry,short,-18575.0,short,677684955.2000002,0
2016-02-05 00:00:00+00:00,613,SB11,13.27,-300000000.0,notional_at_entry,short,-18575.0,short,669779435.2000002,0
2016-02-08 00:00:00+00:00,614,SB11,13.45,-300000000.0,notional_at_entry,short,-18575.0,short,666034715.2000002,0
2016-02-09 00:00:00+00:00,615,SB11,13.39,-300000000.0,notional_at_entry,short,-18575.0,short,667282955.2000002,0
2016-02-10 00:00:00+00:00,616,SB11,13.38,-300000000.0,notional_at_entry,short,-18575.0,short,667490995.2000002,0
2016-02-11 00:00:00+00:00,617,SB11,13.07,-300000000.0,notional_at_entry,short,-18575.0,short,673940235.2000002,0
2016-02-12 00:00:00+00:00,618,SB11,13.12,-300000000.0,notional_at_entry,short,-18575.0,short,672900035.2000002,0
2016-02-16 00:00:00+00:00,619,SB11,13.2,-300000000.0,notional_at_entry,short,-18575.0,short,671235715.2000002,0
2016-02-17 00:00:00+00:00,620,SB11,13.15,-300000000.0,notional_at_entry,short,-18575.0,short,672275915.2000002,0
2016-02-18 00:00:00+00:00,621,SB11,12.85,-300000000.0,notional_at_entry,short,-18575.0,short,678517115.2000002,0
2016-02-19 00:00:00+00:00,622,SB11,12.67,-300000000.0,notional_at_entry,short,-18575.0,short,682261835.2000002,0
2016-02-22 00:00:00+00:00,623,SB11,12.76,-300000000.0,notional_at_entry,short,-18575.0,short,680389475.2000002,0
2016-02-23 00:00:00+00:00,624,SB11,13.9,-300000000.0,notional_at_entry,short,-18575.0,short,656672915.2000002,0
2016-02-24 00:00:00+00:00,625,SB11,13.88,-300000000.0,notional_at_entry,short,-18575.0,short,657088995.2000002,0
2016-02-25 00:00:00+00:00,626,SB11,14.2,-300000000.0,notional_at_entry,short,-18575.0,short,650431715.2000002,0
2016-02-26 00:00:00+00:00,627,SB11,14.0,-300000000.0,notional_at_entry,short,-18575.0,short,654592515.2000002,0
2016-02-29 00:00:00+00:00,628,SB11,14.36,-300000000.0,notional_at_entry,short,-18575.0,short,647103075.2000002,0
2016-03-01 00:00:00+00:00,629,SB11,14.39,-300000000.0,notional_at_entry,short,-18575.0,short,646478955.2000002,0
2016-03-02 00:00:00+00:00,630,SB11,14.67,300000000.0,notional_at_entry,long,18258.0,long,640653835.2000002,1
2016-03-03 00:00:00+00:00,631,SB11,14.84,300000000.0,notional_at_entry,long,18258.0,long,644130158.4000002,0
2016-03-04 00:00:00+00:00,632,SB11,14.83,300000000.0,notional_at_entry,long,18258.0,long,643925668.8000002,0
2016-03-07 00:00:00+00:00,633,SB11,14.66,300000000.0,notional_at_entry,long,18258.0,long,640449345.6000001,0
2016-03-08 00:00:00+00:00,634,SB11,14.86,300000000.0,notional_at_entry,long,18258.0,long,644539137.6000001,0
2016-03-09 00:00:00+00:00,635,SB11,14.63,300000000.0,notional_at_entry,long,18258.0,long,639835876.8000002,0
2016-03-10 00:00:00+00:00,636,SB11,14.82,300000000.0,notional_at_entry,long,18258.0,long,643721179.2000002,0
2016-03-11 00:00:00+00:00,637,SB11,15.13,300000000.0,notional_at_entry,long,18258.0,long,650060356.8000002,0
2016-03-14 00:00:00+00:00,638,SB11,15.42,300000000.0,notional_at_entry,long,18258.0,long,655990555.2000002,0
2016-03-15 00:00:00+00:00,639,SB11,15.32,300000000.0,notional_at_entry,long,18258.0,long,653945659.2000002,0
2016-03-16 00:00:00+00:00,640,SB11,15.47,300000000.0,notional_at_entry,long,18258.0,long,657013003.2000002,0
2016-03-17 00:00:00+00:00,641,SB11,15.99,300000000.0,notional_at_entry,long,18258.0,long,667646462.4000002,0
2016-03-18 00:00:00+00:00,642,SB11,15.97,300000000.0,notional_at_entry,long,18258.0,long,667237483.2000002,0
2016-03-21 00:00:00+00:00,643,SB11,16.29,300000000.0,notional_at_entry,long,18258.0,long,673781150.4000001,0
2016-03-22 00:00:00+00:00,644,SB11,16.58,300000000.0,notional_at_entry,long,18258.0,long,679711348.8000002,0
2016-03-23 00:00:00+00:00,645,SB11,16.71,300000000.0,notional_at_entry,long,18258.0,long,682369713.6000001,0
2016-03-24 00:00:00+00:00,646,SB11,15.87,300000000.0,notional_at_entry,long,18258.0,long,665192587.2000002,0
2016-03-28 00:00:00+00:00,647,SB11,15.94,300000000.0,notional_at_entry,long,18258.0,long,666624014.4000002,0
2016-03-29 00:00:00+00:00,648,SB11,15.86,300000000.0,notional_at_entry,long,18258.0,long,664988097.6000001,0
2016-03-30 00:00:00+00:00,649,SB11,15.87,300000000.0,notional_at_entry,long,18258.0,long,665192587.2000002,0
2016-03-31 00:00:00+00:00,650,SB11,15.35,300000000.0,notional_at_entry,long,18258.0,long,654559128.0000001,0
2016-04-01 00:00:00+00:00,651,SB11,15.18,300000000.0,notional_at_entry,long,18258.0,long,651082804.8000002,0
2016-04-04 00:00:00+00:00,652,SB11,14.64,300000000.0,notional_at_entry,long,18258.0,long,640040366.4000002,0
2016-04-05 00:00:00+00:00,653,SB11,14.64,300000000.0,notional_at_entry,long,18258.0,long,640040366.4000002,0
2016-04-06 00:00:00+00:00,654,SB11,14.62,300000000.0,notional_at_entry,long,18258.0,long,639631387.2000002,0
2016-04-07 00:00:00+00:00,655,SB11,14.43,300000000.0,notional_at_entry,long,18258.0,long,635746084.8000002,0
2016-04-08 00:00:00+00:00,656,SB11,14.69,300000000.0,notional_at_entry,long,18258.0,long,641062814.4000002,0
2016-04-11 00:00:00+00:00,657,SB11,14.15,300000000.0,notional_at_entry,long,18258.0,long,630020376.0000001,0
2016-04-12 00:00:00+00:00,658,SB11,14.07,300000000.0,notional_at_entry,long,18258.0,long,628384459.2000002,0
2016-04-13 00:00:00+00:00,659,SB11,14.01,300000000.0,notional_at_entry,long,18258.0,long,627157521.6000001,0
2016-04-14 00:00:00+00:00,660,SB11,14.37,300000000.0,notional_at_entry,long,18258.0,long,634519147.2000002,0
2016-04-15 00:00:00+00:00,661,SB11,15.2,300000000.0,notional_at_entry,long,18258.0,long,651491784.0000001,0
2016-04-18 00:00:00+00:00,662,SB11,15.54,300000000.0,notional_at_entry,long,18258.0,long,658444430.4000001,0
2016-04-19 00:00:00+00:00,663,SB11,15.42,300000000.0,notional_at_entry,long,18258.0,long,655990555.2000002,0
2016-04-20 00:00:00+00:00,664,SB11,15.81,300000000.0,notional_at_entry,long,18258.0,long,663965649.6000001,0
2016-04-21 00:00:00+00:00,665,SB11,15.79,300000000.0,notional_at_entry,long,18258.0,long,663556670.4000001,0
2016-04-22 00:00:00+00:00,666,SB11,15.47,300000000.0,notional_at_entry,long,18258.0,long,657013003.2000002,0
2016-04-25 00:00:00+00:00,667,SB11,15.89,300000000.0,notional_at_entry,long,18258.0,long,665601566.4000002,0
2016-04-26 00:00:00+00:00,668,SB11,16.05,300000000.0,notional_at_entry,long,18258.0,long,668873400.0000002,0
2016-04-27 00:00:00+00:00,669,SB11,15.84,300000000.0,notional_at_entry,long,18258.0,long,664579118.4000002,0
2016-04-28 00:00:00+00:00,670,SB11,15.71,300000000.0,notional_at_entry,long,18258.0,long,661920753.6000001,0
2016-04-29 00:00:00+00:00,671,SB11,16.32,300000000.0,notional_at_entry,long,18258.0,long,674394619.2000002,0
2016-05-02 00:00:00+00:00,672,SB11,16.21,300000000.0,notional_at_entry,long,18258.0,long,672145233.6000001,0
2016-05-03 00:00:00+00:00,673,SB11,16.25,300000000.0,notional_at_entry,long,18258.0,long,672963192.0000001,0
2016-05-04 00:00:00+00:00,674,SB11,16.65,300000000.0,notional_at_entry,long,18258.0,long,681142776.0000001,0
2016-05-05 00:00:00+00:00,675,SB11,15.84,300000000.0,notional_at_entry,long,18258.0,long,664579118.4000002,0
2016-05-06 00:00:00+00:00,676,SB11,15.74,300000000.0,notional_at_entry,long,18258.0,long,662534222.4000002,0
2016-05-09 00:00:00+00:00,677,SB11,15.88,300000000.0,notional_at_entry,long,18258.0,long,665397076.8000002,0
2016-05-10 00:00:00+00:00,678,SB11,16.02,300000000.0,notional_at_entry,long,18258.0,long,668259931.2000002,0
2016-05-11 00:00:00+00:00,679,SB11,16.77,300000000.0,notional_at_entry,long,18258.0,long,683596651.2000002,0
2016-05-12 00:00:00+00:00,680,SB11,16.98,300000000.0,notional_at_entry,long,18258.0,long,687890932.8000002,0
2016-05-13 00:00:00+00:00,681,SB11,16.74,300000000.0,notional_at_entry,long,18258.0,long,682983182.4000001,0
2016-05-16 00:00:00+00:00,682,SB11,16.89,300000000.0,notional_at_entry,long,18258.0,long,686050526.4000002,0
2016-05-17 00:00:00+00:00,683,SB11,16.82,300000000.0,notional_at_entry,long,18258.0,long,684619099.2000002,0
2016-05-18 00:00:00+00:00,684,SB11,16.81,300000000.0,notional_at_entry,long,18258.0,long,684414609.6000001,0
2016-05-19 00:00:00+00:00,685,SB11,16.7,300000000.0,notional_at_entry,long,18258.0,long,682165224.0000001,0
2016-05-20 00:00:00+00:00,686,SB11,17.07,300000000.0,notional_at_entry,long,18258.0,long,689731339.2000002,0
2016-05-23 00:00:00+00:00,687,SB11,16.8,300000000.0,notional_at_entry,long,18258.0,long,684210120.0000002,0
2016-05-24 00:00:00+00:00,688,SB11,16.61,300000000.0,notional_at_entry,long,18258.0,long,680324817.6000001,0
2016-05-25 00:00:00+00:00,689,SB11,17.16,300000000.0,notional_at_entry,long,18258.0,long,691571745.6000001,0
2016-05-26 00:00:00+00:00,690,SB11,17.42,300000000.0,notional_at_entry,long,18258.0,long,696888475.2000002,0
2016-05-27 00:00:00+00:00,691,SB11,17.52,300000000.0,notional_at_entry,long,18258.0,long,698933371.2000002,0
2016-05-31 00:00:00+00:00,692,SB11,17.49,300000000.0,notional_at_entry,long,18258.0,long,698319902.4000001,0
2016-06-01 00:00:00+00:00,693,SB11,17.41,300000000.0,notional_at_entry,long,18258.0,long,696683985.6000001,0
2016-06-02 00:00:00+00:00,694,SB11,18.08,300000000.0,notional_at_entry,long,18258.0,long,710384788.8000002,0
2016-06-03 00:00:00+00:00,695,SB11,18.75,300000000.0,notional_at_entry,long,18258.0,long,724085592.0000001,0
2016-06-06 00:00:00+00:00,696,SB11,18.78,300000000.0,notional_at_entry,long,18258.0,long,724699060.8000002,0
2016-06-07 00:00:00+00:00,697,SB11,19.0,300000000.0,notional_at_entry,long,18258.0,long,729197832.0000001,0
2016-06-08 00:00:00+00:00,698,SB11,19.61,300000000.0,notional_at_entry,long,18258.0,long,741671697.6000001,0
2016-06-09 00:00:00+00:00,699,SB11,19.74,300000000.0,notional_at_entry,long,18258.0,long,744330062.4000001,0
2016-06-10 00:00:00+00:00,700,SB11,19.7,300000000.0,notional_at_entry,long,18258.0,long,743512104.0000001,0
2016-06-13 00:00:00+00:00,701,SB11,19.64,300000000.0,notional_at_entry,long,18258.0,long,742285166.4000002,0
2016-06-14 00:00:00+00:00,702,SB11,19.42,300000000.0,notional_at_entry,long,18258.0,long,737786395.2000002,0
2016-06-15 00:00:00+00:00,703,SB11,19.85,300000000.0,notional_at_entry,long,18258.0,long,746579448.0000002,0
2016-06-16 00:00:00+00:00,704,SB11,19.76,300000000.0,notional_at_entry,long,18258.0,long,744739041.6000001,0
2016-06-17 00:00:00+00:00,705,SB11,19.9,300000000.0,notional_at_entry,long,18258.0,long,747601896.0000001,0
2016-06-20 00:00:00+00:00,706,SB11,19.76,300000000.0,notional_at_entry,long,18258.0,long,744739041.6000001,0
2016-06-21 00:00:00+00:00,707,SB11,19.34,300000000.0,notional_at_entry,long,18258.0,long,736150478.4000002,0
2016-06-22 00:00:00+00:00,708,SB11,19.17,300000000.0,notional_at_entry,long,18258.0,long,732674155.2000002,0
2016-06-23 00:00:00+00:00,709,SB11,19.19,300000000.0,notional_at_entry,long,18258.0,long,733083134.4000002,0
2016-06-24 00:00:00+00:00,710,SB11,19.16,300000000.0,notional_at_entry,long,18258.0,long,732469665.6000001,0
2016-06-27 00:00:00+00:00,711,SB11,19.64,300000000.0,notional_at_entry,long,18258.0,long,742285166.4000002,0
2016-06-28 00:00:00+00:00,712,SB11,19.94,300000000.0,notional_at_entry,long,18258.0,long,748419854.4000002,0
2016-06-29 00:00:00+00:00,713,SB11,21.01,300000000.0,notional_at_entry,long,18258.0,long,770300241.6000001,0
2016-06-30 00:00:00+00:00,714,SB11,20.33,300000000.0,notional_at_entry,long,18258.0,long,756394948.8000002,0
2016-07-01 00:00:00+00:00,715,SB11,20.78,-300000000.0,notional_at_entry,short,-12890.0,short,765596980.8000002,1
2016-07-05 00:00:00+00:00,716,SB11,20.87,-300000000.0,notional_at_entry,short,-12890.0,short,764297668.8000002,0
2016-07-06 00:00:00+00:00,717,SB11,20.57,-300000000.0,notional_at_entry,short,-12890.0,short,768628708.8000002,0
2016-07-07 00:00:00+00:00,718,SB11,19.73,-300000000.0,notional_at_entry,short,-12890.0,short,780755620.8000002,0
2016-07-08 00:00:00+00:00,719,SB11,19.57,-300000000.0,notional_at_entry,short,-12890.0,short,783065508.8000002,0
2016-07-11 00:00:00+00:00,720,SB11,20.28,-300000000.0,notional_at_entry,short,-12890.0,short,772815380.8000002,0
2016-07-12 00:00:00+00:00,721,SB11,19.72,-300000000.0,notional_at_entry,short,-12890.0,short,780899988.8000002,0
2016-07-13 00:00:00+00:00,722,SB11,19.48,-300000000.0,notional_at_entry,short,-12890.0,short,784364820.8000002,0
2016-07-14 00:00:00+00:00,723,SB11,19.91,-300000000.0,notional_at_entry,short,-12890.0,short,778156996.8000002,0
2016-07-15 00:00:00+00:00,724,SB11,19.31,-300000000.0,notional_at_entry,short,-12890.0,short,786819076.8000002,0
2016-07-18 00:00:00+00:00,725,SB11,19.37,-300000000.0,notional_at_entry,short,-12890.0,short,785952868.8000002,0
2016-07-19 00:00:00+00:00,726,SB11,19.36,-300000000.0,notional_at_entry,short,-12890.0,short,786097236.8000002,0
2016-07-20 00:00:00+00:00,727,SB11,19.28,300000000.0,notional_at_entry,long,13893.0,long,787252180.8000002,1
2016-07-21 00:00:00+00:00,728,SB11,19.56,300000000.0,notional_at_entry,long,13893.0,long,791609025.6000001,0
2016-07-22 00:00:00+00:00,729,SB11,19.59,300000000.0,notional_at_entry,long,13893.0,long,792075830.4000002,0
2016-07-25 00:00:00+00:00,730,SB11,19.89,300000000.0,notional_at_entry,long,13893.0,long,796743878.4000002,0
2016-07-26 00:00:00+00:00,731,SB11,19.52,300000000.0,notional_at_entry,long,13893.0,long,790986619.2000002,0
2016-07-27 00:00:00+00:00,732,SB11,19.1,300000000.0,notional_at_entry,long,13893.0,long,784451352.0000002,0
2016-07-28 00:00:00+00:00,733,SB11,18.8,300000000.0,notional_at_entry,long,13893.0,long,779783304.0000002,0
2016-07-29 00:00:00+00:00,734,SB11,19.05,300000000.0,notional_at_entry,long,13893.0,long,783673344.0000002,0
2016-08-01 00:00:00+00:00,735,SB11,18.81,300000000.0,notional_at_entry,long,13893.0,long,779938905.6000001,0
2016-08-02 00:00:00+00:00,736,SB11,19.05,300000000.0,notional_at_entry,long,13893.0,long,783673344.0000002,0
2016-08-03 00:00:00+00:00,737,SB11,19.04,300000000.0,notional_at_entry,long,13893.0,long,783517742.4000002,0
2016-08-04 00:00:00+00:00,738,SB11,19.7,300000000.0,notional_at_entry,long,13893.0,long,793787448.0000001,0
2016-08-05 00:00:00+00:00,739,SB11,20.35,300000000.0,notional_at_entry,long,13893.0,long,803901552.0000002,0
2016-08-08 00:00:00+00:00,740,SB11,20.55,300000000.0,notional_at_entry,long,13893.0,long,807013584.0000002,0
2016-08-09 00:00:00+00:00,741,SB11,20.39,300000000.0,notional_at_entry,long,13893.0,long,804523958.4000002,0
2016-08-10 00:00:00+00:00,742,SB11,19.64,300000000.0,notional_at_entry,long,13893.0,long,792853838.4000002,0
2016-08-11 00:00:00+00:00,743,SB11,19.6,300000000.0,notional_at_entry,long,13893.0,long,792231432.0000002,0
2016-08-12 00:00:00+00:00,744,SB11,19.71,300000000.0,notional_at_entry,long,13893.0,long,793943049.6000001,0
2016-08-15 00:00:00+00:00,745,SB11,19.98,300000000.0,notional_at_entry,long,13893.0,long,798144292.8000002,0
2016-08-16 00:00:00+00:00,746,SB11,20.26,300000000.0,notional_at_entry,long,13893.0,long,802501137.6000001,0
2016-08-17 00:00:00+00:00,747,SB11,19.72,300000000.0,notional_at_entry,long,13893.0,long,794098651.2000002,0
2016-08-18 00:00:00+00:00,748,SB11,19.98,300000000.0,notional_at_entry,long,13893.0,long,798144292.8000002,0
2016-08-19 00:00:00+00:00,749,SB11,19.77,300000000.0,notional_at_entry,long,13893.0,long,794876659.2000002,0
2016-08-22 00:00:00+00:00,750,SB11,20.42,300000000.0,notional_at_entry,long,13893.0,long,804990763.2000002,0
2016-08-23 00:00:00+00:00,751,SB11,20.73,300000000.0,notional_at_entry,long,13893.0,long,809814412.8000002,0
2016-08-24 00:00:00+00:00,752,SB11,20.22,300000000.0,notional_at_entry,long,13893.0,long,801878731.2000002,0
2016-08-25 00:00:00+00:00,753,SB11,20.55,300000000.0,notional_at_entry,long,13893.0,long,807013584.0000002,0
2016-08-26 00:00:00+00:00,754,SB11,20.61,300000000.0,notional_at_entry,long,13893.0,long,807947193.6000001,0
2016-08-29 00:00:00+00:00,755,SB11,20.67,300000000.0,notional_at_entry,long,13893.0,long,808880803.2000002,0
2016-08-30 00:00:00+00:00,756,SB11,20.52,300000000.0,notional_at_entry,long,13893.0,long,806546779.2000002,0
2016-08-31 00:00:00+00:00,757,SB11,20.06,300000000.0,notional_at_entry,long,13893.0,long,799389105.6000001,0
2016-09-01 00:00:00+00:00,758,SB11,19.59,300000000.0,notional_at_entry,long,13893.0,long,792075830.4000002,0
2016-09-02 00:00:00+00:00,759,SB11,20.18,300000000.0,notional_at_entry,long,13893.0,long,801256324.8000002,0
2016-09-06 00:00:00+00:00,760,SB11,20.22,300000000.0,notional_at_entry,long,13893.0,long,801878731.2000002,0
2016-09-07 00:00:00+00:00,761,SB11,20.29,300000000.0,notional_at_entry,long,13893.0,long,802967942.4000002,0
2016-09-08 00:00:00+00:00,762,SB11,20.22,300000000.0,notional_at_entry,long,13893.0,long,801878731.2000002,0
2016-09-09 00:00:00+00:00,763,SB11,19.99,300000000.0,notional_at_entry,long,13893.0,long,798299894.4000001,0
2016-09-12 00:00:00+00:00,764,SB11,20.24,300000000.0,notional_at_entry,long,13893.0,long,802189934.4000001,0
2016-09-13 00:00:00+00:00,765,SB11,20.43,300000000.0,notional_at_entry,long,13893.0,long,805146364.8000002,0
2016-09-14 00:00:00+00:00,766,SB11,20.13,300000000.0,notional_at_entry,long,13893.0,long,800478316.8000002,0
2016-09-15 00:00:00+00:00,767,SB11,21.16,300000000.0,notional_at_entry,long,13893.0,long,816505281.6000001,0
2016-09-16 00:00:00+00:00,768,SB11,22.47,300000000.0,notional_at_entry,long,13893.0,long,836889091.2000002,0
2016-09-19 00:00:00+00:00,769,SB11,22.75,300000000.0,notional_at_entry,long,13893.0,long,841245936.0000001,0
2016-09-20 00:00:00+00:00,770,SB11,22.7,300000000.0,notional_at_entry,long,13893.0,long,840467928.0000001,0
2016-09-21 00:00:00+00:00,771,SB11,22.76,300000000.0,notional_at_entry,long,13893.0,long,841401537.6000001,0
2016-09-22 00:00:00+00:00,772,SB11,22.67,300000000.0,notional_at_entry,long,13893.0,long,840001123.2000002,0
2016-09-23 00:00:00+00:00,773,SB11,22.7,300000000.0,notional_at_entry,long,13893.0,long,840467928.0000001,0
2016-09-26 00:00:00+00:00,774,SB11,23.12,300000000.0,notional_at_entry,long,13893.0,long,847003195.2000002,0
2016-09-27 00:00:00+00:00,775,SB11,23.44,300000000.0,notional_at_entry,long,13893.0,long,851982446.4000002,0
2016-09-28 00:00:00+00:00,776,SB11,23.78,300000000.0,notional_at_entry,long,13893.0,long,857272900.8000002,0
2016-09-29 00:00:00+00:00,777,SB11,23.35,-300000000.0,notional_at_entry,short,-11471.0,short,850582032.0000002,1
2016-09-30 00:00:00+00:00,778,SB11,23.0,-300000000.0,notional_at_entry,short,-11471.0,short,855078664.0000002,0
2016-10-03 00:00:00+00:00,779,SB11,22.67,-300000000.0,notional_at_entry,short,-11471.0,short,859318345.6000003,0
2016-10-04 00:00:00+00:00,780,SB11,23.26,-300000000.0,notional_at_entry,short,-11471.0,short,851738308.8000002,0
2016-10-05 00:00:00+00:00,781,SB11,23.81,-300000000.0,notional_at_entry,short,-11471.0,short,844672172.8000003,0
2016-10-06 00:00:00+00:00,782,SB11,23.11,-300000000.0,notional_at_entry,short,-11471.0,short,853665436.8000003,0
2016-10-07 00:00:00+00:00,783,SB11,23.42,-300000000.0,notional_at_entry,short,-11471.0,short,849682705.6000003,0
2016-10-10 00:00:00+00:00,784,SB11,23.13,-300000000.0,notional_at_entry,short,-11471.0,short,853408486.4000002,0
2016-10-11 00:00:00+00:00,785,SB11,23.29,-300000000.0,notional_at_entry,short,-11471.0,short,851352883.2000003,0
2016-10-12 00:00:00+00:00,786,SB11,23.15,-300000000.0,notional_at_entry,short,-11471.0,short,853151536.0000002,0
2016-10-13 00:00:00+00:00,787,SB11,22.92,-300000000.0,notional_at_entry,short,-11471.0,short,856106465.6000003,0
2016-10-14 00:00:00+00:00,788,SB11,22.91,-300000000.0,notional_at_entry,short,-11471.0,short,856234940.8000003,0
2016-10-17 00:00:00+00:00,789,SB11,23.16,-300000000.0,notional_at_entry,short,-11471.0,short,853023060.8000003,0
2016-10-18 00:00:00+00:00,790,SB11,23.02,-300000000.0,notional_at_entry,short,-11471.0,short,854821713.6000003,0
2016-10-19 00:00:00+00:00,791,SB11,22.95,-300000000.0,notional_at_entry,short,-11471.0,short,855721040.0000002,0
2016-10-20 00:00:00+00:00,792,SB11,22.62,-300000000.0,notional_at_entry,short,-11471.0,short,859960721.6000003,0
2016-10-21 00:00:00+00:00,793,SB11,22.71,-300000000.0,notional_at_entry,short,-11471.0,short,858804444.8000002,0
2016-10-24 00:00:00+00:00,794,SB11,23.2,-300000000.0,notional_at_entry,short,-11471.0,short,852509160.0000002,0
2016-10-25 00:00:00+00:00,795,SB11,22.93,-300000000.0,notional_at_entry,short,-11471.0,short,855977990.4000002,0
2016-10-26 00:00:00+00:00,796,SB11,22.67,-300000000.0,notional_at_entry,short,-11471.0,short,859318345.6000003,0
2016-10-27 00:00:00+00:00,797,SB11,22.59,-300000000.0,notional_at_entry,short,-11471.0,short,860346147.2000003,0
2016-10-28 00:00:00+00:00,798,SB11,22.16,-300000000.0,notional_at_entry,short,-11471.0,short,865870580.8000003,0
2016-10-31 00:00:00+00:00,799,SB11,21.57,-300000000.0,notional_at_entry,short,-11471.0,short,873450617.6000003,0
2016-11-01 00:00:00+00:00,800,SB11,21.19,-300000000.0,notional_at_entry,short,-11471.0,short,878332675.2000003,0
2016-11-02 00:00:00+00:00,801,SB11,21.7,-300000000.0,notional_at_entry,short,-11471.0,short,871780440.0000002,0
2016-11-03 00:00:00+00:00,802,SB11,21.48,-300000000.0,notional_at_entry,short,-11471.0,short,874606894.4000002,0
2016-11-04 00:00:00+00:00,803,SB11,21.73,-300000000.0,notional_at_entry,short,-11471.0,short,871395014.4000002,0
2016-11-07 00:00:00+00:00,804,SB11,22.27,-300000000.0,notional_at_entry,short,-11471.0,short,864457353.6000003,0
2016-11-08 00:00:00+00:00,805,SB11,21.97,-300000000.0,notional_at_entry,short,-11471.0,short,868311609.6000003,0
2016-11-09 00:00:00+00:00,806,SB11,22.11,-300000000.0,notional_at_entry,short,-11471.0,short,866512956.8000003,0
2016-11-10 00:00:00+00:00,807,SB11,21.65,-300000000.0,notional_at_entry,short,-11471.0,short,872422816.0000002,0
2016-11-11 00:00:00+00:00,808,SB11,21.7,-300000000.0,notional_at_entry,short,-11471.0,short,871780440.0000002,0
2016-11-14 00:00:00+00:00,809,SB11,21.63,-300000000.0,notional_at_entry,short,-11471.0,short,872679766.4000002,0
2016-11-15 00:00:00+00:00,810,SB11,21.15,-300000000.0,notional_at_entry,short,-11471.0,short,878846576.0000002,0
2016-11-16 00:00:00+00:00,811,SB11,20.36,-300000000.0,notional_at_entry,short,-11471.0,short,888996116.8000003,0
2016-11-17 00:00:00+00:00,812,SB11,20.22,-300000000.0,notional_at_entry,short,-11471.0,short,890794769.6000003,0
2016-11-18 00:00:00+00:00,813,SB11,20.15,-300000000.0,notional_at_entry,short,-11471.0,short,891694096.0000002,0
2016-11-21 00:00:00+00:00,814,SB11,20.35,-300000000.0,notional_at_entry,short,-11471.0,short,889124592.0000002,0
2016-11-22 00:00:00+00:00,815,SB11,19.75,-300000000.0,notional_at_entry,short,-11471.0,short,896833104.0000002,0
2016-11-23 00:00:00+00:00,816,SB11,19.58,-300000000.0,notional_at_entry,short,-11471.0,short,899017182.4000003,0
2016-11-25 00:00:00+00:00,817,SB11,19.84,-300000000.0,notional_at_entry,short,-11471.0,short,895676827.2000003,0
2016-11-28 00:00:00+00:00,818,SB11,19.94,-300000000.0,notional_at_entry,short,-11471.0,short,894392075.2000003,0
2016-11-29 00:00:00+00:00,819,SB11,19.66,-300000000.0,notional_at_entry,short,-11471.0,short,897989380.8000002,0
2016-11-30 00:00:00+00:00,820,SB11,19.81,-300000000.0,notional_at_entry,short,-11471.0,short,896062252.8000003,0
2016-12-01 00:00:00+00:00,821,SB11,19.36,-300000000.0,notional_at_entry,short,-11471.0,short,901843636.8000003,0
2016-12-02 00:00:00+00:00,822,SB11,19.12,-300000000.0,notional_at_entry,short,-11471.0,short,904927041.6000003,0
2016-12-05 00:00:00+00:00,823,SB11,18.94,-300000000.0,notional_at_entry,short,-11471.0,short,907239595.2000003,0
2016-12-06 00:00:00+00:00,824,SB11,19.51,-300000000.0,notional_at_entry,short,-11471.0,short,899916508.8000002,0
2016-12-07 00:00:00+00:00,825,SB11,19.63,-300000000.0,notional_at_entry,short,-11471.0,short,898374806.4000002,0
2016-12-08 00:00:00+00:00,826,SB11,19.45,-300000000.0,notional_at_entry,short,-11471.0,short,900687360.0000002,0
2016-12-09 00:00:00+00:00,827,SB11,19.24,-300000000.0,notional_at_entry,short,-11471.0,short,903385339.2000003,0
2016-12-12 00:00:00+00:00,828,SB11,19.25,-300000000.0,notional_at_entry,short,-11471.0,short,903256864.0000002,0
2016-12-13 00:00:00+00:00,829,SB11,18.6,-300000000.0,notional_at_entry,short,-11471.0,short,911607752.0000002,0
2016-12-14 00:00:00+00:00,830,SB11,18.03,-300000000.0,notional_at_entry,short,-11471.0,short,918930838.4000002,0
2016-12-15 00:00:00+00:00,831,SB11,18.56,-300000000.0,notional_at_entry,short,-11471.0,short,912121652.8000003,0
2016-12-16 00:00:00+00:00,832,SB11,18.22,-300000000.0,notional_at_entry,short,-11471.0,short,916489809.6000003,0
2016-12-19 00:00:00+00:00,833,SB11,18.23,-300000000.0,notional_at_entry,short,-11471.0,short,916361334.4000002,0
2016-12-20 00:00:00+00:00,834,SB11,18.25,-300000000.0,notional_at_entry,short,-11471.0,short,916104384.0000002,0
2016-12-21 00:00:00+00:00,835,SB11,18.2,-300000000.0,notional_at_entry,short,-11471.0,short,916746760.0000002,0
2016-12-22 00:00:00+00:00,836,SB11,18.16,-300000000.0,notional_at_entry,short,-11471.0,short,917260660.8000002,0
2016-12-23 00:00:00+00:00,837,SB11,18.15,-300000000.0,notional_at_entry,short,-11471.0,short,917389136.0000002,0
2016-12-27 00:00:00+00:00,838,SB11,18.54,-300000000.0,notional_at_entry,short,-11471.0,short,912378603.2000003,0
2016-12-28 00:00:00+00:00,839,SB11,18.99,-300000000.0,notional_at_entry,short,-11471.0,short,906597219.2000003,0
2016-12-29 00:00:00+00:00,840,SB11,19.49,-300000000.0,notional_at_entry,short,-11471.0,short,900173459.2000003,0
2016-12-30 00:00:00+00:00,841,SB11,19.51,-300000000.0,notional_at_entry,short,-11471.0,short,899916508.8000002,0
2017-01-03 00:00:00+00:00,842,SB11,20.51,-300000000.0,notional_at_entry,short,-11471.0,short,887068988.8000002,0
2017-01-04 00:00:00+00:00,843,SB11,20.89,-300000000.0,notional_at_entry,short,-11471.0,short,882186931.2000003,0
2017-01-05 00:00:00+00:00,844,SB11,20.78,-300000000.0,notional_at_entry,short,-11471.0,short,883600158.4000002,0
2017-01-06 00:00:00+00:00,845,SB11,20.75,-300000000.0,notional_at_entry,short,-11471.0,short,883985584.0000002,0
2017-01-09 00:00:00+00:00,846,SB11,20.42,-300000000.0,notional_at_entry,short,-11471.0,short,888225265.6000003,0
2017-01-10 00:00:00+00:00,847,SB11,20.48,-300000000.0,notional_at_entry,short,-11471.0,short,887454414.4000002,0
2017-01-11 00:00:00+00:00,848,SB11,20.56,-300000000.0,notional_at_entry,short,-11471.0,short,886426612.8000003,0
2017-01-12 00:00:00+00:00,849,SB11,20.76,-300000000.0,notional_at_entry,short,-11471.0,short,883857108.8000002,0
2017-01-13 00:00:00+00:00,850,SB11,20.52,-300000000.0,notional_at_entry,short,-11471.0,short,886940513.6000003,0
2017-01-17 00:00:00+00:00,851,SB11,20.73,-300000000.0,notional_at_entry,short,-11471.0,short,884242534.4000002,0
2017-01-18 00:00:00+00:00,852,SB11,20.98,-300000000.0,notional_at_entry,short,-11471.0,short,881030654.4000002,0
2017-01-19 00:00:00+00:00,853,SB11,20.18,-300000000.0,notional_at_entry,short,-11471.0,short,891308670.4000002,0
2017-01-20 00:00:00+00:00,854,SB11,20.18,-300000000.0,notional_at_entry,short,-11471.0,short,891308670.4000002,0
2017-01-23 00:00:00+00:00,855,SB11,20.64,-300000000.0,notional_at_entry,short,-11471.0,short,885398811.2000003,0
2017-01-24 00:00:00+00:00,856,SB11,20.58,-300000000.0,notional_at_entry,short,-11471.0,short,886169662.4000003,0
2017-01-25 00:00:00+00:00,857,SB11,20.34,-300000000.0,notional_at_entry,short,-11471.0,short,889253067.2000003,0
2017-01-26 00:00:00+00:00,858,SB11,20.36,-300000000.0,notional_at_entry,short,-11471.0,short,888996116.8000003,0
2017-01-27 00:00:00+00:00,859,SB11,20.33,-300000000.0,notional_at_entry,short,-11471.0,short,889381542.4000003,0
2017-01-30 00:00:00+00:00,860,SB11,20.31,-300000000.0,notional_at_entry,short,-11471.0,short,889638492.8000003,0
2017-01-31 00:00:00+00:00,861,SB11,20.45,-300000000.0,notional_at_entry,short,-11471.0,short,887839840.0000002,0
2017-02-01 00:00:00+00:00,862,SB11,20.84,-300000000.0,notional_at_entry,short,-11471.0,short,882829307.2000003,0
2017-02-02 00:00:00+00:00,863,SB11,20.55,-300000000.0,notional_at_entry,short,-11471.0,short,886555088.0000002,0
2017-02-03 00:00:00+00:00,864,SB11,21.11,-300000000.0,notional_at_entry,short,-11471.0,short,879360476.8000003,0
2017-02-06 00:00:00+00:00,865,SB11,21.18,-300000000.0,notional_at_entry,short,-11471.0,short,878461150.4000002,0
2017-02-07 00:00:00+00:00,866,SB11,20.72,-300000000.0,notional_at_entry,short,-11471.0,short,884371009.6000003,0
2017-02-08 00:00:00+00:00,867,SB11,20.76,-300000000.0,notional_at_entry,short,-11471.0,short,883857108.8000002,0
2017-02-09 00:00:00+00:00,868,SB11,20.65,-300000000.0,notional_at_entry,short,-11471.0,short,885270336.0000002,0
2017-02-10 00:00:00+00:00,869,SB11,20.42,-300000000.0,notional_at_entry,short,-11471.0,short,888225265.6000003,0
2017-02-13 00:00:00+00:00,870,SB11,20.0,-300000000.0,notional_at_entry,short,-11471.0,short,893621224.0000002,0
2017-02-14 00:00:00+00:00,871,SB11,20.47,-300000000.0,notional_at_entry,short,-11471.0,short,887582889.6000003,0
2017-02-15 00:00:00+00:00,872,SB11,20.48,-300000000.0,notional_at_entry,short,-11471.0,short,887454414.4000002,0
2017-02-16 00:00:00+00:00,873,SB11,20.3,-300000000.0,notional_at_entry,short,-11471.0,short,889766968.0000002,0
2017-02-17 00:00:00+00:00,874,SB11,20.26,-300000000.0,notional_at_entry,short,-11471.0,short,890280868.8000002,0
2017-02-21 00:00:00+00:00,875,SB11,20.74,-300000000.0,notional_at_entry,short,-11471.0,short,884114059.2000003,0
2017-02-22 00:00:00+00:00,876,SB11,20.68,-300000000.0,notional_at_entry,short,-11471.0,short,884884910.4000002,0
2017-02-23 00:00:00+00:00,877,SB11,20.13,-300000000.0,notional_at_entry,short,-11471.0,short,891951046.4000002,0
2017-02-24 00:00:00+00:00,878,SB11,19.81,-300000000.0,notional_at_entry,short,-11471.0,short,896062252.8000003,0
2017-02-27 00:00:00+00:00,879,SB11,19.15,-300000000.0,notional_at_entry,short,-11471.0,short,904541616.0000002,0
2017-02-28 00:00:00+00:00,880,SB11,19.23,-300000000.0,notional_at_entry,short,-11471.0,short,903513814.4000002,0
2017-03-01 00:00:00+00:00,881,SB11,19.48,-300000000.0,notional_at_entry,short,-11471.0,short,900301934.4000002,0
2017-03-02 00:00:00+00:00,882,SB11,19.66,-300000000.0,notional_at_entry,short,-11471.0,short,897989380.8000002,0
2017-03-03 00:00:00+00:00,883,SB11,19.52,-300000000.0,notional_at_entry,short,-11471.0,short,899788033.6000003,0
2017-03-06 00:00:00+00:00,884,SB11,19.15,-300000000.0,notional_at_entry,short,-11471.0,short,904541616.0000002,0
2017-03-07 00:00:00+00:00,885,SB11,18.4,-300000000.0,notional_at_entry,short,-11471.0,short,914177256.0000002,0
2017-03-08 00:00:00+00:00,886,SB11,18.4,-300000000.0,notional_at_entry,short,-11471.0,short,914177256.0000002,0
2017-03-09 00:00:00+00:00,887,SB11,18.0,-300000000.0,notional_at_entry,short,-11471.0,short,919316264.0000002,0
2017-03-10 00:00:00+00:00,888,SB11,18.22,-300000000.0,notional_at_entry,short,-11471.0,short,916489809.6000003,0
2017-03-13 00:00:00+00:00,889,SB11,18.18,-300000000.0,notional_at_entry,short,-11471.0,short,917003710.4000002,0
2017-03-14 00:00:00+00:00,890,SB11,18.16,-300000000.0,notional_at_entry,short,-11471.0,short,917260660.8000002,0
2017-03-15 00:00:00+00:00,891,SB11,18.23,-300000000.0,notional_at_entry,short,-11471.0,short,916361334.4000002,0
2017-03-16 00:00:00+00:00,892,SB11,18.25,-300000000.0,notional_at_entry,short,-11471.0,short,916104384.0000002,0
2017-03-17 00:00:00+00:00,893,SB11,18.17,-300000000.0,notional_at_entry,short,-11471.0,short,917132185.6000003,0
2017-03-20 00:00:00+00:00,894,SB11,17.7,-300000000.0,notional_at_entry,short,-11471.0,short,923170520.0000002,0
2017-03-21 00:00:00+00:00,895,SB11,17.29,-300000000.0,notional_at_entry,short,-11471.0,short,928438003.2000003,0
2017-03-22 00:00:00+00:00,896,SB11,17.3,-300000000.0,notional_at_entry,short,-11471.0,short,928309528.0000002,0
2017-03-23 00:00:00+00:00,897,SB11,17.6,-300000000.0,notional_at_entry,short,-11471.0,short,924455272.0000002,0
2017-03-24 00:00:00+00:00,898,SB11,17.71,-300000000.0,notional_at_entry,short,-11471.0,short,923042044.8000002,0
2017-03-27 00:00:00+00:00,899,SB11,17.7,-300000000.0,notional_at_entry,short,-11471.0,short,923170520.0000002,0
2017-03-28 00:00:00+00:00,900,SB11,17.56,-300000000.0,notional_at_entry,short,-11471.0,short,924969172.8000003,0
2017-03-29 00:00:00+00:00,901,SB11,17.12,-300000000.0,notional_at_entry,short,-11471.0,short,930622081.6000003,0
2017-03-30 00:00:00+00:00,902,SB11,16.81,-300000000.0,notional_at_entry,short,-11471.0,short,934604812.8000003,0
2017-03-31 00:00:00+00:00,903,SB11,16.76,-300000000.0,notional_at_entry,short,-11471.0,short,935247188.8000002,0
2017-04-03 00:00:00+00:00,904,SB11,16.54,-300000000.0,notional_at_entry,short,-11471.0,short,938073643.2000003,0
2017-04-04 00:00:00+00:00,905,SB11,16.16,-300000000.0,notional_at_entry,short,-11471.0,short,942955700.8000003,0
2017-04-05 00:00:00+00:00,906,SB11,16.1,-300000000.0,notional_at_entry,short,-11471.0,short,943726552.0000002,0
2017-04-06 00:00:00+00:00,907,SB11,16.45,-300000000.0,notional_at_entry,short,-11471.0,short,939229920.0000002,0
2017-04-07 00:00:00+00:00,908,SB11,16.77,-300000000.0,notional_at_entry,short,-11471.0,short,935118713.6000003,0
2017-04-10 00:00:00+00:00,909,SB11,16.63,-300000000.0,notional_at_entry,short,-11471.0,short,936917366.4000002,0
2017-04-11 00:00:00+00:00,910,SB11,16.72,-300000000.0,notional_at_entry,short,-11471.0,short,935761089.6000003,0
2017-04-12 00:00:00+00:00,911,SB11,16.7,-300000000.0,notional_at_entry,short,-11471.0,short,936018040.0000002,0
2017-04-13 00:00:00+00:00,912,SB11,16.57,-300000000.0,notional_at_entry,short,-11471.0,short,937688217.6000003,0
2017-04-17 00:00:00+00:00,913,SB11,16.52,-300000000.0,notional_at_entry,short,-11471.0,short,938330593.6000003,0
2017-04-18 00:00:00+00:00,914,SB11,16.83,-300000000.0,notional_at_entry,short,-11471.0,short,934347862.4000003,0
2017-04-19 00:00:00+00:00,915,SB11,16.52,-300000000.0,notional_at_entry,short,-11471.0,short,938330593.6000003,0
2017-04-20 00:00:00+00:00,916,SB11,16.41,-300000000.0,notional_at_entry,short,-11471.0,short,939743820.8000003,0
2017-04-21 00:00:00+00:00,917,SB11,16.51,-300000000.0,notional_at_entry,short,-11471.0,short,938459068.8000002,0
2017-04-24 00:00:00+00:00,918,SB11,16.32,-300000000.0,notional_at_entry,short,-11471.0,short,940900097.6000003,0
2017-04-25 00:00:00+00:00,919,SB11,16.28,-300000000.0,notional_at_entry,short,-11471.0,short,941413998.4000002,0
2017-04-26 00:00:00+00:00,920,SB11,15.57,300000000.0,notional_at_entry,long,17203.0,long,950535737.6000003,1
2017-04-27 00:00:00+00:00,921,SB11,15.43,300000000.0,notional_at_entry,long,17203.0,long,947838307.2000003,0
2017-04-28 00:00:00+00:00,922,SB11,16.13,300000000.0,notional_at_entry,long,17203.0,long,961325459.2000003,0
2017-05-01 00:00:00+00:00,923,SB11,16.18,300000000.0,notional_at_entry,long,17203.0,long,962288827.2000003,0
2017-05-02 00:00:00+00:00,924,SB11,15.88,300000000.0,notional_at_entry,long,17203.0,long,956508619.2000003,0
2017-05-03 00:00:00+00:00,925,SB11,15.77,300000000.0,notional_at_entry,long,17203.0,long,954389209.6000003,0
2017-05-04 00:00:00+00:00,926,SB11,15.37,300000000.0,notional_at_entry,long,17203.0,long,946682265.6000003,0
2017-05-05 00:00:00+00:00,927,SB11,15.31,300000000.0,notional_at_entry,long,17203.0,long,945526224.0000002,0
2017-05-08 00:00:00+00:00,928,SB11,15.38,300000000.0,notional_at_entry,long,17203.0,long,946874939.2000003,0
2017-05-09 00:00:00+00:00,929,SB11,15.44,300000000.0,notional_at_entry,long,17203.0,long,948030980.8000002,0
2017-05-10 00:00:00+00:00,930,SB11,15.84,300000000.0,notional_at_entry,long,17203.0,long,955737924.8000003,0
2017-05-11 00:00:00+00:00,931,SB11,15.63,300000000.0,notional_at_entry,long,17203.0,long,951691779.2000003,0
2017-05-12 00:00:00+00:00,932,SB11,15.51,300000000.0,notional_at_entry,long,17203.0,long,949379696.0000002,0
2017-05-15 00:00:00+00:00,933,SB11,15.61,300000000.0,notional_at_entry,long,17203.0,long,951306432.0000002,0
2017-05-16 00:00:00+00:00,934,SB11,15.88,300000000.0,notional_at_entry,long,17203.0,long,956508619.2000003,0
2017-05-17 00:00:00+00:00,935,SB11,16.3,300000000.0,notional_at_entry,long,17203.0,long,964600910.4000002,0
2017-05-18 00:00:00+00:00,936,SB11,16.03,300000000.0,notional_at_entry,long,17203.0,long,959398723.2000003,0
2017-05-19 00:00:00+00:00,937,SB11,16.38,300000000.0,notional_at_entry,long,17203.0,long,966142299.2000003,0
2017-05-22 00:00:00+00:00,938,SB11,16.51,300000000.0,notional_at_entry,long,17203.0,long,968647056.0000002,0
2017-05-23 00:00:00+00:00,939,SB11,15.87,300000000.0,notional_at_entry,long,17203.0,long,956315945.6000003,0
2017-05-24 00:00:00+00:00,940,SB11,15.67,300000000.0,notional_at_entry,long,17203.0,long,952462473.6000003,0
2017-05-25 00:00:00+00:00,941,SB11,15.66,300000000.0,notional_at_entry,long,17203.0,long,952269800.0000002,0
2017-05-26 00:00:00+00:00,942,SB11,15.05,300000000.0,notional_at_entry,long,17203.0,long,940516710.4000002,0
2017-05-30 00:00:00+00:00,943,SB11,15.02,300000000.0,notional_at_entry,long,17203.0,long,939938689.6000003,0
2017-05-31 00:00:00+00:00,944,SB11,14.87,300000000.0,notional_at_entry,long,17203.0,long,937048585.6000003,0
2017-06-01 00:00:00+00:00,945,SB11,14.23,-300000000.0,notional_at_entry,short,-18823.0,short,924717475.2000003,1
2017-06-02 00:00:00+00:00,946,SB11,13.74,-300000000.0,notional_at_entry,short,-18823.0,short,935047537.6000003,0
2017-06-05 00:00:00+00:00,947,SB11,13.89,-300000000.0,notional_at_entry,short,-18823.0,short,931885273.6000003,0
2017-06-06 00:00:00+00:00,948,SB11,13.98,-300000000.0,notional_at_entry,short,-18823.0,short,929987915.2000003,0
2017-06-07 00:00:00+00:00,949,SB11,14.14,-300000000.0,notional_at_entry,short,-18823.0,short,926614833.6000003,0
2017-06-08 00:00:00+00:00,950,SB11,14.34,-300000000.0,notional_at_entry,short,-18823.0,short,922398481.6000003,0
2017-06-09 00:00:00+00:00,951,SB11,14.27,-300000000.0,notional_at_entry,short,-18823.0,short,923874204.8000003,0
2017-06-12 00:00:00+00:00,952,SB11,14.02,-300000000.0,notional_at_entry,short,-18823.0,short,929144644.8000003,0
2017-06-13 00:00:00+00:00,953,SB11,13.79,-300000000.0,notional_at_entry,short,-18823.0,short,933993449.6000003,0
2017-06-14 00:00:00+00:00,954,SB11,13.62,-300000000.0,notional_at_entry,short,-18823.0,short,937577348.8000003,0
2017-06-15 00:00:00+00:00,955,SB11,13.47,-300000000.0,notional_at_entry,short,-18823.0,short,940739612.8000003,0
2017-06-16 00:00:00+00:00,956,SB11,13.63,-300000000.0,notional_at_entry,short,-18823.0,short,937366531.2000003,0
2017-06-19 00:00:00+00:00,957,SB11,13.67,-300000000.0,notional_at_entry,short,-18823.0,short,936523260.8000003,0
2017-06-20 00:00:00+00:00,958,SB11,13.82,-300000000.0,notional_at_entry,short,-18823.0,short,933360996.8000003,0
2017-06-21 00:00:00+00:00,959,SB11,13.26,300000000.0,notional_at_entry,long,20200.0,long,945166782.4000003,1
2017-06-22 00:00:00+00:00,960,SB11,13.06,300000000.0,notional_at_entry,long,20200.0,long,940641982.4000003,0
2017-06-23 00:00:00+00:00,961,SB11,13.17,300000000.0,notional_at_entry,long,20200.0,long,943130622.4000003,0
2017-06-26 00:00:00+00:00,962,SB11,12.85,300000000.0,notional_at_entry,long,20200.0,long,935890942.4000003,0
2017-06-27 00:00:00+00:00,963,SB11,12.89,300000000.0,notional_at_entry,long,20200.0,long,936795902.4000003,0
2017-06-28 00:00:00+00:00,964,SB11,12.76,300000000.0,notional_at_entry,long,20200.0,long,933854782.4000003,0
2017-06-29 00:00:00+00:00,965,SB11,13.5,300000000.0,notional_at_entry,long,20200.0,long,950596542.4000003,0
2017-06-30 00:00:00+00:00,966,SB11,13.81,300000000.0,notional_at_entry,long,20200.0,long,957609982.4000003,0
2017-07-03 00:00:00+00:00,967,SB11,13.92,300000000.0,notional_at_entry,long,20200.0,long,960098622.4000003,0
2017-07-05 00:00:00+00:00,968,SB11,13.72,300000000.0,notional_at_entry,long,20200.0,long,955573822.4000003,0
2017-07-06 00:00:00+00:00,969,SB11,13.92,300000000.0,notional_at_entry,long,20200.0,long,960098622.4000003,0
2017-07-07 00:00:00+00:00,970,SB11,14.15,300000000.0,notional_at_entry,long,20200.0,long,965302142.4000003,0
2017-07-10 00:00:00+00:00,971,SB11,13.56,300000000.0,notional_at_entry,long,20200.0,long,951953982.4000003,0
2017-07-11 00:00:00+00:00,972,SB11,13.44,300000000.0,notional_at_entry,long,20200.0,long,949239102.4000003,0
2017-07-12 00:00:00+00:00,973,SB11,13.49,300000000.0,notional_at_entry,long,20200.0,long,950370302.4000003,0
2017-07-13 00:00:00+00:00,974,SB11,14.14,300000000.0,notional_at_entry,long,20200.0,long,965075902.4000003,0
2017-07-14 00:00:00+00:00,975,SB11,14.3,300000000.0,notional_at_entry,long,20200.0,long,968695742.4000003,0
2017-07-17 00:00:00+00:00,976,SB11,14.09,300000000.0,notional_at_entry,long,20200.0,long,963944702.4000003,0
2017-07-18 00:00:00+00:00,977,SB11,14.1,300000000.0,notional_at_entry,long,20200.0,long,964170942.4000003,0
2017-07-19 00:00:00+00:00,978,SB11,14.5,300000000.0,notional_at_entry,long,20200.0,long,973220542.4000003,0
2017-07-20 00:00:00+00:00,979,SB11,14.41,300000000.0,notional_at_entry,long,20200.0,long,971184382.4000003,0
2017-07-21 00:00:00+00:00,980,SB11,14.4,300000000.0,notional_at_entry,long,20200.0,long,970958142.4000003,0
2017-07-24 00:00:00+00:00,981,SB11,14.4,300000000.0,notional_at_entry,long,20200.0,long,970958142.4000003,0
2017-07-25 00:00:00+00:00,982,SB11,13.9,300000000.0,notional_at_entry,long,20200.0,long,959646142.4000003,0
2017-07-26 00:00:00+00:00,983,SB11,14.23,300000000.0,notional_at_entry,long,20200.0,long,967112062.4000003,0
2017-07-27 00:00:00+00:00,984,SB11,14.43,300000000.0,notional_at_entry,long,20200.0,long,971636862.4000003,0
2017-07-28 00:00:00+00:00,985,SB11,14.37,300000000.0,notional_at_entry,long,20200.0,long,970279422.4000003,0
2017-07-31 00:00:00+00:00,986,SB11,14.91,300000000.0,notional_at_entry,long,20200.0,long,982496382.4000003,0
2017-08-01 00:00:00+00:00,987,SB11,14.88,300000000.0,notional_at_entry,long,20200.0,long,981817662.4000003,0
2017-08-02 00:00:00+00:00,988,SB11,14.79,300000000.0,notional_at_entry,long,20200.0,long,979781502.4000003,0
2017-08-03 00:00:00+00:00,989,SB11,14.31,300000000.0,notional_at_entry,long,20200.0,long,968921982.4000003,0
2017-08-04 00:00:00+00:00,990,SB11,14.14,300000000.0,notional_at_entry,long,20200.0,long,965075902.4000003,0
2017-08-07 00:00:00+00:00,991,SB11,13.87,300000000.0,notional_at_entry,long,20200.0,long,958967422.4000003,0
2017-08-08 00:00:00+00:00,992,SB11,13.78,300000000.0,notional_at_entry,long,20200.0,long,956931262.4000003,0
2017-08-09 00:00:00+00:00,993,SB11,13.64,300000000.0,notional_at_entry,long,20200.0,long,953763902.4000003,0
2017-08-10 00:00:00+00:00,994,SB11,13.24,300000000.0,notional_at_entry,long,20200.0,long,944714302.4000003,0
2017-08-11 00:00:00+00:00,995,SB11,13.2,300000000.0,notional_at_entry,long,20200.0,long,943809342.4000003,0
2017-08-14 00:00:00+00:00,996,SB11,13.5,300000000.0,notional_at_entry,long,20200.0,long,950596542.4000003,0
2017-08-15 00:00:00+00:00,997,SB11,13.13,300000000.0,notional_at_entry,long,20200.0,long,942225662.4000003,0
2017-08-16 00:00:00+00:00,998,SB11,12.94,300000000.0,notional_at_entry,long,20200.0,long,937927102.4000003,0
2017-08-17 00:00:00+00:00,999,SB11,13.29,300000000.0,notional_at_entry,long,20200.0,long,945845502.4000003,0
2017-08-18 00:00:00+00:00,1000,SB11,13.41,300000000.0,notional_at_entry,long,20200.0,long,948560382.4000003,0
2017-08-21 00:00:00+00:00,1001,SB11,13.52,300000000.0,notional_at_entry,long,20200.0,long,951049022.4000003,0
2017-08-22 00:00:00+00:00,1002,SB11,13.51,300000000.0,notional_at_entry,long,20200.0,long,950822782.4000003,0
2017-08-23 00:00:00+00:00,1003,SB11,13.67,300000000.0,notional_at_entry,long,20200.0,long,954442622.4000003,0
2017-08-24 00:00:00+00:00,1004,SB11,14.02,300000000.0,notional_at_entry,long,20200.0,long,962361022.4000003,0
2017-08-25 00:00:00+00:00,1005,SB11,14.03,300000000.0,notional_at_entry,long,20200.0,long,962587262.4000003,0
2017-08-28 00:00:00+00:00,1006,SB11,14.31,300000000.0,notional_at_entry,long,20200.0,long,968921982.4000003,0
2017-08-29 00:00:00+00:00,1007,SB11,13.82,300000000.0,notional_at_entry,long,20200.0,long,957836222.4000003,0
2017-08-30 00:00:00+00:00,1008,SB11,13.91,300000000.0,notional_at_entry,long,20200.0,long,959872382.4000003,0
2017-08-31 00:00:00+00:00,1009,SB11,14.4,300000000.0,notional_at_entry,long,20200.0,long,970958142.4000003,0
2017-09-01 00:00:00+00:00,1010,SB11,13.75,300000000.0,notional_at_entry,long,20200.0,long,956252542.4000003,0
2017-09-05 00:00:00+00:00,1011,SB11,14.03,300000000.0,notional_at_entry,long,20200.0,long,962587262.4000003,0
2017-09-06 00:00:00+00:00,1012,SB11,14.29,300000000.0,notional_at_entry,long,20200.0,long,968469502.4000003,0
2017-09-07 00:00:00+00:00,1013,SB11,14.03,300000000.0,notional_at_entry,long,20200.0,long,962587262.4000003,0
2017-09-08 00:00:00+00:00,1014,SB11,14.09,300000000.0,notional_at_entry,long,20200.0,long,963944702.4000003,0
2017-09-11 00:00:00+00:00,1015,SB11,14.29,300000000.0,notional_at_entry,long,20200.0,long,968469502.4000003,0
2017-09-12 00:00:00+00:00,1016,SB11,14.02,300000000.0,notional_at_entry,long,20200.0,long,962361022.4000003,0
2017-09-13 00:00:00+00:00,1017,SB11,14.33,300000000.0,notional_at_entry,long,20200.0,long,969374462.4000003,0
2017-09-14 00:00:00+00:00,1018,SB11,14.27,300000000.0,notional_at_entry,long,20200.0,long,968017022.4000003,0
2017-09-15 00:00:00+00:00,1019,SB11,15.17,300000000.0,notional_at_entry,long,20200.0,long,988378622.4000003,0
2017-09-18 00:00:00+00:00,1020,SB11,14.92,300000000.0,notional_at_entry,long,20200.0,long,982722622.4000003,0
2017-09-19 00:00:00+00:00,1021,SB11,14.37,300000000.0,notional_at_entry,long,20200.0,long,970279422.4000003,0
2017-09-20 00:00:00+00:00,1022,SB11,14.7,300000000.0,notional_at_entry,long,20200.0,long,977745342.4000003,0
2017-09-21 00:00:00+00:00,1023,SB11,14.73,-300000000.0,notional_at_entry,short,-18184.0,short,978424062.4000003,1
2017-09-22 00:00:00+00:00,1024,SB11,14.64,-300000000.0,notional_at_entry,short,-18184.0,short,980257009.6000004,0
2017-09-25 00:00:00+00:00,1025,SB11,14.35,-300000000.0,notional_at_entry,short,-18184.0,short,986163172.8000003,0
2017-09-26 00:00:00+00:00,1026,SB11,13.91,-300000000.0,notional_at_entry,short,-18184.0,short,995124248.0000004,0
2017-09-27 00:00:00+00:00,1027,SB11,13.83,-300000000.0,notional_at_entry,short,-18184.0,short,996753534.4000003,0
2017-09-28 00:00:00+00:00,1028,SB11,13.95,-300000000.0,notional_at_entry,short,-18184.0,short,994309604.8000003,0
2017-09-29 00:00:00+00:00,1029,SB11,14.1,-300000000.0,notional_at_entry,short,-18184.0,short,991254692.8000003,0
2017-10-02 00:00:00+00:00,1030,SB11,14.31,-300000000.0,notional_at_entry,short,-18184.0,short,986977816.0000004,0
2017-10-03 00:00:00+00:00,1031,SB11,14.04,-300000000.0,notional_at_entry,short,-18184.0,short,992476657.6000004,0
2017-10-04 00:00:00+00:00,1032,SB11,14.25,-300000000.0,notional_at_entry,short,-18184.0,short,988199780.8000003,0
2017-10-05 00:00:00+00:00,1033,SB11,14.39,-300000000.0,notional_at_entry,short,-18184.0,short,985348529.6000004,0
2017-10-06 00:00:00+00:00,1034,SB11,13.98,300000000.0,notional_at_entry,long,19160.0,long,993698622.4000003,1
2017-10-09 00:00:00+00:00,1035,SB11,14.0,300000000.0,notional_at_entry,long,19160.0,long,994127806.4000003,0
2017-10-10 00:00:00+00:00,1036,SB11,14.17,300000000.0,notional_at_entry,long,19160.0,long,997775870.4000003,0
2017-10-11 00:00:00+00:00,1037,SB11,14.3,300000000.0,notional_at_entry,long,19160.0,long,1000565566.4000003,0
2017-10-12 00:00:00+00:00,1038,SB11,14.28,300000000.0,notional_at_entry,long,19160.0,long,1000136382.4000003,0
2017-10-13 00:00:00+00:00,1039,SB11,14.41,300000000.0,notional_at_entry,long,19160.0,long,1002926078.4000003,0
2017-10-16 00:00:00+00:00,1040,SB11,14.18,300000000.0,notional_at_entry,long,19160.0,long,997990462.4000003,0
2017-10-17 00:00:00+00:00,1041,SB11,14.03,300000000.0,notional_at_entry,long,19160.0,long,994771582.4000003,0
2017-10-18 00:00:00+00:00,1042,SB11,14.08,300000000.0,notional_at_entry,long,19160.0,long,995844542.4000003,0
2017-10-19 00:00:00+00:00,1043,SB11,14.13,300000000.0,notional_at_entry,long,19160.0,long,996917502.4000003,0
2017-10-20 00:00:00+00:00,1044,SB11,14.0,300000000.0,notional_at_entry,long,19160.0,long,994127806.4000003,0
2017-10-23 00:00:00+00:00,1045,SB11,13.88,300000000.0,notional_at_entry,long,19160.0,long,991552702.4000003,0
2017-10-24 00:00:00+00:00,1046,SB11,14.28,300000000.0,notional_at_entry,long,19160.0,long,1000136382.4000003,0
2017-10-25 00:00:00+00:00,1047,SB11,14.18,300000000.0,notional_at_entry,long,19160.0,long,997990462.4000003,0
2017-10-26 00:00:00+00:00,1048,SB11,14.11,300000000.0,notional_at_entry,long,19160.0,long,996488318.4000003,0
2017-10-27 00:00:00+00:00,1049,SB11,14.63,300000000.0,notional_at_entry,long,19160.0,long,1007647102.4000003,0
2017-10-30 00:00:00+00:00,1050,SB11,14.73,300000000.0,notional_at_entry,long,19160.0,long,1009793022.4000003,0
2017-10-31 00:00:00+00:00,1051,SB11,14.74,300000000.0,notional_at_entry,long,19160.0,long,1010007614.4000003,0
2017-11-01 00:00:00+00:00,1052,SB11,14.61,300000000.0,notional_at_entry,long,19160.0,long,1007217918.4000003,0
2017-11-02 00:00:00+00:00,1053,SB11,14.23,300000000.0,notional_at_entry,long,19160.0,long,999063422.4000003,0
2017-11-03 00:00:00+00:00,1054,SB11,14.38,300000000.0,notional_at_entry,long,19160.0,long,1002282302.4000003,0
2017-11-06 00:00:00+00:00,1055,SB11,14.56,300000000.0,notional_at_entry,long,19160.0,long,1006144958.4000003,0
2017-11-07 00:00:00+00:00,1056,SB11,14.72,300000000.0,notional_at_entry,long,19160.0,long,1009578430.4000003,0
2017-11-08 00:00:00+00:00,1057,SB11,14.84,300000000.0,notional_at_entry,long,19160.0,long,1012153534.4000003,0
2017-11-09 00:00:00+00:00,1058,SB11,14.88,300000000.0,notional_at_entry,long,19160.0,long,1013011902.4000003,0
2017-11-10 00:00:00+00:00,1059,SB11,14.96,300000000.0,notional_at_entry,long,19160.0,long,1014728638.4000003,0
2017-11-13 00:00:00+00:00,1060,SB11,15.13,300000000.0,notional_at_entry,long,19160.0,long,1018376702.4000003,0
2017-11-14 00:00:00+00:00,1061,SB11,15.1,300000000.0,notional_at_entry,long,19160.0,long,1017732926.4000003,0
2017-11-15 00:00:00+00:00,1062,SB11,15.09,300000000.0,notional_at_entry,long,19160.0,long,1017518334.4000003,0
2017-11-16 00:00:00+00:00,1063,SB11,15.26,300000000.0,notional_at_entry,long,19160.0,long,1021166398.4000003,0
2017-11-17 00:00:00+00:00,1064,SB11,15.37,300000000.0,notional_at_entry,long,19160.0,long,1023526910.4000003,0
2017-11-20 00:00:00+00:00,1065,SB11,14.98,300000000.0,notional_at_entry,long,19160.0,long,1015157822.4000003,0
2017-11-21 00:00:00+00:00,1066,SB11,14.88,300000000.0,notional_at_entry,long,19160.0,long,1013011902.4000003,0
2017-11-22 00:00:00+00:00,1067,SB11,15.28,300000000.0,notional_at_entry,long,19160.0,long,1021595582.4000003,0
2017-11-24 00:00:00+00:00,1068,SB11,15.45,300000000.0,notional_at_entry,long,19160.0,long,1025243646.4000003,0
2017-11-27 00:00:00+00:00,1069,SB11,15.39,300000000.0,notional_at_entry,long,19160.0,long,1023956094.4000003,0
2017-11-28 00:00:00+00:00,1070,SB11,15.04,300000000.0,notional_at_entry,long,19160.0,long,1016445374.4000003,0
2017-11-29 00:00:00+00:00,1071,SB11,15.07,300000000.0,notional_at_entry,long,19160.0,long,1017089150.4000003,0
2017-11-30 00:00:00+00:00,1072,SB11,15.08,-300000000.0,notional_at_entry,short,-17762.0,short,1017303742.4000003,1
2017-12-01 00:00:00+00:00,1073,SB11,14.98,-300000000.0,notional_at_entry,short,-17762.0,short,1019293086.4000003,0
2017-12-04 00:00:00+00:00,1074,SB11,15.06,-300000000.0,notional_at_entry,short,-17762.0,short,1017701611.2000003,0
2017-12-05 00:00:00+00:00,1075,SB11,14.9,-300000000.0,notional_at_entry,short,-17762.0,short,1020884561.6000004,0
2017-12-06 00:00:00+00:00,1076,SB11,14.45,-300000000.0,notional_at_entry,short,-17762.0,short,1029836609.6000004,0
2017-12-07 00:00:00+00:00,1077,SB11,14.31,-300000000.0,notional_at_entry,short,-17762.0,short,1032621691.2000003,0
2017-12-08 00:00:00+00:00,1078,SB11,14.05,-300000000.0,notional_at_entry,short,-17762.0,short,1037793985.6000004,0
2017-12-11 00:00:00+00:00,1079,SB11,13.95,-300000000.0,notional_at_entry,short,-17762.0,short,1039783329.6000004,0
2017-12-12 00:00:00+00:00,1080,SB11,13.77,-300000000.0,notional_at_entry,short,-17762.0,short,1043364148.8000003,0
2017-12-13 00:00:00+00:00,1081,SB11,13.85,-300000000.0,notional_at_entry,short,-17762.0,short,1041772673.6000004,0
2017-12-14 00:00:00+00:00,1082,SB11,13.77,-300000000.0,notional_at_entry,short,-17762.0,short,1043364148.8000003,0
2017-12-15 00:00:00+00:00,1083,SB11,13.66,-300000000.0,notional_at_entry,short,-17762.0,short,1045552427.2000003,0
2017-12-18 00:00:00+00:00,1084,SB11,13.76,-300000000.0,notional_at_entry,short,-17762.0,short,1043563083.2000003,0
2017-12-19 00:00:00+00:00,1085,SB11,14.41,-300000000.0,notional_at_entry,short,-17762.0,short,1030632347.2000003,0
2017-12-20 00:00:00+00:00,1086,SB11,14.57,-300000000.0,notional_at_entry,short,-17762.0,short,1027449396.8000003,0
2017-12-21 00:00:00+00:00,1087,SB11,14.77,-300000000.0,notional_at_entry,short,-17762.0,short,1023470708.8000003,0
2017-12-22 00:00:00+00:00,1088,SB11,14.6,-300000000.0,notional_at_entry,short,-17762.0,short,1026852593.6000004,0
2017-12-26 00:00:00+00:00,1089,SB11,14.7,-300000000.0,notional_at_entry,short,-17762.0,short,1024863249.6000004,0
2017-12-27 00:00:00+00:00,1090,SB11,14.93,-300000000.0,notional_at_entry,short,-17762.0,short,1020287758.4000003,0
2017-12-28 00:00:00+00:00,1091,SB11,15.0,-300000000.0,notional_at_entry,short,-17762.0,short,1018895217.6000004,0
2017-12-29 00:00:00+00:00,1092,SB11,15.16,-300000000.0,notional_at_entry,short,-17762.0,short,1015712267.2000003,0
2018-01-02 00:00:00+00:00,1093,SB11,15.33,-300000000.0,notional_at_entry,short,-17762.0,short,1012330382.4000003,0
2018-01-03 00:00:00+00:00,1094,SB11,15.31,-300000000.0,notional_at_entry,short,-17762.0,short,1012728251.2000003,0
2018-01-04 00:00:00+00:00,1095,SB11,15.25,-300000000.0,notional_at_entry,short,-17762.0,short,1013921857.6000004,0
2018-01-05 00:00:00+00:00,1096,SB11,15.08,-300000000.0,notional_at_entry,short,-17762.0,short,1017303742.4000003,0
2018-01-08 00:00:00+00:00,1097,SB11,14.78,-300000000.0,notional_at_entry,short,-17762.0,short,1023271774.4000003,0
2018-01-09 00:00:00+00:00,1098,SB11,14.73,-300000000.0,notional_at_entry,short,-17762.0,short,1024266446.4000003,0
2018-01-10 00:00:00+00:00,1099,SB11,14.65,-300000000.0,notional_at_entry,short,-17762.0,short,1025857921.6000004,0
2018-01-11 00:00:00+00:00,1100,SB11,14.18,-300000000.0,notional_at_entry,short,-17762.0,short,1035207838.4000003,0
2018-01-12 00:00:00+00:00,1101,SB11,14.18,-300000000.0,notional_at_entry,short,-17762.0,short,1035207838.4000003,0
2018-01-16 00:00:00+00:00,1102,SB11,13.59,-300000000.0,notional_at_entry,short,-17762.0,short,1046944968.0000004,0
2018-01-17 00:00:00+00:00,1103,SB11,13.42,-300000000.0,notional_at_entry,short,-17762.0,short,1050326852.8000003,0
2018-01-18 00:00:00+00:00,1104,SB11,13.08,300000000.0,notional_at_entry,long,20478.0,long,1057090622.4000003,1
2018-01-19 00:00:00+00:00,1105,SB11,13.25,300000000.0,notional_at_entry,long,20478.0,long,1060989633.6000004,0
2018-01-22 00:00:00+00:00,1106,SB11,13.17,300000000.0,notional_at_entry,long,20478.0,long,1059154804.8000003,0
2018-01-23 00:00:00+00:00,1107,SB11,13.19,300000000.0,notional_at_entry,long,20478.0,long,1059613512.0000004,0
2018-01-24 00:00:00+00:00,1108,SB11,13.16,300000000.0,notional_at_entry,long,20478.0,long,1058925451.2000003,0
2018-01-25 00:00:00+00:00,1109,SB11,13.24,300000000.0,notional_at_entry,long,20478.0,long,1060760280.0000004,0
2018-01-26 00:00:00+00:00,1110,SB11,13.36,300000000.0,notional_at_entry,long,20478.0,long,1063512523.2000003,0
2018-01-29 00:00:00+00:00,1111,SB11,13.67,300000000.0,notional_at_entry,long,20478.0,long,1070622484.8000003,0
2018-01-30 00:00:00+00:00,1112,SB11,13.72,300000000.0,notional_at_entry,long,20478.0,long,1071769252.8000003,0
2018-01-31 00:00:00+00:00,1113,SB11,13.23,300000000.0,notional_at_entry,long,20478.0,long,1060530926.4000003,0
2018-02-01 00:00:00+00:00,1114,SB11,13.37,300000000.0,notional_at_entry,long,20478.0,long,1063741876.8000003,0
2018-02-02 00:00:00+00:00,1115,SB11,13.63,300000000.0,notional_at_entry,long,20478.0,long,1069705070.4000003,0
2018-02-05 00:00:00+00:00,1116,SB11,13.9,-300000000.0,notional_at_entry,short,-19270.0,short,1075897617.6000004,1
2018-02-06 00:00:00+00:00,1117,SB11,13.84,-300000000.0,notional_at_entry,short,-19270.0,short,1077192561.6000004,0
2018-02-07 00:00:00+00:00,1118,SB11,14.0,-300000000.0,notional_at_entry,short,-19270.0,short,1073739377.6000004,0
2018-02-08 00:00:00+00:00,1119,SB11,13.58,-300000000.0,notional_at_entry,short,-19270.0,short,1082803985.6000004,0
2018-02-09 00:00:00+00:00,1120,SB11,13.67,-300000000.0,notional_at_entry,short,-19270.0,short,1080861569.6000004,0
2018-02-12 00:00:00+00:00,1121,SB11,13.73,-300000000.0,notional_at_entry,short,-19270.0,short,1079566625.6000004,0
2018-02-13 00:00:00+00:00,1122,SB11,13.44,-300000000.0,notional_at_entry,short,-19270.0,short,1085825521.6000004,0
2018-02-14 00:00:00+00:00,1123,SB11,13.31,-300000000.0,notional_at_entry,short,-19270.0,short,1088631233.6000004,0
2018-02-15 00:00:00+00:00,1124,SB11,13.51,-300000000.0,notional_at_entry,short,-19270.0,short,1084314753.6000004,0
2018-02-16 00:00:00+00:00,1125,SB11,13.28,-300000000.0,notional_at_entry,short,-19270.0,short,1089278705.6000004,0
2018-02-20 00:00:00+00:00,1126,SB11,13.29,-300000000.0,notional_at_entry,short,-19270.0,short,1089062881.6000004,0
2018-02-21 00:00:00+00:00,1127,SB11,13.27,-300000000.0,notional_at_entry,short,-19270.0,short,1089494529.6000004,0
2018-02-22 00:00:00+00:00,1128,SB11,13.58,-300000000.0,notional_at_entry,short,-19270.0,short,1082803985.6000004,0
2018-02-23 00:00:00+00:00,1129,SB11,13.46,-300000000.0,notional_at_entry,short,-19270.0,short,1085393873.6000004,0
2018-02-26 00:00:00+00:00,1130,SB11,13.43,-300000000.0,notional_at_entry,short,-19270.0,short,1086041345.6000004,0
2018-02-27 00:00:00+00:00,1131,SB11,12.87,-300000000.0,notional_at_entry,short,-19270.0,short,1098127489.6000004,0
2018-02-28 00:00:00+00:00,1132,SB11,13.38,-300000000.0,notional_at_entry,short,-19270.0,short,1087120465.6000004,0
2018-03-01 00:00:00+00:00,1133,SB11,13.71,-300000000.0,notional_at_entry,short,-19270.0,short,1079998273.6000004,0
2018-03-02 00:00:00+00:00,1134,SB11,13.42,-300000000.0,notional_at_entry,short,-19270.0,short,1086257169.6000004,0
2018-03-05 00:00:00+00:00,1135,SB11,13.56,-300000000.0,notional_at_entry,short,-19270.0,short,1083235633.6000004,0
2018-03-06 00:00:00+00:00,1136,SB11,13.45,-300000000.0,notional_at_entry,short,-19270.0,short,1085609697.6000004,0
2018-03-07 00:00:00+00:00,1137,SB11,12.79,-300000000.0,notional_at_entry,short,-19270.0,short,1099854081.6000004,0
2018-03-08 00:00:00+00:00,1138,SB11,12.89,-300000000.0,notional_at_entry,short,-19270.0,short,1097695841.6000004,0
2018-03-09 00:00:00+00:00,1139,SB11,12.84,-300000000.0,notional_at_entry,short,-19270.0,short,1098774961.6000004,0
2018-03-12 00:00:00+00:00,1140,SB11,12.93,-300000000.0,notional_at_entry,short,-19270.0,short,1096832545.6000004,0
2018-03-13 00:00:00+00:00,1141,SB11,12.62,-300000000.0,notional_at_entry,short,-19270.0,short,1103523089.6000004,0
2018-03-14 00:00:00+00:00,1142,SB11,12.76,-300000000.0,notional_at_entry,short,-19270.0,short,1100501553.6000004,0
2018-03-15 00:00:00+00:00,1143,SB11,12.74,-300000000.0,notional_at_entry,short,-19270.0,short,1100933201.6000004,0
2018-03-16 00:00:00+00:00,1144,SB11,12.65,-300000000.0,notional_at_entry,short,-19270.0,short,1102875617.6000004,0
2018-03-19 00:00:00+00:00,1145,SB11,12.89,-300000000.0,notional_at_entry,short,-19270.0,short,1097695841.6000004,0
2018-03-20 00:00:00+00:00,1146,SB11,12.56,-300000000.0,notional_at_entry,short,-19270.0,short,1104818033.6000004,0
2018-03-21 00:00:00+00:00,1147,SB11,12.67,-300000000.0,notional_at_entry,short,-19270.0,short,1102443969.6000004,0
2018-03-22 00:00:00+00:00,1148,SB11,12.77,-300000000.0,notional_at_entry,short,-19270.0,short,1100285729.6000004,0
2018-03-23 00:00:00+00:00,1149,SB11,12.57,-300000000.0,notional_at_entry,short,-19270.0,short,1104602209.6000004,0
2018-03-26 00:00:00+00:00,1150,SB11,12.42,-300000000.0,notional_at_entry,short,-19270.0,short,1107839569.6000004,0
2018-03-27 00:00:00+00:00,1151,SB11,12.54,-300000000.0,notional_at_entry,short,-19270.0,short,1105249681.6000004,0
2018-03-28 00:00:00+00:00,1152,SB11,12.21,-300000000.0,notional_at_entry,short,-19270.0,short,1112371873.6000004,0
2018-03-29 00:00:00+00:00,1153,SB11,12.35,-300000000.0,notional_at_entry,short,-19270.0,short,1109350337.6000004,0
2018-04-02 00:00:00+00:00,1154,SB11,12.52,-300000000.0,notional_at_entry,short,-19270.0,short,1105681329.6000004,0
2018-04-03 00:00:00+00:00,1155,SB11,12.47,-300000000.0,notional_at_entry,short,-19270.0,short,1106760449.6000004,0
2018-04-04 00:00:00+00:00,1156,SB11,12.27,-300000000.0,notional_at_entry,short,-19270.0,short,1111076929.6000004,0
2018-04-05 00:00:00+00:00,1157,SB11,12.35,-300000000.0,notional_at_entry,short,-19270.0,short,1109350337.6000004,0
2018-04-06 00:00:00+00:00,1158,SB11,12.34,-300000000.0,notional_at_entry,short,-19270.0,short,1109566161.6000004,0
2018-04-09 00:00:00+00:00,1159,SB11,12.36,-300000000.0,notional_at_entry,short,-19270.0,short,1109134513.6000004,0
2018-04-10 00:00:00+00:00,1160,SB11,12.13,-300000000.0,notional_at_entry,short,-19270.0,short,1114098465.6000004,0
2018-04-11 00:00:00+00:00,1161,SB11,12.06,-300000000.0,notional_at_entry,short,-19270.0,short,1115609233.6000004,0
2018-04-12 00:00:00+00:00,1162,SB11,12.05,-300000000.0,notional_at_entry,short,-19270.0,short,1115825057.6000004,0
2018-04-13 00:00:00+00:00,1163,SB11,12.2,-300000000.0,notional_at_entry,short,-19270.0,short,1112587697.6000004,0
2018-04-16 00:00:00+00:00,1164,SB11,12.17,-300000000.0,notional_at_entry,short,-19270.0,short,1113235169.6000004,0
2018-04-17 00:00:00+00:00,1165,SB11,11.82,-300000000.0,notional_at_entry,short,-19270.0,short,1120789009.6000004,0
2018-04-18 00:00:00+00:00,1166,SB11,11.91,-300000000.0,notional_at_entry,short,-19270.0,short,1118846593.6000004,0
2018-04-19 00:00:00+00:00,1167,SB11,11.95,-300000000.0,notional_at_entry,short,-19270.0,short,1117983297.6000004,0
2018-04-20 00:00:00+00:00,1168,SB11,11.87,-300000000.0,notional_at_entry,short,-19270.0,short,1119709889.6000004,0
2018-04-23 00:00:00+00:00,1169,SB11,11.4,-300000000.0,notional_at_entry,short,-19270.0,short,1129853617.6000004,0
2018-04-24 00:00:00+00:00,1170,SB11,11.38,-300000000.0,notional_at_entry,short,-19270.0,short,1130285265.6000004,0
2018-04-25 00:00:00+00:00,1171,SB11,11.12,-300000000.0,notional_at_entry,short,-19270.0,short,1135896689.6000004,0
2018-04-26 00:00:00+00:00,1172,SB11,11.38,300000000.0,notional_at_entry,long,23537.0,long,1130285265.6000004,1
2018-04-27 00:00:00+00:00,1173,SB11,11.52,300000000.0,notional_at_entry,long,23537.0,long,1133975867.2000003,0
2018-04-30 00:00:00+00:00,1174,SB11,11.75,300000000.0,notional_at_entry,long,23537.0,long,1140038998.4000003,0
2018-05-01 00:00:00+00:00,1175,SB11,11.69,300000000.0,notional_at_entry,long,23537.0,long,1138457312.0000002,0
2018-05-02 00:00:00+00:00,1176,SB11,11.75,300000000.0,notional_at_entry,long,23537.0,long,1140038998.4000003,0
2018-05-03 00:00:00+00:00,1177,SB11,11.69,300000000.0,notional_at_entry,long,23537.0,long,1138457312.0000002,0
2018-05-04 00:00:00+00:00,1178,SB11,11.51,300000000.0,notional_at_entry,long,23537.0,long,1133712252.8000004,0
2018-05-07 00:00:00+00:00,1179,SB11,11.32,300000000.0,notional_at_entry,long,23537.0,long,1128703579.2000003,0
2018-05-08 00:00:00+00:00,1180,SB11,11.56,300000000.0,notional_at_entry,long,23537.0,long,1135030324.8000004,0
2018-05-09 00:00:00+00:00,1181,SB11,11.29,300000000.0,notional_at_entry,long,23537.0,long,1127912736.0000002,0
2018-05-10 00:00:00+00:00,1182,SB11,11.27,300000000.0,notional_at_entry,long,23537.0,long,1127385507.2000003,0
2018-05-11 00:00:00+00:00,1183,SB11,11.22,300000000.0,notional_at_entry,long,23537.0,long,1126067435.2000003,0
2018-05-14 00:00:00+00:00,1184,SB11,11.26,300000000.0,notional_at_entry,long,23537.0,long,1127121892.8000004,0
2018-05-15 00:00:00+00:00,1185,SB11,11.52,300000000.0,notional_at_entry,long,23537.0,long,1133975867.2000003,0
2018-05-16 00:00:00+00:00,1186,SB11,11.61,300000000.0,notional_at_entry,long,23537.0,long,1136348396.8000004,0
2018-05-17 00:00:00+00:00,1187,SB11,11.56,300000000.0,notional_at_entry,long,23537.0,long,1135030324.8000004,0
2018-05-18 00:00:00+00:00,1188,SB11,11.66,300000000.0,notional_at_entry,long,23537.0,long,1137666468.8000004,0
2018-05-21 00:00:00+00:00,1189,SB11,12.1,300000000.0,notional_at_entry,long,23537.0,long,1149265502.4000003,0
2018-05-22 00:00:00+00:00,1190,SB11,12.15,300000000.0,notional_at_entry,long,23537.0,long,1150583574.4000003,0
2018-05-23 00:00:00+00:00,1191,SB11,12.35,300000000.0,notional_at_entry,long,23537.0,long,1155855862.4000003,0
2018-05-24 00:00:00+00:00,1192,SB11,12.38,300000000.0,notional_at_entry,long,23537.0,long,1156646705.6000004,0
2018-05-25 00:00:00+00:00,1193,SB11,12.46,300000000.0,notional_at_entry,long,23537.0,long,1158755620.8000004,0
2018-05-29 00:00:00+00:00,1194,SB11,12.46,300000000.0,notional_at_entry,long,23537.0,long,1158755620.8000004,0
2018-05-30 00:00:00+00:00,1195,SB11,12.6,300000000.0,notional_at_entry,long,23537.0,long,1162446222.4000003,0
2018-05-31 00:00:00+00:00,1196,SB11,12.79,300000000.0,notional_at_entry,long,23537.0,long,1167454896.0000002,0
2018-06-01 00:00:00+00:00,1197,SB11,12.52,300000000.0,notional_at_entry,long,23537.0,long,1160337307.2000003,0
2018-06-04 00:00:00+00:00,1198,SB11,11.9,300000000.0,notional_at_entry,long,23537.0,long,1143993214.4000003,0
2018-06-05 00:00:00+00:00,1199,SB11,12.02,300000000.0,notional_at_entry,long,23537.0,long,1147156587.2000003,0
2018-06-06 00:00:00+00:00,1200,SB11,12.2,300000000.0,notional_at_entry,long,23537.0,long,1151901646.4000003,0
2018-06-07 00:00:00+00:00,1201,SB11,11.73,300000000.0,notional_at_entry,long,23537.0,long,1139511769.6000004,0
2018-06-08 00:00:00+00:00,1202,SB11,12.25,300000000.0,notional_at_entry,long,23537.0,long,1153219718.4000003,0
2018-06-11 00:00:00+00:00,1203,SB11,12.35,300000000.0,notional_at_entry,long,23537.0,long,1155855862.4000003,0
2018-06-12 00:00:00+00:00,1204,SB11,12.67,300000000.0,notional_at_entry,long,23537.0,long,1164291523.2000003,0
2018-06-13 00:00:00+00:00,1205,SB11,12.76,300000000.0,notional_at_entry,long,23537.0,long,1166664052.8000004,0
2018-06-14 00:00:00+00:00,1206,SB11,12.56,300000000.0,notional_at_entry,long,23537.0,long,1161391764.8000004,0
2018-06-15 00:00:00+00:00,1207,SB11,12.35,300000000.0,notional_at_entry,long,23537.0,long,1155855862.4000003,0
2018-06-18 00:00:00+00:00,1208,SB11,12.28,300000000.0,notional_at_entry,long,23537.0,long,1154010561.6000004,0
2018-06-19 00:00:00+00:00,1209,SB11,12.13,300000000.0,notional_at_entry,long,23537.0,long,1150056345.6000004,0
2018-06-20 00:00:00+00:00,1210,SB11,12.19,300000000.0,notional_at_entry,long,23537.0,long,1151638032.0000002,0
2018-06-21 00:00:00+00:00,1211,SB11,12.21,300000000.0,notional_at_entry,long,23537.0,long,1152165260.8000004,0
2018-06-22 00:00:00+00:00,1212,SB11,12.41,300000000.0,notional_at_entry,long,23537.0,long,1157437548.8000004,0
2018-06-25 00:00:00+00:00,1213,SB11,12.32,300000000.0,notional_at_entry,long,23537.0,long,1155065019.2000003,0
2018-06-26 00:00:00+00:00,1214,SB11,12.45,-300000000.0,notional_at_entry,short,-21514.0,short,1158492006.4000003,1
2018-06-27 00:00:00+00:00,1215,SB11,12.05,-300000000.0,notional_at_entry,short,-21514.0,short,1168130278.4000003,0
2018-06-28 00:00:00+00:00,1216,SB11,12.25,-300000000.0,notional_at_entry,short,-21514.0,short,1163311142.4000003,0
2018-06-29 00:00:00+00:00,1217,SB11,12.25,-300000000.0,notional_at_entry,short,-21514.0,short,1163311142.4000003,0
2018-07-02 00:00:00+00:00,1218,SB11,11.56,-300000000.0,notional_at_entry,short,-21514.0,short,1179937161.6000004,0
2018-07-03 00:00:00+00:00,1219,SB11,11.39,-300000000.0,notional_at_entry,short,-21514.0,short,1184033427.2000003,0
2018-07-05 00:00:00+00:00,1220,SB11,11.48,-300000000.0,notional_at_entry,short,-21514.0,short,1181864816.0000002,0
2018-07-06 00:00:00+00:00,1221,SB11,11.51,-300000000.0,notional_at_entry,short,-21514.0,short,1181141945.6000004,0
2018-07-09 00:00:00+00:00,1222,SB11,11.4,-300000000.0,notional_at_entry,short,-21514.0,short,1183792470.4000003,0
2018-07-10 00:00:00+00:00,1223,SB11,11.41,-300000000.0,notional_at_entry,short,-21514.0,short,1183551513.6000004,0
2018-07-11 00:00:00+00:00,1224,SB11,11.29,-300000000.0,notional_at_entry,short,-21514.0,short,1186442995.2000003,0
2018-07-12 00:00:00+00:00,1225,SB11,11.08,-300000000.0,notional_at_entry,short,-21514.0,short,1191503088.0000002,0
2018-07-13 00:00:00+00:00,1226,SB11,10.96,-300000000.0,notional_at_entry,short,-21514.0,short,1194394569.6000004,0
2018-07-16 00:00:00+00:00,1227,SB11,11.14,-300000000.0,notional_at_entry,short,-21514.0,short,1190057347.2000003,0
2018-07-17 00:00:00+00:00,1228,SB11,11.13,-300000000.0,notional_at_entry,short,-21514.0,short,1190298304.0000002,0
2018-07-18 00:00:00+00:00,1229,SB11,11.08,-300000000.0,notional_at_entry,short,-21514.0,short,1191503088.0000002,0
2018-07-19 00:00:00+00:00,1230,SB11,10.97,-300000000.0,notional_at_entry,short,-21514.0,short,1194153612.8000002,0
2018-07-20 00:00:00+00:00,1231,SB11,11.12,-300000000.0,notional_at_entry,short,-21514.0,short,1190539260.8000004,0
2018-07-23 00:00:00+00:00,1232,SB11,11.08,-300000000.0,notional_at_entry,short,-21514.0,short,1191503088.0000002,0
2018-07-24 00:00:00+00:00,1233,SB11,11.19,-300000000.0,notional_at_entry,short,-21514.0,short,1188852563.2000003,0
2018-07-25 00:00:00+00:00,1234,SB11,11.19,-300000000.0,notional_at_entry,short,-21514.0,short,1188852563.2000003,0
2018-07-26 00:00:00+00:00,1235,SB11,11.03,-300000000.0,notional_at_entry,short,-21514.0,short,1192707872.0000002,0
2018-07-27 00:00:00+00:00,1236,SB11,10.88,-300000000.0,notional_at_entry,short,-21514.0,short,1196322224.0000002,0
2018-07-30 00:00:00+00:00,1237,SB11,10.82,-300000000.0,notional_at_entry,short,-21514.0,short,1197767964.8000002,0
2018-07-31 00:00:00+00:00,1238,SB11,10.55,-300000000.0,notional_at_entry,short,-21514.0,short,1204273798.4000003,0
2018-08-01 00:00:00+00:00,1239,SB11,10.48,-300000000.0,notional_at_entry,short,-21514.0,short,1205960496.0000002,0
2018-08-02 00:00:00+00:00,1240,SB11,10.59,-300000000.0,notional_at_entry,short,-21514.0,short,1203309971.2000003,0
2018-08-03 00:00:00+00:00,1241,SB11,10.85,-300000000.0,notional_at_entry,short,-21514.0,short,1197045094.4000003,0
2018-08-06 00:00:00+00:00,1242,SB11,10.98,-300000000.0,notional_at_entry,short,-21514.0,short,1193912656.0000002,0
2018-08-07 00:00:00+00:00,1243,SB11,10.88,-300000000.0,notional_at_entry,short,-21514.0,short,1196322224.0000002,0
2018-08-08 00:00:00+00:00,1244,SB11,10.81,-300000000.0,notional_at_entry,short,-21514.0,short,1198008921.6000004,0
2018-08-09 00:00:00+00:00,1245,SB11,10.84,-300000000.0,notional_at_entry,short,-21514.0,short,1197286051.2000003,0
2018-08-10 00:00:00+00:00,1246,SB11,10.54,-300000000.0,notional_at_entry,short,-21514.0,short,1204514755.2000003,0
2018-08-13 00:00:00+00:00,1247,SB11,10.3,-300000000.0,notional_at_entry,short,-21514.0,short,1210297718.4000003,0
2018-08-14 00:00:00+00:00,1248,SB11,10.34,-300000000.0,notional_at_entry,short,-21514.0,short,1209333891.2000003,0
2018-08-15 00:00:00+00:00,1249,SB11,10.23,-300000000.0,notional_at_entry,short,-21514.0,short,1211984416.0000002,0
2018-08-16 00:00:00+00:00,1250,SB11,10.3,-300000000.0,notional_at_entry,short,-21514.0,short,1210297718.4000003,0
2018-08-17 00:00:00+00:00,1251,SB11,10.18,-300000000.0,notional_at_entry,short,-21514.0,short,1213189200.0000002,0
2018-08-20 00:00:00+00:00,1252,SB11,10.09,300000000.0,notional_at_entry,long,26546.0,long,1215357811.2000003,1
2018-08-21 00:00:00+00:00,1253,SB11,10.17,300000000.0,notional_at_entry,long,26546.0,long,1217736332.8000002,0
2018-08-22 00:00:00+00:00,1254,SB11,10.18,300000000.0,notional_at_entry,long,26546.0,long,1218033648.0000002,0
2018-08-23 00:00:00+00:00,1255,SB11,10.12,300000000.0,notional_at_entry,long,26546.0,long,1216249756.8000002,0
2018-08-24 00:00:00+00:00,1256,SB11,10.23,300000000.0,notional_at_entry,long,26546.0,long,1219520224.0000002,0
2018-08-27 00:00:00+00:00,1257,SB11,10.51,-300000000.0,notional_at_entry,short,-25485.0,short,1227845049.6000004,1
2018-08-28 00:00:00+00:00,1258,SB11,10.31,-300000000.0,notional_at_entry,short,-25485.0,short,1233553689.6000004,0
2018-08-29 00:00:00+00:00,1259,SB11,10.37,-300000000.0,notional_at_entry,short,-25485.0,short,1231841097.6000004,0
2018-08-30 00:00:00+00:00,1260,SB11,10.57,-300000000.0,notional_at_entry,short,-25485.0,short,1226132457.6000004,0
2018-08-31 00:00:00+00:00,1261,SB11,10.6,-300000000.0,notional_at_entry,short,-25485.0,short,1225276161.6000004,0
2018-09-04 00:00:00+00:00,1262,SB11,10.64,-300000000.0,notional_at_entry,short,-25485.0,short,1224134433.6000004,0
2018-09-05 00:00:00+00:00,1263,SB11,10.89,-300000000.0,notional_at_entry,short,-25485.0,short,1216998633.6000004,0
2018-09-06 00:00:00+00:00,1264,SB11,10.8,-300000000.0,notional_at_entry,short,-25485.0,short,1219567521.6000004,0
2018-09-07 00:00:00+00:00,1265,SB11,11.01,300000000.0,notional_at_entry,long,24328.0,long,1213573449.6000004,1
2018-09-10 00:00:00+00:00,1266,SB11,11.2,300000000.0,notional_at_entry,long,24328.0,long,1218750448.0000005,0
2018-09-11 00:00:00+00:00,1267,SB11,11.18,300000000.0,notional_at_entry,long,24328.0,long,1218205500.8000004,0
2018-09-12 00:00:00+00:00,1268,SB11,11.67,300000000.0,notional_at_entry,long,24328.0,long,1231556707.2000003,0
2018-09-13 00:00:00+00:00,1269,SB11,11.68,300000000.0,notional_at_entry,long,24328.0,long,1231829180.8000004,0
2018-09-14 00:00:00+00:00,1270,SB11,12.02,300000000.0,notional_at_entry,long,24328.0,long,1241093283.2000003,0
2018-09-17 00:00:00+00:00,1271,SB11,11.58,300000000.0,notional_at_entry,long,24328.0,long,1229104444.8000004,0
2018-09-18 00:00:00+00:00,1272,SB11,11.5,300000000.0,notional_at_entry,long,24328.0,long,1226924656.0000005,0
2018-09-19 00:00:00+00:00,1273,SB11,11.64,300000000.0,notional_at_entry,long,24328.0,long,1230739286.4000003,0
2018-09-20 00:00:00+00:00,1274,SB11,11.62,300000000.0,notional_at_entry,long,24328.0,long,1230194339.2000003,0
2018-09-21 00:00:00+00:00,1275,SB11,11.68,300000000.0,notional_at_entry,long,24328.0,long,1231829180.8000004,0
2018-09-24 00:00:00+00:00,1276,SB11,11.23,300000000.0,notional_at_entry,long,24328.0,long,1219567868.8000004,0
2018-09-25 00:00:00+00:00,1277,SB11,11.15,300000000.0,notional_at_entry,long,24328.0,long,1217388080.0000005,0
2018-09-26 00:00:00+00:00,1278,SB11,10.91,300000000.0,notional_at_entry,long,24328.0,long,1210848713.6000004,0
2018-09-27 00:00:00+00:00,1279,SB11,10.91,300000000.0,notional_at_entry,long,24328.0,long,1210848713.6000004,0
2018-09-28 00:00:00+00:00,1280,SB11,11.2,300000000.0,notional_at_entry,long,24328.0,long,1218750448.0000005,0
2018-10-01 00:00:00+00:00,1281,SB11,11.61,300000000.0,notional_at_entry,long,24328.0,long,1229921865.6000004,0
2018-10-02 00:00:00+00:00,1282,SB11,12.07,300000000.0,notional_at_entry,long,24328.0,long,1242455651.2000003,0
2018-10-03 00:00:00+00:00,1283,SB11,12.23,300000000.0,notional_at_entry,long,24328.0,long,1246815228.8000004,0
2018-10-04 00:00:00+00:00,1284,SB11,12.33,300000000.0,notional_at_entry,long,24328.0,long,1249539964.8000004,0
2018-10-05 00:00:00+00:00,1285,SB11,12.63,300000000.0,notional_at_entry,long,24328.0,long,1257714172.8000004,0
2018-10-08 00:00:00+00:00,1286,SB11,12.94,300000000.0,notional_at_entry,long,24328.0,long,1266160854.4000003,0
2018-10-09 00:00:00+00:00,1287,SB11,12.97,300000000.0,notional_at_entry,long,24328.0,long,1266978275.2000003,0
2018-10-10 00:00:00+00:00,1288,SB11,12.85,300000000.0,notional_at_entry,long,24328.0,long,1263708592.0000005,0
2018-10-11 00:00:00+00:00,1289,SB11,12.92,300000000.0,notional_at_entry,long,24328.0,long,1265615907.2000003,0
2018-10-12 00:00:00+00:00,1290,SB11,13.07,300000000.0,notional_at_entry,long,24328.0,long,1269703011.2000003,0
2018-10-15 00:00:00+00:00,1291,SB11,13.43,300000000.0,notional_at_entry,long,24328.0,long,1279512060.8000004,0
2018-10-16 00:00:00+00:00,1292,SB11,13.25,300000000.0,notional_at_entry,long,24328.0,long,1274607536.0000005,0
2018-10-17 00:00:00+00:00,1293,SB11,13.73,300000000.0,notional_at_entry,long,24328.0,long,1287686268.8000004,0
2018-10-18 00:00:00+00:00,1294,SB11,13.87,300000000.0,notional_at_entry,long,24328.0,long,1291500899.2000003,0
2018-10-19 00:00:00+00:00,1295,SB11,13.89,300000000.0,notional_at_entry,long,24328.0,long,1292045846.4000003,0
2018-10-22 00:00:00+00:00,1296,SB11,13.82,300000000.0,notional_at_entry,long,24328.0,long,1290138531.2000003,0
2018-10-23 00:00:00+00:00,1297,SB11,13.81,300000000.0,notional_at_entry,long,24328.0,long,1289866057.6000004,0
2018-10-24 00:00:00+00:00,1298,SB11,14.01,300000000.0,notional_at_entry,long,24328.0,long,1295315529.6000004,0
2018-10-25 00:00:00+00:00,1299,SB11,13.97,300000000.0,notional_at_entry,long,24328.0,long,1294225635.2000003,0
2018-10-26 00:00:00+00:00,1300,SB11,13.84,300000000.0,notional_at_entry,long,24328.0,long,1290683478.4000003,0
2018-10-29 00:00:00+00:00,1301,SB11,13.5,300000000.0,notional_at_entry,long,24328.0,long,1281419376.0000005,0
2018-10-30 00:00:00+00:00,1302,SB11,13.32,300000000.0,notional_at_entry,long,24328.0,long,1276514851.2000003,0
2018-10-31 00:00:00+00:00,1303,SB11,13.19,300000000.0,notional_at_entry,long,24328.0,long,1272972694.4000003,0
2018-11-01 00:00:00+00:00,1304,SB11,13.19,300000000.0,notional_at_entry,long,24328.0,long,1272972694.4000003,0
2018-11-02 00:00:00+00:00,1305,SB11,13.44,300000000.0,notional_at_entry,long,24328.0,long,1279784534.4000003,0
2018-11-05 00:00:00+00:00,1306,SB11,13.15,300000000.0,notional_at_entry,long,24328.0,long,1271882800.0000005,0
2018-11-06 00:00:00+00:00,1307,SB11,12.96,300000000.0,notional_at_entry,long,24328.0,long,1266705801.6000004,0
2018-11-07 00:00:00+00:00,1308,SB11,13.01,300000000.0,notional_at_entry,long,24328.0,long,1268068169.6000004,0
2018-11-08 00:00:00+00:00,1309,SB11,12.84,300000000.0,notional_at_entry,long,24328.0,long,1263436118.4000003,0
2018-11-09 00:00:00+00:00,1310,SB11,12.73,300000000.0,notional_at_entry,long,24328.0,long,1260438908.8000004,0
2018-11-12 00:00:00+00:00,1311,SB11,12.94,300000000.0,notional_at_entry,long,24328.0,long,1266160854.4000003,0
2018-11-13 00:00:00+00:00,1312,SB11,12.61,300000000.0,notional_at_entry,long,24328.0,long,1257169225.6000004,0
2018-11-14 00:00:00+00:00,1313,SB11,12.65,300000000.0,notional_at_entry,long,24328.0,long,1258259120.0000005,0
2018-11-15 00:00:00+00:00,1314,SB11,12.65,300000000.0,notional_at_entry,long,24328.0,long,1258259120.0000005,0
2018-11-16 00:00:00+00:00,1315,SB11,12.69,300000000.0,notional_at_entry,long,24328.0,long,1259349014.4000003,0
2018-11-19 00:00:00+00:00,1316,SB11,12.8,300000000.0,notional_at_entry,long,24328.0,long,1262346224.0000005,0
2018-11-20 00:00:00+00:00,1317,SB11,12.46,300000000.0,notional_at_entry,long,24328.0,long,1253082121.6000004,0
2018-11-21 00:00:00+00:00,1318,SB11,12.68,300000000.0,notional_at_entry,long,24328.0,long,1259076540.8000004,0
2018-11-23 00:00:00+00:00,1319,SB11,12.47,300000000.0,notional_at_entry,long,24328.0,long,1253354595.2000003,0
2018-11-26 00:00:00+00:00,1320,SB11,12.48,300000000.0,notional_at_entry,long,24328.0,long,1253627068.8000004,0
2018-11-27 00:00:00+00:00,1321,SB11,12.34,300000000.0,notional_at_entry,long,24328.0,long,1249812438.4000003,0
2018-11-28 00:00:00+00:00,1322,SB11,12.84,300000000.0,notional_at_entry,long,24328.0,long,1263436118.4000003,0
2018-11-29 00:00:00+00:00,1323,SB11,12.87,300000000.0,notional_at_entry,long,24328.0,long,1264253539.2000003,0
2018-11-30 00:00:00+00:00,1324,SB11,12.84,300000000.0,notional_at_entry,long,24328.0,long,1263436118.4000003,0
2018-12-03 00:00:00+00:00,1325,SB11,12.91,-300000000.0,notional_at_entry,short,-20748.0,short,1265343433.6000004,1
2018-12-04 00:00:00+00:00,1326,SB11,12.75,-300000000.0,notional_at_entry,short,-20748.0,short,1269061475.2000003,0
2018-12-06 00:00:00+00:00,1327,SB11,12.64,-300000000.0,notional_at_entry,short,-20748.0,short,1271617628.8000004,0
2018-12-07 00:00:00+00:00,1328,SB11,12.87,-300000000.0,notional_at_entry,short,-20748.0,short,1266272944.0000005,0
2018-12-10 00:00:00+00:00,1329,SB11,12.72,-300000000.0,notional_at_entry,short,-20748.0,short,1269758608.0000005,0
2018-12-11 00:00:00+00:00,1330,SB11,12.83,-300000000.0,notional_at_entry,short,-20748.0,short,1267202454.4000003,0
2018-12-12 00:00:00+00:00,1331,SB11,12.74,-300000000.0,notional_at_entry,short,-20748.0,short,1269293852.8000004,0
2018-12-13 00:00:00+00:00,1332,SB11,12.75,-300000000.0,notional_at_entry,short,-20748.0,short,1269061475.2000003,0
2018-12-14 00:00:00+00:00,1333,SB11,12.65,-300000000.0,notional_at_entry,short,-20748.0,short,1271385251.2000003,0
2018-12-17 00:00:00+00:00,1334,SB11,12.49,-300000000.0,notional_at_entry,short,-20748.0,short,1275103292.8000004,0
2018-12-18 00:00:00+00:00,1335,SB11,12.3,-300000000.0,notional_at_entry,short,-20748.0,short,1279518467.2000003,0
2018-12-19 00:00:00+00:00,1336,SB11,12.47,-300000000.0,notional_at_entry,short,-20748.0,short,1275568048.0000005,0
2018-12-20 00:00:00+00:00,1337,SB11,12.43,-300000000.0,notional_at_entry,short,-20748.0,short,1276497558.4000003,0
2018-12-21 00:00:00+00:00,1338,SB11,12.34,-300000000.0,notional_at_entry,short,-20748.0,short,1278588956.8000004,0
2018-12-24 00:00:00+00:00,1339,SB11,12.4,-300000000.0,notional_at_entry,short,-20748.0,short,1277194691.2000003,0
2018-12-26 00:00:00+00:00,1340,SB11,12.39,-300000000.0,notional_at_entry,short,-20748.0,short,1277427068.8000004,0
2018-12-27 00:00:00+00:00,1341,SB11,12.25,-300000000.0,notional_at_entry,short,-20748.0,short,1280680355.2000003,0
2018-12-28 00:00:00+00:00,1342,SB11,12.39,-300000000.0,notional_at_entry,short,-20748.0,short,1277427068.8000004,0
2018-12-31 00:00:00+00:00,1343,SB11,12.03,-300000000.0,notional_at_entry,short,-20748.0,short,1285792662.4000003,0
2019-01-02 00:00:00+00:00,1344,SB11,11.93,-300000000.0,notional_at_entry,short,-20748.0,short,1288116438.4000003,0
2019-01-03 00:00:00+00:00,1345,SB11,11.69,-300000000.0,notional_at_entry,short,-20748.0,short,1293693500.8000004,0
2019-01-04 00:00:00+00:00,1346,SB11,11.93,-300000000.0,notional_at_entry,short,-20748.0,short,1288116438.4000003,0
2019-01-07 00:00:00+00:00,1347,SB11,12.65,-300000000.0,notional_at_entry,short,-20748.0,short,1271385251.2000003,0
2019-01-08 00:00:00+00:00,1348,SB11,12.76,-300000000.0,notional_at_entry,short,-20748.0,short,1268829097.6000004,0
2019-01-09 00:00:00+00:00,1349,SB11,12.87,-300000000.0,notional_at_entry,short,-20748.0,short,1266272944.0000005,0
2019-01-10 00:00:00+00:00,1350,SB11,12.67,-300000000.0,notional_at_entry,short,-20748.0,short,1270920496.0000005,0
2019-01-11 00:00:00+00:00,1351,SB11,12.78,-300000000.0,notional_at_entry,short,-20748.0,short,1268364342.4000003,0
2019-01-14 00:00:00+00:00,1352,SB11,12.75,-300000000.0,notional_at_entry,short,-20748.0,short,1269061475.2000003,0
2019-01-15 00:00:00+00:00,1353,SB11,13.16,-300000000.0,notional_at_entry,short,-20748.0,short,1259533993.6000004,0
2019-01-16 00:00:00+00:00,1354,SB11,13.17,-300000000.0,notional_at_entry,short,-20748.0,short,1259301616.0000005,0
2019-01-17 00:00:00+00:00,1355,SB11,12.85,-300000000.0,notional_at_entry,short,-20748.0,short,1266737699.2000003,0
2019-01-18 00:00:00+00:00,1356,SB11,13.03,-300000000.0,notional_at_entry,short,-20748.0,short,1262554902.4000003,0
2019-01-22 00:00:00+00:00,1357,SB11,12.93,-300000000.0,notional_at_entry,short,-20748.0,short,1264878678.4000003,0
2019-01-23 00:00:00+00:00,1358,SB11,12.97,-300000000.0,notional_at_entry,short,-20748.0,short,1263949168.0000005,0
2019-01-24 00:00:00+00:00,1359,SB11,12.98,-300000000.0,notional_at_entry,short,-20748.0,short,1263716790.4000003,0
2019-01-25 00:00:00+00:00,1360,SB11,12.44,-300000000.0,notional_at_entry,short,-20748.0,short,1276265180.8000004,0
2019-01-28 00:00:00+00:00,1361,SB11,12.79,-300000000.0,notional_at_entry,short,-20748.0,short,1268131964.8000004,0
2019-01-29 00:00:00+00:00,1362,SB11,12.69,-300000000.0,notional_at_entry,short,-20748.0,short,1270455740.8000004,0
2019-01-30 00:00:00+00:00,1363,SB11,12.53,-300000000.0,notional_at_entry,short,-20748.0,short,1274173782.4000003,0
2019-01-31 00:00:00+00:00,1364,SB11,12.73,-300000000.0,notional_at_entry,short,-20748.0,short,1269526230.4000003,0
2019-02-01 00:00:00+00:00,1365,SB11,12.6,-300000000.0,notional_at_entry,short,-20748.0,short,1272547139.2000003,0
2019-02-04 00:00:00+00:00,1366,SB11,12.85,-300000000.0,notional_at_entry,short,-20748.0,short,1266737699.2000003,0
2019-02-05 00:00:00+00:00,1367,SB11,12.82,-300000000.0,notional_at_entry,short,-20748.0,short,1267434832.0000005,0
2019-02-06 00:00:00+00:00,1368,SB11,12.9,-300000000.0,notional_at_entry,short,-20748.0,short,1265575811.2000003,0
2019-02-07 00:00:00+00:00,1369,SB11,12.73,-300000000.0,notional_at_entry,short,-20748.0,short,1269526230.4000003,0
2019-02-08 00:00:00+00:00,1370,SB11,12.71,-300000000.0,notional_at_entry,short,-20748.0,short,1269990985.6000004,0
2019-02-11 00:00:00+00:00,1371,SB11,12.67,-300000000.0,notional_at_entry,short,-20748.0,short,1270920496.0000005,0
2019-02-12 00:00:00+00:00,1372,SB11,12.85,-300000000.0,notional_at_entry,short,-20748.0,short,1266737699.2000003,0
2019-02-13 00:00:00+00:00,1373,SB11,12.75,-300000000.0,notional_at_entry,short,-20748.0,short,1269061475.2000003,0
2019-02-14 00:00:00+00:00,1374,SB11,12.42,300000000.0,notional_at_entry,long,21566.0,long,1276729936.0000005,1
2019-02-15 00:00:00+00:00,1375,SB11,13.0,300000000.0,notional_at_entry,long,21566.0,long,1290739209.6000004,0
2019-02-19 00:00:00+00:00,1376,SB11,13.23,300000000.0,notional_at_entry,long,21566.0,long,1296294611.2000005,0
2019-02-20 00:00:00+00:00,1377,SB11,13.38,300000000.0,notional_at_entry,long,21566.0,long,1299917699.2000005,0
2019-02-21 00:00:00+00:00,1378,SB11,13.2,300000000.0,notional_at_entry,long,21566.0,long,1295569993.6000004,0
2019-02-22 00:00:00+00:00,1379,SB11,13.3,300000000.0,notional_at_entry,long,21566.0,long,1297985385.6000004,0
2019-02-25 00:00:00+00:00,1380,SB11,13.0,300000000.0,notional_at_entry,long,21566.0,long,1290739209.6000004,0
2019-02-26 00:00:00+00:00,1381,SB11,12.85,300000000.0,notional_at_entry,long,21566.0,long,1287116121.6000004,0
2019-02-27 00:00:00+00:00,1382,SB11,12.97,300000000.0,notional_at_entry,long,21566.0,long,1290014592.0000005,0
2019-02-28 00:00:00+00:00,1383,SB11,12.78,300000000.0,notional_at_entry,long,21566.0,long,1285425347.2000005,0
2019-03-01 00:00:00+00:00,1384,SB11,12.62,300000000.0,notional_at_entry,long,21566.0,long,1281560720.0000005,0
2019-03-04 00:00:00+00:00,1385,SB11,12.36,300000000.0,notional_at_entry,long,21566.0,long,1275280700.8000004,0
2019-03-05 00:00:00+00:00,1386,SB11,12.44,300000000.0,notional_at_entry,long,21566.0,long,1277213014.4000006,0
2019-03-06 00:00:00+00:00,1387,SB11,12.16,300000000.0,notional_at_entry,long,21566.0,long,1270449916.8000004,0
2019-03-07 00:00:00+00:00,1388,SB11,12.14,300000000.0,notional_at_entry,long,21566.0,long,1269966838.4000006,0
2019-03-08 00:00:00+00:00,1389,SB11,12.18,300000000.0,notional_at_entry,long,21566.0,long,1270932995.2000005,0
2019-03-11 00:00:00+00:00,1390,SB11,12.29,300000000.0,notional_at_entry,long,21566.0,long,1273589926.4000006,0
2019-03-12 00:00:00+00:00,1391,SB11,12.33,300000000.0,notional_at_entry,long,21566.0,long,1274556083.2000005,0
2019-03-13 00:00:00+00:00,1392,SB11,12.36,300000000.0,notional_at_entry,long,21566.0,long,1275280700.8000004,0
2019-03-14 00:00:00+00:00,1393,SB11,12.41,300000000.0,notional_at_entry,long,21566.0,long,1276488396.8000004,0
2019-03-15 00:00:00+00:00,1394,SB11,12.52,300000000.0,notional_at_entry,long,21566.0,long,1279145328.0000005,0
2019-03-18 00:00:00+00:00,1395,SB11,12.84,-300000000.0,notional_at_entry,short,-20861.0,short,1286874582.4000006,1
2019-03-19 00:00:00+00:00,1396,SB11,12.78,-300000000.0,notional_at_entry,short,-20861.0,short,1288276441.6000006,0
2019-03-20 00:00:00+00:00,1397,SB11,12.74,-300000000.0,notional_at_entry,short,-20861.0,short,1289211014.4000006,0
2019-03-21 00:00:00+00:00,1398,SB11,12.5,-300000000.0,notional_at_entry,short,-20861.0,short,1294818451.2000005,0
2019-03-22 00:00:00+00:00,1399,SB11,12.57,-300000000.0,notional_at_entry,short,-20861.0,short,1293182948.8000007,0
2019-03-25 00:00:00+00:00,1400,SB11,12.48,-300000000.0,notional_at_entry,short,-20861.0,short,1295285737.6000006,0
2019-03-26 00:00:00+00:00,1401,SB11,12.59,-300000000.0,notional_at_entry,short,-20861.0,short,1292715662.4000006,0
2019-03-27 00:00:00+00:00,1402,SB11,12.58,-300000000.0,notional_at_entry,short,-20861.0,short,1292949305.6000006,0
2019-03-28 00:00:00+00:00,1403,SB11,12.53,-300000000.0,notional_at_entry,short,-20861.0,short,1294117521.6000006,0
2019-03-29 00:00:00+00:00,1404,SB11,12.53,-300000000.0,notional_at_entry,short,-20861.0,short,1294117521.6000006,0
2019-04-01 00:00:00+00:00,1405,SB11,12.67,-300000000.0,notional_at_entry,short,-20861.0,short,1290846516.8000007,0
2019-04-02 00:00:00+00:00,1406,SB11,12.66,-300000000.0,notional_at_entry,short,-20861.0,short,1291080160.0000005,0
2019-04-03 00:00:00+00:00,1407,SB11,12.42,-300000000.0,notional_at_entry,short,-20861.0,short,1296687596.8000007,0
2019-04-04 00:00:00+00:00,1408,SB11,12.71,-300000000.0,notional_at_entry,short,-20861.0,short,1289911944.0000005,0
2019-04-05 00:00:00+00:00,1409,SB11,12.76,-300000000.0,notional_at_entry,short,-20861.0,short,1288743728.0000005,0
2019-04-08 00:00:00+00:00,1410,SB11,12.57,-300000000.0,notional_at_entry,short,-20861.0,short,1293182948.8000007,0
2019-04-09 00:00:00+00:00,1411,SB11,12.78,-300000000.0,notional_at_entry,short,-20861.0,short,1288276441.6000006,0
2019-04-10 00:00:00+00:00,1412,SB11,12.81,-300000000.0,notional_at_entry,short,-20861.0,short,1287575512.0000005,0
2019-04-11 00:00:00+00:00,1413,SB11,12.82,-300000000.0,notional_at_entry,short,-20861.0,short,1287341868.8000007,0
2019-04-12 00:00:00+00:00,1414,SB11,12.92,-300000000.0,notional_at_entry,short,-20861.0,short,1285005436.8000007,0
2019-04-15 00:00:00+00:00,1415,SB11,12.79,-300000000.0,notional_at_entry,short,-20861.0,short,1288042798.4000006,0
2019-04-16 00:00:00+00:00,1416,SB11,12.67,-300000000.0,notional_at_entry,short,-20861.0,short,1290846516.8000007,0
2019-04-17 00:00:00+00:00,1417,SB11,12.53,-300000000.0,notional_at_entry,short,-20861.0,short,1294117521.6000006,0
2019-04-18 00:00:00+00:00,1418,SB11,12.98,-300000000.0,notional_at_entry,short,-20861.0,short,1283603577.6000006,0
2019-04-22 00:00:00+00:00,1419,SB11,12.77,-300000000.0,notional_at_entry,short,-20861.0,short,1288510084.8000007,0
2019-04-23 00:00:00+00:00,1420,SB11,12.9,-300000000.0,notional_at_entry,short,-20861.0,short,1285472723.2000005,0
2019-04-24 00:00:00+00:00,1421,SB11,12.9,-300000000.0,notional_at_entry,short,-20861.0,short,1285472723.2000005,0
2019-04-25 00:00:00+00:00,1422,SB11,12.69,-300000000.0,notional_at_entry,short,-20861.0,short,1290379230.4000006,0
2019-04-26 00:00:00+00:00,1423,SB11,12.65,-300000000.0,notional_at_entry,short,-20861.0,short,1291313803.2000005,0
2019-04-29 00:00:00+00:00,1424,SB11,12.33,-300000000.0,notional_at_entry,short,-20861.0,short,1298790385.6000006,0
2019-04-30 00:00:00+00:00,1425,SB11,12.34,-300000000.0,notional_at_entry,short,-20861.0,short,1298556742.4000006,0
2019-05-01 00:00:00+00:00,1426,SB11,12.21,-300000000.0,notional_at_entry,short,-20861.0,short,1301594104.0000005,0
2019-05-02 00:00:00+00:00,1427,SB11,12.23,-300000000.0,notional_at_entry,short,-20861.0,short,1301126817.6000006,0
2019-05-03 00:00:00+00:00,1428,SB11,12.01,-300000000.0,notional_at_entry,short,-20861.0,short,1306266968.0000005,0
2019-05-06 00:00:00+00:00,1429,SB11,11.88,300000000.0,notional_at_entry,long,22546.0,long,1309304329.6000006,1
2019-05-07 00:00:00+00:00,1430,SB11,11.95,300000000.0,notional_at_entry,long,22546.0,long,1311071936.0000005,0
2019-05-08 00:00:00+00:00,1431,SB11,11.65,300000000.0,notional_at_entry,long,22546.0,long,1303496480.0000007,0
2019-05-09 00:00:00+00:00,1432,SB11,11.78,300000000.0,notional_at_entry,long,22546.0,long,1306779177.6000006,0
2019-05-10 00:00:00+00:00,1433,SB11,11.72,300000000.0,notional_at_entry,long,22546.0,long,1305264086.4000006,0
2019-05-13 00:00:00+00:00,1434,SB11,11.84,300000000.0,notional_at_entry,long,22546.0,long,1308294268.8000007,0
2019-05-14 00:00:00+00:00,1435,SB11,11.94,300000000.0,notional_at_entry,long,22546.0,long,1310819420.8000007,0
2019-05-15 00:00:00+00:00,1436,SB11,11.85,300000000.0,notional_at_entry,long,22546.0,long,1308546784.0000005,0
2019-05-16 00:00:00+00:00,1437,SB11,11.78,300000000.0,notional_at_entry,long,22546.0,long,1306779177.6000006,0
2019-05-17 00:00:00+00:00,1438,SB11,11.55,300000000.0,notional_at_entry,long,22546.0,long,1300971328.0000007,0
2019-05-20 00:00:00+00:00,1439,SB11,11.62,300000000.0,notional_at_entry,long,22546.0,long,1302738934.4000006,0
2019-05-21 00:00:00+00:00,1440,SB11,11.81,300000000.0,notional_at_entry,long,22546.0,long,1307536723.2000005,0
2019-05-22 00:00:00+00:00,1441,SB11,11.62,300000000.0,notional_at_entry,long,22546.0,long,1302738934.4000006,0
2019-05-23 00:00:00+00:00,1442,SB11,11.57,300000000.0,notional_at_entry,long,22546.0,long,1301476358.4000006,0
2019-05-24 00:00:00+00:00,1443,SB11,11.66,300000000.0,notional_at_entry,long,22546.0,long,1303748995.2000005,0
2019-05-28 00:00:00+00:00,1444,SB11,11.75,300000000.0,notional_at_entry,long,22546.0,long,1306021632.0000007,0
2019-05-29 00:00:00+00:00,1445,SB11,11.87,300000000.0,notional_at_entry,long,22546.0,long,1309051814.4000006,0
2019-05-30 00:00:00+00:00,1446,SB11,11.76,300000000.0,notional_at_entry,long,22546.0,long,1306274147.2000005,0
2019-05-31 00:00:00+00:00,1447,SB11,12.1,300000000.0,notional_at_entry,long,22546.0,long,1314859664.0000005,0
2019-06-03 00:00:00+00:00,1448,SB11,12.19,300000000.0,notional_at_entry,long,22546.0,long,1317132300.8000007,0
2019-06-04 00:00:00+00:00,1449,SB11,12.42,300000000.0,notional_at_entry,long,22546.0,long,1322940150.4000006,0
2019-06-05 00:00:00+00:00,1450,SB11,12.21,300000000.0,notional_at_entry,long,22546.0,long,1317637331.2000005,0
2019-06-06 00:00:00+00:00,1451,SB11,12.51,-300000000.0,notional_at_entry,short,-21411.0,short,1325212787.2000005,1
2019-06-07 00:00:00+00:00,1452,SB11,12.5,-300000000.0,notional_at_entry,short,-21411.0,short,1325452590.4000006,0
2019-06-10 00:00:00+00:00,1453,SB11,12.4,-300000000.0,notional_at_entry,short,-21411.0,short,1327850622.4000006,0
2019-06-11 00:00:00+00:00,1454,SB11,12.83,-300000000.0,notional_at_entry,short,-21411.0,short,1317539084.8000004,0
2019-06-12 00:00:00+00:00,1455,SB11,12.86,-300000000.0,notional_at_entry,short,-21411.0,short,1316819675.2000005,0
2019-06-13 00:00:00+00:00,1456,SB11,12.91,-300000000.0,notional_at_entry,short,-21411.0,short,1315620659.2000005,0
2019-06-14 00:00:00+00:00,1457,SB11,12.92,-300000000.0,notional_at_entry,short,-21411.0,short,1315380856.0000005,0
2019-06-17 00:00:00+00:00,1458,SB11,12.84,-300000000.0,notional_at_entry,short,-21411.0,short,1317299281.6000006,0
2019-06-18 00:00:00+00:00,1459,SB11,12.83,-300000000.0,notional_at_entry,short,-21411.0,short,1317539084.8000004,0
2019-06-19 00:00:00+00:00,1460,SB11,12.74,-300000000.0,notional_at_entry,short,-21411.0,short,1319697313.6000006,0
2019-06-20 00:00:00+00:00,1461,SB11,12.68,-300000000.0,notional_at_entry,short,-21411.0,short,1321136132.8000004,0
2019-06-21 00:00:00+00:00,1462,SB11,12.48,-300000000.0,notional_at_entry,short,-21411.0,short,1325932196.8000004,0
2019-06-24 00:00:00+00:00,1463,SB11,12.47,-300000000.0,notional_at_entry,short,-21411.0,short,1326172000.0000005,0
2019-06-25 00:00:00+00:00,1464,SB11,12.57,-300000000.0,notional_at_entry,short,-21411.0,short,1323773968.0000005,0
2019-06-26 00:00:00+00:00,1465,SB11,12.32,-300000000.0,notional_at_entry,short,-21411.0,short,1329769048.0000005,0
2019-06-27 00:00:00+00:00,1466,SB11,12.78,-300000000.0,notional_at_entry,short,-21411.0,short,1318738100.8000004,0
2019-06-28 00:00:00+00:00,1467,SB11,12.62,-300000000.0,notional_at_entry,short,-21411.0,short,1322574952.0000005,0
2019-07-01 00:00:00+00:00,1468,SB11,12.57,-300000000.0,notional_at_entry,short,-21411.0,short,1323773968.0000005,0
2019-07-02 00:00:00+00:00,1469,SB11,12.35,-300000000.0,notional_at_entry,short,-21411.0,short,1329049638.4000006,0
2019-07-03 00:00:00+00:00,1470,SB11,12.54,-300000000.0,notional_at_entry,short,-21411.0,short,1324493377.6000006,0
2019-07-05 00:00:00+00:00,1471,SB11,12.36,-300000000.0,notional_at_entry,short,-21411.0,short,1328809835.2000005,0
2019-07-08 00:00:00+00:00,1472,SB11,12.45,-300000000.0,notional_at_entry,short,-21411.0,short,1326651606.4000006,0
2019-07-09 00:00:00+00:00,1473,SB11,12.35,300000000.0,notional_at_entry,long,21688.0,long,1329049638.4000006,1
2019-07-10 00:00:00+00:00,1474,SB11,12.5,300000000.0,notional_at_entry,long,21688.0,long,1332693222.4000006,0
2019-07-11 00:00:00+00:00,1475,SB11,12.38,300000000.0,notional_at_entry,long,21688.0,long,1329778355.2000005,0
2019-07-12 00:00:00+00:00,1476,SB11,12.3,300000000.0,notional_at_entry,long,21688.0,long,1327835110.4000006,0
2019-07-15 00:00:00+00:00,1477,SB11,12.06,300000000.0,notional_at_entry,long,21688.0,long,1322005376.0000005,0
2019-07-16 00:00:00+00:00,1478,SB11,11.99,300000000.0,notional_at_entry,long,21688.0,long,1320305036.8000007,0
2019-07-17 00:00:00+00:00,1479,SB11,11.79,300000000.0,notional_at_entry,long,21688.0,long,1315446924.8000007,0
2019-07-18 00:00:00+00:00,1480,SB11,11.55,300000000.0,notional_at_entry,long,21688.0,long,1309617190.4000006,0
2019-07-19 00:00:00+00:00,1481,SB11,11.59,300000000.0,notional_at_entry,long,21688.0,long,1310588812.8000007,0
2019-07-22 00:00:00+00:00,1482,SB11,11.56,300000000.0,notional_at_entry,long,21688.0,long,1309860096.0000005,0
2019-07-23 00:00:00+00:00,1483,SB11,11.98,300000000.0,notional_at_entry,long,21688.0,long,1320062131.2000005,0
2019-07-24 00:00:00+00:00,1484,SB11,12.06,300000000.0,notional_at_entry,long,21688.0,long,1322005376.0000005,0
2019-07-25 00:00:00+00:00,1485,SB11,12.0,300000000.0,notional_at_entry,long,21688.0,long,1320547942.4000006,0
2019-07-26 00:00:00+00:00,1486,SB11,12.02,300000000.0,notional_at_entry,long,21688.0,long,1321033753.6000006,0
2019-07-29 00:00:00+00:00,1487,SB11,12.07,300000000.0,notional_at_entry,long,21688.0,long,1322248281.6000006,0
2019-07-30 00:00:00+00:00,1488,SB11,12.15,300000000.0,notional_at_entry,long,21688.0,long,1324191526.4000006,0
2019-07-31 00:00:00+00:00,1489,SB11,12.21,300000000.0,notional_at_entry,long,21688.0,long,1325648960.0000007,0
2019-08-01 00:00:00+00:00,1490,SB11,12.12,300000000.0,notional_at_entry,long,21688.0,long,1323462809.6000006,0
2019-08-02 00:00:00+00:00,1491,SB11,12.02,300000000.0,notional_at_entry,long,21688.0,long,1321033753.6000006,0
2019-08-05 00:00:00+00:00,1492,SB11,11.82,300000000.0,notional_at_entry,long,21688.0,long,1316175641.6000006,0
2019-08-06 00:00:00+00:00,1493,SB11,11.73,300000000.0,notional_at_entry,long,21688.0,long,1313989491.2000005,0
2019-08-07 00:00:00+00:00,1494,SB11,11.34,300000000.0,notional_at_entry,long,21688.0,long,1304516172.8000007,0
2019-08-08 00:00:00+00:00,1495,SB11,11.43,300000000.0,notional_at_entry,long,21688.0,long,1306702323.2000005,0
2019-08-09 00:00:00+00:00,1496,SB11,11.86,300000000.0,notional_at_entry,long,21688.0,long,1317147264.0000005,0
2019-08-12 00:00:00+00:00,1497,SB11,11.56,300000000.0,notional_at_entry,long,21688.0,long,1309860096.0000005,0
2019-08-13 00:00:00+00:00,1498,SB11,11.72,300000000.0,notional_at_entry,long,21688.0,long,1313746585.6000006,0
2019-08-14 00:00:00+00:00,1499,SB11,11.61,300000000.0,notional_at_entry,long,21688.0,long,1311074624.0000005,0
2019-08-15 00:00:00+00:00,1500,SB11,11.63,300000000.0,notional_at_entry,long,21688.0,long,1311560435.2000005,0
2019-08-16 00:00:00+00:00,1501,SB11,11.64,300000000.0,notional_at_entry,long,21688.0,long,1311803340.8000007,0
2019-08-19 00:00:00+00:00,1502,SB11,11.47,300000000.0,notional_at_entry,long,21688.0,long,1307673945.6000006,0
2019-08-20 00:00:00+00:00,1503,SB11,11.44,300000000.0,notional_at_entry,long,21688.0,long,1306945228.8000007,0
2019-08-21 00:00:00+00:00,1504,SB11,11.39,300000000.0,notional_at_entry,long,21688.0,long,1305730700.8000007,0
2019-08-22 00:00:00+00:00,1505,SB11,11.58,-300000000.0,notional_at_entry,short,-23131.0,short,1310345907.2000005,1
2019-08-23 00:00:00+00:00,1506,SB11,11.47,-300000000.0,notional_at_entry,short,-23131.0,short,1313195646.4000006,0
2019-08-26 00:00:00+00:00,1507,SB11,11.43,-300000000.0,notional_at_entry,short,-23131.0,short,1314231915.2000005,0
2019-08-27 00:00:00+00:00,1508,SB11,11.24,-300000000.0,notional_at_entry,short,-23131.0,short,1319154192.0000005,0
2019-08-28 00:00:00+00:00,1509,SB11,11.37,-300000000.0,notional_at_entry,short,-23131.0,short,1315786318.4000006,0
2019-08-29 00:00:00+00:00,1510,SB11,11.21,-300000000.0,notional_at_entry,short,-23131.0,short,1319931393.6000006,0
2019-08-30 00:00:00+00:00,1511,SB11,11.14,-300000000.0,notional_at_entry,short,-23131.0,short,1321744864.0000005,0
2019-09-03 00:00:00+00:00,1512,SB11,11.19,-300000000.0,notional_at_entry,short,-23131.0,short,1320449528.0000005,0
2019-09-04 00:00:00+00:00,1513,SB11,11.01,-300000000.0,notional_at_entry,short,-23131.0,short,1325112737.6000006,0
2019-09-05 00:00:00+00:00,1514,SB11,10.97,-300000000.0,notional_at_entry,short,-23131.0,short,1326149006.4000006,0
2019-09-06 00:00:00+00:00,1515,SB11,11.02,-300000000.0,notional_at_entry,short,-23131.0,short,1324853670.4000006,0
2019-09-09 00:00:00+00:00,1516,SB11,10.92,-300000000.0,notional_at_entry,short,-23131.0,short,1327444342.4000006,0
2019-09-10 00:00:00+00:00,1517,SB11,10.88,-300000000.0,notional_at_entry,short,-23131.0,short,1328480611.2000005,0
2019-09-11 00:00:00+00:00,1518,SB11,10.81,-300000000.0,notional_at_entry,short,-23131.0,short,1330294081.6000006,0
2019-09-12 00:00:00+00:00,1519,SB11,11.84,-300000000.0,notional_at_entry,short,-23131.0,short,1303610160.0000005,0
2019-09-13 00:00:00+00:00,1520,SB11,11.94,-300000000.0,notional_at_entry,short,-23131.0,short,1301019488.0000005,0
2019-09-16 00:00:00+00:00,1521,SB11,12.26,-300000000.0,notional_at_entry,short,-23131.0,short,1292729337.6000006,0
2019-09-17 00:00:00+00:00,1522,SB11,12.1,-300000000.0,notional_at_entry,short,-23131.0,short,1296874412.8000004,0
2019-09-18 00:00:00+00:00,1523,SB11,12.07,-300000000.0,notional_at_entry,short,-23131.0,short,1297651614.4000006,0
2019-09-19 00:00:00+00:00,1524,SB11,12.0,-300000000.0,notional_at_entry,short,-23131.0,short,1299465084.8000004,0
2019-09-20 00:00:00+00:00,1525,SB11,12.07,-300000000.0,notional_at_entry,short,-23131.0,short,1297651614.4000006,0
2019-09-23 00:00:00+00:00,1526,SB11,12.21,-300000000.0,notional_at_entry,short,-23131.0,short,1294024673.6000006,0
2019-09-24 00:00:00+00:00,1527,SB11,12.41,-300000000.0,notional_at_entry,short,-23131.0,short,1288843329.6000006,0
2019-09-25 00:00:00+00:00,1528,SB11,12.66,-300000000.0,notional_at_entry,short,-23131.0,short,1282366649.6000006,0
2019-09-26 00:00:00+00:00,1529,SB11,12.62,-300000000.0,notional_at_entry,short,-23131.0,short,1283402918.4000006,0
2019-09-27 00:00:00+00:00,1530,SB11,12.62,-300000000.0,notional_at_entry,short,-23131.0,short,1283402918.4000006,0
2019-09-30 00:00:00+00:00,1531,SB11,12.65,-300000000.0,notional_at_entry,short,-23131.0,short,1282625716.8000004,0
2019-10-01 00:00:00+00:00,1532,SB11,12.88,-300000000.0,notional_at_entry,short,-23131.0,short,1276667171.2000005,0
2019-10-02 00:00:00+00:00,1533,SB11,12.89,-300000000.0,notional_at_entry,short,-23131.0,short,1276408104.0000005,0
2019-10-03 00:00:00+00:00,1534,SB11,12.74,-300000000.0,notional_at_entry,short,-23131.0,short,1280294112.0000005,0
2019-10-04 00:00:00+00:00,1535,SB11,12.76,-300000000.0,notional_at_entry,short,-23131.0,short,1279775977.6000006,0
2019-10-07 00:00:00+00:00,1536,SB11,12.52,-300000000.0,notional_at_entry,short,-23131.0,short,1285993590.4000006,0
2019-10-08 00:00:00+00:00,1537,SB11,12.46,-300000000.0,notional_at_entry,short,-23131.0,short,1287547993.6000006,0
2019-10-09 00:00:00+00:00,1538,SB11,12.41,-300000000.0,notional_at_entry,short,-23131.0,short,1288843329.6000006,0
2019-10-10 00:00:00+00:00,1539,SB11,12.41,-300000000.0,notional_at_entry,short,-23131.0,short,1288843329.6000006,0
2019-10-11 00:00:00+00:00,1540,SB11,12.41,-300000000.0,notional_at_entry,short,-23131.0,short,1288843329.6000006,0
2019-10-14 00:00:00+00:00,1541,SB11,12.52,-300000000.0,notional_at_entry,short,-23131.0,short,1285993590.4000006,0
2019-10-15 00:00:00+00:00,1542,SB11,12.59,-300000000.0,notional_at_entry,short,-23131.0,short,1284180120.0000005,0
2019-10-16 00:00:00+00:00,1543,SB11,12.35,-300000000.0,notional_at_entry,short,-23131.0,short,1290397732.8000004,0
2019-10-17 00:00:00+00:00,1544,SB11,12.24,-300000000.0,notional_at_entry,short,-23131.0,short,1293247472.0000005,0
2019-10-18 00:00:00+00:00,1545,SB11,12.32,-300000000.0,notional_at_entry,short,-23131.0,short,1291174934.4000006,0
2019-10-21 00:00:00+00:00,1546,SB11,12.27,-300000000.0,notional_at_entry,short,-23131.0,short,1292470270.4000006,0
2019-10-22 00:00:00+00:00,1547,SB11,12.18,-300000000.0,notional_at_entry,short,-23131.0,short,1294801875.2000005,0
2019-10-23 00:00:00+00:00,1548,SB11,12.15,-300000000.0,notional_at_entry,short,-23131.0,short,1295579076.8000004,0
2019-10-24 00:00:00+00:00,1549,SB11,12.3,300000000.0,notional_at_entry,long,21777.0,long,1291693068.8000004,1
2019-10-25 00:00:00+00:00,1550,SB11,12.35,300000000.0,notional_at_entry,long,21777.0,long,1292912580.8000004,0
2019-10-28 00:00:00+00:00,1551,SB11,12.54,300000000.0,notional_at_entry,long,21777.0,long,1297546726.4000003,0
2019-10-29 00:00:00+00:00,1552,SB11,12.34,300000000.0,notional_at_entry,long,21777.0,long,1292668678.4000003,0
2019-10-30 00:00:00+00:00,1553,SB11,12.41,300000000.0,notional_at_entry,long,21777.0,long,1294375995.2000005,0
2019-10-31 00:00:00+00:00,1554,SB11,12.48,300000000.0,notional_at_entry,long,21777.0,long,1296083312.0000005,0
2019-11-01 00:00:00+00:00,1555,SB11,12.48,300000000.0,notional_at_entry,long,21777.0,long,1296083312.0000005,0
2019-11-04 00:00:00+00:00,1556,SB11,12.51,300000000.0,notional_at_entry,long,21777.0,long,1296815019.2000005,0
2019-11-05 00:00:00+00:00,1557,SB11,12.71,300000000.0,notional_at_entry,long,21777.0,long,1301693067.2000005,0
2019-11-06 00:00:00+00:00,1558,SB11,12.56,300000000.0,notional_at_entry,long,21777.0,long,1298034531.2000005,0
2019-11-07 00:00:00+00:00,1559,SB11,12.39,300000000.0,notional_at_entry,long,21777.0,long,1293888190.4000003,0
2019-11-08 00:00:00+00:00,1560,SB11,12.57,300000000.0,notional_at_entry,long,21777.0,long,1298278433.6000004,0
2019-11-11 00:00:00+00:00,1561,SB11,12.57,300000000.0,notional_at_entry,long,21777.0,long,1298278433.6000004,0
2019-11-12 00:00:00+00:00,1562,SB11,12.59,300000000.0,notional_at_entry,long,21777.0,long,1298766238.4000003,0
2019-11-13 00:00:00+00:00,1563,SB11,12.85,300000000.0,notional_at_entry,long,21777.0,long,1305107700.8000004,0
2019-11-14 00:00:00+00:00,1564,SB11,12.81,300000000.0,notional_at_entry,long,21777.0,long,1304132091.2000005,0
2019-11-15 00:00:00+00:00,1565,SB11,12.73,300000000.0,notional_at_entry,long,21777.0,long,1302180872.0000005,0
2019-11-18 00:00:00+00:00,1566,SB11,12.76,300000000.0,notional_at_entry,long,21777.0,long,1302912579.2000005,0
2019-11-19 00:00:00+00:00,1567,SB11,12.69,300000000.0,notional_at_entry,long,21777.0,long,1301205262.4000003,0
2019-11-20 00:00:00+00:00,1568,SB11,12.75,300000000.0,notional_at_entry,long,21777.0,long,1302668676.8000004,0
2019-11-21 00:00:00+00:00,1569,SB11,12.61,300000000.0,notional_at_entry,long,21777.0,long,1299254043.2000003,0
2019-11-22 00:00:00+00:00,1570,SB11,12.83,300000000.0,notional_at_entry,long,21777.0,long,1304619896.0000005,0
2019-11-25 00:00:00+00:00,1571,SB11,12.82,300000000.0,notional_at_entry,long,21777.0,long,1304375993.6000004,0
2019-11-26 00:00:00+00:00,1572,SB11,12.78,300000000.0,notional_at_entry,long,21777.0,long,1303400384.0000005,0
2019-11-27 00:00:00+00:00,1573,SB11,12.79,300000000.0,notional_at_entry,long,21777.0,long,1303644286.4000003,0
2019-11-29 00:00:00+00:00,1574,SB11,12.94,300000000.0,notional_at_entry,long,21777.0,long,1307302822.4000003,0
2019-12-02 00:00:00+00:00,1575,SB11,12.75,300000000.0,notional_at_entry,long,21777.0,long,1302668676.8000004,0
2019-12-03 00:00:00+00:00,1576,SB11,12.86,300000000.0,notional_at_entry,long,21777.0,long,1305351603.2000003,0
2019-12-04 00:00:00+00:00,1577,SB11,13.06,300000000.0,notional_at_entry,long,21777.0,long,1310229651.2000005,0
2019-12-05 00:00:00+00:00,1578,SB11,13.08,300000000.0,notional_at_entry,long,21777.0,long,1310717456.0000005,0
2019-12-06 00:00:00+00:00,1579,SB11,13.18,300000000.0,notional_at_entry,long,21777.0,long,1313156480.0000005,0
2019-12-09 00:00:00+00:00,1580,SB11,13.38,300000000.0,notional_at_entry,long,21777.0,long,1318034528.0000005,0
2019-12-10 00:00:00+00:00,1581,SB11,13.46,-300000000.0,notional_at_entry,short,-19900.0,short,1319985747.2000005,1
2019-12-11 00:00:00+00:00,1582,SB11,13.42,-300000000.0,notional_at_entry,short,-19900.0,short,1320877267.2000005,0
2019-12-12 00:00:00+00:00,1583,SB11,13.52,-300000000.0,notional_at_entry,short,-19900.0,short,1318648467.2000005,0
2019-12-13 00:00:00+00:00,1584,SB11,13.5,-300000000.0,notional_at_entry,short,-19900.0,short,1319094227.2000005,0
2019-12-16 00:00:00+00:00,1585,SB11,13.29,-300000000.0,notional_at_entry,short,-19900.0,short,1323774707.2000005,0
2019-12-17 00:00:00+00:00,1586,SB11,13.27,300000000.0,notional_at_entry,long,20185.0,long,1324220467.2000005,1
2019-12-18 00:00:00+00:00,1587,SB11,13.43,300000000.0,notional_at_entry,long,20185.0,long,1327837619.2000005,0
2019-12-19 00:00:00+00:00,1588,SB11,13.55,300000000.0,notional_at_entry,long,20185.0,long,1330550483.2000005,0
2019-12-20 00:00:00+00:00,1589,SB11,13.54,300000000.0,notional_at_entry,long,20185.0,long,1330324411.2000005,0
2019-12-23 00:00:00+00:00,1590,SB11,13.45,300000000.0,notional_at_entry,long,20185.0,long,1328289763.2000005,0
2019-12-24 00:00:00+00:00,1591,SB11,13.37,300000000.0,notional_at_entry,long,20185.0,long,1326481187.2000005,0
2019-12-26 00:00:00+00:00,1592,SB11,13.44,300000000.0,notional_at_entry,long,20185.0,long,1328063691.2000005,0
2019-12-27 00:00:00+00:00,1593,SB11,13.54,300000000.0,notional_at_entry,long,20185.0,long,1330324411.2000005,0
2019-12-30 00:00:00+00:00,1594,SB11,13.53,300000000.0,notional_at_entry,long,20185.0,long,1330098339.2000005,0
2019-12-31 00:00:00+00:00,1595,SB11,13.42,300000000.0,notional_at_entry,long,20185.0,long,1327611547.2000005,0
2020-01-02 00:00:00+00:00,1596,SB11,13.13,300000000.0,notional_at_entry,long,20185.0,long,1321055459.2000005,0
2020-01-03 00:00:00+00:00,1597,SB11,13.31,300000000.0,notional_at_entry,long,20185.0,long,1325124755.2000005,0
2020-01-06 00:00:00+00:00,1598,SB11,13.73,300000000.0,notional_at_entry,long,20185.0,long,1334619779.2000005,0
2020-01-07 00:00:00+00:00,1599,SB11,13.59,300000000.0,notional_at_entry,long,20185.0,long,1331454771.2000005,0
2020-01-08 00:00:00+00:00,1600,SB11,13.47,300000000.0,notional_at_entry,long,20185.0,long,1328741907.2000005,0
2020-01-09 00:00:00+00:00,1601,SB11,13.71,300000000.0,notional_at_entry,long,20185.0,long,1334167635.2000005,0
2020-01-10 00:00:00+00:00,1602,SB11,14.07,300000000.0,notional_at_entry,long,20185.0,long,1342306227.2000005,0
2020-01-13 00:00:00+00:00,1603,SB11,14.16,300000000.0,notional_at_entry,long,20185.0,long,1344340875.2000005,0
2020-01-14 00:00:00+00:00,1604,SB11,14.32,300000000.0,notional_at_entry,long,20185.0,long,1347958027.2000005,0
2020-01-15 00:00:00+00:00,1605,SB11,14.52,300000000.0,notional_at_entry,long,20185.0,long,1352479467.2000005,0
2020-01-16 00:00:00+00:00,1606,SB11,14.43,300000000.0,notional_at_entry,long,20185.0,long,1350444819.2000005,0
2020-01-17 00:00:00+00:00,1607,SB11,14.45,300000000.0,notional_at_entry,long,20185.0,long,1350896963.2000005,0
2020-01-21 00:00:00+00:00,1608,SB11,14.55,300000000.0,notional_at_entry,long,20185.0,long,1353157683.2000005,0
2020-01-22 00:00:00+00:00,1609,SB11,14.66,300000000.0,notional_at_entry,long,20185.0,long,1355644475.2000005,0
2020-01-23 00:00:00+00:00,1610,SB11,14.57,300000000.0,notional_at_entry,long,20185.0,long,1353609827.2000005,0
2020-01-24 00:00:00+00:00,1611,SB11,14.39,300000000.0,notional_at_entry,long,20185.0,long,1349540531.2000005,0
2020-01-27 00:00:00+00:00,1612,SB11,14.21,300000000.0,notional_at_entry,long,20185.0,long,1345471235.2000005,0
2020-01-28 00:00:00+00:00,1613,SB11,14.54,300000000.0,notional_at_entry,long,20185.0,long,1352931611.2000005,0
2020-01-29 00:00:00+00:00,1614,SB11,14.49,300000000.0,notional_at_entry,long,20185.0,long,1351801251.2000005,0
2020-01-30 00:00:00+00:00,1615,SB11,14.59,300000000.0,notional_at_entry,long,20185.0,long,1354061971.2000005,0
2020-01-31 00:00:00+00:00,1616,SB11,14.61,300000000.0,notional_at_entry,long,20185.0,long,1354514115.2000005,0
2020-02-03 00:00:00+00:00,1617,SB11,14.89,300000000.0,notional_at_entry,long,20185.0,long,1360844131.2000005,0
2020-02-04 00:00:00+00:00,1618,SB11,14.71,300000000.0,notional_at_entry,long,20185.0,long,1356774835.2000005,0
2020-02-05 00:00:00+00:00,1619,SB11,14.73,300000000.0,notional_at_entry,long,20185.0,long,1357226979.2000005,0
2020-02-06 00:00:00+00:00,1620,SB11,14.74,300000000.0,notional_at_entry,long,20185.0,long,1357453051.2000005,0
2020-02-07 00:00:00+00:00,1621,SB11,14.92,300000000.0,notional_at_entry,long,20185.0,long,1361522347.2000005,0
2020-02-10 00:00:00+00:00,1622,SB11,15.04,300000000.0,notional_at_entry,long,20185.0,long,1364235211.2000005,0
2020-02-11 00:00:00+00:00,1623,SB11,15.41,300000000.0,notional_at_entry,long,20185.0,long,1372599875.2000005,0
2020-02-12 00:00:00+00:00,1624,SB11,15.06,300000000.0,notional_at_entry,long,20185.0,long,1364687355.2000005,0
2020-02-13 00:00:00+00:00,1625,SB11,14.78,300000000.0,notional_at_entry,long,20185.0,long,1358357339.2000005,0
2020-02-14 00:00:00+00:00,1626,SB11,14.55,300000000.0,notional_at_entry,long,20185.0,long,1353157683.2000005,0
2020-02-18 00:00:00+00:00,1627,SB11,14.87,300000000.0,notional_at_entry,long,20185.0,long,1360391987.2000005,0
2020-02-19 00:00:00+00:00,1628,SB11,15.08,300000000.0,notional_at_entry,long,20185.0,long,1365139499.2000005,0
2020-02-20 00:00:00+00:00,1629,SB11,14.94,300000000.0,notional_at_entry,long,20185.0,long,1361974491.2000005,0
2020-02-21 00:00:00+00:00,1630,SB11,15.12,300000000.0,notional_at_entry,long,20185.0,long,1366043787.2000005,0
2020-02-24 00:00:00+00:00,1631,SB11,14.73,300000000.0,notional_at_entry,long,20185.0,long,1357226979.2000005,0
2020-02-25 00:00:00+00:00,1632,SB11,14.74,-300000000.0,notional_at_entry,short,-18172.0,short,1357453051.2000005,1
2020-02-26 00:00:00+00:00,1633,SB11,14.54,-300000000.0,notional_at_entry,short,-18172.0,short,1361523579.2000005,0
2020-02-27 00:00:00+00:00,1634,SB11,14.2,-300000000.0,notional_at_entry,short,-18172.0,short,1368443476.8000004,0
2020-02-28 00:00:00+00:00,1635,SB11,14.14,-300000000.0,notional_at_entry,short,-18172.0,short,1369664635.2000005,0
2020-03-02 00:00:00+00:00,1636,SB11,13.81,-300000000.0,notional_at_entry,short,-18172.0,short,1376381006.4000006,0
2020-03-03 00:00:00+00:00,1637,SB11,13.76,-300000000.0,notional_at_entry,short,-18172.0,short,1377398638.4000006,0
2020-03-04 00:00:00+00:00,1638,SB11,13.47,-300000000.0,notional_at_entry,short,-18172.0,short,1383300904.0000005,0
2020-03-05 00:00:00+00:00,1639,SB11,13.42,-300000000.0,notional_at_entry,short,-18172.0,short,1384318536.0000005,0
2020-03-06 00:00:00+00:00,1640,SB11,13.02,-300000000.0,notional_at_entry,short,-18172.0,short,1392459592.0000005,0
2020-03-09 00:00:00+00:00,1641,SB11,12.61,-300000000.0,notional_at_entry,short,-18172.0,short,1400804174.4000006,0
2020-03-10 00:00:00+00:00,1642,SB11,12.59,-300000000.0,notional_at_entry,short,-18172.0,short,1401211227.2000005,0
2020-03-11 00:00:00+00:00,1643,SB11,12.26,-300000000.0,notional_at_entry,short,-18172.0,short,1407927598.4000006,0
2020-03-12 00:00:00+00:00,1644,SB11,11.62,-300000000.0,notional_at_entry,short,-18172.0,short,1420953288.0000005,0
2020-03-13 00:00:00+00:00,1645,SB11,11.7,-300000000.0,notional_at_entry,short,-18172.0,short,1419325076.8000007,0
2020-03-16 00:00:00+00:00,1646,SB11,11.09,-300000000.0,notional_at_entry,short,-18172.0,short,1431740187.2000005,0
2020-03-17 00:00:00+00:00,1647,SB11,10.89,-300000000.0,notional_at_entry,short,-18172.0,short,1435810715.2000005,0
2020-03-18 00:00:00+00:00,1648,SB11,10.67,-300000000.0,notional_at_entry,short,-18172.0,short,1440288296.0000005,0
2020-03-19 00:00:00+00:00,1649,SB11,10.59,-300000000.0,notional_at_entry,short,-18172.0,short,1441916507.2000005,0
2020-03-20 00:00:00+00:00,1650,SB11,10.91,-300000000.0,notional_at_entry,short,-18172.0,short,1435403662.4000006,0
2020-03-23 00:00:00+00:00,1651,SB11,11.04,-300000000.0,notional_at_entry,short,-18172.0,short,1432757819.2000005,0
2020-03-24 00:00:00+00:00,1652,SB11,11.27,-300000000.0,notional_at_entry,short,-18172.0,short,1428076712.0000005,0
2020-03-25 00:00:00+00:00,1653,SB11,11.41,-300000000.0,notional_at_entry,short,-18172.0,short,1425227342.4000006,0
2020-03-26 00:00:00+00:00,1654,SB11,11.33,-300000000.0,notional_at_entry,short,-18172.0,short,1426855553.6000006,0
2020-03-27 00:00:00+00:00,1655,SB11,11.1,-300000000.0,notional_at_entry,short,-18172.0,short,1431536660.8000007,0
2020-03-30 00:00:00+00:00,1656,SB11,10.73,-300000000.0,notional_at_entry,short,-18172.0,short,1439067137.6000006,0
2020-03-31 00:00:00+00:00,1657,SB11,10.42,-300000000.0,notional_at_entry,short,-18172.0,short,1445376456.0000005,0
2020-04-01 00:00:00+00:00,1658,SB11,10.04,-300000000.0,notional_at_entry,short,-18172.0,short,1453110459.2000005,0
2020-04-02 00:00:00+00:00,1659,SB11,10.29,-300000000.0,notional_at_entry,short,-18172.0,short,1448022299.2000005,0
2020-04-03 00:00:00+00:00,1660,SB11,10.31,-300000000.0,notional_at_entry,short,-18172.0,short,1447615246.4000006,0
2020-04-06 00:00:00+00:00,1661,SB11,10.45,-300000000.0,notional_at_entry,short,-18172.0,short,1444765876.8000007,0
2020-04-07 00:00:00+00:00,1662,SB11,10.38,-300000000.0,notional_at_entry,short,-18172.0,short,1446190561.6000004,0
2020-04-08 00:00:00+00:00,1663,SB11,10.37,-300000000.0,notional_at_entry,short,-18172.0,short,1446394088.0000005,0
2020-04-09 00:00:00+00:00,1664,SB11,10.43,-300000000.0,notional_at_entry,short,-18172.0,short,1445172929.6000006,0
2020-04-13 00:00:00+00:00,1665,SB11,10.17,300000000.0,notional_at_entry,long,26337.0,long,1450464616.0000005,1
2020-04-14 00:00:00+00:00,1666,SB11,10.25,300000000.0,notional_at_entry,long,26337.0,long,1452824411.2000005,0
2020-04-15 00:00:00+00:00,1667,SB11,10.28,300000000.0,notional_at_entry,long,26337.0,long,1453709334.4000006,0
2020-04-16 00:00:00+00:00,1668,SB11,10.33,300000000.0,notional_at_entry,long,26337.0,long,1455184206.4000006,0
2020-04-17 00:00:00+00:00,1669,SB11,10.53,300000000.0,notional_at_entry,long,26337.0,long,1461083694.4000006,0
2020-04-20 00:00:00+00:00,1670,SB11,10.26,300000000.0,notional_at_entry,long,26337.0,long,1453119385.6000004,0
2020-04-21 00:00:00+00:00,1671,SB11,10.01,300000000.0,notional_at_entry,long,26337.0,long,1445745025.6000004,0
2020-04-22 00:00:00+00:00,1672,SB11,10.01,300000000.0,notional_at_entry,long,26337.0,long,1445745025.6000004,0
2020-04-23 00:00:00+00:00,1673,SB11,10.01,300000000.0,notional_at_entry,long,26337.0,long,1445745025.6000004,0
2020-04-24 00:00:00+00:00,1674,SB11,9.81,300000000.0,notional_at_entry,long,26337.0,long,1439845537.6000004,0
2020-04-27 00:00:00+00:00,1675,SB11,9.38,300000000.0,notional_at_entry,long,26337.0,long,1427161638.4000006,0
2020-04-28 00:00:00+00:00,1676,SB11,9.52,300000000.0,notional_at_entry,long,26337.0,long,1431291280.0000005,0
2020-04-29 00:00:00+00:00,1677,SB11,9.92,300000000.0,notional_at_entry,long,26337.0,long,1443090256.0000005,0
2020-04-30 00:00:00+00:00,1678,SB11,10.37,300000000.0,notional_at_entry,long,26337.0,long,1456364104.0000005,0
2020-05-01 00:00:00+00:00,1679,SB11,10.97,300000000.0,notional_at_entry,long,26337.0,long,1474062568.0000005,0
2020-05-04 00:00:00+00:00,1680,SB11,10.4,300000000.0,notional_at_entry,long,26337.0,long,1457249027.2000005,0
2020-05-05 00:00:00+00:00,1681,SB11,10.78,300000000.0,notional_at_entry,long,26337.0,long,1468458054.4000006,0
2020-05-06 00:00:00+00:00,1682,SB11,10.27,300000000.0,notional_at_entry,long,26337.0,long,1453414360.0000005,0
2020-05-07 00:00:00+00:00,1683,SB11,10.33,300000000.0,notional_at_entry,long,26337.0,long,1455184206.4000006,0
2020-05-08 00:00:00+00:00,1684,SB11,10.29,300000000.0,notional_at_entry,long,26337.0,long,1454004308.8000004,0
2020-05-11 00:00:00+00:00,1685,SB11,10.12,300000000.0,notional_at_entry,long,26337.0,long,1448989744.0000005,0
2020-05-12 00:00:00+00:00,1686,SB11,10.25,300000000.0,notional_at_entry,long,26337.0,long,1452824411.2000005,0
2020-05-13 00:00:00+00:00,1687,SB11,10.26,300000000.0,notional_at_entry,long,26337.0,long,1453119385.6000004,0
2020-05-14 00:00:00+00:00,1688,SB11,10.46,300000000.0,notional_at_entry,long,26337.0,long,1459018873.6000006,0
2020-05-15 00:00:00+00:00,1689,SB11,10.38,300000000.0,notional_at_entry,long,26337.0,long,1456659078.4000006,0
2020-05-18 00:00:00+00:00,1690,SB11,10.8,300000000.0,notional_at_entry,long,26337.0,long,1469048003.2000005,0
2020-05-19 00:00:00+00:00,1691,SB11,10.85,300000000.0,notional_at_entry,long,26337.0,long,1470522875.2000005,0
2020-05-20 00:00:00+00:00,1692,SB11,11.19,300000000.0,notional_at_entry,long,26337.0,long,1480552004.8000004,0
2020-05-21 00:00:00+00:00,1693,SB11,10.98,300000000.0,notional_at_entry,long,26337.0,long,1474357542.4000006,0
2020-05-22 00:00:00+00:00,1694,SB11,10.93,300000000.0,notional_at_entry,long,26337.0,long,1472882670.4000006,0
2020-05-26 00:00:00+00:00,1695,SB11,11.05,300000000.0,notional_at_entry,long,26337.0,long,1476422363.2000005,0
2020-05-27 00:00:00+00:00,1696,SB11,10.8,300000000.0,notional_at_entry,long,26337.0,long,1469048003.2000005,0
2020-05-28 00:00:00+00:00,1697,SB11,10.8,300000000.0,notional_at_entry,long,26337.0,long,1469048003.2000005,0
2020-05-29 00:00:00+00:00,1698,SB11,10.91,300000000.0,notional_at_entry,long,26337.0,long,1472292721.6000004,0
2020-06-01 00:00:00+00:00,1699,SB11,11.0,300000000.0,notional_at_entry,long,26337.0,long,1474947491.2000005,0
2020-06-02 00:00:00+00:00,1700,SB11,11.22,300000000.0,notional_at_entry,long,26337.0,long,1481436928.0000005,0
2020-06-03 00:00:00+00:00,1701,SB11,11.62,300000000.0,notional_at_entry,long,26337.0,long,1493235904.0000005,0
2020-06-04 00:00:00+00:00,1702,SB11,11.73,300000000.0,notional_at_entry,long,26337.0,long,1496480622.4000006,0
2020-06-05 00:00:00+00:00,1703,SB11,12.02,300000000.0,notional_at_entry,long,26337.0,long,1505034880.0000005,0
2020-06-08 00:00:00+00:00,1704,SB11,11.94,300000000.0,notional_at_entry,long,26337.0,long,1502675084.8000004,0
2020-06-09 00:00:00+00:00,1705,SB11,12.0,-300000000.0,notional_at_entry,short,-22321.0,short,1504444931.2000005,1
2020-06-10 00:00:00+00:00,1706,SB11,12.23,-300000000.0,notional_at_entry,short,-22321.0,short,1498695041.6000006,0
2020-06-11 00:00:00+00:00,1707,SB11,12.1,-300000000.0,notional_at_entry,short,-22321.0,short,1501944979.2000005,0
2020-06-12 00:00:00+00:00,1708,SB11,12.04,-300000000.0,notional_at_entry,short,-22321.0,short,1503444950.4000006,0
2020-06-15 00:00:00+00:00,1709,SB11,12.13,-300000000.0,notional_at_entry,short,-22321.0,short,1501194993.6000006,0
2020-06-16 00:00:00+00:00,1710,SB11,12.28,-300000000.0,notional_at_entry,short,-22321.0,short,1497445065.6000006,0
2020-06-17 00:00:00+00:00,1711,SB11,12.26,-300000000.0,notional_at_entry,short,-22321.0,short,1497945056.0000005,0
2020-06-18 00:00:00+00:00,1712,SB11,12.04,-300000000.0,notional_at_entry,short,-22321.0,short,1503444950.4000006,0
2020-06-19 00:00:00+00:00,1713,SB11,12.18,-300000000.0,notional_at_entry,short,-22321.0,short,1499945017.6000006,0
2020-06-22 00:00:00+00:00,1714,SB11,12.06,-300000000.0,notional_at_entry,short,-22321.0,short,1502944960.0000005,0
2020-06-23 00:00:00+00:00,1715,SB11,11.92,-300000000.0,notional_at_entry,short,-22321.0,short,1506444892.8000004,0
2020-06-24 00:00:00+00:00,1716,SB11,11.84,-300000000.0,notional_at_entry,short,-22321.0,short,1508444854.4000006,0
2020-06-25 00:00:00+00:00,1717,SB11,11.92,300000000.0,notional_at_entry,long,22471.0,long,1506444892.8000004,1
2020-06-26 00:00:00+00:00,1718,SB11,11.62,300000000.0,notional_at_entry,long,22471.0,long,1498894636.8000004,0
2020-06-29 00:00:00+00:00,1719,SB11,11.77,300000000.0,notional_at_entry,long,22471.0,long,1502669764.8000004,0
2020-06-30 00:00:00+00:00,1720,SB11,11.96,300000000.0,notional_at_entry,long,22471.0,long,1507451593.6000004,0
2020-07-01 00:00:00+00:00,1721,SB11,12.17,300000000.0,notional_at_entry,long,22471.0,long,1512736772.8000004,0
2020-07-02 00:00:00+00:00,1722,SB11,12.24,300000000.0,notional_at_entry,long,22471.0,long,1514498499.2000005,0
2020-07-06 00:00:00+00:00,1723,SB11,11.93,300000000.0,notional_at_entry,long,22471.0,long,1506696568.0000005,0
2020-07-07 00:00:00+00:00,1724,SB11,12.18,300000000.0,notional_at_entry,long,22471.0,long,1512988448.0000005,0
2020-07-08 00:00:00+00:00,1725,SB11,12.08,300000000.0,notional_at_entry,long,22471.0,long,1510471696.0000005,0
2020-07-09 00:00:00+00:00,1726,SB11,11.84,300000000.0,notional_at_entry,long,22471.0,long,1504431491.2000005,0
2020-07-10 00:00:00+00:00,1727,SB11,11.76,300000000.0,notional_at_entry,long,22471.0,long,1502418089.6000004,0
2020-07-13 00:00:00+00:00,1728,SB11,11.58,300000000.0,notional_at_entry,long,22471.0,long,1497887936.0000005,0
2020-07-14 00:00:00+00:00,1729,SB11,11.32,300000000.0,notional_at_entry,long,22471.0,long,1491344380.8000004,0
2020-07-15 00:00:00+00:00,1730,SB11,11.82,300000000.0,notional_at_entry,long,22471.0,long,1503928140.8000004,0
2020-07-16 00:00:00+00:00,1731,SB11,11.79,300000000.0,notional_at_entry,long,22471.0,long,1503173115.2000005,0
2020-07-17 00:00:00+00:00,1732,SB11,11.73,300000000.0,notional_at_entry,long,22471.0,long,1501663064.0000005,0
2020-07-20 00:00:00+00:00,1733,SB11,11.72,300000000.0,notional_at_entry,long,22471.0,long,1501411388.8000004,0
2020-07-21 00:00:00+00:00,1734,SB11,11.67,300000000.0,notional_at_entry,long,22471.0,long,1500153012.8000004,0
2020-07-22 00:00:00+00:00,1735,SB11,11.86,300000000.0,notional_at_entry,long,22471.0,long,1504934841.6000004,0
2020-07-23 00:00:00+00:00,1736,SB11,11.77,300000000.0,notional_at_entry,long,22471.0,long,1502669764.8000004,0
2020-07-24 00:00:00+00:00,1737,SB11,11.49,300000000.0,notional_at_entry,long,22471.0,long,1495622859.2000005,0
2020-07-27 00:00:00+00:00,1738,SB11,12.12,300000000.0,notional_at_entry,long,22471.0,long,1511478396.8000004,0
2020-07-28 00:00:00+00:00,1739,SB11,12.01,300000000.0,notional_at_entry,long,22471.0,long,1508709969.6000004,0
2020-07-29 00:00:00+00:00,1740,SB11,12.01,300000000.0,notional_at_entry,long,22471.0,long,1508709969.6000004,0
2020-07-30 00:00:00+00:00,1741,SB11,12.11,300000000.0,notional_at_entry,long,22471.0,long,1511226721.6000004,0
2020-07-31 00:00:00+00:00,1742,SB11,12.64,300000000.0,notional_at_entry,long,22471.0,long,1524565507.2000005,0
2020-08-03 00:00:00+00:00,1743,SB11,12.72,300000000.0,notional_at_entry,long,22471.0,long,1526578908.8000004,0
2020-08-04 00:00:00+00:00,1744,SB11,12.78,300000000.0,notional_at_entry,long,22471.0,long,1528088960.0000005,0
2020-08-05 00:00:00+00:00,1745,SB11,12.54,300000000.0,notional_at_entry,long,22471.0,long,1522048755.2000005,0
2020-08-06 00:00:00+00:00,1746,SB11,12.94,-300000000.0,notional_at_entry,short,-20699.0,short,1532115763.2000005,1
2020-08-07 00:00:00+00:00,1747,SB11,12.67,-300000000.0,notional_at_entry,short,-20699.0,short,1538375140.8000004,0
2020-08-10 00:00:00+00:00,1748,SB11,12.55,-300000000.0,notional_at_entry,short,-20699.0,short,1541157086.4000006,0
2020-08-11 00:00:00+00:00,1749,SB11,12.74,-300000000.0,notional_at_entry,short,-20699.0,short,1536752339.2000005,0
2020-08-12 00:00:00+00:00,1750,SB11,12.84,-300000000.0,notional_at_entry,short,-20699.0,short,1534434051.2000005,0
2020-08-13 00:00:00+00:00,1751,SB11,13.11,-300000000.0,notional_at_entry,short,-20699.0,short,1528174673.6000006,0
2020-08-14 00:00:00+00:00,1752,SB11,13.1,-300000000.0,notional_at_entry,short,-20699.0,short,1528406502.4000006,0
2020-08-17 00:00:00+00:00,1753,SB11,13.06,-300000000.0,notional_at_entry,short,-20699.0,short,1529333817.6000006,0
2020-08-18 00:00:00+00:00,1754,SB11,12.89,-300000000.0,notional_at_entry,short,-20699.0,short,1533274907.2000005,0
2020-08-19 00:00:00+00:00,1755,SB11,13.24,-300000000.0,notional_at_entry,short,-20699.0,short,1525160899.2000005,0
2020-08-20 00:00:00+00:00,1756,SB11,13.01,-300000000.0,notional_at_entry,short,-20699.0,short,1530492961.6000006,0
2020-08-21 00:00:00+00:00,1757,SB11,12.83,300000000.0,notional_at_entry,long,20877.0,long,1534665880.0000005,1
2020-08-24 00:00:00+00:00,1758,SB11,12.71,300000000.0,notional_at_entry,long,20877.0,long,1531860011.2000005,0
2020-08-25 00:00:00+00:00,1759,SB11,12.76,300000000.0,notional_at_entry,long,20877.0,long,1533029123.2000005,0
2020-08-26 00:00:00+00:00,1760,SB11,12.58,300000000.0,notional_at_entry,long,20877.0,long,1528820320.0000005,0
2020-08-27 00:00:00+00:00,1761,SB11,12.77,300000000.0,notional_at_entry,long,20877.0,long,1533262945.6000004,0
2020-08-28 00:00:00+00:00,1762,SB11,12.6,300000000.0,notional_at_entry,long,20877.0,long,1529287964.8000004,0
2020-08-31 00:00:00+00:00,1763,SB11,12.66,300000000.0,notional_at_entry,long,20877.0,long,1530690899.2000005,0
2020-09-01 00:00:00+00:00,1764,SB11,12.6,300000000.0,notional_at_entry,long,20877.0,long,1529287964.8000004,0
2020-09-02 00:00:00+00:00,1765,SB11,12.44,300000000.0,notional_at_entry,long,20877.0,long,1525546806.4000006,0
2020-09-03 00:00:00+00:00,1766,SB11,12.07,300000000.0,notional_at_entry,long,20877.0,long,1516895377.6000004,0
2020-09-04 00:00:00+00:00,1767,SB11,11.93,300000000.0,notional_at_entry,long,20877.0,long,1513621864.0000005,0
2020-09-08 00:00:00+00:00,1768,SB11,12.04,300000000.0,notional_at_entry,long,20877.0,long,1516193910.4000006,0
2020-09-09 00:00:00+00:00,1769,SB11,12.03,300000000.0,notional_at_entry,long,20877.0,long,1515960088.0000005,0
2020-09-10 00:00:00+00:00,1770,SB11,11.91,300000000.0,notional_at_entry,long,20877.0,long,1513154219.2000005,0
2020-09-11 00:00:00+00:00,1771,SB11,11.92,300000000.0,notional_at_entry,long,20877.0,long,1513388041.6000004,0
2020-09-14 00:00:00+00:00,1772,SB11,11.76,300000000.0,notional_at_entry,long,20877.0,long,1509646883.2000005,0
2020-09-15 00:00:00+00:00,1773,SB11,12.71,300000000.0,notional_at_entry,long,20877.0,long,1531860011.2000005,0
2020-09-16 00:00:00+00:00,1774,SB11,12.92,300000000.0,notional_at_entry,long,20877.0,long,1536770281.6000004,0
2020-09-17 00:00:00+00:00,1775,SB11,13.23,300000000.0,notional_at_entry,long,20877.0,long,1544018776.0000005,0
2020-09-18 00:00:00+00:00,1776,SB11,13.38,300000000.0,notional_at_entry,long,20877.0,long,1547526112.0000005,0
2020-09-21 00:00:00+00:00,1777,SB11,13.13,300000000.0,notional_at_entry,long,20877.0,long,1541680552.0000005,0
2020-09-22 00:00:00+00:00,1778,SB11,13.41,300000000.0,notional_at_entry,long,20877.0,long,1548227579.2000005,0
2020-09-23 00:00:00+00:00,1779,SB11,13.33,300000000.0,notional_at_entry,long,20877.0,long,1546357000.0000005,0
2020-09-24 00:00:00+00:00,1780,SB11,13.37,300000000.0,notional_at_entry,long,20877.0,long,1547292289.6000004,0
2020-09-25 00:00:00+00:00,1781,SB11,13.51,300000000.0,notional_at_entry,long,20877.0,long,1550565803.2000005,0
2020-09-28 00:00:00+00:00,1782,SB11,13.05,300000000.0,notional_at_entry,long,20877.0,long,1539809972.8000004,0
2020-09-29 00:00:00+00:00,1783,SB11,13.42,300000000.0,notional_at_entry,long,20877.0,long,1548461401.6000004,0
2020-09-30 00:00:00+00:00,1784,SB11,13.51,300000000.0,notional_at_entry,long,20877.0,long,1550565803.2000005,0
2020-10-01 00:00:00+00:00,1785,SB11,13.58,300000000.0,notional_at_entry,long,20877.0,long,1552202560.0000005,0
2020-10-02 00:00:00+00:00,1786,SB11,13.55,300000000.0,notional_at_entry,long,20877.0,long,1551501092.8000004,0
2020-10-05 00:00:00+00:00,1787,SB11,13.61,300000000.0,notional_at_entry,long,20877.0,long,1552904027.2000005,0
2020-10-06 00:00:00+00:00,1788,SB11,13.88,300000000.0,notional_at_entry,long,20877.0,long,1559217232.0000005,0
2020-10-07 00:00:00+00:00,1789,SB11,14.14,300000000.0,notional_at_entry,long,20877.0,long,1565296614.4000006,0
2020-10-08 00:00:00+00:00,1790,SB11,14.17,300000000.0,notional_at_entry,long,20877.0,long,1565998081.6000004,0
2020-10-09 00:00:00+00:00,1791,SB11,14.23,300000000.0,notional_at_entry,long,20877.0,long,1567401016.0000005,0
2020-10-12 00:00:00+00:00,1792,SB11,13.84,300000000.0,notional_at_entry,long,20877.0,long,1558281942.4000006,0
2020-10-13 00:00:00+00:00,1793,SB11,14.01,300000000.0,notional_at_entry,long,20877.0,long,1562256923.2000005,0
2020-10-14 00:00:00+00:00,1794,SB11,14.2,300000000.0,notional_at_entry,long,20877.0,long,1566699548.8000004,0
2020-10-15 00:00:00+00:00,1795,SB11,14.18,300000000.0,notional_at_entry,long,20877.0,long,1566231904.0000005,0
2020-10-16 00:00:00+00:00,1796,SB11,14.43,300000000.0,notional_at_entry,long,20877.0,long,1572077464.0000005,0
2020-10-19 00:00:00+00:00,1797,SB11,14.72,300000000.0,notional_at_entry,long,20877.0,long,1578858313.6000004,0
2020-10-20 00:00:00+00:00,1798,SB11,14.54,300000000.0,notional_at_entry,long,20877.0,long,1574649510.4000006,0
2020-10-21 00:00:00+00:00,1799,SB11,14.5,300000000.0,notional_at_entry,long,20877.0,long,1573714220.8000004,0
2020-10-22 00:00:00+00:00,1800,SB11,14.78,300000000.0,notional_at_entry,long,20877.0,long,1580261248.0000005,0
2020-10-23 00:00:00+00:00,1801,SB11,14.72,300000000.0,notional_at_entry,long,20877.0,long,1578858313.6000004,0
2020-10-26 00:00:00+00:00,1802,SB11,14.77,300000000.0,notional_at_entry,long,20877.0,long,1580027425.6000004,0
2020-10-27 00:00:00+00:00,1803,SB11,14.83,-300000000.0,notional_at_entry,short,-18061.0,short,1581430360.0000005,1
2020-10-28 00:00:00+00:00,1804,SB11,14.89,-300000000.0,notional_at_entry,short,-18061.0,short,1580216660.8000004,0
2020-10-29 00:00:00+00:00,1805,SB11,14.4,-300000000.0,notional_at_entry,short,-18061.0,short,1590128537.6000004,0
2020-10-30 00:00:00+00:00,1806,SB11,14.36,-300000000.0,notional_at_entry,short,-18061.0,short,1590937670.4000006,0
2020-11-02 00:00:00+00:00,1807,SB11,14.97,-300000000.0,notional_at_entry,short,-18061.0,short,1578598395.2000005,0
2020-11-03 00:00:00+00:00,1808,SB11,14.72,-300000000.0,notional_at_entry,short,-18061.0,short,1583655475.2000005,0
2020-11-04 00:00:00+00:00,1809,SB11,14.65,-300000000.0,notional_at_entry,short,-18061.0,short,1585071457.6000004,0
2020-11-05 00:00:00+00:00,1810,SB11,14.48,-300000000.0,notional_at_entry,short,-18061.0,short,1588510272.0000005,0
2020-11-06 00:00:00+00:00,1811,SB11,14.91,-300000000.0,notional_at_entry,short,-18061.0,short,1579812094.4000006,0
2020-11-09 00:00:00+00:00,1812,SB11,14.88,-300000000.0,notional_at_entry,short,-18061.0,short,1580418944.0000005,0
2020-11-10 00:00:00+00:00,1813,SB11,14.68,-300000000.0,notional_at_entry,short,-18061.0,short,1584464608.0000005,0
2020-11-11 00:00:00+00:00,1814,SB11,14.49,-300000000.0,notional_at_entry,short,-18061.0,short,1588307988.8000004,0
2020-11-12 00:00:00+00:00,1815,SB11,14.92,-300000000.0,notional_at_entry,short,-18061.0,short,1579609811.2000005,0
2020-11-13 00:00:00+00:00,1816,SB11,14.96,-300000000.0,notional_at_entry,short,-18061.0,short,1578800678.4000006,0
2020-11-16 00:00:00+00:00,1817,SB11,15.47,-300000000.0,notional_at_entry,short,-18061.0,short,1568484235.2000005,0
2020-11-17 00:00:00+00:00,1818,SB11,15.31,-300000000.0,notional_at_entry,short,-18061.0,short,1571720766.4000006,0
2020-11-18 00:00:00+00:00,1819,SB11,15.45,-300000000.0,notional_at_entry,short,-18061.0,short,1568888801.6000004,0
2020-11-19 00:00:00+00:00,1820,SB11,15.28,-300000000.0,notional_at_entry,short,-18061.0,short,1572327616.0000005,0
2020-11-20 00:00:00+00:00,1821,SB11,15.21,-300000000.0,notional_at_entry,short,-18061.0,short,1573743598.4000006,0
2020-11-23 00:00:00+00:00,1822,SB11,15.15,-300000000.0,notional_at_entry,short,-18061.0,short,1574957297.6000004,0
2020-11-24 00:00:00+00:00,1823,SB11,15.04,-300000000.0,notional_at_entry,short,-18061.0,short,1577182412.8000004,0
2020-11-25 00:00:00+00:00,1824,SB11,14.77,-300000000.0,notional_at_entry,short,-18061.0,short,1582644059.2000005,0
2020-11-27 00:00:00+00:00,1825,SB11,14.82,-300000000.0,notional_at_entry,short,-18061.0,short,1581632643.2000005,0
2020-11-30 00:00:00+00:00,1826,SB11,14.51,-300000000.0,notional_at_entry,short,-18061.0,short,1587903422.4000006,0
2020-12-01 00:00:00+00:00,1827,SB11,14.51,-300000000.0,notional_at_entry,short,-18061.0,short,1587903422.4000006,0
2020-12-02 00:00:00+00:00,1828,SB11,14.6,-300000000.0,notional_at_entry,short,-18061.0,short,1586082873.6000004,0
2020-12-03 00:00:00+00:00,1829,SB11,14.71,-300000000.0,notional_at_entry,short,-18061.0,short,1583857758.4000006,0
2020-12-04 00:00:00+00:00,1830,SB11,14.44,-300000000.0,notional_at_entry,short,-18061.0,short,1589319404.8000004,0
2020-12-07 00:00:00+00:00,1831,SB11,14.45,-300000000.0,notional_at_entry,short,-18061.0,short,1589117121.6000004,0
2020-12-08 00:00:00+00:00,1832,SB11,14.39,-300000000.0,notional_at_entry,short,-18061.0,short,1590330820.8000004,0
2020-12-09 00:00:00+00:00,1833,SB11,14.97,-300000000.0,notional_at_entry,short,-18061.0,short,1578598395.2000005,0
2020-12-10 00:00:00+00:00,1834,SB11,14.66,-300000000.0,notional_at_entry,short,-18061.0,short,1584869174.4000006,0
2020-12-11 00:00:00+00:00,1835,SB11,14.43,-300000000.0,notional_at_entry,short,-18061.0,short,1589521688.0000005,0
2020-12-14 00:00:00+00:00,1836,SB11,14.12,300000000.0,notional_at_entry,long,18970.0,long,1595792467.2000005,1
2020-12-15 00:00:00+00:00,1837,SB11,14.21,300000000.0,notional_at_entry,long,18970.0,long,1597704643.2000005,0
2020-12-16 00:00:00+00:00,1838,SB11,14.49,300000000.0,notional_at_entry,long,18970.0,long,1603653635.2000005,0
2020-12-17 00:00:00+00:00,1839,SB11,14.68,300000000.0,notional_at_entry,long,18970.0,long,1607690451.2000005,0
2020-12-18 00:00:00+00:00,1840,SB11,14.44,300000000.0,notional_at_entry,long,18970.0,long,1602591315.2000005,0
2020-12-21 00:00:00+00:00,1841,SB11,14.53,300000000.0,notional_at_entry,long,18970.0,long,1604503491.2000005,0
2020-12-22 00:00:00+00:00,1842,SB11,14.54,300000000.0,notional_at_entry,long,18970.0,long,1604715955.2000005,0
2020-12-23 00:00:00+00:00,1843,SB11,14.83,300000000.0,notional_at_entry,long,18970.0,long,1610877411.2000005,0
2020-12-24 00:00:00+00:00,1844,SB11,14.9,300000000.0,notional_at_entry,long,18970.0,long,1612364659.2000005,0
2020-12-28 00:00:00+00:00,1845,SB11,14.98,300000000.0,notional_at_entry,long,18970.0,long,1614064371.2000005,0
2020-12-29 00:00:00+00:00,1846,SB11,15.04,300000000.0,notional_at_entry,long,18970.0,long,1615339155.2000005,0
2020-12-30 00:00:00+00:00,1847,SB11,15.28,300000000.0,notional_at_entry,long,18970.0,long,1620438291.2000005,0
2020-12-31 00:00:00+00:00,1848,SB11,15.49,300000000.0,notional_at_entry,long,18970.0,long,1624900035.2000005,0
2021-01-04 00:00:00+00:00,1849,SB11,15.76,300000000.0,notional_at_entry,long,18970.0,long,1630636563.2000005,0
2021-01-05 00:00:00+00:00,1850,SB11,16.12,300000000.0,notional_at_entry,long,18970.0,long,1638285267.2000005,0
2021-01-06 00:00:00+00:00,1851,SB11,16.25,300000000.0,notional_at_entry,long,18970.0,long,1641047299.2000005,0
2021-01-07 00:00:00+00:00,1852,SB11,15.6,300000000.0,notional_at_entry,long,18970.0,long,1627237139.2000005,0
2021-01-08 00:00:00+00:00,1853,SB11,15.6,300000000.0,notional_at_entry,long,18970.0,long,1627237139.2000005,0
2021-01-11 00:00:00+00:00,1854,SB11,15.67,300000000.0,notional_at_entry,long,18970.0,long,1628724387.2000005,0
2021-01-12 00:00:00+00:00,1855,SB11,15.46,300000000.0,notional_at_entry,long,18970.0,long,1624262643.2000005,0
2021-01-13 00:00:00+00:00,1856,SB11,15.84,300000000.0,notional_at_entry,long,18970.0,long,1632336275.2000005,0
2021-01-14 00:00:00+00:00,1857,SB11,16.67,300000000.0,notional_at_entry,long,18970.0,long,1649970787.2000005,0
2021-01-15 00:00:00+00:00,1858,SB11,16.45,300000000.0,notional_at_entry,long,18970.0,long,1645296579.2000005,0
2021-01-19 00:00:00+00:00,1859,SB11,16.1,300000000.0,notional_at_entry,long,18970.0,long,1637860339.2000005,0
2021-01-20 00:00:00+00:00,1860,SB11,16.27,300000000.0,notional_at_entry,long,18970.0,long,1641472227.2000005,0
2021-01-21 00:00:00+00:00,1861,SB11,16.05,300000000.0,notional_at_entry,long,18970.0,long,1636798019.2000005,0
2021-01-22 00:00:00+00:00,1862,SB11,15.87,300000000.0,notional_at_entry,long,18970.0,long,1632973667.2000005,0
2021-01-25 00:00:00+00:00,1863,SB11,15.74,300000000.0,notional_at_entry,long,18970.0,long,1630211635.2000005,0
2021-01-26 00:00:00+00:00,1864,SB11,15.74,300000000.0,notional_at_entry,long,18970.0,long,1630211635.2000005,0
2021-01-27 00:00:00+00:00,1865,SB11,15.8,300000000.0,notional_at_entry,long,18970.0,long,1631486419.2000005,0
2021-01-28 00:00:00+00:00,1866,SB11,15.59,300000000.0,notional_at_entry,long,18970.0,long,1627024675.2000005,0
2021-01-29 00:00:00+00:00,1867,SB11,15.83,300000000.0,notional_at_entry,long,18970.0,long,1632123811.2000005,0
2021-02-01 00:00:00+00:00,1868,SB11,16.15,300000000.0,notional_at_entry,long,18970.0,long,1638922659.2000005,0
2021-02-02 00:00:00+00:00,1869,SB11,16.29,300000000.0,notional_at_entry,long,18970.0,long,1641897155.2000005,0
2021-02-03 00:00:00+00:00,1870,SB11,16.04,300000000.0,notional_at_entry,long,18970.0,long,1636585555.2000005,0
2021-02-04 00:00:00+00:00,1871,SB11,16.05,300000000.0,notional_at_entry,long,18970.0,long,1636798019.2000005,0
2021-02-05 00:00:00+00:00,1872,SB11,16.42,300000000.0,notional_at_entry,long,18970.0,long,1644659187.2000005,0
2021-02-08 00:00:00+00:00,1873,SB11,16.27,300000000.0,notional_at_entry,long,18970.0,long,1641472227.2000005,0
2021-02-09 00:00:00+00:00,1874,SB11,16.44,300000000.0,notional_at_entry,long,18970.0,long,1645084115.2000005,0
2021-02-10 00:00:00+00:00,1875,SB11,16.71,300000000.0,notional_at_entry,long,18970.0,long,1650820643.2000005,0
2021-02-11 00:00:00+00:00,1876,SB11,15.79,300000000.0,notional_at_entry,long,18970.0,long,1631273955.2000005,0
2021-02-12 00:00:00+00:00,1877,SB11,15.64,300000000.0,notional_at_entry,long,18970.0,long,1628086995.2000005,0
2021-02-16 00:00:00+00:00,1878,SB11,15.92,300000000.0,notional_at_entry,long,18970.0,long,1634035987.2000005,0
2021-02-17 00:00:00+00:00,1879,SB11,16.11,300000000.0,notional_at_entry,long,18970.0,long,1638072803.2000005,0
2021-02-18 00:00:00+00:00,1880,SB11,16.59,-300000000.0,notional_at_entry,short,-16145.0,short,1648271075.2000005,1
2021-02-19 00:00:00+00:00,1881,SB11,16.89,-300000000.0,notional_at_entry,short,-16145.0,short,1642846355.2000005,0
2021-02-22 00:00:00+00:00,1882,SB11,17.44,-300000000.0,notional_at_entry,short,-16145.0,short,1632901035.2000005,0
2021-02-23 00:00:00+00:00,1883,SB11,17.01,-300000000.0,notional_at_entry,short,-16145.0,short,1640676467.2000005,0
2021-02-24 00:00:00+00:00,1884,SB11,17.17,-300000000.0,notional_at_entry,short,-16145.0,short,1637783283.2000005,0
2021-02-25 00:00:00+00:00,1885,SB11,16.84,-300000000.0,notional_at_entry,short,-16145.0,short,1643750475.2000005,0
2021-02-26 00:00:00+00:00,1886,SB11,16.45,-300000000.0,notional_at_entry,short,-16145.0,short,1650802611.2000005,0
2021-03-01 00:00:00+00:00,1887,SB11,16.21,-300000000.0,notional_at_entry,short,-16145.0,short,1655142387.2000005,0
2021-03-02 00:00:00+00:00,1888,SB11,16.43,-300000000.0,notional_at_entry,short,-16145.0,short,1651164259.2000005,0
2021-03-03 00:00:00+00:00,1889,SB11,16.14,-300000000.0,notional_at_entry,short,-16145.0,short,1656408155.2000005,0
2021-03-04 00:00:00+00:00,1890,SB11,16.26,-300000000.0,notional_at_entry,short,-16145.0,short,1654238267.2000005,0
2021-03-05 00:00:00+00:00,1891,SB11,16.4,-300000000.0,notional_at_entry,short,-16145.0,short,1651706731.2000005,0
2021-03-08 00:00:00+00:00,1892,SB11,16.2,-300000000.0,notional_at_entry,short,-16145.0,short,1655323211.2000005,0
2021-03-09 00:00:00+00:00,1893,SB11,15.9,-300000000.0,notional_at_entry,short,-16145.0,short,1660747931.2000005,0
2021-03-10 00:00:00+00:00,1894,SB11,15.96,-300000000.0,notional_at_entry,short,-16145.0,short,1659662987.2000005,0
2021-03-11 00:00:00+00:00,1895,SB11,16.36,-300000000.0,notional_at_entry,short,-16145.0,short,1652430027.2000005,0
2021-03-12 00:00:00+00:00,1896,SB11,16.13,-300000000.0,notional_at_entry,short,-16145.0,short,1656588979.2000005,0
2021-03-15 00:00:00+00:00,1897,SB11,16.12,-300000000.0,notional_at_entry,short,-16145.0,short,1656769803.2000005,0
2021-03-16 00:00:00+00:00,1898,SB11,16.3,-300000000.0,notional_at_entry,short,-16145.0,short,1653514971.2000005,0
2021-03-17 00:00:00+00:00,1899,SB11,15.99,-300000000.0,notional_at_entry,short,-16145.0,short,1659120515.2000005,0
2021-03-18 00:00:00+00:00,1900,SB11,15.89,-300000000.0,notional_at_entry,short,-16145.0,short,1660928755.2000005,0
2021-03-19 00:00:00+00:00,1901,SB11,15.76,-300000000.0,notional_at_entry,short,-16145.0,short,1663279467.2000005,0
2021-03-22 00:00:00+00:00,1902,SB11,15.53,-300000000.0,notional_at_entry,short,-16145.0,short,1667438419.2000005,0
2021-03-23 00:00:00+00:00,1903,SB11,15.43,-300000000.0,notional_at_entry,short,-16145.0,short,1669246659.2000005,0
2021-03-24 00:00:00+00:00,1904,SB11,15.63,-300000000.0,notional_at_entry,short,-16145.0,short,1665630179.2000005,0
2021-03-25 00:00:00+00:00,1905,SB11,15.09,-300000000.0,notional_at_entry,short,-16145.0,short,1675394675.2000005,0
2021-03-26 00:00:00+00:00,1906,SB11,15.19,-300000000.0,notional_at_entry,short,-16145.0,short,1673586435.2000005,0
2021-03-29 00:00:00+00:00,1907,SB11,14.92,-300000000.0,notional_at_entry,short,-16145.0,short,1678468683.2000005,0
2021-03-30 00:00:00+00:00,1908,SB11,14.92,-300000000.0,notional_at_entry,short,-16145.0,short,1678468683.2000005,0
2021-03-31 00:00:00+00:00,1909,SB11,14.77,-300000000.0,notional_at_entry,short,-16145.0,short,1681181043.2000005,0
2021-04-01 00:00:00+00:00,1910,SB11,14.71,-300000000.0,notional_at_entry,short,-16145.0,short,1682265987.2000005,0
2021-04-05 00:00:00+00:00,1911,SB11,14.84,-300000000.0,notional_at_entry,short,-16145.0,short,1679915275.2000005,0
2021-04-06 00:00:00+00:00,1912,SB11,15.16,-300000000.0,notional_at_entry,short,-16145.0,short,1674128907.2000005,0
2021-04-07 00:00:00+00:00,1913,SB11,15.14,-300000000.0,notional_at_entry,short,-16145.0,short,1674490555.2000005,0
2021-04-08 00:00:00+00:00,1914,SB11,15.18,-300000000.0,notional_at_entry,short,-16145.0,short,1673767259.2000005,0
2021-04-09 00:00:00+00:00,1915,SB11,15.46,-300000000.0,notional_at_entry,short,-16145.0,short,1668704187.2000005,0
2021-04-12 00:00:00+00:00,1916,SB11,15.35,-300000000.0,notional_at_entry,short,-16145.0,short,1670693251.2000005,0
2021-04-13 00:00:00+00:00,1917,SB11,15.43,-300000000.0,notional_at_entry,short,-16145.0,short,1669246659.2000005,0
2021-04-14 00:00:00+00:00,1918,SB11,15.88,-300000000.0,notional_at_entry,short,-16145.0,short,1661109579.2000005,0
2021-04-15 00:00:00+00:00,1919,SB11,16.31,-300000000.0,notional_at_entry,short,-16145.0,short,1653334147.2000005,0
2021-04-16 00:00:00+00:00,1920,SB11,16.57,-300000000.0,notional_at_entry,short,-16145.0,short,1648632723.2000005,0
2021-04-19 00:00:00+00:00,1921,SB11,16.21,300000000.0,notional_at_entry,long,16524.0,long,1655142387.2000005,1
2021-04-20 00:00:00+00:00,1922,SB11,16.72,300000000.0,notional_at_entry,long,16524.0,long,1664580896.0000005,0
2021-04-21 00:00:00+00:00,1923,SB11,16.89,300000000.0,notional_at_entry,long,16524.0,long,1667727065.6000006,0
2021-04-22 00:00:00+00:00,1924,SB11,16.88,300000000.0,notional_at_entry,long,16524.0,long,1667541996.8000004,0
2021-04-23 00:00:00+00:00,1925,SB11,16.88,300000000.0,notional_at_entry,long,16524.0,long,1667541996.8000004,0
2021-04-26 00:00:00+00:00,1926,SB11,17.09,300000000.0,notional_at_entry,long,16524.0,long,1671428441.6000006,0
2021-04-27 00:00:00+00:00,1927,SB11,17.75,300000000.0,notional_at_entry,long,16524.0,long,1683642982.4000006,0
2021-04-28 00:00:00+00:00,1928,SB11,17.14,300000000.0,notional_at_entry,long,16524.0,long,1672353785.6000006,0
2021-04-29 00:00:00+00:00,1929,SB11,16.93,300000000.0,notional_at_entry,long,16524.0,long,1668467340.8000004,0
2021-04-30 00:00:00+00:00,1930,SB11,16.98,300000000.0,notional_at_entry,long,16524.0,long,1669392684.8000004,0
2021-05-03 00:00:00+00:00,1931,SB11,16.73,300000000.0,notional_at_entry,long,16524.0,long,1664765964.8000004,0
2021-05-04 00:00:00+00:00,1932,SB11,17.12,300000000.0,notional_at_entry,long,16524.0,long,1671983648.0000005,0
2021-05-05 00:00:00+00:00,1933,SB11,17.53,300000000.0,notional_at_entry,long,16524.0,long,1679571468.8000004,0
2021-05-06 00:00:00+00:00,1934,SB11,17.55,-300000000.0,notional_at_entry,short,-15262.0,short,1679941606.4000006,1
2021-05-07 00:00:00+00:00,1935,SB11,17.49,-300000000.0,notional_at_entry,short,-15262.0,short,1680967212.8000007,0
2021-05-10 00:00:00+00:00,1936,SB11,17.49,-300000000.0,notional_at_entry,short,-15262.0,short,1680967212.8000007,0
2021-05-11 00:00:00+00:00,1937,SB11,18.1,-300000000.0,notional_at_entry,short,-15262.0,short,1670540214.4000006,0
2021-05-12 00:00:00+00:00,1938,SB11,17.84,-300000000.0,notional_at_entry,short,-15262.0,short,1674984508.8000007,0
2021-05-13 00:00:00+00:00,1939,SB11,17.11,-300000000.0,notional_at_entry,short,-15262.0,short,1687462720.0000005,0
2021-05-14 00:00:00+00:00,1940,SB11,16.96,-300000000.0,notional_at_entry,short,-15262.0,short,1690026736.0000005,0
2021-05-17 00:00:00+00:00,1941,SB11,16.99,-300000000.0,notional_at_entry,short,-15262.0,short,1689513932.8000007,0
2021-05-18 00:00:00+00:00,1942,SB11,17.21,-300000000.0,notional_at_entry,short,-15262.0,short,1685753376.0000005,0
2021-05-19 00:00:00+00:00,1943,SB11,16.95,-300000000.0,notional_at_entry,short,-15262.0,short,1690197670.4000006,0
2021-05-20 00:00:00+00:00,1944,SB11,17.04,-300000000.0,notional_at_entry,short,-15262.0,short,1688659260.8000007,0
2021-05-21 00:00:00+00:00,1945,SB11,16.67,-300000000.0,notional_at_entry,short,-15262.0,short,1694983833.6000006,0
2021-05-24 00:00:00+00:00,1946,SB11,16.83,-300000000.0,notional_at_entry,short,-15262.0,short,1692248883.2000005,0
2021-05-25 00:00:00+00:00,1947,SB11,17.04,-300000000.0,notional_at_entry,short,-15262.0,short,1688659260.8000007,0
2021-05-26 00:00:00+00:00,1948,SB11,16.78,-300000000.0,notional_at_entry,short,-15262.0,short,1693103555.2000005,0
2021-05-27 00:00:00+00:00,1949,SB11,17.12,-300000000.0,notional_at_entry,short,-15262.0,short,1687291785.6000006,0
2021-05-28 00:00:00+00:00,1950,SB11,17.36,300000000.0,notional_at_entry,long,15429.0,long,1683189360.0000005,1
2021-06-01 00:00:00+00:00,1951,SB11,17.69,300000000.0,notional_at_entry,long,15429.0,long,1688891918.4000006,0
2021-06-02 00:00:00+00:00,1952,SB11,17.68,300000000.0,notional_at_entry,long,15429.0,long,1688719113.6000004,0
2021-06-03 00:00:00+00:00,1953,SB11,17.43,300000000.0,notional_at_entry,long,15429.0,long,1684398993.6000004,0
2021-06-04 00:00:00+00:00,1954,SB11,17.71,300000000.0,notional_at_entry,long,15429.0,long,1689237528.0000005,0
2021-06-07 00:00:00+00:00,1955,SB11,17.38,300000000.0,notional_at_entry,long,15429.0,long,1683534969.6000004,0
2021-06-08 00:00:00+00:00,1956,SB11,17.71,300000000.0,notional_at_entry,long,15429.0,long,1689237528.0000005,0
2021-06-09 00:00:00+00:00,1957,SB11,17.73,300000000.0,notional_at_entry,long,15429.0,long,1689583137.6000004,0
2021-06-10 00:00:00+00:00,1958,SB11,17.73,300000000.0,notional_at_entry,long,15429.0,long,1689583137.6000004,0
2021-06-11 00:00:00+00:00,1959,SB11,17.67,300000000.0,notional_at_entry,long,15429.0,long,1688546308.8000004,0
2021-06-14 00:00:00+00:00,1960,SB11,17.39,300000000.0,notional_at_entry,long,15429.0,long,1683707774.4000006,0
2021-06-15 00:00:00+00:00,1961,SB11,17.2,300000000.0,notional_at_entry,long,15429.0,long,1680424483.2000005,0
2021-06-16 00:00:00+00:00,1962,SB11,17.2,300000000.0,notional_at_entry,long,15429.0,long,1680424483.2000005,0
2021-06-17 00:00:00+00:00,1963,SB11,16.71,300000000.0,notional_at_entry,long,15429.0,long,1671957048.0000005,0
2021-06-18 00:00:00+00:00,1964,SB11,16.66,300000000.0,notional_at_entry,long,15429.0,long,1671093024.0000005,0
2021-06-21 00:00:00+00:00,1965,SB11,17.07,300000000.0,notional_at_entry,long,15429.0,long,1678178020.8000004,0
2021-06-22 00:00:00+00:00,1966,SB11,16.74,300000000.0,notional_at_entry,long,15429.0,long,1672475462.4000006,0
2021-06-23 00:00:00+00:00,1967,SB11,17.01,300000000.0,notional_at_entry,long,15429.0,long,1677141192.0000005,0
2021-06-24 00:00:00+00:00,1968,SB11,17.24,300000000.0,notional_at_entry,long,15429.0,long,1681115702.4000006,0
2021-06-25 00:00:00+00:00,1969,SB11,17.31,300000000.0,notional_at_entry,long,15429.0,long,1682325336.0000005,0
2021-06-28 00:00:00+00:00,1970,SB11,17.61,300000000.0,notional_at_entry,long,15429.0,long,1687509480.0000005,0
2021-06-29 00:00:00+00:00,1971,SB11,17.54,300000000.0,notional_at_entry,long,15429.0,long,1686299846.4000006,0
2021-06-30 00:00:00+00:00,1972,SB11,17.89,300000000.0,notional_at_entry,long,15429.0,long,1692348014.4000006,0
2021-07-01 00:00:00+00:00,1973,SB11,17.94,300000000.0,notional_at_entry,long,15429.0,long,1693212038.4000006,0
2021-07-02 00:00:00+00:00,1974,SB11,18.15,300000000.0,notional_at_entry,long,15429.0,long,1696840939.2000005,0
2021-07-06 00:00:00+00:00,1975,SB11,17.87,300000000.0,notional_at_entry,long,15429.0,long,1692002404.8000004,0
2021-07-07 00:00:00+00:00,1976,SB11,17.75,300000000.0,notional_at_entry,long,15429.0,long,1689928747.2000005,0
2021-07-08 00:00:00+00:00,1977,SB11,17.45,300000000.0,notional_at_entry,long,15429.0,long,1684744603.2000005,0
2021-07-09 00:00:00+00:00,1978,SB11,17.28,300000000.0,notional_at_entry,long,15429.0,long,1681806921.6000006,0
2021-07-12 00:00:00+00:00,1979,SB11,16.99,300000000.0,notional_at_entry,long,15429.0,long,1676795582.4000006,0
2021-07-13 00:00:00+00:00,1980,SB11,17.08,300000000.0,notional_at_entry,long,15429.0,long,1678350825.6000004,0
2021-07-14 00:00:00+00:00,1981,SB11,16.93,300000000.0,notional_at_entry,long,15429.0,long,1675758753.6000004,0
2021-07-15 00:00:00+00:00,1982,SB11,17.33,300000000.0,notional_at_entry,long,15429.0,long,1682670945.6000004,0
2021-07-16 00:00:00+00:00,1983,SB11,17.71,300000000.0,notional_at_entry,long,15429.0,long,1689237528.0000005,0
2021-07-19 00:00:00+00:00,1984,SB11,17.07,300000000.0,notional_at_entry,long,15429.0,long,1678178020.8000004,0
2021-07-20 00:00:00+00:00,1985,SB11,17.41,300000000.0,notional_at_entry,long,15429.0,long,1684053384.0000005,0
2021-07-21 00:00:00+00:00,1986,SB11,17.67,300000000.0,notional_at_entry,long,15429.0,long,1688546308.8000004,0
2021-07-22 00:00:00+00:00,1987,SB11,17.62,300000000.0,notional_at_entry,long,15429.0,long,1687682284.8000004,0
2021-07-23 00:00:00+00:00,1988,SB11,18.17,300000000.0,notional_at_entry,long,15429.0,long,1697186548.8000004,0
2021-07-26 00:00:00+00:00,1989,SB11,18.42,300000000.0,notional_at_entry,long,15429.0,long,1701506668.8000004,0
2021-07-27 00:00:00+00:00,1990,SB11,18.35,300000000.0,notional_at_entry,long,15429.0,long,1700297035.2000005,0
2021-07-28 00:00:00+00:00,1991,SB11,18.61,-300000000.0,notional_at_entry,short,-14393.0,short,1704789960.0000005,1
2021-07-29 00:00:00+00:00,1992,SB11,18.3,-300000000.0,notional_at_entry,short,-14393.0,short,1709787209.6000004,0
2021-07-30 00:00:00+00:00,1993,SB11,17.91,-300000000.0,notional_at_entry,short,-14393.0,short,1716074072.0000005,0
2021-08-02 00:00:00+00:00,1994,SB11,17.95,-300000000.0,notional_at_entry,short,-14393.0,short,1715429265.6000004,0
2021-08-03 00:00:00+00:00,1995,SB11,17.98,-300000000.0,notional_at_entry,short,-14393.0,short,1714945660.8000004,0
2021-08-04 00:00:00+00:00,1996,SB11,17.93,-300000000.0,notional_at_entry,short,-14393.0,short,1715751668.8000004,0
2021-08-05 00:00:00+00:00,1997,SB11,18.62,-300000000.0,notional_at_entry,short,-14393.0,short,1704628758.4000003,0
2021-08-06 00:00:00+00:00,1998,SB11,18.68,-300000000.0,notional_at_entry,short,-14393.0,short,1703661548.8000004,0
2021-08-09 00:00:00+00:00,1999,SB11,18.47,-300000000.0,notional_at_entry,short,-14393.0,short,1707046782.4000006,0
2021-08-10 00:00:00+00:00,2000,SB11,19.59,-300000000.0,notional_at_entry,short,-14393.0,short,1688992203.2000005,0
2021-08-11 00:00:00+00:00,2001,SB11,19.47,-300000000.0,notional_at_entry,short,-14393.0,short,1690926622.4000006,0
2021-08-12 00:00:00+00:00,2002,SB11,19.54,-300000000.0,notional_at_entry,short,-14393.0,short,1689798211.2000005,0
2021-08-13 00:00:00+00:00,2003,SB11,19.95,-300000000.0,notional_at_entry,short,-14393.0,short,1683188945.6000004,0
2021-08-16 00:00:00+00:00,2004,SB11,20.03,-300000000.0,notional_at_entry,short,-14393.0,short,1681899332.8000004,0
2021-08-17 00:00:00+00:00,2005,SB11,20.02,-300000000.0,notional_at_entry,short,-14393.0,short,1682060534.4000006,0
2021-08-18 00:00:00+00:00,2006,SB11,20.17,-300000000.0,notional_at_entry,short,-14393.0,short,1679642510.4000003,0
2021-08-19 00:00:00+00:00,2007,SB11,19.79,-300000000.0,notional_at_entry,short,-14393.0,short,1685768171.2000005,0
2021-08-20 00:00:00+00:00,2008,SB11,19.58,-300000000.0,notional_at_entry,short,-14393.0,short,1689153404.8000004,0
2021-08-23 00:00:00+00:00,2009,SB11,19.58,-300000000.0,notional_at_entry,short,-14393.0,short,1689153404.8000004,0
2021-08-24 00:00:00+00:00,2010,SB11,19.58,-300000000.0,notional_at_entry,short,-14393.0,short,1689153404.8000004,0
2021-08-25 00:00:00+00:00,2011,SB11,19.73,-300000000.0,notional_at_entry,short,-14393.0,short,1686735380.8000004,0
2021-08-26 00:00:00+00:00,2012,SB11,19.68,-300000000.0,notional_at_entry,short,-14393.0,short,1687541388.8000004,0
2021-08-27 00:00:00+00:00,2013,SB11,20.04,-300000000.0,notional_at_entry,short,-14393.0,short,1681738131.2000005,0
2021-08-30 00:00:00+00:00,2014,SB11,20.22,-300000000.0,notional_at_entry,short,-14393.0,short,1678836502.4000006,0
2021-08-31 00:00:00+00:00,2015,SB11,19.84,-300000000.0,notional_at_entry,short,-14393.0,short,1684962163.2000005,0
2021-09-01 00:00:00+00:00,2016,SB11,19.67,-300000000.0,notional_at_entry,short,-14393.0,short,1687702590.4000003,0
2021-09-02 00:00:00+00:00,2017,SB11,19.9,-300000000.0,notional_at_entry,short,-14393.0,short,1683994953.6000004,0
2021-09-03 00:00:00+00:00,2018,SB11,19.62,-300000000.0,notional_at_entry,short,-14393.0,short,1688508598.4000006,0
2021-09-07 00:00:00+00:00,2019,SB11,19.48,-300000000.0,notional_at_entry,short,-14393.0,short,1690765420.8000004,0
2021-09-08 00:00:00+00:00,2020,SB11,19.49,-300000000.0,notional_at_entry,short,-14393.0,short,1690604219.2000005,0
2021-09-09 00:00:00+00:00,2021,SB11,19.24,-300000000.0,notional_at_entry,short,-14393.0,short,1694634259.2000005,0
2021-09-10 00:00:00+00:00,2022,SB11,19.51,-300000000.0,notional_at_entry,short,-14393.0,short,1690281816.0000005,0
2021-09-13 00:00:00+00:00,2023,SB11,19.69,-300000000.0,notional_at_entry,short,-14393.0,short,1687380187.2000005,0
2021-09-14 00:00:00+00:00,2024,SB11,19.66,-300000000.0,notional_at_entry,short,-14393.0,short,1687863792.0000005,0
2021-09-15 00:00:00+00:00,2025,SB11,20.26,-300000000.0,notional_at_entry,short,-14393.0,short,1678191696.0000005,0
2021-09-16 00:00:00+00:00,2026,SB11,20.13,-300000000.0,notional_at_entry,short,-14393.0,short,1680287316.8000004,0
2021-09-17 00:00:00+00:00,2027,SB11,19.86,-300000000.0,notional_at_entry,short,-14393.0,short,1684639760.0000005,0
2021-09-20 00:00:00+00:00,2028,SB11,19.59,-300000000.0,notional_at_entry,short,-14393.0,short,1688992203.2000005,0
2021-09-21 00:00:00+00:00,2029,SB11,19.75,-300000000.0,notional_at_entry,short,-14393.0,short,1686412977.6000004,0
2021-09-22 00:00:00+00:00,2030,SB11,20.07,-300000000.0,notional_at_entry,short,-14393.0,short,1681254526.4000006,0
2021-09-23 00:00:00+00:00,2031,SB11,20.29,-300000000.0,notional_at_entry,short,-14393.0,short,1677708091.2000005,0
2021-09-24 00:00:00+00:00,2032,SB11,19.93,-300000000.0,notional_at_entry,short,-14393.0,short,1683511348.8000004,0
2021-09-27 00:00:00+00:00,2033,SB11,19.68,-300000000.0,notional_at_entry,short,-14393.0,short,1687541388.8000004,0
2021-09-28 00:00:00+00:00,2034,SB11,19.84,-300000000.0,notional_at_entry,short,-14393.0,short,1684962163.2000005,0
2021-09-29 00:00:00+00:00,2035,SB11,19.72,-300000000.0,notional_at_entry,short,-14393.0,short,1686896582.4000006,0
2021-09-30 00:00:00+00:00,2036,SB11,20.34,-300000000.0,notional_at_entry,short,-14393.0,short,1676902083.2000005,0
2021-10-01 00:00:00+00:00,2037,SB11,20.06,-300000000.0,notional_at_entry,short,-14393.0,short,1681415728.0000005,0
2021-10-04 00:00:00+00:00,2038,SB11,19.69,-300000000.0,notional_at_entry,short,-14393.0,short,1687380187.2000005,0
2021-10-05 00:00:00+00:00,2039,SB11,19.85,-300000000.0,notional_at_entry,short,-14393.0,short,1684800961.6000004,0
2021-10-06 00:00:00+00:00,2040,SB11,19.77,-300000000.0,notional_at_entry,short,-14393.0,short,1686090574.4000006,0
2021-10-07 00:00:00+00:00,2041,SB11,19.84,300000000.0,notional_at_entry,long,13500.0,long,1684962163.2000005,1
2021-10-08 00:00:00+00:00,2042,SB11,20.29,300000000.0,notional_at_entry,long,13500.0,long,1691766163.2000005,0
2021-10-11 00:00:00+00:00,2043,SB11,20.33,300000000.0,notional_at_entry,long,13500.0,long,1692370963.2000005,0
2021-10-12 00:00:00+00:00,2044,SB11,20.07,300000000.0,notional_at_entry,long,13500.0,long,1688439763.2000005,0
2021-10-13 00:00:00+00:00,2045,SB11,19.86,300000000.0,notional_at_entry,long,13500.0,long,1685264563.2000005,0
2021-10-14 00:00:00+00:00,2046,SB11,19.59,300000000.0,notional_at_entry,long,13500.0,long,1681182163.2000005,0
2021-10-15 00:00:00+00:00,2047,SB11,19.8,300000000.0,notional_at_entry,long,13500.0,long,1684357363.2000005,0
2021-10-18 00:00:00+00:00,2048,SB11,19.35,300000000.0,notional_at_entry,long,13500.0,long,1677553363.2000005,0
2021-10-19 00:00:00+00:00,2049,SB11,18.87,300000000.0,notional_at_entry,long,13500.0,long,1670295763.2000005,0
2021-10-20 00:00:00+00:00,2050,SB11,18.97,300000000.0,notional_at_entry,long,13500.0,long,1671807763.2000005,0
2021-10-21 00:00:00+00:00,2051,SB11,18.94,300000000.0,notional_at_entry,long,13500.0,long,1671354163.2000005,0
2021-10-22 00:00:00+00:00,2052,SB11,19.08,300000000.0,notional_at_entry,long,13500.0,long,1673470963.2000005,0
2021-10-25 00:00:00+00:00,2053,SB11,19.39,300000000.0,notional_at_entry,long,13500.0,long,1678158163.2000005,0
2021-10-26 00:00:00+00:00,2054,SB11,19.66,300000000.0,notional_at_entry,long,13500.0,long,1682240563.2000005,0
2021-10-27 00:00:00+00:00,2055,SB11,19.7,-300000000.0,notional_at_entry,short,-13596.0,short,1682845363.2000005,1
2021-10-28 00:00:00+00:00,2056,SB11,19.62,-300000000.0,notional_at_entry,short,-13596.0,short,1684063564.8000004,0
2021-10-29 00:00:00+00:00,2057,SB11,19.27,-300000000.0,notional_at_entry,short,-13596.0,short,1689393196.8000004,0
2021-11-01 00:00:00+00:00,2058,SB11,19.37,-300000000.0,notional_at_entry,short,-13596.0,short,1687870444.8000004,0
2021-11-02 00:00:00+00:00,2059,SB11,19.54,-300000000.0,notional_at_entry,short,-13596.0,short,1685281766.4000006,0
2021-11-03 00:00:00+00:00,2060,SB11,19.38,-300000000.0,notional_at_entry,short,-13596.0,short,1687718169.6000006,0
2021-11-04 00:00:00+00:00,2061,SB11,19.63,-300000000.0,notional_at_entry,short,-13596.0,short,1683911289.6000006,0
2021-11-05 00:00:00+00:00,2062,SB11,19.94,-300000000.0,notional_at_entry,short,-13596.0,short,1679190758.4000006,0
2021-11-08 00:00:00+00:00,2063,SB11,19.92,-300000000.0,notional_at_entry,short,-13596.0,short,1679495308.8000004,0
2021-11-09 00:00:00+00:00,2064,SB11,19.9,-300000000.0,notional_at_entry,short,-13596.0,short,1679799859.2000005,0
2021-11-10 00:00:00+00:00,2065,SB11,19.6,-300000000.0,notional_at_entry,short,-13596.0,short,1684368115.2000005,0
2021-11-11 00:00:00+00:00,2066,SB11,20.12,-300000000.0,notional_at_entry,short,-13596.0,short,1676449804.8000004,0
2021-11-12 00:00:00+00:00,2067,SB11,20.01,-300000000.0,notional_at_entry,short,-13596.0,short,1678124832.0000005,0
2021-11-15 00:00:00+00:00,2068,SB11,19.74,-300000000.0,notional_at_entry,short,-13596.0,short,1682236262.4000006,0
2021-11-16 00:00:00+00:00,2069,SB11,19.99,-300000000.0,notional_at_entry,short,-13596.0,short,1678429382.4000006,0
2021-11-17 00:00:00+00:00,2070,SB11,20.42,-300000000.0,notional_at_entry,short,-13596.0,short,1671881548.8000004,0
2021-11-18 00:00:00+00:00,2071,SB11,20.18,-300000000.0,notional_at_entry,short,-13596.0,short,1675536153.6000006,0
2021-11-19 00:00:00+00:00,2072,SB11,19.99,-300000000.0,notional_at_entry,short,-13596.0,short,1678429382.4000006,0
2021-11-22 00:00:00+00:00,2073,SB11,19.76,-300000000.0,notional_at_entry,short,-13596.0,short,1681931712.0000005,0
2021-11-23 00:00:00+00:00,2074,SB11,20.11,-300000000.0,notional_at_entry,short,-13596.0,short,1676602080.0000005,0
2021-11-24 00:00:00+00:00,2075,SB11,19.93,-300000000.0,notional_at_entry,short,-13596.0,short,1679343033.6000006,0
2021-11-26 00:00:00+00:00,2076,SB11,19.35,-300000000.0,notional_at_entry,short,-13596.0,short,1688174995.2000005,0
2021-11-29 00:00:00+00:00,2077,SB11,19.19,-300000000.0,notional_at_entry,short,-13596.0,short,1690611398.4000006,0
2021-11-30 00:00:00+00:00,2078,SB11,18.6,-300000000.0,notional_at_entry,short,-13596.0,short,1699595635.2000005,0
2021-12-01 00:00:00+00:00,2079,SB11,18.6,-300000000.0,notional_at_entry,short,-13596.0,short,1699595635.2000005,0
2021-12-02 00:00:00+00:00,2080,SB11,18.62,-300000000.0,notional_at_entry,short,-13596.0,short,1699291084.8000004,0
2021-12-03 00:00:00+00:00,2081,SB11,18.75,-300000000.0,notional_at_entry,short,-13596.0,short,1697311507.2000005,0
2021-12-06 00:00:00+00:00,2082,SB11,19.16,-300000000.0,notional_at_entry,short,-13596.0,short,1691068224.0000005,0
2021-12-07 00:00:00+00:00,2083,SB11,19.48,-300000000.0,notional_at_entry,short,-13596.0,short,1686195417.6000006,0
2021-12-08 00:00:00+00:00,2084,SB11,19.82,-300000000.0,notional_at_entry,short,-13596.0,short,1681018060.8000004,0
2021-12-09 00:00:00+00:00,2085,SB11,19.69,-300000000.0,notional_at_entry,short,-13596.0,short,1682997638.4000006,0
2021-12-10 00:00:00+00:00,2086,SB11,19.71,-300000000.0,notional_at_entry,short,-13596.0,short,1682693088.0000005,0
2021-12-13 00:00:00+00:00,2087,SB11,19.64,-300000000.0,notional_at_entry,short,-13596.0,short,1683759014.4000006,0
2021-12-14 00:00:00+00:00,2088,SB11,19.65,-300000000.0,notional_at_entry,short,-13596.0,short,1683606739.2000005,0
2021-12-15 00:00:00+00:00,2089,SB11,19.29,-300000000.0,notional_at_entry,short,-13596.0,short,1689088646.4000006,0
2021-12-16 00:00:00+00:00,2090,SB11,19.4,-300000000.0,notional_at_entry,short,-13596.0,short,1687413619.2000005,0
2021-12-17 00:00:00+00:00,2091,SB11,19.11,-300000000.0,notional_at_entry,short,-13596.0,short,1691829600.0000005,0
2021-12-20 00:00:00+00:00,2092,SB11,18.59,300000000.0,notional_at_entry,long,14408.0,long,1699747910.4000006,1
2021-12-21 00:00:00+00:00,2093,SB11,18.74,300000000.0,notional_at_entry,long,14408.0,long,1702168454.4000006,0
2021-12-22 00:00:00+00:00,2094,SB11,19.26,300000000.0,notional_at_entry,long,14408.0,long,1710559673.6000006,0
2021-12-23 00:00:00+00:00,2095,SB11,19.24,300000000.0,notional_at_entry,long,14408.0,long,1710236934.4000006,0
2021-12-27 00:00:00+00:00,2096,SB11,19.21,300000000.0,notional_at_entry,long,14408.0,long,1709752825.6000006,0
2021-12-28 00:00:00+00:00,2097,SB11,18.96,300000000.0,notional_at_entry,long,14408.0,long,1705718585.6000006,0
2021-12-29 00:00:00+00:00,2098,SB11,19.1,300000000.0,notional_at_entry,long,14408.0,long,1707977760.0000007,0
2021-12-30 00:00:00+00:00,2099,SB11,18.78,300000000.0,notional_at_entry,long,14408.0,long,1702813932.8000007,0
2021-12-31 00:00:00+00:00,2100,SB11,18.88,-300000000.0,notional_at_entry,short,-14187.0,short,1704427628.8000007,1
2022-01-03 00:00:00+00:00,2101,SB11,18.74,-300000000.0,notional_at_entry,short,-14187.0,short,1706652150.4000006,0
2022-01-04 00:00:00+00:00,2102,SB11,18.75,-300000000.0,notional_at_entry,short,-14187.0,short,1706493256.0000007,0
2022-01-05 00:00:00+00:00,2103,SB11,18.34,-300000000.0,notional_at_entry,short,-14187.0,short,1713007926.4000006,0
2022-01-06 00:00:00+00:00,2104,SB11,18.19,-300000000.0,notional_at_entry,short,-14187.0,short,1715391342.4000006,0
2022-01-07 00:00:00+00:00,2105,SB11,18.05,-300000000.0,notional_at_entry,short,-14187.0,short,1717615864.0000007,0
2022-01-10 00:00:00+00:00,2106,SB11,17.83,-300000000.0,notional_at_entry,short,-14187.0,short,1721111540.8000007,0
2022-01-11 00:00:00+00:00,2107,SB11,18.11,-300000000.0,notional_at_entry,short,-14187.0,short,1716662497.6000006,0
2022-01-12 00:00:00+00:00,2108,SB11,18.34,-300000000.0,notional_at_entry,short,-14187.0,short,1713007926.4000006,0
2022-01-13 00:00:00+00:00,2109,SB11,18.09,300000000.0,notional_at_entry,long,14806.0,long,1716980286.4000006,1
2022-01-14 00:00:00+00:00,2110,SB11,18.31,300000000.0,notional_at_entry,long,14806.0,long,1720628484.8000007,0
2022-01-18 00:00:00+00:00,2111,SB11,18.66,300000000.0,notional_at_entry,long,14806.0,long,1726432436.8000007,0
2022-01-19 00:00:00+00:00,2112,SB11,19.07,300000000.0,notional_at_entry,long,14806.0,long,1733231352.0000005,0
2022-01-20 00:00:00+00:00,2113,SB11,18.93,300000000.0,notional_at_entry,long,14806.0,long,1730909771.2000005,0
2022-01-21 00:00:00+00:00,2114,SB11,18.9,300000000.0,notional_at_entry,long,14806.0,long,1730412289.6000006,0
2022-01-24 00:00:00+00:00,2115,SB11,18.81,300000000.0,notional_at_entry,long,14806.0,long,1728919844.8000007,0
2022-01-25 00:00:00+00:00,2116,SB11,18.78,300000000.0,notional_at_entry,long,14806.0,long,1728422363.2000005,0
2022-01-26 00:00:00+00:00,2117,SB11,18.49,300000000.0,notional_at_entry,long,14806.0,long,1723613374.4000006,0
2022-01-27 00:00:00+00:00,2118,SB11,18.41,300000000.0,notional_at_entry,long,14806.0,long,1722286756.8000007,0
2022-01-28 00:00:00+00:00,2119,SB11,18.2,300000000.0,notional_at_entry,long,14806.0,long,1718804385.6000006,0
2022-01-31 00:00:00+00:00,2120,SB11,18.22,300000000.0,notional_at_entry,long,14806.0,long,1719136040.0000005,0
2022-02-01 00:00:00+00:00,2121,SB11,18.48,300000000.0,notional_at_entry,long,14806.0,long,1723447547.2000005,0
2022-02-02 00:00:00+00:00,2122,SB11,17.93,300000000.0,notional_at_entry,long,14806.0,long,1714327051.2000005,0
2022-02-03 00:00:00+00:00,2123,SB11,17.99,300000000.0,notional_at_entry,long,14806.0,long,1715322014.4000006,0
2022-02-04 00:00:00+00:00,2124,SB11,18.23,-300000000.0,notional_at_entry,short,-14693.0,short,1719301867.2000005,1
2022-02-07 00:00:00+00:00,2125,SB11,18.05,-300000000.0,notional_at_entry,short,-14693.0,short,1722263976.0000005,0
2022-02-08 00:00:00+00:00,2126,SB11,18.08,-300000000.0,notional_at_entry,short,-14693.0,short,1721770291.2000005,0
2022-02-09 00:00:00+00:00,2127,SB11,18.48,-300000000.0,notional_at_entry,short,-14693.0,short,1715187827.2000005,0
2022-02-10 00:00:00+00:00,2128,SB11,18.3,-300000000.0,notional_at_entry,short,-14693.0,short,1718149936.0000005,0
2022-02-11 00:00:00+00:00,2129,SB11,17.81,-300000000.0,notional_at_entry,short,-14693.0,short,1726213454.4000006,0
2022-02-14 00:00:00+00:00,2130,SB11,17.66,-300000000.0,notional_at_entry,short,-14693.0,short,1728681878.4000006,0
2022-02-15 00:00:00+00:00,2131,SB11,17.57,-300000000.0,notional_at_entry,short,-14693.0,short,1730162932.8000004,0
2022-02-16 00:00:00+00:00,2132,SB11,17.56,-300000000.0,notional_at_entry,short,-14693.0,short,1730327494.4000006,0
2022-02-17 00:00:00+00:00,2133,SB11,17.74,-300000000.0,notional_at_entry,short,-14693.0,short,1727365385.6000006,0
2022-02-18 00:00:00+00:00,2134,SB11,17.62,-300000000.0,notional_at_entry,short,-14693.0,short,1729340124.8000004,0
2022-02-22 00:00:00+00:00,2135,SB11,17.89,-300000000.0,notional_at_entry,short,-14693.0,short,1724896961.6000006,0
2022-02-23 00:00:00+00:00,2136,SB11,17.88,-300000000.0,notional_at_entry,short,-14693.0,short,1725061523.2000005,0
2022-02-24 00:00:00+00:00,2137,SB11,17.91,-300000000.0,notional_at_entry,short,-14693.0,short,1724567838.4000006,0
2022-02-25 00:00:00+00:00,2138,SB11,17.6,300000000.0,notional_at_entry,long,15219.0,long,1729669248.0000005,1
2022-02-28 00:00:00+00:00,2139,SB11,17.7,300000000.0,notional_at_entry,long,15219.0,long,1731373776.0000005,0
2022-03-01 00:00:00+00:00,2140,SB11,18.34,300000000.0,notional_at_entry,long,15219.0,long,1742282755.2000005,0
2022-03-02 00:00:00+00:00,2141,SB11,18.64,300000000.0,notional_at_entry,long,15219.0,long,1747396339.2000005,0
2022-03-03 00:00:00+00:00,2142,SB11,18.93,300000000.0,notional_at_entry,long,15219.0,long,1752339470.4000003,0
2022-03-04 00:00:00+00:00,2143,SB11,19.35,300000000.0,notional_at_entry,long,15219.0,long,1759498488.0000005,0
2022-03-07 00:00:00+00:00,2144,SB11,19.27,300000000.0,notional_at_entry,long,15219.0,long,1758134865.6000004,0
2022-03-08 00:00:00+00:00,2145,SB11,19.43,300000000.0,notional_at_entry,long,15219.0,long,1760862110.4000003,0
2022-03-09 00:00:00+00:00,2146,SB11,18.94,300000000.0,notional_at_entry,long,15219.0,long,1752509923.2000005,0
2022-03-10 00:00:00+00:00,2147,SB11,19.1,300000000.0,notional_at_entry,long,15219.0,long,1755237168.0000005,0
2022-03-11 00:00:00+00:00,2148,SB11,19.24,300000000.0,notional_at_entry,long,15219.0,long,1757623507.2000005,0
2022-03-14 00:00:00+00:00,2149,SB11,19.13,300000000.0,notional_at_entry,long,15219.0,long,1755748526.4000003,0
2022-03-15 00:00:00+00:00,2150,SB11,18.73,300000000.0,notional_at_entry,long,15219.0,long,1748930414.4000006,0
2022-03-16 00:00:00+00:00,2151,SB11,18.56,300000000.0,notional_at_entry,long,15219.0,long,1746032716.8000004,0
2022-03-17 00:00:00+00:00,2152,SB11,18.69,300000000.0,notional_at_entry,long,15219.0,long,1748248603.2000005,0
2022-03-18 00:00:00+00:00,2153,SB11,18.93,300000000.0,notional_at_entry,long,15219.0,long,1752339470.4000003,0
2022-03-21 00:00:00+00:00,2154,SB11,19.28,300000000.0,notional_at_entry,long,15219.0,long,1758305318.4000006,0
2022-03-22 00:00:00+00:00,2155,SB11,19.15,300000000.0,notional_at_entry,long,15219.0,long,1756089432.0000005,0
2022-03-23 00:00:00+00:00,2156,SB11,19.24,300000000.0,notional_at_entry,long,15219.0,long,1757623507.2000005,0
2022-03-24 00:00:00+00:00,2157,SB11,19.26,300000000.0,notional_at_entry,long,15219.0,long,1757964412.8000004,0
2022-03-25 00:00:00+00:00,2158,SB11,19.61,300000000.0,notional_at_entry,long,15219.0,long,1763930260.8000004,0
2022-03-28 00:00:00+00:00,2159,SB11,19.59,300000000.0,notional_at_entry,long,15219.0,long,1763589355.2000005,0
2022-03-29 00:00:00+00:00,2160,SB11,19.11,300000000.0,notional_at_entry,long,15219.0,long,1755407620.8000004,0
2022-03-30 00:00:00+00:00,2161,SB11,19.47,300000000.0,notional_at_entry,long,15219.0,long,1761543921.6000004,0
2022-03-31 00:00:00+00:00,2162,SB11,19.49,300000000.0,notional_at_entry,long,15219.0,long,1761884827.2000005,0
2022-04-01 00:00:00+00:00,2163,SB11,19.37,300000000.0,notional_at_entry,long,15219.0,long,1759839393.6000004,0
2022-04-04 00:00:00+00:00,2164,SB11,19.61,300000000.0,notional_at_entry,long,15219.0,long,1763930260.8000004,0
2022-04-05 00:00:00+00:00,2165,SB11,19.65,300000000.0,notional_at_entry,long,15219.0,long,1764612072.0000005,0
2022-04-06 00:00:00+00:00,2166,SB11,19.59,300000000.0,notional_at_entry,long,15219.0,long,1763589355.2000005,0
2022-04-07 00:00:00+00:00,2167,SB11,19.84,-300000000.0,notional_at_entry,short,-13500.0,short,1767850675.2000005,1
2022-04-08 00:00:00+00:00,2168,SB11,20.41,-300000000.0,notional_at_entry,short,-13500.0,short,1759232275.2000005,0
2022-04-11 00:00:00+00:00,2169,SB11,20.31,-300000000.0,notional_at_entry,short,-13500.0,short,1760744275.2000005,0
2022-04-12 00:00:00+00:00,2170,SB11,20.22,-300000000.0,notional_at_entry,short,-13500.0,short,1762105075.2000005,0
2022-04-13 00:00:00+00:00,2171,SB11,20.1,-300000000.0,notional_at_entry,short,-13500.0,short,1763919475.2000005,0
2022-04-14 00:00:00+00:00,2172,SB11,20.03,-300000000.0,notional_at_entry,short,-13500.0,short,1764977875.2000005,0
2022-04-18 00:00:00+00:00,2173,SB11,20.2,-300000000.0,notional_at_entry,short,-13500.0,short,1762407475.2000005,0
2022-04-19 00:00:00+00:00,2174,SB11,19.67,-300000000.0,notional_at_entry,short,-13500.0,short,1770421075.2000005,0
2022-04-20 00:00:00+00:00,2175,SB11,19.55,-300000000.0,notional_at_entry,short,-13500.0,short,1772235475.2000005,0
2022-04-21 00:00:00+00:00,2176,SB11,19.81,-300000000.0,notional_at_entry,short,-13500.0,short,1768304275.2000005,0
2022-04-22 00:00:00+00:00,2177,SB11,19.21,-300000000.0,notional_at_entry,short,-13500.0,short,1777376275.2000005,0
2022-04-25 00:00:00+00:00,2178,SB11,18.88,-300000000.0,notional_at_entry,short,-13500.0,short,1782365875.2000005,0
2022-04-26 00:00:00+00:00,2179,SB11,18.93,-300000000.0,notional_at_entry,short,-13500.0,short,1781609875.2000005,0
2022-04-27 00:00:00+00:00,2180,SB11,18.9,-300000000.0,notional_at_entry,short,-13500.0,short,1782063475.2000005,0
2022-04-28 00:00:00+00:00,2181,SB11,19.23,-300000000.0,notional_at_entry,short,-13500.0,short,1777073875.2000005,0
2022-04-29 00:00:00+00:00,2182,SB11,19.15,-300000000.0,notional_at_entry,short,-13500.0,short,1778283475.2000005,0
2022-05-02 00:00:00+00:00,2183,SB11,18.85,-300000000.0,notional_at_entry,short,-13500.0,short,1782819475.2000005,0
2022-05-03 00:00:00+00:00,2184,SB11,18.62,300000000.0,notional_at_entry,long,14385.0,long,1786297075.2000005,1
2022-05-04 00:00:00+00:00,2185,SB11,18.62,300000000.0,notional_at_entry,long,14385.0,long,1786297075.2000005,0
2022-05-05 00:00:00+00:00,2186,SB11,18.78,300000000.0,notional_at_entry,long,14385.0,long,1788874867.2000005,0
2022-05-06 00:00:00+00:00,2187,SB11,19.16,300000000.0,notional_at_entry,long,14385.0,long,1794997123.2000005,0
2022-05-09 00:00:00+00:00,2188,SB11,18.66,300000000.0,notional_at_entry,long,14385.0,long,1786941523.2000005,0
2022-05-10 00:00:00+00:00,2189,SB11,18.54,300000000.0,notional_at_entry,long,14385.0,long,1785008179.2000005,0
2022-05-11 00:00:00+00:00,2190,SB11,18.55,300000000.0,notional_at_entry,long,14385.0,long,1785169291.2000005,0
2022-05-12 00:00:00+00:00,2191,SB11,18.64,300000000.0,notional_at_entry,long,14385.0,long,1786619299.2000005,0
2022-05-13 00:00:00+00:00,2192,SB11,19.17,300000000.0,notional_at_entry,long,14385.0,long,1795158235.2000005,0
2022-05-16 00:00:00+00:00,2193,SB11,19.68,300000000.0,notional_at_entry,long,14385.0,long,1803374947.2000005,0
2022-05-17 00:00:00+00:00,2194,SB11,20.0,300000000.0,notional_at_entry,long,14385.0,long,1808530531.2000005,0
2022-05-18 00:00:00+00:00,2195,SB11,19.83,300000000.0,notional_at_entry,long,14385.0,long,1805791627.2000005,0
2022-05-19 00:00:00+00:00,2196,SB11,19.77,300000000.0,notional_at_entry,long,14385.0,long,1804824955.2000005,0
2022-05-20 00:00:00+00:00,2197,SB11,19.95,300000000.0,notional_at_entry,long,14385.0,long,1807724971.2000005,0
2022-05-23 00:00:00+00:00,2198,SB11,19.77,300000000.0,notional_at_entry,long,14385.0,long,1804824955.2000005,0
2022-05-24 00:00:00+00:00,2199,SB11,19.75,300000000.0,notional_at_entry,long,14385.0,long,1804502731.2000005,0
2022-05-25 00:00:00+00:00,2200,SB11,19.68,300000000.0,notional_at_entry,long,14385.0,long,1803374947.2000005,0
2022-05-26 00:00:00+00:00,2201,SB11,19.54,300000000.0,notional_at_entry,long,14385.0,long,1801119379.2000005,0
2022-05-27 00:00:00+00:00,2202,SB11,19.61,300000000.0,notional_at_entry,long,14385.0,long,1802247163.2000005,0
2022-05-31 00:00:00+00:00,2203,SB11,19.4,300000000.0,notional_at_entry,long,14385.0,long,1798863811.2000005,0
2022-06-01 00:00:00+00:00,2204,SB11,19.44,300000000.0,notional_at_entry,long,14385.0,long,1799508259.2000005,0
2022-06-02 00:00:00+00:00,2205,SB11,19.35,300000000.0,notional_at_entry,long,14385.0,long,1798058251.2000005,0
2022-06-03 00:00:00+00:00,2206,SB11,19.29,300000000.0,notional_at_entry,long,14385.0,long,1797091579.2000005,0
2022-06-06 00:00:00+00:00,2207,SB11,19.56,300000000.0,notional_at_entry,long,14385.0,long,1801441603.2000005,0
2022-06-07 00:00:00+00:00,2208,SB11,18.97,300000000.0,notional_at_entry,long,14385.0,long,1791935995.2000005,0
2022-06-08 00:00:00+00:00,2209,SB11,18.98,300000000.0,notional_at_entry,long,14385.0,long,1792097107.2000005,0
2022-06-09 00:00:00+00:00,2210,SB11,19.29,300000000.0,notional_at_entry,long,14385.0,long,1797091579.2000005,0
2022-06-10 00:00:00+00:00,2211,SB11,18.87,300000000.0,notional_at_entry,long,14385.0,long,1790324875.2000005,0
2022-06-13 00:00:00+00:00,2212,SB11,18.71,300000000.0,notional_at_entry,long,14385.0,long,1787747083.2000005,0
2022-06-14 00:00:00+00:00,2213,SB11,18.8,300000000.0,notional_at_entry,long,14385.0,long,1789197091.2000005,0
2022-06-15 00:00:00+00:00,2214,SB11,18.57,300000000.0,notional_at_entry,long,14385.0,long,1785491515.2000005,0
2022-06-16 00:00:00+00:00,2215,SB11,18.67,300000000.0,notional_at_entry,long,14385.0,long,1787102635.2000005,0
2022-06-17 00:00:00+00:00,2216,SB11,18.73,300000000.0,notional_at_entry,long,14385.0,long,1788069307.2000005,0
2022-06-21 00:00:00+00:00,2217,SB11,18.78,300000000.0,notional_at_entry,long,14385.0,long,1788874867.2000005,0
2022-06-22 00:00:00+00:00,2218,SB11,18.49,300000000.0,notional_at_entry,long,14385.0,long,1784202619.2000005,0
2022-06-23 00:00:00+00:00,2219,SB11,18.36,300000000.0,notional_at_entry,long,14385.0,long,1782108163.2000005,0
2022-06-24 00:00:00+00:00,2220,SB11,18.31,300000000.0,notional_at_entry,long,14385.0,long,1781302603.2000005,0
2022-06-27 00:00:00+00:00,2221,SB11,18.26,300000000.0,notional_at_entry,long,14385.0,long,1780497043.2000005,0
2022-06-28 00:00:00+00:00,2222,SB11,18.5,300000000.0,notional_at_entry,long,14385.0,long,1784363731.2000005,0
2022-06-29 00:00:00+00:00,2223,SB11,18.51,300000000.0,notional_at_entry,long,14385.0,long,1784524843.2000005,0
2022-06-30 00:00:00+00:00,2224,SB11,18.5,300000000.0,notional_at_entry,long,14385.0,long,1784363731.2000005,0
2022-07-01 00:00:00+00:00,2225,SB11,18.07,300000000.0,notional_at_entry,long,14385.0,long,1777435915.2000005,0
2022-07-05 00:00:00+00:00,2226,SB11,17.8,300000000.0,notional_at_entry,long,14385.0,long,1773085891.2000005,0
2022-07-06 00:00:00+00:00,2227,SB11,17.99,300000000.0,notional_at_entry,long,14385.0,long,1776147019.2000005,0
2022-07-07 00:00:00+00:00,2228,SB11,18.52,300000000.0,notional_at_entry,long,14385.0,long,1784685955.2000005,0
2022-07-08 00:00:00+00:00,2229,SB11,19.02,300000000.0,notional_at_entry,long,14385.0,long,1792741555.2000005,0
2022-07-11 00:00:00+00:00,2230,SB11,18.86,300000000.0,notional_at_entry,long,14385.0,long,1790163763.2000005,0
2022-07-12 00:00:00+00:00,2231,SB11,18.69,300000000.0,notional_at_entry,long,14385.0,long,1787424859.2000005,0
2022-07-13 00:00:00+00:00,2232,SB11,19.14,300000000.0,notional_at_entry,long,14385.0,long,1794674899.2000005,0
2022-07-14 00:00:00+00:00,2233,SB11,18.97,300000000.0,notional_at_entry,long,14385.0,long,1791935995.2000005,0
2022-07-15 00:00:00+00:00,2234,SB11,19.25,300000000.0,notional_at_entry,long,14385.0,long,1796447131.2000005,0
2022-07-18 00:00:00+00:00,2235,SB11,19.41,300000000.0,notional_at_entry,long,14385.0,long,1799024923.2000005,0
2022-07-19 00:00:00+00:00,2236,SB11,18.84,300000000.0,notional_at_entry,long,14385.0,long,1789841539.2000005,0
2022-07-20 00:00:00+00:00,2237,SB11,18.67,300000000.0,notional_at_entry,long,14385.0,long,1787102635.2000005,0
2022-07-21 00:00:00+00:00,2238,SB11,18.35,300000000.0,notional_at_entry,long,14385.0,long,1781947051.2000005,0
2022-07-22 00:00:00+00:00,2239,SB11,17.89,300000000.0,notional_at_entry,long,14385.0,long,1774535899.2000005,0
2022-07-25 00:00:00+00:00,2240,SB11,17.47,300000000.0,notional_at_entry,long,14385.0,long,1767769195.2000005,0
2022-07-26 00:00:00+00:00,2241,SB11,17.47,300000000.0,notional_at_entry,long,14385.0,long,1767769195.2000005,0
2022-07-27 00:00:00+00:00,2242,SB11,17.4,300000000.0,notional_at_entry,long,14385.0,long,1766641411.2000005,0
2022-07-28 00:00:00+00:00,2243,SB11,17.72,300000000.0,notional_at_entry,long,14385.0,long,1771796995.2000005,0
2022-07-29 00:00:00+00:00,2244,SB11,17.54,300000000.0,notional_at_entry,long,14385.0,long,1768896979.2000005,0
2022-08-01 00:00:00+00:00,2245,SB11,17.6,300000000.0,notional_at_entry,long,14385.0,long,1769863651.2000005,0
2022-08-02 00:00:00+00:00,2246,SB11,17.69,-300000000.0,notional_at_entry,short,-15141.0,short,1771313659.2000005,1
2022-08-03 00:00:00+00:00,2247,SB11,17.77,-300000000.0,notional_at_entry,short,-15141.0,short,1769957025.6000006,0
2022-08-04 00:00:00+00:00,2248,SB11,17.55,-300000000.0,notional_at_entry,short,-15141.0,short,1773687768.0000005,0
2022-08-05 00:00:00+00:00,2249,SB11,17.94,-300000000.0,notional_at_entry,short,-15141.0,short,1767074179.2000005,0
2022-08-08 00:00:00+00:00,2250,SB11,17.96,-300000000.0,notional_at_entry,short,-15141.0,short,1766735020.8000004,0
2022-08-09 00:00:00+00:00,2251,SB11,17.98,-300000000.0,notional_at_entry,short,-15141.0,short,1766395862.4000006,0
2022-08-10 00:00:00+00:00,2252,SB11,18.28,-300000000.0,notional_at_entry,short,-15141.0,short,1761308486.4000006,0
2022-08-11 00:00:00+00:00,2253,SB11,18.49,-300000000.0,notional_at_entry,short,-15141.0,short,1757747323.2000005,0
2022-08-12 00:00:00+00:00,2254,SB11,18.6,-300000000.0,notional_at_entry,short,-15141.0,short,1755881952.0000005,0
2022-08-15 00:00:00+00:00,2255,SB11,18.54,-300000000.0,notional_at_entry,short,-15141.0,short,1756899427.2000005,0
2022-08-16 00:00:00+00:00,2256,SB11,18.27,-300000000.0,notional_at_entry,short,-15141.0,short,1761478065.6000006,0
2022-08-17 00:00:00+00:00,2257,SB11,18.24,-300000000.0,notional_at_entry,short,-15141.0,short,1761986803.2000005,0
2022-08-18 00:00:00+00:00,2258,SB11,17.77,-300000000.0,notional_at_entry,short,-15141.0,short,1769957025.6000006,0
2022-08-19 00:00:00+00:00,2259,SB11,18.09,-300000000.0,notional_at_entry,short,-15141.0,short,1764530491.2000005,0
2022-08-22 00:00:00+00:00,2260,SB11,17.94,-300000000.0,notional_at_entry,short,-15141.0,short,1767074179.2000005,0
2022-08-23 00:00:00+00:00,2261,SB11,17.89,-300000000.0,notional_at_entry,short,-15141.0,short,1767922075.2000005,0
2022-08-24 00:00:00+00:00,2262,SB11,18.04,-300000000.0,notional_at_entry,short,-15141.0,short,1765378387.2000005,0
2022-08-25 00:00:00+00:00,2263,SB11,17.9,-300000000.0,notional_at_entry,short,-15141.0,short,1767752496.0000005,0
2022-08-26 00:00:00+00:00,2264,SB11,18.47,-300000000.0,notional_at_entry,short,-15141.0,short,1758086481.6000006,0
2022-08-29 00:00:00+00:00,2265,SB11,18.44,-300000000.0,notional_at_entry,short,-15141.0,short,1758595219.2000005,0
2022-08-30 00:00:00+00:00,2266,SB11,18.1,-300000000.0,notional_at_entry,short,-15141.0,short,1764360912.0000005,0
2022-08-31 00:00:00+00:00,2267,SB11,17.89,-300000000.0,notional_at_entry,short,-15141.0,short,1767922075.2000005,0
2022-09-01 00:00:00+00:00,2268,SB11,17.99,-300000000.0,notional_at_entry,short,-15141.0,short,1766226283.2000005,0
2022-09-02 00:00:00+00:00,2269,SB11,18.15,-300000000.0,notional_at_entry,short,-15141.0,short,1763513016.0000005,0
2022-09-06 00:00:00+00:00,2270,SB11,17.98,-300000000.0,notional_at_entry,short,-15141.0,short,1766395862.4000006,0
2022-09-07 00:00:00+00:00,2271,SB11,18.05,-300000000.0,notional_at_entry,short,-15141.0,short,1765208808.0000005,0
2022-09-08 00:00:00+00:00,2272,SB11,17.93,-300000000.0,notional_at_entry,short,-15141.0,short,1767243758.4000006,0
2022-09-09 00:00:00+00:00,2273,SB11,18.22,-300000000.0,notional_at_entry,short,-15141.0,short,1762325961.6000006,0
2022-09-12 00:00:00+00:00,2274,SB11,18.35,-300000000.0,notional_at_entry,short,-15141.0,short,1760121432.0000005,0
2022-09-13 00:00:00+00:00,2275,SB11,17.98,-300000000.0,notional_at_entry,short,-15141.0,short,1766395862.4000006,0
2022-09-14 00:00:00+00:00,2276,SB11,17.97,-300000000.0,notional_at_entry,short,-15141.0,short,1766565441.6000006,0
2022-09-15 00:00:00+00:00,2277,SB11,17.88,-300000000.0,notional_at_entry,short,-15141.0,short,1768091654.4000006,0
2022-09-16 00:00:00+00:00,2278,SB11,17.56,-300000000.0,notional_at_entry,short,-15141.0,short,1773518188.8000007,0
2022-09-19 00:00:00+00:00,2279,SB11,17.37,-300000000.0,notional_at_entry,short,-15141.0,short,1776740193.6000006,0
2022-09-20 00:00:00+00:00,2280,SB11,17.8,-300000000.0,notional_at_entry,short,-15141.0,short,1769448288.0000005,0
2022-09-21 00:00:00+00:00,2281,SB11,17.81,-300000000.0,notional_at_entry,short,-15141.0,short,1769278708.8000007,0
2022-09-22 00:00:00+00:00,2282,SB11,18.0,-300000000.0,notional_at_entry,short,-15141.0,short,1766056704.0000005,0
2022-09-23 00:00:00+00:00,2283,SB11,17.64,-300000000.0,notional_at_entry,short,-15141.0,short,1772161555.2000005,0
2022-09-26 00:00:00+00:00,2284,SB11,17.62,-300000000.0,notional_at_entry,short,-15141.0,short,1772500713.6000006,0
2022-09-27 00:00:00+00:00,2285,SB11,17.59,-300000000.0,notional_at_entry,short,-15141.0,short,1773009451.2000005,0
2022-09-28 00:00:00+00:00,2286,SB11,17.71,-300000000.0,notional_at_entry,short,-15141.0,short,1770974500.8000004,0
2022-09-29 00:00:00+00:00,2287,SB11,17.77,-300000000.0,notional_at_entry,short,-15141.0,short,1769957025.6000006,0
2022-09-30 00:00:00+00:00,2288,SB11,17.68,-300000000.0,notional_at_entry,short,-15141.0,short,1771483238.4000006,0
2022-10-03 00:00:00+00:00,2289,SB11,17.42,-300000000.0,notional_at_entry,short,-15141.0,short,1775892297.6000006,0
2022-10-04 00:00:00+00:00,2290,SB11,17.91,-300000000.0,notional_at_entry,short,-15141.0,short,1767582916.8000004,0
2022-10-05 00:00:00+00:00,2291,SB11,17.95,-300000000.0,notional_at_entry,short,-15141.0,short,1766904600.0000005,0
2022-10-06 00:00:00+00:00,2292,SB11,18.46,-300000000.0,notional_at_entry,short,-15141.0,short,1758256060.8000004,0
2022-10-07 00:00:00+00:00,2293,SB11,18.68,-300000000.0,notional_at_entry,short,-15141.0,short,1754525318.4000006,0
2022-10-10 00:00:00+00:00,2294,SB11,18.61,-300000000.0,notional_at_entry,short,-15141.0,short,1755712372.8000007,0
2022-10-11 00:00:00+00:00,2295,SB11,18.74,-300000000.0,notional_at_entry,short,-15141.0,short,1753507843.2000005,0
2022-10-12 00:00:00+00:00,2296,SB11,18.68,-300000000.0,notional_at_entry,short,-15141.0,short,1754525318.4000006,0
2022-10-13 00:00:00+00:00,2297,SB11,18.81,-300000000.0,notional_at_entry,short,-15141.0,short,1752320788.8000007,0
2022-10-14 00:00:00+00:00,2298,SB11,18.84,-300000000.0,notional_at_entry,short,-15141.0,short,1751812051.2000005,0
2022-10-17 00:00:00+00:00,2299,SB11,18.77,-300000000.0,notional_at_entry,short,-15141.0,short,1752999105.6000006,0
2022-10-18 00:00:00+00:00,2300,SB11,18.67,-300000000.0,notional_at_entry,short,-15141.0,short,1754694897.6000006,0
2022-10-19 00:00:00+00:00,2301,SB11,18.65,-300000000.0,notional_at_entry,short,-15141.0,short,1755034056.0000005,0
2022-10-20 00:00:00+00:00,2302,SB11,18.39,-300000000.0,notional_at_entry,short,-15141.0,short,1759443115.2000005,0
2022-10-21 00:00:00+00:00,2303,SB11,18.38,-300000000.0,notional_at_entry,short,-15141.0,short,1759612694.4000006,0
2022-10-24 00:00:00+00:00,2304,SB11,18.13,-300000000.0,notional_at_entry,short,-15141.0,short,1763852174.4000006,0
2022-10-25 00:00:00+00:00,2305,SB11,18.11,-300000000.0,notional_at_entry,short,-15141.0,short,1764191332.8000007,0
2022-10-26 00:00:00+00:00,2306,SB11,17.86,-300000000.0,notional_at_entry,short,-15141.0,short,1768430812.8000007,0
2022-10-27 00:00:00+00:00,2307,SB11,17.71,-300000000.0,notional_at_entry,short,-15141.0,short,1770974500.8000004,0
2022-10-28 00:00:00+00:00,2308,SB11,17.58,-300000000.0,notional_at_entry,short,-15141.0,short,1773179030.4000006,0
2022-10-31 00:00:00+00:00,2309,SB11,17.97,-300000000.0,notional_at_entry,short,-15141.0,short,1766565441.6000006,0
2022-11-01 00:00:00+00:00,2310,SB11,18.43,-300000000.0,notional_at_entry,short,-15141.0,short,1758764798.4000006,0
2022-11-02 00:00:00+00:00,2311,SB11,18.47,-300000000.0,notional_at_entry,short,-15141.0,short,1758086481.6000006,0
2022-11-03 00:00:00+00:00,2312,SB11,18.47,-300000000.0,notional_at_entry,short,-15141.0,short,1758086481.6000006,0
2022-11-04 00:00:00+00:00,2313,SB11,18.71,-300000000.0,notional_at_entry,short,-15141.0,short,1754016580.8000004,0
2022-11-07 00:00:00+00:00,2314,SB11,18.68,-300000000.0,notional_at_entry,short,-15141.0,short,1754525318.4000006,0
2022-11-08 00:00:00+00:00,2315,SB11,19.0,-300000000.0,notional_at_entry,short,-15141.0,short,1749098784.0000005,0
2022-11-09 00:00:00+00:00,2316,SB11,19.38,-300000000.0,notional_at_entry,short,-15141.0,short,1742654774.4000006,0
2022-11-10 00:00:00+00:00,2317,SB11,19.41,-300000000.0,notional_at_entry,short,-15141.0,short,1742146036.8000004,0
2022-11-11 00:00:00+00:00,2318,SB11,19.64,-300000000.0,notional_at_entry,short,-15141.0,short,1738245715.2000005,0
2022-11-14 00:00:00+00:00,2319,SB11,19.83,-300000000.0,notional_at_entry,short,-15141.0,short,1735023710.4000006,0
2022-11-15 00:00:00+00:00,2320,SB11,20.29,-300000000.0,notional_at_entry,short,-15141.0,short,1727223067.2000005,0
2022-11-16 00:00:00+00:00,2321,SB11,20.27,-300000000.0,notional_at_entry,short,-15141.0,short,1727562225.6000006,0
2022-11-17 00:00:00+00:00,2322,SB11,19.73,-300000000.0,notional_at_entry,short,-15141.0,short,1736719502.4000006,0
2022-11-18 00:00:00+00:00,2323,SB11,20.05,-300000000.0,notional_at_entry,short,-15141.0,short,1731292968.0000005,0
2022-11-21 00:00:00+00:00,2324,SB11,19.86,-300000000.0,notional_at_entry,short,-15141.0,short,1734514972.8000007,0
2022-11-22 00:00:00+00:00,2325,SB11,19.74,-300000000.0,notional_at_entry,short,-15141.0,short,1736549923.2000005,0
2022-11-23 00:00:00+00:00,2326,SB11,19.55,-300000000.0,notional_at_entry,short,-15141.0,short,1739771928.0000005,0
2022-11-25 00:00:00+00:00,2327,SB11,19.33,-300000000.0,notional_at_entry,short,-15141.0,short,1743502670.4000006,0
2022-11-28 00:00:00+00:00,2328,SB11,19.38,-300000000.0,notional_at_entry,short,-15141.0,short,1742654774.4000006,0
2022-11-29 00:00:00+00:00,2329,SB11,19.53,-300000000.0,notional_at_entry,short,-15141.0,short,1740111086.4000006,0
2022-11-30 00:00:00+00:00,2330,SB11,19.63,-300000000.0,notional_at_entry,short,-15141.0,short,1738415294.4000006,0
2022-12-01 00:00:00+00:00,2331,SB11,19.62,-300000000.0,notional_at_entry,short,-15141.0,short,1738584873.6000006,0
2022-12-02 00:00:00+00:00,2332,SB11,19.48,300000000.0,notional_at_entry,long,13750.0,long,1740958982.4000006,1
2022-12-05 00:00:00+00:00,2333,SB11,19.55,300000000.0,notional_at_entry,long,13750.0,long,1742036982.4000006,0
2022-12-06 00:00:00+00:00,2334,SB11,19.39,300000000.0,notional_at_entry,long,13750.0,long,1739572982.4000006,0
2022-12-07 00:00:00+00:00,2335,SB11,19.48,300000000.0,notional_at_entry,long,13750.0,long,1740958982.4000006,0
2022-12-08 00:00:00+00:00,2336,SB11,19.68,300000000.0,notional_at_entry,long,13750.0,long,1744038982.4000006,0
2022-12-09 00:00:00+00:00,2337,SB11,19.6,300000000.0,notional_at_entry,long,13750.0,long,1742806982.4000006,0
2022-12-12 00:00:00+00:00,2338,SB11,19.38,300000000.0,notional_at_entry,long,13750.0,long,1739418982.4000006,0
2022-12-13 00:00:00+00:00,2339,SB11,19.76,300000000.0,notional_at_entry,long,13750.0,long,1745270982.4000006,0
2022-12-14 00:00:00+00:00,2340,SB11,20.29,300000000.0,notional_at_entry,long,13750.0,long,1753432982.4000006,0
2022-12-15 00:00:00+00:00,2341,SB11,19.98,300000000.0,notional_at_entry,long,13750.0,long,1748658982.4000006,0
2022-12-16 00:00:00+00:00,2342,SB11,20.09,300000000.0,notional_at_entry,long,13750.0,long,1750352982.4000006,0
2022-12-19 00:00:00+00:00,2343,SB11,20.14,300000000.0,notional_at_entry,long,13750.0,long,1751122982.4000006,0
2022-12-20 00:00:00+00:00,2344,SB11,20.58,300000000.0,notional_at_entry,long,13750.0,long,1757898982.4000006,0
2022-12-21 00:00:00+00:00,2345,SB11,20.75,300000000.0,notional_at_entry,long,13750.0,long,1760516982.4000006,0
2022-12-22 00:00:00+00:00,2346,SB11,20.89,300000000.0,notional_at_entry,long,13750.0,long,1762672982.4000006,0
2022-12-23 00:00:00+00:00,2347,SB11,20.98,300000000.0,notional_at_entry,long,13750.0,long,1764058982.4000006,0
2022-12-27 00:00:00+00:00,2348,SB11,20.32,300000000.0,notional_at_entry,long,13750.0,long,1753894982.4000006,0
2022-12-28 00:00:00+00:00,2349,SB11,20.16,300000000.0,notional_at_entry,long,13750.0,long,1751430982.4000006,0
2022-12-29 00:00:00+00:00,2350,SB11,20.29,300000000.0,notional_at_entry,long,13750.0,long,1753432982.4000006,0
2022-12-30 00:00:00+00:00,2351,SB11,20.04,300000000.0,notional_at_entry,long,13750.0,long,1749582982.4000006,0
2023-01-03 00:00:00+00:00,2352,SB11,19.7,300000000.0,notional_at_entry,long,13750.0,long,1744346982.4000006,0
2023-01-04 00:00:00+00:00,2353,SB11,19.54,300000000.0,notional_at_entry,long,13750.0,long,1741882982.4000006,0
2023-01-05 00:00:00+00:00,2354,SB11,19.34,300000000.0,notional_at_entry,long,13750.0,long,1738802982.4000006,0
2023-01-06 00:00:00+00:00,2355,SB11,18.96,300000000.0,notional_at_entry,long,13750.0,long,1732950982.4000006,0
2023-01-09 00:00:00+00:00,2356,SB11,19.17,300000000.0,notional_at_entry,long,13750.0,long,1736184982.4000006,0
2023-01-10 00:00:00+00:00,2357,SB11,19.64,300000000.0,notional_at_entry,long,13750.0,long,1743422982.4000006,0
2023-01-11 00:00:00+00:00,2358,SB11,19.65,300000000.0,notional_at_entry,long,13750.0,long,1743576982.4000006,0
2023-01-12 00:00:00+00:00,2359,SB11,19.59,300000000.0,notional_at_entry,long,13750.0,long,1742652982.4000006,0
2023-01-13 00:00:00+00:00,2360,SB11,19.73,300000000.0,notional_at_entry,long,13750.0,long,1744808982.4000006,0
2023-01-17 00:00:00+00:00,2361,SB11,20.14,300000000.0,notional_at_entry,long,13750.0,long,1751122982.4000006,0
2023-01-18 00:00:00+00:00,2362,SB11,19.82,300000000.0,notional_at_entry,long,13750.0,long,1746194982.4000006,0
2023-01-19 00:00:00+00:00,2363,SB11,19.68,300000000.0,notional_at_entry,long,13750.0,long,1744038982.4000006,0
2023-01-20 00:00:00+00:00,2364,SB11,19.72,300000000.0,notional_at_entry,long,13750.0,long,1744654982.4000006,0
2023-01-23 00:00:00+00:00,2365,SB11,19.7,300000000.0,notional_at_entry,long,13750.0,long,1744346982.4000006,0
2023-01-24 00:00:00+00:00,2366,SB11,19.88,300000000.0,notional_at_entry,long,13750.0,long,1747118982.4000006,0
2023-01-25 00:00:00+00:00,2367,SB11,20.11,300000000.0,notional_at_entry,long,13750.0,long,1750660982.4000006,0
2023-01-26 00:00:00+00:00,2368,SB11,20.68,300000000.0,notional_at_entry,long,13750.0,long,1759438982.4000006,0
2023-01-27 00:00:00+00:00,2369,SB11,20.96,300000000.0,notional_at_entry,long,13750.0,long,1763750982.4000006,0
2023-01-30 00:00:00+00:00,2370,SB11,21.21,300000000.0,notional_at_entry,long,13750.0,long,1767600982.4000006,0
2023-01-31 00:00:00+00:00,2371,SB11,21.76,300000000.0,notional_at_entry,long,13750.0,long,1776070982.4000006,0
2023-02-01 00:00:00+00:00,2372,SB11,21.37,300000000.0,notional_at_entry,long,13750.0,long,1770064982.4000006,0
2023-02-02 00:00:00+00:00,2373,SB11,21.66,300000000.0,notional_at_entry,long,13750.0,long,1774530982.4000006,0
2023-02-03 00:00:00+00:00,2374,SB11,21.24,300000000.0,notional_at_entry,long,13750.0,long,1768062982.4000006,0
2023-02-06 00:00:00+00:00,2375,SB11,20.66,300000000.0,notional_at_entry,long,13750.0,long,1759130982.4000006,0
2023-02-07 00:00:00+00:00,2376,SB11,20.84,300000000.0,notional_at_entry,long,13750.0,long,1761902982.4000006,0
2023-02-08 00:00:00+00:00,2377,SB11,21.2,300000000.0,notional_at_entry,long,13750.0,long,1767446982.4000006,0
2023-02-09 00:00:00+00:00,2378,SB11,21.45,300000000.0,notional_at_entry,long,13750.0,long,1771296982.4000006,0
2023-02-10 00:00:00+00:00,2379,SB11,20.04,300000000.0,notional_at_entry,long,13750.0,long,1749582982.4000006,0
2023-02-13 00:00:00+00:00,2380,SB11,19.68,300000000.0,notional_at_entry,long,13750.0,long,1744038982.4000006,0
2023-02-14 00:00:00+00:00,2381,SB11,20.0,300000000.0,notional_at_entry,long,13750.0,long,1748966982.4000006,0
2023-02-15 00:00:00+00:00,2382,SB11,19.72,300000000.0,notional_at_entry,long,13750.0,long,1744654982.4000006,0
2023-02-16 00:00:00+00:00,2383,SB11,19.77,300000000.0,notional_at_entry,long,13750.0,long,1745424982.4000006,0
2023-02-17 00:00:00+00:00,2384,SB11,19.8,300000000.0,notional_at_entry,long,13750.0,long,1745886982.4000006,0
2023-02-21 00:00:00+00:00,2385,SB11,19.93,300000000.0,notional_at_entry,long,13750.0,long,1747888982.4000006,0
2023-02-22 00:00:00+00:00,2386,SB11,19.9,300000000.0,notional_at_entry,long,13750.0,long,1747426982.4000006,0
2023-02-23 00:00:00+00:00,2387,SB11,20.34,300000000.0,notional_at_entry,long,13750.0,long,1754202982.4000006,0
2023-02-24 00:00:00+00:00,2388,SB11,19.67,300000000.0,notional_at_entry,long,13750.0,long,1743884982.4000006,0
2023-02-27 00:00:00+00:00,2389,SB11,20.29,300000000.0,notional_at_entry,long,13750.0,long,1753432982.4000006,0
2023-02-28 00:00:00+00:00,2390,SB11,20.07,300000000.0,notional_at_entry,long,13750.0,long,1750044982.4000006,0
2023-03-01 00:00:00+00:00,2391,SB11,20.57,300000000.0,notional_at_entry,long,13750.0,long,1757744982.4000006,0
2023-03-02 00:00:00+00:00,2392,SB11,20.31,300000000.0,notional_at_entry,long,13750.0,long,1753740982.4000006,0
2023-03-03 00:00:00+00:00,2393,SB11,20.92,300000000.0,notional_at_entry,long,13750.0,long,1763134982.4000006,0
2023-03-06 00:00:00+00:00,2394,SB11,20.87,300000000.0,notional_at_entry,long,13750.0,long,1762364982.4000006,0
2023-03-07 00:00:00+00:00,2395,SB11,21.02,300000000.0,notional_at_entry,long,13750.0,long,1764674982.4000006,0
2023-03-08 00:00:00+00:00,2396,SB11,20.88,300000000.0,notional_at_entry,long,13750.0,long,1762518982.4000006,0
2023-03-09 00:00:00+00:00,2397,SB11,21.15,300000000.0,notional_at_entry,long,13750.0,long,1766676982.4000006,0
2023-03-10 00:00:00+00:00,2398,SB11,21.16,300000000.0,notional_at_entry,long,13750.0,long,1766830982.4000006,0
2023-03-13 00:00:00+00:00,2399,SB11,20.8,-300000000.0,notional_at_entry,short,-12877.0,short,1761286982.4000006,1
2023-03-14 00:00:00+00:00,2400,SB11,20.68,-300000000.0,notional_at_entry,short,-12877.0,short,1763017651.2000005,0
2023-03-15 00:00:00+00:00,2401,SB11,20.5,-300000000.0,notional_at_entry,short,-12877.0,short,1765613654.4000006,0
2023-03-16 00:00:00+00:00,2402,SB11,20.76,-300000000.0,notional_at_entry,short,-12877.0,short,1761863872.0000005,0
2023-03-17 00:00:00+00:00,2403,SB11,20.67,-300000000.0,notional_at_entry,short,-12877.0,short,1763161873.6000006,0
2023-03-20 00:00:00+00:00,2404,SB11,20.48,-300000000.0,notional_at_entry,short,-12877.0,short,1765902099.2000005,0
2023-03-21 00:00:00+00:00,2405,SB11,20.8,-300000000.0,notional_at_entry,short,-12877.0,short,1761286982.4000006,0
2023-03-22 00:00:00+00:00,2406,SB11,21.14,-300000000.0,notional_at_entry,short,-12877.0,short,1756383420.8000007,0
2023-03-23 00:00:00+00:00,2407,SB11,20.89,-300000000.0,notional_at_entry,short,-12877.0,short,1759988980.8000007,0
2023-03-24 00:00:00+00:00,2408,SB11,20.82,-300000000.0,notional_at_entry,short,-12877.0,short,1760998537.6000006,0
2023-03-27 00:00:00+00:00,2409,SB11,20.93,-300000000.0,notional_at_entry,short,-12877.0,short,1759412091.2000005,0
2023-03-28 00:00:00+00:00,2410,SB11,21.31,-300000000.0,notional_at_entry,short,-12877.0,short,1753931640.0000007,0
2023-03-29 00:00:00+00:00,2411,SB11,21.25,-300000000.0,notional_at_entry,short,-12877.0,short,1754796974.4000006,0
2023-03-30 00:00:00+00:00,2412,SB11,21.96,-300000000.0,notional_at_entry,short,-12877.0,short,1744557184.0000005,0
2023-03-31 00:00:00+00:00,2413,SB11,22.25,-300000000.0,notional_at_entry,short,-12877.0,short,1740374734.4000006,0
2023-04-03 00:00:00+00:00,2414,SB11,22.4,300000000.0,notional_at_entry,long,11957.0,long,1738211398.4000006,1
2023-04-04 00:00:00+00:00,2415,SB11,22.47,300000000.0,notional_at_entry,long,11957.0,long,1739148827.2000005,0
2023-04-05 00:00:00+00:00,2416,SB11,22.95,300000000.0,notional_at_entry,long,11957.0,long,1745576910.4000006,0
2023-04-06 00:00:00+00:00,2417,SB11,23.61,300000000.0,notional_at_entry,long,11957.0,long,1754415524.8000007,0
2023-04-10 00:00:00+00:00,2418,SB11,23.56,300000000.0,notional_at_entry,long,11957.0,long,1753745932.8000007,0
2023-04-11 00:00:00+00:00,2419,SB11,24.37,300000000.0,notional_at_entry,long,11957.0,long,1764593323.2000005,0
2023-04-12 00:00:00+00:00,2420,SB11,24.05,300000000.0,notional_at_entry,long,11957.0,long,1760307934.4000006,0
2023-04-13 00:00:00+00:00,2421,SB11,23.39,300000000.0,notional_at_entry,long,11957.0,long,1751469320.0000007,0
2023-04-14 00:00:00+00:00,2422,SB11,23.46,300000000.0,notional_at_entry,long,11957.0,long,1752406748.8000007,0
2023-04-17 00:00:00+00:00,2423,SB11,23.8,300000000.0,notional_at_entry,long,11957.0,long,1756959974.4000006,0
2023-04-18 00:00:00+00:00,2424,SB11,23.94,300000000.0,notional_at_entry,long,11957.0,long,1758834832.0000007,0
2023-04-19 00:00:00+00:00,2425,SB11,23.85,300000000.0,notional_at_entry,long,11957.0,long,1757629566.4000006,0
2023-04-20 00:00:00+00:00,2426,SB11,24.74,300000000.0,notional_at_entry,long,11957.0,long,1769548304.0000005,0
2023-04-21 00:00:00+00:00,2427,SB11,24.34,300000000.0,notional_at_entry,long,11957.0,long,1764191568.0000005,0
2023-04-24 00:00:00+00:00,2428,SB11,25.32,300000000.0,notional_at_entry,long,11957.0,long,1777315571.2000005,0
2023-04-25 00:00:00+00:00,2429,SB11,25.97,300000000.0,notional_at_entry,long,11957.0,long,1786020267.2000005,0
2023-04-26 00:00:00+00:00,2430,SB11,25.78,300000000.0,notional_at_entry,long,11957.0,long,1783475817.6000006,0
2023-04-27 00:00:00+00:00,2431,SB11,26.35,300000000.0,notional_at_entry,long,11957.0,long,1791109166.4000006,0
2023-04-28 00:00:00+00:00,2432,SB11,26.35,300000000.0,notional_at_entry,long,11957.0,long,1791109166.4000006,0
2023-05-01 00:00:00+00:00,2433,SB11,25.54,300000000.0,notional_at_entry,long,11957.0,long,1780261776.0000005,0
2023-05-02 00:00:00+00:00,2434,SB11,25.14,300000000.0,notional_at_entry,long,11957.0,long,1774905040.0000005,0
2023-05-03 00:00:00+00:00,2435,SB11,25.17,-300000000.0,notional_at_entry,short,-10641.0,short,1775306795.2000005,1
2023-05-04 00:00:00+00:00,2436,SB11,25.52,-300000000.0,notional_at_entry,short,-10641.0,short,1771135523.2000005,0
2023-05-05 00:00:00+00:00,2437,SB11,26.32,-300000000.0,notional_at_entry,short,-10641.0,short,1761601187.2000005,0
2023-05-08 00:00:00+00:00,2438,SB11,26.09,-300000000.0,notional_at_entry,short,-10641.0,short,1764342308.8000004,0
2023-05-09 00:00:00+00:00,2439,SB11,26.19,-300000000.0,notional_at_entry,short,-10641.0,short,1763150516.8000004,0
2023-05-10 00:00:00+00:00,2440,SB11,26.66,-300000000.0,notional_at_entry,short,-10641.0,short,1757549094.4000006,0
2023-05-11 00:00:00+00:00,2441,SB11,26.02,-300000000.0,notional_at_entry,short,-10641.0,short,1765176563.2000005,0
2023-05-12 00:00:00+00:00,2442,SB11,26.22,-300000000.0,notional_at_entry,short,-10641.0,short,1762792979.2000005,0
2023-05-15 00:00:00+00:00,2443,SB11,26.29,-300000000.0,notional_at_entry,short,-10641.0,short,1761958724.8000007,0
2023-05-16 00:00:00+00:00,2444,SB11,26.07,-300000000.0,notional_at_entry,short,-10641.0,short,1764580667.2000005,0
2023-05-17 00:00:00+00:00,2445,SB11,25.91,-300000000.0,notional_at_entry,short,-10641.0,short,1766487534.4000006,0
2023-05-18 00:00:00+00:00,2446,SB11,25.61,-300000000.0,notional_at_entry,short,-10641.0,short,1770062910.4000006,0
2023-05-19 00:00:00+00:00,2447,SB11,25.78,-300000000.0,notional_at_entry,short,-10641.0,short,1768036864.0000005,0
2023-05-22 00:00:00+00:00,2448,SB11,25.99,-300000000.0,notional_at_entry,short,-10641.0,short,1765534100.8000007,0
2023-05-23 00:00:00+00:00,2449,SB11,25.81,-300000000.0,notional_at_entry,short,-10641.0,short,1767679326.4000006,0
2023-05-24 00:00:00+00:00,2450,SB11,25.49,-300000000.0,notional_at_entry,short,-10641.0,short,1771493060.8000007,0
2023-05-25 00:00:00+00:00,2451,SB11,24.83,-300000000.0,notional_at_entry,short,-10641.0,short,1779358888.0000005,0
2023-05-26 00:00:00+00:00,2452,SB11,25.37,-300000000.0,notional_at_entry,short,-10641.0,short,1772923211.2000005,0
2023-05-30 00:00:00+00:00,2453,SB11,25.33,-300000000.0,notional_at_entry,short,-10641.0,short,1773399928.0000005,0
2023-05-31 00:00:00+00:00,2454,SB11,25.06,-300000000.0,notional_at_entry,short,-10641.0,short,1776617766.4000006,0
2023-06-01 00:00:00+00:00,2455,SB11,24.88,-300000000.0,notional_at_entry,short,-10641.0,short,1778762992.0000005,0
2023-06-02 00:00:00+00:00,2456,SB11,24.73,-300000000.0,notional_at_entry,short,-10641.0,short,1780550680.0000005,0
2023-06-05 00:00:00+00:00,2457,SB11,24.4,-300000000.0,notional_at_entry,short,-10641.0,short,1784483593.6000006,0
2023-06-06 00:00:00+00:00,2458,SB11,24.58,-300000000.0,notional_at_entry,short,-10641.0,short,1782338368.0000005,0
2023-06-07 00:00:00+00:00,2459,SB11,24.5,-300000000.0,notional_at_entry,short,-10641.0,short,1783291801.6000006,0
2023-06-08 00:00:00+00:00,2460,SB11,25.48,-300000000.0,notional_at_entry,short,-10641.0,short,1771612240.0000005,0
2023-06-09 00:00:00+00:00,2461,SB11,25.38,-300000000.0,notional_at_entry,short,-10641.0,short,1772804032.0000005,0
2023-06-12 00:00:00+00:00,2462,SB11,25.47,-300000000.0,notional_at_entry,short,-10641.0,short,1771731419.2000005,0
2023-06-13 00:00:00+00:00,2463,SB11,24.77,-300000000.0,notional_at_entry,short,-10641.0,short,1780073963.2000005,0
2023-06-14 00:00:00+00:00,2464,SB11,25.37,-300000000.0,notional_at_entry,short,-10641.0,short,1772923211.2000005,0
2023-06-15 00:00:00+00:00,2465,SB11,25.63,-300000000.0,notional_at_entry,short,-10641.0,short,1769824552.0000005,0
2023-06-16 00:00:00+00:00,2466,SB11,26.09,-300000000.0,notional_at_entry,short,-10641.0,short,1764342308.8000004,0
2023-06-20 00:00:00+00:00,2467,SB11,26.03,-300000000.0,notional_at_entry,short,-10641.0,short,1765057384.0000005,0
2023-06-21 00:00:00+00:00,2468,SB11,25.85,-300000000.0,notional_at_entry,short,-10641.0,short,1767202609.6000006,0
2023-06-22 00:00:00+00:00,2469,SB11,24.97,-300000000.0,notional_at_entry,short,-10641.0,short,1777690379.2000005,0
2023-06-23 00:00:00+00:00,2470,SB11,24.29,-300000000.0,notional_at_entry,short,-10641.0,short,1785794564.8000007,0
2023-06-26 00:00:00+00:00,2471,SB11,23.66,-300000000.0,notional_at_entry,short,-10641.0,short,1793302854.4000006,0
2023-06-27 00:00:00+00:00,2472,SB11,22.98,-300000000.0,notional_at_entry,short,-10641.0,short,1801407040.0000005,0
2023-06-28 00:00:00+00:00,2473,SB11,22.6,-300000000.0,notional_at_entry,short,-10641.0,short,1805935849.6000006,0
2023-06-29 00:00:00+00:00,2474,SB11,22.08,-300000000.0,notional_at_entry,short,-10641.0,short,1812133168.0000005,0
2023-06-30 00:00:00+00:00,2475,SB11,22.79,300000000.0,notional_at_entry,long,11753.0,long,1803671444.8000007,1
2023-07-03 00:00:00+00:00,2476,SB11,23.32,300000000.0,notional_at_entry,long,11753.0,long,1810648025.6000006,0
2023-07-05 00:00:00+00:00,2477,SB11,23.53,300000000.0,notional_at_entry,long,11753.0,long,1813412331.2000008,0
2023-07-06 00:00:00+00:00,2478,SB11,23.25,300000000.0,notional_at_entry,long,11753.0,long,1809726590.4000006,0
2023-07-07 00:00:00+00:00,2479,SB11,23.53,300000000.0,notional_at_entry,long,11753.0,long,1813412331.2000008,0
2023-07-10 00:00:00+00:00,2480,SB11,23.44,300000000.0,notional_at_entry,long,11753.0,long,1812227628.8000007,0
2023-07-11 00:00:00+00:00,2481,SB11,23.53,300000000.0,notional_at_entry,long,11753.0,long,1813412331.2000008,0
2023-07-12 00:00:00+00:00,2482,SB11,23.91,300000000.0,notional_at_entry,long,11753.0,long,1818414408.0000007,0
2023-07-13 00:00:00+00:00,2483,SB11,24.01,300000000.0,notional_at_entry,long,11753.0,long,1819730744.0000007,0
2023-07-14 00:00:00+00:00,2484,SB11,24.32,300000000.0,notional_at_entry,long,11753.0,long,1823811385.6000006,0
2023-07-17 00:00:00+00:00,2485,SB11,23.8,300000000.0,notional_at_entry,long,11753.0,long,1816966438.4000006,0
2023-07-18 00:00:00+00:00,2486,SB11,23.86,300000000.0,notional_at_entry,long,11753.0,long,1817756240.0000007,0
2023-07-19 00:00:00+00:00,2487,SB11,24.21,-300000000.0,notional_at_entry,short,-11063.0,short,1822363416.0000007,1
2023-07-20 00:00:00+00:00,2488,SB11,24.67,-300000000.0,notional_at_entry,short,-11063.0,short,1816663758.4000008,0
2023-07-21 00:00:00+00:00,2489,SB11,25.01,-300000000.0,notional_at_entry,short,-11063.0,short,1812450968.0000007,0
2023-07-24 00:00:00+00:00,2490,SB11,24.92,-300000000.0,notional_at_entry,short,-11063.0,short,1813566118.4000008,0
2023-07-25 00:00:00+00:00,2491,SB11,24.69,-300000000.0,notional_at_entry,short,-11063.0,short,1816415947.2000008,0
2023-07-26 00:00:00+00:00,2492,SB11,24.39,-300000000.0,notional_at_entry,short,-11063.0,short,1820133115.2000008,0
2023-07-27 00:00:00+00:00,2493,SB11,24.43,-300000000.0,notional_at_entry,short,-11063.0,short,1819637492.8000007,0
2023-07-28 00:00:00+00:00,2494,SB11,23.92,-300000000.0,notional_at_entry,short,-11063.0,short,1825956678.4000008,0
2023-07-31 00:00:00+00:00,2495,SB11,24.11,-300000000.0,notional_at_entry,short,-11063.0,short,1823602472.0000007,0
2023-08-01 00:00:00+00:00,2496,SB11,24.39,-300000000.0,notional_at_entry,short,-11063.0,short,1820133115.2000008,0
2023-08-02 00:00:00+00:00,2497,SB11,24.2,-300000000.0,notional_at_entry,short,-11063.0,short,1822487321.6000006,0
2023-08-03 00:00:00+00:00,2498,SB11,24.02,-300000000.0,notional_at_entry,short,-11063.0,short,1824717622.4000008,0
2023-08-04 00:00:00+00:00,2499,SB11,23.69,-300000000.0,notional_at_entry,short,-11063.0,short,1828806507.2000008,0
2023-08-07 00:00:00+00:00,2500,SB11,23.74,-300000000.0,notional_at_entry,short,-11063.0,short,1828186979.2000008,0
2023-08-08 00:00:00+00:00,2501,SB11,23.45,-300000000.0,notional_at_entry,short,-11063.0,short,1831780241.6000006,0
2023-08-09 00:00:00+00:00,2502,SB11,23.71,-300000000.0,notional_at_entry,short,-11063.0,short,1828558696.0000007,0
2023-08-10 00:00:00+00:00,2503,SB11,23.95,-300000000.0,notional_at_entry,short,-11063.0,short,1825584961.6000006,0
2023-08-11 00:00:00+00:00,2504,SB11,24.33,-300000000.0,notional_at_entry,short,-11063.0,short,1820876548.8000007,0
2023-08-14 00:00:00+00:00,2505,SB11,24.05,-300000000.0,notional_at_entry,short,-11063.0,short,1824345905.6000006,0
2023-08-15 00:00:00+00:00,2506,SB11,23.77,300000000.0,notional_at_entry,long,11268.0,long,1827815262.4000008,1
2023-08-16 00:00:00+00:00,2507,SB11,24.19,300000000.0,notional_at_entry,long,11268.0,long,1833115729.6000009,0
2023-08-17 00:00:00+00:00,2508,SB11,24.0,300000000.0,notional_at_entry,long,11268.0,long,1830717899.2000008,0
2023-08-18 00:00:00+00:00,2509,SB11,23.76,300000000.0,notional_at_entry,long,11268.0,long,1827689060.800001,0
2023-08-21 00:00:00+00:00,2510,SB11,23.4,300000000.0,notional_at_entry,long,11268.0,long,1823145803.2000008,0
2023-08-22 00:00:00+00:00,2511,SB11,23.4,300000000.0,notional_at_entry,long,11268.0,long,1823145803.2000008,0
2023-08-23 00:00:00+00:00,2512,SB11,23.85,300000000.0,notional_at_entry,long,11268.0,long,1828824875.2000008,0
2023-08-24 00:00:00+00:00,2513,SB11,24.29,300000000.0,notional_at_entry,long,11268.0,long,1834377745.6000009,0
2023-08-25 00:00:00+00:00,2514,SB11,24.83,300000000.0,notional_at_entry,long,11268.0,long,1841192632.0000007,0
2023-08-28 00:00:00+00:00,2515,SB11,25.57,300000000.0,notional_at_entry,long,11268.0,long,1850531550.4000008,0
2023-08-29 00:00:00+00:00,2516,SB11,25.45,300000000.0,notional_at_entry,long,11268.0,long,1849017131.2000008,0
2023-08-30 00:00:00+00:00,2517,SB11,25.34,300000000.0,notional_at_entry,long,11268.0,long,1847628913.6000009,0
2023-08-31 00:00:00+00:00,2518,SB11,25.06,300000000.0,notional_at_entry,long,11268.0,long,1844095268.800001,0
2023-09-01 00:00:00+00:00,2519,SB11,25.81,300000000.0,notional_at_entry,long,11268.0,long,1853560388.800001,0
2023-09-05 00:00:00+00:00,2520,SB11,26.65,300000000.0,notional_at_entry,long,11268.0,long,1864161323.2000008,0
2023-09-06 00:00:00+00:00,2521,SB11,26.22,300000000.0,notional_at_entry,long,11268.0,long,1858734654.4000008,0
2023-09-07 00:00:00+00:00,2522,SB11,26.68,300000000.0,notional_at_entry,long,11268.0,long,1864539928.0000007,0
2023-09-08 00:00:00+00:00,2523,SB11,26.31,300000000.0,notional_at_entry,long,11268.0,long,1859870468.800001,0
2023-09-11 00:00:00+00:00,2524,SB11,26.4,300000000.0,notional_at_entry,long,11268.0,long,1861006283.2000008,0
2023-09-12 00:00:00+00:00,2525,SB11,26.83,-300000000.0,notional_at_entry,short,-9983.0,short,1866432952.0000007,1
2023-09-13 00:00:00+00:00,2526,SB11,26.81,-300000000.0,notional_at_entry,short,-9983.0,short,1866656571.2000008,0
2023-09-14 00:00:00+00:00,2527,SB11,27.22,-300000000.0,notional_at_entry,short,-9983.0,short,1862072377.6000006,0
2023-09-15 00:00:00+00:00,2528,SB11,27.16,-300000000.0,notional_at_entry,short,-9983.0,short,1862743235.2000008,0
2023-09-18 00:00:00+00:00,2529,SB11,27.36,-300000000.0,notional_at_entry,short,-9983.0,short,1860507043.2000008,0
2023-09-19 00:00:00+00:00,2530,SB11,27.72,-300000000.0,notional_at_entry,short,-9983.0,short,1856481897.6000006,0
2023-09-20 00:00:00+00:00,2531,SB11,27.15,-300000000.0,notional_at_entry,short,-9983.0,short,1862855044.8000007,0
2023-09-21 00:00:00+00:00,2532,SB11,27.26,-300000000.0,notional_at_entry,short,-9983.0,short,1861625139.2000008,0
2023-09-22 00:00:00+00:00,2533,SB11,27.28,-300000000.0,notional_at_entry,short,-9983.0,short,1861401520.0000007,0
2023-09-25 00:00:00+00:00,2534,SB11,26.58,-300000000.0,notional_at_entry,short,-9983.0,short,1869228192.0000007,0
2023-09-26 00:00:00+00:00,2535,SB11,26.24,-300000000.0,notional_at_entry,short,-9983.0,short,1873029718.4000008,0
2023-09-27 00:00:00+00:00,2536,SB11,26.37,-300000000.0,notional_at_entry,short,-9983.0,short,1871576193.6000006,0
2023-09-28 00:00:00+00:00,2537,SB11,26.96,-300000000.0,notional_at_entry,short,-9983.0,short,1864979427.2000008,0
2023-09-29 00:00:00+00:00,2538,SB11,26.48,-300000000.0,notional_at_entry,short,-9983.0,short,1870346288.0000007,0
2023-10-02 00:00:00+00:00,2539,SB11,26.35,-300000000.0,notional_at_entry,short,-9983.0,short,1871799812.8000007,0
2023-10-03 00:00:00+00:00,2540,SB11,25.67,300000000.0,notional_at_entry,long,10434.0,long,1879402865.6000006,1
2023-10-04 00:00:00+00:00,2541,SB11,25.93,300000000.0,notional_at_entry,long,10434.0,long,1882441246.4000006,0
2023-10-05 00:00:00+00:00,2542,SB11,26.16,300000000.0,notional_at_entry,long,10434.0,long,1885129044.8000007,0
2023-10-06 00:00:00+00:00,2543,SB11,26.74,300000000.0,notional_at_entry,long,10434.0,long,1891906971.2000005,0
2023-10-09 00:00:00+00:00,2544,SB11,27.18,300000000.0,notional_at_entry,long,10434.0,long,1897048846.4000006,0
2023-10-10 00:00:00+00:00,2545,SB11,27.05,300000000.0,notional_at_entry,long,10434.0,long,1895529656.0000007,0
2023-10-11 00:00:00+00:00,2546,SB11,26.4,300000000.0,notional_at_entry,long,10434.0,long,1887933704.0000005,0
2023-10-12 00:00:00+00:00,2547,SB11,26.35,300000000.0,notional_at_entry,long,10434.0,long,1887349400.0000007,0
2023-10-13 00:00:00+00:00,2548,SB11,27.03,300000000.0,notional_at_entry,long,10434.0,long,1895295934.4000006,0
2023-10-16 00:00:00+00:00,2549,SB11,27.05,300000000.0,notional_at_entry,long,10434.0,long,1895529656.0000007,0
2023-10-17 00:00:00+00:00,2550,SB11,27.49,300000000.0,notional_at_entry,long,10434.0,long,1900671531.2000005,0
2023-10-18 00:00:00+00:00,2551,SB11,27.48,300000000.0,notional_at_entry,long,10434.0,long,1900554670.4000006,0
2023-10-19 00:00:00+00:00,2552,SB11,27.29,300000000.0,notional_at_entry,long,10434.0,long,1898334315.2000005,0
2023-10-20 00:00:00+00:00,2553,SB11,26.85,300000000.0,notional_at_entry,long,10434.0,long,1893192440.0000007,0
2023-10-23 00:00:00+00:00,2554,SB11,27.48,300000000.0,notional_at_entry,long,10434.0,long,1900554670.4000006,0
2023-10-24 00:00:00+00:00,2555,SB11,27.53,300000000.0,notional_at_entry,long,10434.0,long,1901138974.4000006,0
2023-10-25 00:00:00+00:00,2556,SB11,27.63,300000000.0,notional_at_entry,long,10434.0,long,1902307582.4000006,0
2023-10-26 00:00:00+00:00,2557,SB11,27.04,300000000.0,notional_at_entry,long,10434.0,long,1895412795.2000005,0
2023-10-27 00:00:00+00:00,2558,SB11,27.34,300000000.0,notional_at_entry,long,10434.0,long,1898918619.2000005,0
2023-10-30 00:00:00+00:00,2559,SB11,26.75,300000000.0,notional_at_entry,long,10434.0,long,1892023832.0000007,0
2023-10-31 00:00:00+00:00,2560,SB11,27.09,300000000.0,notional_at_entry,long,10434.0,long,1895997099.2000005,0
2023-11-01 00:00:00+00:00,2561,SB11,27.51,300000000.0,notional_at_entry,long,10434.0,long,1900905252.8000007,0
2023-11-02 00:00:00+00:00,2562,SB11,27.48,300000000.0,notional_at_entry,long,10434.0,long,1900554670.4000006,0
2023-11-03 00:00:00+00:00,2563,SB11,27.77,300000000.0,notional_at_entry,long,10434.0,long,1903943633.6000006,0
2023-11-06 00:00:00+00:00,2564,SB11,27.95,300000000.0,notional_at_entry,long,10434.0,long,1906047128.0000005,0
2023-11-07 00:00:00+00:00,2565,SB11,27.59,300000000.0,notional_at_entry,long,10434.0,long,1901840139.2000005,0
2023-11-08 00:00:00+00:00,2566,SB11,27.21,300000000.0,notional_at_entry,long,10434.0,long,1897399428.8000007,0
2023-11-09 00:00:00+00:00,2567,SB11,27.78,300000000.0,notional_at_entry,long,10434.0,long,1904060494.4000006,0
2023-11-10 00:00:00+00:00,2568,SB11,27.29,300000000.0,notional_at_entry,long,10434.0,long,1898334315.2000005,0
2023-11-13 00:00:00+00:00,2569,SB11,27.71,-300000000.0,notional_at_entry,short,-9666.0,short,1903242468.8000007,1
2023-11-14 00:00:00+00:00,2570,SB11,27.18,-300000000.0,notional_at_entry,short,-9666.0,short,1908980206.4000006,0
2023-11-15 00:00:00+00:00,2571,SB11,27.15,-300000000.0,notional_at_entry,short,-9666.0,short,1909304984.0000007,0
2023-11-16 00:00:00+00:00,2572,SB11,27.19,-300000000.0,notional_at_entry,short,-9666.0,short,1908871947.2000008,0
2023-11-17 00:00:00+00:00,2573,SB11,27.18,-300000000.0,notional_at_entry,short,-9666.0,short,1908980206.4000006,0
2023-11-20 00:00:00+00:00,2574,SB11,27.56,-300000000.0,notional_at_entry,short,-9666.0,short,1904866356.8000007,0
2023-11-21 00:00:00+00:00,2575,SB11,27.75,-300000000.0,notional_at_entry,short,-9666.0,short,1902809432.0000007,0
2023-11-22 00:00:00+00:00,2576,SB11,27.22,-300000000.0,notional_at_entry,short,-9666.0,short,1908547169.6000006,0
2023-11-24 00:00:00+00:00,2577,SB11,26.98,-300000000.0,notional_at_entry,short,-9666.0,short,1911145390.4000006,0
2023-11-27 00:00:00+00:00,2578,SB11,27.2,-300000000.0,notional_at_entry,short,-9666.0,short,1908763688.0000007,0
2023-11-28 00:00:00+00:00,2579,SB11,26.99,-300000000.0,notional_at_entry,short,-9666.0,short,1911037131.2000008,0
2023-11-29 00:00:00+00:00,2580,SB11,26.86,-300000000.0,notional_at_entry,short,-9666.0,short,1912444500.8000007,0
2023-11-30 00:00:00+00:00,2581,SB11,26.04,-300000000.0,notional_at_entry,short,-9666.0,short,1921321755.2000008,0
2023-12-01 00:00:00+00:00,2582,SB11,25.09,-300000000.0,notional_at_entry,short,-9666.0,short,1931606379.2000008,0
2023-12-04 00:00:00+00:00,2583,SB11,25.81,-300000000.0,notional_at_entry,short,-9666.0,short,1923811716.8000007,0
2023-12-05 00:00:00+00:00,2584,SB11,24.96,-300000000.0,notional_at_entry,short,-9666.0,short,1933013748.8000007,0
2023-12-06 00:00:00+00:00,2585,SB11,23.0,-300000000.0,notional_at_entry,short,-9666.0,short,1954232552.0000007,0
2023-12-07 00:00:00+00:00,2586,SB11,23.03,-300000000.0,notional_at_entry,short,-9666.0,short,1953907774.4000006,0
2023-12-08 00:00:00+00:00,2587,SB11,23.36,-300000000.0,notional_at_entry,short,-9666.0,short,1950335220.8000007,0
2023-12-11 00:00:00+00:00,2588,SB11,22.47,-300000000.0,notional_at_entry,short,-9666.0,short,1959970289.6000006,0
2023-12-12 00:00:00+00:00,2589,SB11,22.59,-300000000.0,notional_at_entry,short,-9666.0,short,1958671179.2000008,0
2023-12-13 00:00:00+00:00,2590,SB11,21.97,-300000000.0,notional_at_entry,short,-9666.0,short,1965383249.6000006,0
2023-12-14 00:00:00+00:00,2591,SB11,22.18,-300000000.0,notional_at_entry,short,-9666.0,short,1963109806.4000006,0
2023-12-15 00:00:00+00:00,2592,SB11,21.99,-300000000.0,notional_at_entry,short,-9666.0,short,1965166731.2000008,0
2023-12-18 00:00:00+00:00,2593,SB11,21.31,-300000000.0,notional_at_entry,short,-9666.0,short,1972528356.8000007,0
2023-12-19 00:00:00+00:00,2594,SB11,21.43,-300000000.0,notional_at_entry,short,-9666.0,short,1971229246.4000006,0
2023-12-20 00:00:00+00:00,2595,SB11,20.92,-300000000.0,notional_at_entry,short,-9666.0,short,1976750465.6000006,0
2023-12-21 00:00:00+00:00,2596,SB11,20.24,-300000000.0,notional_at_entry,short,-9666.0,short,1984112091.2000008,0
2023-12-22 00:00:00+00:00,2597,SB11,20.62,-300000000.0,notional_at_entry,short,-9666.0,short,1979998241.6000006,0
2023-12-26 00:00:00+00:00,2598,SB11,20.53,-300000000.0,notional_at_entry,short,-9666.0,short,1980972574.4000006,0
2023-12-27 00:00:00+00:00,2599,SB11,20.6,-300000000.0,notional_at_entry,short,-9666.0,short,1980214760.0000007,0
2023-12-28 00:00:00+00:00,2600,SB11,21.76,-300000000.0,notional_at_entry,short,-9666.0,short,1967656692.8000007,0
2023-12-29 00:00:00+00:00,2601,SB11,20.58,-300000000.0,notional_at_entry,short,-9666.0,short,1980431278.4000008,0
