timestamp,bar_index,instrument_key,price,target_value,target_unit,target_side,position_quantity,position_side,equity,n_fills
2022-03-31 00:00:00+00:00,110,CORN,748.75,0.0,notional_at_entry,flat,0.0,flat,300000000.0,0
2022-04-01 00:00:00+00:00,111,CORN,735.0,300000000.0,notional_at_entry,long,408163.0,long,300000000.0,1
2022-04-04 00:00:00+00:00,112,CORN,750.5,300000000.0,notional_at_entry,long,408163.0,long,306326526.5,0
2022-04-05 00:00:00+00:00,113,CORN,759.75,300000000.0,notional_at_entry,long,408163.0,long,310102034.25,0
2022-04-06 00:00:00+00:00,114,CORN,756.5,300000000.0,notional_at_entry,long,408163.0,long,308775504.5,0
2022-04-07 00:00:00+00:00,115,CORN,757.75,-300000000.0,notional_at_entry,short,-395908.0,short,309285708.25,1
2022-04-08 00:00:00+00:00,116,CORN,768.75,-300000000.0,notional_at_entry,short,-395908.0,short,304930720.25,0
2022-04-11 00:00:00+00:00,117,CORN,764.5,-300000000.0,notional_at_entry,short,-395908.0,short,306613329.25,0
2022-04-12 00:00:00+00:00,118,CORN,776.25,300000000.0,notional_at_entry,long,386473.0,long,301961410.25,1
2022-04-13 00:00:00+00:00,119,CORN,783.5,300000000.0,notional_at_entry,long,386473.0,long,304763339.5,0
2022-04-14 00:00:00+00:00,120,CORN,790.25,300000000.0,notional_at_entry,long,386473.0,long,307372032.25,0
2022-04-15 00:00:00+00:00,121,CORN,791.0,300000000.0,notional_at_entry,long,386473.0,long,307661887.0,0
2022-04-18 00:00:00+00:00,122,CORN,813.25,300000000.0,notional_at_entry,long,386473.0,long,316260911.25,0
2022-04-19 00:00:00+00:00,123,CORN,804.0,300000000.0,notional_at_entry,long,386473.0,long,312686036.0,0
2022-04-20 00:00:00+00:00,124,CORN,815.75,300000000.0,notional_at_entry,long,386473.0,long,317227093.75,0
2022-04-21 00:00:00+00:00,125,CORN,799.25,300000000.0,notional_at_entry,long,386473.0,long,310850289.25,0
2022-04-22 00:00:00+00:00,126,CORN,793.0,300000000.0,notional_at_entry,long,386473.0,long,308434833.0,0
2022-04-25 00:00:00+00:00,127,CORN,800.25,-300000000.0,notional_at_entry,short,-374882.0,short,311236762.25,1
2022-04-26 00:00:00+00:00,128,CORN,803.25,-300000000.0,notional_at_entry,short,-374882.0,short,310112116.25,0
2022-04-27 00:00:00+00:00,129,CORN,815.5,-300000000.0,notional_at_entry,short,-374882.0,short,305519811.75,0
2022-04-28 00:00:00+00:00,130,CORN,816.0,-300000000.0,notional_at_entry,short,-374882.0,short,305332370.75,0
2022-04-29 00:00:00+00:00,131,CORN,818.25,-300000000.0,notional_at_entry,short,-374882.0,short,304488886.25,0
2022-05-02 00:00:00+00:00,132,CORN,813.0,-300000000.0,notional_at_entry,short,-374882.0,short,306457016.75,0
2022-05-03 00:00:00+00:00,133,CORN,800.75,-300000000.0,notional_at_entry,short,-374882.0,short,311049321.25,0
2022-05-04 00:00:00+00:00,134,CORN,798.5,-300000000.0,notional_at_entry,short,-374882.0,short,311892805.75,0
2022-05-05 00:00:00+00:00,135,CORN,803.75,-300000000.0,notional_at_entry,short,-374882.0,short,309924675.25,0
2022-05-06 00:00:00+00:00,136,CORN,792.25,-300000000.0,notional_at_entry,short,-374882.0,short,314235818.25,0
2022-05-09 00:00:00+00:00,137,CORN,784.5,300000000.0,notional_at_entry,long,382409.0,long,317141153.75,1
2022-05-10 00:00:00+00:00,138,CORN,786.5,300000000.0,notional_at_entry,long,382409.0,long,317905971.75,0
2022-05-11 00:00:00+00:00,139,CORN,802.25,300000000.0,notional_at_entry,long,382409.0,long,323928913.5,0
2022-05-12 00:00:00+00:00,140,CORN,813.5,300000000.0,notional_at_entry,long,382409.0,long,328231014.75,0
2022-05-13 00:00:00+00:00,141,CORN,794.5,300000000.0,notional_at_entry,long,382409.0,long,320965243.75,0
2022-05-16 00:00:00+00:00,142,CORN,809.5,300000000.0,notional_at_entry,long,382409.0,long,326701378.75,0
2022-05-17 00:00:00+00:00,143,CORN,800.75,300000000.0,notional_at_entry,long,382409.0,long,323355300.0,0
2022-05-18 00:00:00+00:00,144,CORN,781.5,300000000.0,notional_at_entry,long,382409.0,long,315993926.75,0
2022-05-19 00:00:00+00:00,145,CORN,783.25,300000000.0,notional_at_entry,long,382409.0,long,316663142.5,0
2022-05-20 00:00:00+00:00,146,CORN,778.75,300000000.0,notional_at_entry,long,382409.0,long,314942302.0,0
2022-05-23 00:00:00+00:00,147,CORN,786.25,-300000000.0,notional_at_entry,short,-381558.0,short,317810369.5,1
2022-05-24 00:00:00+00:00,148,CORN,771.75,-300000000.0,notional_at_entry,short,-381558.0,short,323342960.5,0
2022-05-25 00:00:00+00:00,149,CORN,772.25,-300000000.0,notional_at_entry,short,-381558.0,short,323152181.5,0
2022-05-26 00:00:00+00:00,150,CORN,765.0,-300000000.0,notional_at_entry,short,-381558.0,short,325918477.0,0
2022-05-27 00:00:00+00:00,151,CORN,777.25,300000000.0,notional_at_entry,long,385976.0,long,321244391.5,1
2022-05-30 00:00:00+00:00,152,CORN,775.62,300000000.0,notional_at_entry,long,385976.0,long,320615250.62,0
2022-05-31 00:00:00+00:00,153,CORN,753.5,300000000.0,notional_at_entry,long,385976.0,long,312077461.5,0
2022-06-01 00:00:00+00:00,154,CORN,731.25,300000000.0,notional_at_entry,long,385976.0,long,303489495.5,0
2022-06-02 00:00:00+00:00,155,CORN,730.25,300000000.0,notional_at_entry,long,385976.0,long,303103519.5,0
2022-06-03 00:00:00+00:00,156,CORN,727.0,300000000.0,notional_at_entry,long,385976.0,long,301849097.5,0
2022-06-06 00:00:00+00:00,157,CORN,742.5,300000000.0,notional_at_entry,long,385976.0,long,307831725.5,0
2022-06-07 00:00:00+00:00,158,CORN,757.0,300000000.0,notional_at_entry,long,385976.0,long,313428377.5,0
2022-06-08 00:00:00+00:00,159,CORN,764.5,300000000.0,notional_at_entry,long,385976.0,long,316323197.5,0
2022-06-09 00:00:00+00:00,160,CORN,773.0,300000000.0,notional_at_entry,long,385976.0,long,319603993.5,0
2022-06-10 00:00:00+00:00,161,CORN,773.25,300000000.0,notional_at_entry,long,385976.0,long,319700487.5,0
2022-06-13 00:00:00+00:00,162,CORN,769.25,300000000.0,notional_at_entry,long,385976.0,long,318156583.5,0
2022-06-14 00:00:00+00:00,163,CORN,768.25,300000000.0,notional_at_entry,long,385976.0,long,317770607.5,0
2022-06-15 00:00:00+00:00,164,CORN,774.0,300000000.0,notional_at_entry,long,385976.0,long,319989969.5,0
2022-06-16 00:00:00+00:00,165,CORN,788.25,300000000.0,notional_at_entry,long,385976.0,long,325490127.5,0
2022-06-17 00:00:00+00:00,166,CORN,784.5,300000000.0,notional_at_entry,long,385976.0,long,324042717.5,0
2022-06-21 00:00:00+00:00,167,CORN,760.75,-450000000.0,notional_at_entry,short,-591521.0,short,314875787.5,1
2022-06-22 00:00:00+00:00,168,CORN,768.0,-450000000.0,notional_at_entry,short,-591521.0,short,310587260.25,0
2022-06-23 00:00:00+00:00,169,CORN,746.75,-450000000.0,notional_at_entry,short,-591521.0,short,323157081.5,0
2022-06-24 00:00:00+00:00,170,CORN,750.25,-450000000.0,notional_at_entry,short,-591521.0,short,321086758.0,0
2022-06-27 00:00:00+00:00,171,CORN,744.25,-300000000.0,notional_at_entry,short,-591521.0,short,324635884.0,0
2022-06-28 00:00:00+00:00,172,CORN,759.5,-300000000.0,notional_at_entry,short,-591521.0,short,315615188.75,0
2022-06-29 00:00:00+00:00,173,CORN,770.25,-300000000.0,notional_at_entry,short,-591521.0,short,309256338.0,0
2022-06-30 00:00:00+00:00,174,CORN,743.75,-300000000.0,notional_at_entry,short,-591521.0,short,324931644.5,0
2022-07-01 00:00:00+00:00,175,CORN,754.5,-300000000.0,notional_at_entry,short,-591521.0,short,318572793.75,0
2022-07-05 00:00:00+00:00,176,CORN,736.0,-300000000.0,notional_at_entry,short,-591521.0,short,329515932.25,0
2022-07-06 00:00:00+00:00,177,CORN,744.25,-300000000.0,notional_at_entry,short,-591521.0,short,324635884.0,0
2022-07-07 00:00:00+00:00,178,CORN,747.0,-300000000.0,notional_at_entry,short,-591521.0,short,323009201.25,0
2022-07-08 00:00:00+00:00,179,CORN,778.25,-300000000.0,notional_at_entry,short,-591521.0,short,304524170.0,0
2022-07-11 00:00:00+00:00,180,CORN,781.25,-300000000.0,notional_at_entry,short,-591521.0,short,302749607.0,0
2022-07-12 00:00:00+00:00,181,CORN,732.75,-300000000.0,notional_at_entry,short,-591521.0,short,331438375.5,0
2022-07-13 00:00:00+00:00,182,CORN,740.0,-300000000.0,notional_at_entry,short,-591521.0,short,327149848.25,0
2022-07-14 00:00:00+00:00,183,CORN,695.0,-300000000.0,notional_at_entry,short,-591521.0,short,353768293.25,0
2022-07-15 00:00:00+00:00,184,CORN,604.25,-300000000.0,notional_at_entry,short,-591521.0,short,407448824.0,0
2022-07-18 00:00:00+00:00,185,CORN,612.25,-300000000.0,notional_at_entry,short,-591521.0,short,402716656.0,0
2022-07-19 00:00:00+00:00,186,CORN,596.75,-300000000.0,notional_at_entry,short,-591521.0,short,411885231.5,0
2022-07-20 00:00:00+00:00,187,CORN,592.25,300000000.0,notional_at_entry,long,506542.0,long,414547076.0,1
2022-07-21 00:00:00+00:00,188,CORN,575.75,300000000.0,notional_at_entry,long,506542.0,long,406189133.0,0
2022-07-22 00:00:00+00:00,189,CORN,564.25,300000000.0,notional_at_entry,long,506542.0,long,400363900.0,0
2022-07-25 00:00:00+00:00,190,CORN,580.0,300000000.0,notional_at_entry,long,506542.0,long,408341936.5,0
2022-07-26 00:00:00+00:00,191,CORN,597.0,300000000.0,notional_at_entry,long,506542.0,long,416953150.5,0
2022-07-27 00:00:00+00:00,192,CORN,600.25,300000000.0,notional_at_entry,long,506542.0,long,418599412.0,0
2022-07-28 00:00:00+00:00,193,CORN,615.0,300000000.0,notional_at_entry,long,506542.0,long,426070906.5,0
2022-07-29 00:00:00+00:00,194,CORN,616.25,300000000.0,notional_at_entry,long,506542.0,long,426704084.0,0
2022-08-01 00:00:00+00:00,195,CORN,607.0,300000000.0,notional_at_entry,long,506542.0,long,422018570.5,0
2022-08-02 00:00:00+00:00,196,CORN,591.25,300000000.0,notional_at_entry,long,506542.0,long,414040534.0,0
2022-08-03 00:00:00+00:00,197,CORN,591.5,300000000.0,notional_at_entry,long,506542.0,long,414167169.5,0
2022-08-04 00:00:00+00:00,198,CORN,602.25,-300000000.0,notional_at_entry,short,-498132.0,short,419612496.0,1
2022-08-05 00:00:00+00:00,199,CORN,610.25,-300000000.0,notional_at_entry,short,-498132.0,short,415627440.0,0
2022-08-08 00:00:00+00:00,200,CORN,608.5,-300000000.0,notional_at_entry,short,-498132.0,short,416499171.0,0
2022-08-09 00:00:00+00:00,201,CORN,615.5,-300000000.0,notional_at_entry,short,-498132.0,short,413012247.0,0
2022-08-10 00:00:00+00:00,202,CORN,621.25,-300000000.0,notional_at_entry,short,-498132.0,short,410147988.0,0
2022-08-11 00:00:00+00:00,203,CORN,629.25,-300000000.0,notional_at_entry,short,-498132.0,short,406162932.0,0
2022-08-12 00:00:00+00:00,204,CORN,639.75,-300000000.0,notional_at_entry,short,-498132.0,short,400932546.0,0
2022-08-15 00:00:00+00:00,205,CORN,626.75,-300000000.0,notional_at_entry,short,-498132.0,short,407408262.0,0
2022-08-16 00:00:00+00:00,206,CORN,611.0,-300000000.0,notional_at_entry,short,-498132.0,short,415253841.0,0
2022-08-17 00:00:00+00:00,207,CORN,615.0,-300000000.0,notional_at_entry,short,-498132.0,short,413261313.0,0
2022-08-18 00:00:00+00:00,208,CORN,619.75,-300000000.0,notional_at_entry,short,-498132.0,short,410895186.0,0
2022-08-19 00:00:00+00:00,209,CORN,626.0,-300000000.0,notional_at_entry,short,-498132.0,short,407781861.0,0
2022-08-22 00:00:00+00:00,210,CORN,633.5,-300000000.0,notional_at_entry,short,-498132.0,short,404045871.0,0
2022-08-23 00:00:00+00:00,211,CORN,660.0,-300000000.0,notional_at_entry,short,-498132.0,short,390845373.0,0
2022-08-24 00:00:00+00:00,212,CORN,665.75,-300000000.0,notional_at_entry,short,-498132.0,short,387981114.0,0
2022-08-25 00:00:00+00:00,213,CORN,657.5,300000000.0,notional_at_entry,long,456273.0,long,392090703.0,1
2022-08-26 00:00:00+00:00,214,CORN,668.75,300000000.0,notional_at_entry,long,456273.0,long,397223774.25,0
2022-08-29 00:00:00+00:00,215,CORN,683.75,300000000.0,notional_at_entry,long,456273.0,long,404067869.25,0
2022-08-30 00:00:00+00:00,216,CORN,679.75,300000000.0,notional_at_entry,long,456273.0,long,402242777.25,0
2022-08-31 00:00:00+00:00,217,CORN,673.75,300000000.0,notional_at_entry,long,456273.0,long,399505139.25,0
2022-09-01 00:00:00+00:00,218,CORN,658.25,300000000.0,notional_at_entry,long,456273.0,long,392432907.75,0
2022-09-02 00:00:00+00:00,219,CORN,669.0,300000000.0,notional_at_entry,long,456273.0,long,397337842.5,0
2022-09-05 00:00:00+00:00,220,CORN,667.38,-450000000.0,notional_at_entry,short,-674278.0,short,396598680.24,1
2022-09-06 00:00:00+00:00,221,CORN,680.75,-450000000.0,notional_at_entry,short,-674278.0,short,387583583.38,0
2022-09-07 00:00:00+00:00,222,CORN,676.75,-450000000.0,notional_at_entry,short,-674278.0,short,390280695.38,0
2022-09-08 00:00:00+00:00,223,CORN,668.5,-450000000.0,notional_at_entry,short,-674278.0,short,395843488.88,0
2022-09-09 00:00:00+00:00,224,CORN,698.5,-450000000.0,notional_at_entry,short,-674278.0,short,375615148.88,0
2022-09-12 00:00:00+00:00,225,CORN,712.25,-450000000.0,notional_at_entry,short,-674278.0,short,366343826.38,0
2022-09-13 00:00:00+00:00,226,CORN,709.0,-450000000.0,notional_at_entry,short,-674278.0,short,368535229.88,0
2022-09-14 00:00:00+00:00,227,CORN,709.0,-450000000.0,notional_at_entry,short,-674278.0,short,368535229.88,0
2022-09-15 00:00:00+00:00,228,CORN,677.5,-450000000.0,notional_at_entry,short,-674278.0,short,389774986.88,0
2022-09-16 00:00:00+00:00,229,CORN,677.25,-450000000.0,notional_at_entry,short,-674278.0,short,389943556.38,0
2022-09-19 00:00:00+00:00,230,CORN,678.25,-450000000.0,notional_at_entry,short,-674278.0,short,389269278.38,0
2022-09-20 00:00:00+00:00,231,CORN,692.0,-450000000.0,notional_at_entry,short,-674278.0,short,379997955.88,0
2022-09-21 00:00:00+00:00,232,CORN,685.5,-300000000.0,notional_at_entry,short,-674278.0,short,384380762.88,0
2022-09-22 00:00:00+00:00,233,CORN,688.25,300000000.0,notional_at_entry,long,435888.0,long,382526498.38,1
2022-09-23 00:00:00+00:00,234,CORN,676.75,300000000.0,notional_at_entry,long,435888.0,long,377513786.38,0
2022-09-26 00:00:00+00:00,235,CORN,666.25,300000000.0,notional_at_entry,long,435888.0,long,372936962.38,0
2022-09-27 00:00:00+00:00,236,CORN,667.5,300000000.0,notional_at_entry,long,435888.0,long,373481822.38,0
2022-09-28 00:00:00+00:00,237,CORN,670.5,300000000.0,notional_at_entry,long,435888.0,long,374789486.38,0
2022-09-29 00:00:00+00:00,238,CORN,669.5,300000000.0,notional_at_entry,long,435888.0,long,374353598.38,0
2022-09-30 00:00:00+00:00,239,CORN,677.5,300000000.0,notional_at_entry,long,435888.0,long,377840702.38,0
2022-10-03 00:00:00+00:00,240,CORN,680.75,300000000.0,notional_at_entry,long,435888.0,long,379257338.38,0
2022-10-04 00:00:00+00:00,241,CORN,683.0,300000000.0,notional_at_entry,long,435888.0,long,380238086.38,0
2022-10-05 00:00:00+00:00,242,CORN,684.0,300000000.0,notional_at_entry,long,435888.0,long,380673974.38,0
2022-10-06 00:00:00+00:00,243,CORN,675.5,300000000.0,notional_at_entry,long,435888.0,long,376968926.38,0
2022-10-07 00:00:00+00:00,244,CORN,683.25,300000000.0,notional_at_entry,long,435888.0,long,380347058.38,0
2022-10-10 00:00:00+00:00,245,CORN,698.25,300000000.0,notional_at_entry,long,435888.0,long,386885378.38,0
2022-10-11 00:00:00+00:00,246,CORN,693.0,300000000.0,notional_at_entry,long,435888.0,long,384596966.38,0
2022-10-12 00:00:00+00:00,247,CORN,693.0,300000000.0,notional_at_entry,long,435888.0,long,384596966.38,0
2022-10-13 00:00:00+00:00,248,CORN,697.75,300000000.0,notional_at_entry,long,435888.0,long,386667434.38,0
2022-10-14 00:00:00+00:00,249,CORN,689.75,-300000000.0,notional_at_entry,short,-434940.0,short,383180330.38,1
2022-10-17 00:00:00+00:00,250,CORN,683.5,-300000000.0,notional_at_entry,short,-434940.0,short,385898705.38,0
2022-10-18 00:00:00+00:00,251,CORN,681.0,-300000000.0,notional_at_entry,short,-434940.0,short,386986055.38,0
2022-10-19 00:00:00+00:00,252,CORN,678.25,-300000000.0,notional_at_entry,short,-434940.0,short,388182140.38,0
2022-10-20 00:00:00+00:00,253,CORN,684.0,-300000000.0,notional_at_entry,short,-434940.0,short,385681235.38,0
2022-10-21 00:00:00+00:00,254,CORN,684.25,-300000000.0,notional_at_entry,short,-434940.0,short,385572500.38,0
2022-10-24 00:00:00+00:00,255,CORN,681.5,-300000000.0,notional_at_entry,short,-434940.0,short,386768585.38,0
2022-10-25 00:00:00+00:00,256,CORN,686.25,-300000000.0,notional_at_entry,short,-434940.0,short,384702620.38,0
2022-10-26 00:00:00+00:00,257,CORN,685.0,300000000.0,notional_at_entry,long,437956.0,long,385246295.38,1
2022-10-27 00:00:00+00:00,258,CORN,682.25,300000000.0,notional_at_entry,long,437956.0,long,384041916.38,0
2022-10-28 00:00:00+00:00,259,CORN,680.75,300000000.0,notional_at_entry,long,437956.0,long,383384982.38,0
2022-10-31 00:00:00+00:00,260,CORN,691.5,300000000.0,notional_at_entry,long,437956.0,long,388093009.38,0
2022-11-01 00:00:00+00:00,261,CORN,697.75,300000000.0,notional_at_entry,long,437956.0,long,390830234.38,0
2022-11-02 00:00:00+00:00,262,CORN,687.5,300000000.0,notional_at_entry,long,437956.0,long,386341185.38,0
2022-11-03 00:00:00+00:00,263,CORN,679.25,300000000.0,notional_at_entry,long,437956.0,long,382728048.38,0
2022-11-04 00:00:00+00:00,264,CORN,681.0,300000000.0,notional_at_entry,long,437956.0,long,383494471.38,0
2022-11-07 00:00:00+00:00,265,CORN,675.75,300000000.0,notional_at_entry,long,437956.0,long,381195202.38,0
2022-11-08 00:00:00+00:00,266,CORN,667.5,300000000.0,notional_at_entry,long,437956.0,long,377582065.38,0
2022-11-09 00:00:00+00:00,267,CORN,664.5,300000000.0,notional_at_entry,long,437956.0,long,376268197.38,0
2022-11-10 00:00:00+00:00,268,CORN,653.25,-300000000.0,notional_at_entry,short,-459242.0,short,371341192.38,1
2022-11-11 00:00:00+00:00,269,CORN,658.0,-300000000.0,notional_at_entry,short,-459242.0,short,369159792.88,0
2022-11-14 00:00:00+00:00,270,CORN,657.25,-300000000.0,notional_at_entry,short,-459242.0,short,369504224.38,0
2022-11-15 00:00:00+00:00,271,CORN,666.75,-300000000.0,notional_at_entry,short,-459242.0,short,365141425.38,0
2022-11-16 00:00:00+00:00,272,CORN,665.25,-300000000.0,notional_at_entry,short,-459242.0,short,365830288.38,0
2022-11-17 00:00:00+00:00,273,CORN,667.5,-300000000.0,notional_at_entry,short,-459242.0,short,364796993.88,0
2022-11-18 00:00:00+00:00,274,CORN,667.75,-300000000.0,notional_at_entry,short,-459242.0,short,364682183.38,0
2022-11-21 00:00:00+00:00,275,CORN,659.5,-300000000.0,notional_at_entry,short,-459242.0,short,368470929.88,0
2022-11-22 00:00:00+00:00,276,CORN,656.75,-300000000.0,notional_at_entry,short,-459242.0,short,369733845.38,0
2022-11-23 00:00:00+00:00,277,CORN,663.25,-300000000.0,notional_at_entry,short,-459242.0,short,366748772.38,0
2022-11-25 00:00:00+00:00,278,CORN,668.0,-300000000.0,notional_at_entry,short,-459242.0,short,364567372.88,0
2022-11-28 00:00:00+00:00,279,CORN,668.75,-300000000.0,notional_at_entry,short,-459242.0,short,364222941.38,0
2022-11-29 00:00:00+00:00,280,CORN,665.75,-300000000.0,notional_at_entry,short,-459242.0,short,365600667.38,0
2022-11-30 00:00:00+00:00,281,CORN,662.0,300000000.0,notional_at_entry,long,453172.0,long,367322824.88,1
2022-12-01 00:00:00+00:00,282,CORN,650.0,300000000.0,notional_at_entry,long,453172.0,long,361884760.88,0
2022-12-02 00:00:00+00:00,283,CORN,635.0,300000000.0,notional_at_entry,long,453172.0,long,355087180.88,0
2022-12-05 00:00:00+00:00,284,CORN,628.75,300000000.0,notional_at_entry,long,453172.0,long,352254855.88,0
2022-12-06 00:00:00+00:00,285,CORN,625.5,300000000.0,notional_at_entry,long,453172.0,long,350782046.88,0
2022-12-07 00:00:00+00:00,286,CORN,627.75,300000000.0,notional_at_entry,long,453172.0,long,351801683.88,0
2022-12-08 00:00:00+00:00,287,CORN,632.0,300000000.0,notional_at_entry,long,453172.0,long,353727664.88,0
2022-12-09 00:00:00+00:00,288,CORN,634.75,300000000.0,notional_at_entry,long,453172.0,long,354973887.88,0
2022-12-12 00:00:00+00:00,289,CORN,641.25,300000000.0,notional_at_entry,long,453172.0,long,357919505.88,0
2022-12-13 00:00:00+00:00,290,CORN,643.75,300000000.0,notional_at_entry,long,453172.0,long,359052435.88,0
2022-12-14 00:00:00+00:00,291,CORN,639.0,300000000.0,notional_at_entry,long,453172.0,long,356899868.88,0
2022-12-15 00:00:00+00:00,292,CORN,653.5,300000000.0,notional_at_entry,long,453172.0,long,363470862.88,0
2022-12-16 00:00:00+00:00,293,CORN,653.0,300000000.0,notional_at_entry,long,453172.0,long,363244276.88,0
2022-12-19 00:00:00+00:00,294,CORN,647.25,300000000.0,notional_at_entry,long,453172.0,long,360638537.88,0
2022-12-20 00:00:00+00:00,295,CORN,652.0,300000000.0,notional_at_entry,long,453172.0,long,362791104.88,0
2022-12-21 00:00:00+00:00,296,CORN,662.25,300000000.0,notional_at_entry,long,453172.0,long,367436117.88,0
2022-12-22 00:00:00+00:00,297,CORN,660.5,300000000.0,notional_at_entry,long,453172.0,long,366643066.88,0
2022-12-23 00:00:00+00:00,298,CORN,666.25,300000000.0,notional_at_entry,long,453172.0,long,369248805.88,0
2022-12-27 00:00:00+00:00,299,CORN,674.75,300000000.0,notional_at_entry,long,453172.0,long,373100767.88,0
2022-12-28 00:00:00+00:00,300,CORN,682.75,300000000.0,notional_at_entry,long,453172.0,long,376726143.88,0
2022-12-29 00:00:00+00:00,301,CORN,679.5,300000000.0,notional_at_entry,long,453172.0,long,375253334.88,0
2022-12-30 00:00:00+00:00,302,CORN,678.5,300000000.0,notional_at_entry,long,453172.0,long,374800162.88,0
2023-01-03 00:00:00+00:00,303,CORN,670.5,-300000000.0,notional_at_entry,short,-447427.0,short,371174786.88,1
2023-01-04 00:00:00+00:00,304,CORN,653.75,-300000000.0,notional_at_entry,short,-447427.0,short,378669189.13,0
2023-01-05 00:00:00+00:00,305,CORN,652.75,-300000000.0,notional_at_entry,short,-447427.0,short,379116616.13,0
2023-01-06 00:00:00+00:00,306,CORN,654.0,-300000000.0,notional_at_entry,short,-447427.0,short,378557332.38,0
2023-01-09 00:00:00+00:00,307,CORN,652.75,-300000000.0,notional_at_entry,short,-447427.0,short,379116616.13,0
2023-01-10 00:00:00+00:00,308,CORN,655.0,-300000000.0,notional_at_entry,short,-447427.0,short,378109905.38,0
2023-01-11 00:00:00+00:00,309,CORN,656.0,-300000000.0,notional_at_entry,short,-447427.0,short,377662478.38,0
2023-01-12 00:00:00+00:00,310,CORN,671.0,-300000000.0,notional_at_entry,short,-447427.0,short,370951073.38,0
2023-01-13 00:00:00+00:00,311,CORN,675.0,-300000000.0,notional_at_entry,short,-447427.0,short,369161365.38,0
2023-01-17 00:00:00+00:00,312,CORN,685.25,450000000.0,notional_at_entry,long,656694.0,long,364575238.63,1
2023-01-18 00:00:00+00:00,313,CORN,681.25,450000000.0,notional_at_entry,long,656694.0,long,361948462.63,0
2023-01-19 00:00:00+00:00,314,CORN,677.25,450000000.0,notional_at_entry,long,656694.0,long,359321686.63,0
2023-01-20 00:00:00+00:00,315,CORN,676.25,450000000.0,notional_at_entry,long,656694.0,long,358664992.63,0
2023-01-23 00:00:00+00:00,316,CORN,666.25,450000000.0,notional_at_entry,long,656694.0,long,352098052.63,0
2023-01-24 00:00:00+00:00,317,CORN,677.0,450000000.0,notional_at_entry,long,656694.0,long,359157513.13,0
2023-01-25 00:00:00+00:00,318,CORN,674.75,450000000.0,notional_at_entry,long,656694.0,long,357679951.63,0
2023-01-26 00:00:00+00:00,319,CORN,682.5,450000000.0,notional_at_entry,long,656694.0,long,362769330.13,0
2023-01-27 00:00:00+00:00,320,CORN,683.0,450000000.0,notional_at_entry,long,656694.0,long,363097677.13,0
2023-01-30 00:00:00+00:00,321,CORN,683.75,450000000.0,notional_at_entry,long,656694.0,long,363590197.63,0
2023-01-31 00:00:00+00:00,322,CORN,679.75,450000000.0,notional_at_entry,long,656694.0,long,360963421.63,0
2023-02-01 00:00:00+00:00,323,CORN,681.0,450000000.0,notional_at_entry,long,656694.0,long,361784289.13,0
2023-02-02 00:00:00+00:00,324,CORN,675.25,450000000.0,notional_at_entry,long,656694.0,long,358008298.63,0
2023-02-03 00:00:00+00:00,325,CORN,677.5,450000000.0,notional_at_entry,long,656694.0,long,359485860.13,0
2023-02-06 00:00:00+00:00,326,CORN,679.0,450000000.0,notional_at_entry,long,656694.0,long,360470901.13,0
2023-02-07 00:00:00+00:00,327,CORN,674.0,-300000000.0,notional_at_entry,short,-445103.0,short,357187431.13,1
2023-02-08 00:00:00+00:00,328,CORN,678.5,-300000000.0,notional_at_entry,short,-445103.0,short,355184467.63,0
2023-02-09 00:00:00+00:00,329,CORN,670.75,-300000000.0,notional_at_entry,short,-445103.0,short,358634015.88,0
2023-02-10 00:00:00+00:00,330,CORN,680.5,-300000000.0,notional_at_entry,short,-445103.0,short,354294261.63,0
2023-02-13 00:00:00+00:00,331,CORN,685.0,-300000000.0,notional_at_entry,short,-445103.0,short,352291298.13,0
2023-02-14 00:00:00+00:00,332,CORN,682.25,-300000000.0,notional_at_entry,short,-445103.0,short,353515331.38,0
2023-02-15 00:00:00+00:00,333,CORN,676.25,-300000000.0,notional_at_entry,short,-445103.0,short,356185949.38,0
2023-02-16 00:00:00+00:00,334,CORN,676.0,-300000000.0,notional_at_entry,short,-445103.0,short,356297225.13,0
2023-02-17 00:00:00+00:00,335,CORN,677.75,300000000.0,notional_at_entry,long,442641.0,long,355518294.88,1
2023-02-21 00:00:00+00:00,336,CORN,680.5,300000000.0,notional_at_entry,long,442641.0,long,356735557.63,0
2023-02-22 00:00:00+00:00,337,CORN,674.25,300000000.0,notional_at_entry,long,442641.0,long,353969051.38,0
2023-02-23 00:00:00+00:00,338,CORN,659.25,300000000.0,notional_at_entry,long,442641.0,long,347329436.38,0
2023-02-24 00:00:00+00:00,339,CORN,649.25,300000000.0,notional_at_entry,long,442641.0,long,342903026.38,0
2023-02-27 00:00:00+00:00,340,CORN,642.75,300000000.0,notional_at_entry,long,442641.0,long,340025859.88,0
2023-02-28 00:00:00+00:00,341,CORN,629.5,300000000.0,notional_at_entry,long,442641.0,long,334160866.63,0
2023-03-01 00:00:00+00:00,342,CORN,640.5,-300000000.0,notional_at_entry,short,-468384.0,short,339029917.63,1
2023-03-02 00:00:00+00:00,343,CORN,637.75,-300000000.0,notional_at_entry,short,-468384.0,short,340317973.63,0
2023-03-03 00:00:00+00:00,344,CORN,645.25,-300000000.0,notional_at_entry,short,-468384.0,short,336805093.63,0
2023-03-06 00:00:00+00:00,345,CORN,637.0,-300000000.0,notional_at_entry,short,-468384.0,short,340669261.63,0
2023-03-07 00:00:00+00:00,346,CORN,634.25,300000000.0,notional_at_entry,long,472999.0,long,341957317.63,1
2023-03-08 00:00:00+00:00,347,CORN,625.5,300000000.0,notional_at_entry,long,472999.0,long,337818576.38,0
2023-03-09 00:00:00+00:00,348,CORN,611.5,-300000000.0,notional_at_entry,short,-490596.0,short,331196590.38,1
2023-03-10 00:00:00+00:00,349,CORN,624.25,-300000000.0,notional_at_entry,short,-490596.0,short,324941491.38,0
2023-03-13 00:00:00+00:00,350,CORN,624.5,-300000000.0,notional_at_entry,short,-490596.0,short,324818842.38,0
2023-03-14 00:00:00+00:00,351,CORN,627.5,-300000000.0,notional_at_entry,short,-490596.0,short,323347054.38,0
2023-03-15 00:00:00+00:00,352,CORN,626.5,-300000000.0,notional_at_entry,short,-490596.0,short,323837650.38,0
2023-03-16 00:00:00+00:00,353,CORN,632.75,-300000000.0,notional_at_entry,short,-490596.0,short,320771425.38,0
2023-03-17 00:00:00+00:00,354,CORN,634.25,-300000000.0,notional_at_entry,short,-490596.0,short,320035531.38,0
2023-03-20 00:00:00+00:00,355,CORN,633.0,-300000000.0,notional_at_entry,short,-490596.0,short,320648776.38,0
2023-03-21 00:00:00+00:00,356,CORN,630.0,-300000000.0,notional_at_entry,short,-490596.0,short,322120564.38,0
2023-03-22 00:00:00+00:00,357,CORN,633.5,-300000000.0,notional_at_entry,short,-490596.0,short,320403478.38,0
2023-03-23 00:00:00+00:00,358,CORN,631.75,300000000.0,notional_at_entry,long,474871.0,long,321262021.38,1
2023-03-24 00:00:00+00:00,359,CORN,643.0,300000000.0,notional_at_entry,long,474871.0,long,326604320.13,0
2023-03-27 00:00:00+00:00,360,CORN,648.25,300000000.0,notional_at_entry,long,474871.0,long,329097392.88,0
2023-03-28 00:00:00+00:00,361,CORN,647.25,300000000.0,notional_at_entry,long,474871.0,long,328622521.88,0
2023-03-29 00:00:00+00:00,362,CORN,650.5,300000000.0,notional_at_entry,long,474871.0,long,330165852.63,0
2023-03-30 00:00:00+00:00,363,CORN,649.5,300000000.0,notional_at_entry,long,474871.0,long,329690981.63,0
2023-03-31 00:00:00+00:00,364,CORN,660.5,300000000.0,notional_at_entry,long,474871.0,long,334914562.63,0
2023-04-03 00:00:00+00:00,365,CORN,657.75,300000000.0,notional_at_entry,long,474871.0,long,333608667.38,0
2023-04-04 00:00:00+00:00,366,CORN,653.75,300000000.0,notional_at_entry,long,474871.0,long,331709183.38,0
2023-04-05 00:00:00+00:00,367,CORN,652.75,300000000.0,notional_at_entry,long,474871.0,long,331234312.38,0
2023-04-06 00:00:00+00:00,368,CORN,643.5,300000000.0,notional_at_entry,long,474871.0,long,326841755.63,0
2023-04-07 00:00:00+00:00,369,CORN,643.5,300000000.0,notional_at_entry,long,474871.0,long,326841755.63,0
2023-04-10 00:00:00+00:00,370,CORN,654.0,300000000.0,notional_at_entry,long,474871.0,long,331827901.13,0
2023-04-11 00:00:00+00:00,371,CORN,651.0,-450000000.0,notional_at_entry,short,-691244.0,short,330403288.13,1
2023-04-12 00:00:00+00:00,372,CORN,656.0,-450000000.0,notional_at_entry,short,-691244.0,short,326947068.13,0
2023-04-13 00:00:00+00:00,373,CORN,652.25,-450000000.0,notional_at_entry,short,-691244.0,short,329539233.13,0
2023-04-14 00:00:00+00:00,374,CORN,666.25,-450000000.0,notional_at_entry,short,-691244.0,short,319861817.13,0
2023-04-17 00:00:00+00:00,375,CORN,676.5,-450000000.0,notional_at_entry,short,-691244.0,short,312776566.13,0
2023-04-18 00:00:00+00:00,376,CORN,677.5,-450000000.0,notional_at_entry,short,-691244.0,short,312085322.13,0
2023-04-19 00:00:00+00:00,377,CORN,672.25,-450000000.0,notional_at_entry,short,-691244.0,short,315714353.13,0
2023-04-20 00:00:00+00:00,378,CORN,663.75,-450000000.0,notional_at_entry,short,-691244.0,short,321589927.13,0
2023-04-21 00:00:00+00:00,379,CORN,663.25,450000000.0,notional_at_entry,long,678477.0,long,321935549.13,1
2023-04-24 00:00:00+00:00,380,CORN,651.25,450000000.0,notional_at_entry,long,678477.0,long,313793825.13,0
2023-04-25 00:00:00+00:00,381,CORN,646.5,450000000.0,notional_at_entry,long,678477.0,long,310571059.38,0
2023-04-26 00:00:00+00:00,382,CORN,641.5,450000000.0,notional_at_entry,long,678477.0,long,307178674.38,0
2023-04-27 00:00:00+00:00,383,CORN,627.0,300000000.0,notional_at_entry,long,678477.0,long,297340757.88,0
2023-04-28 00:00:00+00:00,384,CORN,636.0,300000000.0,notional_at_entry,long,678477.0,long,303447050.88,0
2023-05-01 00:00:00+00:00,385,CORN,639.5,300000000.0,notional_at_entry,long,678477.0,long,305821720.38,0
2023-05-02 00:00:00+00:00,386,CORN,638.0,-450000000.0,notional_at_entry,short,-705329.0,short,304804004.88,1
2023-05-03 00:00:00+00:00,387,CORN,645.25,-450000000.0,notional_at_entry,short,-705329.0,short,299690369.63,0
2023-05-04 00:00:00+00:00,388,CORN,646.5,-450000000.0,notional_at_entry,short,-705329.0,short,298808708.38,0
2023-05-05 00:00:00+00:00,389,CORN,653.25,-450000000.0,notional_at_entry,short,-705329.0,short,294047737.63,0
2023-05-08 00:00:00+00:00,390,CORN,656.5,-450000000.0,notional_at_entry,short,-705329.0,short,291755418.38,0
2023-05-09 00:00:00+00:00,391,CORN,642.25,-450000000.0,notional_at_entry,short,-705329.0,short,301806356.63,0
2023-05-10 00:00:00+00:00,392,CORN,645.5,-450000000.0,notional_at_entry,short,-705329.0,short,299514037.38,0
2023-05-11 00:00:00+00:00,393,CORN,632.5,-450000000.0,notional_at_entry,short,-705329.0,short,308683314.38,0
2023-05-12 00:00:00+00:00,394,CORN,633.25,-450000000.0,notional_at_entry,short,-705329.0,short,308154317.63,0
2023-05-15 00:00:00+00:00,395,CORN,592.5,-450000000.0,notional_at_entry,short,-705329.0,short,336896474.38,0
2023-05-16 00:00:00+00:00,396,CORN,581.25,-450000000.0,notional_at_entry,short,-705329.0,short,344831425.63,0
2023-05-17 00:00:00+00:00,397,CORN,561.5,300000000.0,notional_at_entry,long,534283.0,long,358761673.38,1
2023-05-18 00:00:00+00:00,398,CORN,555.25,300000000.0,notional_at_entry,long,534283.0,long,355422404.63,0
2023-05-19 00:00:00+00:00,399,CORN,554.5,300000000.0,notional_at_entry,long,534283.0,long,355021692.38,0
2023-05-22 00:00:00+00:00,400,CORN,571.0,300000000.0,notional_at_entry,long,534283.0,long,363837361.88,0
2023-05-23 00:00:00+00:00,401,CORN,577.5,300000000.0,notional_at_entry,long,534283.0,long,367310201.38,0
2023-05-24 00:00:00+00:00,402,CORN,587.25,300000000.0,notional_at_entry,long,534283.0,long,372519460.63,0
2023-05-25 00:00:00+00:00,403,CORN,590.75,300000000.0,notional_at_entry,long,534283.0,long,374389451.13,0
2023-05-26 00:00:00+00:00,404,CORN,604.0,300000000.0,notional_at_entry,long,534283.0,long,381468700.88,0
2023-05-30 00:00:00+00:00,405,CORN,594.0,300000000.0,notional_at_entry,long,534283.0,long,376125870.88,0
2023-05-31 00:00:00+00:00,406,CORN,594.0,300000000.0,notional_at_entry,long,534283.0,long,376125870.88,0
2023-06-01 00:00:00+00:00,407,CORN,592.5,300000000.0,notional_at_entry,long,534283.0,long,375324446.38,0
2023-06-02 00:00:00+00:00,408,CORN,609.0,300000000.0,notional_at_entry,long,534283.0,long,384140115.88,0
2023-06-05 00:00:00+00:00,409,CORN,597.5,300000000.0,notional_at_entry,long,534283.0,long,377995861.38,0
2023-06-06 00:00:00+00:00,410,CORN,608.0,300000000.0,notional_at_entry,long,534283.0,long,383605832.88,0
2023-06-07 00:00:00+00:00,411,CORN,604.25,300000000.0,notional_at_entry,long,534283.0,long,381602271.63,0
2023-06-08 00:00:00+00:00,412,CORN,610.25,300000000.0,notional_at_entry,long,534283.0,long,384807969.63,0
2023-06-09 00:00:00+00:00,413,CORN,604.25,300000000.0,notional_at_entry,long,534283.0,long,381602271.63,0
2023-06-12 00:00:00+00:00,414,CORN,617.25,300000000.0,notional_at_entry,long,534283.0,long,388547950.63,0
2023-06-13 00:00:00+00:00,415,CORN,612.5,300000000.0,notional_at_entry,long,534283.0,long,386010106.38,0
2023-06-14 00:00:00+00:00,416,CORN,607.75,-450000000.0,notional_at_entry,short,-740436.0,short,383472262.13,1
2023-06-15 00:00:00+00:00,417,CORN,623.25,-450000000.0,notional_at_entry,short,-740436.0,short,371995504.13,0
2023-06-16 00:00:00+00:00,418,CORN,640.25,-450000000.0,notional_at_entry,short,-740436.0,short,359408092.13,0
2023-06-20 00:00:00+00:00,419,CORN,643.75,-450000000.0,notional_at_entry,short,-740436.0,short,356816566.13,0
2023-06-21 00:00:00+00:00,420,CORN,671.0,-450000000.0,notional_at_entry,short,-740436.0,short,336639685.13,0
2023-06-22 00:00:00+00:00,421,CORN,660.5,-450000000.0,notional_at_entry,short,-740436.0,short,344414263.13,0
2023-06-23 00:00:00+00:00,422,CORN,630.75,-450000000.0,notional_at_entry,short,-740436.0,short,366442234.13,0
2023-06-26 00:00:00+00:00,423,CORN,637.25,-450000000.0,notional_at_entry,short,-740436.0,short,361629400.13,0
2023-06-27 00:00:00+00:00,424,CORN,623.0,-450000000.0,notional_at_entry,short,-740436.0,short,372180613.13,0
2023-06-28 00:00:00+00:00,425,CORN,590.0,-450000000.0,notional_at_entry,short,-740436.0,short,396615001.13,0
2023-06-29 00:00:00+00:00,426,CORN,581.0,-450000000.0,notional_at_entry,short,-740436.0,short,403278925.13,0
2023-06-30 00:00:00+00:00,427,CORN,554.5,-450000000.0,notional_at_entry,short,-740436.0,short,422900479.13,0
2023-07-03 00:00:00+00:00,428,CORN,557.25,-450000000.0,notional_at_entry,short,-740436.0,short,420864280.13,0
2023-07-05 00:00:00+00:00,429,CORN,548.25,-450000000.0,notional_at_entry,short,-740436.0,short,427528204.13,0
2023-07-06 00:00:00+00:00,430,CORN,566.75,-450000000.0,notional_at_entry,short,-740436.0,short,413830138.13,0
2023-07-07 00:00:00+00:00,431,CORN,560.5,-450000000.0,notional_at_entry,short,-740436.0,short,418457863.13,0
2023-07-10 00:00:00+00:00,432,CORN,570.75,-450000000.0,notional_at_entry,short,-740436.0,short,410868394.13,0
2023-07-11 00:00:00+00:00,433,CORN,571.75,-450000000.0,notional_at_entry,short,-740436.0,short,410127958.13,0
2023-07-12 00:00:00+00:00,434,CORN,549.75,-450000000.0,notional_at_entry,short,-740436.0,short,426417550.13,0
2023-07-13 00:00:00+00:00,435,CORN,593.5,-450000000.0,notional_at_entry,short,-740436.0,short,394023475.13,0
2023-07-14 00:00:00+00:00,436,CORN,599.75,-450000000.0,notional_at_entry,short,-740436.0,short,389395750.13,0
2023-07-17 00:00:00+00:00,437,CORN,499.25,-450000000.0,notional_at_entry,short,-740436.0,short,463809568.13,0
2023-07-18 00:00:00+00:00,438,CORN,528.75,-450000000.0,notional_at_entry,short,-740436.0,short,441966706.13,0
2023-07-19 00:00:00+00:00,439,CORN,545.5,-450000000.0,notional_at_entry,short,-740436.0,short,429564403.13,0
2023-07-20 00:00:00+00:00,440,CORN,537.25,-450000000.0,notional_at_entry,short,-740436.0,short,435673000.13,0
2023-07-21 00:00:00+00:00,441,CORN,527.0,-450000000.0,notional_at_entry,short,-740436.0,short,443262469.13,0
2023-07-24 00:00:00+00:00,442,CORN,560.5,-450000000.0,notional_at_entry,short,-740436.0,short,418457863.13,0
2023-07-25 00:00:00+00:00,443,CORN,557.5,-450000000.0,notional_at_entry,short,-740436.0,short,420679171.13,0
2023-07-26 00:00:00+00:00,444,CORN,540.25,-450000000.0,notional_at_entry,short,-740436.0,short,433451692.13,0
2023-07-27 00:00:00+00:00,445,CORN,533.25,-450000000.0,notional_at_entry,short,-740436.0,short,438634744.13,0
2023-07-28 00:00:00+00:00,446,CORN,521.0,-450000000.0,notional_at_entry,short,-740436.0,short,447705085.13,0
2023-07-31 00:00:00+00:00,447,CORN,504.0,-450000000.0,notional_at_entry,short,-740436.0,short,460292497.13,0
2023-08-01 00:00:00+00:00,448,CORN,497.0,-450000000.0,notional_at_entry,short,-740436.0,short,465475549.13,0
2023-08-02 00:00:00+00:00,449,CORN,488.25,-450000000.0,notional_at_entry,short,-740436.0,short,471954364.13,0
2023-08-03 00:00:00+00:00,450,CORN,480.75,-450000000.0,notional_at_entry,short,-740436.0,short,477507634.13,0
2023-08-04 00:00:00+00:00,451,CORN,484.25,-450000000.0,notional_at_entry,short,-740436.0,short,474916108.13,0
2023-08-07 00:00:00+00:00,452,CORN,482.25,-450000000.0,notional_at_entry,short,-740436.0,short,476396980.13,0
2023-08-08 00:00:00+00:00,453,CORN,485.75,-450000000.0,notional_at_entry,short,-740436.0,short,473805454.13,0
2023-08-09 00:00:00+00:00,454,CORN,481.0,-450000000.0,notional_at_entry,short,-740436.0,short,477322525.13,0
2023-08-10 00:00:00+00:00,455,CORN,483.25,-450000000.0,notional_at_entry,short,-740436.0,short,475656544.13,0
2023-08-11 00:00:00+00:00,456,CORN,474.5,-450000000.0,notional_at_entry,short,-740436.0,short,482135359.13,0
2023-08-14 00:00:00+00:00,457,CORN,475.75,-450000000.0,notional_at_entry,short,-740436.0,short,481209814.13,0
2023-08-15 00:00:00+00:00,458,CORN,464.0,-450000000.0,notional_at_entry,short,-740436.0,short,489909937.13,0
2023-08-16 00:00:00+00:00,459,CORN,469.5,-450000000.0,notional_at_entry,short,-740436.0,short,485837539.13,0
2023-08-17 00:00:00+00:00,460,CORN,473.0,-450000000.0,notional_at_entry,short,-740436.0,short,483246013.13,0
2023-08-18 00:00:00+00:00,461,CORN,479.5,-450000000.0,notional_at_entry,short,-740436.0,short,478433179.13,0
2023-08-21 00:00:00+00:00,462,CORN,469.25,-450000000.0,notional_at_entry,short,-740436.0,short,486022648.13,0
2023-08-22 00:00:00+00:00,463,CORN,466.5,-450000000.0,notional_at_entry,short,-740436.0,short,488058847.13,0
2023-08-23 00:00:00+00:00,464,CORN,476.25,-450000000.0,notional_at_entry,short,-740436.0,short,480839596.13,0
2023-08-24 00:00:00+00:00,465,CORN,472.25,-450000000.0,notional_at_entry,short,-740436.0,short,483801340.13,0
2023-08-25 00:00:00+00:00,466,CORN,470.75,-450000000.0,notional_at_entry,short,-740436.0,short,484911994.13,0
2023-08-28 00:00:00+00:00,467,CORN,478.5,-450000000.0,notional_at_entry,short,-740436.0,short,479173615.13,0
2023-08-29 00:00:00+00:00,468,CORN,469.5,-450000000.0,notional_at_entry,short,-740436.0,short,485837539.13,0
2023-08-30 00:00:00+00:00,469,CORN,461.75,-450000000.0,notional_at_entry,short,-740436.0,short,491575918.13,0
2023-08-31 00:00:00+00:00,470,CORN,461.0,-450000000.0,notional_at_entry,short,-740436.0,short,492131245.13,0
2023-09-01 00:00:00+00:00,471,CORN,464.75,-450000000.0,notional_at_entry,short,-740436.0,short,489354610.13,0
2023-09-05 00:00:00+00:00,472,CORN,471.0,-450000000.0,notional_at_entry,short,-740436.0,short,484726885.13,0
2023-09-06 00:00:00+00:00,473,CORN,471.5,300000000.0,notional_at_entry,long,636267.0,long,484356667.13,1
2023-09-07 00:00:00+00:00,474,CORN,470.75,300000000.0,notional_at_entry,long,636267.0,long,483879466.88,0
2023-09-08 00:00:00+00:00,475,CORN,468.5,-300000000.0,notional_at_entry,short,-640341.0,short,482447866.13,1
2023-09-11 00:00:00+00:00,476,CORN,471.25,-300000000.0,notional_at_entry,short,-640341.0,short,480686928.38,0
2023-09-12 00:00:00+00:00,477,CORN,463.25,-300000000.0,notional_at_entry,short,-640341.0,short,485809656.38,0
2023-09-13 00:00:00+00:00,478,CORN,464.0,-300000000.0,notional_at_entry,short,-640341.0,short,485329400.63,0
2023-09-14 00:00:00+00:00,479,CORN,462.5,-300000000.0,notional_at_entry,short,-640341.0,short,486289912.13,0
2023-09-15 00:00:00+00:00,480,CORN,476.25,-300000000.0,notional_at_entry,short,-640341.0,short,477485223.38,0
2023-09-18 00:00:00+00:00,481,CORN,471.5,-300000000.0,notional_at_entry,short,-640341.0,short,480526843.13,0
2023-09-19 00:00:00+00:00,482,CORN,476.25,-300000000.0,notional_at_entry,short,-640341.0,short,477485223.38,0
2023-09-20 00:00:00+00:00,483,CORN,482.25,-300000000.0,notional_at_entry,short,-640341.0,short,473643177.38,0
2023-09-21 00:00:00+00:00,484,CORN,475.25,-300000000.0,notional_at_entry,short,-640341.0,short,478125564.38,0
2023-09-22 00:00:00+00:00,485,CORN,477.25,-300000000.0,notional_at_entry,short,-640341.0,short,476844882.38,0
2023-09-25 00:00:00+00:00,486,CORN,481.25,-300000000.0,notional_at_entry,short,-640341.0,short,474283518.38,0
2023-09-26 00:00:00+00:00,487,CORN,479.75,-300000000.0,notional_at_entry,short,-640341.0,short,475244029.88,0
2023-09-27 00:00:00+00:00,488,CORN,483.25,-300000000.0,notional_at_entry,short,-640341.0,short,473002836.38,0
2023-09-28 00:00:00+00:00,489,CORN,488.5,-300000000.0,notional_at_entry,short,-640341.0,short,469641046.13,0
2023-09-29 00:00:00+00:00,490,CORN,476.75,300000000.0,notional_at_entry,long,629260.0,long,477165052.88,1
2023-10-02 00:00:00+00:00,491,CORN,488.75,300000000.0,notional_at_entry,long,629260.0,long,484716172.88,0
2023-10-03 00:00:00+00:00,492,CORN,487.5,300000000.0,notional_at_entry,long,629260.0,long,483929597.88,0
2023-10-04 00:00:00+00:00,493,CORN,486.0,300000000.0,notional_at_entry,long,629260.0,long,482985707.88,0
2023-10-05 00:00:00+00:00,494,CORN,497.5,300000000.0,notional_at_entry,long,629260.0,long,490222197.88,0
2023-10-06 00:00:00+00:00,495,CORN,492.0,300000000.0,notional_at_entry,long,629260.0,long,486761267.88,0
2023-10-09 00:00:00+00:00,496,CORN,488.25,300000000.0,notional_at_entry,long,629260.0,long,484401542.88,0
2023-10-10 00:00:00+00:00,497,CORN,485.5,300000000.0,notional_at_entry,long,629260.0,long,482671077.88,0
2023-10-11 00:00:00+00:00,498,CORN,488.0,300000000.0,notional_at_entry,long,629260.0,long,484244227.88,0
2023-10-12 00:00:00+00:00,499,CORN,496.0,300000000.0,notional_at_entry,long,629260.0,long,489278307.88,0
2023-10-13 00:00:00+00:00,500,CORN,493.25,300000000.0,notional_at_entry,long,629260.0,long,487547842.88,0
2023-10-16 00:00:00+00:00,501,CORN,490.0,300000000.0,notional_at_entry,long,629260.0,long,485502747.88,0
2023-10-17 00:00:00+00:00,502,CORN,489.0,300000000.0,notional_at_entry,long,629260.0,long,484873487.88,0
2023-10-18 00:00:00+00:00,503,CORN,492.0,300000000.0,notional_at_entry,long,629260.0,long,486761267.88,0
2023-10-19 00:00:00+00:00,504,CORN,505.0,300000000.0,notional_at_entry,long,629260.0,long,494941647.88,0
2023-10-20 00:00:00+00:00,505,CORN,495.5,300000000.0,notional_at_entry,long,629260.0,long,488963677.88,0
2023-10-23 00:00:00+00:00,506,CORN,490.25,300000000.0,notional_at_entry,long,629260.0,long,485660062.88,0
2023-10-24 00:00:00+00:00,507,CORN,484.0,-300000000.0,notional_at_entry,short,-619834.0,short,481727187.88,1
2023-10-25 00:00:00+00:00,508,CORN,480.0,-300000000.0,notional_at_entry,short,-619834.0,short,484206523.88,0
2023-10-26 00:00:00+00:00,509,CORN,479.25,-300000000.0,notional_at_entry,short,-619834.0,short,484671399.38,0
2023-10-27 00:00:00+00:00,510,CORN,480.75,-300000000.0,notional_at_entry,short,-619834.0,short,483741648.38,0
2023-10-30 00:00:00+00:00,511,CORN,478.25,-300000000.0,notional_at_entry,short,-619834.0,short,485291233.38,0
2023-10-31 00:00:00+00:00,512,CORN,478.75,-300000000.0,notional_at_entry,short,-619834.0,short,484981316.38,0
2023-11-01 00:00:00+00:00,513,CORN,475.0,-300000000.0,notional_at_entry,short,-619834.0,short,487305693.88,0
2023-11-02 00:00:00+00:00,514,CORN,470.0,-300000000.0,notional_at_entry,short,-619834.0,short,490404863.88,0
2023-11-03 00:00:00+00:00,515,CORN,477.25,-300000000.0,notional_at_entry,short,-619834.0,short,485911067.38,0
2023-11-06 00:00:00+00:00,516,CORN,477.25,-300000000.0,notional_at_entry,short,-619834.0,short,485911067.38,0
2023-11-07 00:00:00+00:00,517,CORN,468.5,300000000.0,notional_at_entry,long,640341.0,long,491334614.88,1
2023-11-08 00:00:00+00:00,518,CORN,476.0,300000000.0,notional_at_entry,long,640341.0,long,496137172.38,0
2023-11-09 00:00:00+00:00,519,CORN,468.0,300000000.0,notional_at_entry,long,640341.0,long,491014444.38,0
2023-11-10 00:00:00+00:00,520,CORN,464.0,300000000.0,notional_at_entry,long,640341.0,long,488453080.38,0
2023-11-13 00:00:00+00:00,521,CORN,477.25,300000000.0,notional_at_entry,long,640341.0,long,496937598.63,0
2023-11-14 00:00:00+00:00,522,CORN,478.25,300000000.0,notional_at_entry,long,640341.0,long,497577939.63,0
2023-11-15 00:00:00+00:00,523,CORN,488.5,300000000.0,notional_at_entry,long,640341.0,long,504141434.88,0
2023-11-16 00:00:00+00:00,524,CORN,493.25,300000000.0,notional_at_entry,long,640341.0,long,507183054.63,0
2023-11-17 00:00:00+00:00,525,CORN,485.25,300000000.0,notional_at_entry,long,640341.0,long,502060326.63,0
2023-11-20 00:00:00+00:00,526,CORN,487.5,300000000.0,notional_at_entry,long,640341.0,long,503501093.88,0
2023-11-21 00:00:00+00:00,527,CORN,489.0,300000000.0,notional_at_entry,long,640341.0,long,504461605.38,0
2023-11-22 00:00:00+00:00,528,CORN,487.75,300000000.0,notional_at_entry,long,640341.0,long,503661179.13,0
2023-11-24 00:00:00+00:00,529,CORN,482.5,300000000.0,notional_at_entry,long,640341.0,long,500299388.88,0
2023-11-27 00:00:00+00:00,530,CORN,475.25,300000000.0,notional_at_entry,long,640341.0,long,495656916.63,0
2023-11-28 00:00:00+00:00,531,CORN,473.5,300000000.0,notional_at_entry,long,640341.0,long,494536319.88,0
2023-11-29 00:00:00+00:00,532,CORN,475.75,300000000.0,notional_at_entry,long,640341.0,long,495977087.13,0
2023-11-30 00:00:00+00:00,533,CORN,482.75,300000000.0,notional_at_entry,long,640341.0,long,500459474.13,0
2023-12-01 00:00:00+00:00,534,CORN,464.5,-300000000.0,notional_at_entry,short,-645855.0,short,488773250.88,1
2023-12-04 00:00:00+00:00,535,CORN,460.25,-300000000.0,notional_at_entry,short,-645855.0,short,491518134.63,0
2023-12-05 00:00:00+00:00,536,CORN,468.5,-300000000.0,notional_at_entry,short,-645855.0,short,486189830.88,0
2023-12-06 00:00:00+00:00,537,CORN,464.75,-300000000.0,notional_at_entry,short,-645855.0,short,488611787.13,0
2023-12-07 00:00:00+00:00,538,CORN,468.25,-300000000.0,notional_at_entry,short,-645855.0,short,486351294.63,0
2023-12-08 00:00:00+00:00,539,CORN,465.75,-300000000.0,notional_at_entry,short,-645855.0,short,487965932.13,0
2023-12-11 00:00:00+00:00,540,CORN,460.5,-300000000.0,notional_at_entry,short,-645855.0,short,491356670.88,0
2023-12-12 00:00:00+00:00,541,CORN,462.5,-300000000.0,notional_at_entry,short,-645855.0,short,490064960.88,0
2023-12-13 00:00:00+00:00,542,CORN,456.75,-300000000.0,notional_at_entry,short,-645855.0,short,493778627.13,0
2023-12-14 00:00:00+00:00,543,CORN,456.75,-300000000.0,notional_at_entry,short,-645855.0,short,493778627.13,0
2023-12-15 00:00:00+00:00,544,CORN,483.0,300000000.0,notional_at_entry,long,621118.0,long,476824933.38,1
2023-12-18 00:00:00+00:00,545,CORN,477.0,300000000.0,notional_at_entry,long,621118.0,long,473098225.38,0
2023-12-19 00:00:00+00:00,546,CORN,472.75,300000000.0,notional_at_entry,long,621118.0,long,470458473.88,0
2023-12-20 00:00:00+00:00,547,CORN,469.75,300000000.0,notional_at_entry,long,621118.0,long,468595119.88,0
2023-12-21 00:00:00+00:00,548,CORN,472.5,300000000.0,notional_at_entry,long,621118.0,long,470303194.38,0
2023-12-22 00:00:00+00:00,549,CORN,473.0,300000000.0,notional_at_entry,long,621118.0,long,470613753.38,0
2023-12-26 00:00:00+00:00,550,CORN,480.25,300000000.0,notional_at_entry,long,621118.0,long,475116858.88,0
2023-12-27 00:00:00+00:00,551,CORN,476.5,300000000.0,notional_at_entry,long,621118.0,long,472787666.38,0
2023-12-28 00:00:00+00:00,552,CORN,474.25,300000000.0,notional_at_entry,long,621118.0,long,471390150.88,0
2023-12-29 00:00:00+00:00,553,CORN,471.25,300000000.0,notional_at_entry,long,621118.0,long,469526796.88,0
2024-01-02 00:00:00+00:00,554,CORN,463.75,300000000.0,notional_at_entry,long,621118.0,long,464868411.88,0
2024-01-03 00:00:00+00:00,555,CORN,465.25,300000000.0,notional_at_entry,long,621118.0,long,465800088.88,0
2024-01-04 00:00:00+00:00,556,CORN,466.5,300000000.0,notional_at_entry,long,621118.0,long,466576486.38,0
2024-01-05 00:00:00+00:00,557,CORN,460.75,300000000.0,notional_at_entry,long,621118.0,long,463005057.88,0
2024-01-08 00:00:00+00:00,558,CORN,455.0,300000000.0,notional_at_entry,long,621118.0,long,459433629.38,0
2024-01-09 00:00:00+00:00,559,CORN,459.25,300000000.0,notional_at_entry,long,621118.0,long,462073380.88,0
2024-01-10 00:00:00+00:00,560,CORN,459.5,300000000.0,notional_at_entry,long,621118.0,long,462228660.38,0
2024-01-11 00:00:00+00:00,561,CORN,457.75,300000000.0,notional_at_entry,long,621118.0,long,461141703.88,0
2024-01-12 00:00:00+00:00,562,CORN,447.0,300000000.0,notional_at_entry,long,621118.0,long,454464685.38,0
2024-01-16 00:00:00+00:00,563,CORN,443.5,300000000.0,notional_at_entry,long,621118.0,long,452290772.38,0
2024-01-17 00:00:00+00:00,564,CORN,442.25,450000000.0,notional_at_entry,long,621118.0,long,451514374.88,0
2024-01-18 00:00:00+00:00,565,CORN,444.0,450000000.0,notional_at_entry,long,621118.0,long,452601331.38,0
2024-01-19 00:00:00+00:00,566,CORN,445.5,-300000000.0,notional_at_entry,short,-673400.0,short,453533008.38,1
2024-01-22 00:00:00+00:00,567,CORN,445.75,-300000000.0,notional_at_entry,short,-673400.0,short,453364658.38,0
2024-01-23 00:00:00+00:00,568,CORN,446.5,-300000000.0,notional_at_entry,short,-673400.0,short,452859608.38,0
2024-01-24 00:00:00+00:00,569,CORN,452.25,300000000.0,notional_at_entry,long,663349.0,long,448987558.38,1
2024-01-25 00:00:00+00:00,570,CORN,451.75,300000000.0,notional_at_entry,long,663349.0,long,448655883.88,0
2024-01-26 00:00:00+00:00,571,CORN,446.25,300000000.0,notional_at_entry,long,663349.0,long,445007464.38,0
2024-01-29 00:00:00+00:00,572,CORN,440.25,300000000.0,notional_at_entry,long,663349.0,long,441027370.38,0
2024-01-30 00:00:00+00:00,573,CORN,447.75,300000000.0,notional_at_entry,long,663349.0,long,446002487.88,0
2024-01-31 00:00:00+00:00,574,CORN,448.25,300000000.0,notional_at_entry,long,663349.0,long,446334162.38,0
2024-02-01 00:00:00+00:00,575,CORN,447.25,300000000.0,notional_at_entry,long,663349.0,long,445670813.38,0
2024-02-02 00:00:00+00:00,576,CORN,442.75,300000000.0,notional_at_entry,long,663349.0,long,442685742.88,0
2024-02-05 00:00:00+00:00,577,CORN,442.75,300000000.0,notional_at_entry,long,663349.0,long,442685742.88,0
2024-02-06 00:00:00+00:00,578,CORN,438.75,300000000.0,notional_at_entry,long,663349.0,long,440032346.88,0
2024-02-07 00:00:00+00:00,579,CORN,434.25,300000000.0,notional_at_entry,long,663349.0,long,437047276.38,0
2024-02-08 00:00:00+00:00,580,CORN,433.25,300000000.0,notional_at_entry,long,663349.0,long,436383927.38,0
2024-02-09 00:00:00+00:00,581,CORN,429.0,300000000.0,notional_at_entry,long,663349.0,long,433564694.13,0
2024-02-12 00:00:00+00:00,582,CORN,430.5,300000000.0,notional_at_entry,long,663349.0,long,434559717.63,0
2024-02-13 00:00:00+00:00,583,CORN,430.75,300000000.0,notional_at_entry,long,663349.0,long,434725554.88,0
2024-02-14 00:00:00+00:00,584,CORN,424.25,300000000.0,notional_at_entry,long,663349.0,long,430413786.38,0
2024-02-15 00:00:00+00:00,585,CORN,417.75,300000000.0,notional_at_entry,long,663349.0,long,426102017.88,0
2024-02-16 00:00:00+00:00,586,CORN,416.5,300000000.0,notional_at_entry,long,663349.0,long,425272831.63,0
2024-02-20 00:00:00+00:00,587,CORN,418.75,300000000.0,notional_at_entry,long,663349.0,long,426765366.88,0
2024-02-21 00:00:00+00:00,588,CORN,411.0,300000000.0,notional_at_entry,long,663349.0,long,421624412.13,0
2024-02-22 00:00:00+00:00,589,CORN,406.0,300000000.0,notional_at_entry,long,663349.0,long,418307667.13,0
2024-02-23 00:00:00+00:00,590,CORN,399.75,300000000.0,notional_at_entry,long,663349.0,long,414161735.88,0
2024-02-26 00:00:00+00:00,591,CORN,407.0,300000000.0,notional_at_entry,long,663349.0,long,418971016.13,0
2024-02-27 00:00:00+00:00,592,CORN,423.5,300000000.0,notional_at_entry,long,663349.0,long,429916274.63,0
2024-02-28 00:00:00+00:00,593,CORN,428.5,-300000000.0,notional_at_entry,short,-700116.0,short,433233019.63,1
2024-02-29 00:00:00+00:00,594,CORN,429.5,-300000000.0,notional_at_entry,short,-700116.0,short,432532903.63,0
2024-03-01 00:00:00+00:00,595,CORN,412.25,-300000000.0,notional_at_entry,short,-700116.0,short,444609904.63,0
2024-03-04 00:00:00+00:00,596,CORN,417.5,-300000000.0,notional_at_entry,short,-700116.0,short,440934295.63,0
2024-03-05 00:00:00+00:00,597,CORN,413.5,300000000.0,notional_at_entry,long,725513.0,long,443734759.63,1
2024-03-06 00:00:00+00:00,598,CORN,418.0,300000000.0,notional_at_entry,long,725513.0,long,446999568.13,0
2024-03-07 00:00:00+00:00,599,CORN,426.0,300000000.0,notional_at_entry,long,725513.0,long,452803672.13,0
2024-03-08 00:00:00+00:00,600,CORN,426.25,300000000.0,notional_at_entry,long,725513.0,long,452985050.38,0
2024-03-11 00:00:00+00:00,601,CORN,428.25,300000000.0,notional_at_entry,long,725513.0,long,454436076.38,0
2024-03-12 00:00:00+00:00,602,CORN,429.0,300000000.0,notional_at_entry,long,725513.0,long,454980211.13,0
2024-03-13 00:00:00+00:00,603,CORN,426.5,300000000.0,notional_at_entry,long,725513.0,long,453166428.63,0
2024-03-14 00:00:00+00:00,604,CORN,422.5,300000000.0,notional_at_entry,long,725513.0,long,450264376.63,0
2024-03-15 00:00:00+00:00,605,CORN,436.75,-300000000.0,notional_at_entry,short,-686891.0,short,460602936.88,1
2024-03-18 00:00:00+00:00,606,CORN,436.0,-300000000.0,notional_at_entry,short,-686891.0,short,461118105.13,0
2024-03-19 00:00:00+00:00,607,CORN,439.5,-300000000.0,notional_at_entry,short,-686891.0,short,458713986.63,0
2024-03-20 00:00:00+00:00,608,CORN,439.0,-300000000.0,notional_at_entry,short,-686891.0,short,459057432.13,0
2024-03-21 00:00:00+00:00,609,CORN,440.75,-300000000.0,notional_at_entry,short,-686891.0,short,457855372.88,0
2024-03-22 00:00:00+00:00,610,CORN,439.25,-300000000.0,notional_at_entry,short,-686891.0,short,458885709.38,0
2024-03-25 00:00:00+00:00,611,CORN,437.75,-300000000.0,notional_at_entry,short,-686891.0,short,459916045.88,0
2024-03-26 00:00:00+00:00,612,CORN,432.5,-300000000.0,notional_at_entry,short,-686891.0,short,463522223.63,0
2024-03-27 00:00:00+00:00,613,CORN,426.75,-300000000.0,notional_at_entry,short,-686891.0,short,467471846.88,0
2024-03-28 00:00:00+00:00,614,CORN,442.0,300000000.0,notional_at_entry,long,678733.0,long,456996759.13,1
2024-03-29 00:00:00+00:00,615,CORN,442.25,300000000.0,notional_at_entry,long,678733.0,long,457166442.38,0
2024-04-01 00:00:00+00:00,616,CORN,435.5,300000000.0,notional_at_entry,long,678733.0,long,452584994.63,0
2024-04-02 00:00:00+00:00,617,CORN,426.5,-300000000.0,notional_at_entry,short,-703399.0,short,446476397.63,1
2024-04-03 00:00:00+00:00,618,CORN,431.75,-300000000.0,notional_at_entry,short,-703399.0,short,442783552.88,0
2024-04-04 00:00:00+00:00,619,CORN,435.25,300000000.0,notional_at_entry,long,689259.0,long,440321656.38,1
2024-04-05 00:00:00+00:00,620,CORN,434.25,300000000.0,notional_at_entry,long,689259.0,long,439632397.38,0
2024-04-08 00:00:00+00:00,621,CORN,435.5,300000000.0,notional_at_entry,long,689259.0,long,440493971.13,0
2024-04-09 00:00:00+00:00,622,CORN,431.25,300000000.0,notional_at_entry,long,689259.0,long,437564620.38,0
2024-04-10 00:00:00+00:00,623,CORN,434.25,300000000.0,notional_at_entry,long,689259.0,long,439632397.38,0
2024-04-11 00:00:00+00:00,624,CORN,428.75,300000000.0,notional_at_entry,long,689259.0,long,435841472.88,0
2024-04-12 00:00:00+00:00,625,CORN,435.5,300000000.0,notional_at_entry,long,689259.0,long,440493971.13,0
2024-04-15 00:00:00+00:00,626,CORN,431.5,300000000.0,notional_at_entry,long,689259.0,long,437736935.13,0
2024-04-16 00:00:00+00:00,627,CORN,431.0,300000000.0,notional_at_entry,long,689259.0,long,437392305.63,0
2024-04-17 00:00:00+00:00,628,CORN,441.0,-300000000.0,notional_at_entry,short,-680272.0,short,444284895.63,1
2024-04-18 00:00:00+00:00,629,CORN,426.75,-300000000.0,notional_at_entry,short,-680272.0,short,453978771.63,0
2024-04-19 00:00:00+00:00,630,CORN,443.0,-300000000.0,notional_at_entry,short,-680272.0,short,442924351.63,0
2024-04-22 00:00:00+00:00,631,CORN,439.75,-300000000.0,notional_at_entry,short,-680272.0,short,445135235.63,0
2024-04-23 00:00:00+00:00,632,CORN,452.5,-300000000.0,notional_at_entry,short,-680272.0,short,436461767.63,0
2024-04-24 00:00:00+00:00,633,CORN,448.5,-300000000.0,notional_at_entry,short,-680272.0,short,439182855.63,0
2024-04-25 00:00:00+00:00,634,CORN,441.0,-300000000.0,notional_at_entry,short,-680272.0,short,444284895.63,0
2024-04-26 00:00:00+00:00,635,CORN,450.0,-300000000.0,notional_at_entry,short,-680272.0,short,438162447.63,0
2024-04-29 00:00:00+00:00,636,CORN,449.25,450000000.0,notional_at_entry,long,1001669.0,long,438672651.63,1
2024-04-30 00:00:00+00:00,637,CORN,446.75,450000000.0,notional_at_entry,long,1001669.0,long,436168479.13,0
2024-05-01 00:00:00+00:00,638,CORN,450.75,450000000.0,notional_at_entry,long,1001669.0,long,440175155.13,0
2024-05-02 00:00:00+00:00,639,CORN,459.75,450000000.0,notional_at_entry,long,1001669.0,long,449190176.13,0
2024-05-03 00:00:00+00:00,640,CORN,460.25,450000000.0,notional_at_entry,long,1001669.0,long,449691010.63,0
2024-05-06 00:00:00+00:00,641,CORN,457.0,450000000.0,notional_at_entry,long,1001669.0,long,446435586.38,0
2024-05-07 00:00:00+00:00,642,CORN,453.75,450000000.0,notional_at_entry,long,1001669.0,long,443180162.13,0
2024-05-08 00:00:00+00:00,643,CORN,445.5,450000000.0,notional_at_entry,long,1001669.0,long,434916392.88,0
2024-05-09 00:00:00+00:00,644,CORN,442.75,450000000.0,notional_at_entry,long,1001669.0,long,432161803.13,0
2024-05-10 00:00:00+00:00,645,CORN,455.75,450000000.0,notional_at_entry,long,1001669.0,long,445183500.13,0
2024-05-13 00:00:00+00:00,646,CORN,458.5,450000000.0,notional_at_entry,long,1001669.0,long,447938089.88,0
2024-05-14 00:00:00+00:00,647,CORN,453.75,450000000.0,notional_at_entry,long,1001669.0,long,443180162.13,0
2024-05-15 00:00:00+00:00,648,CORN,462.5,450000000.0,notional_at_entry,long,1001669.0,long,451944765.88,0
2024-05-16 00:00:00+00:00,649,CORN,457.0,450000000.0,notional_at_entry,long,1001669.0,long,446435586.38,0
2024-05-17 00:00:00+00:00,650,CORN,452.5,450000000.0,notional_at_entry,long,1001669.0,long,441928075.88,0
2024-05-20 00:00:00+00:00,651,CORN,460.5,-450000000.0,notional_at_entry,short,-977198.0,short,449941427.88,1
2024-05-21 00:00:00+00:00,652,CORN,458.0,-450000000.0,notional_at_entry,short,-977198.0,short,452384422.88,0
2024-05-22 00:00:00+00:00,653,CORN,461.25,-300000000.0,notional_at_entry,short,-977198.0,short,449208529.38,0
2024-05-23 00:00:00+00:00,654,CORN,464.0,-300000000.0,notional_at_entry,short,-977198.0,short,446521234.88,0
2024-05-24 00:00:00+00:00,655,CORN,464.75,-300000000.0,notional_at_entry,short,-977198.0,short,445788336.38,0
2024-05-28 00:00:00+00:00,656,CORN,462.5,-300000000.0,notional_at_entry,short,-977198.0,short,447987031.88,0
2024-05-29 00:00:00+00:00,657,CORN,455.25,-300000000.0,notional_at_entry,short,-977198.0,short,455071717.38,0
2024-05-30 00:00:00+00:00,658,CORN,448.75,-300000000.0,notional_at_entry,short,-977198.0,short,461423504.38,0
2024-05-31 00:00:00+00:00,659,CORN,446.25,-300000000.0,notional_at_entry,short,-977198.0,short,463866499.38,0
2024-06-03 00:00:00+00:00,660,CORN,443.5,-300000000.0,notional_at_entry,short,-977198.0,short,466553793.88,0
2024-06-04 00:00:00+00:00,661,CORN,442.5,-300000000.0,notional_at_entry,short,-977198.0,short,467530991.88,0
2024-06-05 00:00:00+00:00,662,CORN,439.25,-300000000.0,notional_at_entry,short,-977198.0,short,470706885.38,0
2024-06-06 00:00:00+00:00,663,CORN,452.0,-300000000.0,notional_at_entry,short,-977198.0,short,458247610.88,0
2024-06-07 00:00:00+00:00,664,CORN,448.75,-300000000.0,notional_at_entry,short,-977198.0,short,461423504.38,0
2024-06-10 00:00:00+00:00,665,CORN,451.75,-300000000.0,notional_at_entry,short,-977198.0,short,458491910.38,0
2024-06-11 00:00:00+00:00,666,CORN,449.5,-300000000.0,notional_at_entry,short,-977198.0,short,460690605.88,0
2024-06-12 00:00:00+00:00,667,CORN,454.25,-300000000.0,notional_at_entry,short,-977198.0,short,456048915.38,0
2024-06-13 00:00:00+00:00,668,CORN,458.5,-300000000.0,notional_at_entry,short,-977198.0,short,451895823.88,0
2024-06-14 00:00:00+00:00,669,CORN,450.0,-300000000.0,notional_at_entry,short,-977198.0,short,460202006.88,0
2024-06-17 00:00:00+00:00,670,CORN,450.0,-300000000.0,notional_at_entry,short,-977198.0,short,460202006.88,0
2024-06-18 00:00:00+00:00,671,CORN,455.75,-300000000.0,notional_at_entry,short,-977198.0,short,454583118.38,0
2024-06-20 00:00:00+00:00,672,CORN,444.75,-300000000.0,notional_at_entry,short,-977198.0,short,465332296.38,0
2024-06-21 00:00:00+00:00,673,CORN,440.5,-300000000.0,notional_at_entry,short,-977198.0,short,469485387.88,0
2024-06-24 00:00:00+00:00,674,CORN,439.5,-300000000.0,notional_at_entry,short,-977198.0,short,470462585.88,0
2024-06-25 00:00:00+00:00,675,CORN,431.75,-300000000.0,notional_at_entry,short,-977198.0,short,478035870.38,0
2024-06-26 00:00:00+00:00,676,CORN,425.5,-300000000.0,notional_at_entry,short,-977198.0,short,484143357.88,0
2024-06-27 00:00:00+00:00,677,CORN,422.5,-300000000.0,notional_at_entry,short,-977198.0,short,487074951.88,0
2024-06-28 00:00:00+00:00,678,CORN,407.5,-300000000.0,notional_at_entry,short,-977198.0,short,501732921.88,0
2024-07-01 00:00:00+00:00,679,CORN,407.0,-300000000.0,notional_at_entry,short,-977198.0,short,502221520.88,0
2024-07-02 00:00:00+00:00,680,CORN,408.0,450000000.0,notional_at_entry,long,1102941.0,long,501244322.88,1
2024-07-03 00:00:00+00:00,681,CORN,405.5,450000000.0,notional_at_entry,long,1102941.0,long,498486970.38,0
2024-07-05 00:00:00+00:00,682,CORN,410.5,450000000.0,notional_at_entry,long,1102941.0,long,504001675.38,0
2024-07-08 00:00:00+00:00,683,CORN,393.25,450000000.0,notional_at_entry,long,1102941.0,long,484975943.13,0
2024-07-09 00:00:00+00:00,684,CORN,394.0,450000000.0,notional_at_entry,long,1102941.0,long,485803148.88,0
2024-07-10 00:00:00+00:00,685,CORN,395.75,450000000.0,notional_at_entry,long,1102941.0,long,487733295.63,0
2024-07-11 00:00:00+00:00,686,CORN,400.25,300000000.0,notional_at_entry,long,1102941.0,long,492696530.13,0
2024-07-12 00:00:00+00:00,687,CORN,402.0,300000000.0,notional_at_entry,long,1102941.0,long,494626676.88,0
2024-07-15 00:00:00+00:00,688,CORN,404.25,300000000.0,notional_at_entry,long,1102941.0,long,497108294.13,0
2024-07-16 00:00:00+00:00,689,CORN,408.75,300000000.0,notional_at_entry,long,1102941.0,long,502071528.63,0
2024-07-17 00:00:00+00:00,690,CORN,411.75,-300000000.0,notional_at_entry,short,-728597.0,short,505380351.63,1
2024-07-18 00:00:00+00:00,691,CORN,405.0,-300000000.0,notional_at_entry,short,-728597.0,short,510298381.38,0
2024-07-19 00:00:00+00:00,692,CORN,404.75,-300000000.0,notional_at_entry,short,-728597.0,short,510480530.63,0
2024-07-22 00:00:00+00:00,693,CORN,415.0,-300000000.0,notional_at_entry,short,-728597.0,short,503012411.38,0
2024-07-23 00:00:00+00:00,694,CORN,417.25,-300000000.0,notional_at_entry,short,-728597.0,short,501373068.13,0
2024-07-24 00:00:00+00:00,695,CORN,418.0,-300000000.0,notional_at_entry,short,-728597.0,short,500826620.38,0
2024-07-25 00:00:00+00:00,696,CORN,420.75,-300000000.0,notional_at_entry,short,-728597.0,short,498822978.63,0
2024-07-26 00:00:00+00:00,697,CORN,410.0,300000000.0,notional_at_entry,long,731707.0,long,506655396.38,1
2024-07-29 00:00:00+00:00,698,CORN,412.25,300000000.0,notional_at_entry,long,731707.0,long,508301737.13,0
2024-07-30 00:00:00+00:00,699,CORN,405.0,300000000.0,notional_at_entry,long,731707.0,long,502996861.38,0
2024-07-31 00:00:00+00:00,700,CORN,399.75,300000000.0,notional_at_entry,long,731707.0,long,499155399.63,0
2024-08-01 00:00:00+00:00,701,CORN,398.5,300000000.0,notional_at_entry,long,731707.0,long,498240765.88,0
2024-08-02 00:00:00+00:00,702,CORN,403.25,300000000.0,notional_at_entry,long,731707.0,long,501716374.13,0
2024-08-05 00:00:00+00:00,703,CORN,407.0,300000000.0,notional_at_entry,long,731707.0,long,504460275.38,0
2024-08-06 00:00:00+00:00,704,CORN,405.25,-300000000.0,notional_at_entry,short,-740283.0,short,503179788.13,1
2024-08-07 00:00:00+00:00,705,CORN,400.75,-300000000.0,notional_at_entry,short,-740283.0,short,506511061.63,0
2024-08-08 00:00:00+00:00,706,CORN,397.0,-300000000.0,notional_at_entry,short,-740283.0,short,509287122.88,0
2024-08-09 00:00:00+00:00,707,CORN,395.0,300000000.0,notional_at_entry,long,759493.0,long,510767688.88,1
2024-08-12 00:00:00+00:00,708,CORN,401.5,300000000.0,notional_at_entry,long,759493.0,long,515704393.38,0
2024-08-13 00:00:00+00:00,709,CORN,397.25,-300000000.0,notional_at_entry,short,-755191.0,short,512476548.13,1
2024-08-14 00:00:00+00:00,710,CORN,400.75,-300000000.0,notional_at_entry,short,-755191.0,short,509833379.63,0
2024-08-15 00:00:00+00:00,711,CORN,397.0,-300000000.0,notional_at_entry,short,-755191.0,short,512665345.88,0
2024-08-16 00:00:00+00:00,712,CORN,392.5,-300000000.0,notional_at_entry,short,-755191.0,short,516063705.38,0
2024-08-19 00:00:00+00:00,713,CORN,400.25,-300000000.0,notional_at_entry,short,-755191.0,short,510210975.13,0
2024-08-20 00:00:00+00:00,714,CORN,398.0,-300000000.0,notional_at_entry,short,-755191.0,short,511910154.88,0
2024-08-21 00:00:00+00:00,715,CORN,398.25,-300000000.0,notional_at_entry,short,-755191.0,short,511721357.13,0
2024-08-22 00:00:00+00:00,716,CORN,393.5,-300000000.0,notional_at_entry,short,-755191.0,short,515308514.38,0
2024-08-23 00:00:00+00:00,717,CORN,391.0,300000000.0,notional_at_entry,long,767263.0,long,517196491.88,1
2024-08-26 00:00:00+00:00,718,CORN,386.5,300000000.0,notional_at_entry,long,767263.0,long,513743808.38,0
2024-08-27 00:00:00+00:00,719,CORN,392.75,300000000.0,notional_at_entry,long,767263.0,long,518539202.13,0
2024-08-28 00:00:00+00:00,720,CORN,390.75,300000000.0,notional_at_entry,long,767263.0,long,517004676.13,0
2024-08-29 00:00:00+00:00,721,CORN,396.0,300000000.0,notional_at_entry,long,767263.0,long,521032806.88,0
2024-08-30 00:00:00+00:00,722,CORN,401.0,300000000.0,notional_at_entry,long,767263.0,long,524869121.88,0
2024-09-03 00:00:00+00:00,723,CORN,409.25,-300000000.0,notional_at_entry,short,-733048.0,short,531199041.63,1
2024-09-04 00:00:00+00:00,724,CORN,412.75,-300000000.0,notional_at_entry,short,-733048.0,short,528633373.63,0
2024-09-05 00:00:00+00:00,725,CORN,410.75,-300000000.0,notional_at_entry,short,-733048.0,short,530099469.63,0
2024-09-06 00:00:00+00:00,726,CORN,406.25,-300000000.0,notional_at_entry,short,-733048.0,short,533398185.63,0
2024-09-09 00:00:00+00:00,727,CORN,384.25,-300000000.0,notional_at_entry,short,-733048.0,short,549525241.63,0
2024-09-10 00:00:00+00:00,728,CORN,379.5,-300000000.0,notional_at_entry,short,-733048.0,short,553007219.63,0
2024-09-11 00:00:00+00:00,729,CORN,380.5,-300000000.0,notional_at_entry,short,-733048.0,short,552274171.63,0
2024-09-12 00:00:00+00:00,730,CORN,386.25,-300000000.0,notional_at_entry,short,-733048.0,short,548059145.63,0
2024-09-13 00:00:00+00:00,731,CORN,390.75,-300000000.0,notional_at_entry,short,-733048.0,short,544760429.63,0
2024-09-16 00:00:00+00:00,732,CORN,410.75,300000000.0,notional_at_entry,long,730371.0,long,530099469.63,1
2024-09-17 00:00:00+00:00,733,CORN,412.5,300000000.0,notional_at_entry,long,730371.0,long,531377618.88,0
2024-09-18 00:00:00+00:00,734,CORN,412.75,-450000000.0,notional_at_entry,short,-1090248.0,short,531560211.63,1
2024-09-19 00:00:00+00:00,735,CORN,405.75,-450000000.0,notional_at_entry,short,-1090248.0,short,539191947.63,0
2024-09-20 00:00:00+00:00,736,CORN,401.75,-450000000.0,notional_at_entry,short,-1090248.0,short,543552939.63,0
2024-09-23 00:00:00+00:00,737,CORN,413.5,-450000000.0,notional_at_entry,short,-1090248.0,short,530742525.63,0
2024-09-24 00:00:00+00:00,738,CORN,411.75,-450000000.0,notional_at_entry,short,-1090248.0,short,532650459.63,0
2024-09-25 00:00:00+00:00,739,CORN,415.25,-450000000.0,notional_at_entry,short,-1090248.0,short,528834591.63,0
2024-09-26 00:00:00+00:00,740,CORN,413.25,-450000000.0,notional_at_entry,short,-1090248.0,short,531015087.63,0
2024-09-27 00:00:00+00:00,741,CORN,418.0,-450000000.0,notional_at_entry,short,-1090248.0,short,525836409.63,0
2024-09-30 00:00:00+00:00,742,CORN,424.75,-450000000.0,notional_at_entry,short,-1090248.0,short,518477235.63,0
2024-10-01 00:00:00+00:00,743,CORN,429.0,-450000000.0,notional_at_entry,short,-1090248.0,short,513843681.63,0
2024-10-02 00:00:00+00:00,744,CORN,432.5,-450000000.0,notional_at_entry,short,-1090248.0,short,510027813.63,0
2024-10-03 00:00:00+00:00,745,CORN,428.25,-450000000.0,notional_at_entry,short,-1090248.0,short,514661367.63,0
2024-10-04 00:00:00+00:00,746,CORN,424.75,-450000000.0,notional_at_entry,short,-1090248.0,short,518477235.63,0
2024-10-07 00:00:00+00:00,747,CORN,426.0,-450000000.0,notional_at_entry,short,-1090248.0,short,517114425.63,0
2024-10-08 00:00:00+00:00,748,CORN,420.75,-450000000.0,notional_at_entry,short,-1090248.0,short,522838227.63,0
2024-10-09 00:00:00+00:00,749,CORN,421.0,-300000000.0,notional_at_entry,short,-1090248.0,short,522565665.63,0
2024-10-10 00:00:00+00:00,750,CORN,418.5,-300000000.0,notional_at_entry,short,-1090248.0,short,525291285.63,0
2024-10-11 00:00:00+00:00,751,CORN,415.75,-300000000.0,notional_at_entry,short,-1090248.0,short,528289467.63,0
2024-10-14 00:00:00+00:00,752,CORN,408.25,-300000000.0,notional_at_entry,short,-1090248.0,short,536466327.63,0
2024-10-15 00:00:00+00:00,753,CORN,401.25,-300000000.0,notional_at_entry,short,-1090248.0,short,544098063.63,0
2024-10-16 00:00:00+00:00,754,CORN,404.75,-300000000.0,notional_at_entry,short,-1090248.0,short,540282195.63,0
2024-10-17 00:00:00+00:00,755,CORN,406.75,300000000.0,notional_at_entry,long,737553.0,long,538101699.63,1
2024-10-18 00:00:00+00:00,756,CORN,404.75,300000000.0,notional_at_entry,long,737553.0,long,536626593.63,0
2024-10-21 00:00:00+00:00,757,CORN,409.5,300000000.0,notional_at_entry,long,737553.0,long,540129970.38,0
2024-10-22 00:00:00+00:00,758,CORN,416.5,300000000.0,notional_at_entry,long,737553.0,long,545292841.38,0
2024-10-23 00:00:00+00:00,759,CORN,419.0,300000000.0,notional_at_entry,long,737553.0,long,547136723.88,0
2024-10-24 00:00:00+00:00,760,CORN,421.5,300000000.0,notional_at_entry,long,737553.0,long,548980606.38,0
2024-10-25 00:00:00+00:00,761,CORN,415.25,300000000.0,notional_at_entry,long,737553.0,long,544370900.13,0
2024-10-28 00:00:00+00:00,762,CORN,410.75,300000000.0,notional_at_entry,long,737553.0,long,541051911.63,0
2024-10-29 00:00:00+00:00,763,CORN,413.75,300000000.0,notional_at_entry,long,737553.0,long,543264570.63,0
2024-10-30 00:00:00+00:00,764,CORN,411.5,300000000.0,notional_at_entry,long,737553.0,long,541605076.38,0
2024-10-31 00:00:00+00:00,765,CORN,410.75,300000000.0,notional_at_entry,long,737553.0,long,541051911.63,0
2024-11-01 00:00:00+00:00,766,CORN,414.5,300000000.0,notional_at_entry,long,737553.0,long,543817735.38,0
2024-11-04 00:00:00+00:00,767,CORN,416.5,300000000.0,notional_at_entry,long,737553.0,long,545292841.38,0
2024-11-05 00:00:00+00:00,768,CORN,418.5,-300000000.0,notional_at_entry,short,-716845.0,short,546767947.38,1
2024-11-06 00:00:00+00:00,769,CORN,426.25,-300000000.0,notional_at_entry,short,-716845.0,short,541212398.63,0
2024-11-07 00:00:00+00:00,770,CORN,427.5,300000000.0,notional_at_entry,long,701754.0,long,540316342.38,1
2024-11-08 00:00:00+00:00,771,CORN,431.0,300000000.0,notional_at_entry,long,701754.0,long,542772481.38,0
2024-11-11 00:00:00+00:00,772,CORN,430.0,-300000000.0,notional_at_entry,short,-697674.0,short,542070727.38,1
2024-11-12 00:00:00+00:00,773,CORN,428.5,-300000000.0,notional_at_entry,short,-697674.0,short,543117238.38,0
2024-11-13 00:00:00+00:00,774,CORN,426.5,-300000000.0,notional_at_entry,short,-697674.0,short,544512586.38,0
2024-11-14 00:00:00+00:00,775,CORN,419.0,-300000000.0,notional_at_entry,short,-697674.0,short,549745141.38,0
2024-11-15 00:00:00+00:00,776,CORN,424.0,-300000000.0,notional_at_entry,short,-697674.0,short,546256771.38,0
2024-11-18 00:00:00+00:00,777,CORN,439.75,-300000000.0,notional_at_entry,short,-697674.0,short,535268405.88,0
2024-11-19 00:00:00+00:00,778,CORN,437.75,-300000000.0,notional_at_entry,short,-697674.0,short,536663753.88,0
2024-11-20 00:00:00+00:00,779,CORN,440.0,-300000000.0,notional_at_entry,short,-697674.0,short,535093987.38,0
2024-11-21 00:00:00+00:00,780,CORN,436.25,-300000000.0,notional_at_entry,short,-697674.0,short,537710264.88,0
2024-11-22 00:00:00+00:00,781,CORN,435.25,300000000.0,notional_at_entry,long,689259.0,long,538407938.88,1
2024-11-25 00:00:00+00:00,782,CORN,433.0,300000000.0,notional_at_entry,long,689259.0,long,536857106.13,0
2024-11-26 00:00:00+00:00,783,CORN,428.0,300000000.0,notional_at_entry,long,689259.0,long,533410811.13,0
2024-11-27 00:00:00+00:00,784,CORN,428.0,300000000.0,notional_at_entry,long,689259.0,long,533410811.13,0
2024-11-29 00:00:00+00:00,785,CORN,433.0,300000000.0,notional_at_entry,long,689259.0,long,536857106.13,0
2024-12-02 00:00:00+00:00,786,CORN,432.5,300000000.0,notional_at_entry,long,689259.0,long,536512476.63,0
2024-12-03 00:00:00+00:00,787,CORN,432.25,300000000.0,notional_at_entry,long,689259.0,long,536340161.88,0
2024-12-04 00:00:00+00:00,788,CORN,430.0,300000000.0,notional_at_entry,long,689259.0,long,534789329.13,0
2024-12-05 00:00:00+00:00,789,CORN,435.0,300000000.0,notional_at_entry,long,689259.0,long,538235624.13,0
2024-12-06 00:00:00+00:00,790,CORN,440.0,300000000.0,notional_at_entry,long,689259.0,long,541681919.13,0
2024-12-09 00:00:00+00:00,791,CORN,441.75,300000000.0,notional_at_entry,long,689259.0,long,542888122.38,0
2024-12-10 00:00:00+00:00,792,CORN,449.0,300000000.0,notional_at_entry,long,689259.0,long,547885250.13,0
2024-12-11 00:00:00+00:00,793,CORN,448.25,300000000.0,notional_at_entry,long,689259.0,long,547368305.88,0
2024-12-12 00:00:00+00:00,794,CORN,431.75,300000000.0,notional_at_entry,long,689259.0,long,535995532.38,0
2024-12-13 00:00:00+00:00,795,CORN,430.0,300000000.0,notional_at_entry,long,689259.0,long,534789329.13,0
2024-12-16 00:00:00+00:00,796,CORN,445.0,300000000.0,notional_at_entry,long,689259.0,long,545128214.13,0
2024-12-17 00:00:00+00:00,797,CORN,443.5,300000000.0,notional_at_entry,long,689259.0,long,544094325.63,0
2024-12-18 00:00:00+00:00,798,CORN,437.25,300000000.0,notional_at_entry,long,689259.0,long,539786456.88,0
2024-12-19 00:00:00+00:00,799,CORN,440.75,300000000.0,notional_at_entry,long,689259.0,long,542198863.38,0
2024-12-20 00:00:00+00:00,800,CORN,446.25,300000000.0,notional_at_entry,long,689259.0,long,545989787.88,0
2024-12-23 00:00:00+00:00,801,CORN,447.75,300000000.0,notional_at_entry,long,689259.0,long,547023676.38,0
2024-12-24 00:00:00+00:00,802,CORN,448.5,300000000.0,notional_at_entry,long,689259.0,long,547540620.63,0
2024-12-25 00:00:00+00:00,803,CORN,448.5,300000000.0,notional_at_entry,long,689259.0,long,547540620.63,0
2024-12-26 00:00:00+00:00,804,CORN,453.75,300000000.0,notional_at_entry,long,689259.0,long,551159230.38,0
2024-12-27 00:00:00+00:00,805,CORN,454.0,300000000.0,notional_at_entry,long,689259.0,long,551331545.13,0
2024-12-30 00:00:00+00:00,806,CORN,452.25,300000000.0,notional_at_entry,long,689259.0,long,550125341.88,0
2024-12-31 00:00:00+00:00,807,CORN,458.5,300000000.0,notional_at_entry,long,689259.0,long,554433210.63,0
2025-01-01 00:00:00+00:00,808,CORN,458.75,300000000.0,notional_at_entry,long,689259.0,long,554605525.38,0
2025-01-02 00:00:00+00:00,809,CORN,459.5,-450000000.0,notional_at_entry,short,-979325.0,short,555122469.63,1
2025-01-03 00:00:00+00:00,810,CORN,450.75,-450000000.0,notional_at_entry,short,-979325.0,short,563691563.38,0
2025-01-06 00:00:00+00:00,811,CORN,457.75,-450000000.0,notional_at_entry,short,-979325.0,short,556836288.38,0
2025-01-07 00:00:00+00:00,812,CORN,458.0,-450000000.0,notional_at_entry,short,-979325.0,short,556591457.13,0
2025-01-08 00:00:00+00:00,813,CORN,454.0,-450000000.0,notional_at_entry,short,-979325.0,short,560508757.13,0
2025-01-09 00:00:00+00:00,814,CORN,456.0,300000000.0,notional_at_entry,long,657894.0,long,558550107.13,1
2025-01-10 00:00:00+00:00,815,CORN,470.5,300000000.0,notional_at_entry,long,657894.0,long,568089570.13,0
2025-01-13 00:00:00+00:00,816,CORN,476.5,-450000000.0,notional_at_entry,short,-944386.0,short,572036934.13,1
2025-01-14 00:00:00+00:00,817,CORN,474.5,-450000000.0,notional_at_entry,short,-944386.0,short,573925706.13,0
2025-01-15 00:00:00+00:00,818,CORN,478.75,-450000000.0,notional_at_entry,short,-944386.0,short,569912065.63,0
2025-01-16 00:00:00+00:00,819,CORN,474.5,-450000000.0,notional_at_entry,short,-944386.0,short,573925706.13,0
2025-01-17 00:00:00+00:00,820,CORN,484.25,-450000000.0,notional_at_entry,short,-944386.0,short,564717942.63,0
2025-01-21 00:00:00+00:00,821,CORN,490.0,300000000.0,notional_at_entry,long,612244.0,long,559287723.13,1
2025-01-22 00:00:00+00:00,822,CORN,484.25,300000000.0,notional_at_entry,long,612244.0,long,555767320.13,0
2025-01-23 00:00:00+00:00,823,CORN,489.75,300000000.0,notional_at_entry,long,612244.0,long,559134662.13,0
2025-01-24 00:00:00+00:00,824,CORN,486.5,300000000.0,notional_at_entry,long,612244.0,long,557144869.13,0
2025-01-27 00:00:00+00:00,825,CORN,482.0,300000000.0,notional_at_entry,long,612244.0,long,554389771.13,0
2025-01-28 00:00:00+00:00,826,CORN,485.25,300000000.0,notional_at_entry,long,612244.0,long,556379564.13,0
2025-01-29 00:00:00+00:00,827,CORN,497.0,300000000.0,notional_at_entry,long,612244.0,long,563573431.13,0
2025-01-30 00:00:00+00:00,828,CORN,490.25,300000000.0,notional_at_entry,long,612244.0,long,559440784.13,0
2025-01-31 00:00:00+00:00,829,CORN,482.0,300000000.0,notional_at_entry,long,612244.0,long,554389771.13,0
2025-02-03 00:00:00+00:00,830,CORN,488.75,300000000.0,notional_at_entry,long,612244.0,long,558522418.13,0
2025-02-04 00:00:00+00:00,831,CORN,494.5,300000000.0,notional_at_entry,long,612244.0,long,562042821.13,0
2025-02-05 00:00:00+00:00,832,CORN,493.25,300000000.0,notional_at_entry,long,612244.0,long,561277516.13,0
2025-02-06 00:00:00+00:00,833,CORN,495.25,300000000.0,notional_at_entry,long,612244.0,long,562502004.13,0
2025-02-07 00:00:00+00:00,834,CORN,487.5,300000000.0,notional_at_entry,long,612244.0,long,557757113.13,0
2025-02-10 00:00:00+00:00,835,CORN,491.5,300000000.0,notional_at_entry,long,612244.0,long,560206089.13,0
2025-02-11 00:00:00+00:00,836,CORN,484.0,300000000.0,notional_at_entry,long,612244.0,long,555614259.13,0
2025-02-12 00:00:00+00:00,837,CORN,490.25,300000000.0,notional_at_entry,long,612244.0,long,559440784.13,0
2025-02-13 00:00:00+00:00,838,CORN,493.5,300000000.0,notional_at_entry,long,612244.0,long,561430577.13,0
2025-02-14 00:00:00+00:00,839,CORN,496.25,300000000.0,notional_at_entry,long,612244.0,long,563114248.13,0
2025-02-18 00:00:00+00:00,840,CORN,515.75,300000000.0,notional_at_entry,long,612244.0,long,575053006.13,0
2025-02-19 00:00:00+00:00,841,CORN,512.25,300000000.0,notional_at_entry,long,612244.0,long,572910152.13,0
2025-02-20 00:00:00+00:00,842,CORN,512.75,300000000.0,notional_at_entry,long,612244.0,long,573216274.13,0
2025-02-21 00:00:00+00:00,843,CORN,505.0,300000000.0,notional_at_entry,long,612244.0,long,568471383.13,0
2025-02-24 00:00:00+00:00,844,CORN,497.0,300000000.0,notional_at_entry,long,612244.0,long,563573431.13,0
2025-02-25 00:00:00+00:00,845,CORN,494.25,300000000.0,notional_at_entry,long,612244.0,long,561889760.13,0
2025-02-26 00:00:00+00:00,846,CORN,493.5,300000000.0,notional_at_entry,long,612244.0,long,561430577.13,0
2025-02-27 00:00:00+00:00,847,CORN,481.0,300000000.0,notional_at_entry,long,612244.0,long,553777527.13,0
2025-02-28 00:00:00+00:00,848,CORN,469.5,300000000.0,notional_at_entry,long,612244.0,long,546736721.13,0
2025-03-03 00:00:00+00:00,849,CORN,456.25,300000000.0,notional_at_entry,long,612244.0,long,538624488.13,0
2025-03-04 00:00:00+00:00,850,CORN,451.5,-300000000.0,notional_at_entry,short,-664451.0,short,535716329.13,1
2025-03-05 00:00:00+00:00,851,CORN,455.75,-300000000.0,notional_at_entry,short,-664451.0,short,532892412.38,0
2025-03-06 00:00:00+00:00,852,CORN,464.0,-300000000.0,notional_at_entry,short,-664451.0,short,527410691.63,0
2025-03-07 00:00:00+00:00,853,CORN,469.25,-300000000.0,notional_at_entry,short,-664451.0,short,523922323.88,0
2025-03-10 00:00:00+00:00,854,CORN,458.75,-300000000.0,notional_at_entry,short,-664451.0,short,530899059.38,0
2025-03-11 00:00:00+00:00,855,CORN,456.5,-300000000.0,notional_at_entry,short,-664451.0,short,532394074.13,0
2025-03-12 00:00:00+00:00,856,CORN,448.75,-300000000.0,notional_at_entry,short,-664451.0,short,537543569.38,0
2025-03-13 00:00:00+00:00,857,CORN,453.5,-300000000.0,notional_at_entry,short,-664451.0,short,534387427.13,0
2025-03-14 00:00:00+00:00,858,CORN,445.5,-300000000.0,notional_at_entry,short,-664451.0,short,539703035.13,0
2025-03-17 00:00:00+00:00,859,CORN,461.0,-300000000.0,notional_at_entry,short,-664451.0,short,529404044.63,0
2025-03-18 00:00:00+00:00,860,CORN,458.75,-300000000.0,notional_at_entry,short,-664451.0,short,530899059.38,0
2025-03-19 00:00:00+00:00,861,CORN,462.0,-300000000.0,notional_at_entry,short,-664451.0,short,528739593.63,0
2025-03-20 00:00:00+00:00,862,CORN,469.0,-300000000.0,notional_at_entry,short,-664451.0,short,524088436.63,0
2025-03-21 00:00:00+00:00,863,CORN,464.25,-300000000.0,notional_at_entry,short,-664451.0,short,527244578.88,0
2025-03-24 00:00:00+00:00,864,CORN,464.5,-300000000.0,notional_at_entry,short,-664451.0,short,527078466.13,0
2025-03-25 00:00:00+00:00,865,CORN,457.75,-300000000.0,notional_at_entry,short,-664451.0,short,531563510.38,0
2025-03-26 00:00:00+00:00,866,CORN,451.25,-300000000.0,notional_at_entry,short,-664451.0,short,535882441.88,0
2025-03-27 00:00:00+00:00,867,CORN,450.0,-300000000.0,notional_at_entry,short,-664451.0,short,536713005.63,0
2025-03-28 00:00:00+00:00,868,CORN,453.25,-300000000.0,notional_at_entry,short,-664451.0,short,534553539.88,0
2025-03-31 00:00:00+00:00,869,CORN,457.25,-300000000.0,notional_at_entry,short,-664451.0,short,531895735.88,0
2025-04-01 00:00:00+00:00,870,CORN,461.75,-300000000.0,notional_at_entry,short,-664451.0,short,528905706.38,0
2025-04-02 00:00:00+00:00,871,CORN,457.75,-300000000.0,notional_at_entry,short,-664451.0,short,531563510.38,0
2025-04-03 00:00:00+00:00,872,CORN,457.5,-300000000.0,notional_at_entry,short,-664451.0,short,531729623.13,0
2025-04-04 00:00:00+00:00,873,CORN,460.25,-300000000.0,notional_at_entry,short,-664451.0,short,529902382.88,0
2025-04-07 00:00:00+00:00,874,CORN,464.5,300000000.0,notional_at_entry,long,645855.0,long,527078466.13,1
2025-04-08 00:00:00+00:00,875,CORN,469.0,300000000.0,notional_at_entry,long,645855.0,long,529984813.63,0
2025-04-09 00:00:00+00:00,876,CORN,474.0,300000000.0,notional_at_entry,long,645855.0,long,533214088.63,0
2025-04-10 00:00:00+00:00,877,CORN,483.0,300000000.0,notional_at_entry,long,645855.0,long,539026783.63,0
2025-04-11 00:00:00+00:00,878,CORN,490.25,300000000.0,notional_at_entry,long,645855.0,long,543709232.38,0
2025-04-14 00:00:00+00:00,879,CORN,485.0,300000000.0,notional_at_entry,long,645855.0,long,540318493.63,0
2025-04-15 00:00:00+00:00,880,CORN,481.25,300000000.0,notional_at_entry,long,645855.0,long,537896537.38,0
2025-04-16 00:00:00+00:00,881,CORN,484.25,-300000000.0,notional_at_entry,short,-619514.0,short,539834102.38,1
2025-04-17 00:00:00+00:00,882,CORN,482.25,-300000000.0,notional_at_entry,short,-619514.0,short,541073130.38,0
2025-04-21 00:00:00+00:00,883,CORN,490.0,-300000000.0,notional_at_entry,short,-619514.0,short,536271896.88,0
2025-04-22 00:00:00+00:00,884,CORN,483.25,-300000000.0,notional_at_entry,short,-619514.0,short,540453616.38,0
2025-04-23 00:00:00+00:00,885,CORN,479.25,-300000000.0,notional_at_entry,short,-619514.0,short,542931672.38,0
2025-04-24 00:00:00+00:00,886,CORN,484.0,300000000.0,notional_at_entry,long,619834.0,long,539988980.88,1
2025-04-25 00:00:00+00:00,887,CORN,485.5,300000000.0,notional_at_entry,long,619834.0,long,540918731.88,0
2025-04-28 00:00:00+00:00,888,CORN,483.25,300000000.0,notional_at_entry,long,619834.0,long,539524105.38,0
2025-04-29 00:00:00+00:00,889,CORN,470.25,300000000.0,notional_at_entry,long,619834.0,long,531466263.38,0
2025-04-30 00:00:00+00:00,890,CORN,475.5,300000000.0,notional_at_entry,long,619834.0,long,534720391.88,0
2025-05-01 00:00:00+00:00,891,CORN,472.25,300000000.0,notional_at_entry,long,619834.0,long,532705931.38,0
2025-05-02 00:00:00+00:00,892,CORN,469.0,300000000.0,notional_at_entry,long,619834.0,long,530691470.88,0
2025-05-05 00:00:00+00:00,893,CORN,454.25,-300000000.0,notional_at_entry,short,-660429.0,short,521548919.38,1
2025-05-06 00:00:00+00:00,894,CORN,455.5,-300000000.0,notional_at_entry,short,-660429.0,short,520723383.13,0
2025-05-07 00:00:00+00:00,895,CORN,449.25,-300000000.0,notional_at_entry,short,-660429.0,short,524851064.38,0
2025-05-08 00:00:00+00:00,896,CORN,447.5,-300000000.0,notional_at_entry,short,-660429.0,short,526006815.13,0
2025-05-09 00:00:00+00:00,897,CORN,449.75,-300000000.0,notional_at_entry,short,-660429.0,short,524520849.88,0
2025-05-12 00:00:00+00:00,898,CORN,440.25,-300000000.0,notional_at_entry,short,-660429.0,short,530794925.38,0
2025-05-13 00:00:00+00:00,899,CORN,436.0,-300000000.0,notional_at_entry,short,-660429.0,short,533601748.63,0
2025-05-14 00:00:00+00:00,900,CORN,438.5,-300000000.0,notional_at_entry,short,-660429.0,short,531950676.13,0
2025-05-15 00:00:00+00:00,901,CORN,448.5,-300000000.0,notional_at_entry,short,-660429.0,short,525346386.13,0
2025-05-16 00:00:00+00:00,902,CORN,443.5,450000000.0,notional_at_entry,long,1014656.0,long,528648531.13,1
2025-05-19 00:00:00+00:00,903,CORN,447.5,450000000.0,notional_at_entry,long,1014656.0,long,532707155.13,0
2025-05-20 00:00:00+00:00,904,CORN,454.5,450000000.0,notional_at_entry,long,1014656.0,long,539809747.13,0
2025-05-21 00:00:00+00:00,905,CORN,461.0,450000000.0,notional_at_entry,long,1014656.0,long,546405011.13,0
2025-05-22 00:00:00+00:00,906,CORN,463.0,450000000.0,notional_at_entry,long,1014656.0,long,548434323.13,0
2025-05-23 00:00:00+00:00,907,CORN,459.5,450000000.0,notional_at_entry,long,1014656.0,long,544883027.13,0
2025-05-26 00:00:00+00:00,908,CORN,459.0,450000000.0,notional_at_entry,long,1014656.0,long,544375699.13,0
2025-05-27 00:00:00+00:00,909,CORN,459.5,-300000000.0,notional_at_entry,short,-652883.0,short,544883027.13,1
2025-05-28 00:00:00+00:00,910,CORN,451.0,-300000000.0,notional_at_entry,short,-652883.0,short,550432532.63,0
2025-05-29 00:00:00+00:00,911,CORN,447.0,-300000000.0,notional_at_entry,short,-652883.0,short,553044064.63,0
2025-05-30 00:00:00+00:00,912,CORN,444.0,-300000000.0,notional_at_entry,short,-652883.0,short,555002713.63,0
2025-06-02 00:00:00+00:00,913,CORN,438.25,-300000000.0,notional_at_entry,short,-652883.0,short,558756790.88,0
2025-06-03 00:00:00+00:00,914,CORN,438.5,-300000000.0,notional_at_entry,short,-652883.0,short,558593570.13,0
2025-06-04 00:00:00+00:00,915,CORN,438.75,300000000.0,notional_at_entry,long,683760.0,long,558430349.38,1
2025-06-05 00:00:00+00:00,916,CORN,439.5,300000000.0,notional_at_entry,long,683760.0,long,558943169.38,0
2025-06-06 00:00:00+00:00,917,CORN,442.5,300000000.0,notional_at_entry,long,683760.0,long,560994449.38,0
2025-06-09 00:00:00+00:00,918,CORN,433.5,300000000.0,notional_at_entry,long,683760.0,long,554840609.38,0
2025-06-10 00:00:00+00:00,919,CORN,438.75,300000000.0,notional_at_entry,long,683760.0,long,558430349.38,0
2025-06-11 00:00:00+00:00,920,CORN,437.0,-300000000.0,notional_at_entry,short,-686498.0,short,557233769.38,1
2025-06-12 00:00:00+00:00,921,CORN,438.5,-300000000.0,notional_at_entry,short,-686498.0,short,556204022.38,0
2025-06-13 00:00:00+00:00,922,CORN,444.5,-300000000.0,notional_at_entry,short,-686498.0,short,552085034.38,0
2025-06-16 00:00:00+00:00,923,CORN,434.75,-300000000.0,notional_at_entry,short,-686498.0,short,558778389.88,0
2025-06-17 00:00:00+00:00,924,CORN,431.5,-300000000.0,notional_at_entry,short,-686498.0,short,561009508.38,0
2025-06-18 00:00:00+00:00,925,CORN,433.5,-300000000.0,notional_at_entry,short,-686498.0,short,559636512.38,0
2025-06-19 00:00:00+00:00,926,CORN,433.25,-300000000.0,notional_at_entry,short,-686498.0,short,559808136.88,0
2025-06-20 00:00:00+00:00,927,CORN,428.75,-300000000.0,notional_at_entry,short,-686498.0,short,562897377.88,0
2025-06-23 00:00:00+00:00,928,CORN,417.5,-300000000.0,notional_at_entry,short,-686498.0,short,570620480.38,0
2025-06-24 00:00:00+00:00,929,CORN,412.25,-300000000.0,notional_at_entry,short,-686498.0,short,574224594.88,0
2025-06-25 00:00:00+00:00,930,CORN,405.0,300000000.0,notional_at_entry,long,740740.0,long,579201705.38,1
2025-06-26 00:00:00+00:00,931,CORN,404.0,300000000.0,notional_at_entry,long,740740.0,long,578460965.38,0
2025-06-27 00:00:00+00:00,932,CORN,411.5,300000000.0,notional_at_entry,long,740740.0,long,584016515.38,0
2025-06-30 00:00:00+00:00,933,CORN,425.5,300000000.0,notional_at_entry,long,740740.0,long,594386875.38,0
2025-07-01 00:00:00+00:00,934,CORN,422.0,300000000.0,notional_at_entry,long,740740.0,long,591794285.38,0
2025-07-02 00:00:00+00:00,935,CORN,433.5,-300000000.0,notional_at_entry,short,-692041.0,short,600312795.38,1
2025-07-03 00:00:00+00:00,936,CORN,437.0,-300000000.0,notional_at_entry,short,-692041.0,short,597890651.88,0
2025-07-07 00:00:00+00:00,937,CORN,420.75,-300000000.0,notional_at_entry,short,-692041.0,short,609136318.13,0
2025-07-08 00:00:00+00:00,938,CORN,414.25,-300000000.0,notional_at_entry,short,-692041.0,short,613634584.63,0
2025-07-09 00:00:00+00:00,939,CORN,415.5,-300000000.0,notional_at_entry,short,-692041.0,short,612769533.38,0
2025-07-10 00:00:00+00:00,940,CORN,416.5,300000000.0,notional_at_entry,long,720288.0,long,612077492.38,1
2025-07-11 00:00:00+00:00,941,CORN,412.25,300000000.0,notional_at_entry,long,720288.0,long,609016268.38,0
2025-07-14 00:00:00+00:00,942,CORN,400.0,300000000.0,notional_at_entry,long,720288.0,long,600192740.38,0
2025-07-15 00:00:00+00:00,943,CORN,419.75,300000000.0,notional_at_entry,long,720288.0,long,614418428.38,0
2025-07-16 00:00:00+00:00,944,CORN,424.0,300000000.0,notional_at_entry,long,720288.0,long,617479652.38,0
2025-07-17 00:00:00+00:00,945,CORN,421.0,-300000000.0,notional_at_entry,short,-712589.0,short,615318788.38,1
2025-07-18 00:00:00+00:00,946,CORN,427.75,-300000000.0,notional_at_entry,short,-712589.0,short,610508812.63,0
2025-07-21 00:00:00+00:00,947,CORN,422.25,-300000000.0,notional_at_entry,short,-712589.0,short,614428052.13,0
2025-07-22 00:00:00+00:00,948,CORN,418.0,-300000000.0,notional_at_entry,short,-712589.0,short,617456555.38,0
2025-07-23 00:00:00+00:00,949,CORN,417.5,-300000000.0,notional_at_entry,short,-712589.0,short,617812849.88,0
2025-07-24 00:00:00+00:00,950,CORN,420.75,-300000000.0,notional_at_entry,short,-712589.0,short,615496935.63,0
2025-07-25 00:00:00+00:00,951,CORN,419.0,-300000000.0,notional_at_entry,short,-712589.0,short,616743966.38,0
2025-07-28 00:00:00+00:00,952,CORN,414.0,-300000000.0,notional_at_entry,short,-712589.0,short,620306911.38,0
2025-07-29 00:00:00+00:00,953,CORN,411.0,-300000000.0,notional_at_entry,short,-712589.0,short,622444678.38,0
2025-07-30 00:00:00+00:00,954,CORN,412.25,-300000000.0,notional_at_entry,short,-712589.0,short,621553942.13,0
2025-07-31 00:00:00+00:00,955,CORN,413.75,300000000.0,notional_at_entry,long,725075.0,long,620485058.63,1
2025-08-01 00:00:00+00:00,956,CORN,410.75,-450000000.0,notional_at_entry,short,-1095556.0,short,618309833.63,1
2025-08-04 00:00:00+00:00,957,CORN,407.0,-450000000.0,notional_at_entry,short,-1095556.0,short,622418168.63,0
2025-08-05 00:00:00+00:00,958,CORN,402.0,-450000000.0,notional_at_entry,short,-1095556.0,short,627895948.63,0
2025-08-06 00:00:00+00:00,959,CORN,401.25,-450000000.0,notional_at_entry,short,-1095556.0,short,628717615.63,0
2025-08-07 00:00:00+00:00,960,CORN,407.0,-450000000.0,notional_at_entry,short,-1095556.0,short,622418168.63,0
2025-08-08 00:00:00+00:00,961,CORN,405.5,-450000000.0,notional_at_entry,short,-1095556.0,short,624061502.63,0
2025-08-11 00:00:00+00:00,962,CORN,407.75,-450000000.0,notional_at_entry,short,-1095556.0,short,621596501.63,0
2025-08-12 00:00:00+00:00,963,CORN,394.5,-450000000.0,notional_at_entry,short,-1095556.0,short,636112618.63,0
2025-08-13 00:00:00+00:00,964,CORN,397.25,-450000000.0,notional_at_entry,short,-1095556.0,short,633099839.63,0
2025-08-14 00:00:00+00:00,965,CORN,397.25,300000000.0,notional_at_entry,long,755191.0,long,633099839.63,1
2025-08-15 00:00:00+00:00,966,CORN,405.25,300000000.0,notional_at_entry,long,755191.0,long,639141367.63,0
2025-08-18 00:00:00+00:00,967,CORN,406.5,-300000000.0,notional_at_entry,short,-738007.0,short,640085356.38,1
2025-08-19 00:00:00+00:00,968,CORN,403.25,-300000000.0,notional_at_entry,short,-738007.0,short,642483879.13,0
2025-08-20 00:00:00+00:00,969,CORN,404.0,-300000000.0,notional_at_entry,short,-738007.0,short,641930373.88,0
2025-08-21 00:00:00+00:00,970,CORN,411.75,300000000.0,notional_at_entry,long,728597.0,long,636210819.63,1
2025-08-22 00:00:00+00:00,971,CORN,411.5,300000000.0,notional_at_entry,long,728597.0,long,636028670.38,0
2025-08-25 00:00:00+00:00,972,CORN,412.25,-300000000.0,notional_at_entry,short,-727713.0,short,636575118.13,1
2025-08-26 00:00:00+00:00,973,CORN,409.5,-300000000.0,notional_at_entry,short,-727713.0,short,638576328.88,0
2025-08-27 00:00:00+00:00,974,CORN,406.0,300000000.0,notional_at_entry,long,738916.0,long,641123324.38,1
2025-08-28 00:00:00+00:00,975,CORN,410.0,300000000.0,notional_at_entry,long,738916.0,long,644078988.38,0
2025-08-29 00:00:00+00:00,976,CORN,420.25,300000000.0,notional_at_entry,long,738916.0,long,651652877.38,0
2025-09-01 00:00:00+00:00,977,CORN,418.0,300000000.0,notional_at_entry,long,738916.0,long,649990316.38,0
2025-09-02 00:00:00+00:00,978,CORN,423.0,-300000000.0,notional_at_entry,short,-709219.0,short,653684896.38,1
2025-09-03 00:00:00+00:00,979,CORN,418.0,-300000000.0,notional_at_entry,short,-709219.0,short,657230991.38,0
2025-09-04 00:00:00+00:00,980,CORN,419.75,-300000000.0,notional_at_entry,short,-709219.0,short,655989858.13,0
2025-09-05 00:00:00+00:00,981,CORN,418.0,-300000000.0,notional_at_entry,short,-709219.0,short,657230991.38,0
2025-09-08 00:00:00+00:00,982,CORN,403.0,-300000000.0,notional_at_entry,short,-709219.0,short,667869276.38,0
2025-09-09 00:00:00+00:00,983,CORN,401.25,-300000000.0,notional_at_entry,short,-709219.0,short,669110409.63,0
2025-09-10 00:00:00+00:00,984,CORN,397.25,-300000000.0,notional_at_entry,short,-709219.0,short,671947285.63,0
2025-09-11 00:00:00+00:00,985,CORN,399.0,-300000000.0,notional_at_entry,short,-709219.0,short,670706152.38,0
2025-09-12 00:00:00+00:00,986,CORN,399.0,-300000000.0,notional_at_entry,short,-709219.0,short,670706152.38,0
2025-09-15 00:00:00+00:00,987,CORN,423.25,-300000000.0,notional_at_entry,short,-709219.0,short,653507591.63,0
2025-09-16 00:00:00+00:00,988,CORN,429.5,-300000000.0,notional_at_entry,short,-709219.0,short,649074972.88,0
2025-09-17 00:00:00+00:00,989,CORN,426.75,-300000000.0,notional_at_entry,short,-709219.0,short,651025325.13,0
2025-09-18 00:00:00+00:00,990,CORN,423.75,-300000000.0,notional_at_entry,short,-709219.0,short,653152982.13,0
2025-09-19 00:00:00+00:00,991,CORN,424.0,-300000000.0,notional_at_entry,short,-709219.0,short,652975677.38,0
2025-09-22 00:00:00+00:00,992,CORN,421.75,-300000000.0,notional_at_entry,short,-709219.0,short,654571420.13,0
2025-09-23 00:00:00+00:00,993,CORN,426.25,-300000000.0,notional_at_entry,short,-709219.0,short,651379934.63,0
2025-09-24 00:00:00+00:00,994,CORN,424.25,-300000000.0,notional_at_entry,short,-709219.0,short,652798372.63,0
2025-09-25 00:00:00+00:00,995,CORN,425.75,300000000.0,notional_at_entry,long,704638.0,long,651734544.13,1
2025-09-26 00:00:00+00:00,996,CORN,422.0,300000000.0,notional_at_entry,long,704638.0,long,649092151.63,0
2025-09-29 00:00:00+00:00,997,CORN,421.5,300000000.0,notional_at_entry,long,704638.0,long,648739832.63,0
2025-09-30 00:00:00+00:00,998,CORN,415.5,300000000.0,notional_at_entry,long,704638.0,long,644512004.63,0
2025-10-01 00:00:00+00:00,999,CORN,416.5,-300000000.0,notional_at_entry,short,-720288.0,short,645216642.63,1
2025-10-02 00:00:00+00:00,1000,CORN,421.75,-300000000.0,notional_at_entry,short,-720288.0,short,641435130.63,0
2025-10-03 00:00:00+00:00,1001,CORN,419.0,-300000000.0,notional_at_entry,short,-720288.0,short,643415922.63,0
2025-10-06 00:00:00+00:00,1002,CORN,421.75,-300000000.0,notional_at_entry,short,-720288.0,short,641435130.63,0
2025-10-07 00:00:00+00:00,1003,CORN,419.75,300000000.0,notional_at_entry,long,714711.0,long,642875706.63,1
2025-10-08 00:00:00+00:00,1004,CORN,422.0,300000000.0,notional_at_entry,long,714711.0,long,644483806.38,0
2025-10-09 00:00:00+00:00,1005,CORN,418.25,300000000.0,notional_at_entry,long,714711.0,long,641803640.13,0
2025-10-10 00:00:00+00:00,1006,CORN,413.0,300000000.0,notional_at_entry,long,714711.0,long,638051407.38,0
2025-10-13 00:00:00+00:00,1007,CORN,410.75,300000000.0,notional_at_entry,long,714711.0,long,636443307.63,0
2025-10-14 00:00:00+00:00,1008,CORN,413.0,300000000.0,notional_at_entry,long,714711.0,long,638051407.38,0
2025-10-15 00:00:00+00:00,1009,CORN,416.75,300000000.0,notional_at_entry,long,714711.0,long,640731573.63,0
2025-10-16 00:00:00+00:00,1010,CORN,421.75,300000000.0,notional_at_entry,long,714711.0,long,644305128.63,0
2025-10-17 00:00:00+00:00,1011,CORN,422.5,300000000.0,notional_at_entry,long,714711.0,long,644841161.88,0
2025-10-20 00:00:00+00:00,1012,CORN,423.25,300000000.0,notional_at_entry,long,714711.0,long,645377195.13,0
2025-10-21 00:00:00+00:00,1013,CORN,419.75,300000000.0,notional_at_entry,long,714711.0,long,642875706.63,0
2025-10-22 00:00:00+00:00,1014,CORN,423.0,300000000.0,notional_at_entry,long,714711.0,long,645198517.38,0
2025-10-23 00:00:00+00:00,1015,CORN,428.0,300000000.0,notional_at_entry,long,714711.0,long,648772072.38,0
2025-10-24 00:00:00+00:00,1016,CORN,423.25,300000000.0,notional_at_entry,long,714711.0,long,645377195.13,0
2025-10-27 00:00:00+00:00,1017,CORN,428.75,300000000.0,notional_at_entry,long,714711.0,long,649308105.63,0
2025-10-28 00:00:00+00:00,1018,CORN,432.0,300000000.0,notional_at_entry,long,714711.0,long,651630916.38,0
2025-10-29 00:00:00+00:00,1019,CORN,434.0,300000000.0,notional_at_entry,long,714711.0,long,653060338.38,0
2025-10-30 00:00:00+00:00,1020,CORN,430.25,300000000.0,notional_at_entry,long,714711.0,long,650380172.13,0
2025-10-31 00:00:00+00:00,1021,CORN,431.5,300000000.0,notional_at_entry,long,714711.0,long,651273560.88,0
2025-11-03 00:00:00+00:00,1022,CORN,434.25,-300000000.0,notional_at_entry,short,-690846.0,short,653239016.13,1
2025-11-04 00:00:00+00:00,1023,CORN,431.5,-300000000.0,notional_at_entry,short,-690846.0,short,655138842.63,0
2025-11-05 00:00:00+00:00,1024,CORN,435.25,-300000000.0,notional_at_entry,short,-690846.0,short,652548170.13,0
2025-11-06 00:00:00+00:00,1025,CORN,428.75,-300000000.0,notional_at_entry,short,-690846.0,short,657038669.13,0
2025-11-07 00:00:00+00:00,1026,CORN,427.25,-300000000.0,notional_at_entry,short,-690846.0,short,658074938.13,0
2025-11-10 00:00:00+00:00,1027,CORN,429.75,300000000.0,notional_at_entry,long,698080.0,long,656347823.13,1
2025-11-11 00:00:00+00:00,1028,CORN,432.0,300000000.0,notional_at_entry,long,698080.0,long,657918503.13,0
2025-11-12 00:00:00+00:00,1029,CORN,435.25,300000000.0,notional_at_entry,long,698080.0,long,660187263.13,0
2025-11-13 00:00:00+00:00,1030,CORN,441.5,300000000.0,notional_at_entry,long,698080.0,long,664550263.13,0
2025-11-14 00:00:00+00:00,1031,CORN,430.25,-300000000.0,notional_at_entry,short,-697269.0,short,656696863.13,1
2025-11-17 00:00:00+00:00,1032,CORN,448.0,-300000000.0,notional_at_entry,short,-697269.0,short,644320338.38,0
2025-11-18 00:00:00+00:00,1033,CORN,449.5,-300000000.0,notional_at_entry,short,-697269.0,short,643274434.88,0
2025-11-19 00:00:00+00:00,1034,CORN,441.5,-300000000.0,notional_at_entry,short,-697269.0,short,648852586.88,0
2025-11-20 00:00:00+00:00,1035,CORN,437.75,-300000000.0,notional_at_entry,short,-697269.0,short,651467345.63,0
2025-11-21 00:00:00+00:00,1036,CORN,437.5,-300000000.0,notional_at_entry,short,-697269.0,short,651641662.88,0
2025-11-24 00:00:00+00:00,1037,CORN,436.75,450000000.0,notional_at_entry,long,1030337.0,long,652164614.63,1
2025-11-25 00:00:00+00:00,1038,CORN,438.25,450000000.0,notional_at_entry,long,1030337.0,long,653710120.13,0
2025-11-26 00:00:00+00:00,1039,CORN,445.25,450000000.0,notional_at_entry,long,1030337.0,long,660922479.13,0
2025-11-27 00:00:00+00:00,1040,CORN,445.0,450000000.0,notional_at_entry,long,1030337.0,long,660664894.88,0
2025-11-28 00:00:00+00:00,1041,CORN,447.75,300000000.0,notional_at_entry,long,1030337.0,long,663498321.63,0
2025-12-01 00:00:00+00:00,1042,CORN,445.0,300000000.0,notional_at_entry,long,1030337.0,long,660664894.88,0
2025-12-02 00:00:00+00:00,1043,CORN,450.0,-450000000.0,notional_at_entry,short,-1000000.0,short,665816579.88,1
2025-12-03 00:00:00+00:00,1044,CORN,443.5,-450000000.0,notional_at_entry,short,-1000000.0,short,672316579.88,0
2025-12-04 00:00:00+00:00,1045,CORN,447.25,-300000000.0,notional_at_entry,short,-1000000.0,short,668566579.88,0
2025-12-05 00:00:00+00:00,1046,CORN,444.75,-300000000.0,notional_at_entry,short,-1000000.0,short,671066579.88,0
2025-12-08 00:00:00+00:00,1047,CORN,436.25,-300000000.0,notional_at_entry,short,-1000000.0,short,679566579.88,0
2025-12-09 00:00:00+00:00,1048,CORN,440.75,300000000.0,notional_at_entry,long,680657.0,long,675066579.88,1
2025-12-10 00:00:00+00:00,1049,CORN,434.75,300000000.0,notional_at_entry,long,680657.0,long,670982637.88,0
2025-12-11 00:00:00+00:00,1050,CORN,435.25,-300000000.0,notional_at_entry,short,-689259.0,short,671322966.38,1
2025-12-12 00:00:00+00:00,1051,CORN,431.5,-300000000.0,notional_at_entry,short,-689259.0,short,673907687.63,0
2025-12-15 00:00:00+00:00,1052,CORN,439.75,-300000000.0,notional_at_entry,short,-689259.0,short,668221300.88,0
2025-12-16 00:00:00+00:00,1053,CORN,436.5,-300000000.0,notional_at_entry,short,-689259.0,short,670461392.63,0
2025-12-17 00:00:00+00:00,1054,CORN,440.5,-300000000.0,notional_at_entry,short,-689259.0,short,667704356.63,0
2025-12-18 00:00:00+00:00,1055,CORN,444.5,-300000000.0,notional_at_entry,short,-689259.0,short,664947320.63,0
2025-12-19 00:00:00+00:00,1056,CORN,443.75,300000000.0,notional_at_entry,long,676056.0,long,665464264.88,1
2025-12-22 00:00:00+00:00,1057,CORN,447.0,300000000.0,notional_at_entry,long,676056.0,long,667661446.88,0
2025-12-23 00:00:00+00:00,1058,CORN,447.5,300000000.0,notional_at_entry,long,676056.0,long,667999474.88,0
2025-12-24 00:00:00+00:00,1059,CORN,451.0,300000000.0,notional_at_entry,long,676056.0,long,670365670.88,0
2025-12-26 00:00:00+00:00,1060,CORN,450.0,300000000.0,notional_at_entry,long,676056.0,long,669689614.88,0
2025-12-29 00:00:00+00:00,1061,CORN,442.25,300000000.0,notional_at_entry,long,676056.0,long,664450180.88,0
2025-12-30 00:00:00+00:00,1062,CORN,440.5,300000000.0,notional_at_entry,long,676056.0,long,663267082.88,0
2025-12-31 00:00:00+00:00,1063,CORN,440.25,300000000.0,notional_at_entry,long,676056.0,long,663098068.88,0
2026-01-02 00:00:00+00:00,1064,CORN,437.5,300000000.0,notional_at_entry,long,676056.0,long,661238914.88,0
2026-01-05 00:00:00+00:00,1065,CORN,444.5,300000000.0,notional_at_entry,long,676056.0,long,665971306.88,0
2026-01-06 00:00:00+00:00,1066,CORN,444.0,300000000.0,notional_at_entry,long,676056.0,long,665633278.88,0
2026-01-07 00:00:00+00:00,1067,CORN,446.75,300000000.0,notional_at_entry,long,676056.0,long,667492432.88,0
2026-01-08 00:00:00+00:00,1068,CORN,446.0,300000000.0,notional_at_entry,long,676056.0,long,666985390.88,0
2026-01-09 00:00:00+00:00,1069,CORN,445.75,300000000.0,notional_at_entry,long,676056.0,long,666816376.88,0
2026-01-12 00:00:00+00:00,1070,CORN,421.5,300000000.0,notional_at_entry,long,676056.0,long,650422018.88,0
2026-01-13 00:00:00+00:00,1071,CORN,419.75,-300000000.0,notional_at_entry,short,-714711.0,short,649238920.88,1
2026-01-14 00:00:00+00:00,1072,CORN,422.0,-300000000.0,notional_at_entry,short,-714711.0,short,647630821.13,0
2026-01-15 00:00:00+00:00,1073,CORN,420.25,-300000000.0,notional_at_entry,short,-714711.0,short,648881565.38,0
2026-01-16 00:00:00+00:00,1074,CORN,424.75,-300000000.0,notional_at_entry,short,-714711.0,short,645665365.88,0
2026-01-19 00:00:00+00:00,1075,CORN,424.5,-300000000.0,notional_at_entry,short,-714711.0,short,645844043.63,0
2026-01-20 00:00:00+00:00,1076,CORN,423.75,300000000.0,notional_at_entry,long,707964.0,long,646380076.88,1
2026-01-21 00:00:00+00:00,1077,CORN,421.75,300000000.0,notional_at_entry,long,707964.0,long,644964148.88,0
2026-01-22 00:00:00+00:00,1078,CORN,424.0,300000000.0,notional_at_entry,long,707964.0,long,646557067.88,0
2026-01-23 00:00:00+00:00,1079,CORN,430.5,300000000.0,notional_at_entry,long,707964.0,long,651158833.88,0
2026-01-26 00:00:00+00:00,1080,CORN,428.25,300000000.0,notional_at_entry,long,707964.0,long,649565914.88,0
2026-01-27 00:00:00+00:00,1081,CORN,426.5,300000000.0,notional_at_entry,long,707964.0,long,648326977.88,0
2026-01-28 00:00:00+00:00,1082,CORN,430.0,300000000.0,notional_at_entry,long,707964.0,long,650804851.88,0
2026-01-29 00:00:00+00:00,1083,CORN,430.75,300000000.0,notional_at_entry,long,707964.0,long,651335824.88,0
2026-01-30 00:00:00+00:00,1084,CORN,428.25,300000000.0,notional_at_entry,long,707964.0,long,649565914.88,0
2026-02-02 00:00:00+00:00,1085,CORN,425.75,300000000.0,notional_at_entry,long,707964.0,long,647796004.88,0
2026-02-03 00:00:00+00:00,1086,CORN,428.5,300000000.0,notional_at_entry,long,707964.0,long,649742905.88,0
2026-02-04 00:00:00+00:00,1087,CORN,429.5,300000000.0,notional_at_entry,long,707964.0,long,650450869.88,0
2026-02-05 00:00:00+00:00,1088,CORN,435.0,300000000.0,notional_at_entry,long,707964.0,long,654344671.88,0
2026-02-06 00:00:00+00:00,1089,CORN,430.25,300000000.0,notional_at_entry,long,707964.0,long,650981842.88,0
2026-02-09 00:00:00+00:00,1090,CORN,428.75,300000000.0,notional_at_entry,long,707964.0,long,649919896.88,0
2026-02-10 00:00:00+00:00,1091,CORN,428.75,300000000.0,notional_at_entry,long,707964.0,long,649919896.88,0
2026-02-11 00:00:00+00:00,1092,CORN,427.5,300000000.0,notional_at_entry,long,707964.0,long,649034941.88,0
2026-02-12 00:00:00+00:00,1093,CORN,431.25,300000000.0,notional_at_entry,long,707964.0,long,651689806.88,0
2026-02-13 00:00:00+00:00,1094,CORN,431.75,300000000.0,notional_at_entry,long,707964.0,long,652043788.88,0
2026-02-16 00:00:00+00:00,1095,CORN,431.0,300000000.0,notional_at_entry,long,707964.0,long,651512815.88,0
2026-02-17 00:00:00+00:00,1096,CORN,435.75,300000000.0,notional_at_entry,long,707964.0,long,654875644.88,0
2026-02-18 00:00:00+00:00,1097,CORN,436.75,300000000.0,notional_at_entry,long,707964.0,long,655583608.88,0
2026-02-19 00:00:00+00:00,1098,CORN,436.25,300000000.0,notional_at_entry,long,707964.0,long,655229626.88,0
2026-02-20 00:00:00+00:00,1099,CORN,439.75,300000000.0,notional_at_entry,long,707964.0,long,657707500.88,0
2026-02-23 00:00:00+00:00,1100,CORN,440.25,300000000.0,notional_at_entry,long,707964.0,long,658061482.88,0
2026-02-24 00:00:00+00:00,1101,CORN,438.5,300000000.0,notional_at_entry,long,707964.0,long,656822545.88,0
2026-02-25 00:00:00+00:00,1102,CORN,442.0,300000000.0,notional_at_entry,long,707964.0,long,659300419.88,0
2026-02-26 00:00:00+00:00,1103,CORN,443.5,300000000.0,notional_at_entry,long,707964.0,long,660362365.88,0
2026-02-27 00:00:00+00:00,1104,CORN,448.5,300000000.0,notional_at_entry,long,707964.0,long,663902185.88,0
2026-03-02 00:00:00+00:00,1105,CORN,445.75,300000000.0,notional_at_entry,long,707964.0,long,661955284.88,0
2026-03-03 00:00:00+00:00,1106,CORN,446.5,300000000.0,notional_at_entry,long,707964.0,long,662486257.88,0
2026-03-04 00:00:00+00:00,1107,CORN,443.75,300000000.0,notional_at_entry,long,707964.0,long,660539356.88,0
2026-03-05 00:00:00+00:00,1108,CORN,453.5,300000000.0,notional_at_entry,long,707964.0,long,667442005.88,0
2026-03-06 00:00:00+00:00,1109,CORN,460.5,300000000.0,notional_at_entry,long,707964.0,long,672397753.88,0
2026-03-09 00:00:00+00:00,1110,CORN,437.5,300000000.0,notional_at_entry,long,707964.0,long,656114581.88,0
2026-03-10 00:00:00+00:00,1111,CORN,436.25,300000000.0,notional_at_entry,long,707964.0,long,655229626.88,0
2026-03-11 00:00:00+00:00,1112,CORN,444.25,300000000.0,notional_at_entry,long,707964.0,long,660893338.88,0
2026-03-12 00:00:00+00:00,1113,CORN,448.25,300000000.0,notional_at_entry,long,707964.0,long,663725194.88,0
2026-03-13 00:00:00+00:00,1114,CORN,452.5,300000000.0,notional_at_entry,long,707964.0,long,666734041.88,0
2026-03-16 00:00:00+00:00,1115,CORN,454.0,300000000.0,notional_at_entry,long,707964.0,long,667795987.88,0
2026-03-17 00:00:00+00:00,1116,CORN,454.0,300000000.0,notional_at_entry,long,707964.0,long,667795987.88,0
2026-03-18 00:00:00+00:00,1117,CORN,463.25,300000000.0,notional_at_entry,long,707964.0,long,674344654.88,0
2026-03-19 00:00:00+00:00,1118,CORN,469.75,300000000.0,notional_at_entry,long,707964.0,long,678946420.88,0
2026-03-20 00:00:00+00:00,1119,CORN,465.5,-300000000.0,notional_at_entry,short,-644468.0,short,675937573.88,1
2026-03-23 00:00:00+00:00,1120,CORN,459.5,-300000000.0,notional_at_entry,short,-644468.0,short,679804381.88,0
2026-03-24 00:00:00+00:00,1121,CORN,462.5,-300000000.0,notional_at_entry,short,-644468.0,short,677870977.88,0
2026-03-25 00:00:00+00:00,1122,CORN,467.25,-300000000.0,notional_at_entry,short,-644468.0,short,674809754.88,0
2026-03-26 00:00:00+00:00,1123,CORN,467.0,-300000000.0,notional_at_entry,short,-644468.0,short,674970871.88,0
2026-03-27 00:00:00+00:00,1124,CORN,462.0,-300000000.0,notional_at_entry,short,-644468.0,short,678193211.88,0
2026-03-30 00:00:00+00:00,1125,CORN,455.75,-300000000.0,notional_at_entry,short,-644468.0,short,682221136.88,0
2026-03-31 00:00:00+00:00,1126,CORN,457.75,-300000000.0,notional_at_entry,short,-644468.0,short,680932200.88,0
2026-04-01 00:00:00+00:00,1127,CORN,454.25,-300000000.0,notional_at_entry,short,-644468.0,short,683187838.88,0
2026-04-02 00:00:00+00:00,1128,CORN,452.25,-300000000.0,notional_at_entry,short,-644468.0,short,684476774.88,0
2026-04-03 00:00:00+00:00,1129,CORN,452.25,-300000000.0,notional_at_entry,short,-644468.0,short,684476774.88,0
2026-04-06 00:00:00+00:00,1130,CORN,454.0,-300000000.0,notional_at_entry,short,-644468.0,short,683348955.88,0
2026-04-07 00:00:00+00:00,1131,CORN,449.0,-300000000.0,notional_at_entry,short,-644468.0,short,686571295.88,0
2026-04-08 00:00:00+00:00,1132,CORN,447.25,-300000000.0,notional_at_entry,short,-644468.0,short,687699114.88,0
2026-04-09 00:00:00+00:00,1133,CORN,444.0,-300000000.0,notional_at_entry,short,-644468.0,short,689793635.88,0
2026-04-10 00:00:00+00:00,1134,CORN,441.0,-300000000.0,notional_at_entry,short,-644468.0,short,691727039.88,0
2026-04-13 00:00:00+00:00,1135,CORN,451.0,-300000000.0,notional_at_entry,short,-644468.0,short,685282359.88,0
2026-04-14 00:00:00+00:00,1136,CORN,452.5,-300000000.0,notional_at_entry,short,-644468.0,short,684315657.88,0
2026-04-15 00:00:00+00:00,1137,CORN,460.5,-300000000.0,notional_at_entry,short,-644468.0,short,679159913.88,0
2026-04-16 00:00:00+00:00,1138,CORN,457.75,-300000000.0,notional_at_entry,short,-644468.0,short,680932200.88,0
2026-04-17 00:00:00+00:00,1139,CORN,457.5,-300000000.0,notional_at_entry,short,-644468.0,short,681093317.88,0
2026-04-20 00:00:00+00:00,1140,CORN,460.25,-300000000.0,notional_at_entry,short,-644468.0,short,679321030.88,0
2026-04-21 00:00:00+00:00,1141,CORN,462.0,-300000000.0,notional_at_entry,short,-644468.0,short,678193211.88,0
2026-04-22 00:00:00+00:00,1142,CORN,462.75,-300000000.0,notional_at_entry,short,-644468.0,short,677709860.88,0
2026-04-23 00:00:00+00:00,1143,CORN,463.75,-300000000.0,notional_at_entry,short,-644468.0,short,677065392.88,0
2026-04-24 00:00:00+00:00,1144,CORN,463.5,300000000.0,notional_at_entry,long,647249.0,long,677226509.88,1
2026-04-27 00:00:00+00:00,1145,CORN,469.25,300000000.0,notional_at_entry,long,647249.0,long,680948191.63,0
2026-04-28 00:00:00+00:00,1146,CORN,475.5,300000000.0,notional_at_entry,long,647249.0,long,684993497.88,0
2026-04-29 00:00:00+00:00,1147,CORN,477.75,300000000.0,notional_at_entry,long,647249.0,long,686449808.13,0
2026-04-30 00:00:00+00:00,1148,CORN,474.75,300000000.0,notional_at_entry,long,647249.0,long,684508061.13,0
2026-05-01 00:00:00+00:00,1149,CORN,480.25,300000000.0,notional_at_entry,long,647249.0,long,688067930.63,0
2026-05-04 00:00:00+00:00,1150,CORN,485.75,300000000.0,notional_at_entry,long,647249.0,long,691627800.13,0
2026-05-05 00:00:00+00:00,1151,CORN,480.0,300000000.0,notional_at_entry,long,647249.0,long,687906118.38,0
2026-05-06 00:00:00+00:00,1152,CORN,468.5,300000000.0,notional_at_entry,long,647249.0,long,680462754.88,0
2026-05-07 00:00:00+00:00,1153,CORN,467.5,300000000.0,notional_at_entry,long,647249.0,long,679815505.88,0
2026-05-08 00:00:00+00:00,1154,CORN,471.25,300000000.0,notional_at_entry,long,647249.0,long,682242689.63,0
2026-05-11 00:00:00+00:00,1155,CORN,475.25,300000000.0,notional_at_entry,long,647249.0,long,684831685.63,0
2026-05-12 00:00:00+00:00,1156,CORN,480.0,-300000000.0,notional_at_entry,short,-625000.0,short,687906118.38,1
2026-05-13 00:00:00+00:00,1157,CORN,480.75,-300000000.0,notional_at_entry,short,-625000.0,short,687437368.38,0
2026-05-14 00:00:00+00:00,1158,CORN,467.5,300000000.0,notional_at_entry,long,641711.0,long,695718618.38,1
2026-05-15 00:00:00+00:00,1159,CORN,464.38,300000000.0,notional_at_entry,long,641711.0,long,693716480.06,0
