date,zscore,+1,-1,+2,-2
2013-01-02 00:00:00+00:00,,1.0,-1.0,2.0,-2.0
2013-01-03 00:00:00+00:00,,1.0,-1.0,2.0,-2.0
2013-01-04 00:00:00+00:00,,1.0,-1.0,2.0,-2.0
2013-01-07 00:00:00+00:00,,1.0,-1.0,2.0,-2.0
2013-01-08 00:00:00+00:00,,1.0,-1.0,2.0,-2.0
2013-01-09 00:00:00+00:00,,1.0,-1.0,2.0,-2.0
2013-01-10 00:00:00+00:00,,1.0,-1.0,2.0,-2.0
2013-01-11 00:00:00+00:00,,1.0,-1.0,2.0,-2.0
2013-01-14 00:00:00+00:00,,1.0,-1.0,2.0,-2.0
2013-01-15 00:00:00+00:00,,1.0,-1.0,2.0,-2.0
2013-01-16 00:00:00+00:00,,1.0,-1.0,2.0,-2.0
2013-01-17 00:00:00+00:00,,1.0,-1.0,2.0,-2.0
2013-01-18 00:00:00+00:00,,1.0,-1.0,2.0,-2.0
2013-01-22 00:00:00+00:00,,1.0,-1.0,2.0,-2.0
2013-01-23 00:00:00+00:00,,1.0,-1.0,2.0,-2.0
2013-01-24 00:00:00+00:00,,1.0,-1.0,2.0,-2.0
2013-01-25 00:00:00+00:00,,1.0,-1.0,2.0,-2.0
2013-01-28 00:00:00+00:00,,1.0,-1.0,2.0,-2.0
2013-01-29 00:00:00+00:00,,1.0,-1.0,2.0,-2.0
2013-01-30 00:00:00+00:00,,1.0,-1.0,2.0,-2.0
2013-01-31 00:00:00+00:00,,1.0,-1.0,2.0,-2.0
2013-02-01 00:00:00+00:00,,1.0,-1.0,2.0,-2.0
2013-02-04 00:00:00+00:00,,1.0,-1.0,2.0,-2.0
2013-02-05 00:00:00+00:00,,1.0,-1.0,2.0,-2.0
2013-02-06 00:00:00+00:00,,1.0,-1.0,2.0,-2.0
2013-02-07 00:00:00+00:00,,1.0,-1.0,2.0,-2.0
2013-02-08 00:00:00+00:00,,1.0,-1.0,2.0,-2.0
2013-02-11 00:00:00+00:00,,1.0,-1.0,2.0,-2.0
2013-02-12 00:00:00+00:00,,1.0,-1.0,2.0,-2.0
2013-02-13 00:00:00+00:00,,1.0,-1.0,2.0,-2.0
2013-02-14 00:00:00+00:00,,1.0,-1.0,2.0,-2.0
2013-02-15 00:00:00+00:00,,1.0,-1.0,2.0,-2.0
2013-02-19 00:00:00+00:00,,1.0,-1.0,2.0,-2.0
2013-02-20 00:00:00+00:00,,1.0,-1.0,2.0,-2.0
2013-02-21 00:00:00+00:00,,1.0,-1.0,2.0,-2.0
2013-02-22 00:00:00+00:00,,1.0,-1.0,2.0,-2.0
2013-02-25 00:00:00+00:00,,1.0,-1.0,2.0,-2.0
2013-02-26 00:00:00+00:00,,1.0,-1.0,2.0,-2.0
2013-02-27 00:00:00+00:00,,1.0,-1.0,2.0,-2.0
2013-02-28 00:00:00+00:00,,1.0,-1.0,2.0,-2.0
2013-03-01 00:00:00+00:00,,1.0,-1.0,2.0,-2.0
2013-03-04 00:00:00+00:00,,1.0,-1.0,2.0,-2.0
2013-03-05 00:00:00+00:00,,1.0,-1.0,2.0,-2.0
2013-03-06 00:00:00+00:00,,1.0,-1.0,2.0,-2.0
2013-03-07 00:00:00+00:00,,1.0,-1.0,2.0,-2.0
2013-03-08 00:00:00+00:00,,1.0,-1.0,2.0,-2.0
2013-03-11 00:00:00+00:00,,1.0,-1.0,2.0,-2.0
2013-03-12 00:00:00+00:00,,1.0,-1.0,2.0,-2.0
2013-03-13 00:00:00+00:00,,1.0,-1.0,2.0,-2.0
2013-03-14 00:00:00+00:00,,1.0,-1.0,2.0,-2.0
2013-03-15 00:00:00+00:00,,1.0,-1.0,2.0,-2.0
2013-03-18 00:00:00+00:00,,1.0,-1.0,2.0,-2.0
2013-03-19 00:00:00+00:00,,1.0,-1.0,2.0,-2.0
2013-03-20 00:00:00+00:00,,1.0,-1.0,2.0,-2.0
2013-03-21 00:00:00+00:00,,1.0,-1.0,2.0,-2.0
2013-03-22 00:00:00+00:00,,1.0,-1.0,2.0,-2.0
2013-03-25 00:00:00+00:00,,1.0,-1.0,2.0,-2.0
2013-03-26 00:00:00+00:00,,1.0,-1.0,2.0,-2.0
2013-03-27 00:00:00+00:00,,1.0,-1.0,2.0,-2.0
2013-03-28 00:00:00+00:00,,1.0,-1.0,2.0,-2.0
2013-04-01 00:00:00+00:00,,1.0,-1.0,2.0,-2.0
2013-04-02 00:00:00+00:00,,1.0,-1.0,2.0,-2.0
2013-04-03 00:00:00+00:00,,1.0,-1.0,2.0,-2.0
2013-04-04 00:00:00+00:00,,1.0,-1.0,2.0,-2.0
2013-04-05 00:00:00+00:00,,1.0,-1.0,2.0,-2.0
2013-04-08 00:00:00+00:00,,1.0,-1.0,2.0,-2.0
2013-04-09 00:00:00+00:00,,1.0,-1.0,2.0,-2.0
2013-04-10 00:00:00+00:00,,1.0,-1.0,2.0,-2.0
2013-04-11 00:00:00+00:00,,1.0,-1.0,2.0,-2.0
2013-04-12 00:00:00+00:00,,1.0,-1.0,2.0,-2.0
2013-04-15 00:00:00+00:00,,1.0,-1.0,2.0,-2.0
2013-04-16 00:00:00+00:00,,1.0,-1.0,2.0,-2.0
2013-04-17 00:00:00+00:00,,1.0,-1.0,2.0,-2.0
2013-04-18 00:00:00+00:00,,1.0,-1.0,2.0,-2.0
2013-04-19 00:00:00+00:00,,1.0,-1.0,2.0,-2.0
2013-04-22 00:00:00+00:00,,1.0,-1.0,2.0,-2.0
2013-04-23 00:00:00+00:00,,1.0,-1.0,2.0,-2.0
2013-04-24 00:00:00+00:00,,1.0,-1.0,2.0,-2.0
2013-04-25 00:00:00+00:00,,1.0,-1.0,2.0,-2.0
2013-04-26 00:00:00+00:00,,1.0,-1.0,2.0,-2.0
2013-04-29 00:00:00+00:00,,1.0,-1.0,2.0,-2.0
2013-04-30 00:00:00+00:00,,1.0,-1.0,2.0,-2.0
2013-05-01 00:00:00+00:00,,1.0,-1.0,2.0,-2.0
2013-05-02 00:00:00+00:00,,1.0,-1.0,2.0,-2.0
2013-05-03 00:00:00+00:00,,1.0,-1.0,2.0,-2.0
2013-05-06 00:00:00+00:00,,1.0,-1.0,2.0,-2.0
2013-05-07 00:00:00+00:00,,1.0,-1.0,2.0,-2.0
2013-05-08 00:00:00+00:00,,1.0,-1.0,2.0,-2.0
2013-05-09 00:00:00+00:00,0.21545315254289962,1.0,-1.0,2.0,-2.0
2013-05-10 00:00:00+00:00,0.2139871581531231,1.0,-1.0,2.0,-2.0
2013-05-13 00:00:00+00:00,0.21252227146846767,1.0,-1.0,2.0,-2.0
2013-05-14 00:00:00+00:00,1.3156307231377204,1.0,-1.0,2.0,-2.0
2013-05-15 00:00:00+00:00,1.2880185809927494,1.0,-1.0,2.0,-2.0
2013-05-16 00:00:00+00:00,0.5082601680487276,1.0,-1.0,2.0,-2.0
2013-05-17 00:00:00+00:00,0.5049297117333409,1.0,-1.0,2.0,-2.0
2013-05-20 00:00:00+00:00,-0.5896846860838023,1.0,-1.0,2.0,-2.0
2013-05-21 00:00:00+00:00,-0.362907325229241,1.0,-1.0,2.0,-2.0
2013-05-22 00:00:00+00:00,0.39413946714373155,1.0,-1.0,2.0,-2.0
2013-05-23 00:00:00+00:00,0.38257474523130797,1.0,-1.0,2.0,-2.0
2013-05-24 00:00:00+00:00,-0.2777498194103333,1.0,-1.0,2.0,-2.0
2013-05-28 00:00:00+00:00,-0.9144511972390973,1.0,-1.0,2.0,-2.0
2013-05-29 00:00:00+00:00,-0.46425983859831094,1.0,-1.0,2.0,-2.0
2013-05-30 00:00:00+00:00,-0.46425983859831094,1.0,-1.0,2.0,-2.0
2013-05-31 00:00:00+00:00,0.42733761551175053,1.0,-1.0,2.0,-2.0
2013-06-03 00:00:00+00:00,-1.126976861545249,1.0,-1.0,2.0,-2.0
2013-06-04 00:00:00+00:00,-1.3184645922433742,1.0,-1.0,2.0,-2.0
2013-06-05 00:00:00+00:00,-1.4956437395312985,1.0,-1.0,2.0,-2.0
2013-06-06 00:00:00+00:00,-1.4543300117940603,1.0,-1.0,2.0,-2.0
2013-06-07 00:00:00+00:00,0.051003807505974004,1.0,-1.0,2.0,-2.0
2013-06-10 00:00:00+00:00,0.26575668121533824,1.0,-1.0,2.0,-2.0
2013-06-11 00:00:00+00:00,0.2629600390328744,1.0,-1.0,2.0,-2.0
2013-06-12 00:00:00+00:00,0.2601677246236946,1.0,-1.0,2.0,-2.0
2013-06-13 00:00:00+00:00,0.2601677246236946,1.0,-1.0,2.0,-2.0
2013-06-14 00:00:00+00:00,-1.0100478375517878,1.0,-1.0,2.0,-2.0
2013-06-17 00:00:00+00:00,-1.3999047749606124,1.0,-1.0,2.0,-2.0
2013-06-18 00:00:00+00:00,-1.3649368453148982,1.0,-1.0,2.0,-2.0
2013-06-19 00:00:00+00:00,-1.3314194667090002,1.0,-1.0,2.0,-2.0
2013-06-20 00:00:00+00:00,-0.4981600387398226,1.0,-1.0,2.0,-2.0
2013-06-21 00:00:00+00:00,-1.482764785406123,1.0,-1.0,2.0,-2.0
2013-06-24 00:00:00+00:00,-1.440890344049346,1.0,-1.0,2.0,-2.0
2013-06-25 00:00:00+00:00,-1.402085029685655,1.0,-1.0,2.0,-2.0
2013-06-26 00:00:00+00:00,-1.551969596946158,1.0,-1.0,2.0,-2.0
2013-06-27 00:00:00+00:00,3.5417812319124082,1.0,-1.0,2.0,-2.0
2013-06-28 00:00:00+00:00,3.252684542349446,1.0,-1.0,2.0,-2.0
2013-07-01 00:00:00+00:00,3.0207400458696108,1.0,-1.0,2.0,-2.0
2013-07-02 00:00:00+00:00,2.956510618465102,1.0,-1.0,2.0,-2.0
2013-07-03 00:00:00+00:00,1.5469500947720545,1.0,-1.0,2.0,-2.0
2013-07-04 00:00:00+00:00,1.3761530027184499,1.0,-1.0,2.0,-2.0
2013-07-05 00:00:00+00:00,1.9030473975168818,1.0,-1.0,2.0,-2.0
2013-07-08 00:00:00+00:00,2.3035695116363923,1.0,-1.0,2.0,-2.0
2013-07-09 00:00:00+00:00,1.939131744776933,1.0,-1.0,2.0,-2.0
2013-07-10 00:00:00+00:00,1.3947255118786193,1.0,-1.0,2.0,-2.0
2013-07-11 00:00:00+00:00,0.3638465490463963,1.0,-1.0,2.0,-2.0
2013-07-12 00:00:00+00:00,0.5767878081969322,1.0,-1.0,2.0,-2.0
2013-07-15 00:00:00+00:00,2.453546039774542,1.0,-1.0,2.0,-2.0
2013-07-16 00:00:00+00:00,2.045070405969075,1.0,-1.0,2.0,-2.0
2013-07-17 00:00:00+00:00,0.09175477314570657,1.0,-1.0,2.0,-2.0
2013-07-18 00:00:00+00:00,0.044132970876667905,1.0,-1.0,2.0,-2.0
2013-07-19 00:00:00+00:00,-0.029189346296546785,1.0,-1.0,2.0,-2.0
2013-07-22 00:00:00+00:00,-0.6550841585320271,1.0,-1.0,2.0,-2.0
2013-07-23 00:00:00+00:00,-0.7709043399499256,1.0,-1.0,2.0,-2.0
2013-07-24 00:00:00+00:00,-0.508977867901711,1.0,-1.0,2.0,-2.0
2013-07-25 00:00:00+00:00,-0.8945671617666434,1.0,-1.0,2.0,-2.0
2013-07-26 00:00:00+00:00,-1.073532397938803,1.0,-1.0,2.0,-2.0
2013-07-29 00:00:00+00:00,-2.756583461618664,1.0,-1.0,2.0,-2.0
2013-07-30 00:00:00+00:00,-2.2332996101138503,1.0,-1.0,2.0,-2.0
2013-07-31 00:00:00+00:00,-0.17356025155727536,1.0,-1.0,2.0,-2.0
2013-08-01 00:00:00+00:00,0.017750504213293817,1.0,-1.0,2.0,-2.0
2013-08-02 00:00:00+00:00,-0.8000559782104532,1.0,-1.0,2.0,-2.0
2013-08-05 00:00:00+00:00,0.23216506961072142,1.0,-1.0,2.0,-2.0
2013-08-06 00:00:00+00:00,0.18769588342260835,1.0,-1.0,2.0,-2.0
2013-08-07 00:00:00+00:00,0.13956611001994,1.0,-1.0,2.0,-2.0
2013-08-08 00:00:00+00:00,0.06696106580123282,1.0,-1.0,2.0,-2.0
2013-08-09 00:00:00+00:00,0.003939739949609001,1.0,-1.0,2.0,-2.0
2013-08-12 00:00:00+00:00,0.29112035889685484,1.0,-1.0,2.0,-2.0
2013-08-13 00:00:00+00:00,0.2828630338248248,1.0,-1.0,2.0,-2.0
2013-08-14 00:00:00+00:00,0.043217600914275116,1.0,-1.0,2.0,-2.0
2013-08-15 00:00:00+00:00,0.005108039984896491,1.0,-1.0,2.0,-2.0
2013-08-16 00:00:00+00:00,0.8634026666169283,1.0,-1.0,2.0,-2.0
2013-08-19 00:00:00+00:00,-0.3219280462499133,1.0,-1.0,2.0,-2.0
2013-08-20 00:00:00+00:00,-1.3655540924510676,1.0,-1.0,2.0,-2.0
2013-08-21 00:00:00+00:00,-1.2701436269754287,1.0,-1.0,2.0,-2.0
2013-08-22 00:00:00+00:00,-1.1947103271114172,1.0,-1.0,2.0,-2.0
2013-08-23 00:00:00+00:00,-1.1205527763434369,1.0,-1.0,2.0,-2.0
2013-08-26 00:00:00+00:00,-1.3642876699766204,1.0,-1.0,2.0,-2.0
2013-08-27 00:00:00+00:00,-1.3691913172649777,1.0,-1.0,2.0,-2.0
2013-08-28 00:00:00+00:00,-1.2732415864443254,1.0,-1.0,2.0,-2.0
2013-08-29 00:00:00+00:00,-1.1523481350494025,1.0,-1.0,2.0,-2.0
2013-08-30 00:00:00+00:00,-1.3875475411172395,1.0,-1.0,2.0,-2.0
2013-09-03 00:00:00+00:00,-0.4339918509712455,1.0,-1.0,2.0,-2.0
2013-09-04 00:00:00+00:00,0.8621817757948944,1.0,-1.0,2.0,-2.0
2013-09-05 00:00:00+00:00,1.170594711095655,1.0,-1.0,2.0,-2.0
2013-09-06 00:00:00+00:00,1.1437739448888102,1.0,-1.0,2.0,-2.0
2013-09-09 00:00:00+00:00,1.1850819848228709,1.0,-1.0,2.0,-2.0
2013-09-10 00:00:00+00:00,1.1610344012531641,1.0,-1.0,2.0,-2.0
2013-09-11 00:00:00+00:00,1.2001625580875652,1.0,-1.0,2.0,-2.0
2013-09-12 00:00:00+00:00,1.176923885555946,1.0,-1.0,2.0,-2.0
2013-09-13 00:00:00+00:00,1.1543611092884463,1.0,-1.0,2.0,-2.0
2013-09-16 00:00:00+00:00,1.1932872223992856,1.0,-1.0,2.0,-2.0
2013-09-17 00:00:00+00:00,0.31010912738621427,1.0,-1.0,2.0,-2.0
2013-09-18 00:00:00+00:00,0.3662161600449655,1.0,-1.0,2.0,-2.0
2013-09-19 00:00:00+00:00,0.10669045868680231,1.0,-1.0,2.0,-2.0
2013-09-20 00:00:00+00:00,0.035396631002291554,1.0,-1.0,2.0,-2.0
2013-09-23 00:00:00+00:00,0.032259724690560404,1.0,-1.0,2.0,-2.0
2013-09-24 00:00:00+00:00,-0.013729096052518581,1.0,-1.0,2.0,-2.0
2013-09-25 00:00:00+00:00,-0.046187863696103726,1.0,-1.0,2.0,-2.0
2013-09-26 00:00:00+00:00,-0.0935511766066238,1.0,-1.0,2.0,-2.0
2013-09-27 00:00:00+00:00,-0.06524017551041486,1.0,-1.0,2.0,-2.0
2013-09-30 00:00:00+00:00,-0.17636921041642953,1.0,-1.0,2.0,-2.0
2013-10-01 00:00:00+00:00,-1.1653741710083245,1.0,-1.0,2.0,-2.0
2013-10-02 00:00:00+00:00,-1.1209555358745995,1.0,-1.0,2.0,-2.0
2013-10-03 00:00:00+00:00,-1.1581139039960142,1.0,-1.0,2.0,-2.0
2013-10-04 00:00:00+00:00,-0.9444498392760879,1.0,-1.0,2.0,-2.0
2013-10-07 00:00:00+00:00,-0.9654718094992275,1.0,-1.0,2.0,-2.0
2013-10-08 00:00:00+00:00,-0.8120218874112096,1.0,-1.0,2.0,-2.0
2013-10-09 00:00:00+00:00,-0.8165284150147544,1.0,-1.0,2.0,-2.0
2013-10-10 00:00:00+00:00,-0.6747505353682922,1.0,-1.0,2.0,-2.0
2013-10-11 00:00:00+00:00,-0.7443307425072794,1.0,-1.0,2.0,-2.0
2013-10-14 00:00:00+00:00,-0.7741118606619344,1.0,-1.0,2.0,-2.0
2013-10-15 00:00:00+00:00,0.7412051523634335,1.0,-1.0,2.0,-2.0
2013-10-16 00:00:00+00:00,1.279392224599476,1.0,-1.0,2.0,-2.0
2013-10-17 00:00:00+00:00,1.5226572825924816,1.0,-1.0,2.0,-2.0
2013-10-18 00:00:00+00:00,1.4740971569563337,1.0,-1.0,2.0,-2.0
2013-10-21 00:00:00+00:00,2.7226404054317648,1.0,-1.0,2.0,-2.0
2013-10-22 00:00:00+00:00,2.2433658652878794,1.0,-1.0,2.0,-2.0
2013-10-23 00:00:00+00:00,2.348880878058775,1.0,-1.0,2.0,-2.0
2013-10-24 00:00:00+00:00,1.9736355622682602,1.0,-1.0,2.0,-2.0
2013-10-25 00:00:00+00:00,1.7152394295736864,1.0,-1.0,2.0,-2.0
2013-10-28 00:00:00+00:00,1.510319957844209,1.0,-1.0,2.0,-2.0
2013-10-29 00:00:00+00:00,0.5986741384433086,1.0,-1.0,2.0,-2.0
2013-10-30 00:00:00+00:00,0.3661606912703946,1.0,-1.0,2.0,-2.0
2013-10-31 00:00:00+00:00,1.5287222368806306,1.0,-1.0,2.0,-2.0
2013-11-01 00:00:00+00:00,1.366423737026843,1.0,-1.0,2.0,-2.0
2013-11-04 00:00:00+00:00,0.6493649414477844,1.0,-1.0,2.0,-2.0
2013-11-05 00:00:00+00:00,0.5741336625493648,1.0,-1.0,2.0,-2.0
2013-11-06 00:00:00+00:00,-0.21323425693889586,1.0,-1.0,2.0,-2.0
2013-11-07 00:00:00+00:00,-0.3145826293864075,1.0,-1.0,2.0,-2.0
2013-11-08 00:00:00+00:00,-0.46437503354414994,1.0,-1.0,2.0,-2.0
2013-11-11 00:00:00+00:00,0.04516731006329109,1.0,-1.0,2.0,-2.0
2013-11-12 00:00:00+00:00,-0.03633069947276577,1.0,-1.0,2.0,-2.0
2013-11-13 00:00:00+00:00,-0.12159283764835742,1.0,-1.0,2.0,-2.0
2013-11-14 00:00:00+00:00,-2.385245299532822,1.0,-1.0,2.0,-2.0
2013-11-15 00:00:00+00:00,-2.1340711058042374,1.0,-1.0,2.0,-2.0
2013-11-18 00:00:00+00:00,-2.0608129542601037,1.0,-1.0,2.0,-2.0
2013-11-19 00:00:00+00:00,-1.5397756964941713,1.0,-1.0,2.0,-2.0
2013-11-20 00:00:00+00:00,-1.1275368672731314,1.0,-1.0,2.0,-2.0
2013-11-21 00:00:00+00:00,-0.09474258325984458,1.0,-1.0,2.0,-2.0
2013-11-22 00:00:00+00:00,-0.15059280613966167,1.0,-1.0,2.0,-2.0
2013-11-25 00:00:00+00:00,-1.7484571709424188,1.0,-1.0,2.0,-2.0
2013-11-26 00:00:00+00:00,-1.5392867325787425,1.0,-1.0,2.0,-2.0
2013-11-27 00:00:00+00:00,-1.3786776916144852,1.0,-1.0,2.0,-2.0
2013-11-29 00:00:00+00:00,-2.7460034305441288,1.0,-1.0,2.0,-2.0
2013-12-02 00:00:00+00:00,1.1198587213728208,1.0,-1.0,2.0,-2.0
2013-12-03 00:00:00+00:00,-0.4657971306985116,1.0,-1.0,2.0,-2.0
2013-12-04 00:00:00+00:00,0.08219949365267852,1.0,-1.0,2.0,-2.0
2013-12-05 00:00:00+00:00,1.0672809981522127,1.0,-1.0,2.0,-2.0
2013-12-06 00:00:00+00:00,0.0,1.0,-1.0,2.0,-2.0
2013-12-09 00:00:00+00:00,-0.9862210084365283,1.0,-1.0,2.0,-2.0
2013-12-10 00:00:00+00:00,0.10737376874075064,1.0,-1.0,2.0,-2.0
2013-12-11 00:00:00+00:00,0.10737376874075064,1.0,-1.0,2.0,-2.0
2013-12-12 00:00:00+00:00,0.10737376874075064,1.0,-1.0,2.0,-2.0
2013-12-13 00:00:00+00:00,0.10737376874075064,1.0,-1.0,2.0,-2.0
2013-12-16 00:00:00+00:00,0.10737376874075064,1.0,-1.0,2.0,-2.0
2013-12-17 00:00:00+00:00,0.10737376874075064,1.0,-1.0,2.0,-2.0
2013-12-18 00:00:00+00:00,1.1260110866371065,1.0,-1.0,2.0,-2.0
2013-12-19 00:00:00+00:00,0.07855891302119347,1.0,-1.0,2.0,-2.0
2013-12-20 00:00:00+00:00,0.1862082439705928,1.0,-1.0,2.0,-2.0
2013-12-23 00:00:00+00:00,1.2258117225271434,1.0,-1.0,2.0,-2.0
2013-12-24 00:00:00+00:00,0.0,1.0,-1.0,2.0,-2.0
2013-12-26 00:00:00+00:00,0.0,1.0,-1.0,2.0,-2.0
2013-12-27 00:00:00+00:00,0.0,1.0,-1.0,2.0,-2.0
2013-12-30 00:00:00+00:00,-0.2452072231368408,1.0,-1.0,2.0,-2.0
2013-12-31 00:00:00+00:00,-0.1970428630051479,1.0,-1.0,2.0,-2.0
2014-01-01 00:00:00+00:00,-0.1970428630051479,1.0,-1.0,2.0,-2.0
2014-01-02 00:00:00+00:00,-0.1970428630051479,1.0,-1.0,2.0,-2.0
2014-01-03 00:00:00+00:00,-0.1970428630051479,1.0,-1.0,2.0,-2.0
2014-01-06 00:00:00+00:00,-0.1970428630051479,1.0,-1.0,2.0,-2.0
2014-01-07 00:00:00+00:00,-0.1970428630051479,1.0,-1.0,2.0,-2.0
2014-01-08 00:00:00+00:00,-3.9211479191283316,1.0,-1.0,2.0,-2.0
2014-01-09 00:00:00+00:00,-0.07334622209801771,1.0,-1.0,2.0,-2.0
2014-01-10 00:00:00+00:00,-0.06590227775840032,1.0,-1.0,2.0,-2.0
2014-01-13 00:00:00+00:00,-0.06590227775840032,1.0,-1.0,2.0,-2.0
2014-01-14 00:00:00+00:00,-0.06590227775840032,1.0,-1.0,2.0,-2.0
2014-01-15 00:00:00+00:00,-0.029493173120542542,1.0,-1.0,2.0,-2.0
2014-01-16 00:00:00+00:00,-0.029493173120542542,1.0,-1.0,2.0,-2.0
2014-01-17 00:00:00+00:00,-0.009945099509705515,1.0,-1.0,2.0,-2.0
2014-01-21 00:00:00+00:00,-0.009945099509705515,1.0,-1.0,2.0,-2.0
2014-01-22 00:00:00+00:00,-0.009945099509705515,1.0,-1.0,2.0,-2.0
2014-01-23 00:00:00+00:00,-0.009945099509705515,1.0,-1.0,2.0,-2.0
2014-01-24 00:00:00+00:00,-0.009945099509705515,1.0,-1.0,2.0,-2.0
2014-01-27 00:00:00+00:00,-0.009945099509705515,1.0,-1.0,2.0,-2.0
2014-01-28 00:00:00+00:00,1.9787047030378038,1.0,-1.0,2.0,-2.0
2014-01-29 00:00:00+00:00,-0.617665823657198,1.0,-1.0,2.0,-2.0
2014-01-30 00:00:00+00:00,0.7385489458759876,1.0,-1.0,2.0,-2.0
2014-01-31 00:00:00+00:00,0.9187959765429548,1.0,-1.0,2.0,-2.0
2014-02-03 00:00:00+00:00,1.0188716257272894,1.0,-1.0,2.0,-2.0
2014-02-04 00:00:00+00:00,0.8335677912978287,1.0,-1.0,2.0,-2.0
2014-02-05 00:00:00+00:00,0.3706523675495325,1.0,-1.0,2.0,-2.0
2014-02-06 00:00:00+00:00,-1.8827299676658802,1.0,-1.0,2.0,-2.0
2014-02-07 00:00:00+00:00,-1.1235646581231866,1.0,-1.0,2.0,-2.0
2014-02-10 00:00:00+00:00,-1.1235646581231866,1.0,-1.0,2.0,-2.0
2014-02-11 00:00:00+00:00,-0.9265872814442185,1.0,-1.0,2.0,-2.0
2014-02-12 00:00:00+00:00,-1.0099354952767734,1.0,-1.0,2.0,-2.0
2014-02-13 00:00:00+00:00,-0.8265512392262385,1.0,-1.0,2.0,-2.0
2014-02-14 00:00:00+00:00,-0.39611079976486274,1.0,-1.0,2.0,-2.0
2014-02-18 00:00:00+00:00,-0.24182123283638715,1.0,-1.0,2.0,-2.0
2014-02-19 00:00:00+00:00,-0.0260230840396433,1.0,-1.0,2.0,-2.0
2014-02-20 00:00:00+00:00,0.5410832508375144,1.0,-1.0,2.0,-2.0
2014-02-21 00:00:00+00:00,2.717368379349181,1.0,-1.0,2.0,-2.0
2014-02-24 00:00:00+00:00,1.9800808212745187,1.0,-1.0,2.0,-2.0
2014-02-25 00:00:00+00:00,1.4974115597623336,1.0,-1.0,2.0,-2.0
2014-02-26 00:00:00+00:00,1.5927139745973415,1.0,-1.0,2.0,-2.0
2014-02-27 00:00:00+00:00,1.6133205468165495,1.0,-1.0,2.0,-2.0
2014-02-28 00:00:00+00:00,1.3008773497891477,1.0,-1.0,2.0,-2.0
2014-03-03 00:00:00+00:00,-1.0240364726865825,1.0,-1.0,2.0,-2.0
2014-03-04 00:00:00+00:00,0.06619247161852435,1.0,-1.0,2.0,-2.0
2014-03-05 00:00:00+00:00,1.1107597582039972,1.0,-1.0,2.0,-2.0
2014-03-06 00:00:00+00:00,0.03830206062772404,1.0,-1.0,2.0,-2.0
2014-03-07 00:00:00+00:00,-0.18969230597929854,1.0,-1.0,2.0,-2.0
2014-03-10 00:00:00+00:00,-1.612007531601044,1.0,-1.0,2.0,-2.0
2014-03-11 00:00:00+00:00,-0.14654613923645857,1.0,-1.0,2.0,-2.0
2014-03-12 00:00:00+00:00,2.482417394775501,1.0,-1.0,2.0,-2.0
2014-03-13 00:00:00+00:00,4.8015758875984975,1.0,-1.0,2.0,-2.0
2014-03-14 00:00:00+00:00,-1.0589703244425235,1.0,-1.0,2.0,-2.0
2014-03-17 00:00:00+00:00,-0.22840536409544626,1.0,-1.0,2.0,-2.0
2014-03-18 00:00:00+00:00,0.5792224059078039,1.0,-1.0,2.0,-2.0
2014-03-19 00:00:00+00:00,-0.24823817396048742,1.0,-1.0,2.0,-2.0
2014-03-20 00:00:00+00:00,-1.0407218601827568,1.0,-1.0,2.0,-2.0
2014-03-21 00:00:00+00:00,-0.2244694208237319,1.0,-1.0,2.0,-2.0
2014-03-24 00:00:00+00:00,-0.2244694208237319,1.0,-1.0,2.0,-2.0
2014-03-25 00:00:00+00:00,0.5693136623452646,1.0,-1.0,2.0,-2.0
2014-03-26 00:00:00+00:00,-0.19573283272496753,1.0,-1.0,2.0,-2.0
2014-03-27 00:00:00+00:00,-0.2206616643548718,1.0,-1.0,2.0,-2.0
2014-03-28 00:00:00+00:00,-0.2206616643548718,1.0,-1.0,2.0,-2.0
2014-03-31 00:00:00+00:00,0.12362487373093958,1.0,-1.0,2.0,-2.0
2014-04-01 00:00:00+00:00,-0.3516468569842135,1.0,-1.0,2.0,-2.0
2014-04-02 00:00:00+00:00,0.22544734540216396,1.0,-1.0,2.0,-2.0
2014-04-03 00:00:00+00:00,-0.35114316990238903,1.0,-1.0,2.0,-2.0
2014-04-04 00:00:00+00:00,-0.19701723141310468,1.0,-1.0,2.0,-2.0
2014-04-07 00:00:00+00:00,0.19045416703826865,1.0,-1.0,2.0,-2.0
2014-04-08 00:00:00+00:00,-0.00985459016375887,1.0,-1.0,2.0,-2.0
2014-04-09 00:00:00+00:00,-2.5677852055267865,1.0,-1.0,2.0,-2.0
2014-04-10 00:00:00+00:00,1.6321395769548155,1.0,-1.0,2.0,-2.0
2014-04-11 00:00:00+00:00,-2.3755851311525498,1.0,-1.0,2.0,-2.0
2014-04-14 00:00:00+00:00,0.3730398256892586,1.0,-1.0,2.0,-2.0
2014-04-15 00:00:00+00:00,-0.14347685603433025,1.0,-1.0,2.0,-2.0
2014-04-16 00:00:00+00:00,-0.14347685603433025,1.0,-1.0,2.0,-2.0
2014-04-17 00:00:00+00:00,-0.9819041057066975,1.0,-1.0,2.0,-2.0
2014-04-21 00:00:00+00:00,-0.12807444857043881,1.0,-1.0,2.0,-2.0
2014-04-22 00:00:00+00:00,-0.12807444857043881,1.0,-1.0,2.0,-2.0
2014-04-23 00:00:00+00:00,-0.12807444857043881,1.0,-1.0,2.0,-2.0
2014-04-24 00:00:00+00:00,-0.09009870451211108,1.0,-1.0,2.0,-2.0
2014-04-25 00:00:00+00:00,-0.10600617413192003,1.0,-1.0,2.0,-2.0
2014-04-28 00:00:00+00:00,-0.10600617413192003,1.0,-1.0,2.0,-2.0
2014-04-29 00:00:00+00:00,-0.10600617413192003,1.0,-1.0,2.0,-2.0
2014-04-30 00:00:00+00:00,-0.0999971986049054,1.0,-1.0,2.0,-2.0
2014-05-01 00:00:00+00:00,-0.3885062928212448,1.0,-1.0,2.0,-2.0
2014-05-02 00:00:00+00:00,-0.021678100519477134,1.0,-1.0,2.0,-2.0
2014-05-05 00:00:00+00:00,0.38309095313939195,1.0,-1.0,2.0,-2.0
2014-05-06 00:00:00+00:00,0.5096316614111267,1.0,-1.0,2.0,-2.0
2014-05-07 00:00:00+00:00,0.7541997111515452,1.0,-1.0,2.0,-2.0
2014-05-08 00:00:00+00:00,1.0319545117679947,1.0,-1.0,2.0,-2.0
2014-05-09 00:00:00+00:00,0.9968426031418371,1.0,-1.0,2.0,-2.0
2014-05-12 00:00:00+00:00,0.9968426031418371,1.0,-1.0,2.0,-2.0
2014-05-13 00:00:00+00:00,1.0142360889647208,1.0,-1.0,2.0,-2.0
2014-05-14 00:00:00+00:00,0.9798890021820643,1.0,-1.0,2.0,-2.0
2014-05-15 00:00:00+00:00,0.9586449657348294,1.0,-1.0,2.0,-2.0
2014-05-16 00:00:00+00:00,0.9586449657348294,1.0,-1.0,2.0,-2.0
2014-05-19 00:00:00+00:00,0.394396299573254,1.0,-1.0,2.0,-2.0
2014-05-20 00:00:00+00:00,0.43272826648459395,1.0,-1.0,2.0,-2.0
2014-05-21 00:00:00+00:00,0.44852706221808897,1.0,-1.0,2.0,-2.0
2014-05-22 00:00:00+00:00,0.410700489218427,1.0,-1.0,2.0,-2.0
2014-05-23 00:00:00+00:00,0.410700489218427,1.0,-1.0,2.0,-2.0
2014-05-27 00:00:00+00:00,0.3655473981838454,1.0,-1.0,2.0,-2.0
2014-05-28 00:00:00+00:00,-0.3088396270232251,1.0,-1.0,2.0,-2.0
2014-05-29 00:00:00+00:00,-0.3355008420079421,1.0,-1.0,2.0,-2.0
2014-05-30 00:00:00+00:00,0.2814294696633156,1.0,-1.0,2.0,-2.0
2014-06-02 00:00:00+00:00,-0.10421815207040638,1.0,-1.0,2.0,-2.0
2014-06-03 00:00:00+00:00,-0.10421815207040638,1.0,-1.0,2.0,-2.0
2014-06-04 00:00:00+00:00,-0.10421815207040638,1.0,-1.0,2.0,-2.0
2014-06-05 00:00:00+00:00,-0.10421815207040638,1.0,-1.0,2.0,-2.0
2014-06-06 00:00:00+00:00,-0.10421815207040638,1.0,-1.0,2.0,-2.0
2014-06-09 00:00:00+00:00,-1.2747673380661582,1.0,-1.0,2.0,-2.0
2014-06-10 00:00:00+00:00,1.0891622972741863,1.0,-1.0,2.0,-2.0
2014-06-11 00:00:00+00:00,-0.09901475429765332,1.0,-1.0,2.0,-2.0
2014-06-12 00:00:00+00:00,-0.09901475429765332,1.0,-1.0,2.0,-2.0
2014-06-13 00:00:00+00:00,4.496563125284307,1.0,-1.0,2.0,-2.0
2014-06-16 00:00:00+00:00,-0.20914247094345612,1.0,-1.0,2.0,-2.0
2014-06-17 00:00:00+00:00,-0.16222142113075563,1.0,-1.0,2.0,-2.0
2014-06-18 00:00:00+00:00,-0.7812036820372796,1.0,-1.0,2.0,-2.0
2014-06-19 00:00:00+00:00,-0.13911846392444704,1.0,-1.0,2.0,-2.0
2014-06-20 00:00:00+00:00,-0.13911846392444704,1.0,-1.0,2.0,-2.0
2014-06-23 00:00:00+00:00,-0.13911846392444704,1.0,-1.0,2.0,-2.0
2014-06-24 00:00:00+00:00,-0.44800247174457525,1.0,-1.0,2.0,-2.0
2014-06-25 00:00:00+00:00,0.791251822950772,1.0,-1.0,2.0,-2.0
2014-06-26 00:00:00+00:00,2.5451904423500515,1.0,-1.0,2.0,-2.0
2014-06-27 00:00:00+00:00,-0.7609369305781748,1.0,-1.0,2.0,-2.0
2014-06-30 00:00:00+00:00,-0.21086204100359063,1.0,-1.0,2.0,-2.0
2014-07-01 00:00:00+00:00,2.343660194215569,1.0,-1.0,2.0,-2.0
2014-07-02 00:00:00+00:00,-0.7273428188944869,1.0,-1.0,2.0,-2.0
2014-07-03 00:00:00+00:00,-0.4040793438302705,1.0,-1.0,2.0,-2.0
2014-07-07 00:00:00+00:00,1.223620464759121,1.0,-1.0,2.0,-2.0
2014-07-08 00:00:00+00:00,0.12006004503753194,1.0,-1.0,2.0,-2.0
2014-07-09 00:00:00+00:00,-0.6531331621151176,1.0,-1.0,2.0,-2.0
2014-07-10 00:00:00+00:00,-1.1781087533805492,1.0,-1.0,2.0,-2.0
2014-07-11 00:00:00+00:00,1.3995117339719447,1.0,-1.0,2.0,-2.0
2014-07-14 00:00:00+00:00,-0.5444402953953569,1.0,-1.0,2.0,-2.0
2014-07-15 00:00:00+00:00,-0.5444402953953569,1.0,-1.0,2.0,-2.0
2014-07-16 00:00:00+00:00,0.3171098535490114,1.0,-1.0,2.0,-2.0
2014-07-17 00:00:00+00:00,-0.5194123864197616,1.0,-1.0,2.0,-2.0
2014-07-18 00:00:00+00:00,-0.5194123864197616,1.0,-1.0,2.0,-2.0
2014-07-21 00:00:00+00:00,-0.3721042037676211,1.0,-1.0,2.0,-2.0
2014-07-22 00:00:00+00:00,1.7779132739692485,1.0,-1.0,2.0,-2.0
2014-07-23 00:00:00+00:00,-0.4444783184923121,1.0,-1.0,2.0,-2.0
2014-07-24 00:00:00+00:00,0.16269784336399074,1.0,-1.0,2.0,-2.0
2014-07-25 00:00:00+00:00,0.41403933560540673,1.0,-1.0,2.0,-2.0
2014-07-28 00:00:00+00:00,-0.6210590034081102,1.0,-1.0,2.0,-2.0
2014-07-29 00:00:00+00:00,-0.6210590034081102,1.0,-1.0,2.0,-2.0
2014-07-30 00:00:00+00:00,-0.5144957554275194,1.0,-1.0,2.0,-2.0
2014-07-31 00:00:00+00:00,-0.21778937299250126,1.0,-1.0,2.0,-2.0
2014-08-01 00:00:00+00:00,0.2087940090028537,1.0,-1.0,2.0,-2.0
2014-08-04 00:00:00+00:00,0.1594008466563571,1.0,-1.0,2.0,-2.0
2014-08-05 00:00:00+00:00,-1.8080990950007358,1.0,-1.0,2.0,-2.0
2014-08-06 00:00:00+00:00,-1.7808817714217626,1.0,-1.0,2.0,-2.0
2014-08-07 00:00:00+00:00,-2.115125671309191,1.0,-1.0,2.0,-2.0
2014-08-08 00:00:00+00:00,-2.263380592257839,1.0,-1.0,2.0,-2.0
2014-08-11 00:00:00+00:00,-3.2155205695854625,1.0,-1.0,2.0,-2.0
2014-08-12 00:00:00+00:00,-2.9720104313239877,1.0,-1.0,2.0,-2.0
2014-08-13 00:00:00+00:00,-2.5251552812721836,1.0,-1.0,2.0,-2.0
2014-08-14 00:00:00+00:00,-2.214816667214939,1.0,-1.0,2.0,-2.0
2014-08-15 00:00:00+00:00,-2.1602573148744706,1.0,-1.0,2.0,-2.0
2014-08-18 00:00:00+00:00,-1.9392981538556806,1.0,-1.0,2.0,-2.0
2014-08-19 00:00:00+00:00,-1.5964513954124604,1.0,-1.0,2.0,-2.0
2014-08-20 00:00:00+00:00,-1.4786934625608392,1.0,-1.0,2.0,-2.0
2014-08-21 00:00:00+00:00,-1.3710629728095027,1.0,-1.0,2.0,-2.0
2014-08-22 00:00:00+00:00,-1.2784139450445515,1.0,-1.0,2.0,-2.0
2014-08-25 00:00:00+00:00,-0.4774102804610436,1.0,-1.0,2.0,-2.0
2014-08-26 00:00:00+00:00,-0.23781555259173517,1.0,-1.0,2.0,-2.0
2014-08-27 00:00:00+00:00,-0.3960433478716744,1.0,-1.0,2.0,-2.0
2014-08-28 00:00:00+00:00,-0.353124303191854,1.0,-1.0,2.0,-2.0
2014-08-29 00:00:00+00:00,-0.31248441648200204,1.0,-1.0,2.0,-2.0
2014-09-02 00:00:00+00:00,-0.37996363328705485,1.0,-1.0,2.0,-2.0
2014-09-03 00:00:00+00:00,-0.3366011564518406,1.0,-1.0,2.0,-2.0
2014-09-04 00:00:00+00:00,-0.29229698218419725,1.0,-1.0,2.0,-2.0
2014-09-05 00:00:00+00:00,-0.24039449020332984,1.0,-1.0,2.0,-2.0
2014-09-08 00:00:00+00:00,0.4441582111490174,1.0,-1.0,2.0,-2.0
2014-09-09 00:00:00+00:00,0.5232951208985708,1.0,-1.0,2.0,-2.0
2014-09-10 00:00:00+00:00,-0.029989402170069925,1.0,-1.0,2.0,-2.0
2014-09-11 00:00:00+00:00,0.2133437943316549,1.0,-1.0,2.0,-2.0
2014-09-12 00:00:00+00:00,0.17780526132205932,1.0,-1.0,2.0,-2.0
2014-09-15 00:00:00+00:00,0.2516286311147285,1.0,-1.0,2.0,-2.0
2014-09-16 00:00:00+00:00,0.7722964236954364,1.0,-1.0,2.0,-2.0
2014-09-17 00:00:00+00:00,0.03225748578713862,1.0,-1.0,2.0,-2.0
2014-09-18 00:00:00+00:00,0.05874531047982891,1.0,-1.0,2.0,-2.0
2014-09-19 00:00:00+00:00,0.9338615643390882,1.0,-1.0,2.0,-2.0
2014-09-22 00:00:00+00:00,0.9278526442536235,1.0,-1.0,2.0,-2.0
2014-09-23 00:00:00+00:00,0.49235897706407417,1.0,-1.0,2.0,-2.0
2014-09-24 00:00:00+00:00,0.9527274384917791,1.0,-1.0,2.0,-2.0
2014-09-25 00:00:00+00:00,0.01210623282861516,1.0,-1.0,2.0,-2.0
2014-09-26 00:00:00+00:00,0.3171424022775642,1.0,-1.0,2.0,-2.0
2014-09-29 00:00:00+00:00,0.25192885299880524,1.0,-1.0,2.0,-2.0
2014-09-30 00:00:00+00:00,0.6068018761399293,1.0,-1.0,2.0,-2.0
2014-10-01 00:00:00+00:00,-0.018014189778481328,1.0,-1.0,2.0,-2.0
2014-10-02 00:00:00+00:00,-0.018014189778481328,1.0,-1.0,2.0,-2.0
2014-10-03 00:00:00+00:00,-0.03640885037636364,1.0,-1.0,2.0,-2.0
2014-10-06 00:00:00+00:00,0.020115432390350043,1.0,-1.0,2.0,-2.0
2014-10-07 00:00:00+00:00,1.1920578537899524,1.0,-1.0,2.0,-2.0
2014-10-08 00:00:00+00:00,0.0,1.0,-1.0,2.0,-2.0
2014-10-09 00:00:00+00:00,0.020115432390350043,1.0,-1.0,2.0,-2.0
2014-10-10 00:00:00+00:00,0.020115432390350043,1.0,-1.0,2.0,-2.0
2014-10-13 00:00:00+00:00,0.020115432390350043,1.0,-1.0,2.0,-2.0
2014-10-14 00:00:00+00:00,0.020115432390350043,1.0,-1.0,2.0,-2.0
2014-10-15 00:00:00+00:00,0.09159812309606316,1.0,-1.0,2.0,-2.0
2014-10-16 00:00:00+00:00,-0.7159138828696378,1.0,-1.0,2.0,-2.0
2014-10-17 00:00:00+00:00,0.13011608057778418,1.0,-1.0,2.0,-2.0
2014-10-20 00:00:00+00:00,0.15648388374610778,1.0,-1.0,2.0,-2.0
2014-10-21 00:00:00+00:00,0.15648388374610778,1.0,-1.0,2.0,-2.0
2014-10-22 00:00:00+00:00,0.15648388374610778,1.0,-1.0,2.0,-2.0
2014-10-23 00:00:00+00:00,0.15648388374610778,1.0,-1.0,2.0,-2.0
2014-10-24 00:00:00+00:00,0.15648388374610778,1.0,-1.0,2.0,-2.0
2014-10-27 00:00:00+00:00,0.18414137497317842,1.0,-1.0,2.0,-2.0
2014-10-28 00:00:00+00:00,0.46928924923861753,1.0,-1.0,2.0,-2.0
2014-10-29 00:00:00+00:00,-0.11123565941165173,1.0,-1.0,2.0,-2.0
2014-10-30 00:00:00+00:00,-0.11123565941165173,1.0,-1.0,2.0,-2.0
2014-10-31 00:00:00+00:00,-0.11123565941165173,1.0,-1.0,2.0,-2.0
2014-11-03 00:00:00+00:00,-0.11123565941165173,1.0,-1.0,2.0,-2.0
2014-11-04 00:00:00+00:00,0.1392399192115218,1.0,-1.0,2.0,-2.0
2014-11-05 00:00:00+00:00,0.1392399192115218,1.0,-1.0,2.0,-2.0
2014-11-06 00:00:00+00:00,0.1392399192115218,1.0,-1.0,2.0,-2.0
2014-11-07 00:00:00+00:00,0.1392399192115218,1.0,-1.0,2.0,-2.0
2014-11-10 00:00:00+00:00,0.1392399192115218,1.0,-1.0,2.0,-2.0
2014-11-11 00:00:00+00:00,0.1392399192115218,1.0,-1.0,2.0,-2.0
2014-11-12 00:00:00+00:00,4.204428045510261,1.0,-1.0,2.0,-2.0
2014-11-13 00:00:00+00:00,-0.2340891539162903,1.0,-1.0,2.0,-2.0
2014-11-14 00:00:00+00:00,1.5801565529661883,1.0,-1.0,2.0,-2.0
2014-11-17 00:00:00+00:00,-0.31224650447834856,1.0,-1.0,2.0,-2.0
2014-11-18 00:00:00+00:00,-2.139404784651721,1.0,-1.0,2.0,-2.0
2014-11-19 00:00:00+00:00,-0.17213601715588558,1.0,-1.0,2.0,-2.0
2014-11-20 00:00:00+00:00,-0.480906869967198,1.0,-1.0,2.0,-2.0
2014-11-21 00:00:00+00:00,-0.15486831405723325,1.0,-1.0,2.0,-2.0
2014-11-24 00:00:00+00:00,-0.15486831405723325,1.0,-1.0,2.0,-2.0
2014-11-25 00:00:00+00:00,0.4698567918078406,1.0,-1.0,2.0,-2.0
2014-11-26 00:00:00+00:00,-2.5860668527434303,1.0,-1.0,2.0,-2.0
2014-11-27 00:00:00+00:00,-0.012866004242504628,1.0,-1.0,2.0,-2.0
2014-11-28 00:00:00+00:00,3.359342172777077,1.0,-1.0,2.0,-2.0
2014-12-01 00:00:00+00:00,-0.1850985722397686,1.0,-1.0,2.0,-2.0
2014-12-02 00:00:00+00:00,-3.3456144246026387,1.0,-1.0,2.0,-2.0
2014-12-03 00:00:00+00:00,1.7364112890096846,1.0,-1.0,2.0,-2.0
2014-12-04 00:00:00+00:00,-0.45641262016969014,1.0,-1.0,2.0,-2.0
2014-12-05 00:00:00+00:00,0.19382972847149862,1.0,-1.0,2.0,-2.0
2014-12-08 00:00:00+00:00,-0.026431326609749808,1.0,-1.0,2.0,-2.0
2014-12-09 00:00:00+00:00,-0.026431326609749808,1.0,-1.0,2.0,-2.0
2014-12-10 00:00:00+00:00,0.02258891075831159,1.0,-1.0,2.0,-2.0
2014-12-11 00:00:00+00:00,0.862629212647427,1.0,-1.0,2.0,-2.0
2014-12-12 00:00:00+00:00,0.0,1.0,-1.0,2.0,-2.0
2014-12-15 00:00:00+00:00,-2.9006351583035794,1.0,-1.0,2.0,-2.0
2014-12-16 00:00:00+00:00,0.13331807538084375,1.0,-1.0,2.0,-2.0
2014-12-17 00:00:00+00:00,-0.26786018941526835,1.0,-1.0,2.0,-2.0
2014-12-18 00:00:00+00:00,0.12010974708097763,1.0,-1.0,2.0,-2.0
2014-12-19 00:00:00+00:00,0.15257184088664724,1.0,-1.0,2.0,-2.0
2014-12-22 00:00:00+00:00,-0.06333490180419099,1.0,-1.0,2.0,-2.0
2014-12-23 00:00:00+00:00,0.17078845788679872,1.0,-1.0,2.0,-2.0
2014-12-24 00:00:00+00:00,0.1390730648445969,1.0,-1.0,2.0,-2.0
2014-12-26 00:00:00+00:00,0.1390730648445969,1.0,-1.0,2.0,-2.0
2014-12-29 00:00:00+00:00,0.22954557639876272,1.0,-1.0,2.0,-2.0
2014-12-30 00:00:00+00:00,0.22954557639876272,1.0,-1.0,2.0,-2.0
2014-12-31 00:00:00+00:00,0.12468141218904498,1.0,-1.0,2.0,-2.0
2015-01-02 00:00:00+00:00,0.22871986212481946,1.0,-1.0,2.0,-2.0
2015-01-05 00:00:00+00:00,0.20590457550738397,1.0,-1.0,2.0,-2.0
2015-01-06 00:00:00+00:00,0.2182019845622778,1.0,-1.0,2.0,-2.0
2015-01-07 00:00:00+00:00,0.2182019845622778,1.0,-1.0,2.0,-2.0
2015-01-08 00:00:00+00:00,0.2182019845622778,1.0,-1.0,2.0,-2.0
2015-01-09 00:00:00+00:00,0.2182019845622778,1.0,-1.0,2.0,-2.0
2015-01-12 00:00:00+00:00,0.27356884078382054,1.0,-1.0,2.0,-2.0
2015-01-13 00:00:00+00:00,0.27356884078382054,1.0,-1.0,2.0,-2.0
2015-01-14 00:00:00+00:00,2.0887641582411263,1.0,-1.0,2.0,-2.0
2015-01-15 00:00:00+00:00,0.1898876507491933,1.0,-1.0,2.0,-2.0
2015-01-16 00:00:00+00:00,-1.8532715355865004,1.0,-1.0,2.0,-2.0
2015-01-20 00:00:00+00:00,0.0987602826502508,1.0,-1.0,2.0,-2.0
2015-01-21 00:00:00+00:00,0.8330751608510352,1.0,-1.0,2.0,-2.0
2015-01-22 00:00:00+00:00,-1.0120907214087833,1.0,-1.0,2.0,-2.0
2015-01-23 00:00:00+00:00,1.265296380442924,1.0,-1.0,2.0,-2.0
2015-01-26 00:00:00+00:00,-0.11502694367662947,1.0,-1.0,2.0,-2.0
2015-01-27 00:00:00+00:00,-0.11502694367662947,1.0,-1.0,2.0,-2.0
2015-01-28 00:00:00+00:00,-0.11502694367662947,1.0,-1.0,2.0,-2.0
2015-01-29 00:00:00+00:00,-0.11502694367662947,1.0,-1.0,2.0,-2.0
2015-01-30 00:00:00+00:00,-0.11502694367662947,1.0,-1.0,2.0,-2.0
2015-02-02 00:00:00+00:00,-0.11502694367662947,1.0,-1.0,2.0,-2.0
2015-02-03 00:00:00+00:00,-0.11502694367662947,1.0,-1.0,2.0,-2.0
2015-02-04 00:00:00+00:00,-4.211652923915542,1.0,-1.0,2.0,-2.0
2015-02-05 00:00:00+00:00,0.20574166582346043,1.0,-1.0,2.0,-2.0
2015-02-06 00:00:00+00:00,0.9309958392624597,1.0,-1.0,2.0,-2.0
2015-02-09 00:00:00+00:00,0.16255482907757232,1.0,-1.0,2.0,-2.0
2015-02-10 00:00:00+00:00,0.16255482907757232,1.0,-1.0,2.0,-2.0
2015-02-11 00:00:00+00:00,0.16255482907757232,1.0,-1.0,2.0,-2.0
2015-02-12 00:00:00+00:00,0.18477827815988998,1.0,-1.0,2.0,-2.0
2015-02-13 00:00:00+00:00,0.18477827815988998,1.0,-1.0,2.0,-2.0
2015-02-17 00:00:00+00:00,0.16980141071172214,1.0,-1.0,2.0,-2.0
2015-02-18 00:00:00+00:00,1.4859102640592674,1.0,-1.0,2.0,-2.0
2015-02-19 00:00:00+00:00,0.09504695953646686,1.0,-1.0,2.0,-2.0
2015-02-20 00:00:00+00:00,0.08943683529120973,1.0,-1.0,2.0,-2.0
2015-02-23 00:00:00+00:00,0.09797512778777435,1.0,-1.0,2.0,-2.0
2015-02-24 00:00:00+00:00,0.09797512778777435,1.0,-1.0,2.0,-2.0
2015-02-25 00:00:00+00:00,0.09797512778777435,1.0,-1.0,2.0,-2.0
2015-02-26 00:00:00+00:00,0.09797512778777435,1.0,-1.0,2.0,-2.0
2015-02-27 00:00:00+00:00,0.09797512778777435,1.0,-1.0,2.0,-2.0
2015-03-02 00:00:00+00:00,2.024569287714097,1.0,-1.0,2.0,-2.0
2015-03-03 00:00:00+00:00,0.09363949335589991,1.0,-1.0,2.0,-2.0
2015-03-04 00:00:00+00:00,0.08395708512994844,1.0,-1.0,2.0,-2.0
2015-03-05 00:00:00+00:00,0.08900065736698182,1.0,-1.0,2.0,-2.0
2015-03-06 00:00:00+00:00,0.08900065736698182,1.0,-1.0,2.0,-2.0
2015-03-09 00:00:00+00:00,0.08900065736698182,1.0,-1.0,2.0,-2.0
2015-03-10 00:00:00+00:00,0.08900065736698182,1.0,-1.0,2.0,-2.0
2015-03-11 00:00:00+00:00,0.11032547275472362,1.0,-1.0,2.0,-2.0
2015-03-12 00:00:00+00:00,0.11032547275472362,1.0,-1.0,2.0,-2.0
2015-03-13 00:00:00+00:00,-3.127542122698093,1.0,-1.0,2.0,-2.0
2015-03-16 00:00:00+00:00,0.07471943637845273,1.0,-1.0,2.0,-2.0
2015-03-17 00:00:00+00:00,-1.8674472629254597,1.0,-1.0,2.0,-2.0
2015-03-18 00:00:00+00:00,0.47117450273078876,1.0,-1.0,2.0,-2.0
2015-03-19 00:00:00+00:00,0.8434628367118843,1.0,-1.0,2.0,-2.0
2015-03-20 00:00:00+00:00,2.2478071119267256,1.0,-1.0,2.0,-2.0
2015-03-23 00:00:00+00:00,0.01857691828038616,1.0,-1.0,2.0,-2.0
2015-03-24 00:00:00+00:00,-2.4706951691275796,1.0,-1.0,2.0,-2.0
2015-03-25 00:00:00+00:00,-0.4234404867294011,1.0,-1.0,2.0,-2.0
2015-03-26 00:00:00+00:00,-0.2770523897344153,1.0,-1.0,2.0,-2.0
2015-03-27 00:00:00+00:00,0.0736468377775028,1.0,-1.0,2.0,-2.0
2015-03-30 00:00:00+00:00,-0.4085791318369825,1.0,-1.0,2.0,-2.0
2015-03-31 00:00:00+00:00,0.08171582636739652,1.0,-1.0,2.0,-2.0
2015-04-01 00:00:00+00:00,0.08171582636739652,1.0,-1.0,2.0,-2.0
2015-04-02 00:00:00+00:00,4.321340090859095,1.0,-1.0,2.0,-2.0
2015-04-03 00:00:00+00:00,-0.28820332325553333,1.0,-1.0,2.0,-2.0
2015-04-06 00:00:00+00:00,0.0,1.0,-1.0,2.0,-2.0
2015-04-07 00:00:00+00:00,0.0,1.0,-1.0,2.0,-2.0
2015-04-08 00:00:00+00:00,0.0,1.0,-1.0,2.0,-2.0
2015-04-09 00:00:00+00:00,0.0,1.0,-1.0,2.0,-2.0
2015-04-10 00:00:00+00:00,0.006734196592316641,1.0,-1.0,2.0,-2.0
2015-04-13 00:00:00+00:00,0.006734196592316641,1.0,-1.0,2.0,-2.0
2015-04-14 00:00:00+00:00,0.001925374947598838,1.0,-1.0,2.0,-2.0
2015-04-15 00:00:00+00:00,-2.752186354604984,1.0,-1.0,2.0,-2.0
2015-04-16 00:00:00+00:00,0.050277720572305944,1.0,-1.0,2.0,-2.0
2015-04-17 00:00:00+00:00,0.41865836449985167,1.0,-1.0,2.0,-2.0
2015-04-20 00:00:00+00:00,0.04483946568893603,1.0,-1.0,2.0,-2.0
2015-04-21 00:00:00+00:00,0.04483946568893603,1.0,-1.0,2.0,-2.0
2015-04-22 00:00:00+00:00,0.04483946568893603,1.0,-1.0,2.0,-2.0
2015-04-23 00:00:00+00:00,0.04483946568893603,1.0,-1.0,2.0,-2.0
2015-04-24 00:00:00+00:00,0.04483946568893603,1.0,-1.0,2.0,-2.0
2015-04-27 00:00:00+00:00,0.04483946568893603,1.0,-1.0,2.0,-2.0
2015-04-28 00:00:00+00:00,0.04483946568893603,1.0,-1.0,2.0,-2.0
2015-04-29 00:00:00+00:00,0.31651988430528166,1.0,-1.0,2.0,-2.0
2015-04-30 00:00:00+00:00,0.2632389320915076,1.0,-1.0,2.0,-2.0
2015-05-01 00:00:00+00:00,0.09084252082641041,1.0,-1.0,2.0,-2.0
2015-05-04 00:00:00+00:00,0.0914671298325413,1.0,-1.0,2.0,-2.0
2015-05-05 00:00:00+00:00,0.09209186554727962,1.0,-1.0,2.0,-2.0
2015-05-06 00:00:00+00:00,0.019471538560481262,1.0,-1.0,2.0,-2.0
2015-05-07 00:00:00+00:00,0.02101959817561743,1.0,-1.0,2.0,-2.0
2015-05-08 00:00:00+00:00,0.024744861472153802,1.0,-1.0,2.0,-2.0
2015-05-11 00:00:00+00:00,0.028475334700581667,1.0,-1.0,2.0,-2.0
2015-05-12 00:00:00+00:00,0.03064975280650625,1.0,-1.0,2.0,-2.0
2015-05-13 00:00:00+00:00,0.032825438889695746,1.0,-1.0,2.0,-2.0
2015-05-14 00:00:00+00:00,0.18243556508279746,1.0,-1.0,2.0,-2.0
2015-05-15 00:00:00+00:00,0.25611594084562583,1.0,-1.0,2.0,-2.0
2015-05-18 00:00:00+00:00,1.056688765091836,1.0,-1.0,2.0,-2.0
2015-05-19 00:00:00+00:00,0.26917108281087526,1.0,-1.0,2.0,-2.0
2015-05-20 00:00:00+00:00,0.34198032984137045,1.0,-1.0,2.0,-2.0
2015-05-21 00:00:00+00:00,0.3409606982286876,1.0,-1.0,2.0,-2.0
2015-05-22 00:00:00+00:00,0.313418388218636,1.0,-1.0,2.0,-2.0
2015-05-26 00:00:00+00:00,0.18924697889652445,1.0,-1.0,2.0,-2.0
2015-05-27 00:00:00+00:00,-0.22303532666301784,1.0,-1.0,2.0,-2.0
2015-05-28 00:00:00+00:00,0.7507870434383437,1.0,-1.0,2.0,-2.0
2015-05-29 00:00:00+00:00,1.3654975664191575,1.0,-1.0,2.0,-2.0
2015-06-01 00:00:00+00:00,1.264504701582278,1.0,-1.0,2.0,-2.0
2015-06-02 00:00:00+00:00,0.4226971877051454,1.0,-1.0,2.0,-2.0
2015-06-03 00:00:00+00:00,0.9436239003757635,1.0,-1.0,2.0,-2.0
2015-06-04 00:00:00+00:00,-0.5642251831675168,1.0,-1.0,2.0,-2.0
2015-06-05 00:00:00+00:00,-0.5547061396644959,1.0,-1.0,2.0,-2.0
2015-06-08 00:00:00+00:00,-0.5222451393040103,1.0,-1.0,2.0,-2.0
2015-06-09 00:00:00+00:00,-0.39100132526773973,1.0,-1.0,2.0,-2.0
2015-06-10 00:00:00+00:00,0.038296955785885434,1.0,-1.0,2.0,-2.0
2015-06-11 00:00:00+00:00,-0.950466102546869,1.0,-1.0,2.0,-2.0
2015-06-12 00:00:00+00:00,-1.6524762497145236,1.0,-1.0,2.0,-2.0
2015-06-15 00:00:00+00:00,0.6595835602199219,1.0,-1.0,2.0,-2.0
2015-06-16 00:00:00+00:00,-0.11747747687873457,1.0,-1.0,2.0,-2.0
2015-06-17 00:00:00+00:00,-0.7734491045734477,1.0,-1.0,2.0,-2.0
2015-06-18 00:00:00+00:00,0.8129953876149281,1.0,-1.0,2.0,-2.0
2015-06-19 00:00:00+00:00,0.794719711116415,1.0,-1.0,2.0,-2.0
2015-06-22 00:00:00+00:00,0.6719137053142449,1.0,-1.0,2.0,-2.0
2015-06-23 00:00:00+00:00,1.5702787785912364,1.0,-1.0,2.0,-2.0
2015-06-24 00:00:00+00:00,0.9376274532757447,1.0,-1.0,2.0,-2.0
2015-06-25 00:00:00+00:00,0.8110732414188438,1.0,-1.0,2.0,-2.0
2015-06-26 00:00:00+00:00,1.7771413799983684,1.0,-1.0,2.0,-2.0
2015-06-29 00:00:00+00:00,-1.679852825668979,1.0,-1.0,2.0,-2.0
2015-06-30 00:00:00+00:00,-0.9222304179061932,1.0,-1.0,2.0,-2.0
2015-07-01 00:00:00+00:00,0.03465553673885755,1.0,-1.0,2.0,-2.0
2015-07-02 00:00:00+00:00,-0.057808358134737906,1.0,-1.0,2.0,-2.0
2015-07-03 00:00:00+00:00,-0.04449097424571837,1.0,-1.0,2.0,-2.0
2015-07-06 00:00:00+00:00,0.06155005248333137,1.0,-1.0,2.0,-2.0
2015-07-07 00:00:00+00:00,-0.8244747357242587,1.0,-1.0,2.0,-2.0
2015-07-08 00:00:00+00:00,-0.22966200133249334,1.0,-1.0,2.0,-2.0
2015-07-09 00:00:00+00:00,-0.3588847108284129,1.0,-1.0,2.0,-2.0
2015-07-10 00:00:00+00:00,-0.20897192190953853,1.0,-1.0,2.0,-2.0
2015-07-13 00:00:00+00:00,0.9702073550451488,1.0,-1.0,2.0,-2.0
2015-07-14 00:00:00+00:00,-0.5595118624877309,1.0,-1.0,2.0,-2.0
2015-07-15 00:00:00+00:00,-0.30085091752714715,1.0,-1.0,2.0,-2.0
2015-07-16 00:00:00+00:00,-0.5514917666287484,1.0,-1.0,2.0,-2.0
2015-07-17 00:00:00+00:00,-0.29198283154764965,1.0,-1.0,2.0,-2.0
2015-07-20 00:00:00+00:00,-0.5903557585724722,1.0,-1.0,2.0,-2.0
2015-07-21 00:00:00+00:00,-0.6568009639122954,1.0,-1.0,2.0,-2.0
2015-07-22 00:00:00+00:00,-0.650965982211494,1.0,-1.0,2.0,-2.0
2015-07-23 00:00:00+00:00,-0.41508980542581153,1.0,-1.0,2.0,-2.0
2015-07-24 00:00:00+00:00,-1.6403786785542938,1.0,-1.0,2.0,-2.0
2015-07-27 00:00:00+00:00,-1.8644667520538325,1.0,-1.0,2.0,-2.0
2015-07-28 00:00:00+00:00,-0.4971968524899137,1.0,-1.0,2.0,-2.0
2015-07-29 00:00:00+00:00,-0.7652637896351326,1.0,-1.0,2.0,-2.0
2015-07-30 00:00:00+00:00,2.0475381271594224,1.0,-1.0,2.0,-2.0
2015-07-31 00:00:00+00:00,1.7670912796315543,1.0,-1.0,2.0,-2.0
2015-08-03 00:00:00+00:00,-1.605594240412271,1.0,-1.0,2.0,-2.0
2015-08-04 00:00:00+00:00,-1.5829479718847461,1.0,-1.0,2.0,-2.0
2015-08-05 00:00:00+00:00,-1.5638215571901588,1.0,-1.0,2.0,-2.0
2015-08-06 00:00:00+00:00,0.26637132530154506,1.0,-1.0,2.0,-2.0
2015-08-07 00:00:00+00:00,-0.057197076201191424,1.0,-1.0,2.0,-2.0
2015-08-10 00:00:00+00:00,0.23647677769779346,1.0,-1.0,2.0,-2.0
2015-08-11 00:00:00+00:00,0.5304076962154921,1.0,-1.0,2.0,-2.0
2015-08-12 00:00:00+00:00,1.4327505627915735,1.0,-1.0,2.0,-2.0
2015-08-13 00:00:00+00:00,-1.13309479778951,1.0,-1.0,2.0,-2.0
2015-08-14 00:00:00+00:00,-1.1358637212065938,1.0,-1.0,2.0,-2.0
2015-08-17 00:00:00+00:00,2.953644768629187,1.0,-1.0,2.0,-2.0
2015-08-18 00:00:00+00:00,2.780674853443563,1.0,-1.0,2.0,-2.0
2015-08-19 00:00:00+00:00,2.631900329203495,1.0,-1.0,2.0,-2.0
2015-08-20 00:00:00+00:00,0.9634058816764436,1.0,-1.0,2.0,-2.0
2015-08-21 00:00:00+00:00,1.212268023316912,1.0,-1.0,2.0,-2.0
2015-08-24 00:00:00+00:00,0.7910960674576133,1.0,-1.0,2.0,-2.0
2015-08-25 00:00:00+00:00,1.3515472631636507,1.0,-1.0,2.0,-2.0
2015-08-26 00:00:00+00:00,0.5410325390254209,1.0,-1.0,2.0,-2.0
2015-08-27 00:00:00+00:00,0.4787557810524653,1.0,-1.0,2.0,-2.0
2015-08-28 00:00:00+00:00,0.44366977301425115,1.0,-1.0,2.0,-2.0
2015-08-31 00:00:00+00:00,0.33043953897017625,1.0,-1.0,2.0,-2.0
2015-09-01 00:00:00+00:00,0.3236575904022788,1.0,-1.0,2.0,-2.0
2015-09-02 00:00:00+00:00,-0.15553417380679505,1.0,-1.0,2.0,-2.0
2015-09-03 00:00:00+00:00,-0.15621803570072887,1.0,-1.0,2.0,-2.0
2015-09-04 00:00:00+00:00,0.23889673125073163,1.0,-1.0,2.0,-2.0
2015-09-08 00:00:00+00:00,0.4979350421858594,1.0,-1.0,2.0,-2.0
2015-09-09 00:00:00+00:00,-0.15303324475634203,1.0,-1.0,2.0,-2.0
2015-09-10 00:00:00+00:00,0.034007929411597096,1.0,-1.0,2.0,-2.0
2015-09-11 00:00:00+00:00,0.29860344166652175,1.0,-1.0,2.0,-2.0
2015-09-14 00:00:00+00:00,0.29647325073069736,1.0,-1.0,2.0,-2.0
2015-09-15 00:00:00+00:00,0.13623879227065844,1.0,-1.0,2.0,-2.0
2015-09-16 00:00:00+00:00,0.13422515859724313,1.0,-1.0,2.0,-2.0
2015-09-17 00:00:00+00:00,0.5473105919205113,1.0,-1.0,2.0,-2.0
2015-09-18 00:00:00+00:00,0.5477470723618542,1.0,-1.0,2.0,-2.0
2015-09-21 00:00:00+00:00,-0.04941561290919417,1.0,-1.0,2.0,-2.0
2015-09-22 00:00:00+00:00,0.23322064768370784,1.0,-1.0,2.0,-2.0
2015-09-23 00:00:00+00:00,0.3142052567115389,1.0,-1.0,2.0,-2.0
2015-09-24 00:00:00+00:00,0.13416262496843703,1.0,-1.0,2.0,-2.0
2015-09-25 00:00:00+00:00,-0.2275619234369547,1.0,-1.0,2.0,-2.0
2015-09-28 00:00:00+00:00,-0.20814620952100898,1.0,-1.0,2.0,-2.0
2015-09-29 00:00:00+00:00,-0.24289599626669475,1.0,-1.0,2.0,-2.0
2015-09-30 00:00:00+00:00,-0.24824350684567367,1.0,-1.0,2.0,-2.0
2015-10-01 00:00:00+00:00,-0.5187814935669238,1.0,-1.0,2.0,-2.0
2015-10-02 00:00:00+00:00,-0.5325828422586539,1.0,-1.0,2.0,-2.0
2015-10-05 00:00:00+00:00,-0.05962333373599331,1.0,-1.0,2.0,-2.0
2015-10-06 00:00:00+00:00,-0.19378686149249255,1.0,-1.0,2.0,-2.0
2015-10-07 00:00:00+00:00,-1.9550293684196982,1.0,-1.0,2.0,-2.0
2015-10-08 00:00:00+00:00,-1.9096315737288043,1.0,-1.0,2.0,-2.0
2015-10-09 00:00:00+00:00,-1.84165844655813,1.0,-1.0,2.0,-2.0
2015-10-12 00:00:00+00:00,-1.7785888927676898,1.0,-1.0,2.0,-2.0
2015-10-13 00:00:00+00:00,-0.598652974874655,1.0,-1.0,2.0,-2.0
2015-10-14 00:00:00+00:00,-0.5795274986516253,1.0,-1.0,2.0,-2.0
2015-10-15 00:00:00+00:00,-0.18928109467851031,1.0,-1.0,2.0,-2.0
2015-10-16 00:00:00+00:00,0.36073539843176256,1.0,-1.0,2.0,-2.0
2015-10-19 00:00:00+00:00,0.1153098877944846,1.0,-1.0,2.0,-2.0
2015-10-20 00:00:00+00:00,0.09382832828229766,1.0,-1.0,2.0,-2.0
2015-10-21 00:00:00+00:00,1.8476379522934219,1.0,-1.0,2.0,-2.0
2015-10-22 00:00:00+00:00,1.6561058146699446,1.0,-1.0,2.0,-2.0
2015-10-23 00:00:00+00:00,1.9634488279764921,1.0,-1.0,2.0,-2.0
2015-10-26 00:00:00+00:00,2.01488057024117,1.0,-1.0,2.0,-2.0
2015-10-27 00:00:00+00:00,0.8755600509602112,1.0,-1.0,2.0,-2.0
2015-10-28 00:00:00+00:00,0.853664693439119,1.0,-1.0,2.0,-2.0
2015-10-29 00:00:00+00:00,0.9111583160319796,1.0,-1.0,2.0,-2.0
2015-10-30 00:00:00+00:00,0.38204297296777706,1.0,-1.0,2.0,-2.0
2015-11-02 00:00:00+00:00,0.3726406467717922,1.0,-1.0,2.0,-2.0
2015-11-03 00:00:00+00:00,-0.5452351643051276,1.0,-1.0,2.0,-2.0
2015-11-04 00:00:00+00:00,-0.5474077404300902,1.0,-1.0,2.0,-2.0
2015-11-05 00:00:00+00:00,-0.18664293848292476,1.0,-1.0,2.0,-2.0
2015-11-06 00:00:00+00:00,-0.5521218309878699,1.0,-1.0,2.0,-2.0
2015-11-09 00:00:00+00:00,-0.3699248802788498,1.0,-1.0,2.0,-2.0
2015-11-10 00:00:00+00:00,-0.37379676715215265,1.0,-1.0,2.0,-2.0
2015-11-11 00:00:00+00:00,-0.3785060135995706,1.0,-1.0,2.0,-2.0
2015-11-12 00:00:00+00:00,-0.5121379002353211,1.0,-1.0,2.0,-2.0
2015-11-13 00:00:00+00:00,-0.5117263235527956,1.0,-1.0,2.0,-2.0
2015-11-16 00:00:00+00:00,-0.7939097920670988,1.0,-1.0,2.0,-2.0
2015-11-17 00:00:00+00:00,0.13736283160437035,1.0,-1.0,2.0,-2.0
2015-11-18 00:00:00+00:00,0.127240038451381,1.0,-1.0,2.0,-2.0
2015-11-19 00:00:00+00:00,-0.12940030391474805,1.0,-1.0,2.0,-2.0
2015-11-20 00:00:00+00:00,-0.1090623693629788,1.0,-1.0,2.0,-2.0
2015-11-23 00:00:00+00:00,1.099637066617061,1.0,-1.0,2.0,-2.0
2015-11-24 00:00:00+00:00,1.0786420048531016,1.0,-1.0,2.0,-2.0
2015-11-25 00:00:00+00:00,1.058795512783007,1.0,-1.0,2.0,-2.0
2015-11-27 00:00:00+00:00,1.0401459498196473,1.0,-1.0,2.0,-2.0
2015-11-30 00:00:00+00:00,0.4412995991161766,1.0,-1.0,2.0,-2.0
2015-12-01 00:00:00+00:00,0.7183998561074022,1.0,-1.0,2.0,-2.0
2015-12-02 00:00:00+00:00,1.6912833216357115,1.0,-1.0,2.0,-2.0
2015-12-03 00:00:00+00:00,1.2296637512356385,1.0,-1.0,2.0,-2.0
2015-12-04 00:00:00+00:00,1.2176229575292115,1.0,-1.0,2.0,-2.0
2015-12-07 00:00:00+00:00,1.1906133851118903,1.0,-1.0,2.0,-2.0
2015-12-08 00:00:00+00:00,-0.40518752080583936,1.0,-1.0,2.0,-2.0
2015-12-09 00:00:00+00:00,-0.3842435086426149,1.0,-1.0,2.0,-2.0
2015-12-10 00:00:00+00:00,-0.36273955492532184,1.0,-1.0,2.0,-2.0
2015-12-11 00:00:00+00:00,-0.3405418043168967,1.0,-1.0,2.0,-2.0
2015-12-14 00:00:00+00:00,0.32321919231078533,1.0,-1.0,2.0,-2.0
2015-12-15 00:00:00+00:00,0.3361159576022489,1.0,-1.0,2.0,-2.0
2015-12-16 00:00:00+00:00,-0.9679263592177058,1.0,-1.0,2.0,-2.0
2015-12-17 00:00:00+00:00,-3.590519086172618,1.0,-1.0,2.0,-2.0
2015-12-18 00:00:00+00:00,-3.2896141730244595,1.0,-1.0,2.0,-2.0
2015-12-21 00:00:00+00:00,-3.047484295391335,1.0,-1.0,2.0,-2.0
2015-12-22 00:00:00+00:00,-2.503821295388017,1.0,-1.0,2.0,-2.0
2015-12-23 00:00:00+00:00,-2.3788662914723453,1.0,-1.0,2.0,-2.0
2015-12-24 00:00:00+00:00,-2.2679361554670954,1.0,-1.0,2.0,-2.0
2015-12-28 00:00:00+00:00,-2.171699971222281,1.0,-1.0,2.0,-2.0
2015-12-29 00:00:00+00:00,-2.4969738686172205,1.0,-1.0,2.0,-2.0
2015-12-30 00:00:00+00:00,-2.372803929855412,1.0,-1.0,2.0,-2.0
2015-12-31 00:00:00+00:00,-2.16649559705143,1.0,-1.0,2.0,-2.0
2016-01-04 00:00:00+00:00,-0.1840868294429127,1.0,-1.0,2.0,-2.0
2016-01-05 00:00:00+00:00,0.4375427844715778,1.0,-1.0,2.0,-2.0
2016-01-06 00:00:00+00:00,0.43723347277740826,1.0,-1.0,2.0,-2.0
2016-01-07 00:00:00+00:00,0.12888069550770007,1.0,-1.0,2.0,-2.0
2016-01-08 00:00:00+00:00,0.13102256069549145,1.0,-1.0,2.0,-2.0
2016-01-11 00:00:00+00:00,0.13316696791981442,1.0,-1.0,2.0,-2.0
2016-01-12 00:00:00+00:00,0.1397639116058491,1.0,-1.0,2.0,-2.0
2016-01-13 00:00:00+00:00,0.4562003609060474,1.0,-1.0,2.0,-2.0
2016-01-14 00:00:00+00:00,0.9635445176402342,1.0,-1.0,2.0,-2.0
2016-01-15 00:00:00+00:00,0.9512335281156594,1.0,-1.0,2.0,-2.0
2016-01-17 00:00:00+00:00,1.140560653580949,1.0,-1.0,2.0,-2.0
2016-01-18 00:00:00+00:00,0.5200186306771057,1.0,-1.0,2.0,-2.0
2016-01-19 00:00:00+00:00,0.5124841850152004,1.0,-1.0,2.0,-2.0
2016-01-20 00:00:00+00:00,0.505252631136394,1.0,-1.0,2.0,-2.0
2016-01-21 00:00:00+00:00,-0.5105366003081794,1.0,-1.0,2.0,-2.0
2016-01-22 00:00:00+00:00,-0.5035909687928349,1.0,-1.0,2.0,-2.0
2016-01-25 00:00:00+00:00,-0.49937553158823694,1.0,-1.0,2.0,-2.0
2016-01-26 00:00:00+00:00,-0.39499615636242735,1.0,-1.0,2.0,-2.0
2016-01-27 00:00:00+00:00,-0.5878443134002784,1.0,-1.0,2.0,-2.0
2016-01-28 00:00:00+00:00,-0.7772313071409467,1.0,-1.0,2.0,-2.0
2016-01-29 00:00:00+00:00,-0.7872520707525391,1.0,-1.0,2.0,-2.0
2016-02-01 00:00:00+00:00,-0.6970913124107195,1.0,-1.0,2.0,-2.0
2016-02-02 00:00:00+00:00,-0.7088677972318551,1.0,-1.0,2.0,-2.0
2016-02-03 00:00:00+00:00,-0.7208789142626291,1.0,-1.0,2.0,-2.0
2016-02-04 00:00:00+00:00,0.5135623762818633,1.0,-1.0,2.0,-2.0
2016-02-05 00:00:00+00:00,0.502058600185925,1.0,-1.0,2.0,-2.0
2016-02-08 00:00:00+00:00,0.49379968475972724,1.0,-1.0,2.0,-2.0
2016-02-09 00:00:00+00:00,0.49100801624692875,1.0,-1.0,2.0,-2.0
2016-02-10 00:00:00+00:00,0.17967401654814882,1.0,-1.0,2.0,-2.0
2016-02-11 00:00:00+00:00,0.3825374760952619,1.0,-1.0,2.0,-2.0
2016-02-12 00:00:00+00:00,0.40022076326185696,1.0,-1.0,2.0,-2.0
2016-02-16 00:00:00+00:00,0.20782276512407108,1.0,-1.0,2.0,-2.0
2016-02-17 00:00:00+00:00,0.23012757305639042,1.0,-1.0,2.0,-2.0
2016-02-18 00:00:00+00:00,0.2554438216700062,1.0,-1.0,2.0,-2.0
2016-02-19 00:00:00+00:00,0.04700911098548288,1.0,-1.0,2.0,-2.0
2016-02-22 00:00:00+00:00,0.05868866413063168,1.0,-1.0,2.0,-2.0
2016-02-23 00:00:00+00:00,0.07141941801758264,1.0,-1.0,2.0,-2.0
2016-02-24 00:00:00+00:00,0.2550598908801837,1.0,-1.0,2.0,-2.0
2016-02-25 00:00:00+00:00,0.2550598908801837,1.0,-1.0,2.0,-2.0
2016-02-26 00:00:00+00:00,0.2520264926432651,1.0,-1.0,2.0,-2.0
2016-02-29 00:00:00+00:00,0.20775930822412247,1.0,-1.0,2.0,-2.0
2016-03-01 00:00:00+00:00,0.334267061571977,1.0,-1.0,2.0,-2.0
2016-03-02 00:00:00+00:00,-0.04104745188028487,1.0,-1.0,2.0,-2.0
2016-03-03 00:00:00+00:00,-0.14056129928965103,1.0,-1.0,2.0,-2.0
2016-03-04 00:00:00+00:00,2.699186113745133,1.0,-1.0,2.0,-2.0
2016-03-07 00:00:00+00:00,2.0501022408622176,1.0,-1.0,2.0,-2.0
2016-03-08 00:00:00+00:00,2.149349801552621,1.0,-1.0,2.0,-2.0
2016-03-09 00:00:00+00:00,1.1217581069086158,1.0,-1.0,2.0,-2.0
2016-03-10 00:00:00+00:00,-1.4723751872928437,1.0,-1.0,2.0,-2.0
2016-03-11 00:00:00+00:00,-1.1987144959725553,1.0,-1.0,2.0,-2.0
2016-03-14 00:00:00+00:00,-1.0843278340543485,1.0,-1.0,2.0,-2.0
2016-03-15 00:00:00+00:00,-0.09756219433122,1.0,-1.0,2.0,-2.0
2016-03-16 00:00:00+00:00,-0.08034119791623132,1.0,-1.0,2.0,-2.0
2016-03-17 00:00:00+00:00,-0.0629188356899877,1.0,-1.0,2.0,-2.0
2016-03-18 00:00:00+00:00,-0.036588024188854776,1.0,-1.0,2.0,-2.0
2016-03-21 00:00:00+00:00,-0.036588024188854776,1.0,-1.0,2.0,-2.0
2016-03-22 00:00:00+00:00,-0.036588024188854776,1.0,-1.0,2.0,-2.0
2016-03-23 00:00:00+00:00,-0.04119099002823614,1.0,-1.0,2.0,-2.0
2016-03-24 00:00:00+00:00,0.16401722573894179,1.0,-1.0,2.0,-2.0
2016-03-28 00:00:00+00:00,0.18701944682494334,1.0,-1.0,2.0,-2.0
2016-03-29 00:00:00+00:00,0.20527246044604386,1.0,-1.0,2.0,-2.0
2016-03-30 00:00:00+00:00,0.22411066592249934,1.0,-1.0,2.0,-2.0
2016-03-31 00:00:00+00:00,0.24358824583728744,1.0,-1.0,2.0,-2.0
2016-04-01 00:00:00+00:00,0.24358824583728744,1.0,-1.0,2.0,-2.0
2016-04-04 00:00:00+00:00,0.24358824583728744,1.0,-1.0,2.0,-2.0
2016-04-05 00:00:00+00:00,0.38332519508236806,1.0,-1.0,2.0,-2.0
2016-04-06 00:00:00+00:00,0.3813416360630497,1.0,-1.0,2.0,-2.0
2016-04-07 00:00:00+00:00,0.38635783004432084,1.0,-1.0,2.0,-2.0
2016-04-08 00:00:00+00:00,0.2042935269210161,1.0,-1.0,2.0,-2.0
2016-04-11 00:00:00+00:00,0.19896915016373476,1.0,-1.0,2.0,-2.0
2016-04-12 00:00:00+00:00,1.064970115519677,1.0,-1.0,2.0,-2.0
2016-04-13 00:00:00+00:00,1.0557859739358941,1.0,-1.0,2.0,-2.0
2016-04-14 00:00:00+00:00,1.0496801017833821,1.0,-1.0,2.0,-2.0
2016-04-15 00:00:00+00:00,1.8136164971014814,1.0,-1.0,2.0,-2.0
2016-04-18 00:00:00+00:00,1.1637693703455902,1.0,-1.0,2.0,-2.0
2016-04-19 00:00:00+00:00,1.0467737642909758,1.0,-1.0,2.0,-2.0
2016-04-20 00:00:00+00:00,1.0436247137902268,1.0,-1.0,2.0,-2.0
2016-04-21 00:00:00+00:00,1.0667418341507198,1.0,-1.0,2.0,-2.0
2016-04-22 00:00:00+00:00,1.3822914299185367,1.0,-1.0,2.0,-2.0
2016-04-25 00:00:00+00:00,1.7832296980471536,1.0,-1.0,2.0,-2.0
2016-04-26 00:00:00+00:00,0.4125982220919627,1.0,-1.0,2.0,-2.0
2016-04-27 00:00:00+00:00,0.4256919253521757,1.0,-1.0,2.0,-2.0
2016-04-28 00:00:00+00:00,0.4390874092442283,1.0,-1.0,2.0,-2.0
2016-04-29 00:00:00+00:00,-0.1599803326677565,1.0,-1.0,2.0,-2.0
2016-05-02 00:00:00+00:00,0.6981047833645978,1.0,-1.0,2.0,-2.0
2016-05-03 00:00:00+00:00,0.5957678231783563,1.0,-1.0,2.0,-2.0
2016-05-04 00:00:00+00:00,0.6366241218614073,1.0,-1.0,2.0,-2.0
2016-05-05 00:00:00+00:00,0.6353069428857465,1.0,-1.0,2.0,-2.0
2016-05-06 00:00:00+00:00,0.5868841109813683,1.0,-1.0,2.0,-2.0
2016-05-09 00:00:00+00:00,-0.1090109401114481,1.0,-1.0,2.0,-2.0
2016-05-10 00:00:00+00:00,0.4004631745021972,1.0,-1.0,2.0,-2.0
2016-05-11 00:00:00+00:00,0.3837188133407051,1.0,-1.0,2.0,-2.0
2016-05-12 00:00:00+00:00,0.3666361308353354,1.0,-1.0,2.0,-2.0
2016-05-13 00:00:00+00:00,0.21187980268822876,1.0,-1.0,2.0,-2.0
2016-05-16 00:00:00+00:00,-0.06687426106093984,1.0,-1.0,2.0,-2.0
2016-05-17 00:00:00+00:00,0.10980049092742952,1.0,-1.0,2.0,-2.0
2016-05-18 00:00:00+00:00,0.020194864713314605,1.0,-1.0,2.0,-2.0
2016-05-19 00:00:00+00:00,0.04817740666790474,1.0,-1.0,2.0,-2.0
2016-05-20 00:00:00+00:00,0.08130695883609763,1.0,-1.0,2.0,-2.0
2016-05-23 00:00:00+00:00,0.04042045456844757,1.0,-1.0,2.0,-2.0
2016-05-24 00:00:00+00:00,-0.2792747719944718,1.0,-1.0,2.0,-2.0
2016-05-25 00:00:00+00:00,-0.24905272824392902,1.0,-1.0,2.0,-2.0
2016-05-26 00:00:00+00:00,-0.21863881934649,1.0,-1.0,2.0,-2.0
2016-05-27 00:00:00+00:00,-0.1476607985625529,1.0,-1.0,2.0,-2.0
2016-05-31 00:00:00+00:00,-0.4038005982189362,1.0,-1.0,2.0,-2.0
2016-06-01 00:00:00+00:00,-0.3596483017854058,1.0,-1.0,2.0,-2.0
2016-06-02 00:00:00+00:00,-0.06127694252088395,1.0,-1.0,2.0,-2.0
2016-06-03 00:00:00+00:00,-0.14681293137560256,1.0,-1.0,2.0,-2.0
2016-06-06 00:00:00+00:00,0.3395223287177131,1.0,-1.0,2.0,-2.0
2016-06-07 00:00:00+00:00,0.786301326115807,1.0,-1.0,2.0,-2.0
2016-06-08 00:00:00+00:00,-0.05677234587396748,1.0,-1.0,2.0,-2.0
2016-06-09 00:00:00+00:00,-0.048690180747310956,1.0,-1.0,2.0,-2.0
2016-06-10 00:00:00+00:00,-0.040601435692149655,1.0,-1.0,2.0,-2.0
2016-06-13 00:00:00+00:00,-0.1587314181265081,1.0,-1.0,2.0,-2.0
2016-06-14 00:00:00+00:00,1.5907884860243164,1.0,-1.0,2.0,-2.0
2016-06-15 00:00:00+00:00,0.8820109795843263,1.0,-1.0,2.0,-2.0
2016-06-16 00:00:00+00:00,0.3460985199545116,1.0,-1.0,2.0,-2.0
2016-06-17 00:00:00+00:00,0.40379386819039687,1.0,-1.0,2.0,-2.0
2016-06-20 00:00:00+00:00,-0.5034847786952701,1.0,-1.0,2.0,-2.0
2016-06-21 00:00:00+00:00,-0.7542363610425595,1.0,-1.0,2.0,-2.0
2016-06-22 00:00:00+00:00,-0.714089116990879,1.0,-1.0,2.0,-2.0
2016-06-23 00:00:00+00:00,0.3158471094382734,1.0,-1.0,2.0,-2.0
2016-06-24 00:00:00+00:00,2.1181667753995472,1.0,-1.0,2.0,-2.0
2016-06-27 00:00:00+00:00,1.9056292783530744,1.0,-1.0,2.0,-2.0
2016-06-28 00:00:00+00:00,0.04646310219299368,1.0,-1.0,2.0,-2.0
2016-06-29 00:00:00+00:00,0.0,1.0,-1.0,2.0,-2.0
2016-06-30 00:00:00+00:00,-0.06593804733957871,1.0,-1.0,2.0,-2.0
2016-07-01 00:00:00+00:00,0.9747930618235866,1.0,-1.0,2.0,-2.0
2016-07-05 00:00:00+00:00,0.9133648106799485,1.0,-1.0,2.0,-2.0
2016-07-06 00:00:00+00:00,1.8875716063675865,1.0,-1.0,2.0,-2.0
2016-07-07 00:00:00+00:00,1.728314519533799,1.0,-1.0,2.0,-2.0
2016-07-08 00:00:00+00:00,0.6484883933564959,1.0,-1.0,2.0,-2.0
2016-07-11 00:00:00+00:00,3.8739161132817856,1.0,-1.0,2.0,-2.0
2016-07-12 00:00:00+00:00,3.0557158055066886,1.0,-1.0,2.0,-2.0
2016-07-13 00:00:00+00:00,2.5840400837611166,1.0,-1.0,2.0,-2.0
2016-07-14 00:00:00+00:00,2.2608773190926916,1.0,-1.0,2.0,-2.0
2016-07-15 00:00:00+00:00,2.014584080364281,1.0,-1.0,2.0,-2.0
2016-07-18 00:00:00+00:00,1.4567543289886593,1.0,-1.0,2.0,-2.0
2016-07-19 00:00:00+00:00,1.3550175622518263,1.0,-1.0,2.0,-2.0
2016-07-20 00:00:00+00:00,1.6177085071749224,1.0,-1.0,2.0,-2.0
2016-07-21 00:00:00+00:00,1.4929972702041066,1.0,-1.0,2.0,-2.0
2016-07-22 00:00:00+00:00,1.3847577486547424,1.0,-1.0,2.0,-2.0
2016-07-25 00:00:00+00:00,0.12937857913432357,1.0,-1.0,2.0,-2.0
2016-07-26 00:00:00+00:00,0.09331755348636477,1.0,-1.0,2.0,-2.0
2016-07-27 00:00:00+00:00,0.08241097673642095,1.0,-1.0,2.0,-2.0
2016-07-28 00:00:00+00:00,0.8489333729658533,1.0,-1.0,2.0,-2.0
2016-07-29 00:00:00+00:00,0.0,1.0,-1.0,2.0,-2.0
2016-08-01 00:00:00+00:00,-0.02804545111869825,1.0,-1.0,2.0,-2.0
2016-08-02 00:00:00+00:00,-0.056859466099962105,1.0,-1.0,2.0,-2.0
2016-08-03 00:00:00+00:00,-0.9097514575993921,1.0,-1.0,2.0,-2.0
2016-08-04 00:00:00+00:00,-0.9097514575993921,1.0,-1.0,2.0,-2.0
2016-08-05 00:00:00+00:00,-0.9397143518447736,1.0,-1.0,2.0,-2.0
2016-08-08 00:00:00+00:00,-1.680287097643593,1.0,-1.0,2.0,-2.0
2016-08-09 00:00:00+00:00,1.4979454308638633,1.0,-1.0,2.0,-2.0
2016-08-10 00:00:00+00:00,1.7244810496074074,1.0,-1.0,2.0,-2.0
2016-08-11 00:00:00+00:00,1.2539618266375339,1.0,-1.0,2.0,-2.0
2016-08-12 00:00:00+00:00,1.1702896542386543,1.0,-1.0,2.0,-2.0
2016-08-15 00:00:00+00:00,0.42150850211393814,1.0,-1.0,2.0,-2.0
2016-08-16 00:00:00+00:00,0.38738966164504435,1.0,-1.0,2.0,-2.0
2016-08-17 00:00:00+00:00,0.3453062655582317,1.0,-1.0,2.0,-2.0
2016-08-18 00:00:00+00:00,-2.3526413826181134,1.0,-1.0,2.0,-2.0
2016-08-19 00:00:00+00:00,-2.393441687558261,1.0,-1.0,2.0,-2.0
2016-08-22 00:00:00+00:00,-1.8995426961337185,1.0,-1.0,2.0,-2.0
2016-08-23 00:00:00+00:00,-0.3191543321582872,1.0,-1.0,2.0,-2.0
2016-08-24 00:00:00+00:00,0.33544999813853826,1.0,-1.0,2.0,-2.0
2016-08-25 00:00:00+00:00,-0.3242889486670681,1.0,-1.0,2.0,-2.0
2016-08-26 00:00:00+00:00,-0.31519557995731073,1.0,-1.0,2.0,-2.0
2016-08-29 00:00:00+00:00,-0.31519557995731073,1.0,-1.0,2.0,-2.0
2016-08-30 00:00:00+00:00,-0.30217021675374967,1.0,-1.0,2.0,-2.0
2016-08-31 00:00:00+00:00,-0.30217021675374967,1.0,-1.0,2.0,-2.0
2016-09-01 00:00:00+00:00,-0.30217021675374967,1.0,-1.0,2.0,-2.0
2016-09-02 00:00:00+00:00,-1.588341575590227,1.0,-1.0,2.0,-2.0
2016-09-06 00:00:00+00:00,-0.9140837669207259,1.0,-1.0,2.0,-2.0
2016-09-07 00:00:00+00:00,-0.26116679054877884,1.0,-1.0,2.0,-2.0
2016-09-08 00:00:00+00:00,-0.8838359580411327,1.0,-1.0,2.0,-2.0
2016-09-09 00:00:00+00:00,-0.2291426557884418,1.0,-1.0,2.0,-2.0
2016-09-12 00:00:00+00:00,-0.2291426557884418,1.0,-1.0,2.0,-2.0
2016-09-13 00:00:00+00:00,-0.8676353315653694,1.0,-1.0,2.0,-2.0
2016-09-14 00:00:00+00:00,-0.21690883289134236,1.0,-1.0,2.0,-2.0
2016-09-15 00:00:00+00:00,-0.21690883289134236,1.0,-1.0,2.0,-2.0
2016-09-16 00:00:00+00:00,-0.21690883289134236,1.0,-1.0,2.0,-2.0
2016-09-19 00:00:00+00:00,-0.2063226915390803,1.0,-1.0,2.0,-2.0
2016-09-20 00:00:00+00:00,-1.4541670364547266,1.0,-1.0,2.0,-2.0
2016-09-21 00:00:00+00:00,-0.16157411516163628,1.0,-1.0,2.0,-2.0
2016-09-22 00:00:00+00:00,-0.45987085264263905,1.0,-1.0,2.0,-2.0
2016-09-23 00:00:00+00:00,-0.40701448096101345,1.0,-1.0,2.0,-2.0
2016-09-26 00:00:00+00:00,-1.2990557998973904,1.0,-1.0,2.0,-2.0
2016-09-27 00:00:00+00:00,0.11035935870658857,1.0,-1.0,2.0,-2.0
2016-09-28 00:00:00+00:00,0.2274378643998475,1.0,-1.0,2.0,-2.0
2016-09-29 00:00:00+00:00,1.3971676929870636,1.0,-1.0,2.0,-2.0
2016-09-30 00:00:00+00:00,1.3045060793691414,1.0,-1.0,2.0,-2.0
2016-10-03 00:00:00+00:00,1.2153072558782918,1.0,-1.0,2.0,-2.0
2016-10-04 00:00:00+00:00,1.140089642213428,1.0,-1.0,2.0,-2.0
2016-10-05 00:00:00+00:00,2.255535562073425,1.0,-1.0,2.0,-2.0
2016-10-06 00:00:00+00:00,0.10350853315888171,1.0,-1.0,2.0,-2.0
2016-10-07 00:00:00+00:00,0.5686974097871927,1.0,-1.0,2.0,-2.0
2016-10-10 00:00:00+00:00,-1.1463996727746346,1.0,-1.0,2.0,-2.0
2016-10-11 00:00:00+00:00,-1.0725731784547208,1.0,-1.0,2.0,-2.0
2016-10-12 00:00:00+00:00,-1.0044503004664178,1.0,-1.0,2.0,-2.0
2016-10-13 00:00:00+00:00,-0.9410491815641887,1.0,-1.0,2.0,-2.0
2016-10-14 00:00:00+00:00,-0.8815943578141506,1.0,-1.0,2.0,-2.0
2016-10-17 00:00:00+00:00,-0.4009912259072361,1.0,-1.0,2.0,-2.0
2016-10-18 00:00:00+00:00,-0.8399216843649672,1.0,-1.0,2.0,-2.0
2016-10-19 00:00:00+00:00,0.9343923011407207,1.0,-1.0,2.0,-2.0
2016-10-20 00:00:00+00:00,0.8741089268735773,1.0,-1.0,2.0,-2.0
2016-10-21 00:00:00+00:00,-2.587587016602691,1.0,-1.0,2.0,-2.0
2016-10-24 00:00:00+00:00,-1.7352623356357713,1.0,-1.0,2.0,-2.0
2016-10-25 00:00:00+00:00,-1.6803881495208548,1.0,-1.0,2.0,-2.0
2016-10-26 00:00:00+00:00,-1.629515078399547,1.0,-1.0,2.0,-2.0
2016-10-27 00:00:00+00:00,-1.5869911237598315,1.0,-1.0,2.0,-2.0
2016-10-28 00:00:00+00:00,-2.5257200279337657,1.0,-1.0,2.0,-2.0
2016-10-31 00:00:00+00:00,-2.4137221605596473,1.0,-1.0,2.0,-2.0
2016-11-01 00:00:00+00:00,-0.6197041065574201,1.0,-1.0,2.0,-2.0
2016-11-02 00:00:00+00:00,-0.6000280075063052,1.0,-1.0,2.0,-2.0
2016-11-03 00:00:00+00:00,-0.5805083807430224,1.0,-1.0,2.0,-2.0
2016-11-04 00:00:00+00:00,0.9557504551942911,1.0,-1.0,2.0,-2.0
2016-11-07 00:00:00+00:00,0.9674375911727199,1.0,-1.0,2.0,-2.0
2016-11-08 00:00:00+00:00,0.9793486317349672,1.0,-1.0,2.0,-2.0
2016-11-09 00:00:00+00:00,0.9914921228079113,1.0,-1.0,2.0,-2.0
2016-11-10 00:00:00+00:00,0.9914921228079113,1.0,-1.0,2.0,-2.0
2016-11-11 00:00:00+00:00,1.9872443511511912,1.0,-1.0,2.0,-2.0
2016-11-14 00:00:00+00:00,1.9306561246029035,1.0,-1.0,2.0,-2.0
2016-11-15 00:00:00+00:00,0.17683325834462232,1.0,-1.0,2.0,-2.0
2016-11-16 00:00:00+00:00,0.2101719668738701,1.0,-1.0,2.0,-2.0
2016-11-17 00:00:00+00:00,0.25078287615676725,1.0,-1.0,2.0,-2.0
2016-11-18 00:00:00+00:00,0.2809629919048632,1.0,-1.0,2.0,-2.0
2016-11-21 00:00:00+00:00,-0.4743416490252565,1.0,-1.0,2.0,-2.0
2016-11-22 00:00:00+00:00,-0.3162277660168378,1.0,-1.0,2.0,-2.0
2016-11-23 00:00:00+00:00,,1.0,-1.0,2.0,-2.0
2016-11-25 00:00:00+00:00,,1.0,-1.0,2.0,-2.0
2016-11-28 00:00:00+00:00,,1.0,-1.0,2.0,-2.0
2016-11-29 00:00:00+00:00,,1.0,-1.0,2.0,-2.0
2016-11-30 00:00:00+00:00,,1.0,-1.0,2.0,-2.0
2016-12-01 00:00:00+00:00,2.8460498941515406,1.0,-1.0,2.0,-2.0
2016-12-02 00:00:00+00:00,1.897366596101025,1.0,-1.0,2.0,-2.0
2016-12-05 00:00:00+00:00,1.449137674618941,1.0,-1.0,2.0,-2.0
2016-12-06 00:00:00+00:00,1.1618950038622224,1.0,-1.0,2.0,-2.0
2016-12-07 00:00:00+00:00,0.5432512781572727,1.0,-1.0,2.0,-2.0
2016-12-08 00:00:00+00:00,0.4140393356054109,1.0,-1.0,2.0,-2.0
2016-12-09 00:00:00+00:00,0.28097574347450666,1.0,-1.0,2.0,-2.0
2016-12-12 00:00:00+00:00,-1.7390855656497002,1.0,-1.0,2.0,-2.0
2016-12-13 00:00:00+00:00,-1.5633744435907866,1.0,-1.0,2.0,-2.0
2016-12-14 00:00:00+00:00,-1.4216373066218175,1.0,-1.0,2.0,-2.0
2016-12-15 00:00:00+00:00,-1.1443691879473812,1.0,-1.0,2.0,-2.0
2016-12-16 00:00:00+00:00,-0.5743996205413877,1.0,-1.0,2.0,-2.0
2016-12-19 00:00:00+00:00,-0.432901373261534,1.0,-1.0,2.0,-2.0
2016-12-20 00:00:00+00:00,-0.28097574347450816,1.0,-1.0,2.0,-2.0
2016-12-21 00:00:00+00:00,-0.16071968053094624,1.0,-1.0,2.0,-2.0
2016-12-22 00:00:00+00:00,-0.16071968053094624,1.0,-1.0,2.0,-2.0
2016-12-23 00:00:00+00:00,-0.16071968053094624,1.0,-1.0,2.0,-2.0
2016-12-27 00:00:00+00:00,-0.16071968053094624,1.0,-1.0,2.0,-2.0
2016-12-28 00:00:00+00:00,-0.16071968053094624,1.0,-1.0,2.0,-2.0
2016-12-29 00:00:00+00:00,-0.16071968053094624,1.0,-1.0,2.0,-2.0
2016-12-30 00:00:00+00:00,0.2236067977499512,1.0,-1.0,2.0,-2.0
2017-01-03 00:00:00+00:00,-4.246530834408145,1.0,-1.0,2.0,-2.0
2017-01-04 00:00:00+00:00,0.25673400849774614,1.0,-1.0,2.0,-2.0
2017-01-05 00:00:00+00:00,0.22927582577071445,1.0,-1.0,2.0,-2.0
2017-01-06 00:00:00+00:00,0.22215907543853666,1.0,-1.0,2.0,-2.0
2017-01-09 00:00:00+00:00,0.2740741294785676,1.0,-1.0,2.0,-2.0
2017-01-10 00:00:00+00:00,0.21925930358285406,1.0,-1.0,2.0,-2.0
2017-01-11 00:00:00+00:00,0.21925930358285406,1.0,-1.0,2.0,-2.0
2017-01-12 00:00:00+00:00,0.21925930358285406,1.0,-1.0,2.0,-2.0
2017-01-13 00:00:00+00:00,0.21925930358285406,1.0,-1.0,2.0,-2.0
2017-01-17 00:00:00+00:00,0.40026606853494234,1.0,-1.0,2.0,-2.0
2017-01-18 00:00:00+00:00,0.3381265223237832,1.0,-1.0,2.0,-2.0
2017-01-19 00:00:00+00:00,0.35635766456925133,1.0,-1.0,2.0,-2.0
2017-01-20 00:00:00+00:00,0.19314041362150264,1.0,-1.0,2.0,-2.0
2017-01-23 00:00:00+00:00,0.19314041362150264,1.0,-1.0,2.0,-2.0
2017-01-24 00:00:00+00:00,0.19314041362150264,1.0,-1.0,2.0,-2.0
2017-01-25 00:00:00+00:00,0.19314041362150264,1.0,-1.0,2.0,-2.0
2017-01-26 00:00:00+00:00,0.19314041362150264,1.0,-1.0,2.0,-2.0
2017-01-27 00:00:00+00:00,0.19314041362150264,1.0,-1.0,2.0,-2.0
2017-01-30 00:00:00+00:00,0.24467250269921345,1.0,-1.0,2.0,-2.0
2017-01-31 00:00:00+00:00,0.19030083543272158,1.0,-1.0,2.0,-2.0
2017-02-01 00:00:00+00:00,0.3412990091165984,1.0,-1.0,2.0,-2.0
2017-02-02 00:00:00+00:00,-0.5418138349651482,1.0,-1.0,2.0,-2.0
2017-02-03 00:00:00+00:00,-0.11376633637219946,1.0,-1.0,2.0,-2.0
2017-02-06 00:00:00+00:00,-0.9828358899402134,1.0,-1.0,2.0,-2.0
2017-02-07 00:00:00+00:00,-0.4898766407711896,1.0,-1.0,2.0,-2.0
2017-02-08 00:00:00+00:00,-0.4898766407711897,1.0,-1.0,2.0,-2.0
2017-02-09 00:00:00+00:00,-0.4898766407711897,1.0,-1.0,2.0,-2.0
2017-02-10 00:00:00+00:00,-0.4898766407711897,1.0,-1.0,2.0,-2.0
2017-02-13 00:00:00+00:00,-1.9513917810471597,1.0,-1.0,2.0,-2.0
2017-02-14 00:00:00+00:00,-0.266459410915098,1.0,-1.0,2.0,-2.0
2017-02-15 00:00:00+00:00,-0.16853876591044437,1.0,-1.0,2.0,-2.0
2017-02-16 00:00:00+00:00,-3.5557443626264096,1.0,-1.0,2.0,-2.0
2017-02-17 00:00:00+00:00,0.1871444401382321,1.0,-1.0,2.0,-2.0
2017-02-21 00:00:00+00:00,0.1871444401382321,1.0,-1.0,2.0,-2.0
2017-02-22 00:00:00+00:00,0.1871444401382321,1.0,-1.0,2.0,-2.0
2017-02-23 00:00:00+00:00,-1.31723838640203,1.0,-1.0,2.0,-2.0
2017-02-24 00:00:00+00:00,-1.206572930139215,1.0,-1.0,2.0,-2.0
2017-02-27 00:00:00+00:00,-1.1172887724026057,1.0,-1.0,2.0,-2.0
2017-02-28 00:00:00+00:00,-0.6486553795034343,1.0,-1.0,2.0,-2.0
2017-03-01 00:00:00+00:00,-0.575669478813297,1.0,-1.0,2.0,-2.0
2017-03-02 00:00:00+00:00,-0.500549148984811,1.0,-1.0,2.0,-2.0
2017-03-03 00:00:00+00:00,0.6572134531420651,1.0,-1.0,2.0,-2.0
2017-03-06 00:00:00+00:00,0.7214990154568115,1.0,-1.0,2.0,-2.0
2017-03-07 00:00:00+00:00,0.7768263123097479,1.0,-1.0,2.0,-2.0
2017-03-08 00:00:00+00:00,0.8379912286909337,1.0,-1.0,2.0,-2.0
2017-03-09 00:00:00+00:00,0.9063808868011892,1.0,-1.0,2.0,-2.0
2017-03-10 00:00:00+00:00,0.9838918907751153,1.0,-1.0,2.0,-2.0
2017-03-13 00:00:00+00:00,1.073201968727406,1.0,-1.0,2.0,-2.0
2017-03-14 00:00:00+00:00,0.18586407545689634,1.0,-1.0,2.0,-2.0
2017-03-15 00:00:00+00:00,0.21681058132208192,1.0,-1.0,2.0,-2.0
2017-03-16 00:00:00+00:00,0.22694938664022365,1.0,-1.0,2.0,-2.0
2017-03-17 00:00:00+00:00,0.16627012874964256,1.0,-1.0,2.0,-2.0
2017-03-20 00:00:00+00:00,0.09319915209140231,1.0,-1.0,2.0,-2.0
2017-03-21 00:00:00+00:00,0.021854677948096857,1.0,-1.0,2.0,-2.0
2017-03-22 00:00:00+00:00,-0.05843637129027281,1.0,-1.0,2.0,-2.0
2017-03-23 00:00:00+00:00,-0.6302040864952282,1.0,-1.0,2.0,-2.0
2017-03-24 00:00:00+00:00,-1.4599927901753484,1.0,-1.0,2.0,-2.0
2017-03-27 00:00:00+00:00,-1.6710199556838201,1.0,-1.0,2.0,-2.0
2017-03-28 00:00:00+00:00,-2.7482381751129066,1.0,-1.0,2.0,-2.0
2017-03-29 00:00:00+00:00,-1.8615156839818707,1.0,-1.0,2.0,-2.0
2017-03-30 00:00:00+00:00,-1.4294491725931935,1.0,-1.0,2.0,-2.0
2017-03-31 00:00:00+00:00,-1.1493479708730132,1.0,-1.0,2.0,-2.0
2017-04-03 00:00:00+00:00,-0.940375612532465,1.0,-1.0,2.0,-2.0
2017-04-04 00:00:00+00:00,-0.7697034006271034,1.0,-1.0,2.0,-2.0
2017-04-05 00:00:00+00:00,-0.6205052279939558,1.0,-1.0,2.0,-2.0
2017-04-06 00:00:00+00:00,-0.14782181785201312,1.0,-1.0,2.0,-2.0
2017-04-07 00:00:00+00:00,0.509491340228996,1.0,-1.0,2.0,-2.0
2017-04-10 00:00:00+00:00,1.7650452162408952,1.0,-1.0,2.0,-2.0
2017-04-11 00:00:00+00:00,2.7599350317188382,1.0,-1.0,2.0,-2.0
2017-04-12 00:00:00+00:00,1.8658098752914634,1.0,-1.0,2.0,-2.0
2017-04-13 00:00:00+00:00,1.4317514192546146,1.0,-1.0,2.0,-2.0
2017-04-17 00:00:00+00:00,1.150738583804385,1.0,-1.0,2.0,-2.0
2017-04-18 00:00:00+00:00,0.9411837077072003,1.0,-1.0,2.0,-2.0
2017-04-19 00:00:00+00:00,0.7699701613517049,1.0,-1.0,2.0,-2.0
2017-04-20 00:00:00+00:00,0.1246481708658904,1.0,-1.0,2.0,-2.0
2017-04-21 00:00:00+00:00,-0.054410718758246344,1.0,-1.0,2.0,-2.0
2017-04-24 00:00:00+00:00,-0.4545960940170906,1.0,-1.0,2.0,-2.0
2017-04-25 00:00:00+00:00,-0.01692865240459539,1.0,-1.0,2.0,-2.0
2017-04-26 00:00:00+00:00,0.0,1.0,-1.0,2.0,-2.0
2017-04-27 00:00:00+00:00,0.01713126451689972,1.0,-1.0,2.0,-2.0
2017-04-28 00:00:00+00:00,0.034486438884627706,1.0,-1.0,2.0,-2.0
2017-05-01 00:00:00+00:00,0.7242152165771818,1.0,-1.0,2.0,-2.0
2017-05-02 00:00:00+00:00,0.7242152165771818,1.0,-1.0,2.0,-2.0
2017-05-03 00:00:00+00:00,0.7242152165771818,1.0,-1.0,2.0,-2.0
2017-05-04 00:00:00+00:00,0.7242152165771818,1.0,-1.0,2.0,-2.0
2017-05-05 00:00:00+00:00,0.4571320279806572,1.0,-1.0,2.0,-2.0
2017-05-08 00:00:00+00:00,0.8667787265950316,1.0,-1.0,2.0,-2.0
2017-05-09 00:00:00+00:00,0.8609017295174647,1.0,-1.0,2.0,-2.0
2017-05-10 00:00:00+00:00,1.7105063345695846,1.0,-1.0,2.0,-2.0
2017-05-11 00:00:00+00:00,1.0085679293041452,1.0,-1.0,2.0,-2.0
2017-05-12 00:00:00+00:00,0.9702354037394357,1.0,-1.0,2.0,-2.0
2017-05-15 00:00:00+00:00,1.0544499786573496,1.0,-1.0,2.0,-2.0
2017-05-16 00:00:00+00:00,1.247397174994606,1.0,-1.0,2.0,-2.0
2017-05-17 00:00:00+00:00,1.0753393647010243,1.0,-1.0,2.0,-2.0
2017-05-18 00:00:00+00:00,0.32744455765067537,1.0,-1.0,2.0,-2.0
2017-05-19 00:00:00+00:00,-0.6274819396292802,1.0,-1.0,2.0,-2.0
2017-05-22 00:00:00+00:00,0.4587405325567939,1.0,-1.0,2.0,-2.0
2017-05-23 00:00:00+00:00,0.6824536303770062,1.0,-1.0,2.0,-2.0
2017-05-24 00:00:00+00:00,0.3275656729161087,1.0,-1.0,2.0,-2.0
2017-05-25 00:00:00+00:00,0.3275656729161087,1.0,-1.0,2.0,-2.0
2017-05-26 00:00:00+00:00,0.11766968108290515,1.0,-1.0,2.0,-2.0
2017-05-30 00:00:00+00:00,1.4491376746188922,1.0,-1.0,2.0,-2.0
2017-05-31 00:00:00+00:00,1.4238880216800092,1.0,-1.0,2.0,-2.0
2017-06-01 00:00:00+00:00,0.6480740698407671,1.0,-1.0,2.0,-2.0
2017-06-02 00:00:00+00:00,-0.1519109050625452,1.0,-1.0,2.0,-2.0
2017-06-05 00:00:00+00:00,-1.0578627365977702,1.0,-1.0,2.0,-2.0
2017-06-06 00:00:00+00:00,-1.0578627365977702,1.0,-1.0,2.0,-2.0
2017-06-07 00:00:00+00:00,-1.3530077524820023,1.0,-1.0,2.0,-2.0
2017-06-08 00:00:00+00:00,-1.8234904636893368,1.0,-1.0,2.0,-2.0
2017-06-09 00:00:00+00:00,-1.4139969216448323,1.0,-1.0,2.0,-2.0
2017-06-12 00:00:00+00:00,-1.2672124943463308,1.0,-1.0,2.0,-2.0
2017-06-13 00:00:00+00:00,-1.4974115597624722,1.0,-1.0,2.0,-2.0
2017-06-14 00:00:00+00:00,-1.3132215723949785,1.0,-1.0,2.0,-2.0
2017-06-15 00:00:00+00:00,-1.1412976127916028,1.0,-1.0,2.0,-2.0
2017-06-16 00:00:00+00:00,-1.1176231874225144,1.0,-1.0,2.0,-2.0
2017-06-19 00:00:00+00:00,-0.38215382987898844,1.0,-1.0,2.0,-2.0
2017-06-20 00:00:00+00:00,-0.2078291319572523,1.0,-1.0,2.0,-2.0
2017-06-21 00:00:00+00:00,0.04580286124143126,1.0,-1.0,2.0,-2.0
2017-06-22 00:00:00+00:00,1.9154009009095383,1.0,-1.0,2.0,-2.0
2017-06-23 00:00:00+00:00,1.1336046148240124,1.0,-1.0,2.0,-2.0
2017-06-26 00:00:00+00:00,1.325757124948147,1.0,-1.0,2.0,-2.0
2017-06-27 00:00:00+00:00,0.4796935481651429,1.0,-1.0,2.0,-2.0
2017-06-28 00:00:00+00:00,0.3518083287384844,1.0,-1.0,2.0,-2.0
2017-06-29 00:00:00+00:00,0.2153874475853061,1.0,-1.0,2.0,-2.0
2017-06-30 00:00:00+00:00,0.5205801739137257,1.0,-1.0,2.0,-2.0
2017-07-03 00:00:00+00:00,1.3510559250732586,1.0,-1.0,2.0,-2.0
2017-07-05 00:00:00+00:00,1.5439507063967817,1.0,-1.0,2.0,-2.0
2017-07-06 00:00:00+00:00,0.8698944866534812,1.0,-1.0,2.0,-2.0
2017-07-07 00:00:00+00:00,1.9999999999997544,1.0,-1.0,2.0,-2.0
2017-07-10 00:00:00+00:00,1.1978754778260754,1.0,-1.0,2.0,-2.0
2017-07-11 00:00:00+00:00,0.994893406256518,1.0,-1.0,2.0,-2.0
2017-07-12 00:00:00+00:00,1.4642805902757956,1.0,-1.0,2.0,-2.0
2017-07-13 00:00:00+00:00,1.7342766741354592,1.0,-1.0,2.0,-2.0
2017-07-14 00:00:00+00:00,1.684069861420555,1.0,-1.0,2.0,-2.0
2017-07-17 00:00:00+00:00,1.4075146752255359,1.0,-1.0,2.0,-2.0
2017-07-18 00:00:00+00:00,1.4142135623729706,1.0,-1.0,2.0,-2.0
2017-07-19 00:00:00+00:00,2.4769358626345768,1.0,-1.0,2.0,-2.0
2017-07-20 00:00:00+00:00,1.6960529899389112,1.0,-1.0,2.0,-2.0
2017-07-21 00:00:00+00:00,1.4318483695282131,1.0,-1.0,2.0,-2.0
2017-07-24 00:00:00+00:00,0.5551983817780359,1.0,-1.0,2.0,-2.0
2017-07-25 00:00:00+00:00,2.924039969075615,1.0,-1.0,2.0,-2.0
2017-07-26 00:00:00+00:00,2.936325820045225,1.0,-1.0,2.0,-2.0
2017-07-27 00:00:00+00:00,2.834668638272728,1.0,-1.0,2.0,-2.0
2017-07-28 00:00:00+00:00,2.4606438044609904,1.0,-1.0,2.0,-2.0
2017-07-31 00:00:00+00:00,1.9439620439376855,1.0,-1.0,2.0,-2.0
2017-08-01 00:00:00+00:00,2.6830349082815372,1.0,-1.0,2.0,-2.0
2017-08-02 00:00:00+00:00,2.5162920324442455,1.0,-1.0,2.0,-2.0
2017-08-03 00:00:00+00:00,2.2910406114599646,1.0,-1.0,2.0,-2.0
2017-08-04 00:00:00+00:00,1.9320446409166667,1.0,-1.0,2.0,-2.0
2017-08-07 00:00:00+00:00,2.4771315407746934,1.0,-1.0,2.0,-2.0
2017-08-08 00:00:00+00:00,2.8372890886567097,1.0,-1.0,2.0,-2.0
2017-08-09 00:00:00+00:00,2.1680954175466476,1.0,-1.0,2.0,-2.0
2017-08-10 00:00:00+00:00,1.997149807997104,1.0,-1.0,2.0,-2.0
2017-08-11 00:00:00+00:00,1.9793953511398314,1.0,-1.0,2.0,-2.0
2017-08-14 00:00:00+00:00,2.2210105115578265,1.0,-1.0,2.0,-2.0
2017-08-15 00:00:00+00:00,1.537366017872654,1.0,-1.0,2.0,-2.0
2017-08-16 00:00:00+00:00,1.2272678141446225,1.0,-1.0,2.0,-2.0
2017-08-17 00:00:00+00:00,1.3234198702475812,1.0,-1.0,2.0,-2.0
2017-08-18 00:00:00+00:00,1.0986766539945536,1.0,-1.0,2.0,-2.0
2017-08-21 00:00:00+00:00,-0.10188362330441665,1.0,-1.0,2.0,-2.0
2017-08-22 00:00:00+00:00,-0.8862674869204903,1.0,-1.0,2.0,-2.0
2017-08-23 00:00:00+00:00,-1.809553474150771,1.0,-1.0,2.0,-2.0
2017-08-24 00:00:00+00:00,-0.9104728551201416,1.0,-1.0,2.0,-2.0
2017-08-25 00:00:00+00:00,-1.5772082629672826,1.0,-1.0,2.0,-2.0
2017-08-28 00:00:00+00:00,-0.9534535826977357,1.0,-1.0,2.0,-2.0
2017-08-29 00:00:00+00:00,-1.193781880976372,1.0,-1.0,2.0,-2.0
2017-08-30 00:00:00+00:00,0.04107416985598574,1.0,-1.0,2.0,-2.0
2017-08-31 00:00:00+00:00,0.12612437563141035,1.0,-1.0,2.0,-2.0
2017-09-01 00:00:00+00:00,0.04107416985598574,1.0,-1.0,2.0,-2.0
2017-09-05 00:00:00+00:00,-0.22609221858290268,1.0,-1.0,2.0,-2.0
2017-09-06 00:00:00+00:00,0.13230657648464073,1.0,-1.0,2.0,-2.0
2017-09-07 00:00:00+00:00,-0.4488106817527409,1.0,-1.0,2.0,-2.0
2017-09-08 00:00:00+00:00,-0.23180685309306368,1.0,-1.0,2.0,-2.0
2017-09-11 00:00:00+00:00,-0.21964141851701888,1.0,-1.0,2.0,-2.0
2017-09-12 00:00:00+00:00,-0.47659728109985827,1.0,-1.0,2.0,-2.0
2017-09-13 00:00:00+00:00,-1.0379478002233808,1.0,-1.0,2.0,-2.0
2017-09-14 00:00:00+00:00,-1.3064913377868157,1.0,-1.0,2.0,-2.0
2017-09-15 00:00:00+00:00,-1.2170624111259194,1.0,-1.0,2.0,-2.0
2017-09-18 00:00:00+00:00,-1.1384928637314535,1.0,-1.0,2.0,-2.0
2017-09-19 00:00:00+00:00,-0.6636440813710984,1.0,-1.0,2.0,-2.0
2017-09-20 00:00:00+00:00,-0.8805072416878078,1.0,-1.0,2.0,-2.0
2017-09-21 00:00:00+00:00,-1.32439147317903,1.0,-1.0,2.0,-2.0
2017-09-22 00:00:00+00:00,-0.5767912416685588,1.0,-1.0,2.0,-2.0
2017-09-25 00:00:00+00:00,-0.8479244433248769,1.0,-1.0,2.0,-2.0
2017-09-26 00:00:00+00:00,-1.3412421411823223,1.0,-1.0,2.0,-2.0
2017-09-27 00:00:00+00:00,-1.8160504441468908,1.0,-1.0,2.0,-2.0
2017-09-28 00:00:00+00:00,-1.8332860309176209,1.0,-1.0,2.0,-2.0
2017-09-29 00:00:00+00:00,-1.7713144914492716,1.0,-1.0,2.0,-2.0
2017-10-02 00:00:00+00:00,-1.125653772239448,1.0,-1.0,2.0,-2.0
2017-10-03 00:00:00+00:00,-0.8043551067286616,1.0,-1.0,2.0,-2.0
2017-10-04 00:00:00+00:00,-0.5850712468497568,1.0,-1.0,2.0,-2.0
2017-10-05 00:00:00+00:00,-0.264509988884339,1.0,-1.0,2.0,-2.0
2017-10-06 00:00:00+00:00,0.3065085213663286,1.0,-1.0,2.0,-2.0
2017-10-09 00:00:00+00:00,0.49939551234875507,1.0,-1.0,2.0,-2.0
2017-10-10 00:00:00+00:00,0.7058463059488886,1.0,-1.0,2.0,-2.0
2017-10-11 00:00:00+00:00,0.9886302989733242,1.0,-1.0,2.0,-2.0
2017-10-12 00:00:00+00:00,0.7025733767693576,1.0,-1.0,2.0,-2.0
2017-10-13 00:00:00+00:00,0.8731025069894008,1.0,-1.0,2.0,-2.0
2017-10-16 00:00:00+00:00,1.038501130317165,1.0,-1.0,2.0,-2.0
2017-10-17 00:00:00+00:00,1.0569167103595776,1.0,-1.0,2.0,-2.0
2017-10-18 00:00:00+00:00,0.8850318241612198,1.0,-1.0,2.0,-2.0
2017-10-19 00:00:00+00:00,0.8930729372445138,1.0,-1.0,2.0,-2.0
2017-10-20 00:00:00+00:00,0.5457482830161466,1.0,-1.0,2.0,-2.0
2017-10-23 00:00:00+00:00,0.8557768224949629,1.0,-1.0,2.0,-2.0
2017-10-24 00:00:00+00:00,0.6360290176942723,1.0,-1.0,2.0,-2.0
2017-10-25 00:00:00+00:00,0.8493969402474727,1.0,-1.0,2.0,-2.0
2017-10-26 00:00:00+00:00,0.8430763696020682,1.0,-1.0,2.0,-2.0
2017-10-27 00:00:00+00:00,0.7202889644225774,1.0,-1.0,2.0,-2.0
2017-10-30 00:00:00+00:00,1.0209560851303294,1.0,-1.0,2.0,-2.0
2017-10-31 00:00:00+00:00,0.964880707328622,1.0,-1.0,2.0,-2.0
2017-11-01 00:00:00+00:00,1.394107923393755,1.0,-1.0,2.0,-2.0
2017-11-02 00:00:00+00:00,1.2977325850043235,1.0,-1.0,2.0,-2.0
2017-11-03 00:00:00+00:00,1.2093128771182544,1.0,-1.0,2.0,-2.0
2017-11-06 00:00:00+00:00,1.5781196455919377,1.0,-1.0,2.0,-2.0
2017-11-07 00:00:00+00:00,2.047305933758631,1.0,-1.0,2.0,-2.0
2017-11-08 00:00:00+00:00,1.865107095400669,1.0,-1.0,2.0,-2.0
2017-11-09 00:00:00+00:00,1.6541283508073814,1.0,-1.0,2.0,-2.0
2017-11-10 00:00:00+00:00,1.5740216149010442,1.0,-1.0,2.0,-2.0
2017-11-13 00:00:00+00:00,1.2543268932074594,1.0,-1.0,2.0,-2.0
2017-11-14 00:00:00+00:00,1.761733337047632,1.0,-1.0,2.0,-2.0
2017-11-15 00:00:00+00:00,1.213059501061574,1.0,-1.0,2.0,-2.0
2017-11-16 00:00:00+00:00,0.41584286786595354,1.0,-1.0,2.0,-2.0
2017-11-17 00:00:00+00:00,0.3608924326556768,1.0,-1.0,2.0,-2.0
2017-11-20 00:00:00+00:00,-0.34326367622096954,1.0,-1.0,2.0,-2.0
2017-11-21 00:00:00+00:00,-1.1416397273366852,1.0,-1.0,2.0,-2.0
2017-11-22 00:00:00+00:00,-0.16998913000534793,1.0,-1.0,2.0,-2.0
2017-11-24 00:00:00+00:00,3.5425093613030727,1.0,-1.0,2.0,-2.0
2017-11-27 00:00:00+00:00,-3.0060468611275835,1.0,-1.0,2.0,-2.0
2017-11-28 00:00:00+00:00,-0.40763911585375007,1.0,-1.0,2.0,-2.0
2017-11-29 00:00:00+00:00,-0.6707638462798213,1.0,-1.0,2.0,-2.0
2017-11-30 00:00:00+00:00,-0.07400785779378305,1.0,-1.0,2.0,-2.0
2017-12-01 00:00:00+00:00,0.2170118326199422,1.0,-1.0,2.0,-2.0
2017-12-04 00:00:00+00:00,-0.10001695346286804,1.0,-1.0,2.0,-2.0
2017-12-05 00:00:00+00:00,-0.09020356995761651,1.0,-1.0,2.0,-2.0
2017-12-06 00:00:00+00:00,-0.09020356995761651,1.0,-1.0,2.0,-2.0
2017-12-07 00:00:00+00:00,-0.13081346634578908,1.0,-1.0,2.0,-2.0
2017-12-08 00:00:00+00:00,-0.11576067161634158,1.0,-1.0,2.0,-2.0
2017-12-11 00:00:00+00:00,-0.11052527794958597,1.0,-1.0,2.0,-2.0
2017-12-12 00:00:00+00:00,-5.671231546966176,1.0,-1.0,2.0,-2.0
2017-12-13 00:00:00+00:00,0.024607699381512454,1.0,-1.0,2.0,-2.0
2017-12-14 00:00:00+00:00,0.22846561367823795,1.0,-1.0,2.0,-2.0
2017-12-15 00:00:00+00:00,0.4180192282805679,1.0,-1.0,2.0,-2.0
2017-12-18 00:00:00+00:00,0.4103375908660146,1.0,-1.0,2.0,-2.0
2017-12-19 00:00:00+00:00,-0.014149572098828089,1.0,-1.0,2.0,-2.0
2017-12-20 00:00:00+00:00,-1.2707742040641457,1.0,-1.0,2.0,-2.0
2017-12-21 00:00:00+00:00,-1.4387672421103692,1.0,-1.0,2.0,-2.0
2017-12-22 00:00:00+00:00,-1.3533974229715684,1.0,-1.0,2.0,-2.0
2017-12-26 00:00:00+00:00,-1.1168993002560235,1.0,-1.0,2.0,-2.0
2017-12-27 00:00:00+00:00,0.55129783754022,1.0,-1.0,2.0,-2.0
2017-12-28 00:00:00+00:00,0.6523246904973174,1.0,-1.0,2.0,-2.0
2017-12-29 00:00:00+00:00,0.7452796946481662,1.0,-1.0,2.0,-2.0
2018-01-02 00:00:00+00:00,0.8091181233251644,1.0,-1.0,2.0,-2.0
2018-01-03 00:00:00+00:00,0.8073246496743244,1.0,-1.0,2.0,-2.0
2018-01-04 00:00:00+00:00,0.8557733150885894,1.0,-1.0,2.0,-2.0
2018-01-05 00:00:00+00:00,1.3076854427665574,1.0,-1.0,2.0,-2.0
2018-01-08 00:00:00+00:00,1.2506750466395915,1.0,-1.0,2.0,-2.0
2018-01-09 00:00:00+00:00,1.2725909289973325,1.0,-1.0,2.0,-2.0
2018-01-10 00:00:00+00:00,0.7880766098964852,1.0,-1.0,2.0,-2.0
2018-01-11 00:00:00+00:00,0.918605392999582,1.0,-1.0,2.0,-2.0
2018-01-12 00:00:00+00:00,0.9424803852389466,1.0,-1.0,2.0,-2.0
2018-01-16 00:00:00+00:00,0.892086538871371,1.0,-1.0,2.0,-2.0
2018-01-17 00:00:00+00:00,0.6530829748221456,1.0,-1.0,2.0,-2.0
2018-01-18 00:00:00+00:00,0.4258206773220804,1.0,-1.0,2.0,-2.0
2018-01-19 00:00:00+00:00,0.494468419085181,1.0,-1.0,2.0,-2.0
2018-01-22 00:00:00+00:00,0.5690113968367159,1.0,-1.0,2.0,-2.0
2018-01-23 00:00:00+00:00,0.7107891403680405,1.0,-1.0,2.0,-2.0
2018-01-24 00:00:00+00:00,0.1516654914853811,1.0,-1.0,2.0,-2.0
2018-01-25 00:00:00+00:00,0.624753050827728,1.0,-1.0,2.0,-2.0
2018-01-26 00:00:00+00:00,-0.1813799179822437,1.0,-1.0,2.0,-2.0
2018-01-29 00:00:00+00:00,-0.5598821424796838,1.0,-1.0,2.0,-2.0
2018-01-30 00:00:00+00:00,-0.8995883832388794,1.0,-1.0,2.0,-2.0
2018-01-31 00:00:00+00:00,-0.4858842444509801,1.0,-1.0,2.0,-2.0
2018-02-01 00:00:00+00:00,0.25387403825165106,1.0,-1.0,2.0,-2.0
2018-02-02 00:00:00+00:00,-0.5272768486765061,1.0,-1.0,2.0,-2.0
2018-02-05 00:00:00+00:00,-0.8467473838604542,1.0,-1.0,2.0,-2.0
2018-02-06 00:00:00+00:00,-1.6050200295685435,1.0,-1.0,2.0,-2.0
2018-02-07 00:00:00+00:00,0.38688300116612323,1.0,-1.0,2.0,-2.0
2018-02-08 00:00:00+00:00,1.338596994777419,1.0,-1.0,2.0,-2.0
2018-02-09 00:00:00+00:00,0.3199925148821855,1.0,-1.0,2.0,-2.0
2018-02-12 00:00:00+00:00,0.3932571204572676,1.0,-1.0,2.0,-2.0
2018-02-13 00:00:00+00:00,0.4780914437331363,1.0,-1.0,2.0,-2.0
2018-02-14 00:00:00+00:00,0.9884565055392108,1.0,-1.0,2.0,-2.0
2018-02-15 00:00:00+00:00,-1.4407349207140197,1.0,-1.0,2.0,-2.0
2018-02-16 00:00:00+00:00,-1.4407349207140197,1.0,-1.0,2.0,-2.0
2018-02-18 00:00:00+00:00,-1.3617738594479276,1.0,-1.0,2.0,-2.0
2018-02-19 00:00:00+00:00,-1.2247623028754233,1.0,-1.0,2.0,-2.0
2018-02-20 00:00:00+00:00,-2.3268050638069524,1.0,-1.0,2.0,-2.0
2018-02-21 00:00:00+00:00,0.5043824707791322,1.0,-1.0,2.0,-2.0
2018-02-22 00:00:00+00:00,1.5287482620609376,1.0,-1.0,2.0,-2.0
2018-02-23 00:00:00+00:00,2.0968655770368163,1.0,-1.0,2.0,-2.0
2018-02-26 00:00:00+00:00,1.698732462680272,1.0,-1.0,2.0,-2.0
2018-02-27 00:00:00+00:00,1.3143754770546994,1.0,-1.0,2.0,-2.0
2018-02-28 00:00:00+00:00,0.6943399635307401,1.0,-1.0,2.0,-2.0
2018-03-01 00:00:00+00:00,0.5826516318149806,1.0,-1.0,2.0,-2.0
2018-03-02 00:00:00+00:00,3.309567249621336,1.0,-1.0,2.0,-2.0
2018-03-05 00:00:00+00:00,3.227646531951115,1.0,-1.0,2.0,-2.0
2018-03-06 00:00:00+00:00,3.050465501039827,1.0,-1.0,2.0,-2.0
2018-03-07 00:00:00+00:00,2.6119187955890504,1.0,-1.0,2.0,-2.0
2018-03-08 00:00:00+00:00,0.2919080976960805,1.0,-1.0,2.0,-2.0
2018-03-09 00:00:00+00:00,-0.10384995012733929,1.0,-1.0,2.0,-2.0
2018-03-12 00:00:00+00:00,-0.39474190086688055,1.0,-1.0,2.0,-2.0
2018-03-13 00:00:00+00:00,0.10917429148791477,1.0,-1.0,2.0,-2.0
2018-03-14 00:00:00+00:00,-0.0952279337119991,1.0,-1.0,2.0,-2.0
2018-03-15 00:00:00+00:00,-0.7066437410348241,1.0,-1.0,2.0,-2.0
2018-03-16 00:00:00+00:00,-0.6147439779934002,1.0,-1.0,2.0,-2.0
2018-03-19 00:00:00+00:00,-1.3058659549053055,1.0,-1.0,2.0,-2.0
2018-03-20 00:00:00+00:00,-0.8788658069313751,1.0,-1.0,2.0,-2.0
2018-03-21 00:00:00+00:00,0.02909004414180404,1.0,-1.0,2.0,-2.0
2018-03-22 00:00:00+00:00,-1.3465120478703319,1.0,-1.0,2.0,-2.0
2018-03-23 00:00:00+00:00,-1.0489550032500303,1.0,-1.0,2.0,-2.0
2018-03-26 00:00:00+00:00,-0.16557047121230484,1.0,-1.0,2.0,-2.0
2018-03-27 00:00:00+00:00,-0.10840095771977161,1.0,-1.0,2.0,-2.0
2018-03-28 00:00:00+00:00,0.24765232406258336,1.0,-1.0,2.0,-2.0
2018-03-29 00:00:00+00:00,-0.2899205071901888,1.0,-1.0,2.0,-2.0
2018-04-02 00:00:00+00:00,-0.06389853833771814,1.0,-1.0,2.0,-2.0
2018-04-03 00:00:00+00:00,-0.22356825482152592,1.0,-1.0,2.0,-2.0
2018-04-04 00:00:00+00:00,-0.2492332018070369,1.0,-1.0,2.0,-2.0
2018-04-05 00:00:00+00:00,-0.3332840944600142,1.0,-1.0,2.0,-2.0
2018-04-06 00:00:00+00:00,-0.2648010613517921,1.0,-1.0,2.0,-2.0
2018-04-09 00:00:00+00:00,-0.6381892285579557,1.0,-1.0,2.0,-2.0
2018-04-10 00:00:00+00:00,0.7698437854651843,1.0,-1.0,2.0,-2.0
2018-04-11 00:00:00+00:00,-0.3554167166246114,1.0,-1.0,2.0,-2.0
2018-04-12 00:00:00+00:00,0.32714340838604355,1.0,-1.0,2.0,-2.0
2018-04-13 00:00:00+00:00,0.47421218710781643,1.0,-1.0,2.0,-2.0
2018-04-16 00:00:00+00:00,0.35571305417864224,1.0,-1.0,2.0,-2.0
2018-04-17 00:00:00+00:00,0.20005806844576404,1.0,-1.0,2.0,-2.0
2018-04-18 00:00:00+00:00,0.5045410498369914,1.0,-1.0,2.0,-2.0
2018-04-19 00:00:00+00:00,-0.7718064537604138,1.0,-1.0,2.0,-2.0
2018-04-20 00:00:00+00:00,0.5010089921248975,1.0,-1.0,2.0,-2.0
2018-04-23 00:00:00+00:00,0.20396710825317937,1.0,-1.0,2.0,-2.0
2018-04-24 00:00:00+00:00,-1.1771954243314005,1.0,-1.0,2.0,-2.0
2018-04-25 00:00:00+00:00,-0.17859373986395255,1.0,-1.0,2.0,-2.0
2018-04-26 00:00:00+00:00,-0.18375690390021937,1.0,-1.0,2.0,-2.0
2018-04-27 00:00:00+00:00,-0.6466322812287255,1.0,-1.0,2.0,-2.0
2018-04-30 00:00:00+00:00,-0.7894674182862504,1.0,-1.0,2.0,-2.0
2018-05-01 00:00:00+00:00,-0.7778152393297143,1.0,-1.0,2.0,-2.0
2018-05-02 00:00:00+00:00,-0.2387357408531679,1.0,-1.0,2.0,-2.0
2018-05-03 00:00:00+00:00,0.13639066842543443,1.0,-1.0,2.0,-2.0
2018-05-04 00:00:00+00:00,0.3573819316150966,1.0,-1.0,2.0,-2.0
2018-05-07 00:00:00+00:00,0.9510248022512773,1.0,-1.0,2.0,-2.0
2018-05-08 00:00:00+00:00,1.0785096689397082,1.0,-1.0,2.0,-2.0
2018-05-09 00:00:00+00:00,1.2721206074305842,1.0,-1.0,2.0,-2.0
2018-05-10 00:00:00+00:00,0.5033303403216421,1.0,-1.0,2.0,-2.0
2018-05-11 00:00:00+00:00,0.5629415598931783,1.0,-1.0,2.0,-2.0
2018-05-14 00:00:00+00:00,0.9923540070946654,1.0,-1.0,2.0,-2.0
2018-05-15 00:00:00+00:00,0.821781203930342,1.0,-1.0,2.0,-2.0
2018-05-16 00:00:00+00:00,-0.31212858910406643,1.0,-1.0,2.0,-2.0
2018-05-17 00:00:00+00:00,-0.8329082488098933,1.0,-1.0,2.0,-2.0
2018-05-18 00:00:00+00:00,-1.1932283206453258,1.0,-1.0,2.0,-2.0
2018-05-21 00:00:00+00:00,-1.5362146078325114,1.0,-1.0,2.0,-2.0
2018-05-22 00:00:00+00:00,-1.3751148194061824,1.0,-1.0,2.0,-2.0
2018-05-23 00:00:00+00:00,-1.3246722377331968,1.0,-1.0,2.0,-2.0
2018-05-24 00:00:00+00:00,-0.9667917515541844,1.0,-1.0,2.0,-2.0
2018-05-25 00:00:00+00:00,-0.48972944599264623,1.0,-1.0,2.0,-2.0
2018-05-28 00:00:00+00:00,0.11221786179475288,1.0,-1.0,2.0,-2.0
2018-05-29 00:00:00+00:00,0.3391719239337898,1.0,-1.0,2.0,-2.0
2018-05-30 00:00:00+00:00,0.8615497903412254,1.0,-1.0,2.0,-2.0
2018-05-31 00:00:00+00:00,2.1998095428247875,1.0,-1.0,2.0,-2.0
2018-06-01 00:00:00+00:00,1.4598475533905764,1.0,-1.0,2.0,-2.0
2018-06-04 00:00:00+00:00,1.3840573029828382,1.0,-1.0,2.0,-2.0
2018-06-05 00:00:00+00:00,1.2810789527186497,1.0,-1.0,2.0,-2.0
2018-06-06 00:00:00+00:00,1.3332470778893817,1.0,-1.0,2.0,-2.0
2018-06-07 00:00:00+00:00,0.7461240050606938,1.0,-1.0,2.0,-2.0
2018-06-08 00:00:00+00:00,-0.304914074967253,1.0,-1.0,2.0,-2.0
2018-06-11 00:00:00+00:00,0.277362402635496,1.0,-1.0,2.0,-2.0
2018-06-12 00:00:00+00:00,-0.48536218157504296,1.0,-1.0,2.0,-2.0
2018-06-13 00:00:00+00:00,-0.954662453656395,1.0,-1.0,2.0,-2.0
2018-06-14 00:00:00+00:00,-0.8016266518350403,1.0,-1.0,2.0,-2.0
2018-06-15 00:00:00+00:00,-1.3598676853209593,1.0,-1.0,2.0,-2.0
2018-06-18 00:00:00+00:00,1.7144163713273919,1.0,-1.0,2.0,-2.0
2018-06-19 00:00:00+00:00,1.9323277725510566,1.0,-1.0,2.0,-2.0
2018-06-20 00:00:00+00:00,0.8144522016537511,1.0,-1.0,2.0,-2.0
2018-06-21 00:00:00+00:00,1.0931849551954542,1.0,-1.0,2.0,-2.0
2018-06-22 00:00:00+00:00,0.5104856376826158,1.0,-1.0,2.0,-2.0
2018-06-25 00:00:00+00:00,0.41767006719486754,1.0,-1.0,2.0,-2.0
2018-06-26 00:00:00+00:00,-0.1479813096590555,1.0,-1.0,2.0,-2.0
2018-06-27 00:00:00+00:00,-1.2550931910805578,1.0,-1.0,2.0,-2.0
2018-06-28 00:00:00+00:00,-1.4312755887126565,1.0,-1.0,2.0,-2.0
2018-06-29 00:00:00+00:00,-1.2139413852516685,1.0,-1.0,2.0,-2.0
2018-07-02 00:00:00+00:00,-0.6028456011218133,1.0,-1.0,2.0,-2.0
2018-07-03 00:00:00+00:00,-0.9295803361349797,1.0,-1.0,2.0,-2.0
2018-07-05 00:00:00+00:00,-1.3117802767066278,1.0,-1.0,2.0,-2.0
2018-07-06 00:00:00+00:00,-0.6583925582244177,1.0,-1.0,2.0,-2.0
2018-07-09 00:00:00+00:00,-0.30631841038031743,1.0,-1.0,2.0,-2.0
2018-07-10 00:00:00+00:00,-0.10183967214214497,1.0,-1.0,2.0,-2.0
2018-07-11 00:00:00+00:00,2.5564268569925566,1.0,-1.0,2.0,-2.0
2018-07-12 00:00:00+00:00,1.4054624418049773,1.0,-1.0,2.0,-2.0
2018-07-13 00:00:00+00:00,1.8545450675371173,1.0,-1.0,2.0,-2.0
2018-07-16 00:00:00+00:00,2.0283234578902163,1.0,-1.0,2.0,-2.0
2018-07-17 00:00:00+00:00,1.5894574949074456,1.0,-1.0,2.0,-2.0
2018-07-18 00:00:00+00:00,1.5104896382856687,1.0,-1.0,2.0,-2.0
2018-07-19 00:00:00+00:00,1.236730073782464,1.0,-1.0,2.0,-2.0
2018-07-20 00:00:00+00:00,0.029735213963576028,1.0,-1.0,2.0,-2.0
2018-07-23 00:00:00+00:00,-0.13829796895557292,1.0,-1.0,2.0,-2.0
2018-07-24 00:00:00+00:00,-1.0255527001805191,1.0,-1.0,2.0,-2.0
2018-07-25 00:00:00+00:00,-0.25370308654945006,1.0,-1.0,2.0,-2.0
2018-07-26 00:00:00+00:00,-0.12122335432080683,1.0,-1.0,2.0,-2.0
2018-07-27 00:00:00+00:00,-0.953560879291613,1.0,-1.0,2.0,-2.0
2018-07-30 00:00:00+00:00,-0.7856402953666344,1.0,-1.0,2.0,-2.0
2018-07-31 00:00:00+00:00,0.6017216678142917,1.0,-1.0,2.0,-2.0
2018-08-01 00:00:00+00:00,0.8238536633898945,1.0,-1.0,2.0,-2.0
2018-08-02 00:00:00+00:00,1.8252659850481159,1.0,-1.0,2.0,-2.0
2018-08-03 00:00:00+00:00,-0.3738496595881681,1.0,-1.0,2.0,-2.0
2018-08-06 00:00:00+00:00,-2.055734911194616,1.0,-1.0,2.0,-2.0
2018-08-07 00:00:00+00:00,-1.6475320033697476,1.0,-1.0,2.0,-2.0
2018-08-08 00:00:00+00:00,-1.3043258115918532,1.0,-1.0,2.0,-2.0
2018-08-09 00:00:00+00:00,-1.5735634276763675,1.0,-1.0,2.0,-2.0
2018-08-10 00:00:00+00:00,-2.6674634560852577,1.0,-1.0,2.0,-2.0
2018-08-13 00:00:00+00:00,-1.855410888317293,1.0,-1.0,2.0,-2.0
2018-08-14 00:00:00+00:00,-1.42915340333336,1.0,-1.0,2.0,-2.0
2018-08-15 00:00:00+00:00,-1.0104712533593923,1.0,-1.0,2.0,-2.0
2018-08-16 00:00:00+00:00,-0.831850703913477,1.0,-1.0,2.0,-2.0
2018-08-17 00:00:00+00:00,-0.6740545958821742,1.0,-1.0,2.0,-2.0
2018-08-20 00:00:00+00:00,-0.527357513655524,1.0,-1.0,2.0,-2.0
2018-08-21 00:00:00+00:00,1.0814612435303907,1.0,-1.0,2.0,-2.0
2018-08-22 00:00:00+00:00,1.1202072194494626,1.0,-1.0,2.0,-2.0
2018-08-23 00:00:00+00:00,1.3514394950611148,1.0,-1.0,2.0,-2.0
2018-08-24 00:00:00+00:00,1.1513126266265783,1.0,-1.0,2.0,-2.0
2018-08-27 00:00:00+00:00,0.9426995616334767,1.0,-1.0,2.0,-2.0
2018-08-28 00:00:00+00:00,0.7728493251048373,1.0,-1.0,2.0,-2.0
2018-08-29 00:00:00+00:00,0.1483389542314938,1.0,-1.0,2.0,-2.0
2018-08-30 00:00:00+00:00,0.5404288192607909,1.0,-1.0,2.0,-2.0
2018-08-31 00:00:00+00:00,2.5316390291379722,1.0,-1.0,2.0,-2.0
2018-09-03 00:00:00+00:00,1.8855904713257263,1.0,-1.0,2.0,-2.0
2018-09-04 00:00:00+00:00,-0.29728624059079073,1.0,-1.0,2.0,-2.0
2018-09-05 00:00:00+00:00,-0.31911299486963646,1.0,-1.0,2.0,-2.0
2018-09-06 00:00:00+00:00,-0.3414895853515728,1.0,-1.0,2.0,-2.0
2018-09-07 00:00:00+00:00,-0.05632375319951678,1.0,-1.0,2.0,-2.0
2018-09-10 00:00:00+00:00,0.07452471178291027,1.0,-1.0,2.0,-2.0
2018-09-11 00:00:00+00:00,-1.6799197557302035,1.0,-1.0,2.0,-2.0
2018-09-12 00:00:00+00:00,-1.409476899203843,1.0,-1.0,2.0,-2.0
2018-09-13 00:00:00+00:00,0.230780667280599,1.0,-1.0,2.0,-2.0
2018-09-14 00:00:00+00:00,0.41662618228728104,1.0,-1.0,2.0,-2.0
2018-09-17 00:00:00+00:00,0.7314763476551087,1.0,-1.0,2.0,-2.0
2018-09-18 00:00:00+00:00,0.32470320286625415,1.0,-1.0,2.0,-2.0
2018-09-19 00:00:00+00:00,0.31593504435579545,1.0,-1.0,2.0,-2.0
2018-09-20 00:00:00+00:00,0.31058873320634284,1.0,-1.0,2.0,-2.0
2018-09-21 00:00:00+00:00,0.3067110041190827,1.0,-1.0,2.0,-2.0
2018-09-24 00:00:00+00:00,1.2531994201851042,1.0,-1.0,2.0,-2.0
2018-09-25 00:00:00+00:00,1.142369208533418,1.0,-1.0,2.0,-2.0
2018-09-26 00:00:00+00:00,1.1532771055749131,1.0,-1.0,2.0,-2.0
2018-09-27 00:00:00+00:00,1.7368464346646393,1.0,-1.0,2.0,-2.0
2018-09-28 00:00:00+00:00,1.7913592194961037,1.0,-1.0,2.0,-2.0
2018-10-01 00:00:00+00:00,1.5549168422912638,1.0,-1.0,2.0,-2.0
2018-10-02 00:00:00+00:00,1.5163320444484951,1.0,-1.0,2.0,-2.0
2018-10-03 00:00:00+00:00,1.47952531883202,1.0,-1.0,2.0,-2.0
2018-10-04 00:00:00+00:00,1.4439361559850346,1.0,-1.0,2.0,-2.0
2018-10-05 00:00:00+00:00,1.2853806735285693,1.0,-1.0,2.0,-2.0
2018-10-08 00:00:00+00:00,0.5048041347803686,1.0,-1.0,2.0,-2.0
2018-10-09 00:00:00+00:00,0.5770153671714315,1.0,-1.0,2.0,-2.0
2018-10-10 00:00:00+00:00,0.47131143540565146,1.0,-1.0,2.0,-2.0
2018-10-11 00:00:00+00:00,-0.09169914547519621,1.0,-1.0,2.0,-2.0
2018-10-12 00:00:00+00:00,-0.18800444930654858,1.0,-1.0,2.0,-2.0
2018-10-15 00:00:00+00:00,-0.12955378629758454,1.0,-1.0,2.0,-2.0
2018-10-16 00:00:00+00:00,-0.04772488759481898,1.0,-1.0,2.0,-2.0
2018-10-17 00:00:00+00:00,-0.37428184913712986,1.0,-1.0,2.0,-2.0
2018-10-18 00:00:00+00:00,-0.36636989877452836,1.0,-1.0,2.0,-2.0
2018-10-19 00:00:00+00:00,-0.2313726191687808,1.0,-1.0,2.0,-2.0
2018-10-22 00:00:00+00:00,-0.4032040146032197,1.0,-1.0,2.0,-2.0
2018-10-23 00:00:00+00:00,-0.3957889581079647,1.0,-1.0,2.0,-2.0
2018-10-24 00:00:00+00:00,-1.2174783701099048,1.0,-1.0,2.0,-2.0
2018-10-25 00:00:00+00:00,-1.0683864587471623,1.0,-1.0,2.0,-2.0
2018-10-26 00:00:00+00:00,-1.0473432905909874,1.0,-1.0,2.0,-2.0
2018-10-29 00:00:00+00:00,-0.9046725146962815,1.0,-1.0,2.0,-2.0
2018-10-30 00:00:00+00:00,-0.9608407646560894,1.0,-1.0,2.0,-2.0
2018-10-31 00:00:00+00:00,-0.25648362023566257,1.0,-1.0,2.0,-2.0
2018-11-01 00:00:00+00:00,-0.24798881232954556,1.0,-1.0,2.0,-2.0
2018-11-02 00:00:00+00:00,-0.23867590471066755,1.0,-1.0,2.0,-2.0
2018-11-05 00:00:00+00:00,0.28974429429463433,1.0,-1.0,2.0,-2.0
2018-11-06 00:00:00+00:00,0.3186600757008368,1.0,-1.0,2.0,-2.0
2018-11-07 00:00:00+00:00,1.1833374485194357,1.0,-1.0,2.0,-2.0
2018-11-08 00:00:00+00:00,1.054440646134091,1.0,-1.0,2.0,-2.0
2018-11-09 00:00:00+00:00,1.07355478284641,1.0,-1.0,2.0,-2.0
2018-11-12 00:00:00+00:00,1.1153085856085527,1.0,-1.0,2.0,-2.0
2018-11-13 00:00:00+00:00,1.3440588883200695,1.0,-1.0,2.0,-2.0
2018-11-14 00:00:00+00:00,0.9711214867023028,1.0,-1.0,2.0,-2.0
2018-11-15 00:00:00+00:00,0.4797370461536552,1.0,-1.0,2.0,-2.0
2018-11-16 00:00:00+00:00,0.5085104286749498,1.0,-1.0,2.0,-2.0
2018-11-19 00:00:00+00:00,0.802238547162498,1.0,-1.0,2.0,-2.0
2018-11-20 00:00:00+00:00,0.7716467727836405,1.0,-1.0,2.0,-2.0
2018-11-21 00:00:00+00:00,0.7146130311102583,1.0,-1.0,2.0,-2.0
2018-11-22 00:00:00+00:00,0.4247538777791441,1.0,-1.0,2.0,-2.0
2018-11-23 00:00:00+00:00,0.36696614367097674,1.0,-1.0,2.0,-2.0
2018-11-26 00:00:00+00:00,0.573389997167714,1.0,-1.0,2.0,-2.0
2018-11-27 00:00:00+00:00,0.6284007235055435,1.0,-1.0,2.0,-2.0
2018-11-28 00:00:00+00:00,0.5683178184811195,1.0,-1.0,2.0,-2.0
2018-11-29 00:00:00+00:00,0.5683178184811195,1.0,-1.0,2.0,-2.0
2018-11-30 00:00:00+00:00,0.27412167958632655,1.0,-1.0,2.0,-2.0
2018-12-03 00:00:00+00:00,0.27592733729678454,1.0,-1.0,2.0,-2.0
2018-12-04 00:00:00+00:00,-0.10100159166819825,1.0,-1.0,2.0,-2.0
2018-12-05 00:00:00+00:00,-0.2986683965276085,1.0,-1.0,2.0,-2.0
2018-12-06 00:00:00+00:00,0.09659779120436338,1.0,-1.0,2.0,-2.0
2018-12-07 00:00:00+00:00,-0.2831202583960425,1.0,-1.0,2.0,-2.0
2018-12-10 00:00:00+00:00,-0.21928149037472125,1.0,-1.0,2.0,-2.0
2018-12-11 00:00:00+00:00,0.021265957684998973,1.0,-1.0,2.0,-2.0
2018-12-12 00:00:00+00:00,-0.0365547096222059,1.0,-1.0,2.0,-2.0
2018-12-13 00:00:00+00:00,0.5242512505229223,1.0,-1.0,2.0,-2.0
2018-12-14 00:00:00+00:00,-0.22993197825423978,1.0,-1.0,2.0,-2.0
2018-12-17 00:00:00+00:00,-0.23880682245473026,1.0,-1.0,2.0,-2.0
2018-12-18 00:00:00+00:00,0.23701140190532236,1.0,-1.0,2.0,-2.0
2018-12-19 00:00:00+00:00,0.22785037340440614,1.0,-1.0,2.0,-2.0
2018-12-20 00:00:00+00:00,-0.26342338521544023,1.0,-1.0,2.0,-2.0
2018-12-21 00:00:00+00:00,-0.14641543096421897,1.0,-1.0,2.0,-2.0
2018-12-24 00:00:00+00:00,-0.27472210205791214,1.0,-1.0,2.0,-2.0
2018-12-26 00:00:00+00:00,-0.20101588244792587,1.0,-1.0,2.0,-2.0
2018-12-27 00:00:00+00:00,-0.12836429929987722,1.0,-1.0,2.0,-2.0
2018-12-28 00:00:00+00:00,-0.2781226484830673,1.0,-1.0,2.0,-2.0
2018-12-31 00:00:00+00:00,-0.2781226484830673,1.0,-1.0,2.0,-2.0
2019-01-02 00:00:00+00:00,-0.26211312199148307,1.0,-1.0,2.0,-2.0
2019-01-03 00:00:00+00:00,-0.24722959744528458,1.0,-1.0,2.0,-2.0
2019-01-04 00:00:00+00:00,-0.2318363123880542,1.0,-1.0,2.0,-2.0
2019-01-07 00:00:00+00:00,-1.9581451572692345,1.0,-1.0,2.0,-2.0
2019-01-08 00:00:00+00:00,-1.799463330788087,1.0,-1.0,2.0,-2.0
2019-01-09 00:00:00+00:00,-1.7498671305858342,1.0,-1.0,2.0,-2.0
2019-01-10 00:00:00+00:00,-1.6322829378965962,1.0,-1.0,2.0,-2.0
2019-01-11 00:00:00+00:00,-1.5947504994210726,1.0,-1.0,2.0,-2.0
2019-01-14 00:00:00+00:00,-1.5608699869431983,1.0,-1.0,2.0,-2.0
2019-01-15 00:00:00+00:00,-1.5246522684565875,1.0,-1.0,2.0,-2.0
2019-01-16 00:00:00+00:00,1.3800198785458477,1.0,-1.0,2.0,-2.0
2019-01-17 00:00:00+00:00,1.3080180182657926,1.0,-1.0,2.0,-2.0
2019-01-18 00:00:00+00:00,1.4607350138662087,1.0,-1.0,2.0,-2.0
2019-01-22 00:00:00+00:00,1.059470397169035,1.0,-1.0,2.0,-2.0
2019-01-23 00:00:00+00:00,0.866827438464033,1.0,-1.0,2.0,-2.0
2019-01-24 00:00:00+00:00,0.6598354809660887,1.0,-1.0,2.0,-2.0
2019-01-25 00:00:00+00:00,0.5631522782029688,1.0,-1.0,2.0,-2.0
2019-01-28 00:00:00+00:00,0.8966077538688131,1.0,-1.0,2.0,-2.0
2019-01-29 00:00:00+00:00,0.7895070226763716,1.0,-1.0,2.0,-2.0
2019-01-30 00:00:00+00:00,0.9789826758660495,1.0,-1.0,2.0,-2.0
2019-01-31 00:00:00+00:00,1.0554934846618027,1.0,-1.0,2.0,-2.0
2019-02-01 00:00:00+00:00,1.0510187301992047,1.0,-1.0,2.0,-2.0
2019-02-04 00:00:00+00:00,1.0475975562775104,1.0,-1.0,2.0,-2.0
2019-02-05 00:00:00+00:00,1.3459736630645471,1.0,-1.0,2.0,-2.0
2019-02-06 00:00:00+00:00,0.7730206825238788,1.0,-1.0,2.0,-2.0
2019-02-07 00:00:00+00:00,0.6575903497769747,1.0,-1.0,2.0,-2.0
2019-02-08 00:00:00+00:00,1.1333428516634185,1.0,-1.0,2.0,-2.0
2019-02-11 00:00:00+00:00,0.0,1.0,-1.0,2.0,-2.0
2019-02-12 00:00:00+00:00,-1.3698889534118308,1.0,-1.0,2.0,-2.0
2019-02-13 00:00:00+00:00,-1.3698889534118308,1.0,-1.0,2.0,-2.0
2019-02-14 00:00:00+00:00,-2.256867249454023,1.0,-1.0,2.0,-2.0
2019-02-15 00:00:00+00:00,-1.656951225782008,1.0,-1.0,2.0,-2.0
2019-02-17 00:00:00+00:00,-1.3034839116614625,1.0,-1.0,2.0,-2.0
2019-02-18 00:00:00+00:00,-1.2490684207722855,1.0,-1.0,2.0,-2.0
2019-02-19 00:00:00+00:00,-0.8372344584770995,1.0,-1.0,2.0,-2.0
2019-02-20 00:00:00+00:00,-0.23246511491315106,1.0,-1.0,2.0,-2.0
2019-02-21 00:00:00+00:00,-0.33541019662491967,1.0,-1.0,2.0,-2.0
2019-02-22 00:00:00+00:00,0.28319254898731655,1.0,-1.0,2.0,-2.0
2019-02-25 00:00:00+00:00,0.5205801739135694,1.0,-1.0,2.0,-2.0
2019-02-26 00:00:00+00:00,-0.5581563056508039,1.0,-1.0,2.0,-2.0
2019-02-27 00:00:00+00:00,-0.5581563056508039,1.0,-1.0,2.0,-2.0
2019-02-28 00:00:00+00:00,1.056996395125392,1.0,-1.0,2.0,-2.0
2019-03-01 00:00:00+00:00,0.09086737992220928,1.0,-1.0,2.0,-2.0
2019-03-04 00:00:00+00:00,0.8705715001306691,1.0,-1.0,2.0,-2.0
2019-03-05 00:00:00+00:00,0.7115124735365833,1.0,-1.0,2.0,-2.0
2019-03-06 00:00:00+00:00,0.7115124735365833,1.0,-1.0,2.0,-2.0
2019-03-07 00:00:00+00:00,2.7204725460449017,1.0,-1.0,2.0,-2.0
2019-03-08 00:00:00+00:00,1.7008401285413477,1.0,-1.0,2.0,-2.0
2019-03-11 00:00:00+00:00,1.5007810466552627,1.0,-1.0,2.0,-2.0
2019-03-12 00:00:00+00:00,1.7655012413684084,1.0,-1.0,2.0,-2.0
2019-03-13 00:00:00+00:00,1.6274761812219742,1.0,-1.0,2.0,-2.0
2019-03-14 00:00:00+00:00,1.6964820014082702,1.0,-1.0,2.0,-2.0
2019-03-15 00:00:00+00:00,1.3548406623433236,1.0,-1.0,2.0,-2.0
2019-03-18 00:00:00+00:00,0.35963850364042804,1.0,-1.0,2.0,-2.0
2019-03-19 00:00:00+00:00,0.3665083330689016,1.0,-1.0,2.0,-2.0
2019-03-20 00:00:00+00:00,-0.28412402933829867,1.0,-1.0,2.0,-2.0
2019-03-21 00:00:00+00:00,-2.181045672899213,1.0,-1.0,2.0,-2.0
2019-03-22 00:00:00+00:00,-2.340663481493377,1.0,-1.0,2.0,-2.0
2019-03-25 00:00:00+00:00,-1.8788102825054358,1.0,-1.0,2.0,-2.0
2019-03-26 00:00:00+00:00,-1.7622808524230382,1.0,-1.0,2.0,-2.0
2019-03-27 00:00:00+00:00,-1.3705329995530582,1.0,-1.0,2.0,-2.0
2019-03-28 00:00:00+00:00,-0.9392115389564087,1.0,-1.0,2.0,-2.0
2019-03-29 00:00:00+00:00,0.3123357679096221,1.0,-1.0,2.0,-2.0
2019-04-01 00:00:00+00:00,0.9689875071121032,1.0,-1.0,2.0,-2.0
2019-04-02 00:00:00+00:00,1.5510544931475345,1.0,-1.0,2.0,-2.0
2019-04-03 00:00:00+00:00,1.4315777567205923,1.0,-1.0,2.0,-2.0
2019-04-04 00:00:00+00:00,1.400018409304584,1.0,-1.0,2.0,-2.0
2019-04-05 00:00:00+00:00,1.1286899502408232,1.0,-1.0,2.0,-2.0
2019-04-08 00:00:00+00:00,0.7580442605953579,1.0,-1.0,2.0,-2.0
2019-04-09 00:00:00+00:00,-0.4710258763113335,1.0,-1.0,2.0,-2.0
2019-04-10 00:00:00+00:00,-0.7284631260046958,1.0,-1.0,2.0,-2.0
2019-04-11 00:00:00+00:00,-1.2352941176470482,1.0,-1.0,2.0,-2.0
2019-04-12 00:00:00+00:00,-1.171848889027038,1.0,-1.0,2.0,-2.0
2019-04-15 00:00:00+00:00,-0.1035917907018039,1.0,-1.0,2.0,-2.0
2019-04-16 00:00:00+00:00,-0.19725563076009064,1.0,-1.0,2.0,-2.0
2019-04-17 00:00:00+00:00,-0.23731229327959055,1.0,-1.0,2.0,-2.0
2019-04-18 00:00:00+00:00,-0.08830605957514881,1.0,-1.0,2.0,-2.0
2019-04-19 00:00:00+00:00,-0.1282150086971803,1.0,-1.0,2.0,-2.0
2019-04-22 00:00:00+00:00,-0.10270011773361898,1.0,-1.0,2.0,-2.0
2019-04-23 00:00:00+00:00,-0.0010814227080500232,1.0,-1.0,2.0,-2.0
2019-04-24 00:00:00+00:00,-0.05754067662218859,1.0,-1.0,2.0,-2.0
2019-04-25 00:00:00+00:00,-0.03564437728283435,1.0,-1.0,2.0,-2.0
2019-04-26 00:00:00+00:00,-0.11722825613137815,1.0,-1.0,2.0,-2.0
2019-04-29 00:00:00+00:00,-0.004885003354032848,1.0,-1.0,2.0,-2.0
2019-04-30 00:00:00+00:00,-1.5582649698972688,1.0,-1.0,2.0,-2.0
2019-05-01 00:00:00+00:00,-1.5207537976044718,1.0,-1.0,2.0,-2.0
2019-05-02 00:00:00+00:00,-2.096506975151101,1.0,-1.0,2.0,-2.0
2019-05-03 00:00:00+00:00,-1.6192918638214755,1.0,-1.0,2.0,-2.0
2019-05-06 00:00:00+00:00,-1.7681658820057808,1.0,-1.0,2.0,-2.0
2019-05-07 00:00:00+00:00,-1.7109453866986553,1.0,-1.0,2.0,-2.0
2019-05-08 00:00:00+00:00,-1.6487858931298105,1.0,-1.0,2.0,-2.0
2019-05-09 00:00:00+00:00,-1.4981581933290573,1.0,-1.0,2.0,-2.0
2019-05-10 00:00:00+00:00,0.44586181636902017,1.0,-1.0,2.0,-2.0
2019-05-13 00:00:00+00:00,0.35707877709905117,1.0,-1.0,2.0,-2.0
2019-05-14 00:00:00+00:00,1.6153812808615688,1.0,-1.0,2.0,-2.0
2019-05-15 00:00:00+00:00,1.6261319024087084,1.0,-1.0,2.0,-2.0
2019-05-16 00:00:00+00:00,1.5352552848301761,1.0,-1.0,2.0,-2.0
2019-05-17 00:00:00+00:00,1.4484325539829903,1.0,-1.0,2.0,-2.0
2019-05-20 00:00:00+00:00,1.3736397492480672,1.0,-1.0,2.0,-2.0
2019-05-21 00:00:00+00:00,-0.36177686742395576,1.0,-1.0,2.0,-2.0
2019-05-22 00:00:00+00:00,-1.0535464953557208,1.0,-1.0,2.0,-2.0
2019-05-23 00:00:00+00:00,-0.8109909501391294,1.0,-1.0,2.0,-2.0
2019-05-24 00:00:00+00:00,-0.7944211230486575,1.0,-1.0,2.0,-2.0
2019-05-28 00:00:00+00:00,-0.7616350141550059,1.0,-1.0,2.0,-2.0
2019-05-29 00:00:00+00:00,-0.721786841652043,1.0,-1.0,2.0,-2.0
2019-05-30 00:00:00+00:00,-0.6828276776471991,1.0,-1.0,2.0,-2.0
2019-05-31 00:00:00+00:00,-1.855503307668126,1.0,-1.0,2.0,-2.0
2019-06-03 00:00:00+00:00,-0.7709214117191818,1.0,-1.0,2.0,-2.0
2019-06-04 00:00:00+00:00,-0.8062615731974132,1.0,-1.0,2.0,-2.0
2019-06-05 00:00:00+00:00,-1.5067737290526053,1.0,-1.0,2.0,-2.0
2019-06-06 00:00:00+00:00,-1.4305735408235107,1.0,-1.0,2.0,-2.0
2019-06-07 00:00:00+00:00,-1.2300225806684288,1.0,-1.0,2.0,-2.0
2019-06-10 00:00:00+00:00,-0.7723629025741637,1.0,-1.0,2.0,-2.0
2019-06-11 00:00:00+00:00,0.7875528040742549,1.0,-1.0,2.0,-2.0
2019-06-12 00:00:00+00:00,0.418702462568711,1.0,-1.0,2.0,-2.0
2019-06-13 00:00:00+00:00,-0.6173781130880446,1.0,-1.0,2.0,-2.0
2019-06-14 00:00:00+00:00,0.7863708653025517,1.0,-1.0,2.0,-2.0
2019-06-17 00:00:00+00:00,0.09753996883220141,1.0,-1.0,2.0,-2.0
2019-06-18 00:00:00+00:00,-0.10656892003179415,1.0,-1.0,2.0,-2.0
2019-06-19 00:00:00+00:00,0.7052886372471708,1.0,-1.0,2.0,-2.0
2019-06-20 00:00:00+00:00,0.24221008812160574,1.0,-1.0,2.0,-2.0
2019-06-21 00:00:00+00:00,0.27151688709163774,1.0,-1.0,2.0,-2.0
2019-06-24 00:00:00+00:00,-0.2680081392824145,1.0,-1.0,2.0,-2.0
2019-06-25 00:00:00+00:00,0.3625381682848143,1.0,-1.0,2.0,-2.0
2019-06-26 00:00:00+00:00,0.5949354614281258,1.0,-1.0,2.0,-2.0
2019-06-27 00:00:00+00:00,0.8939579450059918,1.0,-1.0,2.0,-2.0
2019-06-28 00:00:00+00:00,0.8442745097467533,1.0,-1.0,2.0,-2.0
2019-07-01 00:00:00+00:00,1.9309987237546857,1.0,-1.0,2.0,-2.0
2019-07-02 00:00:00+00:00,2.078687055716839,1.0,-1.0,2.0,-2.0
2019-07-03 00:00:00+00:00,1.5829990152208169,1.0,-1.0,2.0,-2.0
2019-07-05 00:00:00+00:00,1.6221332967443236,1.0,-1.0,2.0,-2.0
2019-07-08 00:00:00+00:00,1.2740692774550435,1.0,-1.0,2.0,-2.0
2019-07-09 00:00:00+00:00,1.3604839686775891,1.0,-1.0,2.0,-2.0
2019-07-10 00:00:00+00:00,0.6461537045894626,1.0,-1.0,2.0,-2.0
2019-07-11 00:00:00+00:00,0.19812813512462593,1.0,-1.0,2.0,-2.0
2019-07-12 00:00:00+00:00,-0.5904603240104256,1.0,-1.0,2.0,-2.0
2019-07-15 00:00:00+00:00,-0.8434476589394905,1.0,-1.0,2.0,-2.0
2019-07-16 00:00:00+00:00,-1.6025289457767646,1.0,-1.0,2.0,-2.0
2019-07-17 00:00:00+00:00,-1.5738357574823276,1.0,-1.0,2.0,-2.0
2019-07-18 00:00:00+00:00,-1.5814482142900363,1.0,-1.0,2.0,-2.0
2019-07-19 00:00:00+00:00,-1.3635529099715507,1.0,-1.0,2.0,-2.0
2019-07-22 00:00:00+00:00,-1.233759428858611,1.0,-1.0,2.0,-2.0
2019-07-23 00:00:00+00:00,-1.2012328363495821,1.0,-1.0,2.0,-2.0
2019-07-24 00:00:00+00:00,-1.1144847032335883,1.0,-1.0,2.0,-2.0
2019-07-25 00:00:00+00:00,-0.8656933440609781,1.0,-1.0,2.0,-2.0
2019-07-26 00:00:00+00:00,-0.2278172017364382,1.0,-1.0,2.0,-2.0
2019-07-29 00:00:00+00:00,-0.02454913474290098,1.0,-1.0,2.0,-2.0
2019-07-30 00:00:00+00:00,0.09205746178983266,1.0,-1.0,2.0,-2.0
2019-07-31 00:00:00+00:00,0.37597432306327433,1.0,-1.0,2.0,-2.0
2019-08-01 00:00:00+00:00,0.8498232879201829,1.0,-1.0,2.0,-2.0
2019-08-02 00:00:00+00:00,1.150530441532288,1.0,-1.0,2.0,-2.0
2019-08-05 00:00:00+00:00,1.093186366226298,1.0,-1.0,2.0,-2.0
2019-08-06 00:00:00+00:00,1.079304486652175,1.0,-1.0,2.0,-2.0
2019-08-07 00:00:00+00:00,0.9749868064654668,1.0,-1.0,2.0,-2.0
2019-08-08 00:00:00+00:00,0.568084034114002,1.0,-1.0,2.0,-2.0
2019-08-09 00:00:00+00:00,0.5632522543021669,1.0,-1.0,2.0,-2.0
2019-08-12 00:00:00+00:00,0.5539110563230482,1.0,-1.0,2.0,-2.0
2019-08-13 00:00:00+00:00,0.18117486344933742,1.0,-1.0,2.0,-2.0
2019-08-14 00:00:00+00:00,-0.03197203472635367,1.0,-1.0,2.0,-2.0
2019-08-15 00:00:00+00:00,-0.10482385522543138,1.0,-1.0,2.0,-2.0
2019-08-16 00:00:00+00:00,-0.4669447918015021,1.0,-1.0,2.0,-2.0
2019-08-19 00:00:00+00:00,-0.3977520971865432,1.0,-1.0,2.0,-2.0
2019-08-20 00:00:00+00:00,-0.19328240719459386,1.0,-1.0,2.0,-2.0
2019-08-21 00:00:00+00:00,-0.04831941135162526,1.0,-1.0,2.0,-2.0
2019-08-22 00:00:00+00:00,-0.7275582747078023,1.0,-1.0,2.0,-2.0
2019-08-23 00:00:00+00:00,-0.5518074266683327,1.0,-1.0,2.0,-2.0
2019-08-26 00:00:00+00:00,-0.6625364514594393,1.0,-1.0,2.0,-2.0
2019-08-27 00:00:00+00:00,-0.041409876008908025,1.0,-1.0,2.0,-2.0
2019-08-28 00:00:00+00:00,0.31977165833248034,1.0,-1.0,2.0,-2.0
2019-08-29 00:00:00+00:00,0.059321815416634956,1.0,-1.0,2.0,-2.0
2019-08-30 00:00:00+00:00,-0.16561825749339912,1.0,-1.0,2.0,-2.0
2019-09-03 00:00:00+00:00,-0.1449926992422448,1.0,-1.0,2.0,-2.0
2019-09-04 00:00:00+00:00,0.12598745650061227,1.0,-1.0,2.0,-2.0
2019-09-05 00:00:00+00:00,0.38919741019329185,1.0,-1.0,2.0,-2.0
2019-09-06 00:00:00+00:00,0.021901625430481214,1.0,-1.0,2.0,-2.0
2019-09-09 00:00:00+00:00,-0.12032488311892858,1.0,-1.0,2.0,-2.0
2019-09-10 00:00:00+00:00,0.39437723032725885,1.0,-1.0,2.0,-2.0
2019-09-11 00:00:00+00:00,0.6556883637123266,1.0,-1.0,2.0,-2.0
2019-09-12 00:00:00+00:00,0.449525627229565,1.0,-1.0,2.0,-2.0
2019-09-13 00:00:00+00:00,0.5342022018896617,1.0,-1.0,2.0,-2.0
2019-09-16 00:00:00+00:00,0.814830945704238,1.0,-1.0,2.0,-2.0
2019-09-17 00:00:00+00:00,0.8179006302487691,1.0,-1.0,2.0,-2.0
2019-09-18 00:00:00+00:00,0.7997326656800781,1.0,-1.0,2.0,-2.0
2019-09-19 00:00:00+00:00,0.7127088371093152,1.0,-1.0,2.0,-2.0
2019-09-20 00:00:00+00:00,0.8346036902042008,1.0,-1.0,2.0,-2.0
2019-09-23 00:00:00+00:00,1.0210952804203488,1.0,-1.0,2.0,-2.0
2019-09-24 00:00:00+00:00,0.6532311154643619,1.0,-1.0,2.0,-2.0
2019-09-25 00:00:00+00:00,0.4903543192724643,1.0,-1.0,2.0,-2.0
2019-09-26 00:00:00+00:00,0.6175138228291491,1.0,-1.0,2.0,-2.0
2019-09-27 00:00:00+00:00,0.5992126879951775,1.0,-1.0,2.0,-2.0
2019-09-30 00:00:00+00:00,0.3522741942230543,1.0,-1.0,2.0,-2.0
2019-10-01 00:00:00+00:00,0.410259199135502,1.0,-1.0,2.0,-2.0
2019-10-02 00:00:00+00:00,0.23683002581861834,1.0,-1.0,2.0,-2.0
2019-10-03 00:00:00+00:00,0.22022088919018915,1.0,-1.0,2.0,-2.0
2019-10-04 00:00:00+00:00,0.20336780509913094,1.0,-1.0,2.0,-2.0
2019-10-07 00:00:00+00:00,0.7497972001694154,1.0,-1.0,2.0,-2.0
2019-10-08 00:00:00+00:00,0.7439073582694617,1.0,-1.0,2.0,-2.0
2019-10-09 00:00:00+00:00,0.7272044056736849,1.0,-1.0,2.0,-2.0
2019-10-10 00:00:00+00:00,0.5488172960708042,1.0,-1.0,2.0,-2.0
2019-10-11 00:00:00+00:00,0.40359172986766506,1.0,-1.0,2.0,-2.0
2019-10-14 00:00:00+00:00,0.34816930501083626,1.0,-1.0,2.0,-2.0
2019-10-15 00:00:00+00:00,0.28788829141139216,1.0,-1.0,2.0,-2.0
2019-10-16 00:00:00+00:00,-1.7968200257055853,1.0,-1.0,2.0,-2.0
2019-10-17 00:00:00+00:00,-2.1690094791100076,1.0,-1.0,2.0,-2.0
2019-10-18 00:00:00+00:00,-1.6546816160029238,1.0,-1.0,2.0,-2.0
2019-10-21 00:00:00+00:00,-1.740102429067878,1.0,-1.0,2.0,-2.0
2019-10-22 00:00:00+00:00,-1.1183065694230399,1.0,-1.0,2.0,-2.0
2019-10-23 00:00:00+00:00,-1.051076545624297,1.0,-1.0,2.0,-2.0
2019-10-24 00:00:00+00:00,-0.18800080386719062,1.0,-1.0,2.0,-2.0
2019-10-25 00:00:00+00:00,4.068736842967887,1.0,-1.0,2.0,-2.0
2019-10-28 00:00:00+00:00,3.5601616975571093,1.0,-1.0,2.0,-2.0
2019-10-29 00:00:00+00:00,3.240875463112558,1.0,-1.0,2.0,-2.0
2019-10-30 00:00:00+00:00,3.0259416580992013,1.0,-1.0,2.0,-2.0
2019-10-31 00:00:00+00:00,2.559655720598955,1.0,-1.0,2.0,-2.0
2019-11-01 00:00:00+00:00,1.9507696794255072,1.0,-1.0,2.0,-2.0
2019-11-04 00:00:00+00:00,2.409461548952866,1.0,-1.0,2.0,-2.0
2019-11-05 00:00:00+00:00,0.5343532252430266,1.0,-1.0,2.0,-2.0
2019-11-06 00:00:00+00:00,0.006378136797426838,1.0,-1.0,2.0,-2.0
2019-11-07 00:00:00+00:00,-0.4426782849036371,1.0,-1.0,2.0,-2.0
2019-11-08 00:00:00+00:00,0.04501598890099557,1.0,-1.0,2.0,-2.0
2019-11-11 00:00:00+00:00,1.1357944487157254,1.0,-1.0,2.0,-2.0
2019-11-12 00:00:00+00:00,1.5266865322068035,1.0,-1.0,2.0,-2.0
2019-11-13 00:00:00+00:00,1.7746439525810953,1.0,-1.0,2.0,-2.0
2019-11-14 00:00:00+00:00,0.6634358991814117,1.0,-1.0,2.0,-2.0
2019-11-15 00:00:00+00:00,-0.2435168040186926,1.0,-1.0,2.0,-2.0
2019-11-18 00:00:00+00:00,-0.6880510608270833,1.0,-1.0,2.0,-2.0
2019-11-19 00:00:00+00:00,0.8867024050803274,1.0,-1.0,2.0,-2.0
2019-11-20 00:00:00+00:00,1.0141902510925331,1.0,-1.0,2.0,-2.0
2019-11-21 00:00:00+00:00,1.378491105984366,1.0,-1.0,2.0,-2.0
2019-11-22 00:00:00+00:00,1.694310880981431,1.0,-1.0,2.0,-2.0
2019-11-25 00:00:00+00:00,-0.9843242413111793,1.0,-1.0,2.0,-2.0
2019-11-26 00:00:00+00:00,-1.1226298208781822,1.0,-1.0,2.0,-2.0
2019-11-27 00:00:00+00:00,-1.4802757001892672,1.0,-1.0,2.0,-2.0
2019-11-28 00:00:00+00:00,-1.4289169209099133,1.0,-1.0,2.0,-2.0
2019-11-29 00:00:00+00:00,-0.6394600585287457,1.0,-1.0,2.0,-2.0
2019-12-02 00:00:00+00:00,-0.7002851730366865,1.0,-1.0,2.0,-2.0
2019-12-03 00:00:00+00:00,-0.6825402710640197,1.0,-1.0,2.0,-2.0
2019-12-04 00:00:00+00:00,-4.894844232519212,1.0,-1.0,2.0,-2.0
2019-12-05 00:00:00+00:00,-3.773717358813947,1.0,-1.0,2.0,-2.0
2019-12-06 00:00:00+00:00,-3.164286600705403,1.0,-1.0,2.0,-2.0
2019-12-09 00:00:00+00:00,-2.6471944216318053,1.0,-1.0,2.0,-2.0
2019-12-10 00:00:00+00:00,0.17170788819157334,1.0,-1.0,2.0,-2.0
2019-12-11 00:00:00+00:00,0.3081109623146898,1.0,-1.0,2.0,-2.0
2019-12-12 00:00:00+00:00,0.2425275389117151,1.0,-1.0,2.0,-2.0
2019-12-13 00:00:00+00:00,0.09511189016792103,1.0,-1.0,2.0,-2.0
2019-12-16 00:00:00+00:00,0.007986494594252913,1.0,-1.0,2.0,-2.0
2019-12-17 00:00:00+00:00,-0.10526126879088657,1.0,-1.0,2.0,-2.0
2019-12-18 00:00:00+00:00,-0.04428395451633311,1.0,-1.0,2.0,-2.0
2019-12-19 00:00:00+00:00,0.01597334759125257,1.0,-1.0,2.0,-2.0
2019-12-20 00:00:00+00:00,0.12153014579198834,1.0,-1.0,2.0,-2.0
2019-12-23 00:00:00+00:00,0.11397961328863684,1.0,-1.0,2.0,-2.0
2019-12-24 00:00:00+00:00,0.1423447516896302,1.0,-1.0,2.0,-2.0
2019-12-25 00:00:00+00:00,0.11383696573784932,1.0,-1.0,2.0,-2.0
2019-12-26 00:00:00+00:00,0.12589754043392806,1.0,-1.0,2.0,-2.0
2019-12-27 00:00:00+00:00,0.13147689346453734,1.0,-1.0,2.0,-2.0
2019-12-30 00:00:00+00:00,0.05283578742433446,1.0,-1.0,2.0,-2.0
2019-12-31 00:00:00+00:00,0.059119744459343114,1.0,-1.0,2.0,-2.0
2020-01-01 00:00:00+00:00,0.06146915732817642,1.0,-1.0,2.0,-2.0
2020-01-02 00:00:00+00:00,0.06777574530726325,1.0,-1.0,2.0,-2.0
2020-01-03 00:00:00+00:00,0.16367871318059074,1.0,-1.0,2.0,-2.0
2020-01-06 00:00:00+00:00,0.20943775634695147,1.0,-1.0,2.0,-2.0
2020-01-07 00:00:00+00:00,0.2289889694365171,1.0,-1.0,2.0,-2.0
2020-01-08 00:00:00+00:00,0.6266105513414432,1.0,-1.0,2.0,-2.0
2020-01-09 00:00:00+00:00,0.6695922264157691,1.0,-1.0,2.0,-2.0
2020-01-10 00:00:00+00:00,0.6592858449605711,1.0,-1.0,2.0,-2.0
2020-01-13 00:00:00+00:00,0.6909750003227157,1.0,-1.0,2.0,-2.0
2020-01-14 00:00:00+00:00,0.6266554391650312,1.0,-1.0,2.0,-2.0
2020-01-15 00:00:00+00:00,0.5523639639485627,1.0,-1.0,2.0,-2.0
2020-01-16 00:00:00+00:00,0.5568980567613139,1.0,-1.0,2.0,-2.0
2020-01-17 00:00:00+00:00,0.48088110258800915,1.0,-1.0,2.0,-2.0
2020-01-21 00:00:00+00:00,0.46621242924577144,1.0,-1.0,2.0,-2.0
2020-01-22 00:00:00+00:00,0.5076002237827905,1.0,-1.0,2.0,-2.0
2020-01-23 00:00:00+00:00,0.6696145925664145,1.0,-1.0,2.0,-2.0
2020-01-24 00:00:00+00:00,4.036323195524378,1.0,-1.0,2.0,-2.0
2020-01-27 00:00:00+00:00,3.1749811707528686,1.0,-1.0,2.0,-2.0
2020-01-28 00:00:00+00:00,2.4873090496604218,1.0,-1.0,2.0,-2.0
2020-01-29 00:00:00+00:00,2.107111080378342,1.0,-1.0,2.0,-2.0
2020-01-30 00:00:00+00:00,2.8523416835545095,1.0,-1.0,2.0,-2.0
2020-01-31 00:00:00+00:00,3.0917514380075497,1.0,-1.0,2.0,-2.0
2020-02-03 00:00:00+00:00,2.252103412503443,1.0,-1.0,2.0,-2.0
2020-02-04 00:00:00+00:00,1.276601145164157,1.0,-1.0,2.0,-2.0
2020-02-05 00:00:00+00:00,1.190159541392361,1.0,-1.0,2.0,-2.0
2020-02-06 00:00:00+00:00,0.3784113661716668,1.0,-1.0,2.0,-2.0
2020-02-07 00:00:00+00:00,-0.10870485853467346,1.0,-1.0,2.0,-2.0
2020-02-10 00:00:00+00:00,-1.3832837511762475,1.0,-1.0,2.0,-2.0
2020-02-11 00:00:00+00:00,-1.937699542335118,1.0,-1.0,2.0,-2.0
2020-02-12 00:00:00+00:00,-1.7481913514247314,1.0,-1.0,2.0,-2.0
2020-02-13 00:00:00+00:00,-1.68771508020385,1.0,-1.0,2.0,-2.0
2020-02-14 00:00:00+00:00,-1.5344988813199565,1.0,-1.0,2.0,-2.0
2020-02-18 00:00:00+00:00,-0.8940393543132023,1.0,-1.0,2.0,-2.0
2020-02-19 00:00:00+00:00,-2.088978244671035,1.0,-1.0,2.0,-2.0
2020-02-20 00:00:00+00:00,-1.714066900883623,1.0,-1.0,2.0,-2.0
2020-02-21 00:00:00+00:00,-1.581597717232441,1.0,-1.0,2.0,-2.0
2020-02-24 00:00:00+00:00,-1.34380639591568,1.0,-1.0,2.0,-2.0
2020-02-25 00:00:00+00:00,-1.2072229681057072,1.0,-1.0,2.0,-2.0
2020-02-26 00:00:00+00:00,-1.1499017955777169,1.0,-1.0,2.0,-2.0
2020-02-27 00:00:00+00:00,-1.0390626332325261,1.0,-1.0,2.0,-2.0
2020-02-28 00:00:00+00:00,0.18619489282125545,1.0,-1.0,2.0,-2.0
2020-03-02 00:00:00+00:00,0.38671573166789114,1.0,-1.0,2.0,-2.0
2020-03-03 00:00:00+00:00,0.22922532100012644,1.0,-1.0,2.0,-2.0
2020-03-04 00:00:00+00:00,0.2940676947069271,1.0,-1.0,2.0,-2.0
2020-03-05 00:00:00+00:00,0.4421815412173927,1.0,-1.0,2.0,-2.0
2020-03-06 00:00:00+00:00,0.8565310643522948,1.0,-1.0,2.0,-2.0
2020-03-09 00:00:00+00:00,1.3218083235650882,1.0,-1.0,2.0,-2.0
2020-03-10 00:00:00+00:00,0.11851071303066929,1.0,-1.0,2.0,-2.0
2020-03-11 00:00:00+00:00,0.2930680260805824,1.0,-1.0,2.0,-2.0
2020-03-12 00:00:00+00:00,0.5484437577028064,1.0,-1.0,2.0,-2.0
2020-03-13 00:00:00+00:00,0.7338501728996325,1.0,-1.0,2.0,-2.0
2020-03-16 00:00:00+00:00,0.7881700439085134,1.0,-1.0,2.0,-2.0
2020-03-17 00:00:00+00:00,0.9982893310670697,1.0,-1.0,2.0,-2.0
2020-03-18 00:00:00+00:00,0.9936778837618943,1.0,-1.0,2.0,-2.0
2020-03-19 00:00:00+00:00,1.2963267879166906,1.0,-1.0,2.0,-2.0
2020-03-20 00:00:00+00:00,1.0678448888053196,1.0,-1.0,2.0,-2.0
2020-03-23 00:00:00+00:00,1.0308518490548264,1.0,-1.0,2.0,-2.0
2020-03-24 00:00:00+00:00,0.8768908152371582,1.0,-1.0,2.0,-2.0
2020-03-25 00:00:00+00:00,0.9652425622652672,1.0,-1.0,2.0,-2.0
2020-03-26 00:00:00+00:00,0.75440363992446,1.0,-1.0,2.0,-2.0
2020-03-27 00:00:00+00:00,0.5114521291280569,1.0,-1.0,2.0,-2.0
2020-03-30 00:00:00+00:00,0.6106696505114679,1.0,-1.0,2.0,-2.0
2020-03-31 00:00:00+00:00,0.6147038395543385,1.0,-1.0,2.0,-2.0
2020-04-01 00:00:00+00:00,0.6746358725681709,1.0,-1.0,2.0,-2.0
2020-04-02 00:00:00+00:00,0.4578454829273852,1.0,-1.0,2.0,-2.0
2020-04-03 00:00:00+00:00,0.06008445967063516,1.0,-1.0,2.0,-2.0
2020-04-06 00:00:00+00:00,0.12154852606867621,1.0,-1.0,2.0,-2.0
2020-04-07 00:00:00+00:00,0.21213998858088512,1.0,-1.0,2.0,-2.0
2020-04-08 00:00:00+00:00,-0.1153163231718381,1.0,-1.0,2.0,-2.0
2020-04-09 00:00:00+00:00,0.4463561408390885,1.0,-1.0,2.0,-2.0
2020-04-10 00:00:00+00:00,0.23886690096260593,1.0,-1.0,2.0,-2.0
2020-04-13 00:00:00+00:00,0.16310923687544893,1.0,-1.0,2.0,-2.0
2020-04-14 00:00:00+00:00,0.13307799404172263,1.0,-1.0,2.0,-2.0
2020-04-15 00:00:00+00:00,0.00131328149873428,1.0,-1.0,2.0,-2.0
2020-04-16 00:00:00+00:00,0.0,1.0,-1.0,2.0,-2.0
2020-04-17 00:00:00+00:00,-0.22029589747178718,1.0,-1.0,2.0,-2.0
2020-04-20 00:00:00+00:00,-0.26504053949588496,1.0,-1.0,2.0,-2.0
2020-04-21 00:00:00+00:00,-0.17477459702799,1.0,-1.0,2.0,-2.0
2020-04-22 00:00:00+00:00,-0.47559532310233016,1.0,-1.0,2.0,-2.0
2020-04-23 00:00:00+00:00,-0.3402016921594137,1.0,-1.0,2.0,-2.0
2020-04-24 00:00:00+00:00,-0.5603529648535084,1.0,-1.0,2.0,-2.0
2020-04-27 00:00:00+00:00,-0.6260504129403001,1.0,-1.0,2.0,-2.0
2020-04-28 00:00:00+00:00,-0.4772463236536085,1.0,-1.0,2.0,-2.0
2020-04-29 00:00:00+00:00,-0.18850433481650364,1.0,-1.0,2.0,-2.0
2020-04-30 00:00:00+00:00,0.4586910182180317,1.0,-1.0,2.0,-2.0
2020-05-01 00:00:00+00:00,0.05856699566502664,1.0,-1.0,2.0,-2.0
2020-05-04 00:00:00+00:00,0.5455852835560733,1.0,-1.0,2.0,-2.0
2020-05-05 00:00:00+00:00,0.3794417976398654,1.0,-1.0,2.0,-2.0
2020-05-06 00:00:00+00:00,0.05200938157865889,1.0,-1.0,2.0,-2.0
2020-05-07 00:00:00+00:00,0.9910977654903729,1.0,-1.0,2.0,-2.0
2020-05-08 00:00:00+00:00,0.5810075264703898,1.0,-1.0,2.0,-2.0
2020-05-11 00:00:00+00:00,0.20610161597181312,1.0,-1.0,2.0,-2.0
2020-05-12 00:00:00+00:00,0.17089043221610417,1.0,-1.0,2.0,-2.0
2020-05-13 00:00:00+00:00,-0.6472754570052395,1.0,-1.0,2.0,-2.0
2020-05-14 00:00:00+00:00,-2.750003744193929,1.0,-1.0,2.0,-2.0
2020-05-15 00:00:00+00:00,0.21055494435354952,1.0,-1.0,2.0,-2.0
2020-05-18 00:00:00+00:00,0.23263673438918717,1.0,-1.0,2.0,-2.0
2020-05-19 00:00:00+00:00,0.3599352423908005,1.0,-1.0,2.0,-2.0
2020-05-20 00:00:00+00:00,0.4922475924854168,1.0,-1.0,2.0,-2.0
2020-05-21 00:00:00+00:00,0.5625686771261906,1.0,-1.0,2.0,-2.0
2020-05-22 00:00:00+00:00,0.4751128949668315,1.0,-1.0,2.0,-2.0
2020-05-25 00:00:00+00:00,2.054715492759055,1.0,-1.0,2.0,-2.0
2020-05-26 00:00:00+00:00,0.10170687468302607,1.0,-1.0,2.0,-2.0
2020-05-27 00:00:00+00:00,0.19877790059457964,1.0,-1.0,2.0,-2.0
2020-05-28 00:00:00+00:00,-0.06997308137898949,1.0,-1.0,2.0,-2.0
2020-05-29 00:00:00+00:00,-0.3302550913938938,1.0,-1.0,2.0,-2.0
2020-06-01 00:00:00+00:00,-0.49769596038417796,1.0,-1.0,2.0,-2.0
2020-06-02 00:00:00+00:00,-0.6335993158173991,1.0,-1.0,2.0,-2.0
2020-06-03 00:00:00+00:00,-0.5928731599220907,1.0,-1.0,2.0,-2.0
2020-06-04 00:00:00+00:00,-0.7381530826588386,1.0,-1.0,2.0,-2.0
2020-06-05 00:00:00+00:00,-0.046941674203196455,1.0,-1.0,2.0,-2.0
2020-06-08 00:00:00+00:00,-0.04651442261546743,1.0,-1.0,2.0,-2.0
2020-06-09 00:00:00+00:00,-0.08790520213798539,1.0,-1.0,2.0,-2.0
2020-06-10 00:00:00+00:00,-0.04352895135606452,1.0,-1.0,2.0,-2.0
2020-06-11 00:00:00+00:00,-0.08323335233599026,1.0,-1.0,2.0,-2.0
2020-06-12 00:00:00+00:00,-0.2058153102157027,1.0,-1.0,2.0,-2.0
2020-06-15 00:00:00+00:00,-0.15306176251714979,1.0,-1.0,2.0,-2.0
2020-06-16 00:00:00+00:00,-0.05769980928217224,1.0,-1.0,2.0,-2.0
2020-06-17 00:00:00+00:00,0.2505832406230788,1.0,-1.0,2.0,-2.0
2020-06-18 00:00:00+00:00,0.2585808844742549,1.0,-1.0,2.0,-2.0
2020-06-19 00:00:00+00:00,0.14562145353830958,1.0,-1.0,2.0,-2.0
2020-06-22 00:00:00+00:00,-0.14216664993342337,1.0,-1.0,2.0,-2.0
2020-06-23 00:00:00+00:00,-0.21360669851320876,1.0,-1.0,2.0,-2.0
2020-06-24 00:00:00+00:00,-0.3818439222977329,1.0,-1.0,2.0,-2.0
2020-06-25 00:00:00+00:00,0.06750132016599797,1.0,-1.0,2.0,-2.0
2020-06-26 00:00:00+00:00,0.08195203627547125,1.0,-1.0,2.0,-2.0
2020-06-29 00:00:00+00:00,0.13726411494145307,1.0,-1.0,2.0,-2.0
2020-06-30 00:00:00+00:00,-0.15078932095795294,1.0,-1.0,2.0,-2.0
2020-07-01 00:00:00+00:00,-0.581872347340458,1.0,-1.0,2.0,-2.0
2020-07-02 00:00:00+00:00,-0.6673883734681594,1.0,-1.0,2.0,-2.0
2020-07-06 00:00:00+00:00,-0.22326218673857848,1.0,-1.0,2.0,-2.0
2020-07-07 00:00:00+00:00,-0.22864750112540522,1.0,-1.0,2.0,-2.0
2020-07-08 00:00:00+00:00,-0.2659989617274222,1.0,-1.0,2.0,-2.0
2020-07-09 00:00:00+00:00,-0.14888398710865566,1.0,-1.0,2.0,-2.0
2020-07-10 00:00:00+00:00,-0.6552903685641652,1.0,-1.0,2.0,-2.0
2020-07-13 00:00:00+00:00,-0.4689244728795856,1.0,-1.0,2.0,-2.0
2020-07-14 00:00:00+00:00,-0.5915052155703812,1.0,-1.0,2.0,-2.0
2020-07-15 00:00:00+00:00,-0.1526811453444469,1.0,-1.0,2.0,-2.0
2020-07-16 00:00:00+00:00,-0.023819462242571476,1.0,-1.0,2.0,-2.0
2020-07-17 00:00:00+00:00,0.1044292255246243,1.0,-1.0,2.0,-2.0
2020-07-20 00:00:00+00:00,0.17121010229057732,1.0,-1.0,2.0,-2.0
2020-07-21 00:00:00+00:00,0.2998688339548684,1.0,-1.0,2.0,-2.0
2020-07-22 00:00:00+00:00,1.5639529115163744,1.0,-1.0,2.0,-2.0
2020-07-23 00:00:00+00:00,4.087897151667753,1.0,-1.0,2.0,-2.0
2020-07-24 00:00:00+00:00,3.834673772474294,1.0,-1.0,2.0,-2.0
2020-07-27 00:00:00+00:00,3.60654454361592,1.0,-1.0,2.0,-2.0
2020-07-28 00:00:00+00:00,3.393959107355109,1.0,-1.0,2.0,-2.0
2020-07-29 00:00:00+00:00,3.2123176007535976,1.0,-1.0,2.0,-2.0
2020-07-30 00:00:00+00:00,3.049649309357519,1.0,-1.0,2.0,-2.0
2020-07-31 00:00:00+00:00,2.359834051025418,1.0,-1.0,2.0,-2.0
2020-08-03 00:00:00+00:00,1.9649078102457016,1.0,-1.0,2.0,-2.0
2020-08-04 00:00:00+00:00,1.9383637772397238,1.0,-1.0,2.0,-2.0
2020-08-05 00:00:00+00:00,-1.3051213995919373,1.0,-1.0,2.0,-2.0
2020-08-06 00:00:00+00:00,-1.0589319330872595,1.0,-1.0,2.0,-2.0
2020-08-07 00:00:00+00:00,-0.8676086593738923,1.0,-1.0,2.0,-2.0
2020-08-10 00:00:00+00:00,-0.5268836833616314,1.0,-1.0,2.0,-2.0
2020-08-11 00:00:00+00:00,0.01249024580421097,1.0,-1.0,2.0,-2.0
2020-08-12 00:00:00+00:00,0.1554383280452515,1.0,-1.0,2.0,-2.0
2020-08-13 00:00:00+00:00,0.6341705027295017,1.0,-1.0,2.0,-2.0
2020-08-14 00:00:00+00:00,2.2520813081515443,1.0,-1.0,2.0,-2.0
2020-08-17 00:00:00+00:00,1.6587234487585585,1.0,-1.0,2.0,-2.0
2020-08-18 00:00:00+00:00,1.1413323320349489,1.0,-1.0,2.0,-2.0
2020-08-19 00:00:00+00:00,0.5910585141082778,1.0,-1.0,2.0,-2.0
2020-08-20 00:00:00+00:00,-0.9817586719203139,1.0,-1.0,2.0,-2.0
2020-08-21 00:00:00+00:00,-0.8549642629220967,1.0,-1.0,2.0,-2.0
2020-08-24 00:00:00+00:00,-1.496144960422408,1.0,-1.0,2.0,-2.0
2020-08-25 00:00:00+00:00,-2.166781120832848,1.0,-1.0,2.0,-2.0
2020-08-26 00:00:00+00:00,-1.608905001592796,1.0,-1.0,2.0,-2.0
2020-08-27 00:00:00+00:00,-1.0262981285164798,1.0,-1.0,2.0,-2.0
2020-08-28 00:00:00+00:00,-0.9637072313513315,1.0,-1.0,2.0,-2.0
2020-08-31 00:00:00+00:00,0.016901475506879687,1.0,-1.0,2.0,-2.0
2020-09-01 00:00:00+00:00,0.139031172990161,1.0,-1.0,2.0,-2.0
2020-09-02 00:00:00+00:00,0.9597867377514457,1.0,-1.0,2.0,-2.0
2020-09-03 00:00:00+00:00,1.1509586662968372,1.0,-1.0,2.0,-2.0
2020-09-04 00:00:00+00:00,1.4214682005215307,1.0,-1.0,2.0,-2.0
2020-09-07 00:00:00+00:00,0.9839085653740692,1.0,-1.0,2.0,-2.0
2020-09-08 00:00:00+00:00,1.0011194409112567,1.0,-1.0,2.0,-2.0
2020-09-09 00:00:00+00:00,0.8566604116760732,1.0,-1.0,2.0,-2.0
2020-09-10 00:00:00+00:00,0.5520843475905651,1.0,-1.0,2.0,-2.0
2020-09-11 00:00:00+00:00,0.461442504055865,1.0,-1.0,2.0,-2.0
2020-09-14 00:00:00+00:00,0.5389245065202963,1.0,-1.0,2.0,-2.0
2020-09-15 00:00:00+00:00,-1.2953783675394515,1.0,-1.0,2.0,-2.0
2020-09-16 00:00:00+00:00,2.27916532849067,1.0,-1.0,2.0,-2.0
2020-09-17 00:00:00+00:00,2.0401102028350118,1.0,-1.0,2.0,-2.0
2020-09-18 00:00:00+00:00,1.5541521648544843,1.0,-1.0,2.0,-2.0
2020-09-21 00:00:00+00:00,1.4542899305763661,1.0,-1.0,2.0,-2.0
2020-09-22 00:00:00+00:00,1.4846673998359154,1.0,-1.0,2.0,-2.0
2020-09-23 00:00:00+00:00,1.0619248123702245,1.0,-1.0,2.0,-2.0
2020-09-24 00:00:00+00:00,0.8704743404231482,1.0,-1.0,2.0,-2.0
2020-09-25 00:00:00+00:00,-0.36334352441259293,1.0,-1.0,2.0,-2.0
2020-09-28 00:00:00+00:00,-0.6806328627911185,1.0,-1.0,2.0,-2.0
2020-09-29 00:00:00+00:00,-1.2839487250805144,1.0,-1.0,2.0,-2.0
2020-09-30 00:00:00+00:00,-1.4508603781213896,1.0,-1.0,2.0,-2.0
2020-10-01 00:00:00+00:00,-1.5841663146264244,1.0,-1.0,2.0,-2.0
2020-10-02 00:00:00+00:00,-1.3301796629090565,1.0,-1.0,2.0,-2.0
2020-10-05 00:00:00+00:00,-1.077488194939743,1.0,-1.0,2.0,-2.0
2020-10-06 00:00:00+00:00,-0.9102753718570943,1.0,-1.0,2.0,-2.0
2020-10-07 00:00:00+00:00,-0.4391982461142947,1.0,-1.0,2.0,-2.0
2020-10-08 00:00:00+00:00,1.1132057780517421,1.0,-1.0,2.0,-2.0
2020-10-09 00:00:00+00:00,1.1705854391158454,1.0,-1.0,2.0,-2.0
2020-10-12 00:00:00+00:00,1.119146085851406,1.0,-1.0,2.0,-2.0
2020-10-13 00:00:00+00:00,2.332541406817806,1.0,-1.0,2.0,-2.0
2020-10-14 00:00:00+00:00,1.6868434217446433,1.0,-1.0,2.0,-2.0
2020-10-15 00:00:00+00:00,2.2541545575242163,1.0,-1.0,2.0,-2.0
2020-10-16 00:00:00+00:00,1.4303783281184739,1.0,-1.0,2.0,-2.0
2020-10-19 00:00:00+00:00,0.8192843410080521,1.0,-1.0,2.0,-2.0
2020-10-20 00:00:00+00:00,0.663061136012218,1.0,-1.0,2.0,-2.0
2020-10-21 00:00:00+00:00,0.5158766456464947,1.0,-1.0,2.0,-2.0
2020-10-22 00:00:00+00:00,-0.6116220932076981,1.0,-1.0,2.0,-2.0
2020-10-23 00:00:00+00:00,1.7261426951310876,1.0,-1.0,2.0,-2.0
2020-10-26 00:00:00+00:00,-0.7578743802964859,1.0,-1.0,2.0,-2.0
2020-10-27 00:00:00+00:00,-0.7735680252082162,1.0,-1.0,2.0,-2.0
2020-10-28 00:00:00+00:00,-0.7896621927337888,1.0,-1.0,2.0,-2.0
2020-10-29 00:00:00+00:00,-1.0394443839949608,1.0,-1.0,2.0,-2.0
2020-10-30 00:00:00+00:00,-0.8504632098056083,1.0,-1.0,2.0,-2.0
2020-11-02 00:00:00+00:00,-0.5523424131343313,1.0,-1.0,2.0,-2.0
2020-11-03 00:00:00+00:00,-0.43459574125954564,1.0,-1.0,2.0,-2.0
2020-11-04 00:00:00+00:00,-0.42629104354558245,1.0,-1.0,2.0,-2.0
2020-11-05 00:00:00+00:00,-0.4180514108343212,1.0,-1.0,2.0,-2.0
2020-11-06 00:00:00+00:00,-2.2207747267927873,1.0,-1.0,2.0,-2.0
2020-11-09 00:00:00+00:00,-2.169988026843144,1.0,-1.0,2.0,-2.0
2020-11-10 00:00:00+00:00,-1.9444586228826313,1.0,-1.0,2.0,-2.0
2020-11-11 00:00:00+00:00,-2.269091985742688,1.0,-1.0,2.0,-2.0
2020-11-12 00:00:00+00:00,-1.90071541243887,1.0,-1.0,2.0,-2.0
2020-11-13 00:00:00+00:00,-1.7553117018749735,1.0,-1.0,2.0,-2.0
2020-11-16 00:00:00+00:00,-1.6370639085558945,1.0,-1.0,2.0,-2.0
2020-11-17 00:00:00+00:00,-1.1629404719102947,1.0,-1.0,2.0,-2.0
2020-11-18 00:00:00+00:00,-3.1297127994723133,1.0,-1.0,2.0,-2.0
2020-11-19 00:00:00+00:00,-2.6242133885643577,1.0,-1.0,2.0,-2.0
2020-11-20 00:00:00+00:00,-3.3536113273123003,1.0,-1.0,2.0,-2.0
2020-11-23 00:00:00+00:00,-2.7106837507574255,1.0,-1.0,2.0,-2.0
2020-11-24 00:00:00+00:00,-2.374977038741726,1.0,-1.0,2.0,-2.0
2020-11-25 00:00:00+00:00,-1.9495760826367803,1.0,-1.0,2.0,-2.0
2020-11-27 00:00:00+00:00,-1.7723899426003134,1.0,-1.0,2.0,-2.0
2020-11-30 00:00:00+00:00,-1.6261172529468735,1.0,-1.0,2.0,-2.0
2020-12-01 00:00:00+00:00,-1.5019378813675217,1.0,-1.0,2.0,-2.0
2020-12-02 00:00:00+00:00,0.17265326846837767,1.0,-1.0,2.0,-2.0
2020-12-03 00:00:00+00:00,0.26309073765188057,1.0,-1.0,2.0,-2.0
2020-12-04 00:00:00+00:00,0.32986503654829696,1.0,-1.0,2.0,-2.0
2020-12-07 00:00:00+00:00,0.3318720532667628,1.0,-1.0,2.0,-2.0
2020-12-08 00:00:00+00:00,0.31108098470996154,1.0,-1.0,2.0,-2.0
2020-12-09 00:00:00+00:00,0.22528208258296537,1.0,-1.0,2.0,-2.0
2020-12-10 00:00:00+00:00,0.16302971779202446,1.0,-1.0,2.0,-2.0
2020-12-11 00:00:00+00:00,0.1425319132805351,1.0,-1.0,2.0,-2.0
2020-12-14 00:00:00+00:00,0.1644140255686086,1.0,-1.0,2.0,-2.0
2020-12-15 00:00:00+00:00,0.1639558109003458,1.0,-1.0,2.0,-2.0
2020-12-16 00:00:00+00:00,0.16674226977719112,1.0,-1.0,2.0,-2.0
2020-12-17 00:00:00+00:00,0.19431798713275367,1.0,-1.0,2.0,-2.0
2020-12-18 00:00:00+00:00,0.1815511158099974,1.0,-1.0,2.0,-2.0
2020-12-21 00:00:00+00:00,0.1912606184163795,1.0,-1.0,2.0,-2.0
2020-12-22 00:00:00+00:00,0.1975279622265277,1.0,-1.0,2.0,-2.0
2020-12-23 00:00:00+00:00,0.2073886711922786,1.0,-1.0,2.0,-2.0
2020-12-24 00:00:00+00:00,0.21374905412708145,1.0,-1.0,2.0,-2.0
2020-12-28 00:00:00+00:00,0.23609736539153345,1.0,-1.0,2.0,-2.0
2020-12-29 00:00:00+00:00,0.3050064929948605,1.0,-1.0,2.0,-2.0
2020-12-30 00:00:00+00:00,0.32023587228800243,1.0,-1.0,2.0,-2.0
2020-12-31 00:00:00+00:00,0.3357958461003054,1.0,-1.0,2.0,-2.0
2021-01-01 00:00:00+00:00,0.16120384317380537,1.0,-1.0,2.0,-2.0
2021-01-04 00:00:00+00:00,0.1684754355673983,1.0,-1.0,2.0,-2.0
2021-01-05 00:00:00+00:00,0.1488050585190973,1.0,-1.0,2.0,-2.0
2021-01-06 00:00:00+00:00,0.1440220424083439,1.0,-1.0,2.0,-2.0
2021-01-07 00:00:00+00:00,0.15386645627849938,1.0,-1.0,2.0,-2.0
2021-01-08 00:00:00+00:00,0.15916041220251947,1.0,-1.0,2.0,-2.0
2021-01-11 00:00:00+00:00,0.1633432525267024,1.0,-1.0,2.0,-2.0
2021-01-12 00:00:00+00:00,0.13831577804362516,1.0,-1.0,2.0,-2.0
2021-01-13 00:00:00+00:00,0.11299563435143326,1.0,-1.0,2.0,-2.0
2021-01-14 00:00:00+00:00,0.1175567600133035,1.0,-1.0,2.0,-2.0
2021-01-15 00:00:00+00:00,0.12347284309774333,1.0,-1.0,2.0,-2.0
2021-01-19 00:00:00+00:00,0.05799751399654953,1.0,-1.0,2.0,-2.0
2021-01-20 00:00:00+00:00,0.09417148701809967,1.0,-1.0,2.0,-2.0
2021-01-21 00:00:00+00:00,0.1147286815153879,1.0,-1.0,2.0,-2.0
2021-01-22 00:00:00+00:00,0.0940232183183255,1.0,-1.0,2.0,-2.0
2021-01-25 00:00:00+00:00,0.10313508690579258,1.0,-1.0,2.0,-2.0
2021-01-26 00:00:00+00:00,0.1192693834547128,1.0,-1.0,2.0,-2.0
2021-01-27 00:00:00+00:00,0.13602289895245354,1.0,-1.0,2.0,-2.0
2021-01-28 00:00:00+00:00,0.1836341776393307,1.0,-1.0,2.0,-2.0
2021-01-29 00:00:00+00:00,0.1991781746797372,1.0,-1.0,2.0,-2.0
2021-02-01 00:00:00+00:00,-0.01909967653834283,1.0,-1.0,2.0,-2.0
2021-02-02 00:00:00+00:00,0.2860244310804551,1.0,-1.0,2.0,-2.0
2021-02-03 00:00:00+00:00,0.2860244310804551,1.0,-1.0,2.0,-2.0
2021-02-04 00:00:00+00:00,0.2860244310804551,1.0,-1.0,2.0,-2.0
2021-02-05 00:00:00+00:00,0.2860244310804551,1.0,-1.0,2.0,-2.0
2021-02-08 00:00:00+00:00,1.5452064793206322,1.0,-1.0,2.0,-2.0
2021-02-09 00:00:00+00:00,1.9832767930576383,1.0,-1.0,2.0,-2.0
2021-02-10 00:00:00+00:00,0.17462879265446124,1.0,-1.0,2.0,-2.0
2021-02-11 00:00:00+00:00,0.17462879265446124,1.0,-1.0,2.0,-2.0
2021-02-12 00:00:00+00:00,0.17462879265446124,1.0,-1.0,2.0,-2.0
2021-02-14 00:00:00+00:00,0.17462879265446124,1.0,-1.0,2.0,-2.0
2021-02-15 00:00:00+00:00,0.17462879265446124,1.0,-1.0,2.0,-2.0
2021-02-16 00:00:00+00:00,0.1545573474178929,1.0,-1.0,2.0,-2.0
2021-02-17 00:00:00+00:00,-2.506164355109335,1.0,-1.0,2.0,-2.0
2021-02-18 00:00:00+00:00,0.2179273352268987,1.0,-1.0,2.0,-2.0
2021-02-19 00:00:00+00:00,-0.5692260023071187,1.0,-1.0,2.0,-2.0
2021-02-22 00:00:00+00:00,1.0121086859483845,1.0,-1.0,2.0,-2.0
2021-02-23 00:00:00+00:00,0.21307551283123885,1.0,-1.0,2.0,-2.0
2021-02-24 00:00:00+00:00,-1.0713755354808103,1.0,-1.0,2.0,-2.0
2021-02-25 00:00:00+00:00,0.23517999559334862,1.0,-1.0,2.0,-2.0
2021-02-26 00:00:00+00:00,1.8753572179971107,1.0,-1.0,2.0,-2.0
2021-03-01 00:00:00+00:00,0.12479844114810157,1.0,-1.0,2.0,-2.0
2021-03-02 00:00:00+00:00,0.5799568501238801,1.0,-1.0,2.0,-2.0
2021-03-03 00:00:00+00:00,0.23265586389602025,1.0,-1.0,2.0,-2.0
2021-03-04 00:00:00+00:00,0.42473721613271215,1.0,-1.0,2.0,-2.0
2021-03-05 00:00:00+00:00,0.9246498441089372,1.0,-1.0,2.0,-2.0
2021-03-08 00:00:00+00:00,0.8736731941420902,1.0,-1.0,2.0,-2.0
2021-03-09 00:00:00+00:00,0.10442763881175582,1.0,-1.0,2.0,-2.0
2021-03-10 00:00:00+00:00,0.10809313440305104,1.0,-1.0,2.0,-2.0
2021-03-11 00:00:00+00:00,0.6301643741409811,1.0,-1.0,2.0,-2.0
2021-03-12 00:00:00+00:00,0.5797114038258387,1.0,-1.0,2.0,-2.0
2021-03-15 00:00:00+00:00,0.3118508978733813,1.0,-1.0,2.0,-2.0
2021-03-16 00:00:00+00:00,0.2638736154652974,1.0,-1.0,2.0,-2.0
2021-03-17 00:00:00+00:00,0.21347758797622046,1.0,-1.0,2.0,-2.0
2021-03-18 00:00:00+00:00,0.1596191310842097,1.0,-1.0,2.0,-2.0
2021-03-19 00:00:00+00:00,0.11547712263962401,1.0,-1.0,2.0,-2.0
2021-03-22 00:00:00+00:00,-0.29427743757639546,1.0,-1.0,2.0,-2.0
2021-03-23 00:00:00+00:00,-0.24536982632335072,1.0,-1.0,2.0,-2.0
2021-03-24 00:00:00+00:00,-0.1936596018372621,1.0,-1.0,2.0,-2.0
2021-03-25 00:00:00+00:00,0.010220534863747565,1.0,-1.0,2.0,-2.0
2021-03-26 00:00:00+00:00,0.07634805938029691,1.0,-1.0,2.0,-2.0
2021-03-29 00:00:00+00:00,0.15358205709842124,1.0,-1.0,2.0,-2.0
2021-03-30 00:00:00+00:00,0.21014676031401497,1.0,-1.0,2.0,-2.0
2021-03-31 00:00:00+00:00,0.2793698945005302,1.0,-1.0,2.0,-2.0
2021-04-01 00:00:00+00:00,0.2942717891099648,1.0,-1.0,2.0,-2.0
2021-04-05 00:00:00+00:00,0.26347582294377525,1.0,-1.0,2.0,-2.0
2021-04-06 00:00:00+00:00,0.8000001948042601,1.0,-1.0,2.0,-2.0
2021-04-07 00:00:00+00:00,0.7460798020923735,1.0,-1.0,2.0,-2.0
2021-04-08 00:00:00+00:00,1.1565631744025933,1.0,-1.0,2.0,-2.0
2021-04-09 00:00:00+00:00,0.9492604452449952,1.0,-1.0,2.0,-2.0
2021-04-12 00:00:00+00:00,0.8991663611668775,1.0,-1.0,2.0,-2.0
2021-04-13 00:00:00+00:00,0.8554052409318409,1.0,-1.0,2.0,-2.0
2021-04-14 00:00:00+00:00,0.14722139962738687,1.0,-1.0,2.0,-2.0
2021-04-15 00:00:00+00:00,0.10568230461518839,1.0,-1.0,2.0,-2.0
2021-04-16 00:00:00+00:00,-1.9545336562973918,1.0,-1.0,2.0,-2.0
2021-04-19 00:00:00+00:00,-1.779999239100828,1.0,-1.0,2.0,-2.0
2021-04-20 00:00:00+00:00,-2.26757181117233,1.0,-1.0,2.0,-2.0
2021-04-21 00:00:00+00:00,-2.027371751918057,1.0,-1.0,2.0,-2.0
2021-04-22 00:00:00+00:00,-2.4037284639821244,1.0,-1.0,2.0,-2.0
2021-04-23 00:00:00+00:00,-3.359252004260337,1.0,-1.0,2.0,-2.0
2021-04-26 00:00:00+00:00,-2.775239397251205,1.0,-1.0,2.0,-2.0
2021-04-27 00:00:00+00:00,-2.3963396684928444,1.0,-1.0,2.0,-2.0
2021-04-28 00:00:00+00:00,-1.8172122847424597,1.0,-1.0,2.0,-2.0
2021-04-29 00:00:00+00:00,-1.6661071072105285,1.0,-1.0,2.0,-2.0
2021-04-30 00:00:00+00:00,-0.4385161686060644,1.0,-1.0,2.0,-2.0
2021-05-03 00:00:00+00:00,-0.3932395408706306,1.0,-1.0,2.0,-2.0
2021-05-04 00:00:00+00:00,-0.03172311353261645,1.0,-1.0,2.0,-2.0
2021-05-05 00:00:00+00:00,-0.5927036526576032,1.0,-1.0,2.0,-2.0
2021-05-06 00:00:00+00:00,-0.517711385204024,1.0,-1.0,2.0,-2.0
2021-05-07 00:00:00+00:00,0.6055837311563749,1.0,-1.0,2.0,-2.0
2021-05-10 00:00:00+00:00,-3.755882510223459,1.0,-1.0,2.0,-2.0
2021-05-11 00:00:00+00:00,-2.764141377026041,1.0,-1.0,2.0,-2.0
2021-05-12 00:00:00+00:00,-2.244036281274106,1.0,-1.0,2.0,-2.0
2021-05-13 00:00:00+00:00,-1.910721071173023,1.0,-1.0,2.0,-2.0
2021-05-14 00:00:00+00:00,-1.1890909383417774,1.0,-1.0,2.0,-2.0
2021-05-17 00:00:00+00:00,-1.966871709177021,1.0,-1.0,2.0,-2.0
2021-05-18 00:00:00+00:00,-1.626804596028238,1.0,-1.0,2.0,-2.0
2021-05-19 00:00:00+00:00,-1.282632019906145,1.0,-1.0,2.0,-2.0
2021-05-20 00:00:00+00:00,-0.8175954727185314,1.0,-1.0,2.0,-2.0
2021-05-21 00:00:00+00:00,-0.7414852846283078,1.0,-1.0,2.0,-2.0
2021-05-24 00:00:00+00:00,1.1446310694836863,1.0,-1.0,2.0,-2.0
2021-05-25 00:00:00+00:00,1.097750311005006,1.0,-1.0,2.0,-2.0
2021-05-26 00:00:00+00:00,0.2244447593236536,1.0,-1.0,2.0,-2.0
2021-05-27 00:00:00+00:00,0.25575208135928856,1.0,-1.0,2.0,-2.0
2021-05-28 00:00:00+00:00,-0.15103505168588752,1.0,-1.0,2.0,-2.0
2021-05-31 00:00:00+00:00,-1.2988861150749265,1.0,-1.0,2.0,-2.0
2021-06-01 00:00:00+00:00,0.40203528853055914,1.0,-1.0,2.0,-2.0
2021-06-02 00:00:00+00:00,0.41642316345172614,1.0,-1.0,2.0,-2.0
2021-06-03 00:00:00+00:00,0.4311625976267518,1.0,-1.0,2.0,-2.0
2021-06-04 00:00:00+00:00,0.009806932673020874,1.0,-1.0,2.0,-2.0
2021-06-07 00:00:00+00:00,0.015274663070237922,1.0,-1.0,2.0,-2.0
2021-06-08 00:00:00+00:00,0.020757003438576588,1.0,-1.0,2.0,-2.0
2021-06-09 00:00:00+00:00,0.026254538854946562,1.0,-1.0,2.0,-2.0
2021-06-10 00:00:00+00:00,0.020807360205004302,1.0,-1.0,2.0,-2.0
2021-06-11 00:00:00+00:00,0.015348851611431251,1.0,-1.0,2.0,-2.0
2021-06-14 00:00:00+00:00,0.006598026432914619,1.0,-1.0,2.0,-2.0
2021-06-15 00:00:00+00:00,0.0011009965378931325,1.0,-1.0,2.0,-2.0
2021-06-16 00:00:00+00:00,0.4414996116951399,1.0,-1.0,2.0,-2.0
2021-06-17 00:00:00+00:00,0.43546441197852764,1.0,-1.0,2.0,-2.0
2021-06-18 00:00:00+00:00,0.4329312325281468,1.0,-1.0,2.0,-2.0
2021-06-21 00:00:00+00:00,0.43563515221209875,1.0,-1.0,2.0,-2.0
2021-06-22 00:00:00+00:00,0.43834812025783837,1.0,-1.0,2.0,-2.0
2021-06-23 00:00:00+00:00,0.44107022933147555,1.0,-1.0,2.0,-2.0
2021-06-24 00:00:00+00:00,-0.4283828085913434,1.0,-1.0,2.0,-2.0
2021-06-25 00:00:00+00:00,-0.42027492435284425,1.0,-1.0,2.0,-2.0
2021-06-28 00:00:00+00:00,-0.41220682824193583,1.0,-1.0,2.0,-2.0
2021-06-29 00:00:00+00:00,-0.8328452819733966,1.0,-1.0,2.0,-2.0
2021-06-30 00:00:00+00:00,0.055164352493808626,1.0,-1.0,2.0,-2.0
2021-07-01 00:00:00+00:00,0.06077544148133399,1.0,-1.0,2.0,-2.0
2021-07-02 00:00:00+00:00,0.06640628420353545,1.0,-1.0,2.0,-2.0
2021-07-06 00:00:00+00:00,5.076051020511254,1.0,-1.0,2.0,-2.0
2021-07-07 00:00:00+00:00,4.365140544188812,1.0,-1.0,2.0,-2.0
2021-07-08 00:00:00+00:00,5.06760003966973,1.0,-1.0,2.0,-2.0
2021-07-09 00:00:00+00:00,4.679761648499183,1.0,-1.0,2.0,-2.0
2021-07-12 00:00:00+00:00,2.3654840513337683,1.0,-1.0,2.0,-2.0
2021-07-13 00:00:00+00:00,2.2587429423668275,1.0,-1.0,2.0,-2.0
2021-07-14 00:00:00+00:00,1.2084501416449507,1.0,-1.0,2.0,-2.0
2021-07-15 00:00:00+00:00,1.5666184889970307,1.0,-1.0,2.0,-2.0
2021-07-16 00:00:00+00:00,0.9493222398835305,1.0,-1.0,2.0,-2.0
2021-07-19 00:00:00+00:00,0.9308198002843019,1.0,-1.0,2.0,-2.0
2021-07-20 00:00:00+00:00,0.7219316071076838,1.0,-1.0,2.0,-2.0
2021-07-21 00:00:00+00:00,0.1306214617154924,1.0,-1.0,2.0,-2.0
2021-07-22 00:00:00+00:00,0.12864416178227595,1.0,-1.0,2.0,-2.0
2021-07-23 00:00:00+00:00,0.12617995616886435,1.0,-1.0,2.0,-2.0
2021-07-26 00:00:00+00:00,0.12371686399432305,1.0,-1.0,2.0,-2.0
2021-07-27 00:00:00+00:00,-0.07265911059984052,1.0,-1.0,2.0,-2.0
2021-07-28 00:00:00+00:00,0.1212548397645887,1.0,-1.0,2.0,-2.0
2021-07-29 00:00:00+00:00,-0.41254553536945854,1.0,-1.0,2.0,-2.0
2021-07-30 00:00:00+00:00,-0.5353196840945618,1.0,-1.0,2.0,-2.0
2021-08-02 00:00:00+00:00,0.0,1.0,-1.0,2.0,-2.0
2021-08-03 00:00:00+00:00,0.2176428750330004,1.0,-1.0,2.0,-2.0
2021-08-04 00:00:00+00:00,0.3643993485805058,1.0,-1.0,2.0,-2.0
2021-08-05 00:00:00+00:00,0.5720775535473414,1.0,-1.0,2.0,-2.0
2021-08-06 00:00:00+00:00,0.0,1.0,-1.0,2.0,-2.0
2021-08-09 00:00:00+00:00,-1.6035674514744969,1.0,-1.0,2.0,-2.0
2021-08-10 00:00:00+00:00,-1.6035674514744969,1.0,-1.0,2.0,-2.0
2021-08-11 00:00:00+00:00,-1.8073922282300918,1.0,-1.0,2.0,-2.0
2021-08-12 00:00:00+00:00,-1.4012980994907185,1.0,-1.0,2.0,-2.0
2021-08-13 00:00:00+00:00,-1.1333428516638024,1.0,-1.0,2.0,-2.0
2021-08-16 00:00:00+00:00,-0.9295803361350103,1.0,-1.0,2.0,-2.0
2021-08-17 00:00:00+00:00,-0.7633862853691019,1.0,-1.0,2.0,-2.0
2021-08-18 00:00:00+00:00,-0.6210590034081046,1.0,-1.0,2.0,-2.0
2021-08-19 00:00:00+00:00,-0.5144957554275004,1.0,-1.0,2.0,-2.0
2021-08-20 00:00:00+00:00,-0.4743416490251289,1.0,-1.0,2.0,-2.0
2021-08-23 00:00:00+00:00,2.7574350900540914,1.0,-1.0,2.0,-2.0
2021-08-24 00:00:00+00:00,2.0074620545625863,1.0,-1.0,2.0,-2.0
2021-08-25 00:00:00+00:00,0.9963650297665713,1.0,-1.0,2.0,-2.0
2021-08-26 00:00:00+00:00,0.8193646984542702,1.0,-1.0,2.0,-2.0
2021-08-27 00:00:00+00:00,-0.38565402751177646,1.0,-1.0,2.0,-2.0
2021-08-30 00:00:00+00:00,-0.3574161660050281,1.0,-1.0,2.0,-2.0
2021-08-31 00:00:00+00:00,-0.29661755813604745,1.0,-1.0,2.0,-2.0
2021-09-01 00:00:00+00:00,1.2556296261339182,1.0,-1.0,2.0,-2.0
2021-09-02 00:00:00+00:00,2.1891744581943624,1.0,-1.0,2.0,-2.0
2021-09-03 00:00:00+00:00,2.1891744581943624,1.0,-1.0,2.0,-2.0
2021-09-06 00:00:00+00:00,0.5732744317583394,1.0,-1.0,2.0,-2.0
2021-09-07 00:00:00+00:00,0.4333578509050816,1.0,-1.0,2.0,-2.0
2021-09-08 00:00:00+00:00,1.4013148197291614,1.0,-1.0,2.0,-2.0
2021-09-09 00:00:00+00:00,1.31792929651926,1.0,-1.0,2.0,-2.0
2021-09-10 00:00:00+00:00,1.242615458634188,1.0,-1.0,2.0,-2.0
2021-09-13 00:00:00+00:00,1.1902055581742967,1.0,-1.0,2.0,-2.0
2021-09-14 00:00:00+00:00,3.058905424224948,1.0,-1.0,2.0,-2.0
2021-09-15 00:00:00+00:00,1.6637088692914948,1.0,-1.0,2.0,-2.0
2021-09-16 00:00:00+00:00,1.0147169334578496,1.0,-1.0,2.0,-2.0
2021-09-17 00:00:00+00:00,0.9602348691510136,1.0,-1.0,2.0,-2.0
2021-09-20 00:00:00+00:00,1.6618979396776452,1.0,-1.0,2.0,-2.0
2021-09-21 00:00:00+00:00,1.531812864926467,1.0,-1.0,2.0,-2.0
2021-09-22 00:00:00+00:00,0.3092114018882939,1.0,-1.0,2.0,-2.0
2021-09-23 00:00:00+00:00,-0.2978514184244716,1.0,-1.0,2.0,-2.0
2021-09-24 00:00:00+00:00,-0.6453501742712676,1.0,-1.0,2.0,-2.0
2021-09-27 00:00:00+00:00,-1.5961339511051855,1.0,-1.0,2.0,-2.0
2021-09-28 00:00:00+00:00,-1.2620471847204908,1.0,-1.0,2.0,-2.0
2021-09-29 00:00:00+00:00,-1.3450091269314621,1.0,-1.0,2.0,-2.0
2021-09-30 00:00:00+00:00,-1.090380133615344,1.0,-1.0,2.0,-2.0
2021-10-01 00:00:00+00:00,-0.5185350649019588,1.0,-1.0,2.0,-2.0
2021-10-04 00:00:00+00:00,-0.03713048585437565,1.0,-1.0,2.0,-2.0
2021-10-05 00:00:00+00:00,0.6024814911015297,1.0,-1.0,2.0,-2.0
2021-10-06 00:00:00+00:00,1.5585005415235669,1.0,-1.0,2.0,-2.0
2021-10-07 00:00:00+00:00,1.5340600252508225,1.0,-1.0,2.0,-2.0
2021-10-08 00:00:00+00:00,1.4366487339418175,1.0,-1.0,2.0,-2.0
2021-10-11 00:00:00+00:00,1.153845876778965,1.0,-1.0,2.0,-2.0
2021-10-12 00:00:00+00:00,1.0226590854938356,1.0,-1.0,2.0,-2.0
2021-10-13 00:00:00+00:00,1.1767433748785368,1.0,-1.0,2.0,-2.0
2021-10-14 00:00:00+00:00,1.0134921809518798,1.0,-1.0,2.0,-2.0
2021-10-15 00:00:00+00:00,1.15699968138803,1.0,-1.0,2.0,-2.0
2021-10-18 00:00:00+00:00,0.3572963070579788,1.0,-1.0,2.0,-2.0
2021-10-19 00:00:00+00:00,-0.9376604614581077,1.0,-1.0,2.0,-2.0
2021-10-20 00:00:00+00:00,-1.157914536514376,1.0,-1.0,2.0,-2.0
2021-10-21 00:00:00+00:00,-1.157914536514376,1.0,-1.0,2.0,-2.0
2021-10-22 00:00:00+00:00,-2.1081867496905757,1.0,-1.0,2.0,-2.0
2021-10-25 00:00:00+00:00,-2.1790410308760637,1.0,-1.0,2.0,-2.0
2021-10-26 00:00:00+00:00,-0.982263919505152,1.0,-1.0,2.0,-2.0
2021-10-27 00:00:00+00:00,-1.3729971021525773,1.0,-1.0,2.0,-2.0
2021-10-28 00:00:00+00:00,-1.8139961061468275,1.0,-1.0,2.0,-2.0
2021-10-29 00:00:00+00:00,-1.8409676306185705,1.0,-1.0,2.0,-2.0
2021-11-01 00:00:00+00:00,-1.9990346788003146,1.0,-1.0,2.0,-2.0
2021-11-02 00:00:00+00:00,-2.1288131925221343,1.0,-1.0,2.0,-2.0
2021-11-03 00:00:00+00:00,-2.246398885706219,1.0,-1.0,2.0,-2.0
2021-11-04 00:00:00+00:00,-2.115238686182911,1.0,-1.0,2.0,-2.0
2021-11-05 00:00:00+00:00,-2.1021774294730315,1.0,-1.0,2.0,-2.0
2021-11-08 00:00:00+00:00,-1.7736192278833105,1.0,-1.0,2.0,-2.0
2021-11-09 00:00:00+00:00,-2.3877477902732442,1.0,-1.0,2.0,-2.0
2021-11-10 00:00:00+00:00,-1.7656403008089538,1.0,-1.0,2.0,-2.0
2021-11-11 00:00:00+00:00,-1.074745682571763,1.0,-1.0,2.0,-2.0
2021-11-12 00:00:00+00:00,-1.0486747262000462,1.0,-1.0,2.0,-2.0
2021-11-15 00:00:00+00:00,-0.724602086052244,1.0,-1.0,2.0,-2.0
2021-11-16 00:00:00+00:00,-0.4049988372093003,1.0,-1.0,2.0,-2.0
2021-11-17 00:00:00+00:00,-0.208901692058331,1.0,-1.0,2.0,-2.0
2021-11-18 00:00:00+00:00,-0.078235470856797,1.0,-1.0,2.0,-2.0
2021-11-19 00:00:00+00:00,0.0513523504229124,1.0,-1.0,2.0,-2.0
2021-11-22 00:00:00+00:00,-0.2462437531219495,1.0,-1.0,2.0,-2.0
2021-11-23 00:00:00+00:00,-0.20426838477310044,1.0,-1.0,2.0,-2.0
2021-11-24 00:00:00+00:00,0.16017935931312974,1.0,-1.0,2.0,-2.0
2021-11-26 00:00:00+00:00,-1.2279827273524684,1.0,-1.0,2.0,-2.0
2021-11-29 00:00:00+00:00,-0.27335521851799016,1.0,-1.0,2.0,-2.0
2021-11-30 00:00:00+00:00,-0.7514687095048618,1.0,-1.0,2.0,-2.0
2021-12-01 00:00:00+00:00,-0.6242961327219393,1.0,-1.0,2.0,-2.0
2021-12-02 00:00:00+00:00,-0.2325094786239686,1.0,-1.0,2.0,-2.0
2021-12-03 00:00:00+00:00,0.5248236952234175,1.0,-1.0,2.0,-2.0
2021-12-06 00:00:00+00:00,0.6039004894845371,1.0,-1.0,2.0,-2.0
2021-12-07 00:00:00+00:00,2.194578191400976,1.0,-1.0,2.0,-2.0
2021-12-08 00:00:00+00:00,0.9838841947735179,1.0,-1.0,2.0,-2.0
2021-12-09 00:00:00+00:00,0.6787496916712494,1.0,-1.0,2.0,-2.0
2021-12-10 00:00:00+00:00,-3.598779557226967,1.0,-1.0,2.0,-2.0
2021-12-13 00:00:00+00:00,-2.7052237573426883,1.0,-1.0,2.0,-2.0
2021-12-14 00:00:00+00:00,-2.193609975199519,1.0,-1.0,2.0,-2.0
2021-12-15 00:00:00+00:00,-1.8164169281976659,1.0,-1.0,2.0,-2.0
2021-12-16 00:00:00+00:00,-1.6457045719940573,1.0,-1.0,2.0,-2.0
2021-12-17 00:00:00+00:00,-1.4844195734729821,1.0,-1.0,2.0,-2.0
2021-12-20 00:00:00+00:00,-1.2708609350660869,1.0,-1.0,2.0,-2.0
2021-12-21 00:00:00+00:00,0.8330731249757024,1.0,-1.0,2.0,-2.0
2021-12-22 00:00:00+00:00,0.8671318405371541,1.0,-1.0,2.0,-2.0
2021-12-23 00:00:00+00:00,0.8454192499835788,1.0,-1.0,2.0,-2.0
2021-12-24 00:00:00+00:00,0.3650397321884678,1.0,-1.0,2.0,-2.0
2021-12-27 00:00:00+00:00,0.4774136081731533,1.0,-1.0,2.0,-2.0
2021-12-28 00:00:00+00:00,0.48382500888013463,1.0,-1.0,2.0,-2.0
2021-12-29 00:00:00+00:00,0.5063004860390322,1.0,-1.0,2.0,-2.0
2021-12-30 00:00:00+00:00,0.5158034666568352,1.0,-1.0,2.0,-2.0
2021-12-31 00:00:00+00:00,0.5589981821307284,1.0,-1.0,2.0,-2.0
2022-01-03 00:00:00+00:00,0.46716928898878063,1.0,-1.0,2.0,-2.0
2022-01-04 00:00:00+00:00,0.5117808379820106,1.0,-1.0,2.0,-2.0
2022-01-05 00:00:00+00:00,0.5357361775560632,1.0,-1.0,2.0,-2.0
2022-01-06 00:00:00+00:00,0.5523563441973769,1.0,-1.0,2.0,-2.0
2022-01-07 00:00:00+00:00,0.5654918915536636,1.0,-1.0,2.0,-2.0
2022-01-10 00:00:00+00:00,0.5434562190820115,1.0,-1.0,2.0,-2.0
2022-01-11 00:00:00+00:00,0.5457487591611789,1.0,-1.0,2.0,-2.0
2022-01-12 00:00:00+00:00,0.5850957299945269,1.0,-1.0,2.0,-2.0
2022-01-13 00:00:00+00:00,0.7434877641383836,1.0,-1.0,2.0,-2.0
2022-01-14 00:00:00+00:00,1.167674505640673,1.0,-1.0,2.0,-2.0
2022-01-18 00:00:00+00:00,1.392585887574149,1.0,-1.0,2.0,-2.0
2022-01-19 00:00:00+00:00,1.142720461279389,1.0,-1.0,2.0,-2.0
2022-01-20 00:00:00+00:00,1.315125065961936,1.0,-1.0,2.0,-2.0
2022-01-21 00:00:00+00:00,1.1467816903298749,1.0,-1.0,2.0,-2.0
2022-01-24 00:00:00+00:00,1.245849904581557,1.0,-1.0,2.0,-2.0
2022-01-25 00:00:00+00:00,1.0126463867918327,1.0,-1.0,2.0,-2.0
2022-01-26 00:00:00+00:00,1.0940844605149336,1.0,-1.0,2.0,-2.0
2022-01-27 00:00:00+00:00,0.9679045707745995,1.0,-1.0,2.0,-2.0
2022-01-28 00:00:00+00:00,0.764009110803986,1.0,-1.0,2.0,-2.0
2022-01-31 00:00:00+00:00,0.3629315747471146,1.0,-1.0,2.0,-2.0
2022-02-01 00:00:00+00:00,0.2796405715140484,1.0,-1.0,2.0,-2.0
2022-02-02 00:00:00+00:00,0.5605282215795754,1.0,-1.0,2.0,-2.0
2022-02-03 00:00:00+00:00,0.49315222042394996,1.0,-1.0,2.0,-2.0
2022-02-04 00:00:00+00:00,0.6700610768054186,1.0,-1.0,2.0,-2.0
2022-02-07 00:00:00+00:00,0.4477148013590119,1.0,-1.0,2.0,-2.0
2022-02-08 00:00:00+00:00,0.714182619076947,1.0,-1.0,2.0,-2.0
2022-02-09 00:00:00+00:00,0.49142419676996874,1.0,-1.0,2.0,-2.0
2022-02-10 00:00:00+00:00,0.582687091397418,1.0,-1.0,2.0,-2.0
2022-02-11 00:00:00+00:00,0.7073445654028845,1.0,-1.0,2.0,-2.0
2022-02-14 00:00:00+00:00,0.7066847971909246,1.0,-1.0,2.0,-2.0
2022-02-15 00:00:00+00:00,0.6852986706599057,1.0,-1.0,2.0,-2.0
2022-02-16 00:00:00+00:00,0.6259373919227356,1.0,-1.0,2.0,-2.0
2022-02-17 00:00:00+00:00,0.41320519456386134,1.0,-1.0,2.0,-2.0
2022-02-18 00:00:00+00:00,0.37306897102104425,1.0,-1.0,2.0,-2.0
2022-02-22 00:00:00+00:00,0.5197761788388288,1.0,-1.0,2.0,-2.0
2022-02-23 00:00:00+00:00,0.40411400297268024,1.0,-1.0,2.0,-2.0
2022-02-24 00:00:00+00:00,0.1039527534850274,1.0,-1.0,2.0,-2.0
2022-02-25 00:00:00+00:00,-1.1317012765674859,1.0,-1.0,2.0,-2.0
2022-02-28 00:00:00+00:00,-2.221766517955185,1.0,-1.0,2.0,-2.0
2022-03-01 00:00:00+00:00,-1.669278103300916,1.0,-1.0,2.0,-2.0
2022-03-02 00:00:00+00:00,-1.403873796845267,1.0,-1.0,2.0,-2.0
2022-03-03 00:00:00+00:00,-1.157027866908917,1.0,-1.0,2.0,-2.0
2022-03-04 00:00:00+00:00,-0.6163512970441671,1.0,-1.0,2.0,-2.0
2022-03-07 00:00:00+00:00,-0.5033281152132789,1.0,-1.0,2.0,-2.0
2022-03-08 00:00:00+00:00,2.5752555768158336,1.0,-1.0,2.0,-2.0
2022-03-09 00:00:00+00:00,2.597902794794251,1.0,-1.0,2.0,-2.0
2022-03-10 00:00:00+00:00,1.899253824019933,1.0,-1.0,2.0,-2.0
2022-03-11 00:00:00+00:00,1.415627861327499,1.0,-1.0,2.0,-2.0
2022-03-14 00:00:00+00:00,1.100772944049839,1.0,-1.0,2.0,-2.0
2022-03-15 00:00:00+00:00,0.6902570153471995,1.0,-1.0,2.0,-2.0
2022-03-16 00:00:00+00:00,0.5911178370660265,1.0,-1.0,2.0,-2.0
2022-03-17 00:00:00+00:00,0.44513135121263553,1.0,-1.0,2.0,-2.0
2022-03-18 00:00:00+00:00,0.3535894858443636,1.0,-1.0,2.0,-2.0
2022-03-21 00:00:00+00:00,-0.4685954667092553,1.0,-1.0,2.0,-2.0
2022-03-22 00:00:00+00:00,-2.601742636811223,1.0,-1.0,2.0,-2.0
2022-03-23 00:00:00+00:00,-2.4760082470100113,1.0,-1.0,2.0,-2.0
2022-03-24 00:00:00+00:00,-1.8917400326040341,1.0,-1.0,2.0,-2.0
2022-03-25 00:00:00+00:00,-0.605359027585886,1.0,-1.0,2.0,-2.0
2022-03-28 00:00:00+00:00,-0.5914698050852847,1.0,-1.0,2.0,-2.0
2022-03-29 00:00:00+00:00,-0.5198366336291846,1.0,-1.0,2.0,-2.0
2022-03-30 00:00:00+00:00,0.10844510554339717,1.0,-1.0,2.0,-2.0
2022-03-31 00:00:00+00:00,0.34745488016302273,1.0,-1.0,2.0,-2.0
2022-04-01 00:00:00+00:00,0.3877596788398243,1.0,-1.0,2.0,-2.0
2022-04-04 00:00:00+00:00,0.905813992239411,1.0,-1.0,2.0,-2.0
2022-04-05 00:00:00+00:00,-1.2455047375589905,1.0,-1.0,2.0,-2.0
2022-04-06 00:00:00+00:00,0.14998890655620162,1.0,-1.0,2.0,-2.0
2022-04-07 00:00:00+00:00,-2.0759511816859137,1.0,-1.0,2.0,-2.0
2022-04-08 00:00:00+00:00,-1.459358363971558,1.0,-1.0,2.0,-2.0
2022-04-11 00:00:00+00:00,-0.6068660849089951,1.0,-1.0,2.0,-2.0
2022-04-12 00:00:00+00:00,-0.5865416980990626,1.0,-1.0,2.0,-2.0
2022-04-13 00:00:00+00:00,-0.4419907756520749,1.0,-1.0,2.0,-2.0
2022-04-14 00:00:00+00:00,1.1330428403632458,1.0,-1.0,2.0,-2.0
2022-04-15 00:00:00+00:00,1.051395064522713,1.0,-1.0,2.0,-2.0
2022-04-18 00:00:00+00:00,2.2300903612631093,1.0,-1.0,2.0,-2.0
2022-04-19 00:00:00+00:00,1.630428565219983,1.0,-1.0,2.0,-2.0
2022-04-20 00:00:00+00:00,1.3167417077134729,1.0,-1.0,2.0,-2.0
2022-04-21 00:00:00+00:00,0.0,1.0,-1.0,2.0,-2.0
2022-04-22 00:00:00+00:00,-0.1458075530268738,1.0,-1.0,2.0,-2.0
2022-04-25 00:00:00+00:00,-0.19603552919901673,1.0,-1.0,2.0,-2.0
2022-04-26 00:00:00+00:00,-0.13062113807705178,1.0,-1.0,2.0,-2.0
2022-04-27 00:00:00+00:00,-0.05148802314827048,1.0,-1.0,2.0,-2.0
2022-04-28 00:00:00+00:00,0.05160666080606092,1.0,-1.0,2.0,-2.0
2022-04-29 00:00:00+00:00,0.2229261617654475,1.0,-1.0,2.0,-2.0
2022-05-02 00:00:00+00:00,0.5907274464840694,1.0,-1.0,2.0,-2.0
2022-05-03 00:00:00+00:00,1.0591147383780484,1.0,-1.0,2.0,-2.0
2022-05-04 00:00:00+00:00,0.9943923513335369,1.0,-1.0,2.0,-2.0
2022-05-05 00:00:00+00:00,2.489738736587827,1.0,-1.0,2.0,-2.0
2022-05-06 00:00:00+00:00,2.2222327526145556,1.0,-1.0,2.0,-2.0
2022-05-09 00:00:00+00:00,1.9979698277206013,1.0,-1.0,2.0,-2.0
2022-05-10 00:00:00+00:00,1.816944609141623,1.0,-1.0,2.0,-2.0
2022-05-11 00:00:00+00:00,1.6607486298176557,1.0,-1.0,2.0,-2.0
2022-05-12 00:00:00+00:00,1.5291865192051417,1.0,-1.0,2.0,-2.0
2022-05-13 00:00:00+00:00,1.4194381894840564,1.0,-1.0,2.0,-2.0
2022-05-16 00:00:00+00:00,1.3258885416879198,1.0,-1.0,2.0,-2.0
2022-05-17 00:00:00+00:00,1.2356652131574624,1.0,-1.0,2.0,-2.0
2022-05-18 00:00:00+00:00,1.154235190184808,1.0,-1.0,2.0,-2.0
2022-05-19 00:00:00+00:00,1.10544730414457,1.0,-1.0,2.0,-2.0
2022-05-20 00:00:00+00:00,1.0692984070578289,1.0,-1.0,2.0,-2.0
2022-05-23 00:00:00+00:00,1.0175636570841369,1.0,-1.0,2.0,-2.0
2022-05-24 00:00:00+00:00,0.9724757702677844,1.0,-1.0,2.0,-2.0
2022-05-25 00:00:00+00:00,3.000786619578815,1.0,-1.0,2.0,-2.0
2022-05-26 00:00:00+00:00,2.600830711205478,1.0,-1.0,2.0,-2.0
2022-05-27 00:00:00+00:00,2.319837041964397,1.0,-1.0,2.0,-2.0
2022-05-30 00:00:00+00:00,2.109845564631546,1.0,-1.0,2.0,-2.0
2022-05-31 00:00:00+00:00,1.9040958299117219,1.0,-1.0,2.0,-2.0
2022-06-01 00:00:00+00:00,1.738054467884524,1.0,-1.0,2.0,-2.0
2022-06-02 00:00:00+00:00,2.9561689540284632,1.0,-1.0,2.0,-2.0
2022-06-03 00:00:00+00:00,2.3664438301397483,1.0,-1.0,2.0,-2.0
2022-06-06 00:00:00+00:00,2.1076815537248303,1.0,-1.0,2.0,-2.0
2022-06-07 00:00:00+00:00,1.9070813823171147,1.0,-1.0,2.0,-2.0
2022-06-08 00:00:00+00:00,0.6609119000576216,1.0,-1.0,2.0,-2.0
2022-06-09 00:00:00+00:00,0.6107286448497289,1.0,-1.0,2.0,-2.0
2022-06-10 00:00:00+00:00,0.5611614427261126,1.0,-1.0,2.0,-2.0
2022-06-13 00:00:00+00:00,0.5117217884408066,1.0,-1.0,2.0,-2.0
2022-06-14 00:00:00+00:00,0.46185106070384935,1.0,-1.0,2.0,-2.0
2022-06-15 00:00:00+00:00,0.41086110180623225,1.0,-1.0,2.0,-2.0
2022-06-16 00:00:00+00:00,-1.1414814090817273,1.0,-1.0,2.0,-2.0
2022-06-17 00:00:00+00:00,-2.6544091678871693,1.0,-1.0,2.0,-2.0
2022-06-21 00:00:00+00:00,-2.4318000318699777,1.0,-1.0,2.0,-2.0
2022-06-22 00:00:00+00:00,-1.7776853332147973,1.0,-1.0,2.0,-2.0
2022-06-23 00:00:00+00:00,-1.570366092750652,1.0,-1.0,2.0,-2.0
2022-06-24 00:00:00+00:00,-1.39792405926282,1.0,-1.0,2.0,-2.0
2022-06-27 00:00:00+00:00,-1.2555872944726785,1.0,-1.0,2.0,-2.0
2022-06-28 00:00:00+00:00,-1.1342162288609037,1.0,-1.0,2.0,-2.0
2022-06-29 00:00:00+00:00,-1.028014405307776,1.0,-1.0,2.0,-2.0
2022-06-30 00:00:00+00:00,-0.9330714994698599,1.0,-1.0,2.0,-2.0
2022-07-01 00:00:00+00:00,-0.7789134527437713,1.0,-1.0,2.0,-2.0
2022-07-05 00:00:00+00:00,0.484323160431524,1.0,-1.0,2.0,-2.0
2022-07-06 00:00:00+00:00,0.6692859036540721,1.0,-1.0,2.0,-2.0
2022-07-07 00:00:00+00:00,0.6928111747230622,1.0,-1.0,2.0,-2.0
2022-07-08 00:00:00+00:00,0.7347372777447749,1.0,-1.0,2.0,-2.0
2022-07-11 00:00:00+00:00,0.7798374722257227,1.0,-1.0,2.0,-2.0
2022-07-12 00:00:00+00:00,0.8286540705242069,1.0,-1.0,2.0,-2.0
2022-07-13 00:00:00+00:00,0.881867403037144,1.0,-1.0,2.0,-2.0
2022-07-14 00:00:00+00:00,0.9403450822172728,1.0,-1.0,2.0,-2.0
2022-07-15 00:00:00+00:00,1.0052146919363385,1.0,-1.0,2.0,-2.0
2022-07-18 00:00:00+00:00,0.8456706807406653,1.0,-1.0,2.0,-2.0
2022-07-19 00:00:00+00:00,0.7629046029452781,1.0,-1.0,2.0,-2.0
2022-07-20 00:00:00+00:00,0.686215793859504,1.0,-1.0,2.0,-2.0
2022-07-21 00:00:00+00:00,0.19722043151358606,1.0,-1.0,2.0,-2.0
2022-07-22 00:00:00+00:00,0.6890856738900206,1.0,-1.0,2.0,-2.0
2022-07-25 00:00:00+00:00,0.6130227791987211,1.0,-1.0,2.0,-2.0
2022-07-26 00:00:00+00:00,0.5383170289005965,1.0,-1.0,2.0,-2.0
2022-07-27 00:00:00+00:00,0.4631746694874538,1.0,-1.0,2.0,-2.0
2022-07-28 00:00:00+00:00,0.38537110978590783,1.0,-1.0,2.0,-2.0
2022-07-29 00:00:00+00:00,3.21927854937548,1.0,-1.0,2.0,-2.0
2022-08-01 00:00:00+00:00,2.8667254145780583,1.0,-1.0,2.0,-2.0
2022-08-02 00:00:00+00:00,2.2460785775588556,1.0,-1.0,2.0,-2.0
2022-08-03 00:00:00+00:00,1.902174604085492,1.0,-1.0,2.0,-2.0
2022-08-04 00:00:00+00:00,2.2960136888226805,1.0,-1.0,2.0,-2.0
2022-08-05 00:00:00+00:00,1.5574034169796431,1.0,-1.0,2.0,-2.0
2022-08-08 00:00:00+00:00,1.029451234880821,1.0,-1.0,2.0,-2.0
2022-08-09 00:00:00+00:00,0.9335227954827637,1.0,-1.0,2.0,-2.0
2022-08-10 00:00:00+00:00,0.8461414727402201,1.0,-1.0,2.0,-2.0
2022-08-11 00:00:00+00:00,0.6071422843458745,1.0,-1.0,2.0,-2.0
2022-08-12 00:00:00+00:00,-1.1743958873323026,1.0,-1.0,2.0,-2.0
2022-08-15 00:00:00+00:00,-1.1482053515139126,1.0,-1.0,2.0,-2.0
2022-08-16 00:00:00+00:00,-1.0499729126215596,1.0,-1.0,2.0,-2.0
2022-08-17 00:00:00+00:00,-1.035131594797341,1.0,-1.0,2.0,-2.0
2022-08-18 00:00:00+00:00,-1.6605619390081718,1.0,-1.0,2.0,-2.0
2022-08-19 00:00:00+00:00,-1.5291819169061784,1.0,-1.0,2.0,-2.0
2022-08-22 00:00:00+00:00,-1.1213294097617423,1.0,-1.0,2.0,-2.0
2022-08-23 00:00:00+00:00,-0.11611618219118934,1.0,-1.0,2.0,-2.0
2022-08-24 00:00:00+00:00,-0.11611618219118934,1.0,-1.0,2.0,-2.0
2022-08-25 00:00:00+00:00,-0.11611618219118934,1.0,-1.0,2.0,-2.0
2022-08-26 00:00:00+00:00,-0.11611618219118934,1.0,-1.0,2.0,-2.0
2022-08-29 00:00:00+00:00,-0.07052382164493949,1.0,-1.0,2.0,-2.0
2022-08-30 00:00:00+00:00,-0.07878824666587579,1.0,-1.0,2.0,-2.0
2022-08-31 00:00:00+00:00,-0.07878824666587579,1.0,-1.0,2.0,-2.0
2022-09-01 00:00:00+00:00,-1.536526888154263,1.0,-1.0,2.0,-2.0
2022-09-02 00:00:00+00:00,-2.2781708164622705,1.0,-1.0,2.0,-2.0
2022-09-05 00:00:00+00:00,-0.01227360986904663,1.0,-1.0,2.0,-2.0
2022-09-06 00:00:00+00:00,-0.01227360986904663,1.0,-1.0,2.0,-2.0
2022-09-07 00:00:00+00:00,-0.7878719307377783,1.0,-1.0,2.0,-2.0
2022-09-08 00:00:00+00:00,0.22246244504754115,1.0,-1.0,2.0,-2.0
2022-09-09 00:00:00+00:00,-0.5551451074025879,1.0,-1.0,2.0,-2.0
2022-09-12 00:00:00+00:00,-1.6130241596475028,1.0,-1.0,2.0,-2.0
2022-09-13 00:00:00+00:00,-0.36671675623958777,1.0,-1.0,2.0,-2.0
2022-09-14 00:00:00+00:00,-0.04383718640746679,1.0,-1.0,2.0,-2.0
2022-09-15 00:00:00+00:00,-0.01898698546382588,1.0,-1.0,2.0,-2.0
2022-09-16 00:00:00+00:00,-1.2536805117232699,1.0,-1.0,2.0,-2.0
2022-09-19 00:00:00+00:00,0.13217839543705284,1.0,-1.0,2.0,-2.0
2022-09-20 00:00:00+00:00,0.12995650283422736,1.0,-1.0,2.0,-2.0
2022-09-21 00:00:00+00:00,-0.002202652590410633,1.0,-1.0,2.0,-2.0
2022-09-22 00:00:00+00:00,0.19267044014208184,1.0,-1.0,2.0,-2.0
2022-09-23 00:00:00+00:00,-0.005504869718345196,1.0,-1.0,2.0,-2.0
2022-09-26 00:00:00+00:00,0.0,1.0,-1.0,2.0,-2.0
2022-09-27 00:00:00+00:00,1.2193827997105176,1.0,-1.0,2.0,-2.0
2022-09-28 00:00:00+00:00,-0.02066750507983928,1.0,-1.0,2.0,-2.0
2022-09-29 00:00:00+00:00,-0.5840695169207953,1.0,-1.0,2.0,-2.0
2022-09-30 00:00:00+00:00,-0.25080573818385826,1.0,-1.0,2.0,-2.0
2022-10-03 00:00:00+00:00,0.20582672154898632,1.0,-1.0,2.0,-2.0
2022-10-04 00:00:00+00:00,0.008758583895701545,1.0,-1.0,2.0,-2.0
2022-10-05 00:00:00+00:00,1.648218968639152,1.0,-1.0,2.0,-2.0
2022-10-06 00:00:00+00:00,0.29585834418063806,1.0,-1.0,2.0,-2.0
2022-10-07 00:00:00+00:00,-0.02456585529297717,1.0,-1.0,2.0,-2.0
2022-10-10 00:00:00+00:00,-0.02456585529297717,1.0,-1.0,2.0,-2.0
2022-10-11 00:00:00+00:00,-0.02456585529297717,1.0,-1.0,2.0,-2.0
2022-10-12 00:00:00+00:00,-0.40210700322922627,1.0,-1.0,2.0,-2.0
2022-10-13 00:00:00+00:00,-0.018132146034209144,1.0,-1.0,2.0,-2.0
2022-10-14 00:00:00+00:00,-0.44185600835954814,1.0,-1.0,2.0,-2.0
2022-10-17 00:00:00+00:00,0.3321591875003489,1.0,-1.0,2.0,-2.0
2022-10-18 00:00:00+00:00,-0.8175335974890925,1.0,-1.0,2.0,-2.0
2022-10-19 00:00:00+00:00,0.021514042039186644,1.0,-1.0,2.0,-2.0
2022-10-20 00:00:00+00:00,-0.016361717885381193,1.0,-1.0,2.0,-2.0
2022-10-21 00:00:00+00:00,-0.5599155210773709,1.0,-1.0,2.0,-2.0
2022-10-24 00:00:00+00:00,0.09368185823859983,1.0,-1.0,2.0,-2.0
2022-10-25 00:00:00+00:00,0.09411614137259958,1.0,-1.0,2.0,-2.0
2022-10-26 00:00:00+00:00,-0.21097137293953874,1.0,-1.0,2.0,-2.0
2022-10-27 00:00:00+00:00,0.1745614940227075,1.0,-1.0,2.0,-2.0
2022-10-28 00:00:00+00:00,0.1455190710359224,1.0,-1.0,2.0,-2.0
2022-10-31 00:00:00+00:00,0.15098256896634493,1.0,-1.0,2.0,-2.0
2022-11-01 00:00:00+00:00,0.32750571845596305,1.0,-1.0,2.0,-2.0
2022-11-02 00:00:00+00:00,0.32295827184203657,1.0,-1.0,2.0,-2.0
2022-11-03 00:00:00+00:00,0.14760559904298576,1.0,-1.0,2.0,-2.0
2022-11-04 00:00:00+00:00,0.14542218754598213,1.0,-1.0,2.0,-2.0
2022-11-07 00:00:00+00:00,-0.027699464294472786,1.0,-1.0,2.0,-2.0
2022-11-08 00:00:00+00:00,-0.09607730457530168,1.0,-1.0,2.0,-2.0
2022-11-09 00:00:00+00:00,-0.09520665109746022,1.0,-1.0,2.0,-2.0
2022-11-10 00:00:00+00:00,0.7237283405358682,1.0,-1.0,2.0,-2.0
2022-11-11 00:00:00+00:00,0.5881102047267679,1.0,-1.0,2.0,-2.0
2022-11-14 00:00:00+00:00,0.7262858769092684,1.0,-1.0,2.0,-2.0
2022-11-15 00:00:00+00:00,0.7262858769092684,1.0,-1.0,2.0,-2.0
2022-11-16 00:00:00+00:00,0.4202251105816363,1.0,-1.0,2.0,-2.0
2022-11-17 00:00:00+00:00,0.5502881377895065,1.0,-1.0,2.0,-2.0
2022-11-18 00:00:00+00:00,0.41403933560540307,1.0,-1.0,2.0,-2.0
2022-11-21 00:00:00+00:00,-1.4175364349291004,1.0,-1.0,2.0,-2.0
2022-11-22 00:00:00+00:00,-1.2409524704288908,1.0,-1.0,2.0,-2.0
2022-11-23 00:00:00+00:00,-1.431000067795172,1.0,-1.0,2.0,-2.0
2022-11-25 00:00:00+00:00,-1.103947169358337,1.0,-1.0,2.0,-2.0
2022-11-28 00:00:00+00:00,-1.5764696826769007,1.0,-1.0,2.0,-2.0
2022-11-29 00:00:00+00:00,-1.3928929086478066,1.0,-1.0,2.0,-2.0
2022-11-30 00:00:00+00:00,-0.6088510321637247,1.0,-1.0,2.0,-2.0
2022-12-01 00:00:00+00:00,-0.7086201200630067,1.0,-1.0,2.0,-2.0
2022-12-02 00:00:00+00:00,0.8865661789349634,1.0,-1.0,2.0,-2.0
2022-12-05 00:00:00+00:00,1.4359498071545536,1.0,-1.0,2.0,-2.0
2022-12-06 00:00:00+00:00,1.398539435920824,1.0,-1.0,2.0,-2.0
2022-12-07 00:00:00+00:00,1.1866784911872432,1.0,-1.0,2.0,-2.0
2022-12-08 00:00:00+00:00,1.2682248308766269,1.0,-1.0,2.0,-2.0
2022-12-09 00:00:00+00:00,1.0486936281299213,1.0,-1.0,2.0,-2.0
2022-12-12 00:00:00+00:00,2.030580166837409,1.0,-1.0,2.0,-2.0
2022-12-13 00:00:00+00:00,0.8926973743383158,1.0,-1.0,2.0,-2.0
2022-12-14 00:00:00+00:00,0.9815478202043931,1.0,-1.0,2.0,-2.0
2022-12-15 00:00:00+00:00,1.4703746728491915,1.0,-1.0,2.0,-2.0
2022-12-16 00:00:00+00:00,1.1921001497347359,1.0,-1.0,2.0,-2.0
2022-12-19 00:00:00+00:00,0.6333284869447079,1.0,-1.0,2.0,-2.0
2022-12-20 00:00:00+00:00,0.8605353637869124,1.0,-1.0,2.0,-2.0
2022-12-21 00:00:00+00:00,0.8068998578616445,1.0,-1.0,2.0,-2.0
2022-12-22 00:00:00+00:00,0.7162373410595225,1.0,-1.0,2.0,-2.0
2022-12-23 00:00:00+00:00,0.6414132986679827,1.0,-1.0,2.0,-2.0
2022-12-27 00:00:00+00:00,-2.7166800279772807,1.0,-1.0,2.0,-2.0
2022-12-28 00:00:00+00:00,-2.2614572551677448,1.0,-1.0,2.0,-2.0
2022-12-29 00:00:00+00:00,-2.045913622260634,1.0,-1.0,2.0,-2.0
2022-12-30 00:00:00+00:00,-2.3098323705263124,1.0,-1.0,2.0,-2.0
2023-01-03 00:00:00+00:00,-1.9671055871095244,1.0,-1.0,2.0,-2.0
2023-01-04 00:00:00+00:00,-1.6415575254198322,1.0,-1.0,2.0,-2.0
2023-01-05 00:00:00+00:00,-1.45790540253139,1.0,-1.0,2.0,-2.0
2023-01-06 00:00:00+00:00,-1.3727728069983471,1.0,-1.0,2.0,-2.0
2023-01-09 00:00:00+00:00,-1.2342993867334726,1.0,-1.0,2.0,-2.0
2023-01-10 00:00:00+00:00,-1.0143102512644138,1.0,-1.0,2.0,-2.0
2023-01-11 00:00:00+00:00,0.13014832401264534,1.0,-1.0,2.0,-2.0
2023-01-12 00:00:00+00:00,0.1780664722229556,1.0,-1.0,2.0,-2.0
2023-01-13 00:00:00+00:00,0.2196449048966697,1.0,-1.0,2.0,-2.0
2023-01-17 00:00:00+00:00,0.5406572215500394,1.0,-1.0,2.0,-2.0
2023-01-18 00:00:00+00:00,0.6103151407255062,1.0,-1.0,2.0,-2.0
2023-01-19 00:00:00+00:00,0.5958885598364294,1.0,-1.0,2.0,-2.0
2023-01-20 00:00:00+00:00,0.6711255255862402,1.0,-1.0,2.0,-2.0
2023-01-23 00:00:00+00:00,0.17788558437343316,1.0,-1.0,2.0,-2.0
2023-01-24 00:00:00+00:00,0.19093653455249307,1.0,-1.0,2.0,-2.0
2023-01-25 00:00:00+00:00,0.06787500084267808,1.0,-1.0,2.0,-2.0
2023-01-26 00:00:00+00:00,0.152465246439907,1.0,-1.0,2.0,-2.0
2023-01-27 00:00:00+00:00,0.01218572050836567,1.0,-1.0,2.0,-2.0
2023-01-30 00:00:00+00:00,0.16500785091937853,1.0,-1.0,2.0,-2.0
2023-01-31 00:00:00+00:00,0.4207887217385507,1.0,-1.0,2.0,-2.0
2023-02-01 00:00:00+00:00,0.47390473733063176,1.0,-1.0,2.0,-2.0
2023-02-02 00:00:00+00:00,0.6888247252186788,1.0,-1.0,2.0,-2.0
2023-02-03 00:00:00+00:00,0.6747868136244599,1.0,-1.0,2.0,-2.0
2023-02-06 00:00:00+00:00,0.7726238730125108,1.0,-1.0,2.0,-2.0
2023-02-07 00:00:00+00:00,0.8303020800318618,1.0,-1.0,2.0,-2.0
2023-02-08 00:00:00+00:00,0.8251761293493123,1.0,-1.0,2.0,-2.0
2023-02-09 00:00:00+00:00,0.8415505322279231,1.0,-1.0,2.0,-2.0
2023-02-10 00:00:00+00:00,1.0167643349611653,1.0,-1.0,2.0,-2.0
2023-02-13 00:00:00+00:00,0.6965335558953131,1.0,-1.0,2.0,-2.0
2023-02-14 00:00:00+00:00,0.4729469333167724,1.0,-1.0,2.0,-2.0
2023-02-15 00:00:00+00:00,0.3662736082102975,1.0,-1.0,2.0,-2.0
2023-02-16 00:00:00+00:00,0.22002878974604498,1.0,-1.0,2.0,-2.0
2023-02-17 00:00:00+00:00,0.21542668280873092,1.0,-1.0,2.0,-2.0
2023-02-21 00:00:00+00:00,0.21224680439830074,1.0,-1.0,2.0,-2.0
2023-02-22 00:00:00+00:00,0.11482514851120827,1.0,-1.0,2.0,-2.0
2023-02-23 00:00:00+00:00,1.1926640048341017,1.0,-1.0,2.0,-2.0
2023-02-24 00:00:00+00:00,0.7323328313179087,1.0,-1.0,2.0,-2.0
2023-02-27 00:00:00+00:00,0.40461052559145005,1.0,-1.0,2.0,-2.0
2023-02-28 00:00:00+00:00,2.4213217407877283,1.0,-1.0,2.0,-2.0
2023-03-01 00:00:00+00:00,1.8343313731019106,1.0,-1.0,2.0,-2.0
2023-03-02 00:00:00+00:00,3.812093671310935,1.0,-1.0,2.0,-2.0
2023-03-03 00:00:00+00:00,3.24885221876743,1.0,-1.0,2.0,-2.0
2023-03-06 00:00:00+00:00,2.0162076022708475,1.0,-1.0,2.0,-2.0
2023-03-07 00:00:00+00:00,0.9722791113504156,1.0,-1.0,2.0,-2.0
2023-03-08 00:00:00+00:00,0.9132529293142385,1.0,-1.0,2.0,-2.0
2023-03-09 00:00:00+00:00,0.42245092934760703,1.0,-1.0,2.0,-2.0
2023-03-10 00:00:00+00:00,0.38207424231624665,1.0,-1.0,2.0,-2.0
2023-03-13 00:00:00+00:00,1.110162954737987,1.0,-1.0,2.0,-2.0
2023-03-14 00:00:00+00:00,1.0434884970566112,1.0,-1.0,2.0,-2.0
2023-03-15 00:00:00+00:00,0.9763299604673812,1.0,-1.0,2.0,-2.0
2023-03-16 00:00:00+00:00,-0.9400139814145296,1.0,-1.0,2.0,-2.0
2023-03-17 00:00:00+00:00,-1.219005185093162,1.0,-1.0,2.0,-2.0
2023-03-20 00:00:00+00:00,-0.22764212292130198,1.0,-1.0,2.0,-2.0
2023-03-21 00:00:00+00:00,-0.5539576834872466,1.0,-1.0,2.0,-2.0
2023-03-22 00:00:00+00:00,-0.5455890948899709,1.0,-1.0,2.0,-2.0
2023-03-23 00:00:00+00:00,-1.422195799184796,1.0,-1.0,2.0,-2.0
2023-03-24 00:00:00+00:00,-1.5863585440349128,1.0,-1.0,2.0,-2.0
2023-03-27 00:00:00+00:00,-1.9099750140173757,1.0,-1.0,2.0,-2.0
2023-03-28 00:00:00+00:00,-2.0316751406371094,1.0,-1.0,2.0,-2.0
2023-03-29 00:00:00+00:00,-1.7519114737171262,1.0,-1.0,2.0,-2.0
2023-03-30 00:00:00+00:00,-1.7507589065005207,1.0,-1.0,2.0,-2.0
2023-03-31 00:00:00+00:00,-1.6191969138631706,1.0,-1.0,2.0,-2.0
2023-04-03 00:00:00+00:00,-1.470309889846452,1.0,-1.0,2.0,-2.0
2023-04-04 00:00:00+00:00,-0.7372020080554695,1.0,-1.0,2.0,-2.0
2023-04-05 00:00:00+00:00,-0.6596104242414994,1.0,-1.0,2.0,-2.0
2023-04-06 00:00:00+00:00,-0.8837036852870079,1.0,-1.0,2.0,-2.0
2023-04-07 00:00:00+00:00,-0.5829822859534849,1.0,-1.0,2.0,-2.0
2023-04-10 00:00:00+00:00,-0.41256613957028043,1.0,-1.0,2.0,-2.0
2023-04-11 00:00:00+00:00,-0.6000268230468975,1.0,-1.0,2.0,-2.0
2023-04-12 00:00:00+00:00,-1.719928736886252,1.0,-1.0,2.0,-2.0
2023-04-13 00:00:00+00:00,-1.5288919481126957,1.0,-1.0,2.0,-2.0
2023-04-14 00:00:00+00:00,-1.365321210391174,1.0,-1.0,2.0,-2.0
2023-04-17 00:00:00+00:00,-1.288410564551941,1.0,-1.0,2.0,-2.0
2023-04-18 00:00:00+00:00,-3.104257070950774,1.0,-1.0,2.0,-2.0
2023-04-19 00:00:00+00:00,-2.526371653331919,1.0,-1.0,2.0,-2.0
2023-04-20 00:00:00+00:00,-2.8792804473656948,1.0,-1.0,2.0,-2.0
2023-04-21 00:00:00+00:00,-2.32017594367903,1.0,-1.0,2.0,-2.0
2023-04-24 00:00:00+00:00,-1.853523338712934,1.0,-1.0,2.0,-2.0
2023-04-25 00:00:00+00:00,-1.6167338585096356,1.0,-1.0,2.0,-2.0
2023-04-26 00:00:00+00:00,-0.6609038639208871,1.0,-1.0,2.0,-2.0
2023-04-27 00:00:00+00:00,-0.47916036414625085,1.0,-1.0,2.0,-2.0
2023-04-28 00:00:00+00:00,-0.18256116151059948,1.0,-1.0,2.0,-2.0
2023-05-01 00:00:00+00:00,-0.1394925270136132,1.0,-1.0,2.0,-2.0
2023-05-02 00:00:00+00:00,1.2097741108858913,1.0,-1.0,2.0,-2.0
2023-05-03 00:00:00+00:00,1.2032890311422453,1.0,-1.0,2.0,-2.0
2023-05-04 00:00:00+00:00,2.1468517006385346,1.0,-1.0,2.0,-2.0
2023-05-05 00:00:00+00:00,1.906992555748835,1.0,-1.0,2.0,-2.0
2023-05-08 00:00:00+00:00,1.6142486042197635,1.0,-1.0,2.0,-2.0
2023-05-09 00:00:00+00:00,1.5598796889581863,1.0,-1.0,2.0,-2.0
2023-05-10 00:00:00+00:00,1.1776990877506301,1.0,-1.0,2.0,-2.0
2023-05-11 00:00:00+00:00,1.0869227384233688,1.0,-1.0,2.0,-2.0
2023-05-12 00:00:00+00:00,0.8529086894206412,1.0,-1.0,2.0,-2.0
2023-05-15 00:00:00+00:00,0.7961593349313777,1.0,-1.0,2.0,-2.0
2023-05-16 00:00:00+00:00,0.7185649224317919,1.0,-1.0,2.0,-2.0
2023-05-17 00:00:00+00:00,0.6448138210561867,1.0,-1.0,2.0,-2.0
2023-05-18 00:00:00+00:00,1.0585542412774245,1.0,-1.0,2.0,-2.0
2023-05-19 00:00:00+00:00,0.9809368325391585,1.0,-1.0,2.0,-2.0
2023-05-22 00:00:00+00:00,0.7621166695056873,1.0,-1.0,2.0,-2.0
2023-05-23 00:00:00+00:00,0.13908230302069835,1.0,-1.0,2.0,-2.0
2023-05-24 00:00:00+00:00,2.1055398467127677,1.0,-1.0,2.0,-2.0
2023-05-25 00:00:00+00:00,0.1426549105682838,1.0,-1.0,2.0,-2.0
2023-05-26 00:00:00+00:00,-2.423952837039097,1.0,-1.0,2.0,-2.0
2023-05-30 00:00:00+00:00,0.16759934205310373,1.0,-1.0,2.0,-2.0
2023-05-31 00:00:00+00:00,0.14950758580190587,1.0,-1.0,2.0,-2.0
2023-06-01 00:00:00+00:00,-0.2339465394110629,1.0,-1.0,2.0,-2.0
2023-06-02 00:00:00+00:00,0.15596435960737526,1.0,-1.0,2.0,-2.0
2023-06-05 00:00:00+00:00,0.15596435960737526,1.0,-1.0,2.0,-2.0
2023-06-06 00:00:00+00:00,0.17020863558135324,1.0,-1.0,2.0,-2.0
2023-06-07 00:00:00+00:00,0.18470767474672026,1.0,-1.0,2.0,-2.0
2023-06-08 00:00:00+00:00,0.18470767474672026,1.0,-1.0,2.0,-2.0
2023-06-09 00:00:00+00:00,0.18470767474672026,1.0,-1.0,2.0,-2.0
2023-06-12 00:00:00+00:00,0.18470767474672026,1.0,-1.0,2.0,-2.0
2023-06-13 00:00:00+00:00,-1.3507632670119425,1.0,-1.0,2.0,-2.0
2023-06-14 00:00:00+00:00,-0.5920809399417228,1.0,-1.0,2.0,-2.0
2023-06-15 00:00:00+00:00,0.19736031331390763,1.0,-1.0,2.0,-2.0
2023-06-16 00:00:00+00:00,0.18470767474672026,1.0,-1.0,2.0,-2.0
2023-06-20 00:00:00+00:00,0.178130680679245,1.0,-1.0,2.0,-2.0
2023-06-21 00:00:00+00:00,-0.5986727917506824,1.0,-1.0,2.0,-2.0
2023-06-22 00:00:00+00:00,-1.0069958101315402,1.0,-1.0,2.0,-2.0
2023-06-23 00:00:00+00:00,-0.9618060319170872,1.0,-1.0,2.0,-2.0
2023-06-26 00:00:00+00:00,-0.9256015797688247,1.0,-1.0,2.0,-2.0
2023-06-27 00:00:00+00:00,-0.8801237765393265,1.0,-1.0,2.0,-2.0
2023-06-28 00:00:00+00:00,4.190985752298906,1.0,-1.0,2.0,-2.0
2023-06-29 00:00:00+00:00,-0.001871811412371106,1.0,-1.0,2.0,-2.0
2023-06-30 00:00:00+00:00,-0.001871811412371106,1.0,-1.0,2.0,-2.0
2023-07-03 00:00:00+00:00,4.690427060429329,1.0,-1.0,2.0,-2.0
2023-07-05 00:00:00+00:00,0.11544015702225621,1.0,-1.0,2.0,-2.0
2023-07-06 00:00:00+00:00,0.5808079014240081,1.0,-1.0,2.0,-2.0
2023-07-07 00:00:00+00:00,0.5604840513300536,1.0,-1.0,2.0,-2.0
2023-07-10 00:00:00+00:00,-0.8596707539072201,1.0,-1.0,2.0,-2.0
2023-07-11 00:00:00+00:00,0.7818822292131232,1.0,-1.0,2.0,-2.0
2023-07-12 00:00:00+00:00,0.5254508601702383,1.0,-1.0,2.0,-2.0
2023-07-13 00:00:00+00:00,0.7330821431447059,1.0,-1.0,2.0,-2.0
2023-07-14 00:00:00+00:00,-0.20526300008051762,1.0,-1.0,2.0,-2.0
2023-07-17 00:00:00+00:00,-0.20526300008051762,1.0,-1.0,2.0,-2.0
2023-07-18 00:00:00+00:00,-1.60821087178095,1.0,-1.0,2.0,-2.0
2023-07-19 00:00:00+00:00,0.18467759874655415,1.0,-1.0,2.0,-2.0
2023-07-20 00:00:00+00:00,-0.12933654230908845,1.0,-1.0,2.0,-2.0
2023-07-21 00:00:00+00:00,-0.12933654230908845,1.0,-1.0,2.0,-2.0
2023-07-24 00:00:00+00:00,-0.14771092716823608,1.0,-1.0,2.0,-2.0
2023-07-25 00:00:00+00:00,-0.6896804700110175,1.0,-1.0,2.0,-2.0
2023-07-26 00:00:00+00:00,-0.4000533773362774,1.0,-1.0,2.0,-2.0
2023-07-27 00:00:00+00:00,-0.12415449641470677,1.0,-1.0,2.0,-2.0
2023-07-28 00:00:00+00:00,-0.12415449641470677,1.0,-1.0,2.0,-2.0
2023-07-31 00:00:00+00:00,-0.12415449641470677,1.0,-1.0,2.0,-2.0
2023-08-01 00:00:00+00:00,-0.12415449641470677,1.0,-1.0,2.0,-2.0
2023-08-02 00:00:00+00:00,-0.12415449641470677,1.0,-1.0,2.0,-2.0
2023-08-03 00:00:00+00:00,-0.12415449641470677,1.0,-1.0,2.0,-2.0
2023-08-04 00:00:00+00:00,-0.12415449641470677,1.0,-1.0,2.0,-2.0
2023-08-07 00:00:00+00:00,-0.12415449641470677,1.0,-1.0,2.0,-2.0
2023-08-08 00:00:00+00:00,1.216686378280964,1.0,-1.0,2.0,-2.0
2023-08-09 00:00:00+00:00,0.12258303619252496,1.0,-1.0,2.0,-2.0
2023-08-10 00:00:00+00:00,-0.14982371090197494,1.0,-1.0,2.0,-2.0
2023-08-11 00:00:00+00:00,0.385489594484686,1.0,-1.0,2.0,-2.0
2023-08-14 00:00:00+00:00,-0.42573216841434536,1.0,-1.0,2.0,-2.0
2023-08-15 00:00:00+00:00,0.4148799928089721,1.0,-1.0,2.0,-2.0
2023-08-16 00:00:00+00:00,-0.13829333093632404,1.0,-1.0,2.0,-2.0
2023-08-17 00:00:00+00:00,0.41275859069735105,1.0,-1.0,2.0,-2.0
2023-08-18 00:00:00+00:00,-0.14004309327231554,1.0,-1.0,2.0,-2.0
2023-08-21 00:00:00+00:00,-0.11779543260652739,1.0,-1.0,2.0,-2.0
2023-08-22 00:00:00+00:00,0.19906000632392015,1.0,-1.0,2.0,-2.0
2023-08-23 00:00:00+00:00,-0.06592542514634667,1.0,-1.0,2.0,-2.0
2023-08-24 00:00:00+00:00,-0.06725580403504601,1.0,-1.0,2.0,-2.0
2023-08-25 00:00:00+00:00,0.06069489207470848,1.0,-1.0,2.0,-2.0
2023-08-28 00:00:00+00:00,0.0580672173283945,1.0,-1.0,2.0,-2.0
2023-08-29 00:00:00+00:00,0.05105182246731157,1.0,-1.0,2.0,-2.0
2023-08-30 00:00:00+00:00,0.0440082651110954,1.0,-1.0,2.0,-2.0
2023-08-31 00:00:00+00:00,0.0650290292597011,1.0,-1.0,2.0,-2.0
2023-09-01 00:00:00+00:00,0.058243193187273265,1.0,-1.0,2.0,-2.0
2023-09-05 00:00:00+00:00,0.05066152685777728,1.0,-1.0,2.0,-2.0
2023-09-06 00:00:00+00:00,0.04175174187925099,1.0,-1.0,2.0,-2.0
2023-09-07 00:00:00+00:00,-0.12740397431254177,1.0,-1.0,2.0,-2.0
2023-09-08 00:00:00+00:00,-0.13455053026818567,1.0,-1.0,2.0,-2.0
2023-09-11 00:00:00+00:00,-0.15208572034479678,1.0,-1.0,2.0,-2.0
2023-09-12 00:00:00+00:00,-0.16842916633808946,1.0,-1.0,2.0,-2.0
2023-09-13 00:00:00+00:00,-0.2063034813439354,1.0,-1.0,2.0,-2.0
2023-09-14 00:00:00+00:00,0.11531824415378678,1.0,-1.0,2.0,-2.0
2023-09-15 00:00:00+00:00,0.09970914733486033,1.0,-1.0,2.0,-2.0
2023-09-18 00:00:00+00:00,0.3010118409810841,1.0,-1.0,2.0,-2.0
2023-09-19 00:00:00+00:00,0.30032926904608825,1.0,-1.0,2.0,-2.0
2023-09-20 00:00:00+00:00,-0.07510172278497013,1.0,-1.0,2.0,-2.0
2023-09-21 00:00:00+00:00,-0.29708890435146657,1.0,-1.0,2.0,-2.0
2023-09-22 00:00:00+00:00,-0.273417087850113,1.0,-1.0,2.0,-2.0
2023-09-25 00:00:00+00:00,-3.421859604870939,1.0,-1.0,2.0,-2.0
2023-09-26 00:00:00+00:00,-2.810851172154549,1.0,-1.0,2.0,-2.0
2023-09-27 00:00:00+00:00,-2.7317606865168775,1.0,-1.0,2.0,-2.0
2023-09-28 00:00:00+00:00,-2.30050414218018,1.0,-1.0,2.0,-2.0
2023-09-29 00:00:00+00:00,-2.0905270663230207,1.0,-1.0,2.0,-2.0
2023-10-02 00:00:00+00:00,-2.3828450687463443,1.0,-1.0,2.0,-2.0
2023-10-03 00:00:00+00:00,-2.1638414249721376,1.0,-1.0,2.0,-2.0
2023-10-04 00:00:00+00:00,-1.947984553446771,1.0,-1.0,2.0,-2.0
2023-10-05 00:00:00+00:00,-1.7713008640682817,1.0,-1.0,2.0,-2.0
2023-10-06 00:00:00+00:00,-1.6251624538815312,1.0,-1.0,2.0,-2.0
2023-10-09 00:00:00+00:00,0.0462344195333303,1.0,-1.0,2.0,-2.0
2023-10-10 00:00:00+00:00,0.5417557743078495,1.0,-1.0,2.0,-2.0
2023-10-11 00:00:00+00:00,0.8989834609451124,1.0,-1.0,2.0,-2.0
2023-10-12 00:00:00+00:00,0.49120000412600434,1.0,-1.0,2.0,-2.0
2023-10-13 00:00:00+00:00,0.8992512488921509,1.0,-1.0,2.0,-2.0
2023-10-16 00:00:00+00:00,1.2183326707063564,1.0,-1.0,2.0,-2.0
2023-10-17 00:00:00+00:00,1.4670549958874801,1.0,-1.0,2.0,-2.0
2023-10-18 00:00:00+00:00,1.1102744099377269,1.0,-1.0,2.0,-2.0
2023-10-19 00:00:00+00:00,1.3085147595126254,1.0,-1.0,2.0,-2.0
2023-10-20 00:00:00+00:00,0.7331510426897916,1.0,-1.0,2.0,-2.0
2023-10-23 00:00:00+00:00,0.7120432253719758,1.0,-1.0,2.0,-2.0
2023-10-24 00:00:00+00:00,0.29723623713399167,1.0,-1.0,2.0,-2.0
2023-10-25 00:00:00+00:00,0.21126414672293561,1.0,-1.0,2.0,-2.0
2023-10-26 00:00:00+00:00,0.008148923122665819,1.0,-1.0,2.0,-2.0
2023-10-27 00:00:00+00:00,0.3371787882583108,1.0,-1.0,2.0,-2.0
2023-10-30 00:00:00+00:00,0.031022852503991484,1.0,-1.0,2.0,-2.0
2023-10-31 00:00:00+00:00,0.1846133715553531,1.0,-1.0,2.0,-2.0
2023-11-01 00:00:00+00:00,0.28188973983176957,1.0,-1.0,2.0,-2.0
2023-11-02 00:00:00+00:00,0.29675151347148676,1.0,-1.0,2.0,-2.0
2023-11-03 00:00:00+00:00,0.44685832914768353,1.0,-1.0,2.0,-2.0
2023-11-06 00:00:00+00:00,0.2855194072163163,1.0,-1.0,2.0,-2.0
2023-11-07 00:00:00+00:00,0.233787399965223,1.0,-1.0,2.0,-2.0
2023-11-08 00:00:00+00:00,0.134524064274592,1.0,-1.0,2.0,-2.0
2023-11-09 00:00:00+00:00,0.1725836944148393,1.0,-1.0,2.0,-2.0
2023-11-10 00:00:00+00:00,-0.13498307115895442,1.0,-1.0,2.0,-2.0
2023-11-13 00:00:00+00:00,0.3378699709269818,1.0,-1.0,2.0,-2.0
2023-11-14 00:00:00+00:00,-0.6155232770316325,1.0,-1.0,2.0,-2.0
2023-11-15 00:00:00+00:00,-0.642112252049012,1.0,-1.0,2.0,-2.0
2023-11-16 00:00:00+00:00,-0.4568250717934653,1.0,-1.0,2.0,-2.0
2023-11-17 00:00:00+00:00,-0.2414761570570748,1.0,-1.0,2.0,-2.0
2023-11-20 00:00:00+00:00,-0.6228674735988333,1.0,-1.0,2.0,-2.0
2023-11-21 00:00:00+00:00,-0.29154237562726076,1.0,-1.0,2.0,-2.0
2023-11-22 00:00:00+00:00,0.24115013076085473,1.0,-1.0,2.0,-2.0
2023-11-24 00:00:00+00:00,-0.0953772507209273,1.0,-1.0,2.0,-2.0
2023-11-27 00:00:00+00:00,1.5059023658541284,1.0,-1.0,2.0,-2.0
2023-11-28 00:00:00+00:00,1.6666611295592766,1.0,-1.0,2.0,-2.0
2023-11-29 00:00:00+00:00,2.7161140815506264,1.0,-1.0,2.0,-2.0
2023-11-30 00:00:00+00:00,2.2078444538216,1.0,-1.0,2.0,-2.0
2023-12-01 00:00:00+00:00,3.3024686542948105,1.0,-1.0,2.0,-2.0
2023-12-04 00:00:00+00:00,2.520064296316525,1.0,-1.0,2.0,-2.0
2023-12-05 00:00:00+00:00,2.0794737624389774,1.0,-1.0,2.0,-2.0
2023-12-06 00:00:00+00:00,1.6780913518718465,1.0,-1.0,2.0,-2.0
2023-12-07 00:00:00+00:00,1.320090353224407,1.0,-1.0,2.0,-2.0
2023-12-08 00:00:00+00:00,1.1873932707864614,1.0,-1.0,2.0,-2.0
2023-12-11 00:00:00+00:00,0.7880900655012731,1.0,-1.0,2.0,-2.0
2023-12-12 00:00:00+00:00,-0.17969404713737086,1.0,-1.0,2.0,-2.0
2023-12-13 00:00:00+00:00,-0.3390511713134194,1.0,-1.0,2.0,-2.0
2023-12-14 00:00:00+00:00,-0.3854694783038069,1.0,-1.0,2.0,-2.0
2023-12-15 00:00:00+00:00,-1.8487514725685474,1.0,-1.0,2.0,-2.0
2023-12-18 00:00:00+00:00,-1.7164791614463593,1.0,-1.0,2.0,-2.0
2023-12-19 00:00:00+00:00,-1.7369157811080906,1.0,-1.0,2.0,-2.0
2023-12-20 00:00:00+00:00,-0.9150782666198705,1.0,-1.0,2.0,-2.0
2023-12-21 00:00:00+00:00,-0.7380822078698756,1.0,-1.0,2.0,-2.0
2023-12-22 00:00:00+00:00,-0.7120247077111338,1.0,-1.0,2.0,-2.0
2023-12-26 00:00:00+00:00,-0.46334516197294234,1.0,-1.0,2.0,-2.0
2023-12-27 00:00:00+00:00,-0.39978668394705835,1.0,-1.0,2.0,-2.0
2023-12-28 00:00:00+00:00,-0.33537084601183514,1.0,-1.0,2.0,-2.0
2023-12-29 00:00:00+00:00,1.0002828090709661,1.0,-1.0,2.0,-2.0
2024-01-02 00:00:00+00:00,-2.8452456877356496,1.0,-1.0,2.0,-2.0
2024-01-03 00:00:00+00:00,-1.8710720576993964,1.0,-1.0,2.0,-2.0
2024-01-04 00:00:00+00:00,-3.5936440578342377,1.0,-1.0,2.0,-2.0
2024-01-05 00:00:00+00:00,-3.0041259325264202,1.0,-1.0,2.0,-2.0
2024-01-08 00:00:00+00:00,-1.3480484980547576,1.0,-1.0,2.0,-2.0
2024-01-09 00:00:00+00:00,-1.4598494754835205,1.0,-1.0,2.0,-2.0
2024-01-10 00:00:00+00:00,0.5113758436625248,1.0,-1.0,2.0,-2.0
2024-01-11 00:00:00+00:00,0.5113758436625248,1.0,-1.0,2.0,-2.0
2024-01-12 00:00:00+00:00,0.5932136734879737,1.0,-1.0,2.0,-2.0
2024-01-16 00:00:00+00:00,0.7210661212476882,1.0,-1.0,2.0,-2.0
2024-01-17 00:00:00+00:00,0.5719653195417992,1.0,-1.0,2.0,-2.0
2024-01-18 00:00:00+00:00,0.5645977732609574,1.0,-1.0,2.0,-2.0
2024-01-19 00:00:00+00:00,0.6856726782452107,1.0,-1.0,2.0,-2.0
2024-01-22 00:00:00+00:00,0.5890898797634712,1.0,-1.0,2.0,-2.0
2024-01-23 00:00:00+00:00,0.058834950479851364,1.0,-1.0,2.0,-2.0
2024-01-24 00:00:00+00:00,-0.5805672665299735,1.0,-1.0,2.0,-2.0
2024-01-25 00:00:00+00:00,0.07513223449211422,1.0,-1.0,2.0,-2.0
2024-01-26 00:00:00+00:00,0.07240180201529754,1.0,-1.0,2.0,-2.0
2024-01-29 00:00:00+00:00,0.07240180201529754,1.0,-1.0,2.0,-2.0
2024-01-30 00:00:00+00:00,-0.08476524574526234,1.0,-1.0,2.0,-2.0
2024-01-31 00:00:00+00:00,-0.1626662946102494,1.0,-1.0,2.0,-2.0
2024-02-01 00:00:00+00:00,0.0904018447381741,1.0,-1.0,2.0,-2.0
2024-02-02 00:00:00+00:00,0.0904018447381741,1.0,-1.0,2.0,-2.0
2024-02-05 00:00:00+00:00,0.0904018447381741,1.0,-1.0,2.0,-2.0
2024-02-06 00:00:00+00:00,0.08630526782612347,1.0,-1.0,2.0,-2.0
2024-02-07 00:00:00+00:00,0.09049512909354554,1.0,-1.0,2.0,-2.0
2024-02-08 00:00:00+00:00,0.16727375813822268,1.0,-1.0,2.0,-2.0
2024-02-09 00:00:00+00:00,-0.1414620144683739,1.0,-1.0,2.0,-2.0
2024-02-12 00:00:00+00:00,0.09733494367715118,1.0,-1.0,2.0,-2.0
2024-02-13 00:00:00+00:00,0.09733494367715118,1.0,-1.0,2.0,-2.0
2024-02-14 00:00:00+00:00,0.10160328002919244,1.0,-1.0,2.0,-2.0
2024-02-15 00:00:00+00:00,0.10160328002919244,1.0,-1.0,2.0,-2.0
2024-02-16 00:00:00+00:00,-0.06263561401973926,1.0,-1.0,2.0,-2.0
2024-02-20 00:00:00+00:00,0.10723397746504941,1.0,-1.0,2.0,-2.0
2024-02-21 00:00:00+00:00,0.4352300991613812,1.0,-1.0,2.0,-2.0
2024-02-22 00:00:00+00:00,1.028729134196671,1.0,-1.0,2.0,-2.0
2024-02-23 00:00:00+00:00,0.7292115450323128,1.0,-1.0,2.0,-2.0
2024-02-26 00:00:00+00:00,1.3267806258756205,1.0,-1.0,2.0,-2.0
2024-02-27 00:00:00+00:00,1.2959045714868027,1.0,-1.0,2.0,-2.0
2024-02-28 00:00:00+00:00,0.10500445203756312,1.0,-1.0,2.0,-2.0
2024-02-29 00:00:00+00:00,0.036749116339454414,1.0,-1.0,2.0,-2.0
2024-03-01 00:00:00+00:00,-0.039035785509568245,1.0,-1.0,2.0,-2.0
2024-03-04 00:00:00+00:00,1.6116132592218892,1.0,-1.0,2.0,-2.0
2024-03-05 00:00:00+00:00,1.5631991832505168,1.0,-1.0,2.0,-2.0
2024-03-06 00:00:00+00:00,0.3366428733144224,1.0,-1.0,2.0,-2.0
2024-03-07 00:00:00+00:00,0.9813397922249449,1.0,-1.0,2.0,-2.0
2024-03-08 00:00:00+00:00,2.2696837742631972,1.0,-1.0,2.0,-2.0
2024-03-11 00:00:00+00:00,1.4854888696711457,1.0,-1.0,2.0,-2.0
2024-03-12 00:00:00+00:00,1.367593689661795,1.0,-1.0,2.0,-2.0
2024-03-13 00:00:00+00:00,2.400929732762341,1.0,-1.0,2.0,-2.0
2024-03-14 00:00:00+00:00,2.0028058994638074,1.0,-1.0,2.0,-2.0
2024-03-15 00:00:00+00:00,1.7274295787221599,1.0,-1.0,2.0,-2.0
2024-03-18 00:00:00+00:00,0.5146472103803463,1.0,-1.0,2.0,-2.0
2024-03-19 00:00:00+00:00,0.8894271645152635,1.0,-1.0,2.0,-2.0
2024-03-20 00:00:00+00:00,2.499416274265932,1.0,-1.0,2.0,-2.0
2024-03-21 00:00:00+00:00,2.0732237791801733,1.0,-1.0,2.0,-2.0
2024-03-22 00:00:00+00:00,0.6564760927527525,1.0,-1.0,2.0,-2.0
2024-03-25 00:00:00+00:00,0.43608315966958633,1.0,-1.0,2.0,-2.0
2024-03-26 00:00:00+00:00,0.4443977395357666,1.0,-1.0,2.0,-2.0
2024-03-27 00:00:00+00:00,0.7873881833321278,1.0,-1.0,2.0,-2.0
2024-03-28 00:00:00+00:00,0.4671781526446384,1.0,-1.0,2.0,-2.0
2024-03-29 00:00:00+00:00,0.4877461179370138,1.0,-1.0,2.0,-2.0
2024-04-01 00:00:00+00:00,0.42171857837992294,1.0,-1.0,2.0,-2.0
2024-04-02 00:00:00+00:00,0.3834943367893828,1.0,-1.0,2.0,-2.0
2024-04-03 00:00:00+00:00,-0.10829132823915735,1.0,-1.0,2.0,-2.0
2024-04-04 00:00:00+00:00,0.21730695320575266,1.0,-1.0,2.0,-2.0
2024-04-05 00:00:00+00:00,0.08090014726172096,1.0,-1.0,2.0,-2.0
2024-04-08 00:00:00+00:00,0.4052351042762355,1.0,-1.0,2.0,-2.0
2024-04-09 00:00:00+00:00,0.4144177723330708,1.0,-1.0,2.0,-2.0
2024-04-10 00:00:00+00:00,0.04553655954149198,1.0,-1.0,2.0,-2.0
2024-04-11 00:00:00+00:00,0.4258256698892938,1.0,-1.0,2.0,-2.0
2024-04-12 00:00:00+00:00,0.5795719985462275,1.0,-1.0,2.0,-2.0
2024-04-15 00:00:00+00:00,0.5098429262987191,1.0,-1.0,2.0,-2.0
2024-04-16 00:00:00+00:00,0.5038809140266449,1.0,-1.0,2.0,-2.0
2024-04-17 00:00:00+00:00,0.7172725954514786,1.0,-1.0,2.0,-2.0
2024-04-18 00:00:00+00:00,0.4909810532431368,1.0,-1.0,2.0,-2.0
2024-04-19 00:00:00+00:00,-0.1375798038248203,1.0,-1.0,2.0,-2.0
2024-04-22 00:00:00+00:00,-1.299401978738468,1.0,-1.0,2.0,-2.0
2024-04-23 00:00:00+00:00,-1.1691130005631736,1.0,-1.0,2.0,-2.0
2024-04-24 00:00:00+00:00,-1.3238671852674258,1.0,-1.0,2.0,-2.0
2024-04-25 00:00:00+00:00,-1.1955663141442094,1.0,-1.0,2.0,-2.0
2024-04-26 00:00:00+00:00,-1.577753089946167,1.0,-1.0,2.0,-2.0
2024-04-29 00:00:00+00:00,-0.6031044879965983,1.0,-1.0,2.0,-2.0
2024-04-30 00:00:00+00:00,-0.8572642025413058,1.0,-1.0,2.0,-2.0
2024-05-01 00:00:00+00:00,-0.8678543929470196,1.0,-1.0,2.0,-2.0
2024-05-02 00:00:00+00:00,-0.5906330433707772,1.0,-1.0,2.0,-2.0
2024-05-03 00:00:00+00:00,0.9267323278979399,1.0,-1.0,2.0,-2.0
2024-05-06 00:00:00+00:00,1.2017052373137034,1.0,-1.0,2.0,-2.0
2024-05-07 00:00:00+00:00,0.6554755839892927,1.0,-1.0,2.0,-2.0
2024-05-08 00:00:00+00:00,0.7929754634941399,1.0,-1.0,2.0,-2.0
2024-05-09 00:00:00+00:00,0.7761110336768912,1.0,-1.0,2.0,-2.0
2024-05-10 00:00:00+00:00,0.8053514026838186,1.0,-1.0,2.0,-2.0
2024-05-13 00:00:00+00:00,0.50688296220357,1.0,-1.0,2.0,-2.0
2024-05-14 00:00:00+00:00,0.8511630155306681,1.0,-1.0,2.0,-2.0
2024-05-15 00:00:00+00:00,0.04914263333589061,1.0,-1.0,2.0,-2.0
2024-05-16 00:00:00+00:00,0.3498820735458451,1.0,-1.0,2.0,-2.0
2024-05-17 00:00:00+00:00,0.15363551080363652,1.0,-1.0,2.0,-2.0
2024-05-20 00:00:00+00:00,-0.903103532050939,1.0,-1.0,2.0,-2.0
2024-05-21 00:00:00+00:00,1.165531291657199,1.0,-1.0,2.0,-2.0
2024-05-22 00:00:00+00:00,2.5380429626686767,1.0,-1.0,2.0,-2.0
2024-05-23 00:00:00+00:00,-1.1359639187129316,1.0,-1.0,2.0,-2.0
2024-05-24 00:00:00+00:00,0.28287214919348236,1.0,-1.0,2.0,-2.0
2024-05-28 00:00:00+00:00,-0.0913717355809745,1.0,-1.0,2.0,-2.0
2024-05-29 00:00:00+00:00,-0.42549863076489586,1.0,-1.0,2.0,-2.0
2024-05-30 00:00:00+00:00,-0.23711155403200074,1.0,-1.0,2.0,-2.0
2024-05-31 00:00:00+00:00,0.6712089368059618,1.0,-1.0,2.0,-2.0
2024-06-03 00:00:00+00:00,-1.6982507056592178,1.0,-1.0,2.0,-2.0
2024-06-04 00:00:00+00:00,0.8999999999999908,1.0,-1.0,2.0,-2.0
2024-06-05 00:00:00+00:00,-0.32088956548252695,1.0,-1.0,2.0,-2.0
2024-06-06 00:00:00+00:00,1.6139292932978595,1.0,-1.0,2.0,-2.0
2024-06-07 00:00:00+00:00,1.1738437022074177,1.0,-1.0,2.0,-2.0
2024-06-10 00:00:00+00:00,-1.6482135097891735,1.0,-1.0,2.0,-2.0
2024-06-11 00:00:00+00:00,-0.407871199247989,1.0,-1.0,2.0,-2.0
2024-06-12 00:00:00+00:00,-0.09908673886137166,1.0,-1.0,2.0,-2.0
2024-06-13 00:00:00+00:00,-0.39279220242478313,1.0,-1.0,2.0,-2.0
2024-06-14 00:00:00+00:00,0.0,1.0,-1.0,2.0,-2.0
2024-06-17 00:00:00+00:00,-0.15142633953751902,1.0,-1.0,2.0,-2.0
2024-06-18 00:00:00+00:00,-0.04034211741608241,1.0,-1.0,2.0,-2.0
2024-06-20 00:00:00+00:00,-0.5553301796153357,1.0,-1.0,2.0,-2.0
2024-06-21 00:00:00+00:00,-0.33963689989267165,1.0,-1.0,2.0,-2.0
2024-06-24 00:00:00+00:00,0.10783985790980952,1.0,-1.0,2.0,-2.0
2024-06-25 00:00:00+00:00,-0.12978855091229063,1.0,-1.0,2.0,-2.0
2024-06-26 00:00:00+00:00,0.33751592597280944,1.0,-1.0,2.0,-2.0
2024-06-27 00:00:00+00:00,0.565622860140116,1.0,-1.0,2.0,-2.0
2024-06-28 00:00:00+00:00,-0.04610724985210168,1.0,-1.0,2.0,-2.0
2024-07-01 00:00:00+00:00,2.36378683849248,1.0,-1.0,2.0,-2.0
2024-07-02 00:00:00+00:00,-0.06555363173633305,1.0,-1.0,2.0,-2.0
2024-07-03 00:00:00+00:00,1.8145562666428796,1.0,-1.0,2.0,-2.0
2024-07-05 00:00:00+00:00,-0.6456409346118132,1.0,-1.0,2.0,-2.0
2024-07-08 00:00:00+00:00,-0.08583665604665724,1.0,-1.0,2.0,-2.0
2024-07-09 00:00:00+00:00,0.6821189077249509,1.0,-1.0,2.0,-2.0
2024-07-10 00:00:00+00:00,1.8326239068243537,1.0,-1.0,2.0,-2.0
2024-07-11 00:00:00+00:00,0.08526090695416653,1.0,-1.0,2.0,-2.0
2024-07-12 00:00:00+00:00,-0.1324265150564714,1.0,-1.0,2.0,-2.0
2024-07-15 00:00:00+00:00,-0.4527819042797498,1.0,-1.0,2.0,-2.0
2024-07-16 00:00:00+00:00,1.2510010715774273,1.0,-1.0,2.0,-2.0
2024-07-17 00:00:00+00:00,0.03372515292938682,1.0,-1.0,2.0,-2.0
2024-07-18 00:00:00+00:00,-0.18190514739913527,1.0,-1.0,2.0,-2.0
2024-07-19 00:00:00+00:00,0.3709766822232549,1.0,-1.0,2.0,-2.0
2024-07-22 00:00:00+00:00,0.9054732545558568,1.0,-1.0,2.0,-2.0
2024-07-23 00:00:00+00:00,0.11740787255587774,1.0,-1.0,2.0,-2.0
2024-07-24 00:00:00+00:00,-1.0868831885788581,1.0,-1.0,2.0,-2.0
2024-07-25 00:00:00+00:00,0.672840053639789,1.0,-1.0,2.0,-2.0
2024-07-26 00:00:00+00:00,-0.21554540038189376,1.0,-1.0,2.0,-2.0
2024-07-29 00:00:00+00:00,0.0018430064141254827,1.0,-1.0,2.0,-2.0
2024-07-30 00:00:00+00:00,-1.9891107887015258,1.0,-1.0,2.0,-2.0
2024-07-31 00:00:00+00:00,-1.3262678567250805,1.0,-1.0,2.0,-2.0
2024-08-01 00:00:00+00:00,1.8807198673842271,1.0,-1.0,2.0,-2.0
2024-08-02 00:00:00+00:00,0.6234003526435288,1.0,-1.0,2.0,-2.0
2024-08-05 00:00:00+00:00,0.3055497046405663,1.0,-1.0,2.0,-2.0
2024-08-06 00:00:00+00:00,-0.20942170767499485,1.0,-1.0,2.0,-2.0
2024-08-07 00:00:00+00:00,-1.0110037287823608,1.0,-1.0,2.0,-2.0
2024-08-08 00:00:00+00:00,0.10725184212000116,1.0,-1.0,2.0,-2.0
2024-08-09 00:00:00+00:00,0.5029855113290083,1.0,-1.0,2.0,-2.0
2024-08-12 00:00:00+00:00,-0.42805139033215334,1.0,-1.0,2.0,-2.0
2024-08-13 00:00:00+00:00,-0.2109692380953437,1.0,-1.0,2.0,-2.0
2024-08-14 00:00:00+00:00,0.2849475794963442,1.0,-1.0,2.0,-2.0
2024-08-15 00:00:00+00:00,0.07256281843857863,1.0,-1.0,2.0,-2.0
2024-08-16 00:00:00+00:00,-0.22983284398092954,1.0,-1.0,2.0,-2.0
2024-08-19 00:00:00+00:00,0.888934230709224,1.0,-1.0,2.0,-2.0
2024-08-20 00:00:00+00:00,-0.23495146201347672,1.0,-1.0,2.0,-2.0
2024-08-21 00:00:00+00:00,0.07133660088813425,1.0,-1.0,2.0,-2.0
2024-08-22 00:00:00+00:00,-0.169121630788976,1.0,-1.0,2.0,-2.0
2024-08-23 00:00:00+00:00,-0.169121630788976,1.0,-1.0,2.0,-2.0
2024-08-26 00:00:00+00:00,-0.169121630788976,1.0,-1.0,2.0,-2.0
2024-08-27 00:00:00+00:00,0.4133736341054892,1.0,-1.0,2.0,-2.0
2024-08-28 00:00:00+00:00,0.6340014100945558,1.0,-1.0,2.0,-2.0
2024-08-29 00:00:00+00:00,-2.722905303812594,1.0,-1.0,2.0,-2.0
2024-08-30 00:00:00+00:00,-2.8913285208076402,1.0,-1.0,2.0,-2.0
2024-09-03 00:00:00+00:00,0.9537594867021184,1.0,-1.0,2.0,-2.0
2024-09-04 00:00:00+00:00,-0.6869916721795589,1.0,-1.0,2.0,-2.0
2024-09-05 00:00:00+00:00,-0.8937327764938461,1.0,-1.0,2.0,-2.0
2024-09-06 00:00:00+00:00,0.3054968737036523,1.0,-1.0,2.0,-2.0
2024-09-09 00:00:00+00:00,0.5126440682406486,1.0,-1.0,2.0,-2.0
2024-09-10 00:00:00+00:00,-0.6793908248812616,1.0,-1.0,2.0,-2.0
2024-09-11 00:00:00+00:00,-0.021780458186858417,1.0,-1.0,2.0,-2.0
2024-09-12 00:00:00+00:00,0.2937102793114474,1.0,-1.0,2.0,-2.0
2024-09-13 00:00:00+00:00,-0.781267105500617,1.0,-1.0,2.0,-2.0
2024-09-16 00:00:00+00:00,0.08391946640050114,1.0,-1.0,2.0,-2.0
2024-09-17 00:00:00+00:00,0.18971181366892373,1.0,-1.0,2.0,-2.0
2024-09-18 00:00:00+00:00,-0.3548861852140164,1.0,-1.0,2.0,-2.0
2024-09-19 00:00:00+00:00,-0.13612072857523916,1.0,-1.0,2.0,-2.0
2024-09-20 00:00:00+00:00,-0.01992802777945016,1.0,-1.0,2.0,-2.0
2024-09-23 00:00:00+00:00,-0.5545239143447115,1.0,-1.0,2.0,-2.0
2024-09-24 00:00:00+00:00,-0.3504653239268093,1.0,-1.0,2.0,-2.0
2024-09-25 00:00:00+00:00,-0.18578833679057494,1.0,-1.0,2.0,-2.0
2024-09-26 00:00:00+00:00,-0.2207476649668511,1.0,-1.0,2.0,-2.0
2024-09-27 00:00:00+00:00,0.020968884950779563,1.0,-1.0,2.0,-2.0
2024-09-30 00:00:00+00:00,-0.2439956094527869,1.0,-1.0,2.0,-2.0
2024-10-01 00:00:00+00:00,-0.16200808402199682,1.0,-1.0,2.0,-2.0
2024-10-02 00:00:00+00:00,0.5168268656885797,1.0,-1.0,2.0,-2.0
2024-10-03 00:00:00+00:00,-0.07047797689080963,1.0,-1.0,2.0,-2.0
2024-10-04 00:00:00+00:00,-0.18625708471019817,1.0,-1.0,2.0,-2.0
2024-10-07 00:00:00+00:00,0.16801311682790512,1.0,-1.0,2.0,-2.0
2024-10-08 00:00:00+00:00,0.32055064429594676,1.0,-1.0,2.0,-2.0
2024-10-09 00:00:00+00:00,0.1163586359024923,1.0,-1.0,2.0,-2.0
2024-10-10 00:00:00+00:00,0.0019734243070600815,1.0,-1.0,2.0,-2.0
2024-10-11 00:00:00+00:00,-0.0014807824959022478,1.0,-1.0,2.0,-2.0
2024-10-14 00:00:00+00:00,1.3812003027378135,1.0,-1.0,2.0,-2.0
2024-10-15 00:00:00+00:00,1.3103215618557587,1.0,-1.0,2.0,-2.0
2024-10-16 00:00:00+00:00,0.30976477483475007,1.0,-1.0,2.0,-2.0
2024-10-17 00:00:00+00:00,0.6135483299370003,1.0,-1.0,2.0,-2.0
2024-10-18 00:00:00+00:00,0.5147583505347816,1.0,-1.0,2.0,-2.0
2024-10-21 00:00:00+00:00,0.9557596182727592,1.0,-1.0,2.0,-2.0
2024-10-22 00:00:00+00:00,1.0923616051466372,1.0,-1.0,2.0,-2.0
2024-10-23 00:00:00+00:00,-0.5567098788068517,1.0,-1.0,2.0,-2.0
2024-10-24 00:00:00+00:00,-0.6478944129428381,1.0,-1.0,2.0,-2.0
2024-10-25 00:00:00+00:00,-0.2668947829937887,1.0,-1.0,2.0,-2.0
2024-10-28 00:00:00+00:00,0.11523292421538248,1.0,-1.0,2.0,-2.0
2024-10-29 00:00:00+00:00,0.6586232619813652,1.0,-1.0,2.0,-2.0
2024-10-30 00:00:00+00:00,0.81271115199033,1.0,-1.0,2.0,-2.0
2024-10-31 00:00:00+00:00,0.4480808514501623,1.0,-1.0,2.0,-2.0
2024-11-01 00:00:00+00:00,0.5630487721006853,1.0,-1.0,2.0,-2.0
2024-11-04 00:00:00+00:00,0.7721915230534908,1.0,-1.0,2.0,-2.0
2024-11-05 00:00:00+00:00,0.7093824817199246,1.0,-1.0,2.0,-2.0
2024-11-06 00:00:00+00:00,0.7077832451266319,1.0,-1.0,2.0,-2.0
2024-11-07 00:00:00+00:00,0.2842390355100185,1.0,-1.0,2.0,-2.0
2024-11-08 00:00:00+00:00,-0.26172312779243695,1.0,-1.0,2.0,-2.0
2024-11-11 00:00:00+00:00,-0.09287855661352072,1.0,-1.0,2.0,-2.0
2024-11-12 00:00:00+00:00,-0.9241131923185792,1.0,-1.0,2.0,-2.0
2024-11-13 00:00:00+00:00,-1.4378506342139845,1.0,-1.0,2.0,-2.0
2024-11-14 00:00:00+00:00,-1.4163441598340263,1.0,-1.0,2.0,-2.0
2024-11-15 00:00:00+00:00,-1.5385895215248733,1.0,-1.0,2.0,-2.0
2024-11-18 00:00:00+00:00,-2.3967160888996295,1.0,-1.0,2.0,-2.0
2024-11-19 00:00:00+00:00,-1.648586620029005,1.0,-1.0,2.0,-2.0
2024-11-20 00:00:00+00:00,-1.5176323388863202,1.0,-1.0,2.0,-2.0
2024-11-21 00:00:00+00:00,-0.7196286424853824,1.0,-1.0,2.0,-2.0
2024-11-22 00:00:00+00:00,-0.8103691512446903,1.0,-1.0,2.0,-2.0
2024-11-25 00:00:00+00:00,-0.6568981493607372,1.0,-1.0,2.0,-2.0
2024-11-26 00:00:00+00:00,-1.554964819540472,1.0,-1.0,2.0,-2.0
2024-11-27 00:00:00+00:00,-1.244624805549267,1.0,-1.0,2.0,-2.0
2024-11-29 00:00:00+00:00,-1.7887156856716895,1.0,-1.0,2.0,-2.0
2024-12-02 00:00:00+00:00,-1.6556305299462273,1.0,-1.0,2.0,-2.0
2024-12-03 00:00:00+00:00,-1.7394165697406136,1.0,-1.0,2.0,-2.0
2024-12-04 00:00:00+00:00,-1.4334955867530823,1.0,-1.0,2.0,-2.0
2024-12-05 00:00:00+00:00,-1.3379647030106425,1.0,-1.0,2.0,-2.0
2024-12-06 00:00:00+00:00,-0.3926552160846202,1.0,-1.0,2.0,-2.0
2024-12-09 00:00:00+00:00,-0.8829199117385116,1.0,-1.0,2.0,-2.0
2024-12-10 00:00:00+00:00,-0.14930056212491558,1.0,-1.0,2.0,-2.0
2024-12-11 00:00:00+00:00,-0.10023201994517932,1.0,-1.0,2.0,-2.0
2024-12-12 00:00:00+00:00,0.07395497767311822,1.0,-1.0,2.0,-2.0
2024-12-13 00:00:00+00:00,0.004157195347258241,1.0,-1.0,2.0,-2.0
2024-12-16 00:00:00+00:00,0.50644516308428,1.0,-1.0,2.0,-2.0
2024-12-17 00:00:00+00:00,0.6036337355656732,1.0,-1.0,2.0,-2.0
2024-12-18 00:00:00+00:00,1.2194778837322138,1.0,-1.0,2.0,-2.0
2024-12-19 00:00:00+00:00,0.599882196357542,1.0,-1.0,2.0,-2.0
2024-12-20 00:00:00+00:00,0.7379110157862951,1.0,-1.0,2.0,-2.0
2024-12-23 00:00:00+00:00,1.4998232875304056,1.0,-1.0,2.0,-2.0
2024-12-24 00:00:00+00:00,1.7201163851955716,1.0,-1.0,2.0,-2.0
2024-12-25 00:00:00+00:00,1.64157047766235,1.0,-1.0,2.0,-2.0
2024-12-26 00:00:00+00:00,1.5437264855165944,1.0,-1.0,2.0,-2.0
2024-12-27 00:00:00+00:00,1.9008943399252918,1.0,-1.0,2.0,-2.0
2024-12-30 00:00:00+00:00,1.3337836396858005,1.0,-1.0,2.0,-2.0
2024-12-31 00:00:00+00:00,-4.267814930313134,1.0,-1.0,2.0,-2.0
2025-01-01 00:00:00+00:00,-3.1944181062412946,1.0,-1.0,2.0,-2.0
2025-01-02 00:00:00+00:00,0.3310689822221737,1.0,-1.0,2.0,-2.0
2025-01-03 00:00:00+00:00,0.31970089352115033,1.0,-1.0,2.0,-2.0
2025-01-06 00:00:00+00:00,0.28059834678395906,1.0,-1.0,2.0,-2.0
2025-01-07 00:00:00+00:00,0.27381799272876417,1.0,-1.0,2.0,-2.0
2025-01-08 00:00:00+00:00,0.26171623059633947,1.0,-1.0,2.0,-2.0
2025-01-09 00:00:00+00:00,0.1276049878530538,1.0,-1.0,2.0,-2.0
2025-01-10 00:00:00+00:00,-2.5943583041674074,1.0,-1.0,2.0,-2.0
2025-01-13 00:00:00+00:00,-0.07037417196325424,1.0,-1.0,2.0,-2.0
2025-01-14 00:00:00+00:00,2.8672824230414324,1.0,-1.0,2.0,-2.0
2025-01-15 00:00:00+00:00,2.4518830929595037,1.0,-1.0,2.0,-2.0
2025-01-16 00:00:00+00:00,0.16555304782175811,1.0,-1.0,2.0,-2.0
2025-01-17 00:00:00+00:00,0.1073838720853123,1.0,-1.0,2.0,-2.0
2025-01-21 00:00:00+00:00,-0.7773054817396675,1.0,-1.0,2.0,-2.0
2025-01-22 00:00:00+00:00,0.20260804231142854,1.0,-1.0,2.0,-2.0
2025-01-23 00:00:00+00:00,0.2098621358797594,1.0,-1.0,2.0,-2.0
2025-01-24 00:00:00+00:00,0.2821349357993718,1.0,-1.0,2.0,-2.0
2025-01-27 00:00:00+00:00,1.68416446950391,1.0,-1.0,2.0,-2.0
2025-01-28 00:00:00+00:00,0.25824911432656383,1.0,-1.0,2.0,-2.0
2025-01-29 00:00:00+00:00,0.17238940155296237,1.0,-1.0,2.0,-2.0
2025-01-30 00:00:00+00:00,0.07207240400669843,1.0,-1.0,2.0,-2.0
2025-01-31 00:00:00+00:00,0.05636368598545777,1.0,-1.0,2.0,-2.0
2025-02-03 00:00:00+00:00,-1.6310497170937663,1.0,-1.0,2.0,-2.0
2025-02-04 00:00:00+00:00,-0.6311291804029948,1.0,-1.0,2.0,-2.0
2025-02-05 00:00:00+00:00,-1.5307936313090607,1.0,-1.0,2.0,-2.0
2025-02-06 00:00:00+00:00,-1.3107973441657805,1.0,-1.0,2.0,-2.0
2025-02-07 00:00:00+00:00,-1.2386467128207195,1.0,-1.0,2.0,-2.0
2025-02-10 00:00:00+00:00,-1.2810045339285985,1.0,-1.0,2.0,-2.0
2025-02-11 00:00:00+00:00,-1.1380638700146282,1.0,-1.0,2.0,-2.0
2025-02-12 00:00:00+00:00,-0.31351423593068806,1.0,-1.0,2.0,-2.0
2025-02-13 00:00:00+00:00,-1.1213666613995796,1.0,-1.0,2.0,-2.0
2025-02-14 00:00:00+00:00,-1.0159628338237712,1.0,-1.0,2.0,-2.0
2025-02-18 00:00:00+00:00,1.5389123609377382,1.0,-1.0,2.0,-2.0
2025-02-19 00:00:00+00:00,0.5175037283512757,1.0,-1.0,2.0,-2.0
2025-02-20 00:00:00+00:00,0.5512377859334985,1.0,-1.0,2.0,-2.0
2025-02-21 00:00:00+00:00,1.1682126049389197,1.0,-1.0,2.0,-2.0
2025-02-24 00:00:00+00:00,1.1497242462143948,1.0,-1.0,2.0,-2.0
2025-02-25 00:00:00+00:00,0.37415490189998724,1.0,-1.0,2.0,-2.0
2025-02-26 00:00:00+00:00,0.3244701248010868,1.0,-1.0,2.0,-2.0
2025-02-27 00:00:00+00:00,-0.3430845650177834,1.0,-1.0,2.0,-2.0
2025-02-28 00:00:00+00:00,0.7482888133039672,1.0,-1.0,2.0,-2.0
2025-03-03 00:00:00+00:00,0.7271045099441702,1.0,-1.0,2.0,-2.0
2025-03-04 00:00:00+00:00,-0.18737621997448478,1.0,-1.0,2.0,-2.0
2025-03-05 00:00:00+00:00,0.7297852341021317,1.0,-1.0,2.0,-2.0
2025-03-06 00:00:00+00:00,1.2447655172263246,1.0,-1.0,2.0,-2.0
2025-03-07 00:00:00+00:00,0.40348167580908445,1.0,-1.0,2.0,-2.0
2025-03-10 00:00:00+00:00,0.14313463945860155,1.0,-1.0,2.0,-2.0
2025-03-11 00:00:00+00:00,1.0661374669588704,1.0,-1.0,2.0,-2.0
2025-03-12 00:00:00+00:00,1.1812786472867143,1.0,-1.0,2.0,-2.0
2025-03-13 00:00:00+00:00,1.065001505114004,1.0,-1.0,2.0,-2.0
2025-03-14 00:00:00+00:00,0.9083855945167197,1.0,-1.0,2.0,-2.0
2025-03-17 00:00:00+00:00,0.878909062545568,1.0,-1.0,2.0,-2.0
2025-03-18 00:00:00+00:00,0.8221771840192353,1.0,-1.0,2.0,-2.0
2025-03-19 00:00:00+00:00,0.688057736387878,1.0,-1.0,2.0,-2.0
2025-03-20 00:00:00+00:00,0.5110359354868473,1.0,-1.0,2.0,-2.0
2025-03-21 00:00:00+00:00,0.5096375665355908,1.0,-1.0,2.0,-2.0
2025-03-24 00:00:00+00:00,0.9357801907301083,1.0,-1.0,2.0,-2.0
2025-03-25 00:00:00+00:00,0.9325331566643914,1.0,-1.0,2.0,-2.0
2025-03-26 00:00:00+00:00,0.7952563529522203,1.0,-1.0,2.0,-2.0
2025-03-27 00:00:00+00:00,0.5731326943931924,1.0,-1.0,2.0,-2.0
2025-03-28 00:00:00+00:00,0.7969782067562373,1.0,-1.0,2.0,-2.0
2025-03-31 00:00:00+00:00,1.1919009528627242,1.0,-1.0,2.0,-2.0
2025-04-01 00:00:00+00:00,0.6765870004848691,1.0,-1.0,2.0,-2.0
2025-04-02 00:00:00+00:00,0.9195390242387292,1.0,-1.0,2.0,-2.0
2025-04-03 00:00:00+00:00,0.6727732455945228,1.0,-1.0,2.0,-2.0
2025-04-04 00:00:00+00:00,1.103991173702891,1.0,-1.0,2.0,-2.0
2025-04-07 00:00:00+00:00,0.7809764675666782,1.0,-1.0,2.0,-2.0
2025-04-08 00:00:00+00:00,0.6614829314822819,1.0,-1.0,2.0,-2.0
2025-04-09 00:00:00+00:00,0.5654415308461114,1.0,-1.0,2.0,-2.0
2025-04-10 00:00:00+00:00,0.4469633852638642,1.0,-1.0,2.0,-2.0
2025-04-11 00:00:00+00:00,0.4397977064874092,1.0,-1.0,2.0,-2.0
2025-04-14 00:00:00+00:00,-0.39869060145603663,1.0,-1.0,2.0,-2.0
2025-04-15 00:00:00+00:00,0.10503818809844509,1.0,-1.0,2.0,-2.0
2025-04-16 00:00:00+00:00,-0.13980338006264442,1.0,-1.0,2.0,-2.0
2025-04-17 00:00:00+00:00,-0.3384001892420574,1.0,-1.0,2.0,-2.0
2025-04-21 00:00:00+00:00,-2.749413477487666,1.0,-1.0,2.0,-2.0
2025-04-22 00:00:00+00:00,-2.134832638024736,1.0,-1.0,2.0,-2.0
2025-04-23 00:00:00+00:00,-1.1909863855385086,1.0,-1.0,2.0,-2.0
2025-04-24 00:00:00+00:00,-1.1164474214785798,1.0,-1.0,2.0,-2.0
2025-04-25 00:00:00+00:00,0.5757828773246865,1.0,-1.0,2.0,-2.0
2025-04-28 00:00:00+00:00,-0.9229886324953518,1.0,-1.0,2.0,-2.0
2025-04-29 00:00:00+00:00,-0.020614601507344038,1.0,-1.0,2.0,-2.0
2025-04-30 00:00:00+00:00,0.1456099582073648,1.0,-1.0,2.0,-2.0
2025-05-01 00:00:00+00:00,0.17185387387797973,1.0,-1.0,2.0,-2.0
2025-05-02 00:00:00+00:00,-0.05019942706028533,1.0,-1.0,2.0,-2.0
2025-05-05 00:00:00+00:00,0.396043291883929,1.0,-1.0,2.0,-2.0
2025-05-06 00:00:00+00:00,0.42185499305402374,1.0,-1.0,2.0,-2.0
2025-05-07 00:00:00+00:00,-0.23201026358828059,1.0,-1.0,2.0,-2.0
2025-05-08 00:00:00+00:00,-0.4738802489243346,1.0,-1.0,2.0,-2.0
2025-05-09 00:00:00+00:00,-1.8775840887751933,1.0,-1.0,2.0,-2.0
2025-05-12 00:00:00+00:00,-0.025524626641842966,1.0,-1.0,2.0,-2.0
2025-05-13 00:00:00+00:00,0.03495226085986035,1.0,-1.0,2.0,-2.0
2025-05-14 00:00:00+00:00,-0.07873802406285746,1.0,-1.0,2.0,-2.0
2025-05-15 00:00:00+00:00,-0.0316027538805404,1.0,-1.0,2.0,-2.0
2025-05-16 00:00:00+00:00,1.6727942938669245,1.0,-1.0,2.0,-2.0
2025-05-19 00:00:00+00:00,1.3447136613431754,1.0,-1.0,2.0,-2.0
2025-05-20 00:00:00+00:00,0.9267308745708719,1.0,-1.0,2.0,-2.0
2025-05-21 00:00:00+00:00,0.8226216594710515,1.0,-1.0,2.0,-2.0
2025-05-22 00:00:00+00:00,-0.195611808007304,1.0,-1.0,2.0,-2.0
2025-05-23 00:00:00+00:00,-1.157230353354411,1.0,-1.0,2.0,-2.0
2025-05-26 00:00:00+00:00,-1.1330397245841475,1.0,-1.0,2.0,-2.0
2025-05-27 00:00:00+00:00,-0.9802046072991992,1.0,-1.0,2.0,-2.0
2025-05-28 00:00:00+00:00,-0.5148320326378486,1.0,-1.0,2.0,-2.0
2025-05-29 00:00:00+00:00,0.23864491259732132,1.0,-1.0,2.0,-2.0
2025-05-30 00:00:00+00:00,0.3368356433627985,1.0,-1.0,2.0,-2.0
2025-06-02 00:00:00+00:00,0.31956947798051305,1.0,-1.0,2.0,-2.0
2025-06-03 00:00:00+00:00,-0.42942148603631436,1.0,-1.0,2.0,-2.0
2025-06-04 00:00:00+00:00,-0.18040537168704915,1.0,-1.0,2.0,-2.0
2025-06-05 00:00:00+00:00,-0.32501879073837203,1.0,-1.0,2.0,-2.0
2025-06-06 00:00:00+00:00,-0.3025723395711031,1.0,-1.0,2.0,-2.0
2025-06-09 00:00:00+00:00,0.15868910240834966,1.0,-1.0,2.0,-2.0
2025-06-10 00:00:00+00:00,0.5113648603559823,1.0,-1.0,2.0,-2.0
2025-06-11 00:00:00+00:00,0.8153795891675535,1.0,-1.0,2.0,-2.0
2025-06-12 00:00:00+00:00,0.368082220898079,1.0,-1.0,2.0,-2.0
2025-06-13 00:00:00+00:00,0.03212851573637656,1.0,-1.0,2.0,-2.0
2025-06-16 00:00:00+00:00,0.12496998561727529,1.0,-1.0,2.0,-2.0
2025-06-17 00:00:00+00:00,0.6959891105498113,1.0,-1.0,2.0,-2.0
2025-06-18 00:00:00+00:00,1.2802619264952408,1.0,-1.0,2.0,-2.0
2025-06-19 00:00:00+00:00,0.5173763624820785,1.0,-1.0,2.0,-2.0
2025-06-20 00:00:00+00:00,-0.2723000717525533,1.0,-1.0,2.0,-2.0
2025-06-23 00:00:00+00:00,0.5278921338603288,1.0,-1.0,2.0,-2.0
2025-06-24 00:00:00+00:00,1.061643058831957,1.0,-1.0,2.0,-2.0
2025-06-25 00:00:00+00:00,2.037495202159068,1.0,-1.0,2.0,-2.0
2025-06-26 00:00:00+00:00,0.2590804568895259,1.0,-1.0,2.0,-2.0
2025-06-27 00:00:00+00:00,1.0601059810430016,1.0,-1.0,2.0,-2.0
2025-06-30 00:00:00+00:00,1.039706927574947,1.0,-1.0,2.0,-2.0
2025-07-01 00:00:00+00:00,1.5535162621074983,1.0,-1.0,2.0,-2.0
2025-07-02 00:00:00+00:00,1.2375960883034818,1.0,-1.0,2.0,-2.0
2025-07-03 00:00:00+00:00,-0.8439816741704255,1.0,-1.0,2.0,-2.0
2025-07-07 00:00:00+00:00,-1.8666008265287206,1.0,-1.0,2.0,-2.0
2025-07-08 00:00:00+00:00,-1.1538784278672727,1.0,-1.0,2.0,-2.0
2025-07-09 00:00:00+00:00,-0.7786624888066623,1.0,-1.0,2.0,-2.0
2025-07-10 00:00:00+00:00,-0.8676006862464817,1.0,-1.0,2.0,-2.0
2025-07-11 00:00:00+00:00,-1.183976315760931,1.0,-1.0,2.0,-2.0
2025-07-14 00:00:00+00:00,-1.1114315410244915,1.0,-1.0,2.0,-2.0
2025-07-15 00:00:00+00:00,0.8257888905179369,1.0,-1.0,2.0,-2.0
2025-07-16 00:00:00+00:00,-0.4016995375222972,1.0,-1.0,2.0,-2.0
2025-07-17 00:00:00+00:00,-0.7052545009093201,1.0,-1.0,2.0,-2.0
2025-07-18 00:00:00+00:00,-1.3232385461855698,1.0,-1.0,2.0,-2.0
2025-07-21 00:00:00+00:00,-1.2243066016077646,1.0,-1.0,2.0,-2.0
2025-07-22 00:00:00+00:00,-1.138668569162143,1.0,-1.0,2.0,-2.0
2025-07-23 00:00:00+00:00,-0.4977791539371273,1.0,-1.0,2.0,-2.0
2025-07-24 00:00:00+00:00,-1.2285795316156953,1.0,-1.0,2.0,-2.0
2025-07-25 00:00:00+00:00,0.07281623305719068,1.0,-1.0,2.0,-2.0
2025-07-28 00:00:00+00:00,0.6239218991837476,1.0,-1.0,2.0,-2.0
2025-07-29 00:00:00+00:00,1.2856690140648874,1.0,-1.0,2.0,-2.0
2025-07-30 00:00:00+00:00,1.596710694423563,1.0,-1.0,2.0,-2.0
2025-07-31 00:00:00+00:00,1.806532803237528,1.0,-1.0,2.0,-2.0
2025-08-01 00:00:00+00:00,1.4933228206533962,1.0,-1.0,2.0,-2.0
2025-08-04 00:00:00+00:00,1.6699925839611813,1.0,-1.0,2.0,-2.0
2025-08-05 00:00:00+00:00,1.3767477130244763,1.0,-1.0,2.0,-2.0
2025-08-06 00:00:00+00:00,1.2439326432940505,1.0,-1.0,2.0,-2.0
2025-08-07 00:00:00+00:00,0.9187959765429596,1.0,-1.0,2.0,-2.0
2025-08-08 00:00:00+00:00,0.6374341933453851,1.0,-1.0,2.0,-2.0
2025-08-11 00:00:00+00:00,-0.27665789242817185,1.0,-1.0,2.0,-2.0
2025-08-12 00:00:00+00:00,-0.7493748377029263,1.0,-1.0,2.0,-2.0
2025-08-13 00:00:00+00:00,-1.9377124743695515,1.0,-1.0,2.0,-2.0
2025-08-14 00:00:00+00:00,-1.8323545787491529,1.0,-1.0,2.0,-2.0
2025-08-15 00:00:00+00:00,-1.905068021058202,1.0,-1.0,2.0,-2.0
2025-08-18 00:00:00+00:00,-1.536084183669536,1.0,-1.0,2.0,-2.0
2025-08-19 00:00:00+00:00,-1.3503634157485358,1.0,-1.0,2.0,-2.0
2025-08-20 00:00:00+00:00,-1.0356675261434,1.0,-1.0,2.0,-2.0
2025-08-21 00:00:00+00:00,-1.3318387133987406,1.0,-1.0,2.0,-2.0
2025-08-22 00:00:00+00:00,-1.658865612821052,1.0,-1.0,2.0,-2.0
2025-08-25 00:00:00+00:00,-1.4191497503737547,1.0,-1.0,2.0,-2.0
2025-08-26 00:00:00+00:00,-1.19657575307116,1.0,-1.0,2.0,-2.0
2025-08-27 00:00:00+00:00,-1.9830026506858698,1.0,-1.0,2.0,-2.0
2025-08-28 00:00:00+00:00,-1.469137760305264,1.0,-1.0,2.0,-2.0
2025-08-29 00:00:00+00:00,-2.256000481280135,1.0,-1.0,2.0,-2.0
2025-09-01 00:00:00+00:00,-1.5246679559924334,1.0,-1.0,2.0,-2.0
2025-09-02 00:00:00+00:00,-0.717452477367712,1.0,-1.0,2.0,-2.0
2025-09-03 00:00:00+00:00,-0.6357569345828483,1.0,-1.0,2.0,-2.0
2025-09-04 00:00:00+00:00,-0.7125637608372541,1.0,-1.0,2.0,-2.0
2025-09-05 00:00:00+00:00,0.4043907017015098,1.0,-1.0,2.0,-2.0
2025-09-08 00:00:00+00:00,0.954753545620447,1.0,-1.0,2.0,-2.0
2025-09-09 00:00:00+00:00,2.238910425127713,1.0,-1.0,2.0,-2.0
2025-09-10 00:00:00+00:00,1.5228800035247503,1.0,-1.0,2.0,-2.0
2025-09-11 00:00:00+00:00,1.181354140372088,1.0,-1.0,2.0,-2.0
2025-09-12 00:00:00+00:00,1.2339507664316638,1.0,-1.0,2.0,-2.0
2025-09-15 00:00:00+00:00,0.8016921090168941,1.0,-1.0,2.0,-2.0
2025-09-16 00:00:00+00:00,-0.43769876057418433,1.0,-1.0,2.0,-2.0
2025-09-17 00:00:00+00:00,-0.34663872504572957,1.0,-1.0,2.0,-2.0
2025-09-18 00:00:00+00:00,-0.14097171676468198,1.0,-1.0,2.0,-2.0
2025-09-19 00:00:00+00:00,-0.13835779586153218,1.0,-1.0,2.0,-2.0
2025-09-22 00:00:00+00:00,-0.25197962048304445,1.0,-1.0,2.0,-2.0
2025-09-23 00:00:00+00:00,-0.16067922224756348,1.0,-1.0,2.0,-2.0
2025-09-24 00:00:00+00:00,0.015958017391651938,1.0,-1.0,2.0,-2.0
2025-09-25 00:00:00+00:00,-0.1868444310116397,1.0,-1.0,2.0,-2.0
2025-09-26 00:00:00+00:00,-0.6182787538194042,1.0,-1.0,2.0,-2.0
2025-09-29 00:00:00+00:00,-0.31232635802949044,1.0,-1.0,2.0,-2.0
2025-09-30 00:00:00+00:00,-0.310450354771335,1.0,-1.0,2.0,-2.0
2025-10-01 00:00:00+00:00,-0.30857684159009136,1.0,-1.0,2.0,-2.0
2025-10-02 00:00:00+00:00,-0.42302665869874106,1.0,-1.0,2.0,-2.0
2025-10-03 00:00:00+00:00,-0.42070693265809483,1.0,-1.0,2.0,-2.0
2025-10-06 00:00:00+00:00,-0.409272542553434,1.0,-1.0,2.0,-2.0
2025-10-07 00:00:00+00:00,-0.630505355021773,1.0,-1.0,2.0,-2.0
2025-10-08 00:00:00+00:00,-0.5891345064066705,1.0,-1.0,2.0,-2.0
2025-10-09 00:00:00+00:00,-0.4912670186182729,1.0,-1.0,2.0,-2.0
2025-10-10 00:00:00+00:00,-0.2781857180928076,1.0,-1.0,2.0,-2.0
2025-10-13 00:00:00+00:00,-0.18738579355822518,1.0,-1.0,2.0,-2.0
2025-10-14 00:00:00+00:00,0.014061914827287896,1.0,-1.0,2.0,-2.0
2025-10-15 00:00:00+00:00,-0.1925479638873414,1.0,-1.0,2.0,-2.0
2025-10-16 00:00:00+00:00,-0.13245656023835947,1.0,-1.0,2.0,-2.0
2025-10-17 00:00:00+00:00,-0.13245656023835947,1.0,-1.0,2.0,-2.0
2025-10-20 00:00:00+00:00,-0.08144151987341865,1.0,-1.0,2.0,-2.0
2025-10-21 00:00:00+00:00,-0.002066180028427953,1.0,-1.0,2.0,-2.0
2025-10-22 00:00:00+00:00,-0.011864546644279108,1.0,-1.0,2.0,-2.0
2025-10-23 00:00:00+00:00,0.06789021919243822,1.0,-1.0,2.0,-2.0
2025-10-24 00:00:00+00:00,0.17797205830029889,1.0,-1.0,2.0,-2.0
2025-10-27 00:00:00+00:00,0.14690097223232443,1.0,-1.0,2.0,-2.0
2025-10-28 00:00:00+00:00,-0.02986429008125337,1.0,-1.0,2.0,-2.0
2025-10-29 00:00:00+00:00,0.1817064123434362,1.0,-1.0,2.0,-2.0
2025-10-30 00:00:00+00:00,0.18201608533121613,1.0,-1.0,2.0,-2.0
2025-10-31 00:00:00+00:00,0.18140170240283598,1.0,-1.0,2.0,-2.0
2025-11-03 00:00:00+00:00,0.12072688742151658,1.0,-1.0,2.0,-2.0
2025-11-04 00:00:00+00:00,0.12225723582955698,1.0,-1.0,2.0,-2.0
2025-11-05 00:00:00+00:00,0.33721693322231894,1.0,-1.0,2.0,-2.0
2025-11-06 00:00:00+00:00,0.37269521677894896,1.0,-1.0,2.0,-2.0
2025-11-07 00:00:00+00:00,0.28881556712380974,1.0,-1.0,2.0,-2.0
2025-11-10 00:00:00+00:00,0.26486895363270907,1.0,-1.0,2.0,-2.0
2025-11-11 00:00:00+00:00,0.29889647379179773,1.0,-1.0,2.0,-2.0
2025-11-12 00:00:00+00:00,0.3023429656267534,1.0,-1.0,2.0,-2.0
2025-11-13 00:00:00+00:00,-1.8092580856453109,1.0,-1.0,2.0,-2.0
2025-11-14 00:00:00+00:00,2.2210544132835888,1.0,-1.0,2.0,-2.0
2025-11-17 00:00:00+00:00,-0.8849462445345538,1.0,-1.0,2.0,-2.0
2025-11-18 00:00:00+00:00,-0.28880722114236523,1.0,-1.0,2.0,-2.0
2025-11-19 00:00:00+00:00,-2.784626867499002,1.0,-1.0,2.0,-2.0
2025-11-20 00:00:00+00:00,0.28238828420089135,1.0,-1.0,2.0,-2.0
2025-11-21 00:00:00+00:00,0.2862090886534733,1.0,-1.0,2.0,-2.0
2025-11-24 00:00:00+00:00,0.27869320571664646,1.0,-1.0,2.0,-2.0
2025-11-25 00:00:00+00:00,1.9664942090411814,1.0,-1.0,2.0,-2.0
2025-11-26 00:00:00+00:00,0.012687059413168913,1.0,-1.0,2.0,-2.0
2025-11-27 00:00:00+00:00,-0.002540466968890663,1.0,-1.0,2.0,-2.0
2025-11-28 00:00:00+00:00,0.03849318623983937,1.0,-1.0,2.0,-2.0
2025-12-01 00:00:00+00:00,0.028234121790907667,1.0,-1.0,2.0,-2.0
2025-12-02 00:00:00+00:00,0.028234121790907667,1.0,-1.0,2.0,-2.0
2025-12-03 00:00:00+00:00,-0.09499321394394432,1.0,-1.0,2.0,-2.0
2025-12-04 00:00:00+00:00,-0.269215321545427,1.0,-1.0,2.0,-2.0
2025-12-05 00:00:00+00:00,-0.35205080509786607,1.0,-1.0,2.0,-2.0
2025-12-08 00:00:00+00:00,-0.24121110365296644,1.0,-1.0,2.0,-2.0
2025-12-09 00:00:00+00:00,2.5108741063728863,1.0,-1.0,2.0,-2.0
2025-12-10 00:00:00+00:00,-0.5684997976693328,1.0,-1.0,2.0,-2.0
2025-12-11 00:00:00+00:00,-0.5684997976693328,1.0,-1.0,2.0,-2.0
2025-12-12 00:00:00+00:00,0.47550430441009306,1.0,-1.0,2.0,-2.0
2025-12-15 00:00:00+00:00,0.577937481938074,1.0,-1.0,2.0,-2.0
2025-12-16 00:00:00+00:00,0.585698078504267,1.0,-1.0,2.0,-2.0
2025-12-17 00:00:00+00:00,0.4943636982541539,1.0,-1.0,2.0,-2.0
2025-12-18 00:00:00+00:00,-2.3353147580699494,1.0,-1.0,2.0,-2.0
2025-12-19 00:00:00+00:00,-2.240690158161104,1.0,-1.0,2.0,-2.0
2025-12-22 00:00:00+00:00,-2.181977029802653,1.0,-1.0,2.0,-2.0
2025-12-23 00:00:00+00:00,-1.9418236451929554,1.0,-1.0,2.0,-2.0
2025-12-24 00:00:00+00:00,-2.010566369396543,1.0,-1.0,2.0,-2.0
2025-12-26 00:00:00+00:00,-1.9455382402892953,1.0,-1.0,2.0,-2.0
2025-12-29 00:00:00+00:00,-1.889602428280098,1.0,-1.0,2.0,-2.0
2025-12-30 00:00:00+00:00,0.27792992375095604,1.0,-1.0,2.0,-2.0
2025-12-31 00:00:00+00:00,0.27120786243087863,1.0,-1.0,2.0,-2.0
2026-01-02 00:00:00+00:00,0.28521639365948337,1.0,-1.0,2.0,-2.0
2026-01-05 00:00:00+00:00,0.2732952351880451,1.0,-1.0,2.0,-2.0
2026-01-06 00:00:00+00:00,0.009448392761621899,1.0,-1.0,2.0,-2.0
2026-01-07 00:00:00+00:00,-0.012460270482699737,1.0,-1.0,2.0,-2.0
2026-01-08 00:00:00+00:00,-0.08515570299982783,1.0,-1.0,2.0,-2.0
2026-01-09 00:00:00+00:00,-0.15990248705994287,1.0,-1.0,2.0,-2.0
2026-01-12 00:00:00+00:00,-0.1230908732537558,1.0,-1.0,2.0,-2.0
2026-01-13 00:00:00+00:00,-0.13549394911248946,1.0,-1.0,2.0,-2.0
2026-01-14 00:00:00+00:00,0.6034333187548006,1.0,-1.0,2.0,-2.0
2026-01-15 00:00:00+00:00,1.0242143789724223,1.0,-1.0,2.0,-2.0
2026-01-16 00:00:00+00:00,0.948917418825847,1.0,-1.0,2.0,-2.0
2026-01-19 00:00:00+00:00,0.9342434315882304,1.0,-1.0,2.0,-2.0
2026-01-20 00:00:00+00:00,0.014899609876159724,1.0,-1.0,2.0,-2.0
2026-01-21 00:00:00+00:00,-0.4125411417320682,1.0,-1.0,2.0,-2.0
2026-01-22 00:00:00+00:00,-0.41165566570763645,1.0,-1.0,2.0,-2.0
2026-01-23 00:00:00+00:00,0.012607108787202911,1.0,-1.0,2.0,-2.0
2026-01-26 00:00:00+00:00,0.28258191401438715,1.0,-1.0,2.0,-2.0
2026-01-27 00:00:00+00:00,0.39902686950482263,1.0,-1.0,2.0,-2.0
2026-01-28 00:00:00+00:00,0.3952364737327529,1.0,-1.0,2.0,-2.0
2026-01-29 00:00:00+00:00,-0.0316341632785135,1.0,-1.0,2.0,-2.0
2026-01-30 00:00:00+00:00,-0.09108680366478504,1.0,-1.0,2.0,-2.0
2026-02-02 00:00:00+00:00,-0.20993705464655973,1.0,-1.0,2.0,-2.0
2026-02-03 00:00:00+00:00,-0.20875448347090111,1.0,-1.0,2.0,-2.0
2026-02-04 00:00:00+00:00,-0.20565282395372295,1.0,-1.0,2.0,-2.0
2026-02-05 00:00:00+00:00,0.04076580266401588,1.0,-1.0,2.0,-2.0
2026-02-06 00:00:00+00:00,0.22128737303672824,1.0,-1.0,2.0,-2.0
2026-02-09 00:00:00+00:00,0.33911109270112916,1.0,-1.0,2.0,-2.0
2026-02-10 00:00:00+00:00,1.0788514722654328,1.0,-1.0,2.0,-2.0
2026-02-11 00:00:00+00:00,-0.03853015361352999,1.0,-1.0,2.0,-2.0
2026-02-12 00:00:00+00:00,-0.21491541268903394,1.0,-1.0,2.0,-2.0
2026-02-13 00:00:00+00:00,0.028711422134806052,1.0,-1.0,2.0,-2.0
2026-02-16 00:00:00+00:00,-0.7123921878874071,1.0,-1.0,2.0,-2.0
2026-02-17 00:00:00+00:00,0.3997690863609159,1.0,-1.0,2.0,-2.0
2026-02-18 00:00:00+00:00,0.3378910148829415,1.0,-1.0,2.0,-2.0
2026-02-19 00:00:00+00:00,-0.019950131394789856,1.0,-1.0,2.0,-2.0
2026-02-20 00:00:00+00:00,-0.017694520509166357,1.0,-1.0,2.0,-2.0
2026-02-23 00:00:00+00:00,-0.10616068548392765,1.0,-1.0,2.0,-2.0
2026-02-24 00:00:00+00:00,0.044799322504209226,1.0,-1.0,2.0,-2.0
2026-02-25 00:00:00+00:00,0.10618141178963987,1.0,-1.0,2.0,-2.0
2026-02-26 00:00:00+00:00,0.07681832765381323,1.0,-1.0,2.0,-2.0
2026-02-27 00:00:00+00:00,0.40732107423455194,1.0,-1.0,2.0,-2.0
2026-03-02 00:00:00+00:00,0.43788926040609455,1.0,-1.0,2.0,-2.0
2026-03-03 00:00:00+00:00,-0.5737955369974237,1.0,-1.0,2.0,-2.0
2026-03-04 00:00:00+00:00,-0.05719994103629578,1.0,-1.0,2.0,-2.0
2026-03-05 00:00:00+00:00,-0.3805889341271176,1.0,-1.0,2.0,-2.0
2026-03-06 00:00:00+00:00,-0.66978139143945,1.0,-1.0,2.0,-2.0
2026-03-09 00:00:00+00:00,0.048379627288649314,1.0,-1.0,2.0,-2.0
2026-03-10 00:00:00+00:00,-0.0949956858600597,1.0,-1.0,2.0,-2.0
2026-03-11 00:00:00+00:00,-0.0015025868663967187,1.0,-1.0,2.0,-2.0
2026-03-12 00:00:00+00:00,0.03156876292318603,1.0,-1.0,2.0,-2.0
2026-03-13 00:00:00+00:00,0.8661641526307514,1.0,-1.0,2.0,-2.0
2026-03-16 00:00:00+00:00,-0.340017375928445,1.0,-1.0,2.0,-2.0
2026-03-17 00:00:00+00:00,-0.497772804240674,1.0,-1.0,2.0,-2.0
2026-03-18 00:00:00+00:00,-0.9461907047374751,1.0,-1.0,2.0,-2.0
2026-03-19 00:00:00+00:00,-0.8703741418578698,1.0,-1.0,2.0,-2.0
2026-03-20 00:00:00+00:00,-0.27795136083245675,1.0,-1.0,2.0,-2.0
2026-03-23 00:00:00+00:00,-0.12368699686485042,1.0,-1.0,2.0,-2.0
2026-03-24 00:00:00+00:00,0.32642286163424217,1.0,-1.0,2.0,-2.0
2026-03-25 00:00:00+00:00,-0.1054171133833737,1.0,-1.0,2.0,-2.0
2026-03-26 00:00:00+00:00,-0.3016996127947553,1.0,-1.0,2.0,-2.0
2026-03-27 00:00:00+00:00,-0.26369759923264363,1.0,-1.0,2.0,-2.0
2026-03-30 00:00:00+00:00,0.24317856649091799,1.0,-1.0,2.0,-2.0
2026-03-31 00:00:00+00:00,0.14625882871096718,1.0,-1.0,2.0,-2.0
2026-04-01 00:00:00+00:00,0.7777711919939468,1.0,-1.0,2.0,-2.0
2026-04-02 00:00:00+00:00,0.9327818232481551,1.0,-1.0,2.0,-2.0
2026-04-03 00:00:00+00:00,0.9055693380929908,1.0,-1.0,2.0,-2.0
2026-04-06 00:00:00+00:00,1.357358325428279,1.0,-1.0,2.0,-2.0
2026-04-07 00:00:00+00:00,0.893808445472084,1.0,-1.0,2.0,-2.0
2026-04-08 00:00:00+00:00,0.7190341422997563,1.0,-1.0,2.0,-2.0
2026-04-09 00:00:00+00:00,0.9754726998940241,1.0,-1.0,2.0,-2.0
2026-04-10 00:00:00+00:00,0.6659428406488461,1.0,-1.0,2.0,-2.0
2026-04-13 00:00:00+00:00,1.3561587535497746,1.0,-1.0,2.0,-2.0
2026-04-14 00:00:00+00:00,1.364401487929617,1.0,-1.0,2.0,-2.0
2026-04-15 00:00:00+00:00,1.0753237207630721,1.0,-1.0,2.0,-2.0
2026-04-16 00:00:00+00:00,0.8348334928542083,1.0,-1.0,2.0,-2.0
2026-04-17 00:00:00+00:00,0.4487098749955626,1.0,-1.0,2.0,-2.0
2026-04-20 00:00:00+00:00,0.020631659705480476,1.0,-1.0,2.0,-2.0
2026-04-21 00:00:00+00:00,-0.23644895862176651,1.0,-1.0,2.0,-2.0
2026-04-22 00:00:00+00:00,0.5821936575624053,1.0,-1.0,2.0,-2.0
2026-04-23 00:00:00+00:00,0.7936506348549672,1.0,-1.0,2.0,-2.0
2026-04-24 00:00:00+00:00,-0.17296373158025233,1.0,-1.0,2.0,-2.0
2026-04-27 00:00:00+00:00,-2.474945884046133,1.0,-1.0,2.0,-2.0
2026-04-28 00:00:00+00:00,-2.0212810864828463,1.0,-1.0,2.0,-2.0
2026-04-29 00:00:00+00:00,-1.3709160116825454,1.0,-1.0,2.0,-2.0
2026-04-30 00:00:00+00:00,-0.9706573563830395,1.0,-1.0,2.0,-2.0
2026-05-01 00:00:00+00:00,-0.5293451619971047,1.0,-1.0,2.0,-2.0
2026-05-04 00:00:00+00:00,-1.5912984509499128,1.0,-1.0,2.0,-2.0
2026-05-05 00:00:00+00:00,-1.3246868327251766,1.0,-1.0,2.0,-2.0
2026-05-06 00:00:00+00:00,-1.9724563119684078,1.0,-1.0,2.0,-2.0
2026-05-07 00:00:00+00:00,-1.8494561525291244,1.0,-1.0,2.0,-2.0
2026-05-08 00:00:00+00:00,-1.2117126516570134,1.0,-1.0,2.0,-2.0
2026-05-11 00:00:00+00:00,0.21332834325502384,1.0,-1.0,2.0,-2.0
2026-05-12 00:00:00+00:00,,1.0,-1.0,2.0,-2.0
2026-05-13 00:00:00+00:00,,1.0,-1.0,2.0,-2.0
2026-05-14 00:00:00+00:00,,1.0,-1.0,2.0,-2.0
2026-05-15 00:00:00+00:00,,1.0,-1.0,2.0,-2.0
2026-05-18 00:00:00+00:00,,1.0,-1.0,2.0,-2.0
2026-05-19 00:00:00+00:00,,1.0,-1.0,2.0,-2.0
2026-05-20 00:00:00+00:00,,1.0,-1.0,2.0,-2.0
2026-05-21 00:00:00+00:00,,1.0,-1.0,2.0,-2.0
2026-05-22 00:00:00+00:00,,1.0,-1.0,2.0,-2.0
2026-05-26 00:00:00+00:00,,1.0,-1.0,2.0,-2.0
2026-05-27 00:00:00+00:00,,1.0,-1.0,2.0,-2.0
2026-05-28 00:00:00+00:00,,1.0,-1.0,2.0,-2.0
2026-05-29 00:00:00+00:00,,1.0,-1.0,2.0,-2.0
2026-06-01 00:00:00+00:00,,1.0,-1.0,2.0,-2.0
2026-06-02 00:00:00+00:00,,1.0,-1.0,2.0,-2.0
2026-06-03 00:00:00+00:00,,1.0,-1.0,2.0,-2.0
2026-06-04 00:00:00+00:00,,1.0,-1.0,2.0,-2.0
