date,equity
2013-05-03 00:00:00+00:00,300000000.0
2013-05-06 00:00:00+00:00,300000000.0
2013-05-07 00:00:00+00:00,300000000.0
2013-05-08 00:00:00+00:00,300000000.0
2013-05-09 00:00:00+00:00,300000000.0
2013-05-10 00:00:00+00:00,300000000.0
2013-05-13 00:00:00+00:00,300000000.0
2013-05-14 00:00:00+00:00,300000000.0
2013-05-15 00:00:00+00:00,300000000.0
2013-05-16 00:00:00+00:00,300000000.0
2013-05-17 00:00:00+00:00,298781040.0
2013-05-20 00:00:00+00:00,299593680.0
2013-05-21 00:00:00+00:00,303792320.0
2013-05-22 00:00:00+00:00,296749440.0
2013-05-23 00:00:00+00:00,294717840.0
2013-05-24 00:00:00+00:00,292957120.0
2013-05-28 00:00:00+00:00,283747200.0
2013-05-29 00:00:00+00:00,278329600.0
2013-05-30 00:00:00+00:00,279413120.0
2013-05-31 00:00:00+00:00,276433440.0
2013-06-03 00:00:00+00:00,281038400.0
2013-06-04 00:00:00+00:00,283747200.0
2013-06-05 00:00:00+00:00,290654640.0
2013-06-06 00:00:00+00:00,286862320.0
2013-06-07 00:00:00+00:00,279548560.0
2013-06-10 00:00:00+00:00,272321173.75
2013-06-11 00:00:00+00:00,275491080.0
2013-06-12 00:00:00+00:00,271180007.5
2013-06-13 00:00:00+00:00,268897675.0
2013-06-14 00:00:00+00:00,269531656.25
2013-06-17 00:00:00+00:00,273081951.25
2013-06-18 00:00:00+00:00,278280597.5
2013-06-19 00:00:00+00:00,288931482.5
2013-06-20 00:00:00+00:00,282972058.75
2013-06-21 00:00:00+00:00,279802152.5
2013-06-24 00:00:00+00:00,273208747.5
2013-06-25 00:00:00+00:00,271940785.0
2013-06-26 00:00:00+00:00,270672822.5
2013-06-27 00:00:00+00:00,269785248.75
2013-06-28 00:00:00+00:00,257105623.75
2013-07-01 00:00:00+00:00,249117460.0
2013-07-02 00:00:00+00:00,249878237.5
2013-07-03 00:00:00+00:00,249497848.75
2013-07-04 00:00:00+00:00,248753837.79
2013-07-05 00:00:00+00:00,254993384.25
2013-07-08 00:00:00+00:00,248652381.75
2013-07-09 00:00:00+00:00,233011242.25
2013-07-10 00:00:00+00:00,231320308.25
2013-07-11 00:00:00+00:00,225402039.25
2013-07-12 00:00:00+00:00,238295411.0
2013-07-15 00:00:00+00:00,273805025.0
2013-07-16 00:00:00+00:00,267675389.25
2013-07-17 00:00:00+00:00,275073225.5
2013-07-18 00:00:00+00:00,276130059.25
2013-07-19 00:00:00+00:00,276130059.25
2013-07-22 00:00:00+00:00,278455093.5
2013-07-23 00:00:00+00:00,289023431.0
2013-07-24 00:00:00+00:00,293462132.75
2013-07-25 00:00:00+00:00,294730333.25
2013-07-26 00:00:00+00:00,297055367.5
2013-07-29 00:00:00+00:00,299380401.75
2013-07-30 00:00:00+00:00,295787167.0
2013-07-31 00:00:00+00:00,294518966.5
2013-08-01 00:00:00+00:00,283245482.5
2013-08-02 00:00:00+00:00,280192247.25
2013-08-05 00:00:00+00:00,277139012.0
2013-08-06 00:00:00+00:00,275964690.75
2013-08-07 00:00:00+00:00,275025233.75
2013-08-08 00:00:00+00:00,276434419.25
2013-08-09 00:00:00+00:00,270327948.75
2013-08-12 00:00:00+00:00,280427111.5
2013-08-13 00:00:00+00:00,264691206.75
2013-08-14 00:00:00+00:00,272206862.75
2013-08-15 00:00:00+00:00,288177631.75
2013-08-16 00:00:00+00:00,279957383.0
2013-08-19 00:00:00+00:00,300625437.0
2013-08-20 00:00:00+00:00,291230867.0
2013-08-21 00:00:00+00:00,298511658.75
2013-08-22 00:00:00+00:00,280896840.0
2013-08-23 00:00:00+00:00,286063853.5
2013-08-26 00:00:00+00:00,314717292.0
2013-08-27 00:00:00+00:00,301330029.75
2013-08-28 00:00:00+00:00,296163016.25
2013-08-29 00:00:00+00:00,296867609.0
2013-08-30 00:00:00+00:00,297337337.5
2013-09-03 00:00:00+00:00,290996002.75
2013-09-04 00:00:00+00:00,285594125.0
2013-09-05 00:00:00+00:00,277608740.5
2013-09-06 00:00:00+00:00,284419803.75
2013-09-09 00:00:00+00:00,279957383.0
2013-09-10 00:00:00+00:00,285124396.5
2013-09-11 00:00:00+00:00,288412496.0
2013-09-12 00:00:00+00:00,282540889.75
2013-09-13 00:00:00+00:00,275729826.5
2013-09-16 00:00:00+00:00,285124396.5
2013-09-17 00:00:00+00:00,282775754.0
2013-09-18 00:00:00+00:00,281328810.5
2013-09-19 00:00:00+00:00,279238781.0
2013-09-20 00:00:00+00:00,284544240.5
2013-09-23 00:00:00+00:00,283097297.0
2013-09-24 00:00:00+00:00,285991184.0
2013-09-25 00:00:00+00:00,282293439.5
2013-09-26 00:00:00+00:00,280846496.0
2013-09-27 00:00:00+00:00,282775754.0
2013-09-30 00:00:00+00:00,290492786.0
2013-10-01 00:00:00+00:00,292261272.5
2013-10-02 00:00:00+00:00,292261272.5
2013-10-03 00:00:00+00:00,292100501.0
2013-10-04 00:00:00+00:00,289528157.0
2013-10-07 00:00:00+00:00,293311047.5
2013-10-08 00:00:00+00:00,288541316.0
2013-10-09 00:00:00+00:00,289692630.5
2013-10-10 00:00:00+00:00,286238687.0
2013-10-11 00:00:00+00:00,283113690.5
2013-10-14 00:00:00+00:00,285416319.5
2013-10-15 00:00:00+00:00,289363683.5
2013-10-16 00:00:00+00:00,289034736.5
2013-10-17 00:00:00+00:00,289199210.0
2013-10-18 00:00:00+00:00,288212369.0
2013-10-21 00:00:00+00:00,290021577.5
2013-10-22 00:00:00+00:00,286238687.0
2013-10-23 00:00:00+00:00,289034736.5
2013-10-24 00:00:00+00:00,287225528.0
2013-10-25 00:00:00+00:00,287722765.5
2013-10-28 00:00:00+00:00,296424421.75
2013-10-29 00:00:00+00:00,295429946.75
2013-10-30 00:00:00+00:00,297916134.25
2013-10-31 00:00:00+00:00,300402321.75
2013-11-01 00:00:00+00:00,302142653.0
2013-11-04 00:00:00+00:00,302639890.5
2013-11-05 00:00:00+00:00,304131603.0
2013-11-06 00:00:00+00:00,308109503.0
2013-11-07 00:00:00+00:00,308109503.0
2013-11-08 00:00:00+00:00,301148178.0
2013-11-11 00:00:00+00:00,293192378.0
2013-11-12 00:00:00+00:00,295678565.5
2013-11-13 00:00:00+00:00,299407846.75
2013-11-14 00:00:00+00:00,303137128.0
2013-11-15 00:00:00+00:00,309103978.0
2013-11-18 00:00:00+00:00,318551490.5
2013-11-19 00:00:00+00:00,313330496.75
2013-11-20 00:00:00+00:00,312274778.75
2013-11-21 00:00:00+00:00,316761580.25
2013-11-22 00:00:00+00:00,316497650.75
2013-11-25 00:00:00+00:00,318609086.75
2013-11-26 00:00:00+00:00,311746919.75
2013-11-27 00:00:00+00:00,313594426.25
2013-11-29 00:00:00+00:00,311482990.25
2013-12-02 00:00:00+00:00,311482990.25
2013-12-03 00:00:00+00:00,318609086.75
2013-12-04 00:00:00+00:00,324151606.25
2013-12-05 00:00:00+00:00,320984452.25
2013-12-06 00:00:00+00:00,321776240.75
2013-12-09 00:00:00+00:00,319185568.25
2013-12-10 00:00:00+00:00,320567260.25
2013-12-11 00:00:00+00:00,318322010.75
2013-12-12 00:00:00+00:00,321776240.75
2013-12-13 00:00:00+00:00,327821143.25
2013-12-16 00:00:00+00:00,323503355.75
2013-12-17 00:00:00+00:00,321085394.75
2013-12-18 00:00:00+00:00,322294375.25
2013-12-19 00:00:00+00:00,318840145.25
2013-12-20 00:00:00+00:00,316767607.25
2013-12-23 00:00:00+00:00,316076761.25
2013-12-24 00:00:00+00:00,315904049.75
2013-12-26 00:00:00+00:00,321603529.25
2013-12-27 00:00:00+00:00,320739971.75
2013-12-30 00:00:00+00:00,323503355.75
2013-12-31 00:00:00+00:00,324539624.75
2014-01-01 00:00:00+00:00,330667428.77
2014-01-02 00:00:00+00:00,325403182.25
2014-01-03 00:00:00+00:00,323503355.75
2014-01-06 00:00:00+00:00,320739971.75
2014-01-07 00:00:00+00:00,322121663.75
2014-01-08 00:00:00+00:00,327993854.75
2014-01-09 00:00:00+00:00,331448084.75
2014-01-10 00:00:00+00:00,353399300.25
2014-01-13 00:00:00+00:00,355273184.5
2014-01-14 00:00:00+00:00,352060811.5
2014-01-15 00:00:00+00:00,345636065.5
2014-01-16 00:00:00+00:00,347777647.5
2014-01-17 00:00:00+00:00,343762181.25
2014-01-21 00:00:00+00:00,344297576.75
2014-01-22 00:00:00+00:00,345100670.0
2014-01-23 00:00:00+00:00,347509949.75
2014-01-24 00:00:00+00:00,348313043.0
2014-01-27 00:00:00+00:00,350454625.0
2014-01-28 00:00:00+00:00,350454625.0
2014-01-29 00:00:00+00:00,346171461.0
2014-01-30 00:00:00+00:00,342369619.0
2014-01-31 00:00:00+00:00,342369619.0
2014-02-03 00:00:00+00:00,340814320.0
2014-02-04 00:00:00+00:00,336666856.0
2014-02-05 00:00:00+00:00,336839667.0
2014-02-06 00:00:00+00:00,336148423.0
2014-02-07 00:00:00+00:00,335111557.0
2014-02-10 00:00:00+00:00,335975612.0
2014-02-11 00:00:00+00:00,337012478.0
2014-02-12 00:00:00+00:00,336174021.75
2014-02-13 00:00:00+00:00,336509404.25
2014-02-14 00:00:00+00:00,339360155.5
2014-02-18 00:00:00+00:00,342546289.25
2014-02-19 00:00:00+00:00,345732423.0
2014-02-20 00:00:00+00:00,347073953.0
2014-02-21 00:00:00+00:00,344893966.75
2014-02-24 00:00:00+00:00,344055510.5
2014-02-25 00:00:00+00:00,340614769.0
2014-02-26 00:00:00+00:00,340860536.25
2014-02-27 00:00:00+00:00,347250484.75
2014-02-28 00:00:00+00:00,338402863.75
2014-03-03 00:00:00+00:00,331521380.75
2014-03-04 00:00:00+00:00,318004182.0
2014-03-05 00:00:00+00:00,316610275.5
2014-03-06 00:00:00+00:00,322185901.5
2014-03-07 00:00:00+00:00,323407895.5
2014-03-10 00:00:00+00:00,329976113.25
2014-03-11 00:00:00+00:00,326921128.25
2014-03-12 00:00:00+00:00,330180307.25
2014-03-13 00:00:00+00:00,328007521.25
2014-03-14 00:00:00+00:00,328628317.25
2014-03-17 00:00:00+00:00,330480167.25
2014-03-18 00:00:00+00:00,323998692.25
2014-03-19 00:00:00+00:00,322378323.5
2014-03-20 00:00:00+00:00,330943129.75
2014-03-21 00:00:00+00:00,330711648.5
2014-03-24 00:00:00+00:00,337378314.75
2014-03-25 00:00:00+00:00,335362811.0
2014-03-26 00:00:00+00:00,334122501.0
2014-03-27 00:00:00+00:00,338463586.0
2014-03-28 00:00:00+00:00,338463586.0
2014-03-31 00:00:00+00:00,344975213.5
2014-04-01 00:00:00+00:00,348541104.75
2014-04-02 00:00:00+00:00,341409322.25
2014-04-03 00:00:00+00:00,344044981.0
2014-04-04 00:00:00+00:00,345440329.75
2014-04-07 00:00:00+00:00,344044981.0
2014-04-08 00:00:00+00:00,348851182.25
2014-04-09 00:00:00+00:00,345750407.25
2014-04-10 00:00:00+00:00,345285291.0
2014-04-11 00:00:00+00:00,343579864.75
2014-04-14 00:00:00+00:00,346525601.0
2014-04-15 00:00:00+00:00,346835678.5
2014-04-16 00:00:00+00:00,342959709.75
2014-04-17 00:00:00+00:00,341099244.75
2014-04-21 00:00:00+00:00,336913198.5
2014-04-22 00:00:00+00:00,342029477.25
2014-04-23 00:00:00+00:00,346680639.75
2014-04-24 00:00:00+00:00,345285291.0
2014-04-25 00:00:00+00:00,348696143.5
2014-04-28 00:00:00+00:00,349316298.5
2014-04-29 00:00:00+00:00,354122499.75
2014-04-30 00:00:00+00:00,352572112.25
2014-05-01 00:00:00+00:00,345130252.25
2014-05-02 00:00:00+00:00,340479089.75
2014-05-05 00:00:00+00:00,345750407.25
2014-05-06 00:00:00+00:00,351641879.75
2014-05-07 00:00:00+00:00,349471337.25
2014-05-08 00:00:00+00:00,351021724.75
2014-05-09 00:00:00+00:00,345440329.75
2014-05-12 00:00:00+00:00,350169393.75
2014-05-13 00:00:00+00:00,348248211.5
2014-05-14 00:00:00+00:00,352533925.75
2014-05-15 00:00:00+00:00,361105354.25
2014-05-16 00:00:00+00:00,360957571.0
2014-05-19 00:00:00+00:00,364356585.75
2014-05-20 00:00:00+00:00,366277768.0
2014-05-21 00:00:00+00:00,366129984.75
2014-05-22 00:00:00+00:00,365243285.25
2014-05-23 00:00:00+00:00,364356585.75
2014-05-27 00:00:00+00:00,369824566.0
2014-05-28 00:00:00+00:00,368051167.0
2014-05-29 00:00:00+00:00,371597965.0
2014-05-30 00:00:00+00:00,374701413.25
2014-06-02 00:00:00+00:00,373962497.0
2014-06-03 00:00:00+00:00,377065945.25
2014-06-04 00:00:00+00:00,378100428.0
2014-06-05 00:00:00+00:00,382829492.0
2014-06-06 00:00:00+00:00,375735896.0
2014-06-09 00:00:00+00:00,380908309.75
2014-06-10 00:00:00+00:00,384602891.0
2014-06-11 00:00:00+00:00,382053318.5
2014-06-12 00:00:00+00:00,383753033.5
2014-06-13 00:00:00+00:00,385792691.5
2014-06-16 00:00:00+00:00,381543404.0
2014-06-17 00:00:00+00:00,384376830.75
2014-06-18 00:00:00+00:00,382831325.25
2014-06-19 00:00:00+00:00,373815876.5
2014-06-20 00:00:00+00:00,369694528.5
2014-06-23 00:00:00+00:00,379225145.75
2014-06-24 00:00:00+00:00,381543404.0
2014-06-25 00:00:00+00:00,382573741.0
2014-06-26 00:00:00+00:00,379225145.75
2014-06-27 00:00:00+00:00,375876550.5
2014-06-30 00:00:00+00:00,400089470.0
2014-07-01 00:00:00+00:00,402922896.75
2014-07-02 00:00:00+00:00,406786660.5
2014-07-03 00:00:00+00:00,409620087.25
2014-07-07 00:00:00+00:00,418893120.25
2014-07-08 00:00:00+00:00,421211378.5
2014-07-09 00:00:00+00:00,428423737.5
2014-07-10 00:00:00+00:00,433575422.5
2014-07-11 00:00:00+00:00,441818118.5
2014-07-14 00:00:00+00:00,444395778.0
2014-07-15 00:00:00+00:00,444594059.5
2014-07-16 00:00:00+00:00,448559689.5
2014-07-17 00:00:00+00:00,448956252.5
2014-07-18 00:00:00+00:00,442016400.0
2014-07-21 00:00:00+00:00,436861081.0
2014-07-22 00:00:00+00:00,433886858.5
2014-07-23 00:00:00+00:00,435869673.5
2014-07-24 00:00:00+00:00,436881136.0
2014-07-25 00:00:00+00:00,435060503.5
2014-07-28 00:00:00+00:00,431014653.5
2014-07-29 00:00:00+00:00,435667381.0
2014-07-30 00:00:00+00:00,435262796.0
2014-07-31 00:00:00+00:00,438904061.0
2014-08-01 00:00:00+00:00,442747618.5
2014-08-04 00:00:00+00:00,437083428.5
2014-08-05 00:00:00+00:00,438701768.5
2014-08-06 00:00:00+00:00,433037578.5
2014-08-07 00:00:00+00:00,435465088.5
2014-08-08 00:00:00+00:00,441736156.0
2014-08-11 00:00:00+00:00,437892598.5
2014-08-12 00:00:00+00:00,437285721.0
2014-08-13 00:00:00+00:00,436678843.5
2014-08-14 00:00:00+00:00,433644456.0
2014-08-15 00:00:00+00:00,430812361.0
2014-08-18 00:00:00+00:00,435262796.0
2014-08-19 00:00:00+00:00,436171274.75
2014-08-20 00:00:00+00:00,430417576.0
2014-08-21 00:00:00+00:00,432234533.5
2014-08-22 00:00:00+00:00,435262796.0
2014-08-25 00:00:00+00:00,430417576.0
2014-08-26 00:00:00+00:00,427389313.5
2014-08-27 00:00:00+00:00,427389313.5
2014-08-28 00:00:00+00:00,432537359.75
2014-08-29 00:00:00+00:00,427086487.25
2014-09-02 00:00:00+00:00,425875182.25
2014-09-03 00:00:00+00:00,411642348.5
2014-09-04 00:00:00+00:00,404980171.0
2014-09-05 00:00:00+00:00,416487568.5
2014-09-08 00:00:00+00:00,407099954.75
2014-09-09 00:00:00+00:00,402254734.75
2014-09-10 00:00:00+00:00,404071692.25
2014-09-11 00:00:00+00:00,398317993.5
2014-09-12 00:00:00+00:00,395289731.0
2014-09-15 00:00:00+00:00,415276263.5
2014-09-16 00:00:00+00:00,415881916.0
2014-09-17 00:00:00+00:00,414064958.5
2014-09-18 00:00:00+00:00,410128217.25
2014-09-19 00:00:00+00:00,402254734.75
2014-09-22 00:00:00+00:00,400437777.25
2014-09-23 00:00:00+00:00,394986904.75
2014-09-24 00:00:00+00:00,399832124.75
2014-09-25 00:00:00+00:00,395895383.5
2014-09-26 00:00:00+00:00,391958642.25
2014-09-29 00:00:00+00:00,395289731.0
2014-09-30 00:00:00+00:00,389233206.0
2014-10-01 00:00:00+00:00,389838858.5
2014-10-02 00:00:00+00:00,391958642.25
2014-10-03 00:00:00+00:00,392564294.75
2014-10-06 00:00:00+00:00,403466039.75
2014-10-07 00:00:00+00:00,413459306.0
2014-10-08 00:00:00+00:00,417093221.0
2014-10-09 00:00:00+00:00,416041328.5
2014-10-10 00:00:00+00:00,425297982.5
2014-10-13 00:00:00+00:00,415410193.0
2014-10-14 00:00:00+00:00,405732782.0
2014-10-15 00:00:00+00:00,413727165.0
2014-10-16 00:00:00+00:00,409729973.5
2014-10-17 00:00:00+00:00,413096029.5
2014-10-20 00:00:00+00:00,412675272.5
2014-10-21 00:00:00+00:00,406153539.0
2014-10-22 00:00:00+00:00,408257324.0
2014-10-23 00:00:00+00:00,402787483.0
2014-10-24 00:00:00+00:00,408467702.5
2014-10-27 00:00:00+00:00,400052562.5
2014-10-28 00:00:00+00:00,399000670.0
2014-10-29 00:00:00+00:00,390164773.0
2014-10-30 00:00:00+00:00,391427044.0
2014-10-31 00:00:00+00:00,389533637.5
2014-11-03 00:00:00+00:00,392268558.0
2014-11-04 00:00:00+00:00,399631805.5
2014-11-05 00:00:00+00:00,394793100.0
2014-11-06 00:00:00+00:00,393951586.0
2014-11-07 00:00:00+00:00,396896885.0
2014-11-10 00:00:00+00:00,395634614.0
2014-11-11 00:00:00+00:00,391847801.0
2014-11-12 00:00:00+00:00,388481745.0
2014-11-13 00:00:00+00:00,381539254.5
2014-11-14 00:00:00+00:00,385326067.5
2014-11-17 00:00:00+00:00,388481745.0
2014-11-18 00:00:00+00:00,393110072.0
2014-11-19 00:00:00+00:00,400683698.0
2014-11-20 00:00:00+00:00,412950980.0
2014-11-21 00:00:00+00:00,411754172.0
2014-11-24 00:00:00+00:00,405770132.0
2014-11-25 00:00:00+00:00,414147788.0
2014-11-26 00:00:00+00:00,419234222.0
2014-11-27 00:00:00+00:00,419389807.04
2014-11-28 00:00:00+00:00,415943000.0
2014-12-01 00:00:00+00:00,417139808.0
2014-12-02 00:00:00+00:00,426953789.0
2014-12-03 00:00:00+00:00,426087849.5
2014-12-04 00:00:00+00:00,435217427.0
2014-12-05 00:00:00+00:00,441401979.5
2014-12-08 00:00:00+00:00,435806432.0
2014-12-09 00:00:00+00:00,441696482.0
2014-12-10 00:00:00+00:00,439929467.0
2014-12-11 00:00:00+00:00,445525014.5
2014-12-12 00:00:00+00:00,456127104.5
2014-12-15 00:00:00+00:00,466729194.5
2014-12-16 00:00:00+00:00,464373174.5
2014-12-17 00:00:00+00:00,466729194.5
2014-12-18 00:00:00+00:00,470263224.5
2014-12-19 00:00:00+00:00,469674219.5
2014-12-22 00:00:00+00:00,471146732.0
2014-12-23 00:00:00+00:00,473797254.5
2014-12-24 00:00:00+00:00,466434692.0
2014-12-26 00:00:00+00:00,474386259.5
2014-12-29 00:00:00+00:00,472324742.0
2014-12-30 00:00:00+00:00,464962179.5
2014-12-31 00:00:00+00:00,454065587.0
2015-01-02 00:00:00+00:00,452593074.5
2015-01-05 00:00:00+00:00,464667677.0
2015-01-06 00:00:00+00:00,463195164.5
2015-01-07 00:00:00+00:00,452887577.0
2015-01-08 00:00:00+00:00,450531557.0
2015-01-09 00:00:00+00:00,457010612.0
2015-01-12 00:00:00+00:00,459072129.5
2015-01-13 00:00:00+00:00,439634964.5
2015-01-14 00:00:00+00:00,433744914.5
2015-01-15 00:00:00+00:00,432272402.0
2015-01-16 00:00:00+00:00,424138122.0
2015-01-20 00:00:00+00:00,420070982.0
2015-01-21 00:00:00+00:00,418562498.0
2015-01-22 00:00:00+00:00,415734090.5
2015-01-23 00:00:00+00:00,418185377.0
2015-01-26 00:00:00+00:00,416111211.5
2015-01-27 00:00:00+00:00,414037046.0
2015-01-28 00:00:00+00:00,407814549.5
2015-01-29 00:00:00+00:00,406683186.5
2015-01-30 00:00:00+00:00,405551823.5
2015-02-02 00:00:00+00:00,404986142.0
2015-02-03 00:00:00+00:00,417054014.0
2015-02-04 00:00:00+00:00,415356969.5
2015-02-05 00:00:00+00:00,416676893.0
2015-02-06 00:00:00+00:00,417242574.5
2015-02-09 00:00:00+00:00,421390905.5
2015-02-10 00:00:00+00:00,418939619.0
2015-02-11 00:00:00+00:00,417054014.0
2015-02-12 00:00:00+00:00,414979848.5
2015-02-13 00:00:00+00:00,418185377.0
2015-02-17 00:00:00+00:00,420070982.0
2015-02-18 00:00:00+00:00,415734090.5
2015-02-19 00:00:00+00:00,420070982.0
2015-02-20 00:00:00+00:00,423653631.5
2015-02-23 00:00:00+00:00,428367644.0
2015-02-24 00:00:00+00:00,429310446.5
2015-02-25 00:00:00+00:00,430630370.0
2015-02-26 00:00:00+00:00,427047720.5
2015-02-27 00:00:00+00:00,423465071.0
2015-03-02 00:00:00+00:00,427424841.5
2015-03-03 00:00:00+00:00,425162115.5
2015-03-04 00:00:00+00:00,426293478.5
2015-03-05 00:00:00+00:00,425539236.5
2015-03-06 00:00:00+00:00,428933325.5
2015-03-09 00:00:00+00:00,426859160.0
2015-03-10 00:00:00+00:00,427424841.5
2015-03-11 00:00:00+00:00,425162115.5
2015-03-12 00:00:00+00:00,427047720.5
2015-03-13 00:00:00+00:00,433081656.5
2015-03-16 00:00:00+00:00,428179083.5
2015-03-17 00:00:00+00:00,418876763.5
2015-03-18 00:00:00+00:00,423237226.0
2015-03-19 00:00:00+00:00,421783738.5
2015-03-20 00:00:00+00:00,434865126.0
2015-03-23 00:00:00+00:00,440969773.5
2015-03-24 00:00:00+00:00,437295151.25
2015-03-25 00:00:00+00:00,435316508.5
2015-03-26 00:00:00+00:00,431129164.75
2015-03-27 00:00:00+00:00,430850008.5
2015-03-30 00:00:00+00:00,434758196.0
2015-03-31 00:00:00+00:00,414379789.75
2015-04-01 00:00:00+00:00,411588227.25
2015-04-02 00:00:00+00:00,416892196.0
2015-04-03 00:00:00+00:00,416892196.0
2015-04-06 00:00:00+00:00,418638637.0
2015-04-07 00:00:00+00:00,420967225.0
2015-04-08 00:00:00+00:00,425333327.5
2015-04-09 00:00:00+00:00,426788695.0
2015-04-10 00:00:00+00:00,427952989.0
2015-04-13 00:00:00+00:00,435520900.0
2015-04-14 00:00:00+00:00,432028018.0
2015-04-15 00:00:00+00:00,429117283.0
2015-04-16 00:00:00+00:00,428826209.5
2015-04-17 00:00:00+00:00,433012255.0
2015-04-20 00:00:00+00:00,430919232.25
2015-04-21 00:00:00+00:00,424939167.25
2015-04-22 00:00:00+00:00,424341160.75
2015-04-23 00:00:00+00:00,422248138.0
2015-04-24 00:00:00+00:00,414773056.75
2015-04-27 00:00:00+00:00,410288008.0
2015-04-28 00:00:00+00:00,410587011.25
2015-04-29 00:00:00+00:00,413876047.0
2015-04-30 00:00:00+00:00,412381030.75
2015-05-01 00:00:00+00:00,409091995.0
2015-05-04 00:00:00+00:00,407895982.0
2015-05-05 00:00:00+00:00,410886014.5
2015-05-06 00:00:00+00:00,417165082.75
2015-05-07 00:00:00+00:00,406699969.0
2015-05-08 00:00:00+00:00,407596978.75
2015-05-11 00:00:00+00:00,407297975.5
2015-05-12 00:00:00+00:00,405802959.25
2015-05-13 00:00:00+00:00,404606946.25
2015-05-14 00:00:00+00:00,410587011.25
2015-05-15 00:00:00+00:00,415969069.75
2015-05-18 00:00:00+00:00,418959102.25
2015-05-19 00:00:00+00:00,411783024.25
2015-05-20 00:00:00+00:00,413440482.25
2015-05-21 00:00:00+00:00,409296837.25
2015-05-22 00:00:00+00:00,413440482.25
2015-05-26 00:00:00+00:00,417584127.25
2015-05-27 00:00:00+00:00,422142136.75
2015-05-28 00:00:00+00:00,418827220.75
2015-05-29 00:00:00+00:00,420484678.75
2015-06-01 00:00:00+00:00,419863132.0
2015-06-02 00:00:00+00:00,414269211.25
2015-06-03 00:00:00+00:00,414269211.25
2015-06-04 00:00:00+00:00,410539930.75
2015-06-05 00:00:00+00:00,413026117.75
2015-06-08 00:00:00+00:00,409089655.0
2015-06-09 00:00:00+00:00,409296837.25
2015-06-10 00:00:00+00:00,415719487.0
2015-06-11 00:00:00+00:00,416341033.75
2015-06-12 00:00:00+00:00,419241585.25
2015-06-15 00:00:00+00:00,423178048.0
2015-06-16 00:00:00+00:00,428131385.5
2015-06-17 00:00:00+00:00,432653998.0
2015-06-18 00:00:00+00:00,431577185.5
2015-06-19 00:00:00+00:00,427485298.0
2015-06-22 00:00:00+00:00,433300085.5
2015-06-23 00:00:00+00:00,439760960.5
2015-06-24 00:00:00+00:00,438899510.5
2015-06-25 00:00:00+00:00,430713980.5
2015-06-26 00:00:00+00:00,423756280.0
2015-06-29 00:00:00+00:00,425188747.75
2015-06-30 00:00:00+00:00,400018243.0
2015-07-01 00:00:00+00:00,400222881.25
2015-07-02 00:00:00+00:00,395311563.25
2015-07-03 00:00:00+00:00,388149224.5
2015-07-06 00:00:00+00:00,396334754.5
2015-07-07 00:00:00+00:00,398585775.25
2015-07-08 00:00:00+00:00,398176498.75
2015-07-09 00:00:00+00:00,394083733.75
2015-07-10 00:00:00+00:00,389172415.75
2015-07-13 00:00:00+00:00,384056459.5
2015-07-14 00:00:00+00:00,391832713.0
2015-07-15 00:00:00+00:00,387330671.5
2015-07-16 00:00:00+00:00,386921395.0
2015-07-17 00:00:00+00:00,394902286.75
2015-07-20 00:00:00+00:00,407385220.0
2015-07-21 00:00:00+00:00,406157390.5
2015-07-22 00:00:00+00:00,409226964.25
2015-07-23 00:00:00+00:00,408817687.75
2015-07-24 00:00:00+00:00,417617132.5
2015-07-27 00:00:00+00:00,433578916.0
2015-07-28 00:00:00+00:00,431941810.0
2015-07-29 00:00:00+00:00,426141810.0
2015-07-30 00:00:00+00:00,430541810.0
2015-07-31 00:00:00+00:00,428741810.0
2015-08-03 00:00:00+00:00,434200031.0
2015-08-04 00:00:00+00:00,431470920.5
2015-08-05 00:00:00+00:00,426619168.5
2015-08-06 00:00:00+00:00,430257982.5
2015-08-07 00:00:00+00:00,432692059.5
2015-08-10 00:00:00+00:00,446890842.0
2015-08-11 00:00:00+00:00,435734655.75
2015-08-12 00:00:00+00:00,420115995.0
2015-08-13 00:00:00+00:00,425389828.5
2015-08-14 00:00:00+00:00,425183643.0
2015-08-17 00:00:00+00:00,425802199.5
2015-08-18 00:00:00+00:00,428279830.5
2015-08-19 00:00:00+00:00,429105707.5
2015-08-20 00:00:00+00:00,432202746.25
2015-08-21 00:00:00+00:00,439177139.75
2015-08-24 00:00:00+00:00,434931856.75
2015-08-25 00:00:00+00:00,438873905.25
2015-08-26 00:00:00+00:00,443422422.75
2015-08-27 00:00:00+00:00,440996546.75
2015-08-28 00:00:00+00:00,441603015.75
2015-08-31 00:00:00+00:00,440996546.75
2015-09-01 00:00:00+00:00,450396816.25
2015-09-02 00:00:00+00:00,452822692.25
2015-09-03 00:00:00+00:00,460403554.75
2015-09-04 00:00:00+00:00,458280913.25
2015-09-08 00:00:00+00:00,451609754.25
2015-09-09 00:00:00+00:00,449790347.25
2015-09-10 00:00:00+00:00,443422422.75
2015-09-11 00:00:00+00:00,427957463.25
2015-09-14 00:00:00+00:00,422499242.25
2015-09-15 00:00:00+00:00,408550455.25
2015-09-16 00:00:00+00:00,414008676.25
2015-09-17 00:00:00+00:00,421589538.75
2015-09-18 00:00:00+00:00,424621883.75
2015-09-21 00:00:00+00:00,415828083.25
2015-09-22 00:00:00+00:00,420679835.25
2015-09-23 00:00:00+00:00,417344255.75
2015-09-24 00:00:00+00:00,419466897.25
2015-09-25 00:00:00+00:00,410369862.25
2015-09-28 00:00:00+00:00,413098972.75
2015-09-29 00:00:00+00:00,410369862.25
2015-09-30 00:00:00+00:00,411886034.75
2015-10-01 00:00:00+00:00,410673096.75
2015-10-02 00:00:00+00:00,410066627.75
2015-10-05 00:00:00+00:00,404911641.25
2015-10-06 00:00:00+00:00,399150185.75
2015-10-07 00:00:00+00:00,402182530.75
2015-10-08 00:00:00+00:00,407640751.75
2015-10-09 00:00:00+00:00,417950724.75
2015-10-12 00:00:00+00:00,420376600.75
2015-10-13 00:00:00+00:00,415828083.25
2015-10-14 00:00:00+00:00,411536796.25
2015-10-15 00:00:00+00:00,408805977.25
2015-10-16 00:00:00+00:00,409781269.75
2015-10-19 00:00:00+00:00,406855392.25
2015-10-20 00:00:00+00:00,409781269.75
2015-10-21 00:00:00+00:00,412902205.75
2015-10-22 00:00:00+00:00,410951620.75
2015-10-23 00:00:00+00:00,412121971.75
2015-10-26 00:00:00+00:00,415828083.25
2015-10-27 00:00:00+00:00,412317030.25
2015-10-28 00:00:00+00:00,417053870.25
2015-10-29 00:00:00+00:00,412317030.25
2015-10-30 00:00:00+00:00,409652557.75
2015-11-02 00:00:00+00:00,416461765.25
2015-11-03 00:00:00+00:00,411724925.25
2015-11-04 00:00:00+00:00,411724925.25
2015-11-05 00:00:00+00:00,418830185.25
2015-11-06 00:00:00+00:00,420606500.25
2015-11-09 00:00:00+00:00,428007812.75
2015-11-10 00:00:00+00:00,437185440.25
2015-11-11 00:00:00+00:00,433336757.75
2015-11-12 00:00:00+00:00,433632810.25
2015-11-13 00:00:00+00:00,438073597.75
2015-11-16 00:00:00+00:00,436001230.25
2015-11-17 00:00:00+00:00,433632810.25
2015-11-18 00:00:00+00:00,433928862.75
2015-11-19 00:00:00+00:00,430968337.75
2015-11-20 00:00:00+00:00,432152547.75
2015-11-23 00:00:00+00:00,427415707.75
2015-11-24 00:00:00+00:00,430968337.75
2015-11-25 00:00:00+00:00,428895970.25
2015-11-27 00:00:00+00:00,436889387.75
2015-11-30 00:00:00+00:00,430080180.25
2015-12-01 00:00:00+00:00,427711760.25
2015-12-02 00:00:00+00:00,431264390.25
2015-12-03 00:00:00+00:00,423863077.75
2015-12-04 00:00:00+00:00,416757817.75
2015-12-07 00:00:00+00:00,425935445.25
2015-12-08 00:00:00+00:00,424159130.25
2015-12-09 00:00:00+00:00,422086762.75
2015-12-10 00:00:00+00:00,415573607.75
2015-12-11 00:00:00+00:00,420606500.25
2015-12-14 00:00:00+00:00,410244662.75
2015-12-15 00:00:00+00:00,415573607.75
2015-12-16 00:00:00+00:00,424455182.75
2015-12-17 00:00:00+00:00,419126237.75
2015-12-18 00:00:00+00:00,418830185.25
2015-12-21 00:00:00+00:00,421790710.25
2015-12-22 00:00:00+00:00,428599917.75
2015-12-23 00:00:00+00:00,429488075.25
2015-12-24 00:00:00+00:00,430672285.25
2015-12-28 00:00:00+00:00,434817020.25
2015-12-29 00:00:00+00:00,433040705.25
2015-12-30 00:00:00+00:00,437185440.25
2015-12-31 00:00:00+00:00,437481492.75
2016-01-04 00:00:00+00:00,446067015.25
2016-01-05 00:00:00+00:00,447987355.75
2016-01-06 00:00:00+00:00,448307412.5
2016-01-07 00:00:00+00:00,447987355.75
2016-01-08 00:00:00+00:00,453108263.75
2016-01-11 00:00:00+00:00,446387072.0
2016-01-12 00:00:00+00:00,452788207.0
2016-01-13 00:00:00+00:00,454388490.75
2016-01-14 00:00:00+00:00,454388490.75
2016-01-15 00:00:00+00:00,461109682.5
2016-01-17 00:00:00+00:00,460956055.26
2016-01-18 00:00:00+00:00,461109682.5
2016-01-19 00:00:00+00:00,457393236.0
2016-01-20 00:00:00+00:00,456567359.0
2016-01-21 00:00:00+00:00,458012643.75
2016-01-22 00:00:00+00:00,455328543.5
2016-01-25 00:00:00+00:00,455741482.0
2016-01-26 00:00:00+00:00,456154420.5
2016-01-27 00:00:00+00:00,456154420.5
2016-01-28 00:00:00+00:00,459251459.25
2016-01-29 00:00:00+00:00,453883258.75
2016-02-01 00:00:00+00:00,454502666.5
2016-02-02 00:00:00+00:00,453470320.25
2016-02-03 00:00:00+00:00,454709135.75
2016-02-04 00:00:00+00:00,456773828.25
2016-02-05 00:00:00+00:00,459044990.0
2016-02-08 00:00:00+00:00,461935559.5
2016-02-09 00:00:00+00:00,462967905.75
2016-02-10 00:00:00+00:00,463587313.5
2016-02-11 00:00:00+00:00,463587313.5
2016-02-12 00:00:00+00:00,464826129.0
2016-02-16 00:00:00+00:00,461316151.75
2016-02-17 00:00:00+00:00,457806174.5
2016-02-18 00:00:00+00:00,459251459.25
2016-02-19 00:00:00+00:00,459251459.25
2016-02-22 00:00:00+00:00,457599705.25
2016-02-23 00:00:00+00:00,462142028.75
2016-02-24 00:00:00+00:00,464000252.0
2016-02-25 00:00:00+00:00,467510229.25
2016-02-26 00:00:00+00:00,468336106.25
2016-02-29 00:00:00+00:00,469161983.25
2016-03-01 00:00:00+00:00,468955514.0
2016-03-02 00:00:00+00:00,468336106.25
2016-03-03 00:00:00+00:00,468955514.0
2016-03-04 00:00:00+00:00,468336106.25
2016-03-07 00:00:00+00:00,467923167.75
2016-03-08 00:00:00+00:00,464826129.0
2016-03-09 00:00:00+00:00,464619659.75
2016-03-10 00:00:00+00:00,461729090.25
2016-03-11 00:00:00+00:00,458838520.75
2016-03-14 00:00:00+00:00,458219113.0
2016-03-15 00:00:00+00:00,456773828.25
2016-03-16 00:00:00+00:00,456570300.5
2016-03-17 00:00:00+00:00,456773828.25
2016-03-18 00:00:00+00:00,455552661.75
2016-03-21 00:00:00+00:00,457587939.25
2016-03-22 00:00:00+00:00,457994994.75
2016-03-23 00:00:00+00:00,456773828.25
2016-03-24 00:00:00+00:00,457994994.75
2016-03-28 00:00:00+00:00,458402050.25
2016-03-29 00:00:00+00:00,460437327.75
2016-03-30 00:00:00+00:00,455552661.75
2016-03-31 00:00:00+00:00,442933941.25
2016-04-01 00:00:00+00:00,444969218.75
2016-04-04 00:00:00+00:00,445376274.25
2016-04-05 00:00:00+00:00,447208024.0
2016-04-06 00:00:00+00:00,448225662.75
2016-04-07 00:00:00+00:00,451075051.25
2016-04-08 00:00:00+00:00,451685634.5
2016-04-11 00:00:00+00:00,447208024.0
2016-04-12 00:00:00+00:00,452092690.0
2016-04-13 00:00:00+00:00,460844383.25
2016-04-14 00:00:00+00:00,461251438.75
2016-04-15 00:00:00+00:00,464914938.25
2016-04-18 00:00:00+00:00,466950215.75
2016-04-19 00:00:00+00:00,469799604.25
2016-04-20 00:00:00+00:00,478144242.0
2016-04-21 00:00:00+00:00,469799604.25
2016-04-22 00:00:00+00:00,459419689.0
2016-04-25 00:00:00+00:00,463693771.75
2016-04-26 00:00:00+00:00,467967854.5
2016-04-27 00:00:00+00:00,469145093.5
2016-04-28 00:00:00+00:00,464239931.0
2016-04-29 00:00:00+00:00,461689246.5
2016-05-02 00:00:00+00:00,461689246.5
2016-05-03 00:00:00+00:00,471107158.5
2016-05-04 00:00:00+00:00,475031288.5
2016-05-05 00:00:00+00:00,476208527.5
2016-05-06 00:00:00+00:00,472873017.0
2016-05-09 00:00:00+00:00,479347831.5
2016-05-10 00:00:00+00:00,470910952.0
2016-05-11 00:00:00+00:00,474442669.0
2016-05-12 00:00:00+00:00,465613376.5
2016-05-13 00:00:00+00:00,468164061.0
2016-05-16 00:00:00+00:00,458746149.0
2016-05-17 00:00:00+00:00,456391671.0
2016-05-18 00:00:00+00:00,454429606.0
2016-05-19 00:00:00+00:00,461885453.0
2016-05-20 00:00:00+00:00,458353736.0
2016-05-23 00:00:00+00:00,455803051.5
2016-05-24 00:00:00+00:00,455999258.0
2016-05-25 00:00:00+00:00,450309269.5
2016-05-26 00:00:00+00:00,447562378.5
2016-05-27 00:00:00+00:00,444030661.5
2016-05-31 00:00:00+00:00,450309269.5
2016-06-01 00:00:00+00:00,443245835.5
2016-06-02 00:00:00+00:00,442068596.5
2016-06-03 00:00:00+00:00,439714118.5
2016-06-06 00:00:00+00:00,432650684.5
2016-06-07 00:00:00+00:00,432258271.5
2016-06-08 00:00:00+00:00,429511380.5
2016-06-09 00:00:00+00:00,433239304.0
2016-06-10 00:00:00+00:00,435986195.0
2016-06-13 00:00:00+00:00,430492413.0
2016-06-14 00:00:00+00:00,425391044.0
2016-06-15 00:00:00+00:00,431277239.0
2016-06-16 00:00:00+00:00,434220336.5
2016-06-17 00:00:00+00:00,424410011.5
2016-06-20 00:00:00+00:00,437359640.5
2016-06-21 00:00:00+00:00,456980290.5
2016-06-22 00:00:00+00:00,459530975.0
2016-06-23 00:00:00+00:00,464043724.5
2016-06-24 00:00:00+00:00,466201996.0
2016-06-27 00:00:00+00:00,465613376.5
2016-06-28 00:00:00+00:00,465613376.5
2016-06-29 00:00:00+00:00,475423701.5
2016-06-30 00:00:00+00:00,486411265.5
2016-07-01 00:00:00+00:00,490924015.0
2016-07-05 00:00:00+00:00,497987449.0
2016-07-06 00:00:00+00:00,504462263.5
2016-07-07 00:00:00+00:00,504658470.0
2016-07-08 00:00:00+00:00,493474699.5
2016-07-11 00:00:00+00:00,498183655.5
2016-07-12 00:00:00+00:00,493474699.5
2016-07-13 00:00:00+00:00,480917483.5
2016-07-14 00:00:00+00:00,483664374.5
2016-07-15 00:00:00+00:00,491512634.5
2016-07-18 00:00:00+00:00,487784711.0
2016-07-19 00:00:00+00:00,499753307.5
2016-07-20 00:00:00+00:00,503088818.0
2016-07-21 00:00:00+00:00,505639502.5
2016-07-22 00:00:00+00:00,505050883.0
2016-07-25 00:00:00+00:00,505247089.5
2016-07-26 00:00:00+00:00,507012948.0
2016-07-27 00:00:00+00:00,504462263.5
2016-07-28 00:00:00+00:00,507993980.5
2016-07-29 00:00:00+00:00,505443296.0
2016-08-01 00:00:00+00:00,512310523.5
2016-08-02 00:00:00+00:00,513487762.5
2016-08-03 00:00:00+00:00,512899143.0
2016-08-04 00:00:00+00:00,516234653.5
2016-08-05 00:00:00+00:00,513487762.5
2016-08-08 00:00:00+00:00,512702936.5
2016-08-09 00:00:00+00:00,515057414.5
2016-08-10 00:00:00+00:00,515290153.0
2016-08-11 00:00:00+00:00,513893722.0
2016-08-12 00:00:00+00:00,515057414.5
2016-08-15 00:00:00+00:00,519013969.0
2016-08-16 00:00:00+00:00,518095133.0
2016-08-17 00:00:00+00:00,515568334.0
2016-08-18 00:00:00+00:00,513960371.0
2016-08-19 00:00:00+00:00,511892990.0
2016-08-22 00:00:00+00:00,512811826.0
2016-08-23 00:00:00+00:00,506397725.25
2016-08-24 00:00:00+00:00,505047388.25
2016-08-25 00:00:00+00:00,499646040.25
2016-08-26 00:00:00+00:00,489856097.0
2016-08-29 00:00:00+00:00,483779580.5
2016-08-30 00:00:00+00:00,473314468.75
2016-08-31 00:00:00+00:00,469938626.25
2016-09-01 00:00:00+00:00,482766827.75
2016-09-02 00:00:00+00:00,490193681.25
2016-09-06 00:00:00+00:00,490531265.5
2016-09-07 00:00:00+00:00,496270197.75
2016-09-08 00:00:00+00:00,504372219.75
2016-09-09 00:00:00+00:00,508423230.75
2016-09-12 00:00:00+00:00,507410478.0
2016-09-13 00:00:00+00:00,493907108.0
2016-09-14 00:00:00+00:00,497958119.0
2016-09-15 00:00:00+00:00,508423230.75
2016-09-16 00:00:00+00:00,517875589.75
2016-09-19 00:00:00+00:00,518213174.0
2016-09-20 00:00:00+00:00,522601769.25
2016-09-21 00:00:00+00:00,521926600.75
2016-09-22 00:00:00+00:00,517538005.5
2016-09-23 00:00:00+00:00,517200421.25
2016-09-26 00:00:00+00:00,507072893.75
2016-09-27 00:00:00+00:00,510786320.5
2016-09-28 00:00:00+00:00,507410478.0
2016-09-29 00:00:00+00:00,507410478.0
2016-09-30 00:00:00+00:00,517538005.5
2016-10-03 00:00:00+00:00,530028622.75
2016-10-04 00:00:00+00:00,533066881.0
2016-10-05 00:00:00+00:00,532391712.5
2016-10-06 00:00:00+00:00,522601769.25
2016-10-07 00:00:00+00:00,523592958.0
2016-10-10 00:00:00+00:00,518967410.5
2016-10-11 00:00:00+00:00,515993844.25
2016-10-12 00:00:00+00:00,527227316.75
2016-10-13 00:00:00+00:00,510707504.25
2016-10-14 00:00:00+00:00,514784757.0
2016-10-17 00:00:00+00:00,514570164.75
2016-10-18 00:00:00+00:00,514355572.5
2016-10-19 00:00:00+00:00,517574456.25
2016-10-20 00:00:00+00:00,511995057.75
2016-10-21 00:00:00+00:00,513282611.25
2016-10-24 00:00:00+00:00,509634543.0
2016-10-25 00:00:00+00:00,510492912.0
2016-10-26 00:00:00+00:00,514570164.75
2016-10-27 00:00:00+00:00,517574456.25
2016-10-28 00:00:00+00:00,515428533.75
2016-10-31 00:00:00+00:00,515213941.5
2016-11-01 00:00:00+00:00,510278319.75
2016-11-02 00:00:00+00:00,507917805.0
2016-11-03 00:00:00+00:00,509419950.75
2016-11-04 00:00:00+00:00,510063727.5
2016-11-07 00:00:00+00:00,507917805.0
2016-11-08 00:00:00+00:00,514784757.0
2016-11-09 00:00:00+00:00,503196775.5
2016-11-10 00:00:00+00:00,505557290.25
2016-11-11 00:00:00+00:00,502767591.0
2016-11-14 00:00:00+00:00,500192484.0
2016-11-15 00:00:00+00:00,503840552.25
2016-11-16 00:00:00+00:00,506475983.25
2016-11-17 00:00:00+00:00,503401313.75
2016-11-18 00:00:00+00:00,500326644.25
2016-11-21 00:00:00+00:00,496593117.0
2016-11-22 00:00:00+00:00,495495020.75
2016-11-23 00:00:00+00:00,495714640.0
2016-11-25 00:00:00+00:00,497032355.5
2016-11-28 00:00:00+00:00,497691213.25
2016-11-29 00:00:00+00:00,508013318.0
2016-11-30 00:00:00+00:00,508013318.0
2016-12-01 00:00:00+00:00,512405703.0
2016-12-02 00:00:00+00:00,507354460.25
2016-12-05 00:00:00+00:00,496812736.25
2016-12-06 00:00:00+00:00,495495020.75
2016-12-07 00:00:00+00:00,495934259.25
2016-12-08 00:00:00+00:00,499448167.25
2016-12-09 00:00:00+00:00,494177305.25
2016-12-12 00:00:00+00:00,492420351.25
2016-12-13 00:00:00+00:00,490883016.5
2016-12-14 00:00:00+00:00,494836163.0
2016-12-15 00:00:00+00:00,490663397.25
2016-12-16 00:00:00+00:00,490883016.5
2016-12-19 00:00:00+00:00,488356701.5
2016-12-20 00:00:00+00:00,485830386.5
2016-12-21 00:00:00+00:00,483304071.5
2016-12-22 00:00:00+00:00,483304071.5
2016-12-23 00:00:00+00:00,482040914.0
2016-12-27 00:00:00+00:00,489830385.25
2016-12-28 00:00:00+00:00,484146176.5
2016-12-29 00:00:00+00:00,485409334.0
2016-12-30 00:00:00+00:00,487304070.25
2017-01-03 00:00:00+00:00,490461964.0
2017-01-04 00:00:00+00:00,493830384.0
2017-01-05 00:00:00+00:00,495093541.5
2017-01-06 00:00:00+00:00,492356700.25
2017-01-09 00:00:00+00:00,494040910.25
2017-01-10 00:00:00+00:00,492567226.5
2017-01-11 00:00:00+00:00,491725121.5
2017-01-12 00:00:00+00:00,492567226.5
2017-01-13 00:00:00+00:00,492777752.75
2017-01-17 00:00:00+00:00,498672487.75
2017-01-18 00:00:00+00:00,498251435.25
2017-01-19 00:00:00+00:00,499304066.5
2017-01-20 00:00:00+00:00,502251434.0
2017-01-23 00:00:00+00:00,502040907.75
2017-01-24 00:00:00+00:00,496777751.5
2017-01-25 00:00:00+00:00,499304066.5
2017-01-26 00:00:00+00:00,497198804.0
2017-01-27 00:00:00+00:00,496146172.75
2017-01-30 00:00:00+00:00,492146174.0
2017-01-31 00:00:00+00:00,493830384.0
2017-02-01 00:00:00+00:00,500988276.5
2017-02-02 00:00:00+00:00,500356697.75
2017-02-03 00:00:00+00:00,498461961.5
2017-02-06 00:00:00+00:00,497198804.0
2017-02-07 00:00:00+00:00,501198802.75
2017-02-08 00:00:00+00:00,503093539.0
2017-02-09 00:00:00+00:00,502040907.75
2017-02-10 00:00:00+00:00,506251432.75
2017-02-13 00:00:00+00:00,507093537.75
2017-02-14 00:00:00+00:00,506040906.5
2017-02-15 00:00:00+00:00,509830379.0
2017-02-16 00:00:00+00:00,505409327.75
2017-02-17 00:00:00+00:00,500988276.5
2017-02-21 00:00:00+00:00,501830381.5
2017-02-22 00:00:00+00:00,503304065.25
2017-02-23 00:00:00+00:00,498672487.75
2017-02-24 00:00:00+00:00,497409330.25
2017-02-27 00:00:00+00:00,494251436.5
2017-02-28 00:00:00+00:00,499725119.0
2017-03-01 00:00:00+00:00,507304064.0
2017-03-02 00:00:00+00:00,504777749.0
2017-03-03 00:00:00+00:00,506461959.0
2017-03-06 00:00:00+00:00,504777749.0
2017-03-07 00:00:00+00:00,502040907.75
2017-03-08 00:00:00+00:00,498461961.5
2017-03-09 00:00:00+00:00,493830384.0
2017-03-10 00:00:00+00:00,492356700.25
2017-03-13 00:00:00+00:00,489409332.75
2017-03-14 00:00:00+00:00,488777754.0
2017-03-15 00:00:00+00:00,480509208.0
2017-03-16 00:00:00+00:00,478389068.0
2017-03-17 00:00:00+00:00,477116984.0
2017-03-20 00:00:00+00:00,480509208.0
2017-03-21 00:00:00+00:00,482417334.0
2017-03-22 00:00:00+00:00,484537474.0
2017-03-23 00:00:00+00:00,486233586.0
2017-03-24 00:00:00+00:00,486657614.0
2017-03-27 00:00:00+00:00,487081642.0
2017-03-28 00:00:00+00:00,485385530.0
2017-03-29 00:00:00+00:00,484749488.0
2017-03-30 00:00:00+00:00,483494258.0
2017-03-31 00:00:00+00:00,491967060.5
2017-04-03 00:00:00+00:00,496360365.5
2017-04-04 00:00:00+00:00,490398023.0
2017-04-05 00:00:00+00:00,492594675.5
2017-04-06 00:00:00+00:00,487573755.5
2017-04-07 00:00:00+00:00,486004718.0
2017-04-10 00:00:00+00:00,495418943.0
2017-04-11 00:00:00+00:00,494791328.0
2017-04-12 00:00:00+00:00,497929403.0
2017-04-13 00:00:00+00:00,495490379.0
2017-04-17 00:00:00+00:00,500978183.0
2017-04-18 00:00:00+00:00,506770865.0
2017-04-19 00:00:00+00:00,506770865.0
2017-04-20 00:00:00+00:00,511648913.0
2017-04-21 00:00:00+00:00,512563547.0
2017-04-24 00:00:00+00:00,509819645.0
2017-04-25 00:00:00+00:00,502807451.0
2017-04-26 00:00:00+00:00,510124523.0
2017-04-27 00:00:00+00:00,506465987.0
2017-04-28 00:00:00+00:00,511344035.0
2017-05-01 00:00:00+00:00,497624525.0
2017-05-02 00:00:00+00:00,504026963.0
2017-05-03 00:00:00+00:00,501283061.0
2017-05-04 00:00:00+00:00,511344035.0
2017-05-05 00:00:00+00:00,506770865.0
2017-05-08 00:00:00+00:00,512868425.0
2017-05-09 00:00:00+00:00,511039157.0
2017-05-10 00:00:00+00:00,502502573.0
2017-05-11 00:00:00+00:00,508295255.0
2017-05-12 00:00:00+00:00,506770865.0
2017-05-15 00:00:00+00:00,499453793.0
2017-05-16 00:00:00+00:00,499453793.0
2017-05-17 00:00:00+00:00,494880623.0
2017-05-18 00:00:00+00:00,501587939.0
2017-05-19 00:00:00+00:00,493661111.0
2017-05-22 00:00:00+00:00,490612331.0
2017-05-23 00:00:00+00:00,497319647.0
2017-05-24 00:00:00+00:00,495185501.0
2017-05-25 00:00:00+00:00,497624525.0
2017-05-26 00:00:00+00:00,491526965.0
2017-05-30 00:00:00+00:00,500368427.0
2017-05-31 00:00:00+00:00,494270867.0
2017-06-01 00:00:00+00:00,496100135.0
2017-06-02 00:00:00+00:00,493356233.0
2017-06-05 00:00:00+00:00,493051355.0
2017-06-06 00:00:00+00:00,487868429.0
2017-06-07 00:00:00+00:00,478722089.0
2017-06-08 00:00:00+00:00,477502577.0
2017-06-09 00:00:00+00:00,475063553.0
2017-06-12 00:00:00+00:00,487868429.0
2017-06-13 00:00:00+00:00,483295259.0
2017-06-14 00:00:00+00:00,488173307.0
2017-06-15 00:00:00+00:00,485124527.0
2017-06-16 00:00:00+00:00,479636723.0
2017-06-19 00:00:00+00:00,490307453.0
2017-06-20 00:00:00+00:00,486110251.25
2017-06-21 00:00:00+00:00,485110917.5
2017-06-22 00:00:00+00:00,480314115.5
2017-06-23 00:00:00+00:00,476316780.5
2017-06-26 00:00:00+00:00,477316114.25
2017-06-27 00:00:00+00:00,477515981.0
2017-06-28 00:00:00+00:00,479603663.5
2017-06-29 00:00:00+00:00,477098444.5
2017-06-30 00:00:00+00:00,468121409.75
2017-07-03 00:00:00+00:00,461858362.25
2017-07-05 00:00:00+00:00,458726838.5
2017-07-06 00:00:00+00:00,459979448.0
2017-07-07 00:00:00+00:00,458309302.0
2017-07-10 00:00:00+00:00,450376108.5
2017-07-11 00:00:00+00:00,449958572.0
2017-07-12 00:00:00+00:00,463319740.0
2017-07-13 00:00:00+00:00,476054603.25
2017-07-14 00:00:00+00:00,472505543.0
2017-07-17 00:00:00+00:00,464363581.25
2017-07-18 00:00:00+00:00,462693435.25
2017-07-19 00:00:00+00:00,458100533.75
2017-07-20 00:00:00+00:00,451002413.25
2017-07-21 00:00:00+00:00,460396984.5
2017-07-24 00:00:00+00:00,462484667.0
2017-07-25 00:00:00+00:00,469582787.5
2017-07-26 00:00:00+00:00,466242495.5
2017-07-27 00:00:00+00:00,464989886.0
2017-07-28 00:00:00+00:00,464989886.0
2017-07-31 00:00:00+00:00,467912641.5
2017-08-01 00:00:00+00:00,474801993.75
2017-08-02 00:00:00+00:00,472714311.25
2017-08-03 00:00:00+00:00,473966920.75
2017-08-04 00:00:00+00:00,471461701.75
2017-08-07 00:00:00+00:00,466660032.0
2017-08-08 00:00:00+00:00,468747714.5
2017-08-09 00:00:00+00:00,466660032.0
2017-08-10 00:00:00+00:00,479186127.0
2017-08-11 00:00:00+00:00,476263371.5
2017-08-14 00:00:00+00:00,474593225.5
2017-08-15 00:00:00+00:00,480856273.0
2017-08-16 00:00:00+00:00,483152723.75
2017-08-17 00:00:00+00:00,484822869.75
2017-08-18 00:00:00+00:00,483570260.25
2017-08-21 00:00:00+00:00,486075479.25
2017-08-22 00:00:00+00:00,488580698.25
2017-08-23 00:00:00+00:00,491920990.25
2017-08-24 00:00:00+00:00,491920990.25
2017-08-25 00:00:00+00:00,489070116.25
2017-08-28 00:00:00+00:00,486657838.25
2017-08-29 00:00:00+00:00,484464858.25
2017-08-30 00:00:00+00:00,480956090.25
2017-08-31 00:00:00+00:00,492140288.25
2017-09-01 00:00:00+00:00,490166606.25
2017-09-05 00:00:00+00:00,493894672.25
2017-09-06 00:00:00+00:00,496306950.25
2017-09-07 00:00:00+00:00,491701692.25
2017-09-08 00:00:00+00:00,493894672.25
2017-09-11 00:00:00+00:00,494991162.25
2017-09-12 00:00:00+00:00,490166606.25
2017-09-13 00:00:00+00:00,488850818.25
2017-09-14 00:00:00+00:00,491701692.25
2017-09-15 00:00:00+00:00,503105188.25
2017-09-18 00:00:00+00:00,500254314.25
2017-09-19 00:00:00+00:00,497403440.25
2017-09-20 00:00:00+00:00,498938526.25
2017-09-21 00:00:00+00:00,499157824.25
2017-09-22 00:00:00+00:00,502008698.25
2017-09-25 00:00:00+00:00,502227996.25
2017-09-26 00:00:00+00:00,500912208.25
2017-09-27 00:00:00+00:00,502447294.25
2017-09-28 00:00:00+00:00,501131506.25
2017-09-29 00:00:00+00:00,503543784.25
2017-10-02 00:00:00+00:00,500254314.25
2017-10-03 00:00:00+00:00,498499930.25
2017-10-04 00:00:00+00:00,497403440.25
2017-10-05 00:00:00+00:00,498499930.25
2017-10-06 00:00:00+00:00,498938526.25
2017-10-09 00:00:00+00:00,498499930.25
2017-10-10 00:00:00+00:00,498280632.25
2017-10-11 00:00:00+00:00,495429758.25
2017-10-12 00:00:00+00:00,498061334.25
2017-10-13 00:00:00+00:00,501350804.25
2017-10-16 00:00:00+00:00,499377122.25
2017-10-17 00:00:00+00:00,498938526.25
2017-10-18 00:00:00+00:00,497622738.25
2017-10-19 00:00:00+00:00,497192322.25
2017-10-20 00:00:00+00:00,501066066.25
2017-10-23 00:00:00+00:00,495255450.25
2017-10-24 00:00:00+00:00,493964202.25
2017-10-25 00:00:00+00:00,495470658.25
2017-10-26 00:00:00+00:00,495901074.25
2017-10-27 00:00:00+00:00,497407530.25
2017-10-30 00:00:00+00:00,497407530.25
2017-10-31 00:00:00+00:00,499990026.25
2017-11-01 00:00:00+00:00,497837946.25
2017-11-02 00:00:00+00:00,495901074.25
2017-11-03 00:00:00+00:00,497837946.25
2017-11-06 00:00:00+00:00,498053154.25
2017-11-07 00:00:00+00:00,498268362.25
2017-11-08 00:00:00+00:00,497837946.25
2017-11-09 00:00:00+00:00,503648562.25
2017-11-10 00:00:00+00:00,501926898.25
2017-11-13 00:00:00+00:00,503002938.25
2017-11-14 00:00:00+00:00,507091890.25
2017-11-15 00:00:00+00:00,506446266.25
2017-11-16 00:00:00+00:00,507952722.25
2017-11-17 00:00:00+00:00,502357314.25
2017-11-20 00:00:00+00:00,500635650.25
2017-11-21 00:00:00+00:00,500635650.25
2017-11-22 00:00:00+00:00,500420442.25
2017-11-24 00:00:00+00:00,497813637.25
2017-11-27 00:00:00+00:00,494772364.75
2017-11-28 00:00:00+00:00,498093397.25
2017-11-29 00:00:00+00:00,494440261.5
2017-11-30 00:00:00+00:00,490787125.75
2017-12-01 00:00:00+00:00,486801886.75
2017-12-04 00:00:00+00:00,493776055.0
2017-12-05 00:00:00+00:00,493443951.75
2017-12-06 00:00:00+00:00,494108158.25
2017-12-07 00:00:00+00:00,494772364.75
2017-12-08 00:00:00+00:00,493111848.5
2017-12-11 00:00:00+00:00,497761294.0
2017-12-12 00:00:00+00:00,498757603.75
2017-12-13 00:00:00+00:00,497429190.75
2017-12-14 00:00:00+00:00,496761039.75
2017-12-15 00:00:00+00:00,511794437.25
2017-12-18 00:00:00+00:00,511126286.25
2017-12-19 00:00:00+00:00,511794437.25
2017-12-20 00:00:00+00:00,514132965.75
2017-12-21 00:00:00+00:00,516805569.75
2017-12-22 00:00:00+00:00,517807796.25
2017-12-26 00:00:00+00:00,518810022.75
2017-12-27 00:00:00+00:00,520146324.75
2017-12-28 00:00:00+00:00,517807796.25
2017-12-29 00:00:00+00:00,516137418.75
2018-01-02 00:00:00+00:00,519478173.75
2018-01-03 00:00:00+00:00,519144098.25
2018-01-04 00:00:00+00:00,516471494.25
2018-01-05 00:00:00+00:00,516805569.75
2018-01-08 00:00:00+00:00,511460361.75
2018-01-09 00:00:00+00:00,513798890.25
2018-01-10 00:00:00+00:00,513798890.25
2018-01-11 00:00:00+00:00,514013789.75
2018-01-12 00:00:00+00:00,516162784.75
2018-01-16 00:00:00+00:00,514443588.75
2018-01-17 00:00:00+00:00,510360498.25
2018-01-18 00:00:00+00:00,511649895.25
2018-01-19 00:00:00+00:00,510790297.25
2018-01-22 00:00:00+00:00,511220096.25
2018-01-23 00:00:00+00:00,511864794.75
2018-01-24 00:00:00+00:00,507351905.25
2018-01-25 00:00:00+00:00,508426402.75
2018-01-26 00:00:00+00:00,507351905.25
2018-01-29 00:00:00+00:00,505417809.75
2018-01-30 00:00:00+00:00,503053915.25
2018-01-31 00:00:00+00:00,503053915.25
2018-02-01 00:00:00+00:00,502839015.75
2018-02-02 00:00:00+00:00,503053915.25
2018-02-05 00:00:00+00:00,505417809.75
2018-02-06 00:00:00+00:00,501334719.25
2018-02-07 00:00:00+00:00,499830422.75
2018-02-08 00:00:00+00:00,500241100.25
2018-02-09 00:00:00+00:00,497161019.0
2018-02-12 00:00:00+00:00,493017374.0
2018-02-13 00:00:00+00:00,493224556.25
2018-02-14 00:00:00+00:00,492810191.75
2018-02-15 00:00:00+00:00,492395827.25
2018-02-16 00:00:00+00:00,492603009.5
2018-02-18 00:00:00+00:00,492810191.75
2018-02-19 00:00:00+00:00,492810191.75
2018-02-20 00:00:00+00:00,494260467.5
2018-02-21 00:00:00+00:00,494053285.25
2018-02-22 00:00:00+00:00,493224556.25
2018-02-23 00:00:00+00:00,493638920.75
2018-02-26 00:00:00+00:00,491774280.5
2018-02-27 00:00:00+00:00,490116822.5
2018-02-28 00:00:00+00:00,486801906.5
2018-03-01 00:00:00+00:00,483279808.25
2018-03-02 00:00:00+00:00,484522901.75
2018-03-05 00:00:00+00:00,483694172.75
2018-03-06 00:00:00+00:00,482451079.25
2018-03-07 00:00:00+00:00,482865443.75
2018-03-08 00:00:00+00:00,477478705.25
2018-03-09 00:00:00+00:00,479757710.0
2018-03-12 00:00:00+00:00,478721798.75
2018-03-13 00:00:00+00:00,477685887.5
2018-03-14 00:00:00+00:00,479343345.5
2018-03-15 00:00:00+00:00,476649976.25
2018-03-16 00:00:00+00:00,479964892.25
2018-03-19 00:00:00+00:00,486387542.0
2018-03-20 00:00:00+00:00,486801906.5
2018-03-21 00:00:00+00:00,487202440.5
2018-03-22 00:00:00+00:00,488003508.5
2018-03-23 00:00:00+00:00,489004843.5
2018-03-26 00:00:00+00:00,486401372.5
2018-03-27 00:00:00+00:00,486401372.5
2018-03-28 00:00:00+00:00,486000838.5
2018-03-29 00:00:00+00:00,497416057.5
2018-04-02 00:00:00+00:00,497015523.5
2018-04-03 00:00:00+00:00,498016858.5
2018-04-04 00:00:00+00:00,492008848.5
2018-04-05 00:00:00+00:00,498817926.5
2018-04-06 00:00:00+00:00,498016858.5
2018-04-09 00:00:00+00:00,499819261.5
2018-04-10 00:00:00+00:00,498617659.5
2018-04-11 00:00:00+00:00,496815256.5
2018-04-12 00:00:00+00:00,498217125.5
2018-04-13 00:00:00+00:00,496214455.5
2018-04-16 00:00:00+00:00,493210450.5
2018-04-17 00:00:00+00:00,491408047.5
2018-04-18 00:00:00+00:00,493610984.5
2018-04-19 00:00:00+00:00,492809916.5
2018-04-20 00:00:00+00:00,488404042.5
2018-04-23 00:00:00+00:00,490006178.5
2018-04-24 00:00:00+00:00,492209115.5
2018-04-25 00:00:00+00:00,496414722.5
2018-04-26 00:00:00+00:00,496014188.5
2018-04-27 00:00:00+00:00,498817926.5
2018-04-30 00:00:00+00:00,501221130.5
2018-05-01 00:00:00+00:00,504625669.5
2018-05-02 00:00:00+00:00,504024868.5
2018-05-03 00:00:00+00:00,506828606.5
2018-05-04 00:00:00+00:00,506227805.5
2018-05-07 00:00:00+00:00,501821931.5
2018-05-08 00:00:00+00:00,503624334.5
2018-05-09 00:00:00+00:00,503023533.5
2018-05-10 00:00:00+00:00,503023533.5
2018-05-11 00:00:00+00:00,506823403.5
2018-05-14 00:00:00+00:00,507393384.0
2018-05-15 00:00:00+00:00,497323728.5
2018-05-16 00:00:00+00:00,499603650.5
2018-05-17 00:00:00+00:00,502643546.5
2018-05-18 00:00:00+00:00,497133735.0
2018-05-21 00:00:00+00:00,496943741.5
2018-05-22 00:00:00+00:00,495423793.5
2018-05-23 00:00:00+00:00,492573891.0
2018-05-24 00:00:00+00:00,495803780.5
2018-05-25 00:00:00+00:00,497102481.75
2018-05-28 00:00:00+00:00,499143298.0
2018-05-29 00:00:00+00:00,492649791.75
2018-05-30 00:00:00+00:00,487826044.25
2018-05-31 00:00:00+00:00,488197101.75
2018-06-01 00:00:00+00:00,486341814.25
2018-06-04 00:00:00+00:00,498698133.0
2018-06-05 00:00:00+00:00,495249858.0
2018-06-06 00:00:00+00:00,501571695.5
2018-06-07 00:00:00+00:00,503870545.5
2018-06-08 00:00:00+00:00,502146408.0
2018-06-11 00:00:00+00:00,514215370.5
2018-06-12 00:00:00+00:00,502433764.25
2018-06-13 00:00:00+00:00,504157901.75
2018-06-14 00:00:00+00:00,519100426.75
2018-06-15 00:00:00+00:00,521111920.5
2018-06-18 00:00:00+00:00,527146401.75
2018-06-19 00:00:00+00:00,525250335.75
2018-06-20 00:00:00+00:00,525671683.75
2018-06-21 00:00:00+00:00,523342821.5
2018-06-22 00:00:00+00:00,523131106.75
2018-06-25 00:00:00+00:00,528847405.0
2018-06-26 00:00:00+00:00,527153687.0
2018-06-27 00:00:00+00:00,527153687.0
2018-06-28 00:00:00+00:00,533505129.5
2018-06-29 00:00:00+00:00,529059119.75
2018-07-02 00:00:00+00:00,539856572.0
2018-07-03 00:00:00+00:00,544523234.0
2018-07-05 00:00:00+00:00,545189900.0
2018-07-06 00:00:00+00:00,552523226.0
2018-07-09 00:00:00+00:00,547189898.0
2018-07-10 00:00:00+00:00,541856570.0
2018-07-11 00:00:00+00:00,534301022.0
2018-07-12 00:00:00+00:00,538967684.0
2018-07-13 00:00:00+00:00,547325777.75
2018-07-16 00:00:00+00:00,531946885.25
2018-07-17 00:00:00+00:00,525929057.75
2018-07-18 00:00:00+00:00,524591762.75
2018-07-19 00:00:00+00:00,519242582.75
2018-07-20 00:00:00+00:00,513893402.75
2018-07-23 00:00:00+00:00,511218812.75
2018-07-24 00:00:00+00:00,518239611.5
2018-07-25 00:00:00+00:00,508544222.75
2018-07-26 00:00:00+00:00,510423137.0
2018-07-27 00:00:00+00:00,510840673.5
2018-07-30 00:00:00+00:00,515224806.75
2018-07-31 00:00:00+00:00,519400171.75
2018-08-01 00:00:00+00:00,513345892.5
2018-08-02 00:00:00+00:00,514807270.25
2018-08-03 00:00:00+00:00,517312489.25
2018-08-06 00:00:00+00:00,516298290.5
2018-08-07 00:00:00+00:00,516501130.25
2018-08-08 00:00:00+00:00,517108007.75
2018-08-09 00:00:00+00:00,514680497.75
2018-08-10 00:00:00+00:00,500722315.25
2018-08-13 00:00:00+00:00,499205121.5
2018-08-14 00:00:00+00:00,506184212.75
2018-08-15 00:00:00+00:00,505273896.5
2018-08-16 00:00:00+00:00,509825477.75
2018-08-17 00:00:00+00:00,508611722.75
2018-08-20 00:00:00+00:00,505880774.0
2018-08-21 00:00:00+00:00,503149825.25
2018-08-22 00:00:00+00:00,494350101.5
2018-08-23 00:00:00+00:00,487371010.25
2018-08-24 00:00:00+00:00,489495081.5
2018-08-27 00:00:00+00:00,487371010.25
2018-08-28 00:00:00+00:00,492345772.25
2018-08-29 00:00:00+00:00,492129478.25
2018-08-30 00:00:00+00:00,492345772.25
2018-08-31 00:00:00+00:00,483694012.25
2018-09-03 00:00:00+00:00,470932666.25
2018-09-04 00:00:00+00:00,480665896.25
2018-09-05 00:00:00+00:00,483045130.25
2018-09-06 00:00:00+00:00,481531072.25
2018-09-07 00:00:00+00:00,480882190.25
2018-09-10 00:00:00+00:00,479800720.25
2018-09-11 00:00:00+00:00,480017014.25
2018-09-12 00:00:00+00:00,491913184.25
2018-09-13 00:00:00+00:00,496455358.25
2018-09-14 00:00:00+00:00,497124503.0
2018-09-17 00:00:00+00:00,506938626.0
2018-09-18 00:00:00+00:00,502700709.25
2018-09-19 00:00:00+00:00,504931191.75
2018-09-20 00:00:00+00:00,510953494.5
2018-09-21 00:00:00+00:00,515191411.25
2018-09-24 00:00:00+00:00,518091038.5
2018-09-25 00:00:00+00:00,520990665.75
2018-09-26 00:00:00+00:00,520321521.0
2018-09-27 00:00:00+00:00,521882858.75
2018-09-28 00:00:00+00:00,514299218.25
2018-10-01 00:00:00+00:00,522775051.75
2018-10-02 00:00:00+00:00,524336389.5
2018-10-03 00:00:00+00:00,521882858.75
2018-10-04 00:00:00+00:00,524336389.5
2018-10-05 00:00:00+00:00,525005534.25
2018-10-08 00:00:00+00:00,523444196.5
2018-10-09 00:00:00+00:00,525081302.5
2018-10-10 00:00:00+00:00,526513770.25
2018-10-11 00:00:00+00:00,521193175.75
2018-10-12 00:00:00+00:00,517509687.25
2018-10-15 00:00:00+00:00,513826198.75
2018-10-16 00:00:00+00:00,516281857.75
2018-10-17 00:00:00+00:00,517100410.75
2018-10-18 00:00:00+00:00,519965346.25
2018-10-19 00:00:00+00:00,523034920.0
2018-10-22 00:00:00+00:00,520988537.5
2018-10-23 00:00:00+00:00,520374622.75
2018-10-24 00:00:00+00:00,522011728.75
2018-10-25 00:00:00+00:00,527946238.0
2018-10-26 00:00:00+00:00,522421005.25
2018-10-29 00:00:00+00:00,523239558.25
2018-10-30 00:00:00+00:00,521603568.25
2018-10-31 00:00:00+00:00,520376575.75
2018-11-01 00:00:00+00:00,523239558.25
2018-11-02 00:00:00+00:00,526920535.75
2018-11-05 00:00:00+00:00,529170022.0
2018-11-06 00:00:00+00:00,528556525.75
2018-11-07 00:00:00+00:00,527738530.75
2018-11-08 00:00:00+00:00,528761024.5
2018-11-09 00:00:00+00:00,525693543.25
2018-11-12 00:00:00+00:00,526920535.75
2018-11-13 00:00:00+00:00,523035059.5
2018-11-14 00:00:00+00:00,523444057.0
2018-11-15 00:00:00+00:00,523035338.0
2018-11-16 00:00:00+00:00,525283292.5
2018-11-19 00:00:00+00:00,527326887.5
2018-11-20 00:00:00+00:00,528144325.5
2018-11-21 00:00:00+00:00,527735606.5
2018-11-22 00:00:00+00:00,528144325.5
2018-11-23 00:00:00+00:00,529983561.0
2018-11-26 00:00:00+00:00,532435875.0
2018-11-27 00:00:00+00:00,532027156.0
2018-11-28 00:00:00+00:00,528757404.0
2018-11-29 00:00:00+00:00,528961763.5
2018-11-30 00:00:00+00:00,523852776.0
2018-12-03 00:00:00+00:00,519969945.5
2018-12-04 00:00:00+00:00,517517631.5
2018-12-05 00:00:00+00:00,517517631.5
2018-12-06 00:00:00+00:00,519356867.0
2018-12-07 00:00:00+00:00,517721991.0
2018-12-10 00:00:00+00:00,517517631.5
2018-12-11 00:00:00+00:00,516904553.0
2018-12-12 00:00:00+00:00,515882755.5
2018-12-13 00:00:00+00:00,516495834.0
2018-12-14 00:00:00+00:00,515474036.5
2018-12-17 00:00:00+00:00,509547611.0
2018-12-18 00:00:00+00:00,508321454.0
2018-12-19 00:00:00+00:00,511386846.5
2018-12-20 00:00:00+00:00,516700193.5
2018-12-21 00:00:00+00:00,514043520.0
2018-12-24 00:00:00+00:00,514656598.5
2018-12-26 00:00:00+00:00,518335069.5
2018-12-27 00:00:00+00:00,517313272.0
2018-12-28 00:00:00+00:00,516495834.0
2018-12-31 00:00:00+00:00,516904553.0
2019-01-02 00:00:00+00:00,516291474.5
2019-01-03 00:00:00+00:00,513021722.5
2019-01-04 00:00:00+00:00,510365049.0
2019-01-07 00:00:00+00:00,510978127.5
2019-01-08 00:00:00+00:00,512817363.0
2019-01-09 00:00:00+00:00,511182487.0
2019-01-10 00:00:00+00:00,515882755.5
2019-01-11 00:00:00+00:00,514247879.5
2019-01-14 00:00:00+00:00,514043520.0
2019-01-15 00:00:00+00:00,519969945.5
2019-01-16 00:00:00+00:00,517721991.0
2019-01-17 00:00:00+00:00,512817363.0
2019-01-18 00:00:00+00:00,511386846.5
2019-01-22 00:00:00+00:00,513634801.0
2019-01-23 00:00:00+00:00,513839160.5
2019-01-24 00:00:00+00:00,515269677.0
2019-01-25 00:00:00+00:00,512613003.5
2019-01-28 00:00:00+00:00,513021722.5
2019-01-29 00:00:00+00:00,515065317.5
2019-01-30 00:00:00+00:00,511795565.5
2019-01-31 00:00:00+00:00,515678396.0
2019-02-01 00:00:00+00:00,514247879.5
2019-02-04 00:00:00+00:00,513430441.5
2019-02-05 00:00:00+00:00,512204284.5
2019-02-06 00:00:00+00:00,512817363.0
2019-02-07 00:00:00+00:00,515678396.0
2019-02-08 00:00:00+00:00,517517631.5
2019-02-11 00:00:00+00:00,518743788.5
2019-02-12 00:00:00+00:00,514247879.5
2019-02-13 00:00:00+00:00,513839160.5
2019-02-14 00:00:00+00:00,517108912.5
2019-02-15 00:00:00+00:00,517108912.5
2019-02-17 00:00:00+00:00,517108912.5
2019-02-18 00:00:00+00:00,517409112.5
2019-02-19 00:00:00+00:00,511104912.5
2019-02-20 00:00:00+00:00,512305712.5
2019-02-21 00:00:00+00:00,518009512.5
2019-02-22 00:00:00+00:00,517709312.5
2019-02-25 00:00:00+00:00,512005512.5
2019-02-26 00:00:00+00:00,506902112.5
2019-02-27 00:00:00+00:00,503900112.5
2019-02-28 00:00:00+00:00,501798712.5
2019-03-01 00:00:00+00:00,504200312.5
2019-03-04 00:00:00+00:00,503376137.5
2019-03-05 00:00:00+00:00,502551962.5
2019-03-06 00:00:00+00:00,505436575.0
2019-03-07 00:00:00+00:00,510793712.5
2019-03-08 00:00:00+00:00,511823931.25
2019-03-11 00:00:00+00:00,513678325.0
2019-03-12 00:00:00+00:00,510381625.0
2019-03-13 00:00:00+00:00,509763493.75
2019-03-14 00:00:00+00:00,506260750.0
2019-03-15 00:00:00+00:00,496576693.75
2019-03-18 00:00:00+00:00,498019000.0
2019-03-19 00:00:00+00:00,498225043.75
2019-03-20 00:00:00+00:00,498019000.0
2019-03-21 00:00:00+00:00,494104168.75
2019-03-22 00:00:00+00:00,492455818.75
2019-03-25 00:00:00+00:00,491219556.25
2019-03-26 00:00:00+00:00,488257081.25
2019-03-27 00:00:00+00:00,484109616.25
2019-03-28 00:00:00+00:00,484405863.75
2019-03-29 00:00:00+00:00,463668538.75
2019-04-01 00:00:00+00:00,469889736.25
2019-04-02 00:00:00+00:00,469593488.75
2019-04-03 00:00:00+00:00,471074726.25
2019-04-04 00:00:00+00:00,474037201.25
2019-04-05 00:00:00+00:00,470778478.75
2019-04-08 00:00:00+00:00,467816003.75
2019-04-09 00:00:00+00:00,467816003.75
2019-04-10 00:00:00+00:00,466357671.0
2019-04-11 00:00:00+00:00,467816003.75
2019-04-12 00:00:00+00:00,466982670.75
2019-04-15 00:00:00+00:00,465524338.0
2019-04-16 00:00:00+00:00,468649336.75
2019-04-17 00:00:00+00:00,469274336.5
2019-04-18 00:00:00+00:00,469066003.25
2019-04-19 00:00:00+00:00,469066003.25
2019-04-22 00:00:00+00:00,472191002.0
2019-04-23 00:00:00+00:00,475107667.5
2019-04-24 00:00:00+00:00,478857666.0
2019-04-25 00:00:00+00:00,478232666.25
2019-04-26 00:00:00+00:00,475107667.5
2019-04-29 00:00:00+00:00,474482667.75
2019-04-30 00:00:00+00:00,473441001.5
2019-05-01 00:00:00+00:00,467816003.75
2019-05-02 00:00:00+00:00,466149337.75
2019-05-03 00:00:00+00:00,465316004.75
2019-05-06 00:00:00+00:00,456328404.5
2019-05-07 00:00:00+00:00,459117659.75
2019-05-08 00:00:00+00:00,455708570.0
2019-05-09 00:00:00+00:00,442382128.25
2019-05-10 00:00:00+00:00,439902790.25
2019-05-13 00:00:00+00:00,446101135.25
2019-05-14 00:00:00+00:00,462216832.25
2019-05-15 00:00:00+00:00,473373853.25
2019-05-16 00:00:00+00:00,485150708.75
2019-05-17 00:00:00+00:00,490419302.0
2019-05-20 00:00:00+00:00,497547398.75
2019-05-21 00:00:00+00:00,504055661.0
2019-05-22 00:00:00+00:00,503865426.5
2019-05-23 00:00:00+00:00,507479882.0
2019-05-24 00:00:00+00:00,518640880.0
2019-05-28 00:00:00+00:00,530956464.0
2019-05-29 00:00:00+00:00,529801878.0
2019-05-30 00:00:00+00:00,543272048.0
2019-05-31 00:00:00+00:00,536152101.0
2019-06-03 00:00:00+00:00,534035360.0
2019-06-04 00:00:00+00:00,534805084.0
2019-06-05 00:00:00+00:00,526722982.0
2019-06-06 00:00:00+00:00,531148895.0
2019-06-07 00:00:00+00:00,527492706.0
2019-06-10 00:00:00+00:00,527492706.0
2019-06-11 00:00:00+00:00,536729394.0
2019-06-12 00:00:00+00:00,538461273.0
2019-06-13 00:00:00+00:00,547697961.0
2019-06-14 00:00:00+00:00,556164925.0
2019-06-17 00:00:00+00:00,557511942.0
2019-06-18 00:00:00+00:00,553663322.0
2019-06-19 00:00:00+00:00,546928237.0
2019-06-20 00:00:00+00:00,553855753.0
2019-06-21 00:00:00+00:00,547890392.0
2019-06-24 00:00:00+00:00,551354150.0
2019-06-25 00:00:00+00:00,551931443.0
2019-06-26 00:00:00+00:00,548660116.0
2019-06-27 00:00:00+00:00,546158513.0
2019-06-28 00:00:00+00:00,530956464.0
2019-07-01 00:00:00+00:00,524606241.0
2019-07-02 00:00:00+00:00,525760827.0
2019-07-03 00:00:00+00:00,540770445.0
2019-07-05 00:00:00+00:00,539731185.0
2019-07-08 00:00:00+00:00,535054515.0
2019-07-09 00:00:00+00:00,542069520.0
2019-07-10 00:00:00+00:00,539471370.0
2019-07-11 00:00:00+00:00,525441360.0
2019-07-12 00:00:00+00:00,523622655.0
2019-07-15 00:00:00+00:00,532456365.0
2019-07-16 00:00:00+00:00,538432110.0
2019-07-17 00:00:00+00:00,537652665.0
2019-07-18 00:00:00+00:00,549604155.0
2019-07-19 00:00:00+00:00,543108780.0
2019-07-22 00:00:00+00:00,551942490.0
2019-07-23 00:00:00+00:00,548564895.0
2019-07-24 00:00:00+00:00,550123785.0
2019-07-25 00:00:00+00:00,555839715.0
2019-07-26 00:00:00+00:00,552972335.0
2019-07-29 00:00:00+00:00,554764447.5
2019-07-30 00:00:00+00:00,550642588.75
2019-07-31 00:00:00+00:00,542757293.75
2019-08-01 00:00:00+00:00,537380956.25
2019-08-02 00:00:00+00:00,542219660.0
2019-08-05 00:00:00+00:00,546341518.75
2019-08-06 00:00:00+00:00,545445462.5
2019-08-07 00:00:00+00:00,547237575.0
2019-08-08 00:00:00+00:00,543916543.5
2019-08-09 00:00:00+00:00,544470048.75
2019-08-12 00:00:00+00:00,562920223.75
2019-08-13 00:00:00+00:00,577126858.5
2019-08-14 00:00:00+00:00,582292907.5
2019-08-15 00:00:00+00:00,581001395.25
2019-08-16 00:00:00+00:00,573436823.5
2019-08-19 00:00:00+00:00,577864865.5
2019-08-20 00:00:00+00:00,581923904.0
2019-08-21 00:00:00+00:00,579709883.0
2019-08-22 00:00:00+00:00,579156377.75
2019-08-23 00:00:00+00:00,581739402.25
2019-08-26 00:00:00+00:00,582661911.0
2019-08-27 00:00:00+00:00,583768921.5
2019-08-28 00:00:00+00:00,579525381.25
2019-08-29 00:00:00+00:00,581739402.25
2019-08-30 00:00:00+00:00,583030914.5
2019-09-03 00:00:00+00:00,589119472.25
2019-09-04 00:00:00+00:00,591886998.5
2019-09-05 00:00:00+00:00,591517995.0
2019-09-06 00:00:00+00:00,594470023.0
2019-09-09 00:00:00+00:00,595761535.25
2019-09-10 00:00:00+00:00,590041981.0
2019-09-11 00:00:00+00:00,590226482.75
2019-09-12 00:00:00+00:00,585613939.0
2019-09-13 00:00:00+00:00,584875932.0
2019-09-16 00:00:00+00:00,571222802.5
2019-09-17 00:00:00+00:00,575650844.5
2019-09-18 00:00:00+00:00,573252321.75
2019-09-19 00:00:00+00:00,572145311.25
2019-09-20 00:00:00+00:00,573621325.25
2019-09-23 00:00:00+00:00,571776307.75
2019-09-24 00:00:00+00:00,570669297.25
2019-09-25 00:00:00+00:00,571038300.75
2019-09-26 00:00:00+00:00,572329813.0
2019-09-27 00:00:00+00:00,573067820.0
2019-09-30 00:00:00+00:00,560890704.5
2019-10-01 00:00:00+00:00,557569673.0
2019-10-02 00:00:00+00:00,561075206.25
2019-10-03 00:00:00+00:00,560337199.25
2019-10-04 00:00:00+00:00,563289227.25
2019-10-07 00:00:00+00:00,561628711.5
2019-10-08 00:00:00+00:00,555171150.25
2019-10-09 00:00:00+00:00,556278160.75
2019-10-10 00:00:00+00:00,566610258.75
2019-10-11 00:00:00+00:00,553695136.25
2019-10-14 00:00:00+00:00,553695136.25
2019-10-15 00:00:00+00:00,557016167.75
2019-10-16 00:00:00+00:00,558123178.25
2019-10-17 00:00:00+00:00,555909157.25
2019-10-18 00:00:00+00:00,558676683.5
2019-10-21 00:00:00+00:00,554360827.25
2019-10-22 00:00:00+00:00,555223998.5
2019-10-23 00:00:00+00:00,554936274.75
2019-10-24 00:00:00+00:00,553785379.75
2019-10-25 00:00:00+00:00,553785379.75
2019-10-28 00:00:00+00:00,550620418.5
2019-10-29 00:00:00+00:00,553209932.25
2019-10-30 00:00:00+00:00,558388959.75
2019-10-31 00:00:00+00:00,557525788.5
2019-11-01 00:00:00+00:00,556662617.25
2019-11-04 00:00:00+00:00,563599031.25
2019-11-05 00:00:00+00:00,565333134.75
2019-11-06 00:00:00+00:00,568801341.75
2019-11-07 00:00:00+00:00,572847583.25
2019-11-08 00:00:00+00:00,570535445.25
2019-11-11 00:00:00+00:00,575159721.25
2019-11-12 00:00:00+00:00,569957410.75
2019-11-13 00:00:00+00:00,572847583.25
2019-11-14 00:00:00+00:00,572269548.75
2019-11-15 00:00:00+00:00,577471859.25
2019-11-18 00:00:00+00:00,581518100.75
2019-11-19 00:00:00+00:00,578916945.5
2019-11-20 00:00:00+00:00,582674169.75
2019-11-21 00:00:00+00:00,580651049.0
2019-11-22 00:00:00+00:00,580362031.75
2019-11-25 00:00:00+00:00,578338911.0
2019-11-26 00:00:00+00:00,581807118.0
2019-11-27 00:00:00+00:00,587298445.75
2019-11-28 00:00:00+00:00,574870704.0
2019-11-29 00:00:00+00:00,577471859.25
2019-12-02 00:00:00+00:00,579290039.25
2019-12-03 00:00:00+00:00,578077919.25
2019-12-04 00:00:00+00:00,575451659.25
2019-12-05 00:00:00+00:00,572825399.25
2019-12-06 00:00:00+00:00,573633479.25
2019-12-09 00:00:00+00:00,573027419.25
2019-12-10 00:00:00+00:00,571007219.25
2019-12-11 00:00:00+00:00,566562779.25
2019-12-12 00:00:00+00:00,574037519.25
2019-12-13 00:00:00+00:00,573431459.25
2019-12-16 00:00:00+00:00,591007199.25
2019-12-17 00:00:00+00:00,592623359.25
2019-12-18 00:00:00+00:00,590199119.25
2019-12-19 00:00:00+00:00,589795079.25
2019-12-20 00:00:00+00:00,590805179.25
2019-12-23 00:00:00+00:00,591613259.25
2019-12-24 00:00:00+00:00,590603159.25
2019-12-25 00:00:00+00:00,591209219.25
2019-12-26 00:00:00+00:00,591411239.25
2019-12-27 00:00:00+00:00,592623359.25
2019-12-30 00:00:00+00:00,591209219.25
2019-12-31 00:00:00+00:00,590805179.25
2020-01-01 00:00:00+00:00,590401139.25
2020-01-02 00:00:00+00:00,593835479.25
2020-01-03 00:00:00+00:00,589795079.25
2020-01-06 00:00:00+00:00,588380939.25
2020-01-07 00:00:00+00:00,588178919.25
2020-01-08 00:00:00+00:00,587976899.25
2020-01-09 00:00:00+00:00,587168819.25
2020-01-10 00:00:00+00:00,589189019.25
2020-01-13 00:00:00+00:00,592219319.25
2020-01-14 00:00:00+00:00,591815279.25
2020-01-15 00:00:00+00:00,590603159.25
2020-01-16 00:00:00+00:00,580906199.25
2020-01-17 00:00:00+00:00,592017299.25
2020-01-21 00:00:00+00:00,590603159.25
2020-01-22 00:00:00+00:00,591613259.25
2020-01-23 00:00:00+00:00,595653659.25
2020-01-24 00:00:00+00:00,590401139.25
2020-01-27 00:00:00+00:00,584946599.25
2020-01-28 00:00:00+00:00,589795079.25
2020-01-29 00:00:00+00:00,587976899.25
2020-01-30 00:00:00+00:00,584138519.25
2020-01-31 00:00:00+00:00,585552659.25
2020-02-03 00:00:00+00:00,583532459.25
2020-02-04 00:00:00+00:00,586360739.25
2020-02-05 00:00:00+00:00,588126599.25
2020-02-06 00:00:00+00:00,589892459.25
2020-02-07 00:00:00+00:00,584889189.25
2020-02-10 00:00:00+00:00,586949359.25
2020-02-11 00:00:00+00:00,589303839.25
2020-02-12 00:00:00+00:00,585477809.25
2020-02-13 00:00:00+00:00,589598149.25
2020-02-14 00:00:00+00:00,591658319.25
2020-02-18 00:00:00+00:00,585477809.25
2020-02-19 00:00:00+00:00,583519586.75
2020-02-20 00:00:00+00:00,581953008.75
2020-02-21 00:00:00+00:00,580778075.25
2020-02-24 00:00:00+00:00,577057452.5
2020-02-25 00:00:00+00:00,577253274.75
2020-02-26 00:00:00+00:00,575686696.75
2020-02-27 00:00:00+00:00,570986962.75
2020-02-28 00:00:00+00:00,572553540.75
2020-03-02 00:00:00+00:00,579015675.0
2020-03-03 00:00:00+00:00,584498698.0
2020-03-04 00:00:00+00:00,588610965.25
2020-03-05 00:00:00+00:00,586652742.75
2020-03-06 00:00:00+00:00,580973897.5
2020-03-09 00:00:00+00:00,578624030.5
2020-03-10 00:00:00+00:00,583127942.25
2020-03-11 00:00:00+00:00,582540475.5
2020-03-12 00:00:00+00:00,575099230.0
2020-03-13 00:00:00+00:00,575882519.0
2020-03-16 00:00:00+00:00,563349895.0
2020-03-17 00:00:00+00:00,554929538.25
2020-03-18 00:00:00+00:00,548075759.5
2020-03-19 00:00:00+00:00,556104471.75
2020-03-20 00:00:00+00:00,554733716.0
2020-03-23 00:00:00+00:00,554537893.75
2020-03-24 00:00:00+00:00,557475227.5
2020-03-25 00:00:00+00:00,556395315.0
2020-03-26 00:00:00+00:00,556179332.5
2020-03-27 00:00:00+00:00,558555140.0
2020-03-30 00:00:00+00:00,562658807.5
2020-03-31 00:00:00+00:00,563090772.5
2020-04-01 00:00:00+00:00,568274352.5
2020-04-02 00:00:00+00:00,569354265.0
2020-04-03 00:00:00+00:00,571730072.5
2020-04-06 00:00:00+00:00,574321862.5
2020-04-07 00:00:00+00:00,571082125.0
2020-04-08 00:00:00+00:00,572378020.0
2020-04-09 00:00:00+00:00,570866142.5
2020-04-10 00:00:00+00:00,570434177.5
2020-04-13 00:00:00+00:00,571082125.0
2020-04-14 00:00:00+00:00,575833740.0
2020-04-15 00:00:00+00:00,581665267.5
2020-04-16 00:00:00+00:00,581233302.5
2020-04-17 00:00:00+00:00,579073477.5
2020-04-20 00:00:00+00:00,585984917.5
2020-04-21 00:00:00+00:00,590304567.5
2020-04-22 00:00:00+00:00,583177145.0
2020-04-23 00:00:00+00:00,581665267.5
2020-04-24 00:00:00+00:00,584689022.5
2020-04-27 00:00:00+00:00,593544305.0
2020-04-28 00:00:00+00:00,595920112.5
2020-04-29 00:00:00+00:00,594408235.0
2020-04-30 00:00:00+00:00,588360725.0
2020-05-01 00:00:00+00:00,588360725.0
2020-05-04 00:00:00+00:00,589008672.5
2020-05-05 00:00:00+00:00,587064830.0
2020-05-06 00:00:00+00:00,588144742.5
2020-05-07 00:00:00+00:00,584473040.0
2020-05-08 00:00:00+00:00,581881250.0
2020-05-11 00:00:00+00:00,582313215.0
2020-05-12 00:00:00+00:00,577777582.5
2020-05-13 00:00:00+00:00,580801337.5
2020-05-14 00:00:00+00:00,580801337.5
2020-05-15 00:00:00+00:00,581665267.5
2020-05-18 00:00:00+00:00,583779597.0
2020-05-19 00:00:00+00:00,584484373.5
2020-05-20 00:00:00+00:00,582017655.75
2020-05-21 00:00:00+00:00,579550938.0
2020-05-22 00:00:00+00:00,579903326.25
2020-05-25 00:00:00+00:00,578324626.89
2020-05-26 00:00:00+00:00,581312879.25
2020-05-27 00:00:00+00:00,579196892.25
2020-05-28 00:00:00+00:00,569322286.25
2020-05-29 00:00:00+00:00,571790937.75
2020-06-01 00:00:00+00:00,575317582.75
2020-06-02 00:00:00+00:00,573906924.75
2020-06-03 00:00:00+00:00,574259589.25
2020-06-04 00:00:00+00:00,567206299.25
2020-06-05 00:00:00+00:00,564032318.75
2020-06-08 00:00:00+00:00,560505673.75
2020-06-09 00:00:00+00:00,569322286.25
2020-06-10 00:00:00+00:00,571085608.75
2020-06-11 00:00:00+00:00,566148305.75
2020-06-12 00:00:00+00:00,565795641.25
2020-06-15 00:00:00+00:00,566853634.75
2020-06-16 00:00:00+00:00,567206299.25
2020-06-17 00:00:00+00:00,565442976.75
2020-06-18 00:00:00+00:00,564384983.25
2020-06-19 00:00:00+00:00,562268996.25
2020-06-22 00:00:00+00:00,568264292.75
2020-06-23 00:00:00+00:00,572848931.25
2020-06-24 00:00:00+00:00,573906924.75
2020-06-25 00:00:00+00:00,583781530.75
2020-06-26 00:00:00+00:00,584134195.25
2020-06-29 00:00:00+00:00,571085608.75
2020-06-30 00:00:00+00:00,553805048.25
2020-07-01 00:00:00+00:00,540051132.75
2020-07-02 00:00:00+00:00,548162416.25
2020-07-06 00:00:00+00:00,542519784.25
2020-07-07 00:00:00+00:00,544635771.25
2020-07-08 00:00:00+00:00,540051132.75
2020-07-09 00:00:00+00:00,535819158.75
2020-07-10 00:00:00+00:00,550983732.25
2020-07-13 00:00:00+00:00,560153009.25
2020-07-14 00:00:00+00:00,559095015.75
2020-07-15 00:00:00+00:00,571085608.75
2020-07-16 00:00:00+00:00,565442976.75
2020-07-17 00:00:00+00:00,561563667.25
2020-07-20 00:00:00+00:00,568264292.75
2020-07-21 00:00:00+00:00,576022911.75
2020-07-22 00:00:00+00:00,569322286.25
2020-07-23 00:00:00+00:00,568616957.25
2020-07-24 00:00:00+00:00,571085608.75
2020-07-27 00:00:00+00:00,572848931.25
2020-07-28 00:00:00+00:00,579902221.25
2020-07-29 00:00:00+00:00,586250182.25
2020-07-30 00:00:00+00:00,585897517.75
2020-07-31 00:00:00+00:00,585544853.25
2020-08-03 00:00:00+00:00,583428866.25
2020-08-04 00:00:00+00:00,596477452.75
2020-08-05 00:00:00+00:00,592598143.25
2020-08-06 00:00:00+00:00,592245478.75
2020-08-07 00:00:00+00:00,597182781.75
2020-08-10 00:00:00+00:00,599863528.5
2020-08-11 00:00:00+00:00,600838345.5
2020-08-12 00:00:00+00:00,603762796.5
2020-08-13 00:00:00+00:00,614242079.25
2020-08-14 00:00:00+00:00,613510966.5
2020-08-17 00:00:00+00:00,619847277.0
2020-08-18 00:00:00+00:00,625285341.0
2020-08-19 00:00:00+00:00,628004373.0
2020-08-20 00:00:00+00:00,628684131.0
2020-08-21 00:00:00+00:00,625285341.0
2020-08-24 00:00:00+00:00,618827640.0
2020-08-25 00:00:00+00:00,606591996.0
2020-08-26 00:00:00+00:00,606931875.0
2020-08-27 00:00:00+00:00,611887818.75
2020-08-28 00:00:00+00:00,614200592.5
2020-08-31 00:00:00+00:00,617504555.0
2020-09-01 00:00:00+00:00,618826140.0
2020-09-02 00:00:00+00:00,619156536.25
2020-09-03 00:00:00+00:00,612218215.0
2020-09-04 00:00:00+00:00,615852573.75
2020-09-07 00:00:00+00:00,612218215.0
2020-09-08 00:00:00+00:00,606557839.5
2020-09-09 00:00:00+00:00,607428666.5
2020-09-10 00:00:00+00:00,601115170.75
2020-09-11 00:00:00+00:00,594366261.5
2020-09-14 00:00:00+00:00,600897464.0
2020-09-15 00:00:00+00:00,593495434.5
2020-09-16 00:00:00+00:00,588488179.25
2020-09-17 00:00:00+00:00,591312654.75
2020-09-18 00:00:00+00:00,593935382.0
2020-09-21 00:00:00+00:00,604338283.25
2020-09-22 00:00:00+00:00,604932734.75
2020-09-23 00:00:00+00:00,605824412.0
2020-09-24 00:00:00+00:00,611768927.0
2020-09-25 00:00:00+00:00,609688346.75
2020-09-28 00:00:00+00:00,607904992.25
2020-09-29 00:00:00+00:00,610282798.25
2020-09-30 00:00:00+00:00,593340930.5
2020-10-01 00:00:00+00:00,588882544.25
2020-10-02 00:00:00+00:00,592449253.25
2020-10-05 00:00:00+00:00,592746479.0
2020-10-06 00:00:00+00:00,586207512.5
2020-10-07 00:00:00+00:00,589129587.5
2020-10-08 00:00:00+00:00,587765952.5
2020-10-09 00:00:00+00:00,593999712.5
2020-10-12 00:00:00+00:00,589324392.5
2020-10-13 00:00:00+00:00,591077637.5
2020-10-14 00:00:00+00:00,595168542.5
2020-10-15 00:00:00+00:00,586940300.0
2020-10-16 00:00:00+00:00,588926427.5
2020-10-19 00:00:00+00:00,585237905.0
2020-10-20 00:00:00+00:00,581265650.0
2020-10-21 00:00:00+00:00,575591000.0
2020-10-22 00:00:00+00:00,572753675.0
2020-10-23 00:00:00+00:00,569348885.0
2020-10-26 00:00:00+00:00,571051280.0
2020-10-27 00:00:00+00:00,573037407.5
2020-10-28 00:00:00+00:00,589493892.5
2020-10-29 00:00:00+00:00,592898682.5
2020-10-30 00:00:00+00:00,592898682.5
2020-11-02 00:00:00+00:00,592145859.5
2020-11-03 00:00:00+00:00,594780740.0
2020-11-04 00:00:00+00:00,597980237.75
2020-11-05 00:00:00+00:00,600991529.75
2020-11-06 00:00:00+00:00,599109472.25
2020-11-09 00:00:00+00:00,599674089.5
2020-11-10 00:00:00+00:00,611342846.0
2020-11-11 00:00:00+00:00,607014113.75
2020-11-12 00:00:00+00:00,600238706.75
2020-11-13 00:00:00+00:00,601932558.5
2020-11-16 00:00:00+00:00,606261290.75
2020-11-17 00:00:00+00:00,609272582.75
2020-11-18 00:00:00+00:00,613413109.25
2020-11-19 00:00:00+00:00,610966434.5
2020-11-20 00:00:00+00:00,611531051.75
2020-11-23 00:00:00+00:00,613977726.5
2020-11-24 00:00:00+00:00,613413109.25
2020-11-25 00:00:00+00:00,609084377.0
2020-11-27 00:00:00+00:00,613224903.5
2020-11-30 00:00:00+00:00,608896171.25
2020-12-01 00:00:00+00:00,605132056.25
2020-12-02 00:00:00+00:00,608331554.0
2020-12-03 00:00:00+00:00,610966434.5
2020-12-04 00:00:00+00:00,606825908.0
2020-12-07 00:00:00+00:00,608707965.5
2020-12-08 00:00:00+00:00,606825908.0
2020-12-09 00:00:00+00:00,610590023.0
2020-12-10 00:00:00+00:00,609272582.75
2020-12-11 00:00:00+00:00,612283874.75
2020-12-14 00:00:00+00:00,608519759.75
2020-12-15 00:00:00+00:00,612660286.25
2020-12-16 00:00:00+00:00,614542343.75
2020-12-17 00:00:00+00:00,618494664.5
2020-12-18 00:00:00+00:00,622258779.5
2020-12-21 00:00:00+00:00,624140837.0
2020-12-22 00:00:00+00:00,626775717.5
2020-12-23 00:00:00+00:00,629598803.75
2020-12-24 00:00:00+00:00,632421890.0
2020-12-28 00:00:00+00:00,636562416.5
2020-12-29 00:00:00+00:00,643714235.0
2020-12-30 00:00:00+00:00,650113230.5
2020-12-31 00:00:00+00:00,657265049.0
2021-01-01 00:00:00+00:00,658582489.25
2021-01-04 00:00:00+00:00,657076843.25
2021-01-05 00:00:00+00:00,663099427.25
2021-01-06 00:00:00+00:00,665546102.0
2021-01-07 00:00:00+00:00,664793279.0
2021-01-08 00:00:00+00:00,666487130.75
2021-01-11 00:00:00+00:00,663475838.75
2021-01-12 00:00:00+00:00,682296413.75
2021-01-13 00:00:00+00:00,687754380.5
2021-01-14 00:00:00+00:00,695094404.75
2021-01-15 00:00:00+00:00,693024141.5
2021-01-19 00:00:00+00:00,688883615.0
2021-01-20 00:00:00+00:00,685872323.0
2021-01-21 00:00:00+00:00,687566174.75
2021-01-22 00:00:00+00:00,669686628.5
2021-01-25 00:00:00+00:00,677967681.5
2021-01-26 00:00:00+00:00,693588758.75
2021-01-27 00:00:00+00:00,694906199.0
2021-01-28 00:00:00+00:00,695282610.5
2021-01-29 00:00:00+00:00,704692898.0
2021-02-01 00:00:00+00:00,706386749.75
2021-02-02 00:00:00+00:00,701681606.0
2021-02-03 00:00:00+00:00,708457013.0
2021-02-04 00:00:00+00:00,706951367.0
2021-02-05 00:00:00+00:00,705822132.5
2021-02-08 00:00:00+00:00,717302683.25
2021-02-09 00:00:00+00:00,711656510.75
2021-02-10 00:00:00+00:00,695282610.5
2021-02-11 00:00:00+00:00,691634342.5
2021-02-12 00:00:00+00:00,692897204.5
2021-02-14 00:00:00+00:00,692476250.5
2021-02-15 00:00:00+00:00,692408897.86
2021-02-16 00:00:00+00:00,685320032.5
2021-02-17 00:00:00+00:00,684899078.5
2021-02-18 00:00:00+00:00,686442576.5
2021-02-19 00:00:00+00:00,680309001.5
2021-02-22 00:00:00+00:00,687055934.0
2021-02-23 00:00:00+00:00,689304911.5
2021-02-24 00:00:00+00:00,686325231.5
2021-02-25 00:00:00+00:00,688763151.5
2021-02-26 00:00:00+00:00,689168739.5
2021-03-01 00:00:00+00:00,684842467.5
2021-03-02 00:00:00+00:00,677582196.25
2021-03-03 00:00:00+00:00,683335618.75
2021-03-04 00:00:00+00:00,685527398.75
2021-03-05 00:00:00+00:00,676897265.0
2021-03-08 00:00:00+00:00,675253430.0
2021-03-09 00:00:00+00:00,676897265.0
2021-03-10 00:00:00+00:00,684705481.25
2021-03-11 00:00:00+00:00,680732880.0
2021-03-12 00:00:00+00:00,683883563.75
2021-03-15 00:00:00+00:00,683746577.5
2021-03-16 00:00:00+00:00,681143838.75
2021-03-17 00:00:00+00:00,679089045.0
2021-03-18 00:00:00+00:00,685390412.5
2021-03-19 00:00:00+00:00,679226031.25
2021-03-22 00:00:00+00:00,684020550.0
2021-03-23 00:00:00+00:00,682787673.75
2021-03-24 00:00:00+00:00,681691783.75
2021-03-25 00:00:00+00:00,685390412.5
2021-03-26 00:00:00+00:00,682102742.5
2021-03-29 00:00:00+00:00,685253426.25
2021-03-30 00:00:00+00:00,689363013.75
2021-03-31 00:00:00+00:00,675664388.75
2021-04-01 00:00:00+00:00,678130141.25
2021-04-05 00:00:00+00:00,681691783.75
2021-04-06 00:00:00+00:00,681143838.75
2021-04-07 00:00:00+00:00,677719182.5
2021-04-08 00:00:00+00:00,667171241.25
2021-04-09 00:00:00+00:00,668541103.75
2021-04-12 00:00:00+00:00,673061650.0
2021-04-13 00:00:00+00:00,667034255.0
2021-04-14 00:00:00+00:00,659363025.0
2021-04-15 00:00:00+00:00,661554805.0
2021-04-16 00:00:00+00:00,664020557.5
2021-04-19 00:00:00+00:00,660458915.0
2021-04-20 00:00:00+00:00,652513712.5
2021-04-21 00:00:00+00:00,642102757.5
2021-04-22 00:00:00+00:00,628404132.5
2021-04-23 00:00:00+00:00,625664407.5
2021-04-26 00:00:00+00:00,611965782.5
2021-04-27 00:00:00+00:00,603746607.5
2021-04-28 00:00:00+00:00,608815098.75
2021-04-29 00:00:00+00:00,619142956.5
2021-04-30 00:00:00+00:00,644060962.5
2021-05-03 00:00:00+00:00,638979000.75
2021-05-04 00:00:00+00:00,647175713.25
2021-05-05 00:00:00+00:00,652749477.75
2021-05-06 00:00:00+00:00,656847834.0
2021-05-07 00:00:00+00:00,665536349.25
2021-05-10 00:00:00+00:00,649306858.5
2021-05-11 00:00:00+00:00,656847834.0
2021-05-12 00:00:00+00:00,655536360.0
2021-05-13 00:00:00+00:00,630290485.5
2021-05-14 00:00:00+00:00,607995427.5
2021-05-17 00:00:00+00:00,586683975.0
2021-05-18 00:00:00+00:00,590454462.75
2021-05-19 00:00:00+00:00,590454462.75
2021-05-20 00:00:00+00:00,594552819.0
2021-05-21 00:00:00+00:00,591274134.0
2021-05-24 00:00:00+00:00,589798725.75
2021-05-25 00:00:00+00:00,565536456.75
2021-05-26 00:00:00+00:00,568323339.0
2021-05-27 00:00:00+00:00,549107979.0
2021-05-28 00:00:00+00:00,552830955.0
2021-05-31 00:00:00+00:00,547964665.08
2021-06-01 00:00:00+00:00,537458667.0
2021-06-02 00:00:00+00:00,531469565.75
2021-06-03 00:00:00+00:00,525807142.75
2021-06-04 00:00:00+00:00,534845241.0
2021-06-07 00:00:00+00:00,533320742.5
2021-06-08 00:00:00+00:00,533647420.75
2021-06-09 00:00:00+00:00,538329809.0
2021-06-10 00:00:00+00:00,541923269.75
2021-06-11 00:00:00+00:00,535607490.25
2021-06-14 00:00:00+00:00,524609322.5
2021-06-15 00:00:00+00:00,528202783.25
2021-06-16 00:00:00+00:00,530598423.75
2021-06-17 00:00:00+00:00,513175583.75
2021-06-18 00:00:00+00:00,522867038.5
2021-06-21 00:00:00+00:00,524609322.5
2021-06-22 00:00:00+00:00,524827108.0
2021-06-23 00:00:00+00:00,526787177.5
2021-06-24 00:00:00+00:00,521995896.5
2021-06-25 00:00:00+00:00,514700082.25
2021-06-28 00:00:00+00:00,531687351.25
2021-06-29 00:00:00+00:00,539963200.25
2021-06-30 00:00:00+00:00,551070260.75
2021-07-01 00:00:00+00:00,550961368.0
2021-07-02 00:00:00+00:00,541161020.5
2021-07-06 00:00:00+00:00,523193716.75
2021-07-07 00:00:00+00:00,521669218.25
2021-07-08 00:00:00+00:00,515353438.75
2021-07-09 00:00:00+00:00,511759978.0
2021-07-12 00:00:00+00:00,528965032.5
2021-07-13 00:00:00+00:00,532340707.75
2021-07-14 00:00:00+00:00,534954133.75
2021-07-15 00:00:00+00:00,613193402.5
2021-07-16 00:00:00+00:00,618628972.75
2021-07-19 00:00:00+00:00,618628972.75
2021-07-20 00:00:00+00:00,608251975.0
2021-07-21 00:00:00+00:00,608251975.0
2021-07-22 00:00:00+00:00,613028688.25
2021-07-23 00:00:00+00:00,624393971.5
2021-07-26 00:00:00+00:00,622746829.0
2021-07-27 00:00:00+00:00,623405686.0
2021-07-28 00:00:00+00:00,623076257.5
2021-07-29 00:00:00+00:00,617311258.75
2021-07-30 00:00:00+00:00,624558685.75
2021-08-02 00:00:00+00:00,616817116.0
2021-08-03 00:00:00+00:00,622252686.25
2021-08-04 00:00:00+00:00,625382257.0
2021-08-05 00:00:00+00:00,618793687.0
2021-08-06 00:00:00+00:00,619287829.75
2021-08-09 00:00:00+00:00,622417400.5
2021-08-10 00:00:00+00:00,623076257.5
2021-08-11 00:00:00+00:00,618464258.5
2021-08-12 00:00:00+00:00,611381545.75
2021-08-13 00:00:00+00:00,610557974.5
2021-08-16 00:00:00+00:00,612863974.0
2021-08-17 00:00:00+00:00,609411122.0
2021-08-18 00:00:00+00:00,611270350.0
2021-08-19 00:00:00+00:00,605028656.0
2021-08-20 00:00:00+00:00,599052566.0
2021-08-23 00:00:00+00:00,598654160.0
2021-08-24 00:00:00+00:00,602107012.0
2021-08-25 00:00:00+00:00,605692666.0
2021-08-26 00:00:00+00:00,604468177.0
2021-08-27 00:00:00+00:00,600182465.5
2021-08-30 00:00:00+00:00,614672252.0
2021-08-31 00:00:00+00:00,619774289.5
2021-09-01 00:00:00+00:00,634876320.5
2021-09-02 00:00:00+00:00,634264076.0
2021-09-03 00:00:00+00:00,640998765.5
2021-09-06 00:00:00+00:00,627733468.0
2021-09-07 00:00:00+00:00,650998759.0
2021-09-08 00:00:00+00:00,648957944.0
2021-09-09 00:00:00+00:00,650794677.5
2021-09-10 00:00:00+00:00,645284477.0
2021-09-13 00:00:00+00:00,650182433.0
2021-09-14 00:00:00+00:00,645080395.5
2021-09-15 00:00:00+00:00,620182452.5
2021-09-16 00:00:00+00:00,623447756.5
2021-09-17 00:00:00+00:00,625284490.0
2021-09-20 00:00:00+00:00,629774283.0
2021-09-21 00:00:00+00:00,633651831.5
2021-09-22 00:00:00+00:00,626713060.5
2021-09-23 00:00:00+00:00,623651838.0
2021-09-24 00:00:00+00:00,625692653.0
2021-09-27 00:00:00+00:00,615284496.5
2021-09-28 00:00:00+00:00,620998778.5
2021-09-29 00:00:00+00:00,615692659.5
2021-09-30 00:00:00+00:00,617529393.0
2021-10-01 00:00:00+00:00,613651844.5
2021-10-04 00:00:00+00:00,613236332.5
2021-10-05 00:00:00+00:00,611435780.5
2021-10-06 00:00:00+00:00,608527196.5
2021-10-07 00:00:00+00:00,609496724.5
2021-10-08 00:00:00+00:00,607557668.5
2021-10-11 00:00:00+00:00,608942708.5
2021-10-12 00:00:00+00:00,603125540.5
2021-10-13 00:00:00+00:00,597446876.5
2021-10-14 00:00:00+00:00,599939948.5
2021-10-15 00:00:00+00:00,604926092.5
2021-10-18 00:00:00+00:00,608804204.5
2021-10-19 00:00:00+00:00,610211992.0
2021-10-20 00:00:00+00:00,605143957.0
2021-10-21 00:00:00+00:00,609085762.0
2021-10-22 00:00:00+00:00,605847850.75
2021-10-25 00:00:00+00:00,605847850.75
2021-10-26 00:00:00+00:00,602750718.25
2021-10-27 00:00:00+00:00,610340402.0
2021-10-28 00:00:00+00:00,613376275.5
2021-10-29 00:00:00+00:00,616412149.0
2021-11-01 00:00:00+00:00,622345901.75
2021-11-02 00:00:00+00:00,619034039.75
2021-11-03 00:00:00+00:00,614066246.75
2021-11-04 00:00:00+00:00,611444356.0
2021-11-05 00:00:00+00:00,607994499.75
2021-11-08 00:00:00+00:00,607166534.25
2021-11-09 00:00:00+00:00,608960459.5
2021-11-10 00:00:00+00:00,616964126.0
2021-11-11 00:00:00+00:00,617102120.25
2021-11-12 00:00:00+00:00,621379942.0
2021-11-15 00:00:00+00:00,620965959.25
2021-11-16 00:00:00+00:00,617930085.75
2021-11-17 00:00:00+00:00,620275988.0
2021-11-18 00:00:00+00:00,619034039.75
2021-11-19 00:00:00+00:00,617792091.5
2021-11-22 00:00:00+00:00,621103953.5
2021-11-23 00:00:00+00:00,623173867.25
2021-11-24 00:00:00+00:00,622759884.5
2021-11-26 00:00:00+00:00,626623723.5
2021-11-29 00:00:00+00:00,623449855.75
2021-11-30 00:00:00+00:00,615722177.75
2021-12-01 00:00:00+00:00,618482062.75
2021-12-02 00:00:00+00:00,621241947.75
2021-12-03 00:00:00+00:00,626209740.75
2021-12-06 00:00:00+00:00,624829798.25
2021-12-07 00:00:00+00:00,626347735.0
2021-12-08 00:00:00+00:00,625519769.5
2021-12-09 00:00:00+00:00,622633923.25
2021-12-10 00:00:00+00:00,622633923.25
2021-12-13 00:00:00+00:00,625904549.0
2021-12-14 00:00:00+00:00,622441533.5
2021-12-15 00:00:00+00:00,624750210.5
2021-12-16 00:00:00+00:00,628975558.0
2021-12-17 00:00:00+00:00,630512048.0
2021-12-20 00:00:00+00:00,628783496.75
2021-12-21 00:00:00+00:00,634353273.0
2021-12-22 00:00:00+00:00,637618314.25
2021-12-23 00:00:00+00:00,640115110.5
2021-12-24 00:00:00+00:00,640153522.75
2021-12-27 00:00:00+00:00,647029315.5
2021-12-28 00:00:00+00:00,639346865.5
2021-12-29 00:00:00+00:00,639923049.25
2021-12-30 00:00:00+00:00,632624721.75
2021-12-31 00:00:00+00:00,630512048.0
2022-01-03 00:00:00+00:00,627439068.0
2022-01-04 00:00:00+00:00,642996029.25
2022-01-05 00:00:00+00:00,637426253.0
2022-01-06 00:00:00+00:00,638578620.5
2022-01-07 00:00:00+00:00,640883355.5
2022-01-10 00:00:00+00:00,635505640.5
2022-01-11 00:00:00+00:00,636465946.75
2022-01-12 00:00:00+00:00,634929456.75
2022-01-13 00:00:00+00:00,626094639.25
2022-01-14 00:00:00+00:00,632816783.0
2022-01-18 00:00:00+00:00,635313579.25
2022-01-19 00:00:00+00:00,643764274.25
2022-01-20 00:00:00+00:00,644148396.75
2022-01-21 00:00:00+00:00,648181683.0
2022-01-24 00:00:00+00:00,651830846.75
2022-01-25 00:00:00+00:00,651062601.75
2022-01-26 00:00:00+00:00,656440316.75
2022-01-27 00:00:00+00:00,655095888.0
2022-01-28 00:00:00+00:00,649937952.0
2022-01-31 00:00:00+00:00,654736032.0
2022-02-01 00:00:00+00:00,650537712.0
2022-02-02 00:00:00+00:00,656415360.0
2022-02-03 00:00:00+00:00,659174256.0
2022-02-04 00:00:00+00:00,657374976.0
2022-02-07 00:00:00+00:00,650297808.0
2022-02-08 00:00:00+00:00,651737232.0
2022-02-09 00:00:00+00:00,644780016.0
2022-02-10 00:00:00+00:00,647179056.0
2022-02-11 00:00:00+00:00,642740832.0
2022-02-14 00:00:00+00:00,640461744.0
2022-02-15 00:00:00+00:00,648978336.0
2022-02-16 00:00:00+00:00,644660064.0
2022-02-17 00:00:00+00:00,643220640.0
2022-02-18 00:00:00+00:00,641181456.0
2022-02-22 00:00:00+00:00,631345392.0
2022-02-23 00:00:00+00:00,627027120.0
2022-02-24 00:00:00+00:00,621629280.0
2022-02-25 00:00:00+00:00,638662464.0
2022-02-28 00:00:00+00:00,620429760.0
2022-03-01 00:00:00+00:00,600157872.0
2022-03-02 00:00:00+00:00,599701637.25
2022-03-03 00:00:00+00:00,607153471.5
2022-03-04 00:00:00+00:00,610347114.75
2022-03-07 00:00:00+00:00,605936845.5
2022-03-08 00:00:00+00:00,609130488.75
2022-03-09 00:00:00+00:00,597268385.25
2022-03-10 00:00:00+00:00,611107506.0
2022-03-11 00:00:00+00:00,607098930.75
2022-03-14 00:00:00+00:00,628626464.5
2022-03-15 00:00:00+00:00,610959040.25
2022-03-16 00:00:00+00:00,627587204.25
2022-03-17 00:00:00+00:00,613037560.75
2022-03-18 00:00:00+00:00,620609314.0
2022-03-21 00:00:00+00:00,611998300.5
2022-03-22 00:00:00+00:00,613928355.25
2022-03-23 00:00:00+00:00,611107506.0
2022-03-24 00:00:00+00:00,616749204.5
2022-03-25 00:00:00+00:00,620207271.75
2022-03-28 00:00:00+00:00,616899555.25
2022-03-29 00:00:00+00:00,603518338.5
2022-03-30 00:00:00+00:00,610584823.75
2022-03-31 00:00:00+00:00,617049906.0
2022-04-01 00:00:00+00:00,608780614.75
2022-04-04 00:00:00+00:00,618102361.25
2022-04-05 00:00:00+00:00,623665339.0
2022-04-06 00:00:00+00:00,621710779.25
2022-04-07 00:00:00+00:00,622462533.0
2022-04-08 00:00:00+00:00,629077966.0
2022-04-11 00:00:00+00:00,626522003.25
2022-04-12 00:00:00+00:00,633588488.5
2022-04-13 00:00:00+00:00,637948660.25
2022-04-14 00:00:00+00:00,642008130.5
2022-04-15 00:00:00+00:00,642459182.75
2022-04-18 00:00:00+00:00,655840399.5
2022-04-19 00:00:00+00:00,650277421.75
2022-04-20 00:00:00+00:00,643700935.0
2022-04-21 00:00:00+00:00,652936001.5
2022-04-22 00:00:00+00:00,656434132.75
2022-04-25 00:00:00+00:00,652376300.5
2022-04-26 00:00:00+00:00,650697197.5
2022-04-27 00:00:00+00:00,643840860.25
2022-04-28 00:00:00+00:00,643561009.75
2022-04-29 00:00:00+00:00,642301682.5
2022-05-02 00:00:00+00:00,645240112.75
2022-05-03 00:00:00+00:00,652096450.0
2022-05-04 00:00:00+00:00,653355777.25
2022-05-05 00:00:00+00:00,650417347.0
2022-05-06 00:00:00+00:00,656853908.5
2022-05-09 00:00:00+00:00,661191591.25
2022-05-10 00:00:00+00:00,660072189.25
2022-05-11 00:00:00+00:00,651256898.5
2022-05-12 00:00:00+00:00,644960262.25
2022-05-13 00:00:00+00:00,655594581.25
2022-05-16 00:00:00+00:00,647199066.25
2022-05-17 00:00:00+00:00,652096450.0
2022-05-18 00:00:00+00:00,662870694.25
2022-05-19 00:00:00+00:00,661891217.5
2022-05-20 00:00:00+00:00,664409872.0
2022-05-23 00:00:00+00:00,660212114.5
2022-05-24 00:00:00+00:00,668327779.0
2022-05-25 00:00:00+00:00,668047928.5
2022-05-26 00:00:00+00:00,672105760.75
2022-05-27 00:00:00+00:00,665249423.5
2022-05-30 00:00:00+00:00,666161736.13
2022-05-31 00:00:00+00:00,678542322.25
2022-06-01 00:00:00+00:00,690995669.5
2022-06-02 00:00:00+00:00,691555370.5
2022-06-03 00:00:00+00:00,693374398.75
2022-06-06 00:00:00+00:00,684699033.25
2022-06-07 00:00:00+00:00,676583368.75
2022-06-08 00:00:00+00:00,672385611.25
2022-06-09 00:00:00+00:00,667628152.75
2022-06-10 00:00:00+00:00,667488227.5
2022-06-13 00:00:00+00:00,669727031.5
2022-06-14 00:00:00+00:00,670286732.5
2022-06-15 00:00:00+00:00,667068451.75
2022-06-16 00:00:00+00:00,659092712.5
2022-06-17 00:00:00+00:00,661191591.25
2022-06-21 00:00:00+00:00,674484490.0
2022-06-22 00:00:00+00:00,670426657.75
2022-06-23 00:00:00+00:00,657975496.5
2022-06-24 00:00:00+00:00,660026276.0
2022-06-27 00:00:00+00:00,656510654.0
2022-06-28 00:00:00+00:00,665446193.25
2022-06-29 00:00:00+00:00,671745016.0
2022-06-30 00:00:00+00:00,656217685.5
2022-07-01 00:00:00+00:00,662516508.25
2022-07-05 00:00:00+00:00,651676673.75
2022-07-06 00:00:00+00:00,656510654.0
2022-07-07 00:00:00+00:00,658121980.75
2022-07-08 00:00:00+00:00,676432512.0
2022-07-11 00:00:00+00:00,678190323.0
2022-07-12 00:00:00+00:00,649772378.5
2022-07-13 00:00:00+00:00,654020421.75
2022-07-14 00:00:00+00:00,627653256.75
2022-07-15 00:00:00+00:00,574479474.0
2022-07-18 00:00:00+00:00,579166970.0
2022-07-19 00:00:00+00:00,586761892.5
2022-07-20 00:00:00+00:00,588966870.0
2022-07-21 00:00:00+00:00,597051787.5
2022-07-22 00:00:00+00:00,602686730.0
2022-07-25 00:00:00+00:00,594969308.75
2022-07-26 00:00:00+00:00,586639393.75
2022-07-27 00:00:00+00:00,585046910.0
2022-07-28 00:00:00+00:00,577819483.75
2022-07-29 00:00:00+00:00,577206990.0
2022-08-01 00:00:00+00:00,581739443.75
2022-08-02 00:00:00+00:00,589456865.0
2022-08-03 00:00:00+00:00,589334366.25
2022-08-04 00:00:00+00:00,584066920.0
2022-08-05 00:00:00+00:00,580146960.0
2022-08-08 00:00:00+00:00,581004451.25
2022-08-09 00:00:00+00:00,577574486.25
2022-08-10 00:00:00+00:00,574757015.0
2022-08-11 00:00:00+00:00,570837055.0
2022-08-12 00:00:00+00:00,565692107.5
2022-08-15 00:00:00+00:00,572062042.5
2022-08-16 00:00:00+00:00,579779463.75
2022-08-17 00:00:00+00:00,577819483.75
2022-08-18 00:00:00+00:00,575492007.5
2022-08-19 00:00:00+00:00,572429538.75
2022-08-22 00:00:00+00:00,568754576.25
2022-08-23 00:00:00+00:00,555769708.75
2022-08-24 00:00:00+00:00,552952237.5
2022-08-25 00:00:00+00:00,556994696.25
2022-08-26 00:00:00+00:00,551482252.5
2022-08-29 00:00:00+00:00,544132327.5
2022-08-30 00:00:00+00:00,546092307.5
2022-08-31 00:00:00+00:00,549032277.5
2022-09-01 00:00:00+00:00,556627200.0
2022-09-02 00:00:00+00:00,551359753.75
2022-09-05 00:00:00+00:00,552153545.65
2022-09-06 00:00:00+00:00,561168642.51
2022-09-07 00:00:00+00:00,558471530.51
2022-09-08 00:00:00+00:00,552908737.01
2022-09-09 00:00:00+00:00,573137077.01
2022-09-12 00:00:00+00:00,582408399.51
2022-09-13 00:00:00+00:00,580216996.01
2022-09-14 00:00:00+00:00,580216996.01
2022-09-15 00:00:00+00:00,558977239.01
2022-09-16 00:00:00+00:00,558808669.51
2022-09-19 00:00:00+00:00,559482947.51
2022-09-20 00:00:00+00:00,568754270.01
2022-09-21 00:00:00+00:00,564371463.01
2022-09-22 00:00:00+00:00,566225727.51
2022-09-23 00:00:00+00:00,558471530.51
2022-09-26 00:00:00+00:00,551391611.51
2022-09-27 00:00:00+00:00,552234459.01
2022-09-28 00:00:00+00:00,554257293.01
2022-09-29 00:00:00+00:00,554704720.01
2022-09-30 00:00:00+00:00,551125304.01
2022-10-03 00:00:00+00:00,549671166.26
2022-10-04 00:00:00+00:00,548664455.51
2022-10-05 00:00:00+00:00,548217028.51
2022-10-06 00:00:00+00:00,552020158.01
2022-10-07 00:00:00+00:00,548552598.76
2022-10-10 00:00:00+00:00,541841193.76
2022-10-11 00:00:00+00:00,544190185.51
2022-10-12 00:00:00+00:00,544190185.51
2022-10-13 00:00:00+00:00,542064907.26
2022-10-14 00:00:00+00:00,545644323.26
2022-10-17 00:00:00+00:00,548440742.01
2022-10-18 00:00:00+00:00,549559309.51
2022-10-19 00:00:00+00:00,550789733.76
2022-10-20 00:00:00+00:00,548217028.51
2022-10-21 00:00:00+00:00,548105171.76
2022-10-24 00:00:00+00:00,549335596.01
2022-10-25 00:00:00+00:00,547210317.76
2022-10-26 00:00:00+00:00,547769601.51
2022-10-27 00:00:00+00:00,549000025.76
2022-10-28 00:00:00+00:00,549671166.26
2022-10-31 00:00:00+00:00,544861326.01
2022-11-01 00:00:00+00:00,542064907.26
2022-11-02 00:00:00+00:00,546651034.01
2022-11-03 00:00:00+00:00,550342306.76
2022-11-04 00:00:00+00:00,549559309.51
2022-11-07 00:00:00+00:00,551908301.26
2022-11-08 00:00:00+00:00,555599574.01
2022-11-09 00:00:00+00:00,556941855.01
2022-11-10 00:00:00+00:00,561975408.76
2022-11-11 00:00:00+00:00,559850130.51
2022-11-14 00:00:00+00:00,560185700.76
2022-11-15 00:00:00+00:00,555935144.26
2022-11-16 00:00:00+00:00,556606284.76
2022-11-17 00:00:00+00:00,555599574.01
2022-11-18 00:00:00+00:00,555487717.26
2022-11-21 00:00:00+00:00,559178990.01
2022-11-22 00:00:00+00:00,560409414.26
2022-11-23 00:00:00+00:00,557501138.76
2022-11-25 00:00:00+00:00,555375860.51
2022-11-28 00:00:00+00:00,555040290.26
2022-11-29 00:00:00+00:00,556382571.26
2022-11-30 00:00:00+00:00,558060422.51
2022-12-01 00:00:00+00:00,552622358.51
2022-12-02 00:00:00+00:00,545824778.51
2022-12-05 00:00:00+00:00,542992453.51
2022-12-06 00:00:00+00:00,541519644.51
2022-12-07 00:00:00+00:00,542539281.51
2022-12-08 00:00:00+00:00,544465262.51
2022-12-09 00:00:00+00:00,545711485.51
2022-12-12 00:00:00+00:00,548657103.51
2022-12-13 00:00:00+00:00,549790033.51
2022-12-14 00:00:00+00:00,553110421.26
2022-12-15 00:00:00+00:00,542974500.76
2022-12-16 00:00:00+00:00,543324015.26
2022-12-19 00:00:00+00:00,547343432.01
2022-12-20 00:00:00+00:00,544023044.26
2022-12-21 00:00:00+00:00,536857997.01
2022-12-22 00:00:00+00:00,538081297.76
2022-12-23 00:00:00+00:00,534061881.01
2022-12-27 00:00:00+00:00,528120134.51
2022-12-28 00:00:00+00:00,522527902.51
2022-12-29 00:00:00+00:00,524799746.76
2022-12-30 00:00:00+00:00,525498775.76
2023-01-03 00:00:00+00:00,531091007.76
2023-01-04 00:00:00+00:00,519849412.76
2023-01-05 00:00:00+00:00,519178272.76
2023-01-06 00:00:00+00:00,520017197.76
2023-01-09 00:00:00+00:00,519178272.76
2023-01-10 00:00:00+00:00,520688337.76
2023-01-11 00:00:00+00:00,521359477.76
2023-01-12 00:00:00+00:00,531426577.76
2023-01-13 00:00:00+00:00,534111137.76
2023-01-17 00:00:00+00:00,540990322.76
2023-01-18 00:00:00+00:00,538305762.76
2023-01-19 00:00:00+00:00,535621202.76
2023-01-20 00:00:00+00:00,534950062.76
2023-01-23 00:00:00+00:00,528238662.76
2023-01-24 00:00:00+00:00,535453417.76
2023-01-25 00:00:00+00:00,533943352.76
2023-01-26 00:00:00+00:00,539144687.76
2023-01-27 00:00:00+00:00,539480257.76
2023-01-30 00:00:00+00:00,539983612.76
2023-01-31 00:00:00+00:00,537299052.76
2023-02-01 00:00:00+00:00,538137977.76
2023-02-02 00:00:00+00:00,534278922.76
2023-02-03 00:00:00+00:00,535788987.76
2023-02-06 00:00:00+00:00,536795697.76
2023-02-07 00:00:00+00:00,533439997.76
2023-02-08 00:00:00+00:00,536460127.76
2023-02-09 00:00:00+00:00,531258792.76
2023-02-10 00:00:00+00:00,537802407.76
2023-02-13 00:00:00+00:00,540822537.76
2023-02-14 00:00:00+00:00,542026916.76
2023-02-15 00:00:00+00:00,544654652.76
2023-02-16 00:00:00+00:00,544764141.76
2023-02-17 00:00:00+00:00,543997718.76
2023-02-21 00:00:00+00:00,542793339.76
2023-02-22 00:00:00+00:00,545530564.76
2023-02-23 00:00:00+00:00,552099904.76
2023-02-24 00:00:00+00:00,556479464.76
2023-02-27 00:00:00+00:00,559326178.76
2023-02-28 00:00:00+00:00,565129095.76
2023-03-01 00:00:00+00:00,560311579.76
2023-03-02 00:00:00+00:00,561515958.76
2023-03-03 00:00:00+00:00,558231288.76
2023-03-06 00:00:00+00:00,561844425.76
2023-03-07 00:00:00+00:00,563048804.76
2023-03-08 00:00:00+00:00,566880919.76
2023-03-09 00:00:00+00:00,573012303.76
2023-03-10 00:00:00+00:00,567428364.76
2023-03-13 00:00:00+00:00,567318875.76
2023-03-14 00:00:00+00:00,566005007.76
2023-03-15 00:00:00+00:00,566442963.76
2023-03-16 00:00:00+00:00,563705738.76
2023-03-17 00:00:00+00:00,563048804.76
2023-03-20 00:00:00+00:00,563596249.76
2023-03-21 00:00:00+00:00,562174450.76
2023-03-22 00:00:00+00:00,563833216.26
2023-03-23 00:00:00+00:00,563003833.51
2023-03-24 00:00:00+00:00,568335579.76
2023-03-27 00:00:00+00:00,570823728.01
2023-03-28 00:00:00+00:00,570349795.01
2023-03-29 00:00:00+00:00,571890077.26
2023-03-30 00:00:00+00:00,571416144.26
2023-03-31 00:00:00+00:00,576629407.26
2023-04-03 00:00:00+00:00,575326091.51
2023-04-04 00:00:00+00:00,573430359.51
2023-04-05 00:00:00+00:00,572956426.51
2023-04-06 00:00:00+00:00,568572546.26
2023-04-07 00:00:00+00:00,568572546.26
2023-04-10 00:00:00+00:00,573548842.76
2023-04-11 00:00:00+00:00,572127043.76
2023-04-12 00:00:00+00:00,574496708.76
2023-04-13 00:00:00+00:00,572719460.01
2023-04-14 00:00:00+00:00,579354522.01
2023-04-17 00:00:00+00:00,584212335.26
2023-04-18 00:00:00+00:00,584686268.26
2023-04-19 00:00:00+00:00,582198120.01
2023-04-20 00:00:00+00:00,578169689.51
2023-04-21 00:00:00+00:00,577932723.01
2023-04-24 00:00:00+00:00,572245527.01
2023-04-25 00:00:00+00:00,569994345.26
2023-04-26 00:00:00+00:00,567624680.26
2023-04-27 00:00:00+00:00,560752651.76
2023-04-28 00:00:00+00:00,565018048.76
2023-05-01 00:00:00+00:00,566676814.26
2023-05-02 00:00:00+00:00,565965914.76
2023-05-03 00:00:00+00:00,569401929.01
2023-05-04 00:00:00+00:00,569994345.26
2023-05-05 00:00:00+00:00,573193393.01
2023-05-08 00:00:00+00:00,570954588.26
2023-05-09 00:00:00+00:00,580770886.01
2023-05-10 00:00:00+00:00,578532081.26
2023-05-11 00:00:00+00:00,587487300.26
2023-05-12 00:00:00+00:00,586970653.01
2023-05-15 00:00:00+00:00,615041820.26
2023-05-16 00:00:00+00:00,622791529.01
2023-05-17 00:00:00+00:00,636396573.26
2023-05-18 00:00:00+00:00,640701967.01
2023-05-19 00:00:00+00:00,641218614.26
2023-05-22 00:00:00+00:00,629852374.76
2023-05-23 00:00:00+00:00,625374765.26
2023-05-24 00:00:00+00:00,618658351.01
2023-05-25 00:00:00+00:00,616247330.51
2023-05-26 00:00:00+00:00,607119895.76
2023-05-30 00:00:00+00:00,614008525.76
2023-05-31 00:00:00+00:00,614008525.76
2023-06-01 00:00:00+00:00,612872163.26
2023-06-02 00:00:00+00:00,625372150.76
2023-06-05 00:00:00+00:00,616660038.26
2023-06-06 00:00:00+00:00,624614575.76
2023-06-07 00:00:00+00:00,621773669.51
2023-06-08 00:00:00+00:00,626319119.51
2023-06-09 00:00:00+00:00,621773669.51
2023-06-12 00:00:00+00:00,631622144.51
2023-06-13 00:00:00+00:00,628023663.26
2023-06-14 00:00:00+00:00,624425182.01
2023-06-15 00:00:00+00:00,636167594.51
2023-06-16 00:00:00+00:00,649046369.51
2023-06-20 00:00:00+00:00,651697882.01
2023-06-21 00:00:00+00:00,672341800.76
2023-06-22 00:00:00+00:00,664387263.26
2023-06-23 00:00:00+00:00,641849407.01
2023-06-26 00:00:00+00:00,646773644.51
2023-06-27 00:00:00+00:00,635978200.76
2023-06-28 00:00:00+00:00,610978225.76
2023-06-29 00:00:00+00:00,604160050.76
2023-06-30 00:00:00+00:00,624684989.76
2023-07-03 00:00:00+00:00,622555043.26
2023-07-05 00:00:00+00:00,629525777.26
2023-07-06 00:00:00+00:00,615197046.26
2023-07-07 00:00:00+00:00,620037833.76
2023-07-10 00:00:00+00:00,612098942.26
2023-07-11 00:00:00+00:00,611324416.26
2023-07-12 00:00:00+00:00,628363988.26
2023-07-13 00:00:00+00:00,594478475.76
2023-07-14 00:00:00+00:00,589637688.26
2023-07-17 00:00:00+00:00,667477551.26
2023-07-18 00:00:00+00:00,644629034.26
2023-07-19 00:00:00+00:00,631655723.76
2023-07-20 00:00:00+00:00,627118603.26
2023-07-21 00:00:00+00:00,621481574.76
2023-07-24 00:00:00+00:00,639905033.76
2023-07-25 00:00:00+00:00,638255171.76
2023-07-26 00:00:00+00:00,628768465.26
2023-07-27 00:00:00+00:00,624918787.26
2023-07-28 00:00:00+00:00,618181850.76
2023-07-31 00:00:00+00:00,608832632.76
2023-08-01 00:00:00+00:00,604982954.76
2023-08-02 00:00:00+00:00,600170857.26
2023-08-03 00:00:00+00:00,596046202.26
2023-08-04 00:00:00+00:00,597971041.26
2023-08-07 00:00:00+00:00,596871133.26
2023-08-08 00:00:00+00:00,598795972.26
2023-08-09 00:00:00+00:00,596183690.76
2023-08-10 00:00:00+00:00,594780365.76
2023-08-11 00:00:00+00:00,600237740.76
2023-08-14 00:00:00+00:00,599458115.76
2023-08-15 00:00:00+00:00,606786590.76
2023-08-16 00:00:00+00:00,603356240.76
2023-08-17 00:00:00+00:00,601173290.76
2023-08-18 00:00:00+00:00,597119240.76
2023-08-21 00:00:00+00:00,603512165.76
2023-08-22 00:00:00+00:00,605227340.76
2023-08-23 00:00:00+00:00,599146265.76
2023-08-24 00:00:00+00:00,601641065.76
2023-08-25 00:00:00+00:00,602576615.76
2023-08-28 00:00:00+00:00,597742940.76
2023-08-29 00:00:00+00:00,603356240.76
2023-08-30 00:00:00+00:00,608189915.76
2023-08-31 00:00:00+00:00,608657690.76
2023-09-01 00:00:00+00:00,606318815.76
2023-09-05 00:00:00+00:00,602420690.76
2023-09-06 00:00:00+00:00,602108840.76
2023-09-07 00:00:00+00:00,602576615.76
2023-09-08 00:00:00+00:00,603979940.76
2023-09-11 00:00:00+00:00,602264765.76
2023-09-12 00:00:00+00:00,607254365.76
2023-09-13 00:00:00+00:00,606786590.76
2023-09-14 00:00:00+00:00,607722140.76
2023-09-15 00:00:00+00:00,599146265.76
2023-09-18 00:00:00+00:00,602108840.76
2023-09-19 00:00:00+00:00,599146265.76
2023-09-20 00:00:00+00:00,595404065.76
2023-09-21 00:00:00+00:00,599769965.76
2023-09-22 00:00:00+00:00,598522565.76
2023-09-25 00:00:00+00:00,596027765.76
2023-09-26 00:00:00+00:00,596963315.76
2023-09-27 00:00:00+00:00,594780365.76
2023-09-28 00:00:00+00:00,591505940.76
2023-09-29 00:00:00+00:00,598834415.76
2023-10-02 00:00:00+00:00,591350015.76
2023-10-03 00:00:00+00:00,592129640.76
2023-10-04 00:00:00+00:00,593065190.76
2023-10-05 00:00:00+00:00,603713328.26
2023-10-06 00:00:00+00:00,598620740.76
2023-10-09 00:00:00+00:00,595148522.01
2023-10-10 00:00:00+00:00,592602228.26
2023-10-11 00:00:00+00:00,594917040.76
2023-10-12 00:00:00+00:00,602324440.76
2023-10-13 00:00:00+00:00,599778147.01
2023-10-16 00:00:00+00:00,596768890.76
2023-10-17 00:00:00+00:00,595842965.76
2023-10-18 00:00:00+00:00,598620740.76
2023-10-19 00:00:00+00:00,610657765.76
2023-10-20 00:00:00+00:00,601861478.26
2023-10-23 00:00:00+00:00,597000372.01
2023-10-24 00:00:00+00:00,591213340.76
2023-10-25 00:00:00+00:00,587509640.76
2023-10-26 00:00:00+00:00,586815197.01
2023-10-27 00:00:00+00:00,588204084.51
2023-10-30 00:00:00+00:00,585889272.01
2023-10-31 00:00:00+00:00,586352234.51
2023-11-01 00:00:00+00:00,582880015.76
2023-11-02 00:00:00+00:00,578250390.76
2023-11-03 00:00:00+00:00,584963347.01
2023-11-06 00:00:00+00:00,584963347.01
2023-11-07 00:00:00+00:00,576861503.26
2023-11-08 00:00:00+00:00,583805940.76
2023-11-09 00:00:00+00:00,576398540.76
2023-11-10 00:00:00+00:00,572694840.76
2023-11-13 00:00:00+00:00,584963347.01
2023-11-14 00:00:00+00:00,585889272.01
2023-11-15 00:00:00+00:00,595380003.26
2023-11-16 00:00:00+00:00,599778147.01
2023-11-17 00:00:00+00:00,592370747.01
2023-11-20 00:00:00+00:00,594454078.26
2023-11-21 00:00:00+00:00,595842965.76
2023-11-22 00:00:00+00:00,594685559.51
2023-11-24 00:00:00+00:00,589824453.26
2023-11-27 00:00:00+00:00,583111497.01
2023-11-28 00:00:00+00:00,581491128.26
2023-11-29 00:00:00+00:00,583574459.51
2023-11-30 00:00:00+00:00,590055934.51
2023-12-01 00:00:00+00:00,573157803.26
2023-12-04 00:00:00+00:00,569222622.01
2023-12-05 00:00:00+00:00,576861503.26
2023-12-06 00:00:00+00:00,573389284.51
2023-12-07 00:00:00+00:00,570000367.51
2023-12-08 00:00:00+00:00,572421022.51
2023-12-11 00:00:00+00:00,577504398.01
2023-12-12 00:00:00+00:00,575567874.01
2023-12-13 00:00:00+00:00,581135380.51
2023-12-14 00:00:00+00:00,581135380.51
2023-12-15 00:00:00+00:00,555718503.01
2023-12-18 00:00:00+00:00,561528075.01
2023-12-19 00:00:00+00:00,565643188.51
2023-12-20 00:00:00+00:00,568547974.51
2023-12-21 00:00:00+00:00,565885254.01
2023-12-22 00:00:00+00:00,565401123.01
2023-12-26 00:00:00+00:00,558381223.51
2023-12-27 00:00:00+00:00,562012206.01
2023-12-28 00:00:00+00:00,564190795.51
2023-12-29 00:00:00+00:00,567095581.51
2024-01-02 00:00:00+00:00,574357546.51
2024-01-03 00:00:00+00:00,572905153.51
2024-01-04 00:00:00+00:00,571694826.01
2024-01-05 00:00:00+00:00,577262332.51
2024-01-08 00:00:00+00:00,582829839.01
2024-01-09 00:00:00+00:00,587033131.51
2024-01-10 00:00:00+00:00,587280384.01
2024-01-11 00:00:00+00:00,585549616.51
2024-01-12 00:00:00+00:00,574917759.01
2024-01-16 00:00:00+00:00,571456224.01
2024-01-17 00:00:00+00:00,570219961.51
2024-01-18 00:00:00+00:00,571950729.01
2024-01-19 00:00:00+00:00,573434244.01
2024-01-22 00:00:00+00:00,573681496.51
2024-01-23 00:00:00+00:00,574423254.01
2024-01-24 00:00:00+00:00,580110061.51
2024-01-25 00:00:00+00:00,579615556.51
2024-01-26 00:00:00+00:00,574176001.51
2024-01-29 00:00:00+00:00,568241941.51
2024-01-30 00:00:00+00:00,575659516.51
2024-01-31 00:00:00+00:00,576154021.51
2024-02-01 00:00:00+00:00,575165011.51
2024-02-02 00:00:00+00:00,570714466.51
2024-02-05 00:00:00+00:00,570714466.51
2024-02-06 00:00:00+00:00,566758426.51
2024-02-07 00:00:00+00:00,562307881.51
2024-02-08 00:00:00+00:00,561318871.51
2024-02-09 00:00:00+00:00,557115579.01
2024-02-12 00:00:00+00:00,558599094.01
2024-02-13 00:00:00+00:00,558846346.51
2024-02-14 00:00:00+00:00,552417781.51
2024-02-15 00:00:00+00:00,545989216.51
2024-02-16 00:00:00+00:00,544752954.01
2024-02-20 00:00:00+00:00,546978226.51
2024-02-21 00:00:00+00:00,539313399.01
2024-02-22 00:00:00+00:00,534368349.01
2024-02-23 00:00:00+00:00,528187036.51
2024-02-26 00:00:00+00:00,522746136.26
2024-02-27 00:00:00+00:00,510363397.76
2024-02-28 00:00:00+00:00,506611052.76
2024-02-29 00:00:00+00:00,505860583.76
2024-03-01 00:00:00+00:00,518806174.01
2024-03-04 00:00:00+00:00,514866211.76
2024-03-05 00:00:00+00:00,517868087.76
2024-03-06 00:00:00+00:00,514490977.26
2024-03-07 00:00:00+00:00,508487225.26
2024-03-08 00:00:00+00:00,508299608.01
2024-03-11 00:00:00+00:00,506798670.01
2024-03-12 00:00:00+00:00,506235818.26
2024-03-13 00:00:00+00:00,508111990.76
2024-03-14 00:00:00+00:00,511113866.76
2024-03-15 00:00:00+00:00,500419683.51
2024-03-18 00:00:00+00:00,500982535.26
2024-03-19 00:00:00+00:00,498355893.76
2024-03-20 00:00:00+00:00,498731128.26
2024-03-21 00:00:00+00:00,497417807.51
2024-03-22 00:00:00+00:00,498543511.01
2024-03-25 00:00:00+00:00,499669214.51
2024-03-26 00:00:00+00:00,503609176.76
2024-03-27 00:00:00+00:00,507924373.51
2024-03-28 00:00:00+00:00,496479721.26
2024-03-29 00:00:00+00:00,496292104.01
2024-04-01 00:00:00+00:00,501357769.76
2024-04-02 00:00:00+00:00,508111990.76
2024-04-03 00:00:00+00:00,504172028.51
2024-04-04 00:00:00+00:00,501545387.01
2024-04-05 00:00:00+00:00,502295856.01
2024-04-08 00:00:00+00:00,501357769.76
2024-04-09 00:00:00+00:00,504547263.01
2024-04-10 00:00:00+00:00,502295856.01
2024-04-11 00:00:00+00:00,506423435.51
2024-04-12 00:00:00+00:00,501357769.76
2024-04-15 00:00:00+00:00,504359645.76
2024-04-16 00:00:00+00:00,504734880.26
2024-04-17 00:00:00+00:00,497230190.26
2024-04-18 00:00:00+00:00,507924373.51
2024-04-19 00:00:00+00:00,495729252.26
2024-04-22 00:00:00+00:00,498168276.51
2024-04-23 00:00:00+00:00,511215453.51
2024-04-24 00:00:00+00:00,507122221.51
2024-04-25 00:00:00+00:00,499447411.51
2024-04-26 00:00:00+00:00,508657183.51
2024-04-29 00:00:00+00:00,507889702.51
2024-04-30 00:00:00+00:00,505331432.51
2024-05-01 00:00:00+00:00,509424664.51
2024-05-02 00:00:00+00:00,518634436.51
2024-05-03 00:00:00+00:00,519146090.51
2024-05-06 00:00:00+00:00,515820339.51
2024-05-07 00:00:00+00:00,512494588.51
2024-05-08 00:00:00+00:00,517949133.76
2024-05-09 00:00:00+00:00,519767315.51
2024-05-10 00:00:00+00:00,511172274.51
2024-05-13 00:00:00+00:00,509354092.76
2024-05-14 00:00:00+00:00,512494588.51
2024-05-15 00:00:00+00:00,506709464.76
2024-05-16 00:00:00+00:00,510345828.26
2024-05-17 00:00:00+00:00,513321034.76
2024-05-20 00:00:00+00:00,508031778.76
2024-05-21 00:00:00+00:00,509684671.26
2024-05-22 00:00:00+00:00,507535911.01
2024-05-23 00:00:00+00:00,505717729.26
2024-05-24 00:00:00+00:00,505221861.51
2024-05-28 00:00:00+00:00,506709464.76
2024-05-29 00:00:00+00:00,511502853.01
2024-05-30 00:00:00+00:00,515800373.51
2024-05-31 00:00:00+00:00,517453266.01
2024-06-03 00:00:00+00:00,519271447.76
2024-06-04 00:00:00+00:00,519932604.76
2024-06-05 00:00:00+00:00,517729215.26
2024-06-06 00:00:00+00:00,526373281.76
2024-06-07 00:00:00+00:00,524169892.26
2024-06-10 00:00:00+00:00,526203790.26
2024-06-11 00:00:00+00:00,527697979.26
2024-06-12 00:00:00+00:00,524543580.26
2024-06-13 00:00:00+00:00,521721223.26
2024-06-14 00:00:00+00:00,527365937.26
2024-06-17 00:00:00+00:00,527365937.26
2024-06-18 00:00:00+00:00,523547454.26
2024-06-20 00:00:00+00:00,530852378.26
2024-06-21 00:00:00+00:00,533674735.26
2024-06-24 00:00:00+00:00,534338819.26
2024-06-25 00:00:00+00:00,539485470.26
2024-06-26 00:00:00+00:00,543635995.26
2024-06-27 00:00:00+00:00,545628247.26
2024-06-28 00:00:00+00:00,555589507.26
2024-07-01 00:00:00+00:00,555921549.26
2024-07-02 00:00:00+00:00,555257465.26
2024-07-03 00:00:00+00:00,556917675.26
2024-07-05 00:00:00+00:00,553597255.26
2024-07-08 00:00:00+00:00,565052704.26
2024-07-09 00:00:00+00:00,564554641.26
2024-07-10 00:00:00+00:00,563392494.26
2024-07-11 00:00:00+00:00,560404116.26
2024-07-12 00:00:00+00:00,559241969.26
2024-07-15 00:00:00+00:00,557747780.26
2024-07-16 00:00:00+00:00,554759402.26
2024-07-17 00:00:00+00:00,552767150.26
2024-07-18 00:00:00+00:00,557249717.26
2024-07-19 00:00:00+00:00,557415738.26
2024-07-22 00:00:00+00:00,550608877.26
2024-07-23 00:00:00+00:00,549114688.26
2024-07-24 00:00:00+00:00,548616625.26
2024-07-25 00:00:00+00:00,546790394.26
2024-07-26 00:00:00+00:00,539125515.26
2024-07-29 00:00:00+00:00,540729792.26
2024-07-30 00:00:00+00:00,535560455.26
2024-07-31 00:00:00+00:00,531817142.26
2024-08-01 00:00:00+00:00,530925877.26
2024-08-02 00:00:00+00:00,534312684.26
2024-08-05 00:00:00+00:00,536986479.26
2024-08-06 00:00:00+00:00,535738708.26
2024-08-07 00:00:00+00:00,532530154.26
2024-08-08 00:00:00+00:00,529856359.26
2024-08-09 00:00:00+00:00,528430335.26
2024-08-12 00:00:00+00:00,533064913.26
2024-08-13 00:00:00+00:00,530034612.26
2024-08-14 00:00:00+00:00,532530154.26
2024-08-15 00:00:00+00:00,529856359.26
2024-08-16 00:00:00+00:00,526647805.26
2024-08-19 00:00:00+00:00,532173648.26
2024-08-20 00:00:00+00:00,530569371.26
2024-08-21 00:00:00+00:00,530747624.26
2024-08-22 00:00:00+00:00,527360817.26
2024-08-23 00:00:00+00:00,525578287.26
2024-08-26 00:00:00+00:00,522369733.26
2024-08-27 00:00:00+00:00,526826058.26
2024-08-28 00:00:00+00:00,525400034.26
2024-08-29 00:00:00+00:00,529143347.26
2024-08-30 00:00:00+00:00,532708407.26
2024-09-03 00:00:00+00:00,538590756.26
2024-09-04 00:00:00+00:00,541086298.26
2024-09-05 00:00:00+00:00,539660274.26
2024-09-06 00:00:00+00:00,536451720.26
2024-09-09 00:00:00+00:00,520765456.26
2024-09-10 00:00:00+00:00,517378649.26
2024-09-11 00:00:00+00:00,518091661.26
2024-09-12 00:00:00+00:00,522191480.26
2024-09-13 00:00:00+00:00,525400034.26
2024-09-16 00:00:00+00:00,539660274.26
2024-09-17 00:00:00+00:00,540908045.26
2024-09-18 00:00:00+00:00,541086298.26
2024-09-19 00:00:00+00:00,536095214.26
2024-09-20 00:00:00+00:00,533243166.26
2024-09-23 00:00:00+00:00,541621057.26
2024-09-24 00:00:00+00:00,540373286.26
2024-09-25 00:00:00+00:00,542868828.26
2024-09-26 00:00:00+00:00,541442804.26
2024-09-27 00:00:00+00:00,544829611.26
2024-09-30 00:00:00+00:00,549642442.26
2024-10-01 00:00:00+00:00,552672743.26
2024-10-02 00:00:00+00:00,555168285.26
2024-10-03 00:00:00+00:00,552137984.26
2024-10-04 00:00:00+00:00,549642442.26
2024-10-07 00:00:00+00:00,550533707.26
2024-10-08 00:00:00+00:00,546790394.26
2024-10-09 00:00:00+00:00,546968647.26
2024-10-10 00:00:00+00:00,545186117.26
2024-10-11 00:00:00+00:00,543225334.26
2024-10-14 00:00:00+00:00,537877744.26
2024-10-15 00:00:00+00:00,532886660.26
2024-10-16 00:00:00+00:00,535382202.26
2024-10-17 00:00:00+00:00,533899806.26
2024-10-18 00:00:00+00:00,535382202.26
2024-10-21 00:00:00+00:00,531861511.76
2024-10-22 00:00:00+00:00,526673125.76
2024-10-23 00:00:00+00:00,524820130.76
2024-10-24 00:00:00+00:00,522967135.76
2024-10-25 00:00:00+00:00,527599623.26
2024-10-28 00:00:00+00:00,530935014.26
2024-10-29 00:00:00+00:00,528711420.26
2024-10-30 00:00:00+00:00,530379115.76
2024-10-31 00:00:00+00:00,530935014.26
2024-11-01 00:00:00+00:00,528155521.76
2024-11-04 00:00:00+00:00,526673125.76
2024-11-05 00:00:00+00:00,525190729.76
2024-11-06 00:00:00+00:00,519446445.26
2024-11-07 00:00:00+00:00,518519947.76
2024-11-08 00:00:00+00:00,515925754.76
2024-11-11 00:00:00+00:00,516666952.76
2024-11-12 00:00:00+00:00,517778749.76
2024-11-13 00:00:00+00:00,519261145.76
2024-11-14 00:00:00+00:00,524820130.76
2024-11-15 00:00:00+00:00,521114140.76
2024-11-18 00:00:00+00:00,509440272.26
2024-11-19 00:00:00+00:00,510922668.26
2024-11-20 00:00:00+00:00,513235632.26
2024-11-21 00:00:00+00:00,509380692.26
2024-11-22 00:00:00+00:00,508352708.26
2024-11-25 00:00:00+00:00,506039744.26
2024-11-26 00:00:00+00:00,500899824.26
2024-11-27 00:00:00+00:00,500899824.26
2024-11-29 00:00:00+00:00,506039744.26
2024-12-02 00:00:00+00:00,505525752.26
2024-12-03 00:00:00+00:00,505268756.26
2024-12-04 00:00:00+00:00,502955792.26
2024-12-05 00:00:00+00:00,508095712.26
2024-12-06 00:00:00+00:00,513235632.26
2024-12-09 00:00:00+00:00,515034604.26
2024-12-10 00:00:00+00:00,522487488.26
2024-12-11 00:00:00+00:00,521716500.26
2024-12-12 00:00:00+00:00,504754764.26
2024-12-13 00:00:00+00:00,502955792.26
2024-12-16 00:00:00+00:00,518375552.26
2024-12-17 00:00:00+00:00,516833576.26
2024-12-18 00:00:00+00:00,510408676.26
2024-12-19 00:00:00+00:00,514006620.26
2024-12-20 00:00:00+00:00,519660532.26
2024-12-23 00:00:00+00:00,521202508.26
2024-12-24 00:00:00+00:00,521973496.26
2024-12-25 00:00:00+00:00,521973496.26
2024-12-26 00:00:00+00:00,527370412.26
2024-12-27 00:00:00+00:00,527627408.26
2024-12-30 00:00:00+00:00,525828436.26
2024-12-31 00:00:00+00:00,532253336.26
2025-01-01 00:00:00+00:00,532089759.51
2025-01-02 00:00:00+00:00,531599029.26
2025-01-03 00:00:00+00:00,523029935.51
2025-01-06 00:00:00+00:00,529885210.51
2025-01-07 00:00:00+00:00,530130041.76
2025-01-08 00:00:00+00:00,526212741.76
2025-01-09 00:00:00+00:00,528171391.76
2025-01-10 00:00:00+00:00,542371604.26
2025-01-13 00:00:00+00:00,548247554.26
2025-01-14 00:00:00+00:00,546288904.26
2025-01-15 00:00:00+00:00,550451035.51
2025-01-16 00:00:00+00:00,546288904.26
2025-01-17 00:00:00+00:00,537042335.76
2025-01-21 00:00:00+00:00,531589231.26
2025-01-22 00:00:00+00:00,537042335.76
2025-01-23 00:00:00+00:00,531826322.76
2025-01-24 00:00:00+00:00,534908512.26
2025-01-27 00:00:00+00:00,539176159.26
2025-01-28 00:00:00+00:00,536093969.76
2025-01-29 00:00:00+00:00,524950669.26
2025-01-30 00:00:00+00:00,531352139.76
2025-01-31 00:00:00+00:00,539176159.26
2025-02-03 00:00:00+00:00,532774688.76
2025-02-04 00:00:00+00:00,527321584.26
2025-02-05 00:00:00+00:00,526563243.01
2025-02-06 00:00:00+00:00,527776589.01
2025-02-07 00:00:00+00:00,523074873.26
2025-02-10 00:00:00+00:00,525501565.26
2025-02-11 00:00:00+00:00,520951517.76
2025-02-12 00:00:00+00:00,524743224.01
2025-02-13 00:00:00+00:00,526714911.26
2025-02-14 00:00:00+00:00,528383262.01
2025-02-18 00:00:00+00:00,540213385.51
2025-02-19 00:00:00+00:00,538090030.01
2025-02-20 00:00:00+00:00,537797204.51
2025-02-21 00:00:00+00:00,542335999.76
2025-02-24 00:00:00+00:00,547021207.76
2025-02-25 00:00:00+00:00,548631748.01
2025-02-26 00:00:00+00:00,549070986.26
2025-02-27 00:00:00+00:00,556391623.76
2025-02-28 00:00:00+00:00,563126610.26
2025-03-03 00:00:00+00:00,570886486.01
2025-03-04 00:00:00+00:00,573668328.26
2025-03-05 00:00:00+00:00,571179311.51
2025-03-06 00:00:00+00:00,566347690.76
2025-03-07 00:00:00+00:00,563273023.01
2025-03-10 00:00:00+00:00,569422358.51
2025-03-11 00:00:00+00:00,570740073.26
2025-03-12 00:00:00+00:00,575278868.51
2025-03-13 00:00:00+00:00,572497026.26
2025-03-14 00:00:00+00:00,577182234.26
2025-03-17 00:00:00+00:00,568104643.76
2025-03-18 00:00:00+00:00,569422358.51
2025-03-19 00:00:00+00:00,567518992.76
2025-03-20 00:00:00+00:00,563419435.76
2025-03-21 00:00:00+00:00,566201278.01
2025-03-24 00:00:00+00:00,566054865.26
2025-03-25 00:00:00+00:00,570008009.51
2025-03-26 00:00:00+00:00,573814741.01
2025-03-27 00:00:00+00:00,574546804.76
2025-03-28 00:00:00+00:00,572643439.01
2025-03-31 00:00:00+00:00,570300835.01
2025-04-01 00:00:00+00:00,567665405.51
2025-04-02 00:00:00+00:00,570008009.51
2025-04-03 00:00:00+00:00,570154422.26
2025-04-04 00:00:00+00:00,568543882.01
2025-04-07 00:00:00+00:00,566054865.26
2025-04-08 00:00:00+00:00,563419435.76
2025-04-09 00:00:00+00:00,560491180.76
2025-04-10 00:00:00+00:00,555220321.76
2025-04-11 00:00:00+00:00,550974352.01
2025-04-14 00:00:00+00:00,554049019.76
2025-04-15 00:00:00+00:00,556245211.01
2025-04-16 00:00:00+00:00,554488258.01
2025-04-17 00:00:00+00:00,555659560.01
2025-04-21 00:00:00+00:00,551120764.76
2025-04-22 00:00:00+00:00,555073909.01
2025-04-23 00:00:00+00:00,557416513.01
2025-04-24 00:00:00+00:00,561876606.26
2025-04-25 00:00:00+00:00,563285056.76
2025-04-28 00:00:00+00:00,561172381.01
2025-04-29 00:00:00+00:00,548965810.01
2025-04-30 00:00:00+00:00,553895386.76
2025-05-01 00:00:00+00:00,550843744.01
2025-05-02 00:00:00+00:00,547792101.26
2025-05-05 00:00:00+00:00,533942338.01
2025-05-06 00:00:00+00:00,535116046.76
2025-05-07 00:00:00+00:00,529247503.01
2025-05-08 00:00:00+00:00,527604310.76
2025-05-09 00:00:00+00:00,529716986.51
2025-05-12 00:00:00+00:00,520796800.01
2025-05-13 00:00:00+00:00,516806190.26
2025-05-14 00:00:00+00:00,519153607.76
2025-05-15 00:00:00+00:00,528543277.76
2025-05-16 00:00:00+00:00,523848442.76
2025-05-19 00:00:00+00:00,527604310.76
2025-05-20 00:00:00+00:00,534177079.76
2025-05-21 00:00:00+00:00,540280365.26
2025-05-22 00:00:00+00:00,542158299.26
2025-05-23 00:00:00+00:00,538871914.76
2025-05-26 00:00:00+00:00,538402431.26
2025-05-27 00:00:00+00:00,538871914.76
2025-05-28 00:00:00+00:00,530890695.26
2025-05-29 00:00:00+00:00,527134827.26
2025-05-30 00:00:00+00:00,524317926.26
2025-06-02 00:00:00+00:00,518918866.01
2025-06-03 00:00:00+00:00,519153607.76
2025-06-04 00:00:00+00:00,519388349.51
2025-06-05 00:00:00+00:00,520092574.76
2025-06-06 00:00:00+00:00,522909475.76
2025-06-09 00:00:00+00:00,514458772.76
2025-06-10 00:00:00+00:00,519388349.51
2025-06-11 00:00:00+00:00,517745157.26
2025-06-12 00:00:00+00:00,519153607.76
2025-06-13 00:00:00+00:00,524787409.76
2025-06-16 00:00:00+00:00,515632481.51
2025-06-17 00:00:00+00:00,512580838.76
2025-06-18 00:00:00+00:00,514458772.76
2025-06-19 00:00:00+00:00,514718288.26
2025-06-20 00:00:00+00:00,519389567.26
2025-06-23 00:00:00+00:00,531067764.76
2025-06-24 00:00:00+00:00,536517590.26
2025-06-25 00:00:00+00:00,544043539.76
2025-06-26 00:00:00+00:00,545081601.76
2025-06-27 00:00:00+00:00,537296136.76
2025-06-30 00:00:00+00:00,522763268.76
2025-07-01 00:00:00+00:00,526396485.76
2025-07-02 00:00:00+00:00,514458772.76
2025-07-03 00:00:00+00:00,510825555.76
2025-07-07 00:00:00+00:00,527694063.26
2025-07-08 00:00:00+00:00,534441466.26
2025-07-09 00:00:00+00:00,533143888.76
2025-07-10 00:00:00+00:00,533865909.76
2025-07-11 00:00:00+00:00,530797320.51
2025-07-14 00:00:00+00:00,521952563.26
2025-07-15 00:00:00+00:00,536212478.01
2025-07-16 00:00:00+00:00,539281067.26
2025-07-17 00:00:00+00:00,537115004.26
2025-07-18 00:00:00+00:00,541988646.01
2025-07-21 00:00:00+00:00,538017530.51
2025-07-22 00:00:00+00:00,534948941.26
2025-07-23 00:00:00+00:00,534587930.76
2025-07-24 00:00:00+00:00,536934499.01
2025-07-25 00:00:00+00:00,535670962.26
2025-07-28 00:00:00+00:00,532060857.26
2025-07-29 00:00:00+00:00,529894794.26
2025-07-30 00:00:00+00:00,530797320.51
2025-07-31 00:00:00+00:00,531880352.01
2025-08-01 00:00:00+00:00,529714289.01
2025-08-04 00:00:00+00:00,527006710.26
2025-08-05 00:00:00+00:00,523396605.26
2025-08-06 00:00:00+00:00,522855089.51
2025-08-07 00:00:00+00:00,527006710.26
2025-08-08 00:00:00+00:00,528112360.26
2025-08-11 00:00:00+00:00,526453885.26
2025-08-12 00:00:00+00:00,536220460.26
2025-08-13 00:00:00+00:00,534193435.26
2025-08-14 00:00:00+00:00,534193435.26
2025-08-15 00:00:00+00:00,528296635.26
2025-08-18 00:00:00+00:00,527375260.26
2025-08-19 00:00:00+00:00,529770835.26
2025-08-20 00:00:00+00:00,529218010.26
2025-08-21 00:00:00+00:00,523505485.26
2025-08-22 00:00:00+00:00,523689760.26
2025-08-25 00:00:00+00:00,523136935.26
2025-08-26 00:00:00+00:00,525163960.26
2025-08-27 00:00:00+00:00,527743810.26
2025-08-28 00:00:00+00:00,524795410.26
2025-08-29 00:00:00+00:00,517240135.26
2025-09-01 00:00:00+00:00,518898610.26
2025-09-02 00:00:00+00:00,524281385.26
2025-09-03 00:00:00+00:00,518898610.26
2025-09-04 00:00:00+00:00,520782581.51
2025-09-05 00:00:00+00:00,518898610.26
2025-09-08 00:00:00+00:00,502750285.26
2025-09-09 00:00:00+00:00,500866314.01
2025-09-10 00:00:00+00:00,496560094.01
2025-09-11 00:00:00+00:00,494577716.76
2025-09-12 00:00:00+00:00,494577716.76
2025-09-15 00:00:00+00:00,467107632.01
2025-09-16 00:00:00+00:00,460027713.26
2025-09-17 00:00:00+00:00,463142877.51
2025-09-18 00:00:00+00:00,466541238.51
2025-09-19 00:00:00+00:00,466258041.76
2025-09-22 00:00:00+00:00,468806812.51
2025-09-23 00:00:00+00:00,463709271.01
2025-09-24 00:00:00+00:00,465974845.01
2025-09-25 00:00:00+00:00,464275664.51
2025-09-26 00:00:00+00:00,468523615.76
2025-09-29 00:00:00+00:00,469090009.26
2025-09-30 00:00:00+00:00,475886731.26
2025-10-01 00:00:00+00:00,474753944.26
2025-10-02 00:00:00+00:00,468806812.51
2025-10-03 00:00:00+00:00,471921976.76
2025-10-06 00:00:00+00:00,468806812.51
2025-10-07 00:00:00+00:00,471072386.51
2025-10-08 00:00:00+00:00,468523615.76
2025-10-09 00:00:00+00:00,472771567.01
2025-10-10 00:00:00+00:00,478718698.76
2025-10-13 00:00:00+00:00,481267469.51
2025-10-14 00:00:00+00:00,478718698.76
2025-10-15 00:00:00+00:00,474470747.51
2025-10-16 00:00:00+00:00,468806812.51
2025-10-17 00:00:00+00:00,467957222.26
2025-10-20 00:00:00+00:00,467107632.01
2025-10-21 00:00:00+00:00,471072386.51
2025-10-22 00:00:00+00:00,467390828.76
2025-10-23 00:00:00+00:00,461726893.76
2025-10-24 00:00:00+00:00,467107632.01
2025-10-27 00:00:00+00:00,460877303.51
2025-10-28 00:00:00+00:00,457195745.76
2025-10-29 00:00:00+00:00,454930171.76
2025-10-30 00:00:00+00:00,459178123.01
2025-10-31 00:00:00+00:00,457762139.26
2025-11-03 00:00:00+00:00,454646975.01
2025-11-04 00:00:00+00:00,457762139.26
2025-11-05 00:00:00+00:00,453514188.01
2025-11-06 00:00:00+00:00,460877303.51
2025-11-07 00:00:00+00:00,462576484.01
2025-11-10 00:00:00+00:00,459744516.51
2025-11-11 00:00:00+00:00,457195745.76
2025-11-12 00:00:00+00:00,453514188.01
2025-11-13 00:00:00+00:00,446434269.26
2025-11-14 00:00:00+00:00,459178123.01
2025-11-17 00:00:00+00:00,471554647.76
2025-11-18 00:00:00+00:00,472600551.26
2025-11-19 00:00:00+00:00,467022399.26
2025-11-20 00:00:00+00:00,464407640.51
2025-11-21 00:00:00+00:00,464233323.26
2025-11-24 00:00:00+00:00,463710371.51
2025-11-25 00:00:00+00:00,464756275.01
2025-11-26 00:00:00+00:00,469637158.01
2025-11-27 00:00:00+00:00,469805602.51
2025-11-28 00:00:00+00:00,467952713.01
2025-12-01 00:00:00+00:00,469805602.51
2025-12-02 00:00:00+00:00,466436712.51
2025-12-03 00:00:00+00:00,470816269.51
2025-12-04 00:00:00+00:00,468289602.01
2025-12-05 00:00:00+00:00,469974047.01
2025-12-08 00:00:00+00:00,475701160.01
2025-12-09 00:00:00+00:00,472669159.01
2025-12-10 00:00:00+00:00,476711827.01
2025-12-11 00:00:00+00:00,476374938.01
2025-12-12 00:00:00+00:00,478901605.51
2025-12-15 00:00:00+00:00,473342937.01
2025-12-16 00:00:00+00:00,475532715.51
2025-12-17 00:00:00+00:00,472837603.51
2025-12-18 00:00:00+00:00,470142491.51
2025-12-19 00:00:00+00:00,470647825.01
2025-12-22 00:00:00+00:00,468458046.51
2025-12-23 00:00:00+00:00,468121157.51
2025-12-24 00:00:00+00:00,471640708.51
2025-12-26 00:00:00+00:00,470635122.51
2025-12-29 00:00:00+00:00,462841831.01
2025-12-30 00:00:00+00:00,461082055.51
2025-12-31 00:00:00+00:00,460830659.01
2026-01-02 00:00:00+00:00,458065297.51
2026-01-05 00:00:00+00:00,465104399.51
2026-01-06 00:00:00+00:00,464601606.51
2026-01-07 00:00:00+00:00,467366968.01
2026-01-08 00:00:00+00:00,466612778.51
2026-01-09 00:00:00+00:00,466361382.01
2026-01-12 00:00:00+00:00,441975921.51
2026-01-13 00:00:00+00:00,440216146.01
2026-01-14 00:00:00+00:00,442478714.51
2026-01-15 00:00:00+00:00,440718939.01
2026-01-16 00:00:00+00:00,445244076.01
2026-01-19 00:00:00+00:00,445420650.26
2026-01-20 00:00:00+00:00,445950373.01
2026-01-21 00:00:00+00:00,447362967.01
2026-01-22 00:00:00+00:00,445773798.76
2026-01-23 00:00:00+00:00,441182868.26
2026-01-26 00:00:00+00:00,442772036.51
2026-01-27 00:00:00+00:00,444008056.26
2026-01-28 00:00:00+00:00,441536016.76
2026-01-29 00:00:00+00:00,441006294.01
2026-01-30 00:00:00+00:00,442772036.51
2026-02-02 00:00:00+00:00,444537779.01
2026-02-03 00:00:00+00:00,442595462.26
2026-02-04 00:00:00+00:00,441889165.26
2026-02-05 00:00:00+00:00,438004531.76
2026-02-06 00:00:00+00:00,441359442.51
2026-02-09 00:00:00+00:00,442418888.01
2026-02-10 00:00:00+00:00,442418888.01
2026-02-11 00:00:00+00:00,443301759.26
2026-02-12 00:00:00+00:00,440653145.51
2026-02-13 00:00:00+00:00,440299997.01
2026-02-16 00:00:00+00:00,440829719.76
2026-02-17 00:00:00+00:00,437474809.01
2026-02-18 00:00:00+00:00,436768512.01
2026-02-19 00:00:00+00:00,437121660.51
2026-02-20 00:00:00+00:00,434649621.01
2026-02-23 00:00:00+00:00,434296472.51
2026-02-24 00:00:00+00:00,435532492.26
2026-02-25 00:00:00+00:00,433060452.76
2026-02-26 00:00:00+00:00,432001007.26
2026-02-27 00:00:00+00:00,428469522.26
2026-03-02 00:00:00+00:00,430411839.01
2026-03-03 00:00:00+00:00,429882116.26
2026-03-04 00:00:00+00:00,431824433.01
2026-03-05 00:00:00+00:00,424938037.26
2026-03-06 00:00:00+00:00,419993958.26
2026-03-09 00:00:00+00:00,436238789.26
2026-03-10 00:00:00+00:00,437121660.51
2026-03-11 00:00:00+00:00,431471284.51
2026-03-12 00:00:00+00:00,428646096.51
2026-03-13 00:00:00+00:00,425644334.26
2026-03-16 00:00:00+00:00,424584888.76
2026-03-17 00:00:00+00:00,424584888.76
2026-03-18 00:00:00+00:00,418051641.51
2026-03-19 00:00:00+00:00,413460711.01
2026-03-20 00:00:00+00:00,416462473.26
2026-03-23 00:00:00+00:00,420700255.26
2026-03-24 00:00:00+00:00,418581364.26
2026-03-25 00:00:00+00:00,415226453.51
2026-03-26 00:00:00+00:00,415403027.76
2026-03-27 00:00:00+00:00,418934512.76
2026-03-30 00:00:00+00:00,423348869.01
2026-03-31 00:00:00+00:00,421936275.01
2026-04-01 00:00:00+00:00,424408314.51
2026-04-02 00:00:00+00:00,425820908.51
2026-04-03 00:00:00+00:00,425820908.51
2026-04-06 00:00:00+00:00,424584888.76
2026-04-07 00:00:00+00:00,428116373.76
2026-04-08 00:00:00+00:00,429352393.51
2026-04-09 00:00:00+00:00,431647858.76
2026-04-10 00:00:00+00:00,433766749.76
2026-04-13 00:00:00+00:00,426703779.76
2026-04-14 00:00:00+00:00,425644334.26
2026-04-15 00:00:00+00:00,419993958.26
2026-04-16 00:00:00+00:00,421936275.01
2026-04-17 00:00:00+00:00,422112849.26
2026-04-20 00:00:00+00:00,420170532.51
2026-04-21 00:00:00+00:00,418934512.76
2026-04-22 00:00:00+00:00,418404790.01
2026-04-23 00:00:00+00:00,417698493.01
2026-04-24 00:00:00+00:00,417875067.26
2026-04-27 00:00:00+00:00,413813859.51
2026-04-28 00:00:00+00:00,409399503.26
2026-04-29 00:00:00+00:00,407810335.01
2026-04-30 00:00:00+00:00,404984590.01
2026-05-01 00:00:00+00:00,410165122.51
2026-05-04 00:00:00+00:00,415345655.01
2026-05-05 00:00:00+00:00,409929643.76
2026-05-06 00:00:00+00:00,399097621.26
2026-05-07 00:00:00+00:00,398155706.26
2026-05-08 00:00:00+00:00,401687887.51
2026-05-11 00:00:00+00:00,405455547.51
