timestamp,bar_index,instrument_key,price,target_value,target_unit,target_side,position_quantity,position_side,equity,n_fills
2013-05-03 00:00:00+00:00,84,CORN,661.25,0.0,notional_at_entry,flat,0.0,flat,300000000.0,0
2013-05-06 00:00:00+00:00,85,CORN,636.5,0.0,notional_at_entry,flat,0.0,flat,300000000.0,0
2013-05-07 00:00:00+00:00,86,CORN,640.0,0.0,notional_at_entry,flat,0.0,flat,300000000.0,0
2013-05-08 00:00:00+00:00,87,CORN,633.0,0.0,notional_at_entry,flat,0.0,flat,300000000.0,0
2013-05-09 00:00:00+00:00,88,CORN,648.75,0.0,notional_at_entry,flat,0.0,flat,300000000.0,0
2013-05-10 00:00:00+00:00,89,CORN,636.25,0.0,notional_at_entry,flat,0.0,flat,300000000.0,0
2013-05-13 00:00:00+00:00,90,CORN,655.5,0.0,notional_at_entry,flat,0.0,flat,300000000.0,0
2013-05-14 00:00:00+00:00,91,CORN,652.5,0.0,notional_at_entry,flat,0.0,flat,300000000.0,0
2013-05-15 00:00:00+00:00,92,CORN,563.5,0.0,notional_at_entry,flat,0.0,flat,300000000.0,0
2013-05-16 00:00:00+00:00,93,CORN,553.75,-300000000.0,notional_at_entry,short,-541760.0,short,300000000.0,1
2013-05-17 00:00:00+00:00,94,CORN,556.0,-300000000.0,notional_at_entry,short,-541760.0,short,298781040.0,0
2013-05-20 00:00:00+00:00,95,CORN,554.5,-300000000.0,notional_at_entry,short,-541760.0,short,299593680.0,0
2013-05-21 00:00:00+00:00,96,CORN,546.75,-300000000.0,notional_at_entry,short,-541760.0,short,303792320.0,0
2013-05-22 00:00:00+00:00,97,CORN,559.75,-300000000.0,notional_at_entry,short,-541760.0,short,296749440.0,0
2013-05-23 00:00:00+00:00,98,CORN,563.5,-300000000.0,notional_at_entry,short,-541760.0,short,294717840.0,0
2013-05-24 00:00:00+00:00,99,CORN,566.75,-300000000.0,notional_at_entry,short,-541760.0,short,292957120.0,0
2013-05-28 00:00:00+00:00,100,CORN,583.75,-300000000.0,notional_at_entry,short,-541760.0,short,283747200.0,0
2013-05-29 00:00:00+00:00,101,CORN,593.75,-300000000.0,notional_at_entry,short,-541760.0,short,278329600.0,0
2013-05-30 00:00:00+00:00,102,CORN,591.75,-300000000.0,notional_at_entry,short,-541760.0,short,279413120.0,0
2013-05-31 00:00:00+00:00,103,CORN,597.25,-300000000.0,notional_at_entry,short,-541760.0,short,276433440.0,0
2013-06-03 00:00:00+00:00,104,CORN,588.75,-300000000.0,notional_at_entry,short,-541760.0,short,281038400.0,0
2013-06-04 00:00:00+00:00,105,CORN,583.75,-300000000.0,notional_at_entry,short,-541760.0,short,283747200.0,0
2013-06-05 00:00:00+00:00,106,CORN,571.0,-300000000.0,notional_at_entry,short,-541760.0,short,290654640.0,0
2013-06-06 00:00:00+00:00,107,CORN,578.0,-300000000.0,notional_at_entry,short,-541760.0,short,286862320.0,0
2013-06-07 00:00:00+00:00,108,CORN,591.5,300000000.0,notional_at_entry,long,507185.0,long,279548560.0,1
2013-06-10 00:00:00+00:00,109,CORN,577.25,300000000.0,notional_at_entry,long,507185.0,long,272321173.75,0
2013-06-11 00:00:00+00:00,110,CORN,583.5,300000000.0,notional_at_entry,long,507185.0,long,275491080.0,0
2013-06-12 00:00:00+00:00,111,CORN,575.0,300000000.0,notional_at_entry,long,507185.0,long,271180007.5,0
2013-06-13 00:00:00+00:00,112,CORN,570.5,300000000.0,notional_at_entry,long,507185.0,long,268897675.0,0
2013-06-14 00:00:00+00:00,113,CORN,571.75,300000000.0,notional_at_entry,long,507185.0,long,269531656.25,0
2013-06-17 00:00:00+00:00,114,CORN,578.75,300000000.0,notional_at_entry,long,507185.0,long,273081951.25,0
2013-06-18 00:00:00+00:00,115,CORN,589.0,300000000.0,notional_at_entry,long,507185.0,long,278280597.5,0
2013-06-19 00:00:00+00:00,116,CORN,610.0,300000000.0,notional_at_entry,long,507185.0,long,288931482.5,0
2013-06-20 00:00:00+00:00,117,CORN,598.25,300000000.0,notional_at_entry,long,507185.0,long,282972058.75,0
2013-06-21 00:00:00+00:00,118,CORN,592.0,300000000.0,notional_at_entry,long,507185.0,long,279802152.5,0
2013-06-24 00:00:00+00:00,119,CORN,579.0,300000000.0,notional_at_entry,long,507185.0,long,273208747.5,0
2013-06-25 00:00:00+00:00,120,CORN,576.5,300000000.0,notional_at_entry,long,507185.0,long,271940785.0,0
2013-06-26 00:00:00+00:00,121,CORN,574.0,300000000.0,notional_at_entry,long,507185.0,long,270672822.5,0
2013-06-27 00:00:00+00:00,122,CORN,572.25,300000000.0,notional_at_entry,long,507185.0,long,269785248.75,0
2013-06-28 00:00:00+00:00,123,CORN,547.25,300000000.0,notional_at_entry,long,507185.0,long,257105623.75,0
2013-07-01 00:00:00+00:00,124,CORN,531.5,300000000.0,notional_at_entry,long,507185.0,long,249117460.0,0
2013-07-02 00:00:00+00:00,125,CORN,533.0,300000000.0,notional_at_entry,long,507185.0,long,249878237.5,0
2013-07-03 00:00:00+00:00,126,CORN,532.25,-450000000.0,notional_at_entry,short,-845467.0,short,249497848.75,1
2013-07-04 00:00:00+00:00,127,CORN,533.13,-450000000.0,notional_at_entry,short,-845467.0,short,248753837.79,0
2013-07-05 00:00:00+00:00,128,CORN,525.75,-450000000.0,notional_at_entry,short,-845467.0,short,254993384.25,0
2013-07-08 00:00:00+00:00,129,CORN,533.25,-450000000.0,notional_at_entry,short,-845467.0,short,248652381.75,0
2013-07-09 00:00:00+00:00,130,CORN,551.75,-450000000.0,notional_at_entry,short,-845467.0,short,233011242.25,0
2013-07-10 00:00:00+00:00,131,CORN,553.75,-450000000.0,notional_at_entry,short,-845467.0,short,231320308.25,0
2013-07-11 00:00:00+00:00,132,CORN,560.75,-450000000.0,notional_at_entry,short,-845467.0,short,225402039.25,0
2013-07-12 00:00:00+00:00,133,CORN,545.5,-450000000.0,notional_at_entry,short,-845467.0,short,238295411.0,0
2013-07-15 00:00:00+00:00,134,CORN,503.5,-450000000.0,notional_at_entry,short,-845467.0,short,273805025.0,0
2013-07-16 00:00:00+00:00,135,CORN,510.75,-450000000.0,notional_at_entry,short,-845467.0,short,267675389.25,0
2013-07-17 00:00:00+00:00,136,CORN,502.0,-450000000.0,notional_at_entry,short,-845467.0,short,275073225.5,0
2013-07-18 00:00:00+00:00,137,CORN,500.75,-450000000.0,notional_at_entry,short,-845467.0,short,276130059.25,0
2013-07-19 00:00:00+00:00,138,CORN,500.75,-450000000.0,notional_at_entry,short,-845467.0,short,276130059.25,0
2013-07-22 00:00:00+00:00,139,CORN,498.0,-450000000.0,notional_at_entry,short,-845467.0,short,278455093.5,0
2013-07-23 00:00:00+00:00,140,CORN,485.5,-450000000.0,notional_at_entry,short,-845467.0,short,289023431.0,0
2013-07-24 00:00:00+00:00,141,CORN,480.25,-450000000.0,notional_at_entry,short,-845467.0,short,293462132.75,0
2013-07-25 00:00:00+00:00,142,CORN,478.75,-450000000.0,notional_at_entry,short,-845467.0,short,294730333.25,0
2013-07-26 00:00:00+00:00,143,CORN,476.0,-450000000.0,notional_at_entry,short,-845467.0,short,297055367.5,0
2013-07-29 00:00:00+00:00,144,CORN,473.25,-450000000.0,notional_at_entry,short,-845467.0,short,299380401.75,0
2013-07-30 00:00:00+00:00,145,CORN,477.5,-450000000.0,notional_at_entry,short,-845467.0,short,295787167.0,0
2013-07-31 00:00:00+00:00,146,CORN,479.0,450000000.0,notional_at_entry,long,939457.0,long,294518966.5,1
2013-08-01 00:00:00+00:00,147,CORN,467.0,450000000.0,notional_at_entry,long,939457.0,long,283245482.5,0
2013-08-02 00:00:00+00:00,148,CORN,463.75,450000000.0,notional_at_entry,long,939457.0,long,280192247.25,0
2013-08-05 00:00:00+00:00,149,CORN,460.5,450000000.0,notional_at_entry,long,939457.0,long,277139012.0,0
2013-08-06 00:00:00+00:00,150,CORN,459.25,450000000.0,notional_at_entry,long,939457.0,long,275964690.75,0
2013-08-07 00:00:00+00:00,151,CORN,458.25,450000000.0,notional_at_entry,long,939457.0,long,275025233.75,0
2013-08-08 00:00:00+00:00,152,CORN,459.75,450000000.0,notional_at_entry,long,939457.0,long,276434419.25,0
2013-08-09 00:00:00+00:00,153,CORN,453.25,450000000.0,notional_at_entry,long,939457.0,long,270327948.75,0
2013-08-12 00:00:00+00:00,154,CORN,464.0,450000000.0,notional_at_entry,long,939457.0,long,280427111.5,0
2013-08-13 00:00:00+00:00,155,CORN,447.25,450000000.0,notional_at_entry,long,939457.0,long,264691206.75,0
2013-08-14 00:00:00+00:00,156,CORN,455.25,450000000.0,notional_at_entry,long,939457.0,long,272206862.75,0
2013-08-15 00:00:00+00:00,157,CORN,472.25,450000000.0,notional_at_entry,long,939457.0,long,288177631.75,0
2013-08-16 00:00:00+00:00,158,CORN,463.5,450000000.0,notional_at_entry,long,939457.0,long,279957383.0,0
2013-08-19 00:00:00+00:00,159,CORN,485.5,450000000.0,notional_at_entry,long,939457.0,long,300625437.0,0
2013-08-20 00:00:00+00:00,160,CORN,475.5,450000000.0,notional_at_entry,long,939457.0,long,291230867.0,0
2013-08-21 00:00:00+00:00,161,CORN,483.25,450000000.0,notional_at_entry,long,939457.0,long,298511658.75,0
2013-08-22 00:00:00+00:00,162,CORN,464.5,450000000.0,notional_at_entry,long,939457.0,long,280896840.0,0
2013-08-23 00:00:00+00:00,163,CORN,470.0,450000000.0,notional_at_entry,long,939457.0,long,286063853.5,0
2013-08-26 00:00:00+00:00,164,CORN,500.5,450000000.0,notional_at_entry,long,939457.0,long,314717292.0,0
2013-08-27 00:00:00+00:00,165,CORN,486.25,450000000.0,notional_at_entry,long,939457.0,long,301330029.75,0
2013-08-28 00:00:00+00:00,166,CORN,480.75,450000000.0,notional_at_entry,long,939457.0,long,296163016.25,0
2013-08-29 00:00:00+00:00,167,CORN,481.5,450000000.0,notional_at_entry,long,939457.0,long,296867609.0,0
2013-08-30 00:00:00+00:00,168,CORN,482.0,450000000.0,notional_at_entry,long,939457.0,long,297337337.5,0
2013-09-03 00:00:00+00:00,169,CORN,475.25,300000000.0,notional_at_entry,long,939457.0,long,290996002.75,0
2013-09-04 00:00:00+00:00,170,CORN,469.5,300000000.0,notional_at_entry,long,939457.0,long,285594125.0,0
2013-09-05 00:00:00+00:00,171,CORN,461.0,300000000.0,notional_at_entry,long,939457.0,long,277608740.5,0
2013-09-06 00:00:00+00:00,172,CORN,468.25,300000000.0,notional_at_entry,long,939457.0,long,284419803.75,0
2013-09-09 00:00:00+00:00,173,CORN,463.5,300000000.0,notional_at_entry,long,939457.0,long,279957383.0,0
2013-09-10 00:00:00+00:00,174,CORN,469.0,300000000.0,notional_at_entry,long,939457.0,long,285124396.5,0
2013-09-11 00:00:00+00:00,175,CORN,472.5,300000000.0,notional_at_entry,long,939457.0,long,288412496.0,0
2013-09-12 00:00:00+00:00,176,CORN,466.25,300000000.0,notional_at_entry,long,939457.0,long,282540889.75,0
2013-09-13 00:00:00+00:00,177,CORN,459.0,300000000.0,notional_at_entry,long,939457.0,long,275729826.5,0
2013-09-16 00:00:00+00:00,178,CORN,469.0,300000000.0,notional_at_entry,long,939457.0,long,285124396.5,0
2013-09-17 00:00:00+00:00,179,CORN,466.5,-300000000.0,notional_at_entry,short,-643086.0,short,282775754.0,1
2013-09-18 00:00:00+00:00,180,CORN,468.75,-300000000.0,notional_at_entry,short,-643086.0,short,281328810.5,0
2013-09-19 00:00:00+00:00,181,CORN,472.0,-300000000.0,notional_at_entry,short,-643086.0,short,279238781.0,0
2013-09-20 00:00:00+00:00,182,CORN,463.75,-300000000.0,notional_at_entry,short,-643086.0,short,284544240.5,0
2013-09-23 00:00:00+00:00,183,CORN,466.0,-300000000.0,notional_at_entry,short,-643086.0,short,283097297.0,0
2013-09-24 00:00:00+00:00,184,CORN,461.5,-300000000.0,notional_at_entry,short,-643086.0,short,285991184.0,0
2013-09-25 00:00:00+00:00,185,CORN,467.25,-300000000.0,notional_at_entry,short,-643086.0,short,282293439.5,0
2013-09-26 00:00:00+00:00,186,CORN,469.5,-300000000.0,notional_at_entry,short,-643086.0,short,280846496.0,0
2013-09-27 00:00:00+00:00,187,CORN,466.5,-300000000.0,notional_at_entry,short,-643086.0,short,282775754.0,0
2013-09-30 00:00:00+00:00,188,CORN,454.5,-300000000.0,notional_at_entry,short,-643086.0,short,290492786.0,0
2013-10-01 00:00:00+00:00,189,CORN,451.75,-300000000.0,notional_at_entry,short,-643086.0,short,292261272.5,0
2013-10-02 00:00:00+00:00,190,CORN,451.75,-300000000.0,notional_at_entry,short,-643086.0,short,292261272.5,0
2013-10-03 00:00:00+00:00,191,CORN,452.0,-300000000.0,notional_at_entry,short,-643086.0,short,292100501.0,0
2013-10-04 00:00:00+00:00,192,CORN,456.0,300000000.0,notional_at_entry,long,657894.0,long,289528157.0,1
2013-10-07 00:00:00+00:00,193,CORN,461.75,300000000.0,notional_at_entry,long,657894.0,long,293311047.5,0
2013-10-08 00:00:00+00:00,194,CORN,454.5,300000000.0,notional_at_entry,long,657894.0,long,288541316.0,0
2013-10-09 00:00:00+00:00,195,CORN,456.25,300000000.0,notional_at_entry,long,657894.0,long,289692630.5,0
2013-10-10 00:00:00+00:00,196,CORN,451.0,300000000.0,notional_at_entry,long,657894.0,long,286238687.0,0
2013-10-11 00:00:00+00:00,197,CORN,446.25,300000000.0,notional_at_entry,long,657894.0,long,283113690.5,0
2013-10-14 00:00:00+00:00,198,CORN,449.75,300000000.0,notional_at_entry,long,657894.0,long,285416319.5,0
2013-10-15 00:00:00+00:00,199,CORN,455.75,300000000.0,notional_at_entry,long,657894.0,long,289363683.5,0
2013-10-16 00:00:00+00:00,200,CORN,455.25,300000000.0,notional_at_entry,long,657894.0,long,289034736.5,0
2013-10-17 00:00:00+00:00,201,CORN,455.5,300000000.0,notional_at_entry,long,657894.0,long,289199210.0,0
2013-10-18 00:00:00+00:00,202,CORN,454.0,300000000.0,notional_at_entry,long,657894.0,long,288212369.0,0
2013-10-21 00:00:00+00:00,203,CORN,456.75,300000000.0,notional_at_entry,long,657894.0,long,290021577.5,0
2013-10-22 00:00:00+00:00,204,CORN,451.0,300000000.0,notional_at_entry,long,657894.0,long,286238687.0,0
2013-10-23 00:00:00+00:00,205,CORN,455.25,300000000.0,notional_at_entry,long,657894.0,long,289034736.5,0
2013-10-24 00:00:00+00:00,206,CORN,452.5,-450000000.0,notional_at_entry,short,-994475.0,short,287225528.0,1
2013-10-25 00:00:00+00:00,207,CORN,452.0,-450000000.0,notional_at_entry,short,-994475.0,short,287722765.5,0
2013-10-28 00:00:00+00:00,208,CORN,443.25,-450000000.0,notional_at_entry,short,-994475.0,short,296424421.75,0
2013-10-29 00:00:00+00:00,209,CORN,444.25,-450000000.0,notional_at_entry,short,-994475.0,short,295429946.75,0
2013-10-30 00:00:00+00:00,210,CORN,441.75,-450000000.0,notional_at_entry,short,-994475.0,short,297916134.25,0
2013-10-31 00:00:00+00:00,211,CORN,439.25,-450000000.0,notional_at_entry,short,-994475.0,short,300402321.75,0
2013-11-01 00:00:00+00:00,212,CORN,437.5,-450000000.0,notional_at_entry,short,-994475.0,short,302142653.0,0
2013-11-04 00:00:00+00:00,213,CORN,437.0,-300000000.0,notional_at_entry,short,-994475.0,short,302639890.5,0
2013-11-05 00:00:00+00:00,214,CORN,435.5,-300000000.0,notional_at_entry,short,-994475.0,short,304131603.0,0
2013-11-06 00:00:00+00:00,215,CORN,431.5,-300000000.0,notional_at_entry,short,-994475.0,short,308109503.0,0
2013-11-07 00:00:00+00:00,216,CORN,431.5,-300000000.0,notional_at_entry,short,-994475.0,short,308109503.0,0
2013-11-08 00:00:00+00:00,217,CORN,438.5,-300000000.0,notional_at_entry,short,-994475.0,short,301148178.0,0
2013-11-11 00:00:00+00:00,218,CORN,446.5,-300000000.0,notional_at_entry,short,-994475.0,short,293192378.0,0
2013-11-12 00:00:00+00:00,219,CORN,444.0,-300000000.0,notional_at_entry,short,-994475.0,short,295678565.5,0
2013-11-13 00:00:00+00:00,220,CORN,440.25,-300000000.0,notional_at_entry,short,-994475.0,short,299407846.75,0
2013-11-14 00:00:00+00:00,221,CORN,436.5,-300000000.0,notional_at_entry,short,-994475.0,short,303137128.0,0
2013-11-15 00:00:00+00:00,222,CORN,430.5,-300000000.0,notional_at_entry,short,-994475.0,short,309103978.0,0
2013-11-18 00:00:00+00:00,223,CORN,421.0,-300000000.0,notional_at_entry,short,-994475.0,short,318551490.5,0
2013-11-19 00:00:00+00:00,224,CORN,426.25,450000000.0,notional_at_entry,long,1055718.0,long,313330496.75,1
2013-11-20 00:00:00+00:00,225,CORN,425.25,450000000.0,notional_at_entry,long,1055718.0,long,312274778.75,0
2013-11-21 00:00:00+00:00,226,CORN,429.5,450000000.0,notional_at_entry,long,1055718.0,long,316761580.25,0
2013-11-22 00:00:00+00:00,227,CORN,429.25,450000000.0,notional_at_entry,long,1055718.0,long,316497650.75,0
2013-11-25 00:00:00+00:00,228,CORN,431.25,450000000.0,notional_at_entry,long,1055718.0,long,318609086.75,0
2013-11-26 00:00:00+00:00,229,CORN,424.75,450000000.0,notional_at_entry,long,1055718.0,long,311746919.75,0
2013-11-27 00:00:00+00:00,230,CORN,426.5,450000000.0,notional_at_entry,long,1055718.0,long,313594426.25,0
2013-11-29 00:00:00+00:00,231,CORN,424.5,450000000.0,notional_at_entry,long,1055718.0,long,311482990.25,0
2013-12-02 00:00:00+00:00,232,CORN,424.5,450000000.0,notional_at_entry,long,1055718.0,long,311482990.25,0
2013-12-03 00:00:00+00:00,233,CORN,431.25,450000000.0,notional_at_entry,long,1055718.0,long,318609086.75,0
2013-12-04 00:00:00+00:00,234,CORN,436.5,450000000.0,notional_at_entry,long,1055718.0,long,324151606.25,0
2013-12-05 00:00:00+00:00,235,CORN,433.5,450000000.0,notional_at_entry,long,1055718.0,long,320984452.25,0
2013-12-06 00:00:00+00:00,236,CORN,434.25,-300000000.0,notional_at_entry,short,-690846.0,short,321776240.75,1
2013-12-09 00:00:00+00:00,237,CORN,438.0,-300000000.0,notional_at_entry,short,-690846.0,short,319185568.25,0
2013-12-10 00:00:00+00:00,238,CORN,436.0,-300000000.0,notional_at_entry,short,-690846.0,short,320567260.25,0
2013-12-11 00:00:00+00:00,239,CORN,439.25,-300000000.0,notional_at_entry,short,-690846.0,short,318322010.75,0
2013-12-12 00:00:00+00:00,240,CORN,434.25,-300000000.0,notional_at_entry,short,-690846.0,short,321776240.75,0
2013-12-13 00:00:00+00:00,241,CORN,425.5,-300000000.0,notional_at_entry,short,-690846.0,short,327821143.25,0
2013-12-16 00:00:00+00:00,242,CORN,431.75,-300000000.0,notional_at_entry,short,-690846.0,short,323503355.75,0
2013-12-17 00:00:00+00:00,243,CORN,435.25,-300000000.0,notional_at_entry,short,-690846.0,short,321085394.75,0
2013-12-18 00:00:00+00:00,244,CORN,433.5,-300000000.0,notional_at_entry,short,-690846.0,short,322294375.25,0
2013-12-19 00:00:00+00:00,245,CORN,438.5,-300000000.0,notional_at_entry,short,-690846.0,short,318840145.25,0
2013-12-20 00:00:00+00:00,246,CORN,441.5,-300000000.0,notional_at_entry,short,-690846.0,short,316767607.25,0
2013-12-23 00:00:00+00:00,247,CORN,442.5,-300000000.0,notional_at_entry,short,-690846.0,short,316076761.25,0
2013-12-24 00:00:00+00:00,248,CORN,442.75,-300000000.0,notional_at_entry,short,-690846.0,short,315904049.75,0
2013-12-26 00:00:00+00:00,249,CORN,434.5,-300000000.0,notional_at_entry,short,-690846.0,short,321603529.25,0
2013-12-27 00:00:00+00:00,250,CORN,435.75,-300000000.0,notional_at_entry,short,-690846.0,short,320739971.75,0
2013-12-30 00:00:00+00:00,251,CORN,431.75,-300000000.0,notional_at_entry,short,-690846.0,short,323503355.75,0
2013-12-31 00:00:00+00:00,252,CORN,430.25,-300000000.0,notional_at_entry,short,-690846.0,short,324539624.75,0
2014-01-01 00:00:00+00:00,253,CORN,421.38,-300000000.0,notional_at_entry,short,-690846.0,short,330667428.77,0
2014-01-02 00:00:00+00:00,254,CORN,429.0,-300000000.0,notional_at_entry,short,-690846.0,short,325403182.25,0
2014-01-03 00:00:00+00:00,255,CORN,431.75,-300000000.0,notional_at_entry,short,-690846.0,short,323503355.75,0
2014-01-06 00:00:00+00:00,256,CORN,435.75,-300000000.0,notional_at_entry,short,-690846.0,short,320739971.75,0
2014-01-07 00:00:00+00:00,257,CORN,433.75,-300000000.0,notional_at_entry,short,-690846.0,short,322121663.75,0
2014-01-08 00:00:00+00:00,258,CORN,425.25,-300000000.0,notional_at_entry,short,-690846.0,short,327993854.75,0
2014-01-09 00:00:00+00:00,259,CORN,420.25,450000000.0,notional_at_entry,long,1070791.0,long,331448084.75,1
2014-01-10 00:00:00+00:00,260,CORN,440.75,450000000.0,notional_at_entry,long,1070791.0,long,353399300.25,0
2014-01-13 00:00:00+00:00,261,CORN,442.5,450000000.0,notional_at_entry,long,1070791.0,long,355273184.5,0
2014-01-14 00:00:00+00:00,262,CORN,439.5,450000000.0,notional_at_entry,long,1070791.0,long,352060811.5,0
2014-01-15 00:00:00+00:00,263,CORN,433.5,450000000.0,notional_at_entry,long,1070791.0,long,345636065.5,0
2014-01-16 00:00:00+00:00,264,CORN,435.5,450000000.0,notional_at_entry,long,1070791.0,long,347777647.5,0
2014-01-17 00:00:00+00:00,265,CORN,431.75,450000000.0,notional_at_entry,long,1070791.0,long,343762181.25,0
2014-01-21 00:00:00+00:00,266,CORN,432.25,450000000.0,notional_at_entry,long,1070791.0,long,344297576.75,0
2014-01-22 00:00:00+00:00,267,CORN,433.0,450000000.0,notional_at_entry,long,1070791.0,long,345100670.0,0
2014-01-23 00:00:00+00:00,268,CORN,435.25,450000000.0,notional_at_entry,long,1070791.0,long,347509949.75,0
2014-01-24 00:00:00+00:00,269,CORN,436.0,450000000.0,notional_at_entry,long,1070791.0,long,348313043.0,0
2014-01-27 00:00:00+00:00,270,CORN,438.0,450000000.0,notional_at_entry,long,1070791.0,long,350454625.0,0
2014-01-28 00:00:00+00:00,271,CORN,438.0,450000000.0,notional_at_entry,long,1070791.0,long,350454625.0,0
2014-01-29 00:00:00+00:00,272,CORN,434.0,-300000000.0,notional_at_entry,short,-691244.0,short,346171461.0,1
2014-01-30 00:00:00+00:00,273,CORN,439.5,-300000000.0,notional_at_entry,short,-691244.0,short,342369619.0,0
2014-01-31 00:00:00+00:00,274,CORN,439.5,-300000000.0,notional_at_entry,short,-691244.0,short,342369619.0,0
2014-02-03 00:00:00+00:00,275,CORN,441.75,-300000000.0,notional_at_entry,short,-691244.0,short,340814320.0,0
2014-02-04 00:00:00+00:00,276,CORN,447.75,-300000000.0,notional_at_entry,short,-691244.0,short,336666856.0,0
2014-02-05 00:00:00+00:00,277,CORN,447.5,-300000000.0,notional_at_entry,short,-691244.0,short,336839667.0,0
2014-02-06 00:00:00+00:00,278,CORN,448.5,-300000000.0,notional_at_entry,short,-691244.0,short,336148423.0,0
2014-02-07 00:00:00+00:00,279,CORN,450.0,-300000000.0,notional_at_entry,short,-691244.0,short,335111557.0,0
2014-02-10 00:00:00+00:00,280,CORN,448.75,-300000000.0,notional_at_entry,short,-691244.0,short,335975612.0,0
2014-02-11 00:00:00+00:00,281,CORN,447.25,300000000.0,notional_at_entry,long,670765.0,long,337012478.0,1
2014-02-12 00:00:00+00:00,282,CORN,446.0,300000000.0,notional_at_entry,long,670765.0,long,336174021.75,0
2014-02-13 00:00:00+00:00,283,CORN,446.5,300000000.0,notional_at_entry,long,670765.0,long,336509404.25,0
2014-02-14 00:00:00+00:00,284,CORN,450.75,300000000.0,notional_at_entry,long,670765.0,long,339360155.5,0
2014-02-18 00:00:00+00:00,285,CORN,455.5,300000000.0,notional_at_entry,long,670765.0,long,342546289.25,0
2014-02-19 00:00:00+00:00,286,CORN,460.25,300000000.0,notional_at_entry,long,670765.0,long,345732423.0,0
2014-02-20 00:00:00+00:00,287,CORN,462.25,300000000.0,notional_at_entry,long,670765.0,long,347073953.0,0
2014-02-21 00:00:00+00:00,288,CORN,459.0,300000000.0,notional_at_entry,long,670765.0,long,344893966.75,0
2014-02-24 00:00:00+00:00,289,CORN,457.75,-450000000.0,notional_at_entry,short,-983069.0,short,344055510.5,1
2014-02-25 00:00:00+00:00,290,CORN,461.25,-450000000.0,notional_at_entry,short,-983069.0,short,340614769.0,0
2014-02-26 00:00:00+00:00,291,CORN,461.0,-450000000.0,notional_at_entry,short,-983069.0,short,340860536.25,0
2014-02-27 00:00:00+00:00,292,CORN,454.5,-450000000.0,notional_at_entry,short,-983069.0,short,347250484.75,0
2014-02-28 00:00:00+00:00,293,CORN,463.5,-450000000.0,notional_at_entry,short,-983069.0,short,338402863.75,0
2014-03-03 00:00:00+00:00,294,CORN,470.5,-450000000.0,notional_at_entry,short,-983069.0,short,331521380.75,0
2014-03-04 00:00:00+00:00,295,CORN,484.25,300000000.0,notional_at_entry,long,619514.0,long,318004182.0,1
2014-03-05 00:00:00+00:00,296,CORN,482.0,300000000.0,notional_at_entry,long,619514.0,long,316610275.5,0
2014-03-06 00:00:00+00:00,297,CORN,491.0,-300000000.0,notional_at_entry,short,-610997.0,short,322185901.5,1
2014-03-07 00:00:00+00:00,298,CORN,489.0,-300000000.0,notional_at_entry,short,-610997.0,short,323407895.5,0
2014-03-10 00:00:00+00:00,299,CORN,478.25,-300000000.0,notional_at_entry,short,-610997.0,short,329976113.25,0
2014-03-11 00:00:00+00:00,300,CORN,483.25,300000000.0,notional_at_entry,long,620796.0,long,326921128.25,1
2014-03-12 00:00:00+00:00,301,CORN,488.5,300000000.0,notional_at_entry,long,620796.0,long,330180307.25,0
2014-03-13 00:00:00+00:00,302,CORN,485.0,300000000.0,notional_at_entry,long,620796.0,long,328007521.25,0
2014-03-14 00:00:00+00:00,303,CORN,486.0,-450000000.0,notional_at_entry,short,-925925.0,short,328628317.25,1
2014-03-17 00:00:00+00:00,304,CORN,484.0,-450000000.0,notional_at_entry,short,-925925.0,short,330480167.25,0
2014-03-18 00:00:00+00:00,305,CORN,491.0,-450000000.0,notional_at_entry,short,-925925.0,short,323998692.25,0
2014-03-19 00:00:00+00:00,306,CORN,492.75,-450000000.0,notional_at_entry,short,-925925.0,short,322378323.5,0
2014-03-20 00:00:00+00:00,307,CORN,483.5,-450000000.0,notional_at_entry,short,-925925.0,short,330943129.75,0
2014-03-21 00:00:00+00:00,308,CORN,483.75,300000000.0,notional_at_entry,long,620155.0,long,330711648.5,1
2014-03-24 00:00:00+00:00,309,CORN,494.5,300000000.0,notional_at_entry,long,620155.0,long,337378314.75,0
2014-03-25 00:00:00+00:00,310,CORN,491.25,300000000.0,notional_at_entry,long,620155.0,long,335362811.0,0
2014-03-26 00:00:00+00:00,311,CORN,489.25,300000000.0,notional_at_entry,long,620155.0,long,334122501.0,0
2014-03-27 00:00:00+00:00,312,CORN,496.25,300000000.0,notional_at_entry,long,620155.0,long,338463586.0,0
2014-03-28 00:00:00+00:00,313,CORN,496.25,300000000.0,notional_at_entry,long,620155.0,long,338463586.0,0
2014-03-31 00:00:00+00:00,314,CORN,506.75,300000000.0,notional_at_entry,long,620155.0,long,344975213.5,0
2014-04-01 00:00:00+00:00,315,CORN,512.5,300000000.0,notional_at_entry,long,620155.0,long,348541104.75,0
2014-04-02 00:00:00+00:00,316,CORN,501.0,300000000.0,notional_at_entry,long,620155.0,long,341409322.25,0
2014-04-03 00:00:00+00:00,317,CORN,505.25,300000000.0,notional_at_entry,long,620155.0,long,344044981.0,0
2014-04-04 00:00:00+00:00,318,CORN,507.5,300000000.0,notional_at_entry,long,620155.0,long,345440329.75,0
2014-04-07 00:00:00+00:00,319,CORN,505.25,300000000.0,notional_at_entry,long,620155.0,long,344044981.0,0
2014-04-08 00:00:00+00:00,320,CORN,513.0,300000000.0,notional_at_entry,long,620155.0,long,348851182.25,0
2014-04-09 00:00:00+00:00,321,CORN,508.0,300000000.0,notional_at_entry,long,620155.0,long,345750407.25,0
2014-04-10 00:00:00+00:00,322,CORN,507.25,450000000.0,notional_at_entry,long,620155.0,long,345285291.0,0
2014-04-11 00:00:00+00:00,323,CORN,504.5,450000000.0,notional_at_entry,long,620155.0,long,343579864.75,0
2014-04-14 00:00:00+00:00,324,CORN,509.25,450000000.0,notional_at_entry,long,620155.0,long,346525601.0,0
2014-04-15 00:00:00+00:00,325,CORN,509.75,450000000.0,notional_at_entry,long,620155.0,long,346835678.5,0
2014-04-16 00:00:00+00:00,326,CORN,503.5,450000000.0,notional_at_entry,long,620155.0,long,342959709.75,0
2014-04-17 00:00:00+00:00,327,CORN,500.5,450000000.0,notional_at_entry,long,620155.0,long,341099244.75,0
2014-04-21 00:00:00+00:00,328,CORN,493.75,450000000.0,notional_at_entry,long,620155.0,long,336913198.5,0
2014-04-22 00:00:00+00:00,329,CORN,502.0,450000000.0,notional_at_entry,long,620155.0,long,342029477.25,0
2014-04-23 00:00:00+00:00,330,CORN,509.5,450000000.0,notional_at_entry,long,620155.0,long,346680639.75,0
2014-04-24 00:00:00+00:00,331,CORN,507.25,450000000.0,notional_at_entry,long,620155.0,long,345285291.0,0
2014-04-25 00:00:00+00:00,332,CORN,512.75,450000000.0,notional_at_entry,long,620155.0,long,348696143.5,0
2014-04-28 00:00:00+00:00,333,CORN,513.75,450000000.0,notional_at_entry,long,620155.0,long,349316298.5,0
2014-04-29 00:00:00+00:00,334,CORN,521.5,450000000.0,notional_at_entry,long,620155.0,long,354122499.75,0
2014-04-30 00:00:00+00:00,335,CORN,519.0,450000000.0,notional_at_entry,long,620155.0,long,352572112.25,0
2014-05-01 00:00:00+00:00,336,CORN,507.0,450000000.0,notional_at_entry,long,620155.0,long,345130252.25,0
2014-05-02 00:00:00+00:00,337,CORN,499.5,450000000.0,notional_at_entry,long,620155.0,long,340479089.75,0
2014-05-05 00:00:00+00:00,338,CORN,508.0,450000000.0,notional_at_entry,long,620155.0,long,345750407.25,0
2014-05-06 00:00:00+00:00,339,CORN,517.5,450000000.0,notional_at_entry,long,620155.0,long,351641879.75,0
2014-05-07 00:00:00+00:00,340,CORN,514.0,450000000.0,notional_at_entry,long,620155.0,long,349471337.25,0
2014-05-08 00:00:00+00:00,341,CORN,516.5,450000000.0,notional_at_entry,long,620155.0,long,351021724.75,0
2014-05-09 00:00:00+00:00,342,CORN,507.5,-300000000.0,notional_at_entry,short,-591133.0,short,345440329.75,1
2014-05-12 00:00:00+00:00,343,CORN,499.5,-300000000.0,notional_at_entry,short,-591133.0,short,350169393.75,0
2014-05-13 00:00:00+00:00,344,CORN,502.75,-300000000.0,notional_at_entry,short,-591133.0,short,348248211.5,0
2014-05-14 00:00:00+00:00,345,CORN,495.5,-300000000.0,notional_at_entry,short,-591133.0,short,352533925.75,0
2014-05-15 00:00:00+00:00,346,CORN,481.0,-300000000.0,notional_at_entry,short,-591133.0,short,361105354.25,0
2014-05-16 00:00:00+00:00,347,CORN,481.25,-300000000.0,notional_at_entry,short,-591133.0,short,360957571.0,0
2014-05-19 00:00:00+00:00,348,CORN,475.5,-300000000.0,notional_at_entry,short,-591133.0,short,364356585.75,0
2014-05-20 00:00:00+00:00,349,CORN,472.25,-300000000.0,notional_at_entry,short,-591133.0,short,366277768.0,0
2014-05-21 00:00:00+00:00,350,CORN,472.5,-300000000.0,notional_at_entry,short,-591133.0,short,366129984.75,0
2014-05-22 00:00:00+00:00,351,CORN,474.0,-300000000.0,notional_at_entry,short,-591133.0,short,365243285.25,0
2014-05-23 00:00:00+00:00,352,CORN,475.5,-300000000.0,notional_at_entry,short,-591133.0,short,364356585.75,0
2014-05-27 00:00:00+00:00,353,CORN,466.25,-300000000.0,notional_at_entry,short,-591133.0,short,369824566.0,0
2014-05-28 00:00:00+00:00,354,CORN,469.25,-300000000.0,notional_at_entry,short,-591133.0,short,368051167.0,0
2014-05-29 00:00:00+00:00,355,CORN,463.25,-300000000.0,notional_at_entry,short,-591133.0,short,371597965.0,0
2014-05-30 00:00:00+00:00,356,CORN,458.0,-300000000.0,notional_at_entry,short,-591133.0,short,374701413.25,0
2014-06-02 00:00:00+00:00,357,CORN,459.25,-450000000.0,notional_at_entry,short,-591133.0,short,373962497.0,0
2014-06-03 00:00:00+00:00,358,CORN,454.0,-450000000.0,notional_at_entry,short,-591133.0,short,377065945.25,0
2014-06-04 00:00:00+00:00,359,CORN,452.25,-450000000.0,notional_at_entry,short,-591133.0,short,378100428.0,0
2014-06-05 00:00:00+00:00,360,CORN,444.25,-450000000.0,notional_at_entry,short,-591133.0,short,382829492.0,0
2014-06-06 00:00:00+00:00,361,CORN,456.25,-450000000.0,notional_at_entry,short,-591133.0,short,375735896.0,0
2014-06-09 00:00:00+00:00,362,CORN,447.5,-450000000.0,notional_at_entry,short,-591133.0,short,380908309.75,0
2014-06-10 00:00:00+00:00,363,CORN,441.25,300000000.0,notional_at_entry,long,679886.0,long,384602891.0,1
2014-06-11 00:00:00+00:00,364,CORN,437.5,300000000.0,notional_at_entry,long,679886.0,long,382053318.5,0
2014-06-12 00:00:00+00:00,365,CORN,440.0,300000000.0,notional_at_entry,long,679886.0,long,383753033.5,0
2014-06-13 00:00:00+00:00,366,CORN,443.0,300000000.0,notional_at_entry,long,679886.0,long,385792691.5,0
2014-06-16 00:00:00+00:00,367,CORN,436.75,-450000000.0,notional_at_entry,short,-1030337.0,short,381543404.0,1
2014-06-17 00:00:00+00:00,368,CORN,434.0,-450000000.0,notional_at_entry,short,-1030337.0,short,384376830.75,0
2014-06-18 00:00:00+00:00,369,CORN,435.5,-450000000.0,notional_at_entry,short,-1030337.0,short,382831325.25,0
2014-06-19 00:00:00+00:00,370,CORN,444.25,-450000000.0,notional_at_entry,short,-1030337.0,short,373815876.5,0
2014-06-20 00:00:00+00:00,371,CORN,448.25,-450000000.0,notional_at_entry,short,-1030337.0,short,369694528.5,0
2014-06-23 00:00:00+00:00,372,CORN,439.0,-450000000.0,notional_at_entry,short,-1030337.0,short,379225145.75,0
2014-06-24 00:00:00+00:00,373,CORN,436.75,-450000000.0,notional_at_entry,short,-1030337.0,short,381543404.0,0
2014-06-25 00:00:00+00:00,374,CORN,435.75,-450000000.0,notional_at_entry,short,-1030337.0,short,382573741.0,0
2014-06-26 00:00:00+00:00,375,CORN,439.0,-450000000.0,notional_at_entry,short,-1030337.0,short,379225145.75,0
2014-06-27 00:00:00+00:00,376,CORN,442.25,-450000000.0,notional_at_entry,short,-1030337.0,short,375876550.5,0
2014-06-30 00:00:00+00:00,377,CORN,418.75,-450000000.0,notional_at_entry,short,-1030337.0,short,400089470.0,0
2014-07-01 00:00:00+00:00,378,CORN,416.0,-450000000.0,notional_at_entry,short,-1030337.0,short,402922896.75,0
2014-07-02 00:00:00+00:00,379,CORN,412.25,-450000000.0,notional_at_entry,short,-1030337.0,short,406786660.5,0
2014-07-03 00:00:00+00:00,380,CORN,409.5,-450000000.0,notional_at_entry,short,-1030337.0,short,409620087.25,0
2014-07-07 00:00:00+00:00,381,CORN,400.5,-450000000.0,notional_at_entry,short,-1030337.0,short,418893120.25,0
2014-07-08 00:00:00+00:00,382,CORN,398.25,-450000000.0,notional_at_entry,short,-1030337.0,short,421211378.5,0
2014-07-09 00:00:00+00:00,383,CORN,391.25,-450000000.0,notional_at_entry,short,-1030337.0,short,428423737.5,0
2014-07-10 00:00:00+00:00,384,CORN,386.25,-450000000.0,notional_at_entry,short,-1030337.0,short,433575422.5,0
2014-07-11 00:00:00+00:00,385,CORN,378.25,300000000.0,notional_at_entry,long,793126.0,long,441818118.5,1
2014-07-14 00:00:00+00:00,386,CORN,381.5,300000000.0,notional_at_entry,long,793126.0,long,444395778.0,0
2014-07-15 00:00:00+00:00,387,CORN,381.75,300000000.0,notional_at_entry,long,793126.0,long,444594059.5,0
2014-07-16 00:00:00+00:00,388,CORN,386.75,300000000.0,notional_at_entry,long,793126.0,long,448559689.5,0
2014-07-17 00:00:00+00:00,389,CORN,387.25,300000000.0,notional_at_entry,long,793126.0,long,448956252.5,0
2014-07-18 00:00:00+00:00,390,CORN,378.5,300000000.0,notional_at_entry,long,793126.0,long,442016400.0,0
2014-07-21 00:00:00+00:00,391,CORN,372.0,300000000.0,notional_at_entry,long,793126.0,long,436861081.0,0
2014-07-22 00:00:00+00:00,392,CORN,368.25,300000000.0,notional_at_entry,long,793126.0,long,433886858.5,0
2014-07-23 00:00:00+00:00,393,CORN,370.75,-300000000.0,notional_at_entry,short,-809170.0,short,435869673.5,1
2014-07-24 00:00:00+00:00,394,CORN,369.5,-300000000.0,notional_at_entry,short,-809170.0,short,436881136.0,0
2014-07-25 00:00:00+00:00,395,CORN,371.75,-300000000.0,notional_at_entry,short,-809170.0,short,435060503.5,0
2014-07-28 00:00:00+00:00,396,CORN,376.75,-300000000.0,notional_at_entry,short,-809170.0,short,431014653.5,0
2014-07-29 00:00:00+00:00,397,CORN,371.0,-300000000.0,notional_at_entry,short,-809170.0,short,435667381.0,0
2014-07-30 00:00:00+00:00,398,CORN,371.5,-300000000.0,notional_at_entry,short,-809170.0,short,435262796.0,0
2014-07-31 00:00:00+00:00,399,CORN,367.0,-300000000.0,notional_at_entry,short,-809170.0,short,438904061.0,0
2014-08-01 00:00:00+00:00,400,CORN,362.25,-300000000.0,notional_at_entry,short,-809170.0,short,442747618.5,0
2014-08-04 00:00:00+00:00,401,CORN,369.25,-300000000.0,notional_at_entry,short,-809170.0,short,437083428.5,0
2014-08-05 00:00:00+00:00,402,CORN,367.25,-300000000.0,notional_at_entry,short,-809170.0,short,438701768.5,0
2014-08-06 00:00:00+00:00,403,CORN,374.25,-300000000.0,notional_at_entry,short,-809170.0,short,433037578.5,0
2014-08-07 00:00:00+00:00,404,CORN,371.25,-300000000.0,notional_at_entry,short,-809170.0,short,435465088.5,0
2014-08-08 00:00:00+00:00,405,CORN,363.5,-300000000.0,notional_at_entry,short,-809170.0,short,441736156.0,0
2014-08-11 00:00:00+00:00,406,CORN,368.25,-300000000.0,notional_at_entry,short,-809170.0,short,437892598.5,0
2014-08-12 00:00:00+00:00,407,CORN,369.0,-300000000.0,notional_at_entry,short,-809170.0,short,437285721.0,0
2014-08-13 00:00:00+00:00,408,CORN,369.75,-300000000.0,notional_at_entry,short,-809170.0,short,436678843.5,0
2014-08-14 00:00:00+00:00,409,CORN,373.5,-300000000.0,notional_at_entry,short,-809170.0,short,433644456.0,0
2014-08-15 00:00:00+00:00,410,CORN,377.0,-300000000.0,notional_at_entry,short,-809170.0,short,430812361.0,0
2014-08-18 00:00:00+00:00,411,CORN,371.5,450000000.0,notional_at_entry,long,1211305.0,long,435262796.0,1
2014-08-19 00:00:00+00:00,412,CORN,372.25,450000000.0,notional_at_entry,long,1211305.0,long,436171274.75,0
2014-08-20 00:00:00+00:00,413,CORN,367.5,450000000.0,notional_at_entry,long,1211305.0,long,430417576.0,0
2014-08-21 00:00:00+00:00,414,CORN,369.0,450000000.0,notional_at_entry,long,1211305.0,long,432234533.5,0
2014-08-22 00:00:00+00:00,415,CORN,371.5,450000000.0,notional_at_entry,long,1211305.0,long,435262796.0,0
2014-08-25 00:00:00+00:00,416,CORN,367.5,450000000.0,notional_at_entry,long,1211305.0,long,430417576.0,0
2014-08-26 00:00:00+00:00,417,CORN,365.0,450000000.0,notional_at_entry,long,1211305.0,long,427389313.5,0
2014-08-27 00:00:00+00:00,418,CORN,365.0,450000000.0,notional_at_entry,long,1211305.0,long,427389313.5,0
2014-08-28 00:00:00+00:00,419,CORN,369.25,450000000.0,notional_at_entry,long,1211305.0,long,432537359.75,0
2014-08-29 00:00:00+00:00,420,CORN,364.75,450000000.0,notional_at_entry,long,1211305.0,long,427086487.25,0
2014-09-02 00:00:00+00:00,421,CORN,363.75,450000000.0,notional_at_entry,long,1211305.0,long,425875182.25,0
2014-09-03 00:00:00+00:00,422,CORN,352.0,450000000.0,notional_at_entry,long,1211305.0,long,411642348.5,0
2014-09-04 00:00:00+00:00,423,CORN,346.5,450000000.0,notional_at_entry,long,1211305.0,long,404980171.0,0
2014-09-05 00:00:00+00:00,424,CORN,356.0,450000000.0,notional_at_entry,long,1211305.0,long,416487568.5,0
2014-09-08 00:00:00+00:00,425,CORN,348.25,450000000.0,notional_at_entry,long,1211305.0,long,407099954.75,0
2014-09-09 00:00:00+00:00,426,CORN,344.25,450000000.0,notional_at_entry,long,1211305.0,long,402254734.75,0
2014-09-10 00:00:00+00:00,427,CORN,345.75,450000000.0,notional_at_entry,long,1211305.0,long,404071692.25,0
2014-09-11 00:00:00+00:00,428,CORN,341.0,450000000.0,notional_at_entry,long,1211305.0,long,398317993.5,0
2014-09-12 00:00:00+00:00,429,CORN,338.5,450000000.0,notional_at_entry,long,1211305.0,long,395289731.0,0
2014-09-15 00:00:00+00:00,430,CORN,355.0,450000000.0,notional_at_entry,long,1211305.0,long,415276263.5,0
2014-09-16 00:00:00+00:00,431,CORN,355.5,450000000.0,notional_at_entry,long,1211305.0,long,415881916.0,0
2014-09-17 00:00:00+00:00,432,CORN,354.0,450000000.0,notional_at_entry,long,1211305.0,long,414064958.5,0
2014-09-18 00:00:00+00:00,433,CORN,350.75,450000000.0,notional_at_entry,long,1211305.0,long,410128217.25,0
2014-09-19 00:00:00+00:00,434,CORN,344.25,450000000.0,notional_at_entry,long,1211305.0,long,402254734.75,0
2014-09-22 00:00:00+00:00,435,CORN,342.75,450000000.0,notional_at_entry,long,1211305.0,long,400437777.25,0
2014-09-23 00:00:00+00:00,436,CORN,338.25,450000000.0,notional_at_entry,long,1211305.0,long,394986904.75,0
2014-09-24 00:00:00+00:00,437,CORN,342.25,450000000.0,notional_at_entry,long,1211305.0,long,399832124.75,0
2014-09-25 00:00:00+00:00,438,CORN,339.0,450000000.0,notional_at_entry,long,1211305.0,long,395895383.5,0
2014-09-26 00:00:00+00:00,439,CORN,335.75,450000000.0,notional_at_entry,long,1211305.0,long,391958642.25,0
2014-09-29 00:00:00+00:00,440,CORN,338.5,450000000.0,notional_at_entry,long,1211305.0,long,395289731.0,0
2014-09-30 00:00:00+00:00,441,CORN,333.5,450000000.0,notional_at_entry,long,1211305.0,long,389233206.0,0
2014-10-01 00:00:00+00:00,442,CORN,334.0,450000000.0,notional_at_entry,long,1211305.0,long,389838858.5,0
2014-10-02 00:00:00+00:00,443,CORN,335.75,450000000.0,notional_at_entry,long,1211305.0,long,391958642.25,0
2014-10-03 00:00:00+00:00,444,CORN,336.25,450000000.0,notional_at_entry,long,1211305.0,long,392564294.75,0
2014-10-06 00:00:00+00:00,445,CORN,345.25,450000000.0,notional_at_entry,long,1211305.0,long,403466039.75,0
2014-10-07 00:00:00+00:00,446,CORN,353.5,450000000.0,notional_at_entry,long,1211305.0,long,413459306.0,0
2014-10-08 00:00:00+00:00,447,CORN,356.5,-300000000.0,notional_at_entry,short,-841514.0,short,417093221.0,1
2014-10-09 00:00:00+00:00,448,CORN,357.75,-300000000.0,notional_at_entry,short,-841514.0,short,416041328.5,0
2014-10-10 00:00:00+00:00,449,CORN,346.75,-300000000.0,notional_at_entry,short,-841514.0,short,425297982.5,0
2014-10-13 00:00:00+00:00,450,CORN,358.5,-300000000.0,notional_at_entry,short,-841514.0,short,415410193.0,0
2014-10-14 00:00:00+00:00,451,CORN,370.0,-300000000.0,notional_at_entry,short,-841514.0,short,405732782.0,0
2014-10-15 00:00:00+00:00,452,CORN,360.5,-300000000.0,notional_at_entry,short,-841514.0,short,413727165.0,0
2014-10-16 00:00:00+00:00,453,CORN,365.25,-300000000.0,notional_at_entry,short,-841514.0,short,409729973.5,0
2014-10-17 00:00:00+00:00,454,CORN,361.25,-300000000.0,notional_at_entry,short,-841514.0,short,413096029.5,0
2014-10-20 00:00:00+00:00,455,CORN,361.75,-300000000.0,notional_at_entry,short,-841514.0,short,412675272.5,0
2014-10-21 00:00:00+00:00,456,CORN,369.5,-300000000.0,notional_at_entry,short,-841514.0,short,406153539.0,0
2014-10-22 00:00:00+00:00,457,CORN,367.0,-300000000.0,notional_at_entry,short,-841514.0,short,408257324.0,0
2014-10-23 00:00:00+00:00,458,CORN,373.5,-300000000.0,notional_at_entry,short,-841514.0,short,402787483.0,0
2014-10-24 00:00:00+00:00,459,CORN,366.75,-300000000.0,notional_at_entry,short,-841514.0,short,408467702.5,0
2014-10-27 00:00:00+00:00,460,CORN,376.75,-300000000.0,notional_at_entry,short,-841514.0,short,400052562.5,0
2014-10-28 00:00:00+00:00,461,CORN,378.0,-300000000.0,notional_at_entry,short,-841514.0,short,399000670.0,0
2014-10-29 00:00:00+00:00,462,CORN,388.5,-300000000.0,notional_at_entry,short,-841514.0,short,390164773.0,0
2014-10-30 00:00:00+00:00,463,CORN,387.0,-300000000.0,notional_at_entry,short,-841514.0,short,391427044.0,0
2014-10-31 00:00:00+00:00,464,CORN,389.25,-300000000.0,notional_at_entry,short,-841514.0,short,389533637.5,0
2014-11-03 00:00:00+00:00,465,CORN,386.0,-300000000.0,notional_at_entry,short,-841514.0,short,392268558.0,0
2014-11-04 00:00:00+00:00,466,CORN,377.25,-300000000.0,notional_at_entry,short,-841514.0,short,399631805.5,0
2014-11-05 00:00:00+00:00,467,CORN,383.0,-300000000.0,notional_at_entry,short,-841514.0,short,394793100.0,0
2014-11-06 00:00:00+00:00,468,CORN,384.0,-300000000.0,notional_at_entry,short,-841514.0,short,393951586.0,0
2014-11-07 00:00:00+00:00,469,CORN,380.5,-300000000.0,notional_at_entry,short,-841514.0,short,396896885.0,0
2014-11-10 00:00:00+00:00,470,CORN,382.0,-300000000.0,notional_at_entry,short,-841514.0,short,395634614.0,0
2014-11-11 00:00:00+00:00,471,CORN,386.5,-300000000.0,notional_at_entry,short,-841514.0,short,391847801.0,0
2014-11-12 00:00:00+00:00,472,CORN,390.5,-300000000.0,notional_at_entry,short,-841514.0,short,388481745.0,0
2014-11-13 00:00:00+00:00,473,CORN,398.75,-450000000.0,notional_at_entry,short,-841514.0,short,381539254.5,0
2014-11-14 00:00:00+00:00,474,CORN,394.25,-450000000.0,notional_at_entry,short,-841514.0,short,385326067.5,0
2014-11-17 00:00:00+00:00,475,CORN,390.5,-450000000.0,notional_at_entry,short,-841514.0,short,388481745.0,0
2014-11-18 00:00:00+00:00,476,CORN,385.0,-450000000.0,notional_at_entry,short,-841514.0,short,393110072.0,0
2014-11-19 00:00:00+00:00,477,CORN,376.0,450000000.0,notional_at_entry,long,1196808.0,long,400683698.0,1
2014-11-20 00:00:00+00:00,478,CORN,386.25,450000000.0,notional_at_entry,long,1196808.0,long,412950980.0,0
2014-11-21 00:00:00+00:00,479,CORN,385.25,450000000.0,notional_at_entry,long,1196808.0,long,411754172.0,0
2014-11-24 00:00:00+00:00,480,CORN,380.25,450000000.0,notional_at_entry,long,1196808.0,long,405770132.0,0
2014-11-25 00:00:00+00:00,481,CORN,387.25,450000000.0,notional_at_entry,long,1196808.0,long,414147788.0,0
2014-11-26 00:00:00+00:00,482,CORN,391.5,450000000.0,notional_at_entry,long,1196808.0,long,419234222.0,0
2014-11-27 00:00:00+00:00,483,CORN,391.63,450000000.0,notional_at_entry,long,1196808.0,long,419389807.04,0
2014-11-28 00:00:00+00:00,484,CORN,388.75,450000000.0,notional_at_entry,long,1196808.0,long,415943000.0,0
2014-12-01 00:00:00+00:00,485,CORN,389.75,-450000000.0,notional_at_entry,short,-1154586.0,short,417139808.0,1
2014-12-02 00:00:00+00:00,486,CORN,381.25,-450000000.0,notional_at_entry,short,-1154586.0,short,426953789.0,0
2014-12-03 00:00:00+00:00,487,CORN,382.0,450000000.0,notional_at_entry,long,1178010.0,long,426087849.5,1
2014-12-04 00:00:00+00:00,488,CORN,389.75,450000000.0,notional_at_entry,long,1178010.0,long,435217427.0,0
2014-12-05 00:00:00+00:00,489,CORN,395.0,450000000.0,notional_at_entry,long,1178010.0,long,441401979.5,0
2014-12-08 00:00:00+00:00,490,CORN,390.25,450000000.0,notional_at_entry,long,1178010.0,long,435806432.0,0
2014-12-09 00:00:00+00:00,491,CORN,395.25,450000000.0,notional_at_entry,long,1178010.0,long,441696482.0,0
2014-12-10 00:00:00+00:00,492,CORN,393.75,450000000.0,notional_at_entry,long,1178010.0,long,439929467.0,0
2014-12-11 00:00:00+00:00,493,CORN,398.5,450000000.0,notional_at_entry,long,1178010.0,long,445525014.5,0
2014-12-12 00:00:00+00:00,494,CORN,407.5,450000000.0,notional_at_entry,long,1178010.0,long,456127104.5,0
2014-12-15 00:00:00+00:00,495,CORN,416.5,450000000.0,notional_at_entry,long,1178010.0,long,466729194.5,0
2014-12-16 00:00:00+00:00,496,CORN,414.5,450000000.0,notional_at_entry,long,1178010.0,long,464373174.5,0
2014-12-17 00:00:00+00:00,497,CORN,416.5,450000000.0,notional_at_entry,long,1178010.0,long,466729194.5,0
2014-12-18 00:00:00+00:00,498,CORN,419.5,450000000.0,notional_at_entry,long,1178010.0,long,470263224.5,0
2014-12-19 00:00:00+00:00,499,CORN,419.0,450000000.0,notional_at_entry,long,1178010.0,long,469674219.5,0
2014-12-22 00:00:00+00:00,500,CORN,420.25,450000000.0,notional_at_entry,long,1178010.0,long,471146732.0,0
2014-12-23 00:00:00+00:00,501,CORN,422.5,450000000.0,notional_at_entry,long,1178010.0,long,473797254.5,0
2014-12-24 00:00:00+00:00,502,CORN,416.25,450000000.0,notional_at_entry,long,1178010.0,long,466434692.0,0
2014-12-26 00:00:00+00:00,503,CORN,423.0,450000000.0,notional_at_entry,long,1178010.0,long,474386259.5,0
2014-12-29 00:00:00+00:00,504,CORN,421.25,450000000.0,notional_at_entry,long,1178010.0,long,472324742.0,0
2014-12-30 00:00:00+00:00,505,CORN,415.0,450000000.0,notional_at_entry,long,1178010.0,long,464962179.5,0
2014-12-31 00:00:00+00:00,506,CORN,405.75,450000000.0,notional_at_entry,long,1178010.0,long,454065587.0,0
2015-01-02 00:00:00+00:00,507,CORN,404.5,450000000.0,notional_at_entry,long,1178010.0,long,452593074.5,0
2015-01-05 00:00:00+00:00,508,CORN,414.75,450000000.0,notional_at_entry,long,1178010.0,long,464667677.0,0
2015-01-06 00:00:00+00:00,509,CORN,413.5,450000000.0,notional_at_entry,long,1178010.0,long,463195164.5,0
2015-01-07 00:00:00+00:00,510,CORN,404.75,450000000.0,notional_at_entry,long,1178010.0,long,452887577.0,0
2015-01-08 00:00:00+00:00,511,CORN,402.75,450000000.0,notional_at_entry,long,1178010.0,long,450531557.0,0
2015-01-09 00:00:00+00:00,512,CORN,408.25,450000000.0,notional_at_entry,long,1178010.0,long,457010612.0,0
2015-01-12 00:00:00+00:00,513,CORN,410.0,450000000.0,notional_at_entry,long,1178010.0,long,459072129.5,0
2015-01-13 00:00:00+00:00,514,CORN,393.5,450000000.0,notional_at_entry,long,1178010.0,long,439634964.5,0
2015-01-14 00:00:00+00:00,515,CORN,388.5,450000000.0,notional_at_entry,long,1178010.0,long,433744914.5,0
2015-01-15 00:00:00+00:00,516,CORN,387.25,-450000000.0,notional_at_entry,short,-1162040.0,short,432272402.0,1
2015-01-16 00:00:00+00:00,517,CORN,394.25,-450000000.0,notional_at_entry,short,-1162040.0,short,424138122.0,0
2015-01-20 00:00:00+00:00,518,CORN,397.75,300000000.0,notional_at_entry,long,754242.0,long,420070982.0,1
2015-01-21 00:00:00+00:00,519,CORN,395.75,300000000.0,notional_at_entry,long,754242.0,long,418562498.0,0
2015-01-22 00:00:00+00:00,520,CORN,392.0,300000000.0,notional_at_entry,long,754242.0,long,415734090.5,0
2015-01-23 00:00:00+00:00,521,CORN,395.25,300000000.0,notional_at_entry,long,754242.0,long,418185377.0,0
2015-01-26 00:00:00+00:00,522,CORN,392.5,300000000.0,notional_at_entry,long,754242.0,long,416111211.5,0
2015-01-27 00:00:00+00:00,523,CORN,389.75,300000000.0,notional_at_entry,long,754242.0,long,414037046.0,0
2015-01-28 00:00:00+00:00,524,CORN,381.5,300000000.0,notional_at_entry,long,754242.0,long,407814549.5,0
2015-01-29 00:00:00+00:00,525,CORN,380.0,300000000.0,notional_at_entry,long,754242.0,long,406683186.5,0
2015-01-30 00:00:00+00:00,526,CORN,378.5,300000000.0,notional_at_entry,long,754242.0,long,405551823.5,0
2015-02-02 00:00:00+00:00,527,CORN,377.75,300000000.0,notional_at_entry,long,754242.0,long,404986142.0,0
2015-02-03 00:00:00+00:00,528,CORN,393.75,300000000.0,notional_at_entry,long,754242.0,long,417054014.0,0
2015-02-04 00:00:00+00:00,529,CORN,391.5,300000000.0,notional_at_entry,long,754242.0,long,415356969.5,0
2015-02-05 00:00:00+00:00,530,CORN,393.25,450000000.0,notional_at_entry,long,754242.0,long,416676893.0,0
2015-02-06 00:00:00+00:00,531,CORN,394.0,450000000.0,notional_at_entry,long,754242.0,long,417242574.5,0
2015-02-09 00:00:00+00:00,532,CORN,399.5,450000000.0,notional_at_entry,long,754242.0,long,421390905.5,0
2015-02-10 00:00:00+00:00,533,CORN,396.25,450000000.0,notional_at_entry,long,754242.0,long,418939619.0,0
2015-02-11 00:00:00+00:00,534,CORN,393.75,450000000.0,notional_at_entry,long,754242.0,long,417054014.0,0
2015-02-12 00:00:00+00:00,535,CORN,391.0,450000000.0,notional_at_entry,long,754242.0,long,414979848.5,0
2015-02-13 00:00:00+00:00,536,CORN,395.25,450000000.0,notional_at_entry,long,754242.0,long,418185377.0,0
2015-02-17 00:00:00+00:00,537,CORN,397.75,450000000.0,notional_at_entry,long,754242.0,long,420070982.0,0
2015-02-18 00:00:00+00:00,538,CORN,392.0,450000000.0,notional_at_entry,long,754242.0,long,415734090.5,0
2015-02-19 00:00:00+00:00,539,CORN,397.75,-300000000.0,notional_at_entry,short,-754242.0,short,420070982.0,1
2015-02-20 00:00:00+00:00,540,CORN,393.0,-300000000.0,notional_at_entry,short,-754242.0,short,423653631.5,0
2015-02-23 00:00:00+00:00,541,CORN,386.75,-300000000.0,notional_at_entry,short,-754242.0,short,428367644.0,0
2015-02-24 00:00:00+00:00,542,CORN,385.5,-300000000.0,notional_at_entry,short,-754242.0,short,429310446.5,0
2015-02-25 00:00:00+00:00,543,CORN,383.75,-300000000.0,notional_at_entry,short,-754242.0,short,430630370.0,0
2015-02-26 00:00:00+00:00,544,CORN,388.5,-300000000.0,notional_at_entry,short,-754242.0,short,427047720.5,0
2015-02-27 00:00:00+00:00,545,CORN,393.25,-300000000.0,notional_at_entry,short,-754242.0,short,423465071.0,0
2015-03-02 00:00:00+00:00,546,CORN,388.0,-300000000.0,notional_at_entry,short,-754242.0,short,427424841.5,0
2015-03-03 00:00:00+00:00,547,CORN,391.0,-450000000.0,notional_at_entry,short,-754242.0,short,425162115.5,0
2015-03-04 00:00:00+00:00,548,CORN,389.5,-450000000.0,notional_at_entry,short,-754242.0,short,426293478.5,0
2015-03-05 00:00:00+00:00,549,CORN,390.5,-450000000.0,notional_at_entry,short,-754242.0,short,425539236.5,0
2015-03-06 00:00:00+00:00,550,CORN,386.0,-450000000.0,notional_at_entry,short,-754242.0,short,428933325.5,0
2015-03-09 00:00:00+00:00,551,CORN,388.75,-450000000.0,notional_at_entry,short,-754242.0,short,426859160.0,0
2015-03-10 00:00:00+00:00,552,CORN,388.0,-450000000.0,notional_at_entry,short,-754242.0,short,427424841.5,0
2015-03-11 00:00:00+00:00,553,CORN,391.0,-450000000.0,notional_at_entry,short,-754242.0,short,425162115.5,0
2015-03-12 00:00:00+00:00,554,CORN,388.5,-450000000.0,notional_at_entry,short,-754242.0,short,427047720.5,0
2015-03-13 00:00:00+00:00,555,CORN,380.5,-450000000.0,notional_at_entry,short,-754242.0,short,433081656.5,0
2015-03-16 00:00:00+00:00,556,CORN,387.0,450000000.0,notional_at_entry,long,1162790.0,long,428179083.5,1
2015-03-17 00:00:00+00:00,557,CORN,379.0,450000000.0,notional_at_entry,long,1162790.0,long,418876763.5,0
2015-03-18 00:00:00+00:00,558,CORN,382.75,450000000.0,notional_at_entry,long,1162790.0,long,423237226.0,0
2015-03-19 00:00:00+00:00,559,CORN,381.5,450000000.0,notional_at_entry,long,1162790.0,long,421783738.5,0
2015-03-20 00:00:00+00:00,560,CORN,392.75,450000000.0,notional_at_entry,long,1162790.0,long,434865126.0,0
2015-03-23 00:00:00+00:00,561,CORN,398.0,-450000000.0,notional_at_entry,short,-1130653.0,short,440969773.5,1
2015-03-24 00:00:00+00:00,562,CORN,401.25,-450000000.0,notional_at_entry,short,-1130653.0,short,437295151.25,0
2015-03-25 00:00:00+00:00,563,CORN,403.0,450000000.0,notional_at_entry,long,1116625.0,long,435316508.5,1
2015-03-26 00:00:00+00:00,564,CORN,399.25,450000000.0,notional_at_entry,long,1116625.0,long,431129164.75,0
2015-03-27 00:00:00+00:00,565,CORN,399.0,450000000.0,notional_at_entry,long,1116625.0,long,430850008.5,0
2015-03-30 00:00:00+00:00,566,CORN,402.5,450000000.0,notional_at_entry,long,1116625.0,long,434758196.0,0
2015-03-31 00:00:00+00:00,567,CORN,384.25,450000000.0,notional_at_entry,long,1116625.0,long,414379789.75,0
2015-04-01 00:00:00+00:00,568,CORN,381.75,450000000.0,notional_at_entry,long,1116625.0,long,411588227.25,0
2015-04-02 00:00:00+00:00,569,CORN,386.5,450000000.0,notional_at_entry,long,1116625.0,long,416892196.0,0
2015-04-03 00:00:00+00:00,570,CORN,386.5,-450000000.0,notional_at_entry,short,-1164294.0,short,416892196.0,1
2015-04-06 00:00:00+00:00,571,CORN,385.0,-450000000.0,notional_at_entry,short,-1164294.0,short,418638637.0,0
2015-04-07 00:00:00+00:00,572,CORN,383.0,-450000000.0,notional_at_entry,short,-1164294.0,short,420967225.0,0
2015-04-08 00:00:00+00:00,573,CORN,379.25,-450000000.0,notional_at_entry,short,-1164294.0,short,425333327.5,0
2015-04-09 00:00:00+00:00,574,CORN,378.0,-450000000.0,notional_at_entry,short,-1164294.0,short,426788695.0,0
2015-04-10 00:00:00+00:00,575,CORN,377.0,-450000000.0,notional_at_entry,short,-1164294.0,short,427952989.0,0
2015-04-13 00:00:00+00:00,576,CORN,370.5,-450000000.0,notional_at_entry,short,-1164294.0,short,435520900.0,0
2015-04-14 00:00:00+00:00,577,CORN,373.5,-450000000.0,notional_at_entry,short,-1164294.0,short,432028018.0,0
2015-04-15 00:00:00+00:00,578,CORN,376.0,-450000000.0,notional_at_entry,short,-1164294.0,short,429117283.0,0
2015-04-16 00:00:00+00:00,579,CORN,376.25,450000000.0,notional_at_entry,long,1196013.0,long,428826209.5,1
2015-04-17 00:00:00+00:00,580,CORN,379.75,450000000.0,notional_at_entry,long,1196013.0,long,433012255.0,0
2015-04-20 00:00:00+00:00,581,CORN,378.0,450000000.0,notional_at_entry,long,1196013.0,long,430919232.25,0
2015-04-21 00:00:00+00:00,582,CORN,373.0,450000000.0,notional_at_entry,long,1196013.0,long,424939167.25,0
2015-04-22 00:00:00+00:00,583,CORN,372.5,450000000.0,notional_at_entry,long,1196013.0,long,424341160.75,0
2015-04-23 00:00:00+00:00,584,CORN,370.75,450000000.0,notional_at_entry,long,1196013.0,long,422248138.0,0
2015-04-24 00:00:00+00:00,585,CORN,364.5,450000000.0,notional_at_entry,long,1196013.0,long,414773056.75,0
2015-04-27 00:00:00+00:00,586,CORN,360.75,450000000.0,notional_at_entry,long,1196013.0,long,410288008.0,0
2015-04-28 00:00:00+00:00,587,CORN,361.0,450000000.0,notional_at_entry,long,1196013.0,long,410587011.25,0
2015-04-29 00:00:00+00:00,588,CORN,363.75,450000000.0,notional_at_entry,long,1196013.0,long,413876047.0,0
2015-04-30 00:00:00+00:00,589,CORN,362.5,450000000.0,notional_at_entry,long,1196013.0,long,412381030.75,0
2015-05-01 00:00:00+00:00,590,CORN,359.75,450000000.0,notional_at_entry,long,1196013.0,long,409091995.0,0
2015-05-04 00:00:00+00:00,591,CORN,358.75,450000000.0,notional_at_entry,long,1196013.0,long,407895982.0,0
2015-05-05 00:00:00+00:00,592,CORN,361.25,450000000.0,notional_at_entry,long,1196013.0,long,410886014.5,0
2015-05-06 00:00:00+00:00,593,CORN,366.5,450000000.0,notional_at_entry,long,1196013.0,long,417165082.75,0
2015-05-07 00:00:00+00:00,594,CORN,357.75,450000000.0,notional_at_entry,long,1196013.0,long,406699969.0,0
2015-05-08 00:00:00+00:00,595,CORN,358.5,450000000.0,notional_at_entry,long,1196013.0,long,407596978.75,0
2015-05-11 00:00:00+00:00,596,CORN,358.25,450000000.0,notional_at_entry,long,1196013.0,long,407297975.5,0
2015-05-12 00:00:00+00:00,597,CORN,357.0,450000000.0,notional_at_entry,long,1196013.0,long,405802959.25,0
2015-05-13 00:00:00+00:00,598,CORN,356.0,450000000.0,notional_at_entry,long,1196013.0,long,404606946.25,0
2015-05-14 00:00:00+00:00,599,CORN,361.0,450000000.0,notional_at_entry,long,1196013.0,long,410587011.25,0
2015-05-15 00:00:00+00:00,600,CORN,365.5,450000000.0,notional_at_entry,long,1196013.0,long,415969069.75,0
2015-05-18 00:00:00+00:00,601,CORN,368.0,450000000.0,notional_at_entry,long,1196013.0,long,418959102.25,0
2015-05-19 00:00:00+00:00,602,CORN,362.0,-300000000.0,notional_at_entry,short,-828729.0,short,411783024.25,1
2015-05-20 00:00:00+00:00,603,CORN,360.0,-300000000.0,notional_at_entry,short,-828729.0,short,413440482.25,0
2015-05-21 00:00:00+00:00,604,CORN,365.0,-300000000.0,notional_at_entry,short,-828729.0,short,409296837.25,0
2015-05-22 00:00:00+00:00,605,CORN,360.0,-300000000.0,notional_at_entry,short,-828729.0,short,413440482.25,0
2015-05-26 00:00:00+00:00,606,CORN,355.0,-300000000.0,notional_at_entry,short,-828729.0,short,417584127.25,0
2015-05-27 00:00:00+00:00,607,CORN,349.5,-300000000.0,notional_at_entry,short,-828729.0,short,422142136.75,0
2015-05-28 00:00:00+00:00,608,CORN,353.5,-300000000.0,notional_at_entry,short,-828729.0,short,418827220.75,0
2015-05-29 00:00:00+00:00,609,CORN,351.5,-300000000.0,notional_at_entry,short,-828729.0,short,420484678.75,0
2015-06-01 00:00:00+00:00,610,CORN,352.25,-300000000.0,notional_at_entry,short,-828729.0,short,419863132.0,0
2015-06-02 00:00:00+00:00,611,CORN,359.0,-300000000.0,notional_at_entry,short,-828729.0,short,414269211.25,0
2015-06-03 00:00:00+00:00,612,CORN,359.0,-300000000.0,notional_at_entry,short,-828729.0,short,414269211.25,0
2015-06-04 00:00:00+00:00,613,CORN,363.5,-300000000.0,notional_at_entry,short,-828729.0,short,410539930.75,0
2015-06-05 00:00:00+00:00,614,CORN,360.5,-300000000.0,notional_at_entry,short,-828729.0,short,413026117.75,0
2015-06-08 00:00:00+00:00,615,CORN,365.25,-300000000.0,notional_at_entry,short,-828729.0,short,409089655.0,0
2015-06-09 00:00:00+00:00,616,CORN,365.0,-300000000.0,notional_at_entry,short,-828729.0,short,409296837.25,0
2015-06-10 00:00:00+00:00,617,CORN,357.25,-300000000.0,notional_at_entry,short,-828729.0,short,415719487.0,0
2015-06-11 00:00:00+00:00,618,CORN,356.5,-300000000.0,notional_at_entry,short,-828729.0,short,416341033.75,0
2015-06-12 00:00:00+00:00,619,CORN,353.0,-300000000.0,notional_at_entry,short,-828729.0,short,419241585.25,0
2015-06-15 00:00:00+00:00,620,CORN,348.25,300000000.0,notional_at_entry,long,861450.0,long,423178048.0,1
2015-06-16 00:00:00+00:00,621,CORN,354.0,300000000.0,notional_at_entry,long,861450.0,long,428131385.5,0
2015-06-17 00:00:00+00:00,622,CORN,359.25,300000000.0,notional_at_entry,long,861450.0,long,432653998.0,0
2015-06-18 00:00:00+00:00,623,CORN,358.0,300000000.0,notional_at_entry,long,861450.0,long,431577185.5,0
2015-06-19 00:00:00+00:00,624,CORN,353.25,300000000.0,notional_at_entry,long,861450.0,long,427485298.0,0
2015-06-22 00:00:00+00:00,625,CORN,360.0,300000000.0,notional_at_entry,long,861450.0,long,433300085.5,0
2015-06-23 00:00:00+00:00,626,CORN,367.5,300000000.0,notional_at_entry,long,861450.0,long,439760960.5,0
2015-06-24 00:00:00+00:00,627,CORN,366.5,-300000000.0,notional_at_entry,short,-818553.0,short,438899510.5,1
2015-06-25 00:00:00+00:00,628,CORN,376.5,-300000000.0,notional_at_entry,short,-818553.0,short,430713980.5,0
2015-06-26 00:00:00+00:00,629,CORN,385.0,-300000000.0,notional_at_entry,short,-818553.0,short,423756280.0,0
2015-06-29 00:00:00+00:00,630,CORN,383.25,-300000000.0,notional_at_entry,short,-818553.0,short,425188747.75,0
2015-06-30 00:00:00+00:00,631,CORN,414.0,-300000000.0,notional_at_entry,short,-818553.0,short,400018243.0,0
2015-07-01 00:00:00+00:00,632,CORN,413.75,-300000000.0,notional_at_entry,short,-818553.0,short,400222881.25,0
2015-07-02 00:00:00+00:00,633,CORN,419.75,-300000000.0,notional_at_entry,short,-818553.0,short,395311563.25,0
2015-07-03 00:00:00+00:00,634,CORN,428.5,-300000000.0,notional_at_entry,short,-818553.0,short,388149224.5,0
2015-07-06 00:00:00+00:00,635,CORN,418.5,-300000000.0,notional_at_entry,short,-818553.0,short,396334754.5,0
2015-07-07 00:00:00+00:00,636,CORN,415.75,-300000000.0,notional_at_entry,short,-818553.0,short,398585775.25,0
2015-07-08 00:00:00+00:00,637,CORN,416.25,-300000000.0,notional_at_entry,short,-818553.0,short,398176498.75,0
2015-07-09 00:00:00+00:00,638,CORN,421.25,-300000000.0,notional_at_entry,short,-818553.0,short,394083733.75,0
2015-07-10 00:00:00+00:00,639,CORN,427.25,-300000000.0,notional_at_entry,short,-818553.0,short,389172415.75,0
2015-07-13 00:00:00+00:00,640,CORN,433.5,-300000000.0,notional_at_entry,short,-818553.0,short,384056459.5,0
2015-07-14 00:00:00+00:00,641,CORN,424.0,-300000000.0,notional_at_entry,short,-818553.0,short,391832713.0,0
2015-07-15 00:00:00+00:00,642,CORN,429.5,-300000000.0,notional_at_entry,short,-818553.0,short,387330671.5,0
2015-07-16 00:00:00+00:00,643,CORN,430.0,-300000000.0,notional_at_entry,short,-818553.0,short,386921395.0,0
2015-07-17 00:00:00+00:00,644,CORN,420.25,-300000000.0,notional_at_entry,short,-818553.0,short,394902286.75,0
2015-07-20 00:00:00+00:00,645,CORN,405.0,-300000000.0,notional_at_entry,short,-818553.0,short,407385220.0,0
2015-07-21 00:00:00+00:00,646,CORN,406.5,-300000000.0,notional_at_entry,short,-818553.0,short,406157390.5,0
2015-07-22 00:00:00+00:00,647,CORN,402.75,-300000000.0,notional_at_entry,short,-818553.0,short,409226964.25,0
2015-07-23 00:00:00+00:00,648,CORN,403.25,-300000000.0,notional_at_entry,short,-818553.0,short,408817687.75,0
2015-07-24 00:00:00+00:00,649,CORN,392.5,-300000000.0,notional_at_entry,short,-818553.0,short,417617132.5,0
2015-07-27 00:00:00+00:00,650,CORN,373.0,-300000000.0,notional_at_entry,short,-818553.0,short,433578916.0,0
2015-07-28 00:00:00+00:00,651,CORN,375.0,300000000.0,notional_at_entry,long,800000.0,long,431941810.0,1
2015-07-29 00:00:00+00:00,652,CORN,367.75,300000000.0,notional_at_entry,long,800000.0,long,426141810.0,0
2015-07-30 00:00:00+00:00,653,CORN,373.25,300000000.0,notional_at_entry,long,800000.0,long,430541810.0,0
2015-07-31 00:00:00+00:00,654,CORN,371.0,-450000000.0,notional_at_entry,short,-1212938.0,short,428741810.0,1
2015-08-03 00:00:00+00:00,655,CORN,366.5,-450000000.0,notional_at_entry,short,-1212938.0,short,434200031.0,0
2015-08-04 00:00:00+00:00,656,CORN,368.75,-450000000.0,notional_at_entry,short,-1212938.0,short,431470920.5,0
2015-08-05 00:00:00+00:00,657,CORN,372.75,-450000000.0,notional_at_entry,short,-1212938.0,short,426619168.5,0
2015-08-06 00:00:00+00:00,658,CORN,369.75,300000000.0,notional_at_entry,long,811359.0,long,430257982.5,1
2015-08-07 00:00:00+00:00,659,CORN,372.75,300000000.0,notional_at_entry,long,811359.0,long,432692059.5,0
2015-08-10 00:00:00+00:00,660,CORN,390.25,300000000.0,notional_at_entry,long,811359.0,long,446890842.0,0
2015-08-11 00:00:00+00:00,661,CORN,376.5,300000000.0,notional_at_entry,long,811359.0,long,435734655.75,0
2015-08-12 00:00:00+00:00,662,CORN,357.25,300000000.0,notional_at_entry,long,811359.0,long,420115995.0,0
2015-08-13 00:00:00+00:00,663,CORN,363.75,-300000000.0,notional_at_entry,short,-824742.0,short,425389828.5,1
2015-08-14 00:00:00+00:00,664,CORN,364.0,-300000000.0,notional_at_entry,short,-824742.0,short,425183643.0,0
2015-08-17 00:00:00+00:00,665,CORN,363.25,300000000.0,notional_at_entry,long,825877.0,long,425802199.5,1
2015-08-18 00:00:00+00:00,666,CORN,366.25,300000000.0,notional_at_entry,long,825877.0,long,428279830.5,0
2015-08-19 00:00:00+00:00,667,CORN,367.25,300000000.0,notional_at_entry,long,825877.0,long,429105707.5,0
2015-08-20 00:00:00+00:00,668,CORN,371.0,-450000000.0,notional_at_entry,short,-1212938.0,short,432202746.25,1
2015-08-21 00:00:00+00:00,669,CORN,365.25,-450000000.0,notional_at_entry,short,-1212938.0,short,439177139.75,0
2015-08-24 00:00:00+00:00,670,CORN,368.75,-450000000.0,notional_at_entry,short,-1212938.0,short,434931856.75,0
2015-08-25 00:00:00+00:00,671,CORN,365.5,-450000000.0,notional_at_entry,short,-1212938.0,short,438873905.25,0
2015-08-26 00:00:00+00:00,672,CORN,361.75,-300000000.0,notional_at_entry,short,-1212938.0,short,443422422.75,0
2015-08-27 00:00:00+00:00,673,CORN,363.75,-300000000.0,notional_at_entry,short,-1212938.0,short,440996546.75,0
2015-08-28 00:00:00+00:00,674,CORN,363.25,-300000000.0,notional_at_entry,short,-1212938.0,short,441603015.75,0
2015-08-31 00:00:00+00:00,675,CORN,363.75,-300000000.0,notional_at_entry,short,-1212938.0,short,440996546.75,0
2015-09-01 00:00:00+00:00,676,CORN,356.0,-300000000.0,notional_at_entry,short,-1212938.0,short,450396816.25,0
2015-09-02 00:00:00+00:00,677,CORN,354.0,-300000000.0,notional_at_entry,short,-1212938.0,short,452822692.25,0
2015-09-03 00:00:00+00:00,678,CORN,347.75,-300000000.0,notional_at_entry,short,-1212938.0,short,460403554.75,0
2015-09-04 00:00:00+00:00,679,CORN,349.5,-300000000.0,notional_at_entry,short,-1212938.0,short,458280913.25,0
2015-09-08 00:00:00+00:00,680,CORN,355.0,-300000000.0,notional_at_entry,short,-1212938.0,short,451609754.25,0
2015-09-09 00:00:00+00:00,681,CORN,356.5,-300000000.0,notional_at_entry,short,-1212938.0,short,449790347.25,0
2015-09-10 00:00:00+00:00,682,CORN,361.75,-300000000.0,notional_at_entry,short,-1212938.0,short,443422422.75,0
2015-09-11 00:00:00+00:00,683,CORN,374.5,-300000000.0,notional_at_entry,short,-1212938.0,short,427957463.25,0
2015-09-14 00:00:00+00:00,684,CORN,379.0,-300000000.0,notional_at_entry,short,-1212938.0,short,422499242.25,0
2015-09-15 00:00:00+00:00,685,CORN,390.5,-300000000.0,notional_at_entry,short,-1212938.0,short,408550455.25,0
2015-09-16 00:00:00+00:00,686,CORN,386.0,-300000000.0,notional_at_entry,short,-1212938.0,short,414008676.25,0
2015-09-17 00:00:00+00:00,687,CORN,379.75,-300000000.0,notional_at_entry,short,-1212938.0,short,421589538.75,0
2015-09-18 00:00:00+00:00,688,CORN,377.25,-300000000.0,notional_at_entry,short,-1212938.0,short,424621883.75,0
2015-09-21 00:00:00+00:00,689,CORN,384.5,-300000000.0,notional_at_entry,short,-1212938.0,short,415828083.25,0
2015-09-22 00:00:00+00:00,690,CORN,380.5,-300000000.0,notional_at_entry,short,-1212938.0,short,420679835.25,0
2015-09-23 00:00:00+00:00,691,CORN,383.25,-300000000.0,notional_at_entry,short,-1212938.0,short,417344255.75,0
2015-09-24 00:00:00+00:00,692,CORN,381.5,-300000000.0,notional_at_entry,short,-1212938.0,short,419466897.25,0
2015-09-25 00:00:00+00:00,693,CORN,389.0,-300000000.0,notional_at_entry,short,-1212938.0,short,410369862.25,0
2015-09-28 00:00:00+00:00,694,CORN,386.75,-300000000.0,notional_at_entry,short,-1212938.0,short,413098972.75,0
2015-09-29 00:00:00+00:00,695,CORN,389.0,-300000000.0,notional_at_entry,short,-1212938.0,short,410369862.25,0
2015-09-30 00:00:00+00:00,696,CORN,387.75,-300000000.0,notional_at_entry,short,-1212938.0,short,411886034.75,0
2015-10-01 00:00:00+00:00,697,CORN,388.75,-300000000.0,notional_at_entry,short,-1212938.0,short,410673096.75,0
2015-10-02 00:00:00+00:00,698,CORN,389.25,-300000000.0,notional_at_entry,short,-1212938.0,short,410066627.75,0
2015-10-05 00:00:00+00:00,699,CORN,393.5,-300000000.0,notional_at_entry,short,-1212938.0,short,404911641.25,0
2015-10-06 00:00:00+00:00,700,CORN,398.25,-300000000.0,notional_at_entry,short,-1212938.0,short,399150185.75,0
2015-10-07 00:00:00+00:00,701,CORN,395.75,-300000000.0,notional_at_entry,short,-1212938.0,short,402182530.75,0
2015-10-08 00:00:00+00:00,702,CORN,391.25,-300000000.0,notional_at_entry,short,-1212938.0,short,407640751.75,0
2015-10-09 00:00:00+00:00,703,CORN,382.75,-300000000.0,notional_at_entry,short,-1212938.0,short,417950724.75,0
2015-10-12 00:00:00+00:00,704,CORN,380.75,-300000000.0,notional_at_entry,short,-1212938.0,short,420376600.75,0
2015-10-13 00:00:00+00:00,705,CORN,384.5,300000000.0,notional_at_entry,long,780234.0,long,415828083.25,1
2015-10-14 00:00:00+00:00,706,CORN,379.0,300000000.0,notional_at_entry,long,780234.0,long,411536796.25,0
2015-10-15 00:00:00+00:00,707,CORN,375.5,300000000.0,notional_at_entry,long,780234.0,long,408805977.25,0
2015-10-16 00:00:00+00:00,708,CORN,376.75,300000000.0,notional_at_entry,long,780234.0,long,409781269.75,0
2015-10-19 00:00:00+00:00,709,CORN,373.0,300000000.0,notional_at_entry,long,780234.0,long,406855392.25,0
2015-10-20 00:00:00+00:00,710,CORN,376.75,300000000.0,notional_at_entry,long,780234.0,long,409781269.75,0
2015-10-21 00:00:00+00:00,711,CORN,380.75,300000000.0,notional_at_entry,long,780234.0,long,412902205.75,0
2015-10-22 00:00:00+00:00,712,CORN,378.25,300000000.0,notional_at_entry,long,780234.0,long,410951620.75,0
2015-10-23 00:00:00+00:00,713,CORN,379.75,300000000.0,notional_at_entry,long,780234.0,long,412121971.75,0
2015-10-26 00:00:00+00:00,714,CORN,384.5,300000000.0,notional_at_entry,long,780234.0,long,415828083.25,0
2015-10-27 00:00:00+00:00,715,CORN,380.0,-450000000.0,notional_at_entry,short,-1184210.0,short,412317030.25,1
2015-10-28 00:00:00+00:00,716,CORN,376.0,-450000000.0,notional_at_entry,short,-1184210.0,short,417053870.25,0
2015-10-29 00:00:00+00:00,717,CORN,380.0,-450000000.0,notional_at_entry,short,-1184210.0,short,412317030.25,0
2015-10-30 00:00:00+00:00,718,CORN,382.25,-450000000.0,notional_at_entry,short,-1184210.0,short,409652557.75,0
2015-11-02 00:00:00+00:00,719,CORN,376.5,-450000000.0,notional_at_entry,short,-1184210.0,short,416461765.25,0
2015-11-03 00:00:00+00:00,720,CORN,380.5,-450000000.0,notional_at_entry,short,-1184210.0,short,411724925.25,0
2015-11-04 00:00:00+00:00,721,CORN,380.5,-450000000.0,notional_at_entry,short,-1184210.0,short,411724925.25,0
2015-11-05 00:00:00+00:00,722,CORN,374.5,-450000000.0,notional_at_entry,short,-1184210.0,short,418830185.25,0
2015-11-06 00:00:00+00:00,723,CORN,373.0,-450000000.0,notional_at_entry,short,-1184210.0,short,420606500.25,0
2015-11-09 00:00:00+00:00,724,CORN,366.75,-450000000.0,notional_at_entry,short,-1184210.0,short,428007812.75,0
2015-11-10 00:00:00+00:00,725,CORN,359.0,-450000000.0,notional_at_entry,short,-1184210.0,short,437185440.25,0
2015-11-11 00:00:00+00:00,726,CORN,362.25,-450000000.0,notional_at_entry,short,-1184210.0,short,433336757.75,0
2015-11-12 00:00:00+00:00,727,CORN,362.0,-450000000.0,notional_at_entry,short,-1184210.0,short,433632810.25,0
2015-11-13 00:00:00+00:00,728,CORN,358.25,-450000000.0,notional_at_entry,short,-1184210.0,short,438073597.75,0
2015-11-16 00:00:00+00:00,729,CORN,360.0,-450000000.0,notional_at_entry,short,-1184210.0,short,436001230.25,0
2015-11-17 00:00:00+00:00,730,CORN,362.0,-450000000.0,notional_at_entry,short,-1184210.0,short,433632810.25,0
2015-11-18 00:00:00+00:00,731,CORN,361.75,-450000000.0,notional_at_entry,short,-1184210.0,short,433928862.75,0
2015-11-19 00:00:00+00:00,732,CORN,364.25,-450000000.0,notional_at_entry,short,-1184210.0,short,430968337.75,0
2015-11-20 00:00:00+00:00,733,CORN,363.25,-450000000.0,notional_at_entry,short,-1184210.0,short,432152547.75,0
2015-11-23 00:00:00+00:00,734,CORN,367.25,-450000000.0,notional_at_entry,short,-1184210.0,short,427415707.75,0
2015-11-24 00:00:00+00:00,735,CORN,364.25,-450000000.0,notional_at_entry,short,-1184210.0,short,430968337.75,0
2015-11-25 00:00:00+00:00,736,CORN,366.0,-450000000.0,notional_at_entry,short,-1184210.0,short,428895970.25,0
2015-11-27 00:00:00+00:00,737,CORN,359.25,-450000000.0,notional_at_entry,short,-1184210.0,short,436889387.75,0
2015-11-30 00:00:00+00:00,738,CORN,365.0,-300000000.0,notional_at_entry,short,-1184210.0,short,430080180.25,0
2015-12-01 00:00:00+00:00,739,CORN,367.0,-300000000.0,notional_at_entry,short,-1184210.0,short,427711760.25,0
2015-12-02 00:00:00+00:00,740,CORN,364.0,-300000000.0,notional_at_entry,short,-1184210.0,short,431264390.25,0
2015-12-03 00:00:00+00:00,741,CORN,370.25,-300000000.0,notional_at_entry,short,-1184210.0,short,423863077.75,0
2015-12-04 00:00:00+00:00,742,CORN,376.25,-300000000.0,notional_at_entry,short,-1184210.0,short,416757817.75,0
2015-12-07 00:00:00+00:00,743,CORN,368.5,-300000000.0,notional_at_entry,short,-1184210.0,short,425935445.25,0
2015-12-08 00:00:00+00:00,744,CORN,370.0,-300000000.0,notional_at_entry,short,-1184210.0,short,424159130.25,0
2015-12-09 00:00:00+00:00,745,CORN,371.75,-300000000.0,notional_at_entry,short,-1184210.0,short,422086762.75,0
2015-12-10 00:00:00+00:00,746,CORN,377.25,-300000000.0,notional_at_entry,short,-1184210.0,short,415573607.75,0
2015-12-11 00:00:00+00:00,747,CORN,373.0,-300000000.0,notional_at_entry,short,-1184210.0,short,420606500.25,0
2015-12-14 00:00:00+00:00,748,CORN,381.75,-300000000.0,notional_at_entry,short,-1184210.0,short,410244662.75,0
2015-12-15 00:00:00+00:00,749,CORN,377.25,-300000000.0,notional_at_entry,short,-1184210.0,short,415573607.75,0
2015-12-16 00:00:00+00:00,750,CORN,369.75,-300000000.0,notional_at_entry,short,-1184210.0,short,424455182.75,0
2015-12-17 00:00:00+00:00,751,CORN,374.25,-300000000.0,notional_at_entry,short,-1184210.0,short,419126237.75,0
2015-12-18 00:00:00+00:00,752,CORN,374.5,-300000000.0,notional_at_entry,short,-1184210.0,short,418830185.25,0
2015-12-21 00:00:00+00:00,753,CORN,372.0,-300000000.0,notional_at_entry,short,-1184210.0,short,421790710.25,0
2015-12-22 00:00:00+00:00,754,CORN,366.25,-300000000.0,notional_at_entry,short,-1184210.0,short,428599917.75,0
2015-12-23 00:00:00+00:00,755,CORN,365.5,-300000000.0,notional_at_entry,short,-1184210.0,short,429488075.25,0
2015-12-24 00:00:00+00:00,756,CORN,364.5,-300000000.0,notional_at_entry,short,-1184210.0,short,430672285.25,0
2015-12-28 00:00:00+00:00,757,CORN,361.0,-300000000.0,notional_at_entry,short,-1184210.0,short,434817020.25,0
2015-12-29 00:00:00+00:00,758,CORN,362.5,-300000000.0,notional_at_entry,short,-1184210.0,short,433040705.25,0
2015-12-30 00:00:00+00:00,759,CORN,359.0,-300000000.0,notional_at_entry,short,-1184210.0,short,437185440.25,0
2015-12-31 00:00:00+00:00,760,CORN,358.75,-300000000.0,notional_at_entry,short,-1184210.0,short,437481492.75,0
2016-01-04 00:00:00+00:00,761,CORN,351.5,450000000.0,notional_at_entry,long,1280227.0,long,446067015.25,1
2016-01-05 00:00:00+00:00,762,CORN,353.0,450000000.0,notional_at_entry,long,1280227.0,long,447987355.75,0
2016-01-06 00:00:00+00:00,763,CORN,353.25,450000000.0,notional_at_entry,long,1280227.0,long,448307412.5,0
2016-01-07 00:00:00+00:00,764,CORN,353.0,450000000.0,notional_at_entry,long,1280227.0,long,447987355.75,0
2016-01-08 00:00:00+00:00,765,CORN,357.0,450000000.0,notional_at_entry,long,1280227.0,long,453108263.75,0
2016-01-11 00:00:00+00:00,766,CORN,351.75,450000000.0,notional_at_entry,long,1280227.0,long,446387072.0,0
2016-01-12 00:00:00+00:00,767,CORN,356.75,450000000.0,notional_at_entry,long,1280227.0,long,452788207.0,0
2016-01-13 00:00:00+00:00,768,CORN,358.0,450000000.0,notional_at_entry,long,1280227.0,long,454388490.75,0
2016-01-14 00:00:00+00:00,769,CORN,358.0,450000000.0,notional_at_entry,long,1280227.0,long,454388490.75,0
2016-01-15 00:00:00+00:00,770,CORN,363.25,450000000.0,notional_at_entry,long,1280227.0,long,461109682.5,0
2016-01-17 00:00:00+00:00,771,CORN,363.13,450000000.0,notional_at_entry,long,1280227.0,long,460956055.26,0
2016-01-18 00:00:00+00:00,772,CORN,363.25,-300000000.0,notional_at_entry,short,-825877.0,short,461109682.5,1
2016-01-19 00:00:00+00:00,773,CORN,367.75,-300000000.0,notional_at_entry,short,-825877.0,short,457393236.0,0
2016-01-20 00:00:00+00:00,774,CORN,368.75,-300000000.0,notional_at_entry,short,-825877.0,short,456567359.0,0
2016-01-21 00:00:00+00:00,775,CORN,367.0,-300000000.0,notional_at_entry,short,-825877.0,short,458012643.75,0
2016-01-22 00:00:00+00:00,776,CORN,370.25,-300000000.0,notional_at_entry,short,-825877.0,short,455328543.5,0
2016-01-25 00:00:00+00:00,777,CORN,369.75,-300000000.0,notional_at_entry,short,-825877.0,short,455741482.0,0
2016-01-26 00:00:00+00:00,778,CORN,369.25,-300000000.0,notional_at_entry,short,-825877.0,short,456154420.5,0
2016-01-27 00:00:00+00:00,779,CORN,369.25,-300000000.0,notional_at_entry,short,-825877.0,short,456154420.5,0
2016-01-28 00:00:00+00:00,780,CORN,365.5,-300000000.0,notional_at_entry,short,-825877.0,short,459251459.25,0
2016-01-29 00:00:00+00:00,781,CORN,372.0,-300000000.0,notional_at_entry,short,-825877.0,short,453883258.75,0
2016-02-01 00:00:00+00:00,782,CORN,371.25,-300000000.0,notional_at_entry,short,-825877.0,short,454502666.5,0
2016-02-02 00:00:00+00:00,783,CORN,372.5,-300000000.0,notional_at_entry,short,-825877.0,short,453470320.25,0
2016-02-03 00:00:00+00:00,784,CORN,371.0,-300000000.0,notional_at_entry,short,-825877.0,short,454709135.75,0
2016-02-04 00:00:00+00:00,785,CORN,368.5,-300000000.0,notional_at_entry,short,-825877.0,short,456773828.25,0
2016-02-05 00:00:00+00:00,786,CORN,365.75,-300000000.0,notional_at_entry,short,-825877.0,short,459044990.0,0
2016-02-08 00:00:00+00:00,787,CORN,362.25,-300000000.0,notional_at_entry,short,-825877.0,short,461935559.5,0
2016-02-09 00:00:00+00:00,788,CORN,361.0,-300000000.0,notional_at_entry,short,-825877.0,short,462967905.75,0
2016-02-10 00:00:00+00:00,789,CORN,360.25,-300000000.0,notional_at_entry,short,-825877.0,short,463587313.5,0
2016-02-11 00:00:00+00:00,790,CORN,360.25,-300000000.0,notional_at_entry,short,-825877.0,short,463587313.5,0
2016-02-12 00:00:00+00:00,791,CORN,358.75,-300000000.0,notional_at_entry,short,-825877.0,short,464826129.0,0
2016-02-16 00:00:00+00:00,792,CORN,363.0,-300000000.0,notional_at_entry,short,-825877.0,short,461316151.75,0
2016-02-17 00:00:00+00:00,793,CORN,367.25,-300000000.0,notional_at_entry,short,-825877.0,short,457806174.5,0
2016-02-18 00:00:00+00:00,794,CORN,365.5,-300000000.0,notional_at_entry,short,-825877.0,short,459251459.25,0
2016-02-19 00:00:00+00:00,795,CORN,365.5,-300000000.0,notional_at_entry,short,-825877.0,short,459251459.25,0
2016-02-22 00:00:00+00:00,796,CORN,367.5,-300000000.0,notional_at_entry,short,-825877.0,short,457599705.25,0
2016-02-23 00:00:00+00:00,797,CORN,362.0,-300000000.0,notional_at_entry,short,-825877.0,short,462142028.75,0
2016-02-24 00:00:00+00:00,798,CORN,359.75,-300000000.0,notional_at_entry,short,-825877.0,short,464000252.0,0
2016-02-25 00:00:00+00:00,799,CORN,355.5,-300000000.0,notional_at_entry,short,-825877.0,short,467510229.25,0
2016-02-26 00:00:00+00:00,800,CORN,354.5,-300000000.0,notional_at_entry,short,-825877.0,short,468336106.25,0
2016-02-29 00:00:00+00:00,801,CORN,353.5,-300000000.0,notional_at_entry,short,-825877.0,short,469161983.25,0
2016-03-01 00:00:00+00:00,802,CORN,353.75,-300000000.0,notional_at_entry,short,-825877.0,short,468955514.0,0
2016-03-02 00:00:00+00:00,803,CORN,354.5,-300000000.0,notional_at_entry,short,-825877.0,short,468336106.25,0
2016-03-03 00:00:00+00:00,804,CORN,353.75,-300000000.0,notional_at_entry,short,-825877.0,short,468955514.0,0
2016-03-04 00:00:00+00:00,805,CORN,354.5,-300000000.0,notional_at_entry,short,-825877.0,short,468336106.25,0
2016-03-07 00:00:00+00:00,806,CORN,355.0,-300000000.0,notional_at_entry,short,-825877.0,short,467923167.75,0
2016-03-08 00:00:00+00:00,807,CORN,358.75,-300000000.0,notional_at_entry,short,-825877.0,short,464826129.0,0
2016-03-09 00:00:00+00:00,808,CORN,359.0,-450000000.0,notional_at_entry,short,-825877.0,short,464619659.75,0
2016-03-10 00:00:00+00:00,809,CORN,362.5,-450000000.0,notional_at_entry,short,-825877.0,short,461729090.25,0
2016-03-11 00:00:00+00:00,810,CORN,366.0,-450000000.0,notional_at_entry,short,-825877.0,short,458838520.75,0
2016-03-14 00:00:00+00:00,811,CORN,366.75,-450000000.0,notional_at_entry,short,-825877.0,short,458219113.0,0
2016-03-15 00:00:00+00:00,812,CORN,368.5,300000000.0,notional_at_entry,long,814111.0,long,456773828.25,1
2016-03-16 00:00:00+00:00,813,CORN,368.25,300000000.0,notional_at_entry,long,814111.0,long,456570300.5,0
2016-03-17 00:00:00+00:00,814,CORN,368.5,300000000.0,notional_at_entry,long,814111.0,long,456773828.25,0
2016-03-18 00:00:00+00:00,815,CORN,367.0,300000000.0,notional_at_entry,long,814111.0,long,455552661.75,0
2016-03-21 00:00:00+00:00,816,CORN,369.5,300000000.0,notional_at_entry,long,814111.0,long,457587939.25,0
2016-03-22 00:00:00+00:00,817,CORN,370.0,300000000.0,notional_at_entry,long,814111.0,long,457994994.75,0
2016-03-23 00:00:00+00:00,818,CORN,368.5,300000000.0,notional_at_entry,long,814111.0,long,456773828.25,0
2016-03-24 00:00:00+00:00,819,CORN,370.0,300000000.0,notional_at_entry,long,814111.0,long,457994994.75,0
2016-03-28 00:00:00+00:00,820,CORN,370.5,300000000.0,notional_at_entry,long,814111.0,long,458402050.25,0
2016-03-29 00:00:00+00:00,821,CORN,373.0,300000000.0,notional_at_entry,long,814111.0,long,460437327.75,0
2016-03-30 00:00:00+00:00,822,CORN,367.0,300000000.0,notional_at_entry,long,814111.0,long,455552661.75,0
2016-03-31 00:00:00+00:00,823,CORN,351.5,300000000.0,notional_at_entry,long,814111.0,long,442933941.25,0
2016-04-01 00:00:00+00:00,824,CORN,354.0,300000000.0,notional_at_entry,long,814111.0,long,444969218.75,0
2016-04-04 00:00:00+00:00,825,CORN,354.5,300000000.0,notional_at_entry,long,814111.0,long,445376274.25,0
2016-04-05 00:00:00+00:00,826,CORN,356.75,300000000.0,notional_at_entry,long,814111.0,long,447208024.0,0
2016-04-06 00:00:00+00:00,827,CORN,358.0,300000000.0,notional_at_entry,long,814111.0,long,448225662.75,0
2016-04-07 00:00:00+00:00,828,CORN,361.5,300000000.0,notional_at_entry,long,814111.0,long,451075051.25,0
2016-04-08 00:00:00+00:00,829,CORN,362.25,300000000.0,notional_at_entry,long,814111.0,long,451685634.5,0
2016-04-11 00:00:00+00:00,830,CORN,356.75,300000000.0,notional_at_entry,long,814111.0,long,447208024.0,0
2016-04-12 00:00:00+00:00,831,CORN,362.75,300000000.0,notional_at_entry,long,814111.0,long,452092690.0,0
2016-04-13 00:00:00+00:00,832,CORN,373.5,300000000.0,notional_at_entry,long,814111.0,long,460844383.25,0
2016-04-14 00:00:00+00:00,833,CORN,374.0,300000000.0,notional_at_entry,long,814111.0,long,461251438.75,0
2016-04-15 00:00:00+00:00,834,CORN,378.5,300000000.0,notional_at_entry,long,814111.0,long,464914938.25,0
2016-04-18 00:00:00+00:00,835,CORN,381.0,300000000.0,notional_at_entry,long,814111.0,long,466950215.75,0
2016-04-19 00:00:00+00:00,836,CORN,384.5,300000000.0,notional_at_entry,long,814111.0,long,469799604.25,0
2016-04-20 00:00:00+00:00,837,CORN,394.75,300000000.0,notional_at_entry,long,814111.0,long,478144242.0,0
2016-04-21 00:00:00+00:00,838,CORN,384.5,300000000.0,notional_at_entry,long,814111.0,long,469799604.25,0
2016-04-22 00:00:00+00:00,839,CORN,371.75,300000000.0,notional_at_entry,long,814111.0,long,459419689.0,0
2016-04-25 00:00:00+00:00,840,CORN,377.0,300000000.0,notional_at_entry,long,814111.0,long,463693771.75,0
2016-04-26 00:00:00+00:00,841,CORN,382.25,-300000000.0,notional_at_entry,short,-784826.0,short,467967854.5,1
2016-04-27 00:00:00+00:00,842,CORN,380.75,-300000000.0,notional_at_entry,short,-784826.0,short,469145093.5,0
2016-04-28 00:00:00+00:00,843,CORN,387.0,-300000000.0,notional_at_entry,short,-784826.0,short,464239931.0,0
2016-04-29 00:00:00+00:00,844,CORN,390.25,-300000000.0,notional_at_entry,short,-784826.0,short,461689246.5,0
2016-05-02 00:00:00+00:00,845,CORN,390.25,-300000000.0,notional_at_entry,short,-784826.0,short,461689246.5,0
2016-05-03 00:00:00+00:00,846,CORN,378.25,-300000000.0,notional_at_entry,short,-784826.0,short,471107158.5,0
2016-05-04 00:00:00+00:00,847,CORN,373.25,-300000000.0,notional_at_entry,short,-784826.0,short,475031288.5,0
2016-05-05 00:00:00+00:00,848,CORN,371.75,-300000000.0,notional_at_entry,short,-784826.0,short,476208527.5,0
2016-05-06 00:00:00+00:00,849,CORN,376.0,-300000000.0,notional_at_entry,short,-784826.0,short,472873017.0,0
2016-05-09 00:00:00+00:00,850,CORN,367.75,-300000000.0,notional_at_entry,short,-784826.0,short,479347831.5,0
2016-05-10 00:00:00+00:00,851,CORN,378.5,-300000000.0,notional_at_entry,short,-784826.0,short,470910952.0,0
2016-05-11 00:00:00+00:00,852,CORN,374.0,-300000000.0,notional_at_entry,short,-784826.0,short,474442669.0,0
2016-05-12 00:00:00+00:00,853,CORN,385.25,-300000000.0,notional_at_entry,short,-784826.0,short,465613376.5,0
2016-05-13 00:00:00+00:00,854,CORN,382.0,-300000000.0,notional_at_entry,short,-784826.0,short,468164061.0,0
2016-05-16 00:00:00+00:00,855,CORN,394.0,-300000000.0,notional_at_entry,short,-784826.0,short,458746149.0,0
2016-05-17 00:00:00+00:00,856,CORN,397.0,-300000000.0,notional_at_entry,short,-784826.0,short,456391671.0,0
2016-05-18 00:00:00+00:00,857,CORN,399.5,-300000000.0,notional_at_entry,short,-784826.0,short,454429606.0,0
2016-05-19 00:00:00+00:00,858,CORN,390.0,-300000000.0,notional_at_entry,short,-784826.0,short,461885453.0,0
2016-05-20 00:00:00+00:00,859,CORN,394.5,-300000000.0,notional_at_entry,short,-784826.0,short,458353736.0,0
2016-05-23 00:00:00+00:00,860,CORN,397.75,-300000000.0,notional_at_entry,short,-784826.0,short,455803051.5,0
2016-05-24 00:00:00+00:00,861,CORN,397.5,-300000000.0,notional_at_entry,short,-784826.0,short,455999258.0,0
2016-05-25 00:00:00+00:00,862,CORN,404.75,-300000000.0,notional_at_entry,short,-784826.0,short,450309269.5,0
2016-05-26 00:00:00+00:00,863,CORN,408.25,-300000000.0,notional_at_entry,short,-784826.0,short,447562378.5,0
2016-05-27 00:00:00+00:00,864,CORN,412.75,-300000000.0,notional_at_entry,short,-784826.0,short,444030661.5,0
2016-05-31 00:00:00+00:00,865,CORN,404.75,-300000000.0,notional_at_entry,short,-784826.0,short,450309269.5,0
2016-06-01 00:00:00+00:00,866,CORN,413.75,-300000000.0,notional_at_entry,short,-784826.0,short,443245835.5,0
2016-06-02 00:00:00+00:00,867,CORN,415.25,-300000000.0,notional_at_entry,short,-784826.0,short,442068596.5,0
2016-06-03 00:00:00+00:00,868,CORN,418.25,-300000000.0,notional_at_entry,short,-784826.0,short,439714118.5,0
2016-06-06 00:00:00+00:00,869,CORN,427.25,-300000000.0,notional_at_entry,short,-784826.0,short,432650684.5,0
2016-06-07 00:00:00+00:00,870,CORN,427.75,-300000000.0,notional_at_entry,short,-784826.0,short,432258271.5,0
2016-06-08 00:00:00+00:00,871,CORN,431.25,-300000000.0,notional_at_entry,short,-784826.0,short,429511380.5,0
2016-06-09 00:00:00+00:00,872,CORN,426.5,-300000000.0,notional_at_entry,short,-784826.0,short,433239304.0,0
2016-06-10 00:00:00+00:00,873,CORN,423.0,-300000000.0,notional_at_entry,short,-784826.0,short,435986195.0,0
2016-06-13 00:00:00+00:00,874,CORN,430.0,-300000000.0,notional_at_entry,short,-784826.0,short,430492413.0,0
2016-06-14 00:00:00+00:00,875,CORN,436.5,-300000000.0,notional_at_entry,short,-784826.0,short,425391044.0,0
2016-06-15 00:00:00+00:00,876,CORN,429.0,-300000000.0,notional_at_entry,short,-784826.0,short,431277239.0,0
2016-06-16 00:00:00+00:00,877,CORN,425.25,-300000000.0,notional_at_entry,short,-784826.0,short,434220336.5,0
2016-06-17 00:00:00+00:00,878,CORN,437.75,-300000000.0,notional_at_entry,short,-784826.0,short,424410011.5,0
2016-06-20 00:00:00+00:00,879,CORN,421.25,-300000000.0,notional_at_entry,short,-784826.0,short,437359640.5,0
2016-06-21 00:00:00+00:00,880,CORN,396.25,-300000000.0,notional_at_entry,short,-784826.0,short,456980290.5,0
2016-06-22 00:00:00+00:00,881,CORN,393.0,-300000000.0,notional_at_entry,short,-784826.0,short,459530975.0,0
2016-06-23 00:00:00+00:00,882,CORN,387.25,-300000000.0,notional_at_entry,short,-784826.0,short,464043724.5,0
2016-06-24 00:00:00+00:00,883,CORN,384.5,-300000000.0,notional_at_entry,short,-784826.0,short,466201996.0,0
2016-06-27 00:00:00+00:00,884,CORN,385.25,-450000000.0,notional_at_entry,short,-784826.0,short,465613376.5,0
2016-06-28 00:00:00+00:00,885,CORN,385.25,-450000000.0,notional_at_entry,short,-784826.0,short,465613376.5,0
2016-06-29 00:00:00+00:00,886,CORN,372.75,-450000000.0,notional_at_entry,short,-784826.0,short,475423701.5,0
2016-06-30 00:00:00+00:00,887,CORN,358.75,-450000000.0,notional_at_entry,short,-784826.0,short,486411265.5,0
2016-07-01 00:00:00+00:00,888,CORN,353.0,-450000000.0,notional_at_entry,short,-784826.0,short,490924015.0,0
2016-07-05 00:00:00+00:00,889,CORN,344.0,-450000000.0,notional_at_entry,short,-784826.0,short,497987449.0,0
2016-07-06 00:00:00+00:00,890,CORN,335.75,-450000000.0,notional_at_entry,short,-784826.0,short,504462263.5,0
2016-07-07 00:00:00+00:00,891,CORN,335.5,-450000000.0,notional_at_entry,short,-784826.0,short,504658470.0,0
2016-07-08 00:00:00+00:00,892,CORN,349.75,-450000000.0,notional_at_entry,short,-784826.0,short,493474699.5,0
2016-07-11 00:00:00+00:00,893,CORN,343.75,-450000000.0,notional_at_entry,short,-784826.0,short,498183655.5,0
2016-07-12 00:00:00+00:00,894,CORN,349.75,-450000000.0,notional_at_entry,short,-784826.0,short,493474699.5,0
2016-07-13 00:00:00+00:00,895,CORN,365.75,-450000000.0,notional_at_entry,short,-784826.0,short,480917483.5,0
2016-07-14 00:00:00+00:00,896,CORN,362.25,-450000000.0,notional_at_entry,short,-784826.0,short,483664374.5,0
2016-07-15 00:00:00+00:00,897,CORN,352.25,-450000000.0,notional_at_entry,short,-784826.0,short,491512634.5,0
2016-07-18 00:00:00+00:00,898,CORN,357.0,-450000000.0,notional_at_entry,short,-784826.0,short,487784711.0,0
2016-07-19 00:00:00+00:00,899,CORN,341.75,-450000000.0,notional_at_entry,short,-784826.0,short,499753307.5,0
2016-07-20 00:00:00+00:00,900,CORN,337.5,-450000000.0,notional_at_entry,short,-784826.0,short,503088818.0,0
2016-07-21 00:00:00+00:00,901,CORN,334.25,-450000000.0,notional_at_entry,short,-784826.0,short,505639502.5,0
2016-07-22 00:00:00+00:00,902,CORN,335.0,-450000000.0,notional_at_entry,short,-784826.0,short,505050883.0,0
2016-07-25 00:00:00+00:00,903,CORN,334.75,-450000000.0,notional_at_entry,short,-784826.0,short,505247089.5,0
2016-07-26 00:00:00+00:00,904,CORN,332.5,-450000000.0,notional_at_entry,short,-784826.0,short,507012948.0,0
2016-07-27 00:00:00+00:00,905,CORN,335.75,-450000000.0,notional_at_entry,short,-784826.0,short,504462263.5,0
2016-07-28 00:00:00+00:00,906,CORN,331.25,-450000000.0,notional_at_entry,short,-784826.0,short,507993980.5,0
2016-07-29 00:00:00+00:00,907,CORN,334.5,-450000000.0,notional_at_entry,short,-784826.0,short,505443296.0,0
2016-08-01 00:00:00+00:00,908,CORN,325.75,-450000000.0,notional_at_entry,short,-784826.0,short,512310523.5,0
2016-08-02 00:00:00+00:00,909,CORN,324.25,-450000000.0,notional_at_entry,short,-784826.0,short,513487762.5,0
2016-08-03 00:00:00+00:00,910,CORN,325.0,-450000000.0,notional_at_entry,short,-784826.0,short,512899143.0,0
2016-08-04 00:00:00+00:00,911,CORN,320.75,-450000000.0,notional_at_entry,short,-784826.0,short,516234653.5,0
2016-08-05 00:00:00+00:00,912,CORN,324.25,-450000000.0,notional_at_entry,short,-784826.0,short,513487762.5,0
2016-08-08 00:00:00+00:00,913,CORN,325.25,-450000000.0,notional_at_entry,short,-784826.0,short,512702936.5,0
2016-08-09 00:00:00+00:00,914,CORN,322.25,300000000.0,notional_at_entry,long,930954.0,long,515057414.5,1
2016-08-10 00:00:00+00:00,915,CORN,322.5,300000000.0,notional_at_entry,long,930954.0,long,515290153.0,0
2016-08-11 00:00:00+00:00,916,CORN,321.0,300000000.0,notional_at_entry,long,930954.0,long,513893722.0,0
2016-08-12 00:00:00+00:00,917,CORN,322.25,300000000.0,notional_at_entry,long,930954.0,long,515057414.5,0
2016-08-15 00:00:00+00:00,918,CORN,326.5,-300000000.0,notional_at_entry,short,-918836.0,short,519013969.0,1
2016-08-16 00:00:00+00:00,919,CORN,327.5,-300000000.0,notional_at_entry,short,-918836.0,short,518095133.0,0
2016-08-17 00:00:00+00:00,920,CORN,330.25,-300000000.0,notional_at_entry,short,-918836.0,short,515568334.0,0
2016-08-18 00:00:00+00:00,921,CORN,332.0,-300000000.0,notional_at_entry,short,-918836.0,short,513960371.0,0
2016-08-19 00:00:00+00:00,922,CORN,334.25,-300000000.0,notional_at_entry,short,-918836.0,short,511892990.0,0
2016-08-22 00:00:00+00:00,923,CORN,333.25,450000000.0,notional_at_entry,long,1350337.0,long,512811826.0,1
2016-08-23 00:00:00+00:00,924,CORN,328.5,450000000.0,notional_at_entry,long,1350337.0,long,506397725.25,0
2016-08-24 00:00:00+00:00,925,CORN,327.5,450000000.0,notional_at_entry,long,1350337.0,long,505047388.25,0
2016-08-25 00:00:00+00:00,926,CORN,323.5,450000000.0,notional_at_entry,long,1350337.0,long,499646040.25,0
2016-08-26 00:00:00+00:00,927,CORN,316.25,450000000.0,notional_at_entry,long,1350337.0,long,489856097.0,0
2016-08-29 00:00:00+00:00,928,CORN,311.75,450000000.0,notional_at_entry,long,1350337.0,long,483779580.5,0
2016-08-30 00:00:00+00:00,929,CORN,304.0,450000000.0,notional_at_entry,long,1350337.0,long,473314468.75,0
2016-08-31 00:00:00+00:00,930,CORN,301.5,450000000.0,notional_at_entry,long,1350337.0,long,469938626.25,0
2016-09-01 00:00:00+00:00,931,CORN,311.0,450000000.0,notional_at_entry,long,1350337.0,long,482766827.75,0
2016-09-02 00:00:00+00:00,932,CORN,316.5,450000000.0,notional_at_entry,long,1350337.0,long,490193681.25,0
2016-09-06 00:00:00+00:00,933,CORN,316.75,300000000.0,notional_at_entry,long,1350337.0,long,490531265.5,0
2016-09-07 00:00:00+00:00,934,CORN,321.0,300000000.0,notional_at_entry,long,1350337.0,long,496270197.75,0
2016-09-08 00:00:00+00:00,935,CORN,327.0,300000000.0,notional_at_entry,long,1350337.0,long,504372219.75,0
2016-09-09 00:00:00+00:00,936,CORN,330.0,300000000.0,notional_at_entry,long,1350337.0,long,508423230.75,0
2016-09-12 00:00:00+00:00,937,CORN,329.25,300000000.0,notional_at_entry,long,1350337.0,long,507410478.0,0
2016-09-13 00:00:00+00:00,938,CORN,319.25,300000000.0,notional_at_entry,long,1350337.0,long,493907108.0,0
2016-09-14 00:00:00+00:00,939,CORN,322.25,300000000.0,notional_at_entry,long,1350337.0,long,497958119.0,0
2016-09-15 00:00:00+00:00,940,CORN,330.0,300000000.0,notional_at_entry,long,1350337.0,long,508423230.75,0
2016-09-16 00:00:00+00:00,941,CORN,337.0,300000000.0,notional_at_entry,long,1350337.0,long,517875589.75,0
2016-09-19 00:00:00+00:00,942,CORN,337.25,300000000.0,notional_at_entry,long,1350337.0,long,518213174.0,0
2016-09-20 00:00:00+00:00,943,CORN,340.5,300000000.0,notional_at_entry,long,1350337.0,long,522601769.25,0
2016-09-21 00:00:00+00:00,944,CORN,340.0,300000000.0,notional_at_entry,long,1350337.0,long,521926600.75,0
2016-09-22 00:00:00+00:00,945,CORN,336.75,300000000.0,notional_at_entry,long,1350337.0,long,517538005.5,0
2016-09-23 00:00:00+00:00,946,CORN,336.5,300000000.0,notional_at_entry,long,1350337.0,long,517200421.25,0
2016-09-26 00:00:00+00:00,947,CORN,329.0,300000000.0,notional_at_entry,long,1350337.0,long,507072893.75,0
2016-09-27 00:00:00+00:00,948,CORN,331.75,300000000.0,notional_at_entry,long,1350337.0,long,510786320.5,0
2016-09-28 00:00:00+00:00,949,CORN,329.25,300000000.0,notional_at_entry,long,1350337.0,long,507410478.0,0
2016-09-29 00:00:00+00:00,950,CORN,329.25,300000000.0,notional_at_entry,long,1350337.0,long,507410478.0,0
2016-09-30 00:00:00+00:00,951,CORN,336.75,300000000.0,notional_at_entry,long,1350337.0,long,517538005.5,0
2016-10-03 00:00:00+00:00,952,CORN,346.0,300000000.0,notional_at_entry,long,1350337.0,long,530028622.75,0
2016-10-04 00:00:00+00:00,953,CORN,348.25,300000000.0,notional_at_entry,long,1350337.0,long,533066881.0,0
2016-10-05 00:00:00+00:00,954,CORN,347.75,300000000.0,notional_at_entry,long,1350337.0,long,532391712.5,0
2016-10-06 00:00:00+00:00,955,CORN,340.5,-450000000.0,notional_at_entry,short,-1321585.0,short,522601769.25,1
2016-10-07 00:00:00+00:00,956,CORN,339.75,-450000000.0,notional_at_entry,short,-1321585.0,short,523592958.0,0
2016-10-10 00:00:00+00:00,957,CORN,343.25,-450000000.0,notional_at_entry,short,-1321585.0,short,518967410.5,0
2016-10-11 00:00:00+00:00,958,CORN,345.5,-450000000.0,notional_at_entry,short,-1321585.0,short,515993844.25,0
2016-10-12 00:00:00+00:00,959,CORN,337.0,-450000000.0,notional_at_entry,short,-1321585.0,short,527227316.75,0
2016-10-13 00:00:00+00:00,960,CORN,349.5,300000000.0,notional_at_entry,long,858369.0,long,510707504.25,1
2016-10-14 00:00:00+00:00,961,CORN,354.25,300000000.0,notional_at_entry,long,858369.0,long,514784757.0,0
2016-10-17 00:00:00+00:00,962,CORN,354.0,300000000.0,notional_at_entry,long,858369.0,long,514570164.75,0
2016-10-18 00:00:00+00:00,963,CORN,353.75,300000000.0,notional_at_entry,long,858369.0,long,514355572.5,0
2016-10-19 00:00:00+00:00,964,CORN,357.5,300000000.0,notional_at_entry,long,858369.0,long,517574456.25,0
2016-10-20 00:00:00+00:00,965,CORN,351.0,300000000.0,notional_at_entry,long,858369.0,long,511995057.75,0
2016-10-21 00:00:00+00:00,966,CORN,352.5,300000000.0,notional_at_entry,long,858369.0,long,513282611.25,0
2016-10-24 00:00:00+00:00,967,CORN,348.25,450000000.0,notional_at_entry,long,858369.0,long,509634543.0,0
2016-10-25 00:00:00+00:00,968,CORN,349.25,450000000.0,notional_at_entry,long,858369.0,long,510492912.0,0
2016-10-26 00:00:00+00:00,969,CORN,354.0,450000000.0,notional_at_entry,long,858369.0,long,514570164.75,0
2016-10-27 00:00:00+00:00,970,CORN,357.5,450000000.0,notional_at_entry,long,858369.0,long,517574456.25,0
2016-10-28 00:00:00+00:00,971,CORN,355.0,450000000.0,notional_at_entry,long,858369.0,long,515428533.75,0
2016-10-31 00:00:00+00:00,972,CORN,354.75,450000000.0,notional_at_entry,long,858369.0,long,515213941.5,0
2016-11-01 00:00:00+00:00,973,CORN,349.0,450000000.0,notional_at_entry,long,858369.0,long,510278319.75,0
2016-11-02 00:00:00+00:00,974,CORN,346.25,450000000.0,notional_at_entry,long,858369.0,long,507917805.0,0
2016-11-03 00:00:00+00:00,975,CORN,348.0,450000000.0,notional_at_entry,long,858369.0,long,509419950.75,0
2016-11-04 00:00:00+00:00,976,CORN,348.75,450000000.0,notional_at_entry,long,858369.0,long,510063727.5,0
2016-11-07 00:00:00+00:00,977,CORN,346.25,450000000.0,notional_at_entry,long,858369.0,long,507917805.0,0
2016-11-08 00:00:00+00:00,978,CORN,354.25,450000000.0,notional_at_entry,long,858369.0,long,514784757.0,0
2016-11-09 00:00:00+00:00,979,CORN,340.75,450000000.0,notional_at_entry,long,858369.0,long,503196775.5,0
2016-11-10 00:00:00+00:00,980,CORN,343.5,450000000.0,notional_at_entry,long,858369.0,long,505557290.25,0
2016-11-11 00:00:00+00:00,981,CORN,340.25,450000000.0,notional_at_entry,long,858369.0,long,502767591.0,0
2016-11-14 00:00:00+00:00,982,CORN,337.25,450000000.0,notional_at_entry,long,858369.0,long,500192484.0,0
2016-11-15 00:00:00+00:00,983,CORN,341.5,-300000000.0,notional_at_entry,short,-878477.0,short,503840552.25,1
2016-11-16 00:00:00+00:00,984,CORN,338.5,-300000000.0,notional_at_entry,short,-878477.0,short,506475983.25,0
2016-11-17 00:00:00+00:00,985,CORN,342.0,-300000000.0,notional_at_entry,short,-878477.0,short,503401313.75,0
2016-11-18 00:00:00+00:00,986,CORN,345.5,-300000000.0,notional_at_entry,short,-878477.0,short,500326644.25,0
2016-11-21 00:00:00+00:00,987,CORN,349.75,-300000000.0,notional_at_entry,short,-878477.0,short,496593117.0,0
2016-11-22 00:00:00+00:00,988,CORN,351.0,-300000000.0,notional_at_entry,short,-878477.0,short,495495020.75,0
2016-11-23 00:00:00+00:00,989,CORN,350.75,-300000000.0,notional_at_entry,short,-878477.0,short,495714640.0,0
2016-11-25 00:00:00+00:00,990,CORN,349.25,-300000000.0,notional_at_entry,short,-878477.0,short,497032355.5,0
2016-11-28 00:00:00+00:00,991,CORN,348.5,-300000000.0,notional_at_entry,short,-878477.0,short,497691213.25,0
2016-11-29 00:00:00+00:00,992,CORN,336.75,-300000000.0,notional_at_entry,short,-878477.0,short,508013318.0,0
2016-11-30 00:00:00+00:00,993,CORN,336.75,-300000000.0,notional_at_entry,short,-878477.0,short,508013318.0,0
2016-12-01 00:00:00+00:00,994,CORN,331.75,-300000000.0,notional_at_entry,short,-878477.0,short,512405703.0,0
2016-12-02 00:00:00+00:00,995,CORN,337.5,-450000000.0,notional_at_entry,short,-878477.0,short,507354460.25,0
2016-12-05 00:00:00+00:00,996,CORN,349.5,-450000000.0,notional_at_entry,short,-878477.0,short,496812736.25,0
2016-12-06 00:00:00+00:00,997,CORN,351.0,-450000000.0,notional_at_entry,short,-878477.0,short,495495020.75,0
2016-12-07 00:00:00+00:00,998,CORN,350.5,-450000000.0,notional_at_entry,short,-878477.0,short,495934259.25,0
2016-12-08 00:00:00+00:00,999,CORN,346.5,-450000000.0,notional_at_entry,short,-878477.0,short,499448167.25,0
2016-12-09 00:00:00+00:00,1000,CORN,352.5,-450000000.0,notional_at_entry,short,-878477.0,short,494177305.25,0
2016-12-12 00:00:00+00:00,1001,CORN,354.5,-450000000.0,notional_at_entry,short,-878477.0,short,492420351.25,0
2016-12-13 00:00:00+00:00,1002,CORN,356.25,-450000000.0,notional_at_entry,short,-878477.0,short,490883016.5,0
2016-12-14 00:00:00+00:00,1003,CORN,351.75,-450000000.0,notional_at_entry,short,-878477.0,short,494836163.0,0
2016-12-15 00:00:00+00:00,1004,CORN,356.5,-450000000.0,notional_at_entry,short,-878477.0,short,490663397.25,0
2016-12-16 00:00:00+00:00,1005,CORN,356.25,300000000.0,notional_at_entry,long,842105.0,long,490883016.5,1
2016-12-19 00:00:00+00:00,1006,CORN,353.25,300000000.0,notional_at_entry,long,842105.0,long,488356701.5,0
2016-12-20 00:00:00+00:00,1007,CORN,350.25,300000000.0,notional_at_entry,long,842105.0,long,485830386.5,0
2016-12-21 00:00:00+00:00,1008,CORN,347.25,300000000.0,notional_at_entry,long,842105.0,long,483304071.5,0
2016-12-22 00:00:00+00:00,1009,CORN,347.25,300000000.0,notional_at_entry,long,842105.0,long,483304071.5,0
2016-12-23 00:00:00+00:00,1010,CORN,345.75,300000000.0,notional_at_entry,long,842105.0,long,482040914.0,0
2016-12-27 00:00:00+00:00,1011,CORN,355.0,300000000.0,notional_at_entry,long,842105.0,long,489830385.25,0
2016-12-28 00:00:00+00:00,1012,CORN,348.25,300000000.0,notional_at_entry,long,842105.0,long,484146176.5,0
2016-12-29 00:00:00+00:00,1013,CORN,349.75,300000000.0,notional_at_entry,long,842105.0,long,485409334.0,0
2016-12-30 00:00:00+00:00,1014,CORN,352.0,300000000.0,notional_at_entry,long,842105.0,long,487304070.25,0
2017-01-03 00:00:00+00:00,1015,CORN,355.75,300000000.0,notional_at_entry,long,842105.0,long,490461964.0,0
2017-01-04 00:00:00+00:00,1016,CORN,359.75,450000000.0,notional_at_entry,long,842105.0,long,493830384.0,0
2017-01-05 00:00:00+00:00,1017,CORN,361.25,450000000.0,notional_at_entry,long,842105.0,long,495093541.5,0
2017-01-06 00:00:00+00:00,1018,CORN,358.0,450000000.0,notional_at_entry,long,842105.0,long,492356700.25,0
2017-01-09 00:00:00+00:00,1019,CORN,360.0,450000000.0,notional_at_entry,long,842105.0,long,494040910.25,0
2017-01-10 00:00:00+00:00,1020,CORN,358.25,450000000.0,notional_at_entry,long,842105.0,long,492567226.5,0
2017-01-11 00:00:00+00:00,1021,CORN,357.25,450000000.0,notional_at_entry,long,842105.0,long,491725121.5,0
2017-01-12 00:00:00+00:00,1022,CORN,358.25,450000000.0,notional_at_entry,long,842105.0,long,492567226.5,0
2017-01-13 00:00:00+00:00,1023,CORN,358.5,450000000.0,notional_at_entry,long,842105.0,long,492777752.75,0
2017-01-17 00:00:00+00:00,1024,CORN,365.5,450000000.0,notional_at_entry,long,842105.0,long,498672487.75,0
2017-01-18 00:00:00+00:00,1025,CORN,365.0,450000000.0,notional_at_entry,long,842105.0,long,498251435.25,0
2017-01-19 00:00:00+00:00,1026,CORN,366.25,450000000.0,notional_at_entry,long,842105.0,long,499304066.5,0
2017-01-20 00:00:00+00:00,1027,CORN,369.75,450000000.0,notional_at_entry,long,842105.0,long,502251434.0,0
2017-01-23 00:00:00+00:00,1028,CORN,369.5,450000000.0,notional_at_entry,long,842105.0,long,502040907.75,0
2017-01-24 00:00:00+00:00,1029,CORN,363.25,450000000.0,notional_at_entry,long,842105.0,long,496777751.5,0
2017-01-25 00:00:00+00:00,1030,CORN,366.25,450000000.0,notional_at_entry,long,842105.0,long,499304066.5,0
2017-01-26 00:00:00+00:00,1031,CORN,363.75,450000000.0,notional_at_entry,long,842105.0,long,497198804.0,0
2017-01-27 00:00:00+00:00,1032,CORN,362.5,450000000.0,notional_at_entry,long,842105.0,long,496146172.75,0
2017-01-30 00:00:00+00:00,1033,CORN,357.75,450000000.0,notional_at_entry,long,842105.0,long,492146174.0,0
2017-01-31 00:00:00+00:00,1034,CORN,359.75,450000000.0,notional_at_entry,long,842105.0,long,493830384.0,0
2017-02-01 00:00:00+00:00,1035,CORN,368.25,450000000.0,notional_at_entry,long,842105.0,long,500988276.5,0
2017-02-02 00:00:00+00:00,1036,CORN,367.5,450000000.0,notional_at_entry,long,842105.0,long,500356697.75,0
2017-02-03 00:00:00+00:00,1037,CORN,365.25,450000000.0,notional_at_entry,long,842105.0,long,498461961.5,0
2017-02-06 00:00:00+00:00,1038,CORN,363.75,450000000.0,notional_at_entry,long,842105.0,long,497198804.0,0
2017-02-07 00:00:00+00:00,1039,CORN,368.5,450000000.0,notional_at_entry,long,842105.0,long,501198802.75,0
2017-02-08 00:00:00+00:00,1040,CORN,370.75,450000000.0,notional_at_entry,long,842105.0,long,503093539.0,0
2017-02-09 00:00:00+00:00,1041,CORN,369.5,450000000.0,notional_at_entry,long,842105.0,long,502040907.75,0
2017-02-10 00:00:00+00:00,1042,CORN,374.5,450000000.0,notional_at_entry,long,842105.0,long,506251432.75,0
2017-02-13 00:00:00+00:00,1043,CORN,375.5,450000000.0,notional_at_entry,long,842105.0,long,507093537.75,0
2017-02-14 00:00:00+00:00,1044,CORN,374.25,300000000.0,notional_at_entry,long,842105.0,long,506040906.5,0
2017-02-15 00:00:00+00:00,1045,CORN,378.75,300000000.0,notional_at_entry,long,842105.0,long,509830379.0,0
2017-02-16 00:00:00+00:00,1046,CORN,373.5,300000000.0,notional_at_entry,long,842105.0,long,505409327.75,0
2017-02-17 00:00:00+00:00,1047,CORN,368.25,300000000.0,notional_at_entry,long,842105.0,long,500988276.5,0
2017-02-21 00:00:00+00:00,1048,CORN,369.25,300000000.0,notional_at_entry,long,842105.0,long,501830381.5,0
2017-02-22 00:00:00+00:00,1049,CORN,371.0,300000000.0,notional_at_entry,long,842105.0,long,503304065.25,0
2017-02-23 00:00:00+00:00,1050,CORN,365.5,300000000.0,notional_at_entry,long,842105.0,long,498672487.75,0
2017-02-24 00:00:00+00:00,1051,CORN,364.0,300000000.0,notional_at_entry,long,842105.0,long,497409330.25,0
2017-02-27 00:00:00+00:00,1052,CORN,360.25,300000000.0,notional_at_entry,long,842105.0,long,494251436.5,0
2017-02-28 00:00:00+00:00,1053,CORN,366.75,300000000.0,notional_at_entry,long,842105.0,long,499725119.0,0
2017-03-01 00:00:00+00:00,1054,CORN,375.75,300000000.0,notional_at_entry,long,842105.0,long,507304064.0,0
2017-03-02 00:00:00+00:00,1055,CORN,372.75,300000000.0,notional_at_entry,long,842105.0,long,504777749.0,0
2017-03-03 00:00:00+00:00,1056,CORN,374.75,300000000.0,notional_at_entry,long,842105.0,long,506461959.0,0
2017-03-06 00:00:00+00:00,1057,CORN,372.75,300000000.0,notional_at_entry,long,842105.0,long,504777749.0,0
2017-03-07 00:00:00+00:00,1058,CORN,369.5,300000000.0,notional_at_entry,long,842105.0,long,502040907.75,0
2017-03-08 00:00:00+00:00,1059,CORN,365.25,300000000.0,notional_at_entry,long,842105.0,long,498461961.5,0
2017-03-09 00:00:00+00:00,1060,CORN,359.75,300000000.0,notional_at_entry,long,842105.0,long,493830384.0,0
2017-03-10 00:00:00+00:00,1061,CORN,358.0,300000000.0,notional_at_entry,long,842105.0,long,492356700.25,0
2017-03-13 00:00:00+00:00,1062,CORN,354.5,300000000.0,notional_at_entry,long,842105.0,long,489409332.75,0
2017-03-14 00:00:00+00:00,1063,CORN,353.75,-300000000.0,notional_at_entry,short,-848056.0,short,488777754.0,1
2017-03-15 00:00:00+00:00,1064,CORN,363.5,-300000000.0,notional_at_entry,short,-848056.0,short,480509208.0,0
2017-03-16 00:00:00+00:00,1065,CORN,366.0,-300000000.0,notional_at_entry,short,-848056.0,short,478389068.0,0
2017-03-17 00:00:00+00:00,1066,CORN,367.5,-300000000.0,notional_at_entry,short,-848056.0,short,477116984.0,0
2017-03-20 00:00:00+00:00,1067,CORN,363.5,-300000000.0,notional_at_entry,short,-848056.0,short,480509208.0,0
2017-03-21 00:00:00+00:00,1068,CORN,361.25,-300000000.0,notional_at_entry,short,-848056.0,short,482417334.0,0
2017-03-22 00:00:00+00:00,1069,CORN,358.75,-300000000.0,notional_at_entry,short,-848056.0,short,484537474.0,0
2017-03-23 00:00:00+00:00,1070,CORN,356.75,-300000000.0,notional_at_entry,short,-848056.0,short,486233586.0,0
2017-03-24 00:00:00+00:00,1071,CORN,356.25,-300000000.0,notional_at_entry,short,-848056.0,short,486657614.0,0
2017-03-27 00:00:00+00:00,1072,CORN,355.75,-300000000.0,notional_at_entry,short,-848056.0,short,487081642.0,0
2017-03-28 00:00:00+00:00,1073,CORN,357.75,-300000000.0,notional_at_entry,short,-848056.0,short,485385530.0,0
2017-03-29 00:00:00+00:00,1074,CORN,358.5,450000000.0,notional_at_entry,long,1255230.0,long,484749488.0,1
2017-03-30 00:00:00+00:00,1075,CORN,357.5,450000000.0,notional_at_entry,long,1255230.0,long,483494258.0,0
2017-03-31 00:00:00+00:00,1076,CORN,364.25,450000000.0,notional_at_entry,long,1255230.0,long,491967060.5,0
2017-04-03 00:00:00+00:00,1077,CORN,367.75,450000000.0,notional_at_entry,long,1255230.0,long,496360365.5,0
2017-04-04 00:00:00+00:00,1078,CORN,363.0,450000000.0,notional_at_entry,long,1255230.0,long,490398023.0,0
2017-04-05 00:00:00+00:00,1079,CORN,364.75,450000000.0,notional_at_entry,long,1255230.0,long,492594675.5,0
2017-04-06 00:00:00+00:00,1080,CORN,360.75,450000000.0,notional_at_entry,long,1255230.0,long,487573755.5,0
2017-04-07 00:00:00+00:00,1081,CORN,359.5,450000000.0,notional_at_entry,long,1255230.0,long,486004718.0,0
2017-04-10 00:00:00+00:00,1082,CORN,367.0,450000000.0,notional_at_entry,long,1255230.0,long,495418943.0,0
2017-04-11 00:00:00+00:00,1083,CORN,366.5,450000000.0,notional_at_entry,long,1255230.0,long,494791328.0,0
2017-04-12 00:00:00+00:00,1084,CORN,369.0,-450000000.0,notional_at_entry,short,-1219512.0,short,497929403.0,1
2017-04-13 00:00:00+00:00,1085,CORN,371.0,-450000000.0,notional_at_entry,short,-1219512.0,short,495490379.0,0
2017-04-17 00:00:00+00:00,1086,CORN,366.5,-450000000.0,notional_at_entry,short,-1219512.0,short,500978183.0,0
2017-04-18 00:00:00+00:00,1087,CORN,361.75,-450000000.0,notional_at_entry,short,-1219512.0,short,506770865.0,0
2017-04-19 00:00:00+00:00,1088,CORN,361.75,-450000000.0,notional_at_entry,short,-1219512.0,short,506770865.0,0
2017-04-20 00:00:00+00:00,1089,CORN,357.75,-450000000.0,notional_at_entry,short,-1219512.0,short,511648913.0,0
2017-04-21 00:00:00+00:00,1090,CORN,357.0,-450000000.0,notional_at_entry,short,-1219512.0,short,512563547.0,0
2017-04-24 00:00:00+00:00,1091,CORN,359.25,-450000000.0,notional_at_entry,short,-1219512.0,short,509819645.0,0
2017-04-25 00:00:00+00:00,1092,CORN,365.0,-450000000.0,notional_at_entry,short,-1219512.0,short,502807451.0,0
2017-04-26 00:00:00+00:00,1093,CORN,359.0,-450000000.0,notional_at_entry,short,-1219512.0,short,510124523.0,0
2017-04-27 00:00:00+00:00,1094,CORN,362.0,-450000000.0,notional_at_entry,short,-1219512.0,short,506465987.0,0
2017-04-28 00:00:00+00:00,1095,CORN,358.0,-450000000.0,notional_at_entry,short,-1219512.0,short,511344035.0,0
2017-05-01 00:00:00+00:00,1096,CORN,369.25,-450000000.0,notional_at_entry,short,-1219512.0,short,497624525.0,0
2017-05-02 00:00:00+00:00,1097,CORN,364.0,-450000000.0,notional_at_entry,short,-1219512.0,short,504026963.0,0
2017-05-03 00:00:00+00:00,1098,CORN,366.25,-450000000.0,notional_at_entry,short,-1219512.0,short,501283061.0,0
2017-05-04 00:00:00+00:00,1099,CORN,358.0,-450000000.0,notional_at_entry,short,-1219512.0,short,511344035.0,0
2017-05-05 00:00:00+00:00,1100,CORN,361.75,-450000000.0,notional_at_entry,short,-1219512.0,short,506770865.0,0
2017-05-08 00:00:00+00:00,1101,CORN,356.75,-450000000.0,notional_at_entry,short,-1219512.0,short,512868425.0,0
2017-05-09 00:00:00+00:00,1102,CORN,358.25,-450000000.0,notional_at_entry,short,-1219512.0,short,511039157.0,0
2017-05-10 00:00:00+00:00,1103,CORN,365.25,-450000000.0,notional_at_entry,short,-1219512.0,short,502502573.0,0
2017-05-11 00:00:00+00:00,1104,CORN,360.5,-450000000.0,notional_at_entry,short,-1219512.0,short,508295255.0,0
2017-05-12 00:00:00+00:00,1105,CORN,361.75,-300000000.0,notional_at_entry,short,-1219512.0,short,506770865.0,0
2017-05-15 00:00:00+00:00,1106,CORN,367.75,-300000000.0,notional_at_entry,short,-1219512.0,short,499453793.0,0
2017-05-16 00:00:00+00:00,1107,CORN,367.75,-300000000.0,notional_at_entry,short,-1219512.0,short,499453793.0,0
2017-05-17 00:00:00+00:00,1108,CORN,371.5,-300000000.0,notional_at_entry,short,-1219512.0,short,494880623.0,0
2017-05-18 00:00:00+00:00,1109,CORN,366.0,-300000000.0,notional_at_entry,short,-1219512.0,short,501587939.0,0
2017-05-19 00:00:00+00:00,1110,CORN,372.5,-300000000.0,notional_at_entry,short,-1219512.0,short,493661111.0,0
2017-05-22 00:00:00+00:00,1111,CORN,375.0,-300000000.0,notional_at_entry,short,-1219512.0,short,490612331.0,0
2017-05-23 00:00:00+00:00,1112,CORN,369.5,-300000000.0,notional_at_entry,short,-1219512.0,short,497319647.0,0
2017-05-24 00:00:00+00:00,1113,CORN,371.25,-300000000.0,notional_at_entry,short,-1219512.0,short,495185501.0,0
2017-05-25 00:00:00+00:00,1114,CORN,369.25,-300000000.0,notional_at_entry,short,-1219512.0,short,497624525.0,0
2017-05-26 00:00:00+00:00,1115,CORN,374.25,-300000000.0,notional_at_entry,short,-1219512.0,short,491526965.0,0
2017-05-30 00:00:00+00:00,1116,CORN,367.0,-300000000.0,notional_at_entry,short,-1219512.0,short,500368427.0,0
2017-05-31 00:00:00+00:00,1117,CORN,372.0,-300000000.0,notional_at_entry,short,-1219512.0,short,494270867.0,0
2017-06-01 00:00:00+00:00,1118,CORN,370.5,-300000000.0,notional_at_entry,short,-1219512.0,short,496100135.0,0
2017-06-02 00:00:00+00:00,1119,CORN,372.75,-300000000.0,notional_at_entry,short,-1219512.0,short,493356233.0,0
2017-06-05 00:00:00+00:00,1120,CORN,373.0,-300000000.0,notional_at_entry,short,-1219512.0,short,493051355.0,0
2017-06-06 00:00:00+00:00,1121,CORN,377.25,-300000000.0,notional_at_entry,short,-1219512.0,short,487868429.0,0
2017-06-07 00:00:00+00:00,1122,CORN,384.75,-300000000.0,notional_at_entry,short,-1219512.0,short,478722089.0,0
2017-06-08 00:00:00+00:00,1123,CORN,385.75,-300000000.0,notional_at_entry,short,-1219512.0,short,477502577.0,0
2017-06-09 00:00:00+00:00,1124,CORN,387.75,-300000000.0,notional_at_entry,short,-1219512.0,short,475063553.0,0
2017-06-12 00:00:00+00:00,1125,CORN,377.25,-300000000.0,notional_at_entry,short,-1219512.0,short,487868429.0,0
2017-06-13 00:00:00+00:00,1126,CORN,381.0,-300000000.0,notional_at_entry,short,-1219512.0,short,483295259.0,0
2017-06-14 00:00:00+00:00,1127,CORN,377.0,-300000000.0,notional_at_entry,short,-1219512.0,short,488173307.0,0
2017-06-15 00:00:00+00:00,1128,CORN,379.5,-300000000.0,notional_at_entry,short,-1219512.0,short,485124527.0,0
2017-06-16 00:00:00+00:00,1129,CORN,384.0,-300000000.0,notional_at_entry,short,-1219512.0,short,479636723.0,0
2017-06-19 00:00:00+00:00,1130,CORN,375.25,300000000.0,notional_at_entry,long,799467.0,long,490307453.0,1
2017-06-20 00:00:00+00:00,1131,CORN,370.0,300000000.0,notional_at_entry,long,799467.0,long,486110251.25,0
2017-06-21 00:00:00+00:00,1132,CORN,368.75,300000000.0,notional_at_entry,long,799467.0,long,485110917.5,0
2017-06-22 00:00:00+00:00,1133,CORN,362.75,300000000.0,notional_at_entry,long,799467.0,long,480314115.5,0
2017-06-23 00:00:00+00:00,1134,CORN,357.75,300000000.0,notional_at_entry,long,799467.0,long,476316780.5,0
2017-06-26 00:00:00+00:00,1135,CORN,359.0,300000000.0,notional_at_entry,long,799467.0,long,477316114.25,0
2017-06-27 00:00:00+00:00,1136,CORN,359.25,-300000000.0,notional_at_entry,short,-835073.0,short,477515981.0,1
2017-06-28 00:00:00+00:00,1137,CORN,356.75,-300000000.0,notional_at_entry,short,-835073.0,short,479603663.5,0
2017-06-29 00:00:00+00:00,1138,CORN,359.75,-300000000.0,notional_at_entry,short,-835073.0,short,477098444.5,0
2017-06-30 00:00:00+00:00,1139,CORN,370.5,-300000000.0,notional_at_entry,short,-835073.0,short,468121409.75,0
2017-07-03 00:00:00+00:00,1140,CORN,378.0,-300000000.0,notional_at_entry,short,-835073.0,short,461858362.25,0
2017-07-05 00:00:00+00:00,1141,CORN,381.75,-300000000.0,notional_at_entry,short,-835073.0,short,458726838.5,0
2017-07-06 00:00:00+00:00,1142,CORN,380.25,-300000000.0,notional_at_entry,short,-835073.0,short,459979448.0,0
2017-07-07 00:00:00+00:00,1143,CORN,382.25,-300000000.0,notional_at_entry,short,-835073.0,short,458309302.0,0
2017-07-10 00:00:00+00:00,1144,CORN,391.75,-300000000.0,notional_at_entry,short,-835073.0,short,450376108.5,0
2017-07-11 00:00:00+00:00,1145,CORN,392.25,-300000000.0,notional_at_entry,short,-835073.0,short,449958572.0,0
2017-07-12 00:00:00+00:00,1146,CORN,376.25,-300000000.0,notional_at_entry,short,-835073.0,short,463319740.0,0
2017-07-13 00:00:00+00:00,1147,CORN,361.0,-300000000.0,notional_at_entry,short,-835073.0,short,476054603.25,0
2017-07-14 00:00:00+00:00,1148,CORN,365.25,-300000000.0,notional_at_entry,short,-835073.0,short,472505543.0,0
2017-07-17 00:00:00+00:00,1149,CORN,375.0,-300000000.0,notional_at_entry,short,-835073.0,short,464363581.25,0
2017-07-18 00:00:00+00:00,1150,CORN,377.0,-300000000.0,notional_at_entry,short,-835073.0,short,462693435.25,0
2017-07-19 00:00:00+00:00,1151,CORN,382.5,-300000000.0,notional_at_entry,short,-835073.0,short,458100533.75,0
2017-07-20 00:00:00+00:00,1152,CORN,391.0,-300000000.0,notional_at_entry,short,-835073.0,short,451002413.25,0
2017-07-21 00:00:00+00:00,1153,CORN,379.75,-300000000.0,notional_at_entry,short,-835073.0,short,460396984.5,0
2017-07-24 00:00:00+00:00,1154,CORN,377.25,-300000000.0,notional_at_entry,short,-835073.0,short,462484667.0,0
2017-07-25 00:00:00+00:00,1155,CORN,368.75,-300000000.0,notional_at_entry,short,-835073.0,short,469582787.5,0
2017-07-26 00:00:00+00:00,1156,CORN,372.75,-300000000.0,notional_at_entry,short,-835073.0,short,466242495.5,0
2017-07-27 00:00:00+00:00,1157,CORN,374.25,-300000000.0,notional_at_entry,short,-835073.0,short,464989886.0,0
2017-07-28 00:00:00+00:00,1158,CORN,374.25,-300000000.0,notional_at_entry,short,-835073.0,short,464989886.0,0
2017-07-31 00:00:00+00:00,1159,CORN,370.75,-450000000.0,notional_at_entry,short,-835073.0,short,467912641.5,0
2017-08-01 00:00:00+00:00,1160,CORN,362.5,-450000000.0,notional_at_entry,short,-835073.0,short,474801993.75,0
2017-08-02 00:00:00+00:00,1161,CORN,365.0,-450000000.0,notional_at_entry,short,-835073.0,short,472714311.25,0
2017-08-03 00:00:00+00:00,1162,CORN,363.5,-450000000.0,notional_at_entry,short,-835073.0,short,473966920.75,0
2017-08-04 00:00:00+00:00,1163,CORN,366.5,-450000000.0,notional_at_entry,short,-835073.0,short,471461701.75,0
2017-08-07 00:00:00+00:00,1164,CORN,372.25,-450000000.0,notional_at_entry,short,-835073.0,short,466660032.0,0
2017-08-08 00:00:00+00:00,1165,CORN,369.75,-450000000.0,notional_at_entry,short,-835073.0,short,468747714.5,0
2017-08-09 00:00:00+00:00,1166,CORN,372.25,-450000000.0,notional_at_entry,short,-835073.0,short,466660032.0,0
2017-08-10 00:00:00+00:00,1167,CORN,357.25,-450000000.0,notional_at_entry,short,-835073.0,short,479186127.0,0
2017-08-11 00:00:00+00:00,1168,CORN,360.75,-450000000.0,notional_at_entry,short,-835073.0,short,476263371.5,0
2017-08-14 00:00:00+00:00,1169,CORN,362.75,-450000000.0,notional_at_entry,short,-835073.0,short,474593225.5,0
2017-08-15 00:00:00+00:00,1170,CORN,355.25,-450000000.0,notional_at_entry,short,-835073.0,short,480856273.0,0
2017-08-16 00:00:00+00:00,1171,CORN,352.5,-450000000.0,notional_at_entry,short,-835073.0,short,483152723.75,0
2017-08-17 00:00:00+00:00,1172,CORN,350.5,-450000000.0,notional_at_entry,short,-835073.0,short,484822869.75,0
2017-08-18 00:00:00+00:00,1173,CORN,352.0,-450000000.0,notional_at_entry,short,-835073.0,short,483570260.25,0
2017-08-21 00:00:00+00:00,1174,CORN,349.0,-450000000.0,notional_at_entry,short,-835073.0,short,486075479.25,0
2017-08-22 00:00:00+00:00,1175,CORN,346.0,-450000000.0,notional_at_entry,short,-835073.0,short,488580698.25,0
2017-08-23 00:00:00+00:00,1176,CORN,342.0,-450000000.0,notional_at_entry,short,-835073.0,short,491920990.25,0
2017-08-24 00:00:00+00:00,1177,CORN,342.0,300000000.0,notional_at_entry,long,877192.0,long,491920990.25,1
2017-08-25 00:00:00+00:00,1178,CORN,338.75,300000000.0,notional_at_entry,long,877192.0,long,489070116.25,0
2017-08-28 00:00:00+00:00,1179,CORN,336.0,300000000.0,notional_at_entry,long,877192.0,long,486657838.25,0
2017-08-29 00:00:00+00:00,1180,CORN,333.5,300000000.0,notional_at_entry,long,877192.0,long,484464858.25,0
2017-08-30 00:00:00+00:00,1181,CORN,329.5,300000000.0,notional_at_entry,long,877192.0,long,480956090.25,0
2017-08-31 00:00:00+00:00,1182,CORN,342.25,300000000.0,notional_at_entry,long,877192.0,long,492140288.25,0
2017-09-01 00:00:00+00:00,1183,CORN,340.0,300000000.0,notional_at_entry,long,877192.0,long,490166606.25,0
2017-09-05 00:00:00+00:00,1184,CORN,344.25,300000000.0,notional_at_entry,long,877192.0,long,493894672.25,0
2017-09-06 00:00:00+00:00,1185,CORN,347.0,300000000.0,notional_at_entry,long,877192.0,long,496306950.25,0
2017-09-07 00:00:00+00:00,1186,CORN,341.75,300000000.0,notional_at_entry,long,877192.0,long,491701692.25,0
2017-09-08 00:00:00+00:00,1187,CORN,344.25,300000000.0,notional_at_entry,long,877192.0,long,493894672.25,0
2017-09-11 00:00:00+00:00,1188,CORN,345.5,300000000.0,notional_at_entry,long,877192.0,long,494991162.25,0
2017-09-12 00:00:00+00:00,1189,CORN,340.0,300000000.0,notional_at_entry,long,877192.0,long,490166606.25,0
2017-09-13 00:00:00+00:00,1190,CORN,338.5,300000000.0,notional_at_entry,long,877192.0,long,488850818.25,0
2017-09-14 00:00:00+00:00,1191,CORN,341.75,300000000.0,notional_at_entry,long,877192.0,long,491701692.25,0
2017-09-15 00:00:00+00:00,1192,CORN,354.75,300000000.0,notional_at_entry,long,877192.0,long,503105188.25,0
2017-09-18 00:00:00+00:00,1193,CORN,351.5,300000000.0,notional_at_entry,long,877192.0,long,500254314.25,0
2017-09-19 00:00:00+00:00,1194,CORN,348.25,300000000.0,notional_at_entry,long,877192.0,long,497403440.25,0
2017-09-20 00:00:00+00:00,1195,CORN,350.0,300000000.0,notional_at_entry,long,877192.0,long,498938526.25,0
2017-09-21 00:00:00+00:00,1196,CORN,350.25,300000000.0,notional_at_entry,long,877192.0,long,499157824.25,0
2017-09-22 00:00:00+00:00,1197,CORN,353.5,300000000.0,notional_at_entry,long,877192.0,long,502008698.25,0
2017-09-25 00:00:00+00:00,1198,CORN,353.75,300000000.0,notional_at_entry,long,877192.0,long,502227996.25,0
2017-09-26 00:00:00+00:00,1199,CORN,352.25,300000000.0,notional_at_entry,long,877192.0,long,500912208.25,0
2017-09-27 00:00:00+00:00,1200,CORN,354.0,300000000.0,notional_at_entry,long,877192.0,long,502447294.25,0
2017-09-28 00:00:00+00:00,1201,CORN,352.5,300000000.0,notional_at_entry,long,877192.0,long,501131506.25,0
2017-09-29 00:00:00+00:00,1202,CORN,355.25,300000000.0,notional_at_entry,long,877192.0,long,503543784.25,0
2017-10-02 00:00:00+00:00,1203,CORN,351.5,300000000.0,notional_at_entry,long,877192.0,long,500254314.25,0
2017-10-03 00:00:00+00:00,1204,CORN,349.5,300000000.0,notional_at_entry,long,877192.0,long,498499930.25,0
2017-10-04 00:00:00+00:00,1205,CORN,348.25,300000000.0,notional_at_entry,long,877192.0,long,497403440.25,0
2017-10-05 00:00:00+00:00,1206,CORN,349.5,300000000.0,notional_at_entry,long,877192.0,long,498499930.25,0
2017-10-06 00:00:00+00:00,1207,CORN,350.0,300000000.0,notional_at_entry,long,877192.0,long,498938526.25,0
2017-10-09 00:00:00+00:00,1208,CORN,349.5,300000000.0,notional_at_entry,long,877192.0,long,498499930.25,0
2017-10-10 00:00:00+00:00,1209,CORN,349.25,300000000.0,notional_at_entry,long,877192.0,long,498280632.25,0
2017-10-11 00:00:00+00:00,1210,CORN,346.0,300000000.0,notional_at_entry,long,877192.0,long,495429758.25,0
2017-10-12 00:00:00+00:00,1211,CORN,349.0,300000000.0,notional_at_entry,long,877192.0,long,498061334.25,0
2017-10-13 00:00:00+00:00,1212,CORN,352.75,300000000.0,notional_at_entry,long,877192.0,long,501350804.25,0
2017-10-16 00:00:00+00:00,1213,CORN,350.5,300000000.0,notional_at_entry,long,877192.0,long,499377122.25,0
2017-10-17 00:00:00+00:00,1214,CORN,350.0,300000000.0,notional_at_entry,long,877192.0,long,498938526.25,0
2017-10-18 00:00:00+00:00,1215,CORN,348.5,-300000000.0,notional_at_entry,short,-860832.0,short,497622738.25,1
2017-10-19 00:00:00+00:00,1216,CORN,349.0,-300000000.0,notional_at_entry,short,-860832.0,short,497192322.25,0
2017-10-20 00:00:00+00:00,1217,CORN,344.5,-300000000.0,notional_at_entry,short,-860832.0,short,501066066.25,0
2017-10-23 00:00:00+00:00,1218,CORN,351.25,-300000000.0,notional_at_entry,short,-860832.0,short,495255450.25,0
2017-10-24 00:00:00+00:00,1219,CORN,352.75,-300000000.0,notional_at_entry,short,-860832.0,short,493964202.25,0
2017-10-25 00:00:00+00:00,1220,CORN,351.0,-300000000.0,notional_at_entry,short,-860832.0,short,495470658.25,0
2017-10-26 00:00:00+00:00,1221,CORN,350.5,-300000000.0,notional_at_entry,short,-860832.0,short,495901074.25,0
2017-10-27 00:00:00+00:00,1222,CORN,348.75,-300000000.0,notional_at_entry,short,-860832.0,short,497407530.25,0
2017-10-30 00:00:00+00:00,1223,CORN,348.75,-300000000.0,notional_at_entry,short,-860832.0,short,497407530.25,0
2017-10-31 00:00:00+00:00,1224,CORN,345.75,-300000000.0,notional_at_entry,short,-860832.0,short,499990026.25,0
2017-11-01 00:00:00+00:00,1225,CORN,348.25,-300000000.0,notional_at_entry,short,-860832.0,short,497837946.25,0
2017-11-02 00:00:00+00:00,1226,CORN,350.5,-300000000.0,notional_at_entry,short,-860832.0,short,495901074.25,0
2017-11-03 00:00:00+00:00,1227,CORN,348.25,-300000000.0,notional_at_entry,short,-860832.0,short,497837946.25,0
2017-11-06 00:00:00+00:00,1228,CORN,348.0,-300000000.0,notional_at_entry,short,-860832.0,short,498053154.25,0
2017-11-07 00:00:00+00:00,1229,CORN,347.75,-300000000.0,notional_at_entry,short,-860832.0,short,498268362.25,0
2017-11-08 00:00:00+00:00,1230,CORN,348.25,-300000000.0,notional_at_entry,short,-860832.0,short,497837946.25,0
2017-11-09 00:00:00+00:00,1231,CORN,341.5,-300000000.0,notional_at_entry,short,-860832.0,short,503648562.25,0
2017-11-10 00:00:00+00:00,1232,CORN,343.5,-300000000.0,notional_at_entry,short,-860832.0,short,501926898.25,0
2017-11-13 00:00:00+00:00,1233,CORN,342.25,-300000000.0,notional_at_entry,short,-860832.0,short,503002938.25,0
2017-11-14 00:00:00+00:00,1234,CORN,337.5,-300000000.0,notional_at_entry,short,-860832.0,short,507091890.25,0
2017-11-15 00:00:00+00:00,1235,CORN,338.25,-300000000.0,notional_at_entry,short,-860832.0,short,506446266.25,0
2017-11-16 00:00:00+00:00,1236,CORN,336.5,-300000000.0,notional_at_entry,short,-860832.0,short,507952722.25,0
2017-11-17 00:00:00+00:00,1237,CORN,343.0,-300000000.0,notional_at_entry,short,-860832.0,short,502357314.25,0
2017-11-20 00:00:00+00:00,1238,CORN,345.0,-300000000.0,notional_at_entry,short,-860832.0,short,500635650.25,0
2017-11-21 00:00:00+00:00,1239,CORN,345.0,-300000000.0,notional_at_entry,short,-860832.0,short,500635650.25,0
2017-11-22 00:00:00+00:00,1240,CORN,345.25,300000000.0,notional_at_entry,long,868935.0,long,500420442.25,1
2017-11-24 00:00:00+00:00,1241,CORN,342.25,300000000.0,notional_at_entry,long,868935.0,long,497813637.25,0
2017-11-27 00:00:00+00:00,1242,CORN,338.75,-450000000.0,notional_at_entry,short,-1328413.0,short,494772364.75,1
2017-11-28 00:00:00+00:00,1243,CORN,336.25,-450000000.0,notional_at_entry,short,-1328413.0,short,498093397.25,0
2017-11-29 00:00:00+00:00,1244,CORN,339.0,-450000000.0,notional_at_entry,short,-1328413.0,short,494440261.5,0
2017-11-30 00:00:00+00:00,1245,CORN,341.75,-450000000.0,notional_at_entry,short,-1328413.0,short,490787125.75,0
2017-12-01 00:00:00+00:00,1246,CORN,344.75,-450000000.0,notional_at_entry,short,-1328413.0,short,486801886.75,0
2017-12-04 00:00:00+00:00,1247,CORN,339.5,-450000000.0,notional_at_entry,short,-1328413.0,short,493776055.0,0
2017-12-05 00:00:00+00:00,1248,CORN,339.75,-450000000.0,notional_at_entry,short,-1328413.0,short,493443951.75,0
2017-12-06 00:00:00+00:00,1249,CORN,339.25,-450000000.0,notional_at_entry,short,-1328413.0,short,494108158.25,0
2017-12-07 00:00:00+00:00,1250,CORN,338.75,-450000000.0,notional_at_entry,short,-1328413.0,short,494772364.75,0
2017-12-08 00:00:00+00:00,1251,CORN,340.0,-450000000.0,notional_at_entry,short,-1328413.0,short,493111848.5,0
2017-12-11 00:00:00+00:00,1252,CORN,336.5,-450000000.0,notional_at_entry,short,-1328413.0,short,497761294.0,0
2017-12-12 00:00:00+00:00,1253,CORN,335.75,-450000000.0,notional_at_entry,short,-1328413.0,short,498757603.75,0
2017-12-13 00:00:00+00:00,1254,CORN,336.75,450000000.0,notional_at_entry,long,1336302.0,long,497429190.75,1
2017-12-14 00:00:00+00:00,1255,CORN,336.25,450000000.0,notional_at_entry,long,1336302.0,long,496761039.75,0
2017-12-15 00:00:00+00:00,1256,CORN,347.5,450000000.0,notional_at_entry,long,1336302.0,long,511794437.25,0
2017-12-18 00:00:00+00:00,1257,CORN,347.0,450000000.0,notional_at_entry,long,1336302.0,long,511126286.25,0
2017-12-19 00:00:00+00:00,1258,CORN,347.5,450000000.0,notional_at_entry,long,1336302.0,long,511794437.25,0
2017-12-20 00:00:00+00:00,1259,CORN,349.25,450000000.0,notional_at_entry,long,1336302.0,long,514132965.75,0
2017-12-21 00:00:00+00:00,1260,CORN,351.25,450000000.0,notional_at_entry,long,1336302.0,long,516805569.75,0
2017-12-22 00:00:00+00:00,1261,CORN,352.0,450000000.0,notional_at_entry,long,1336302.0,long,517807796.25,0
2017-12-26 00:00:00+00:00,1262,CORN,352.75,450000000.0,notional_at_entry,long,1336302.0,long,518810022.75,0
2017-12-27 00:00:00+00:00,1263,CORN,353.75,300000000.0,notional_at_entry,long,1336302.0,long,520146324.75,0
2017-12-28 00:00:00+00:00,1264,CORN,352.0,300000000.0,notional_at_entry,long,1336302.0,long,517807796.25,0
2017-12-29 00:00:00+00:00,1265,CORN,350.75,300000000.0,notional_at_entry,long,1336302.0,long,516137418.75,0
2018-01-02 00:00:00+00:00,1266,CORN,353.25,300000000.0,notional_at_entry,long,1336302.0,long,519478173.75,0
2018-01-03 00:00:00+00:00,1267,CORN,353.0,300000000.0,notional_at_entry,long,1336302.0,long,519144098.25,0
2018-01-04 00:00:00+00:00,1268,CORN,351.0,300000000.0,notional_at_entry,long,1336302.0,long,516471494.25,0
2018-01-05 00:00:00+00:00,1269,CORN,351.25,300000000.0,notional_at_entry,long,1336302.0,long,516805569.75,0
2018-01-08 00:00:00+00:00,1270,CORN,347.25,300000000.0,notional_at_entry,long,1336302.0,long,511460361.75,0
2018-01-09 00:00:00+00:00,1271,CORN,349.0,300000000.0,notional_at_entry,long,1336302.0,long,513798890.25,0
2018-01-10 00:00:00+00:00,1272,CORN,349.0,-300000000.0,notional_at_entry,short,-859598.0,short,513798890.25,1
2018-01-11 00:00:00+00:00,1273,CORN,348.75,-300000000.0,notional_at_entry,short,-859598.0,short,514013789.75,0
2018-01-12 00:00:00+00:00,1274,CORN,346.25,-300000000.0,notional_at_entry,short,-859598.0,short,516162784.75,0
2018-01-16 00:00:00+00:00,1275,CORN,348.25,-300000000.0,notional_at_entry,short,-859598.0,short,514443588.75,0
2018-01-17 00:00:00+00:00,1276,CORN,353.0,-300000000.0,notional_at_entry,short,-859598.0,short,510360498.25,0
2018-01-18 00:00:00+00:00,1277,CORN,351.5,-300000000.0,notional_at_entry,short,-859598.0,short,511649895.25,0
2018-01-19 00:00:00+00:00,1278,CORN,352.5,-300000000.0,notional_at_entry,short,-859598.0,short,510790297.25,0
2018-01-22 00:00:00+00:00,1279,CORN,352.0,-300000000.0,notional_at_entry,short,-859598.0,short,511220096.25,0
2018-01-23 00:00:00+00:00,1280,CORN,351.25,-300000000.0,notional_at_entry,short,-859598.0,short,511864794.75,0
2018-01-24 00:00:00+00:00,1281,CORN,356.5,-300000000.0,notional_at_entry,short,-859598.0,short,507351905.25,0
2018-01-25 00:00:00+00:00,1282,CORN,355.25,-300000000.0,notional_at_entry,short,-859598.0,short,508426402.75,0
2018-01-26 00:00:00+00:00,1283,CORN,356.5,-300000000.0,notional_at_entry,short,-859598.0,short,507351905.25,0
2018-01-29 00:00:00+00:00,1284,CORN,358.75,-300000000.0,notional_at_entry,short,-859598.0,short,505417809.75,0
2018-01-30 00:00:00+00:00,1285,CORN,361.5,-300000000.0,notional_at_entry,short,-859598.0,short,503053915.25,0
2018-01-31 00:00:00+00:00,1286,CORN,361.5,-300000000.0,notional_at_entry,short,-859598.0,short,503053915.25,0
2018-02-01 00:00:00+00:00,1287,CORN,361.75,-300000000.0,notional_at_entry,short,-859598.0,short,502839015.75,0
2018-02-02 00:00:00+00:00,1288,CORN,361.5,-300000000.0,notional_at_entry,short,-859598.0,short,503053915.25,0
2018-02-05 00:00:00+00:00,1289,CORN,358.75,-300000000.0,notional_at_entry,short,-859598.0,short,505417809.75,0
2018-02-06 00:00:00+00:00,1290,CORN,363.5,-300000000.0,notional_at_entry,short,-859598.0,short,501334719.25,0
2018-02-07 00:00:00+00:00,1291,CORN,365.25,300000000.0,notional_at_entry,long,821355.0,long,499830422.75,1
2018-02-08 00:00:00+00:00,1292,CORN,365.75,300000000.0,notional_at_entry,long,821355.0,long,500241100.25,0
2018-02-09 00:00:00+00:00,1293,CORN,362.0,-300000000.0,notional_at_entry,short,-828729.0,short,497161019.0,1
2018-02-12 00:00:00+00:00,1294,CORN,367.0,-300000000.0,notional_at_entry,short,-828729.0,short,493017374.0,0
2018-02-13 00:00:00+00:00,1295,CORN,366.75,-300000000.0,notional_at_entry,short,-828729.0,short,493224556.25,0
2018-02-14 00:00:00+00:00,1296,CORN,367.25,-300000000.0,notional_at_entry,short,-828729.0,short,492810191.75,0
2018-02-15 00:00:00+00:00,1297,CORN,367.75,-300000000.0,notional_at_entry,short,-828729.0,short,492395827.25,0
2018-02-16 00:00:00+00:00,1298,CORN,367.5,-300000000.0,notional_at_entry,short,-828729.0,short,492603009.5,0
2018-02-18 00:00:00+00:00,1299,CORN,367.25,-300000000.0,notional_at_entry,short,-828729.0,short,492810191.75,0
2018-02-19 00:00:00+00:00,1300,CORN,367.25,-300000000.0,notional_at_entry,short,-828729.0,short,492810191.75,0
2018-02-20 00:00:00+00:00,1301,CORN,365.5,-300000000.0,notional_at_entry,short,-828729.0,short,494260467.5,0
2018-02-21 00:00:00+00:00,1302,CORN,365.75,-300000000.0,notional_at_entry,short,-828729.0,short,494053285.25,0
2018-02-22 00:00:00+00:00,1303,CORN,366.75,-300000000.0,notional_at_entry,short,-828729.0,short,493224556.25,0
2018-02-23 00:00:00+00:00,1304,CORN,366.25,-300000000.0,notional_at_entry,short,-828729.0,short,493638920.75,0
2018-02-26 00:00:00+00:00,1305,CORN,368.5,-450000000.0,notional_at_entry,short,-828729.0,short,491774280.5,0
2018-02-27 00:00:00+00:00,1306,CORN,370.5,-450000000.0,notional_at_entry,short,-828729.0,short,490116822.5,0
2018-02-28 00:00:00+00:00,1307,CORN,374.5,-450000000.0,notional_at_entry,short,-828729.0,short,486801906.5,0
2018-03-01 00:00:00+00:00,1308,CORN,378.75,-450000000.0,notional_at_entry,short,-828729.0,short,483279808.25,0
2018-03-02 00:00:00+00:00,1309,CORN,377.25,-450000000.0,notional_at_entry,short,-828729.0,short,484522901.75,0
2018-03-05 00:00:00+00:00,1310,CORN,378.25,-450000000.0,notional_at_entry,short,-828729.0,short,483694172.75,0
2018-03-06 00:00:00+00:00,1311,CORN,379.75,-450000000.0,notional_at_entry,short,-828729.0,short,482451079.25,0
2018-03-07 00:00:00+00:00,1312,CORN,379.25,-450000000.0,notional_at_entry,short,-828729.0,short,482865443.75,0
2018-03-08 00:00:00+00:00,1313,CORN,385.75,-450000000.0,notional_at_entry,short,-828729.0,short,477478705.25,0
2018-03-09 00:00:00+00:00,1314,CORN,383.0,-450000000.0,notional_at_entry,short,-828729.0,short,479757710.0,0
2018-03-12 00:00:00+00:00,1315,CORN,384.25,-450000000.0,notional_at_entry,short,-828729.0,short,478721798.75,0
2018-03-13 00:00:00+00:00,1316,CORN,385.5,-450000000.0,notional_at_entry,short,-828729.0,short,477685887.5,0
2018-03-14 00:00:00+00:00,1317,CORN,383.5,-450000000.0,notional_at_entry,short,-828729.0,short,479343345.5,0
2018-03-15 00:00:00+00:00,1318,CORN,386.75,-450000000.0,notional_at_entry,short,-828729.0,short,476649976.25,0
2018-03-16 00:00:00+00:00,1319,CORN,382.75,-450000000.0,notional_at_entry,short,-828729.0,short,479964892.25,0
2018-03-19 00:00:00+00:00,1320,CORN,375.0,-450000000.0,notional_at_entry,short,-828729.0,short,486387542.0,0
2018-03-20 00:00:00+00:00,1321,CORN,374.5,300000000.0,notional_at_entry,long,801068.0,long,486801906.5,1
2018-03-21 00:00:00+00:00,1322,CORN,375.0,300000000.0,notional_at_entry,long,801068.0,long,487202440.5,0
2018-03-22 00:00:00+00:00,1323,CORN,376.0,300000000.0,notional_at_entry,long,801068.0,long,488003508.5,0
2018-03-23 00:00:00+00:00,1324,CORN,377.25,300000000.0,notional_at_entry,long,801068.0,long,489004843.5,0
2018-03-26 00:00:00+00:00,1325,CORN,374.0,300000000.0,notional_at_entry,long,801068.0,long,486401372.5,0
2018-03-27 00:00:00+00:00,1326,CORN,374.0,300000000.0,notional_at_entry,long,801068.0,long,486401372.5,0
2018-03-28 00:00:00+00:00,1327,CORN,373.5,300000000.0,notional_at_entry,long,801068.0,long,486000838.5,0
2018-03-29 00:00:00+00:00,1328,CORN,387.75,300000000.0,notional_at_entry,long,801068.0,long,497416057.5,0
2018-04-02 00:00:00+00:00,1329,CORN,387.25,300000000.0,notional_at_entry,long,801068.0,long,497015523.5,0
2018-04-03 00:00:00+00:00,1330,CORN,388.5,300000000.0,notional_at_entry,long,801068.0,long,498016858.5,0
2018-04-04 00:00:00+00:00,1331,CORN,381.0,300000000.0,notional_at_entry,long,801068.0,long,492008848.5,0
2018-04-05 00:00:00+00:00,1332,CORN,389.5,300000000.0,notional_at_entry,long,801068.0,long,498817926.5,0
2018-04-06 00:00:00+00:00,1333,CORN,388.5,300000000.0,notional_at_entry,long,801068.0,long,498016858.5,0
2018-04-09 00:00:00+00:00,1334,CORN,390.75,300000000.0,notional_at_entry,long,801068.0,long,499819261.5,0
2018-04-10 00:00:00+00:00,1335,CORN,389.25,300000000.0,notional_at_entry,long,801068.0,long,498617659.5,0
2018-04-11 00:00:00+00:00,1336,CORN,387.0,300000000.0,notional_at_entry,long,801068.0,long,496815256.5,0
2018-04-12 00:00:00+00:00,1337,CORN,388.75,300000000.0,notional_at_entry,long,801068.0,long,498217125.5,0
2018-04-13 00:00:00+00:00,1338,CORN,386.25,300000000.0,notional_at_entry,long,801068.0,long,496214455.5,0
2018-04-16 00:00:00+00:00,1339,CORN,382.5,300000000.0,notional_at_entry,long,801068.0,long,493210450.5,0
2018-04-17 00:00:00+00:00,1340,CORN,380.25,300000000.0,notional_at_entry,long,801068.0,long,491408047.5,0
2018-04-18 00:00:00+00:00,1341,CORN,383.0,300000000.0,notional_at_entry,long,801068.0,long,493610984.5,0
2018-04-19 00:00:00+00:00,1342,CORN,382.0,300000000.0,notional_at_entry,long,801068.0,long,492809916.5,0
2018-04-20 00:00:00+00:00,1343,CORN,376.5,300000000.0,notional_at_entry,long,801068.0,long,488404042.5,0
2018-04-23 00:00:00+00:00,1344,CORN,378.5,300000000.0,notional_at_entry,long,801068.0,long,490006178.5,0
2018-04-24 00:00:00+00:00,1345,CORN,381.25,300000000.0,notional_at_entry,long,801068.0,long,492209115.5,0
2018-04-25 00:00:00+00:00,1346,CORN,386.5,300000000.0,notional_at_entry,long,801068.0,long,496414722.5,0
2018-04-26 00:00:00+00:00,1347,CORN,386.0,300000000.0,notional_at_entry,long,801068.0,long,496014188.5,0
2018-04-27 00:00:00+00:00,1348,CORN,389.5,300000000.0,notional_at_entry,long,801068.0,long,498817926.5,0
2018-04-30 00:00:00+00:00,1349,CORN,392.5,300000000.0,notional_at_entry,long,801068.0,long,501221130.5,0
2018-05-01 00:00:00+00:00,1350,CORN,396.75,300000000.0,notional_at_entry,long,801068.0,long,504625669.5,0
2018-05-02 00:00:00+00:00,1351,CORN,396.0,300000000.0,notional_at_entry,long,801068.0,long,504024868.5,0
2018-05-03 00:00:00+00:00,1352,CORN,399.5,300000000.0,notional_at_entry,long,801068.0,long,506828606.5,0
2018-05-04 00:00:00+00:00,1353,CORN,398.75,300000000.0,notional_at_entry,long,801068.0,long,506227805.5,0
2018-05-07 00:00:00+00:00,1354,CORN,393.25,300000000.0,notional_at_entry,long,801068.0,long,501821931.5,0
2018-05-08 00:00:00+00:00,1355,CORN,395.5,300000000.0,notional_at_entry,long,801068.0,long,503624334.5,0
2018-05-09 00:00:00+00:00,1356,CORN,394.75,300000000.0,notional_at_entry,long,801068.0,long,503023533.5,0
2018-05-10 00:00:00+00:00,1357,CORN,394.75,-300000000.0,notional_at_entry,short,-759974.0,short,503023533.5,1
2018-05-11 00:00:00+00:00,1358,CORN,389.75,-300000000.0,notional_at_entry,short,-759974.0,short,506823403.5,0
2018-05-14 00:00:00+00:00,1359,CORN,389.0,-300000000.0,notional_at_entry,short,-759974.0,short,507393384.0,0
2018-05-15 00:00:00+00:00,1360,CORN,402.25,-300000000.0,notional_at_entry,short,-759974.0,short,497323728.5,0
2018-05-16 00:00:00+00:00,1361,CORN,399.25,-300000000.0,notional_at_entry,short,-759974.0,short,499603650.5,0
2018-05-17 00:00:00+00:00,1362,CORN,395.25,-300000000.0,notional_at_entry,short,-759974.0,short,502643546.5,0
2018-05-18 00:00:00+00:00,1363,CORN,402.5,-300000000.0,notional_at_entry,short,-759974.0,short,497133735.0,0
2018-05-21 00:00:00+00:00,1364,CORN,402.75,-300000000.0,notional_at_entry,short,-759974.0,short,496943741.5,0
2018-05-22 00:00:00+00:00,1365,CORN,404.75,-300000000.0,notional_at_entry,short,-759974.0,short,495423793.5,0
2018-05-23 00:00:00+00:00,1366,CORN,408.5,-300000000.0,notional_at_entry,short,-759974.0,short,492573891.0,0
2018-05-24 00:00:00+00:00,1367,CORN,404.25,300000000.0,notional_at_entry,long,742115.0,long,495803780.5,1
2018-05-25 00:00:00+00:00,1368,CORN,406.0,300000000.0,notional_at_entry,long,742115.0,long,497102481.75,0
2018-05-28 00:00:00+00:00,1369,CORN,408.75,300000000.0,notional_at_entry,long,742115.0,long,499143298.0,0
2018-05-29 00:00:00+00:00,1370,CORN,400.0,300000000.0,notional_at_entry,long,742115.0,long,492649791.75,0
2018-05-30 00:00:00+00:00,1371,CORN,393.5,300000000.0,notional_at_entry,long,742115.0,long,487826044.25,0
2018-05-31 00:00:00+00:00,1372,CORN,394.0,300000000.0,notional_at_entry,long,742115.0,long,488197101.75,0
2018-06-01 00:00:00+00:00,1373,CORN,391.5,-450000000.0,notional_at_entry,short,-1149425.0,short,486341814.25,1
2018-06-04 00:00:00+00:00,1374,CORN,380.75,-450000000.0,notional_at_entry,short,-1149425.0,short,498698133.0,0
2018-06-05 00:00:00+00:00,1375,CORN,383.75,-450000000.0,notional_at_entry,short,-1149425.0,short,495249858.0,0
2018-06-06 00:00:00+00:00,1376,CORN,378.25,-450000000.0,notional_at_entry,short,-1149425.0,short,501571695.5,0
2018-06-07 00:00:00+00:00,1377,CORN,376.25,-450000000.0,notional_at_entry,short,-1149425.0,short,503870545.5,0
2018-06-08 00:00:00+00:00,1378,CORN,377.75,-450000000.0,notional_at_entry,short,-1149425.0,short,502146408.0,0
2018-06-11 00:00:00+00:00,1379,CORN,367.25,-450000000.0,notional_at_entry,short,-1149425.0,short,514215370.5,0
2018-06-12 00:00:00+00:00,1380,CORN,377.5,-450000000.0,notional_at_entry,short,-1149425.0,short,502433764.25,0
2018-06-13 00:00:00+00:00,1381,CORN,376.0,-450000000.0,notional_at_entry,short,-1149425.0,short,504157901.75,0
2018-06-14 00:00:00+00:00,1382,CORN,363.0,-450000000.0,notional_at_entry,short,-1149425.0,short,519100426.75,0
2018-06-15 00:00:00+00:00,1383,CORN,361.25,-450000000.0,notional_at_entry,short,-1149425.0,short,521111920.5,0
2018-06-18 00:00:00+00:00,1384,CORN,356.0,300000000.0,notional_at_entry,long,842696.0,long,527146401.75,1
2018-06-19 00:00:00+00:00,1385,CORN,353.75,300000000.0,notional_at_entry,long,842696.0,long,525250335.75,0
2018-06-20 00:00:00+00:00,1386,CORN,354.25,-300000000.0,notional_at_entry,short,-846859.0,short,525671683.75,1
2018-06-21 00:00:00+00:00,1387,CORN,357.0,-300000000.0,notional_at_entry,short,-846859.0,short,523342821.5,0
2018-06-22 00:00:00+00:00,1388,CORN,357.25,-300000000.0,notional_at_entry,short,-846859.0,short,523131106.75,0
2018-06-25 00:00:00+00:00,1389,CORN,350.5,-300000000.0,notional_at_entry,short,-846859.0,short,528847405.0,0
2018-06-26 00:00:00+00:00,1390,CORN,352.5,-300000000.0,notional_at_entry,short,-846859.0,short,527153687.0,0
2018-06-27 00:00:00+00:00,1391,CORN,352.5,-300000000.0,notional_at_entry,short,-846859.0,short,527153687.0,0
2018-06-28 00:00:00+00:00,1392,CORN,345.0,-300000000.0,notional_at_entry,short,-846859.0,short,533505129.5,0
2018-06-29 00:00:00+00:00,1393,CORN,350.25,-300000000.0,notional_at_entry,short,-846859.0,short,529059119.75,0
2018-07-02 00:00:00+00:00,1394,CORN,337.5,300000000.0,notional_at_entry,long,888888.0,long,539856572.0,1
2018-07-03 00:00:00+00:00,1395,CORN,342.75,300000000.0,notional_at_entry,long,888888.0,long,544523234.0,0
2018-07-05 00:00:00+00:00,1396,CORN,343.5,300000000.0,notional_at_entry,long,888888.0,long,545189900.0,0
2018-07-06 00:00:00+00:00,1397,CORN,351.75,300000000.0,notional_at_entry,long,888888.0,long,552523226.0,0
2018-07-09 00:00:00+00:00,1398,CORN,345.75,300000000.0,notional_at_entry,long,888888.0,long,547189898.0,0
2018-07-10 00:00:00+00:00,1399,CORN,339.75,300000000.0,notional_at_entry,long,888888.0,long,541856570.0,0
2018-07-11 00:00:00+00:00,1400,CORN,331.25,300000000.0,notional_at_entry,long,888888.0,long,534301022.0,0
2018-07-12 00:00:00+00:00,1401,CORN,336.5,-450000000.0,notional_at_entry,short,-1337295.0,short,538967684.0,1
2018-07-13 00:00:00+00:00,1402,CORN,330.25,-450000000.0,notional_at_entry,short,-1337295.0,short,547325777.75,0
2018-07-16 00:00:00+00:00,1403,CORN,341.75,-450000000.0,notional_at_entry,short,-1337295.0,short,531946885.25,0
2018-07-17 00:00:00+00:00,1404,CORN,346.25,-450000000.0,notional_at_entry,short,-1337295.0,short,525929057.75,0
2018-07-18 00:00:00+00:00,1405,CORN,347.25,-450000000.0,notional_at_entry,short,-1337295.0,short,524591762.75,0
2018-07-19 00:00:00+00:00,1406,CORN,351.25,-450000000.0,notional_at_entry,short,-1337295.0,short,519242582.75,0
2018-07-20 00:00:00+00:00,1407,CORN,355.25,-300000000.0,notional_at_entry,short,-1337295.0,short,513893402.75,0
2018-07-23 00:00:00+00:00,1408,CORN,357.25,-300000000.0,notional_at_entry,short,-1337295.0,short,511218812.75,0
2018-07-24 00:00:00+00:00,1409,CORN,352.0,-300000000.0,notional_at_entry,short,-1337295.0,short,518239611.5,0
2018-07-25 00:00:00+00:00,1410,CORN,359.25,300000000.0,notional_at_entry,long,835073.0,long,508544222.75,1
2018-07-26 00:00:00+00:00,1411,CORN,361.5,300000000.0,notional_at_entry,long,835073.0,long,510423137.0,0
2018-07-27 00:00:00+00:00,1412,CORN,362.0,300000000.0,notional_at_entry,long,835073.0,long,510840673.5,0
2018-07-30 00:00:00+00:00,1413,CORN,367.25,300000000.0,notional_at_entry,long,835073.0,long,515224806.75,0
2018-07-31 00:00:00+00:00,1414,CORN,372.25,300000000.0,notional_at_entry,long,835073.0,long,519400171.75,0
2018-08-01 00:00:00+00:00,1415,CORN,365.0,300000000.0,notional_at_entry,long,835073.0,long,513345892.5,0
2018-08-02 00:00:00+00:00,1416,CORN,366.75,300000000.0,notional_at_entry,long,835073.0,long,514807270.25,0
2018-08-03 00:00:00+00:00,1417,CORN,369.75,-300000000.0,notional_at_entry,short,-811359.0,short,517312489.25,1
2018-08-06 00:00:00+00:00,1418,CORN,371.0,-300000000.0,notional_at_entry,short,-811359.0,short,516298290.5,0
2018-08-07 00:00:00+00:00,1419,CORN,370.75,450000000.0,notional_at_entry,long,1213755.0,long,516501130.25,1
2018-08-08 00:00:00+00:00,1420,CORN,371.25,450000000.0,notional_at_entry,long,1213755.0,long,517108007.75,0
2018-08-09 00:00:00+00:00,1421,CORN,369.25,450000000.0,notional_at_entry,long,1213755.0,long,514680497.75,0
2018-08-10 00:00:00+00:00,1422,CORN,357.75,450000000.0,notional_at_entry,long,1213755.0,long,500722315.25,0
2018-08-13 00:00:00+00:00,1423,CORN,356.5,450000000.0,notional_at_entry,long,1213755.0,long,499205121.5,0
2018-08-14 00:00:00+00:00,1424,CORN,362.25,450000000.0,notional_at_entry,long,1213755.0,long,506184212.75,0
2018-08-15 00:00:00+00:00,1425,CORN,361.5,450000000.0,notional_at_entry,long,1213755.0,long,505273896.5,0
2018-08-16 00:00:00+00:00,1426,CORN,365.25,450000000.0,notional_at_entry,long,1213755.0,long,509825477.75,0
2018-08-17 00:00:00+00:00,1427,CORN,364.25,450000000.0,notional_at_entry,long,1213755.0,long,508611722.75,0
2018-08-20 00:00:00+00:00,1428,CORN,362.0,450000000.0,notional_at_entry,long,1213755.0,long,505880774.0,0
2018-08-21 00:00:00+00:00,1429,CORN,359.75,450000000.0,notional_at_entry,long,1213755.0,long,503149825.25,0
2018-08-22 00:00:00+00:00,1430,CORN,352.5,450000000.0,notional_at_entry,long,1213755.0,long,494350101.5,0
2018-08-23 00:00:00+00:00,1431,CORN,346.75,450000000.0,notional_at_entry,long,1213755.0,long,487371010.25,0
2018-08-24 00:00:00+00:00,1432,CORN,348.5,450000000.0,notional_at_entry,long,1213755.0,long,489495081.5,0
2018-08-27 00:00:00+00:00,1433,CORN,346.75,-300000000.0,notional_at_entry,short,-865176.0,short,487371010.25,1
2018-08-28 00:00:00+00:00,1434,CORN,341.0,-300000000.0,notional_at_entry,short,-865176.0,short,492345772.25,0
2018-08-29 00:00:00+00:00,1435,CORN,341.25,-300000000.0,notional_at_entry,short,-865176.0,short,492129478.25,0
2018-08-30 00:00:00+00:00,1436,CORN,341.0,-300000000.0,notional_at_entry,short,-865176.0,short,492345772.25,0
2018-08-31 00:00:00+00:00,1437,CORN,351.0,-300000000.0,notional_at_entry,short,-865176.0,short,483694012.25,0
2018-09-03 00:00:00+00:00,1438,CORN,365.75,-300000000.0,notional_at_entry,short,-865176.0,short,470932666.25,0
2018-09-04 00:00:00+00:00,1439,CORN,354.5,-300000000.0,notional_at_entry,short,-865176.0,short,480665896.25,0
2018-09-05 00:00:00+00:00,1440,CORN,351.75,-300000000.0,notional_at_entry,short,-865176.0,short,483045130.25,0
2018-09-06 00:00:00+00:00,1441,CORN,353.5,-300000000.0,notional_at_entry,short,-865176.0,short,481531072.25,0
2018-09-07 00:00:00+00:00,1442,CORN,354.25,-300000000.0,notional_at_entry,short,-865176.0,short,480882190.25,0
2018-09-10 00:00:00+00:00,1443,CORN,355.5,-300000000.0,notional_at_entry,short,-865176.0,short,479800720.25,0
2018-09-11 00:00:00+00:00,1444,CORN,355.25,-300000000.0,notional_at_entry,short,-865176.0,short,480017014.25,0
2018-09-12 00:00:00+00:00,1445,CORN,341.5,-300000000.0,notional_at_entry,short,-865176.0,short,491913184.25,0
2018-09-13 00:00:00+00:00,1446,CORN,336.25,300000000.0,notional_at_entry,long,892193.0,long,496455358.25,1
2018-09-14 00:00:00+00:00,1447,CORN,337.0,300000000.0,notional_at_entry,long,892193.0,long,497124503.0,0
2018-09-17 00:00:00+00:00,1448,CORN,348.0,300000000.0,notional_at_entry,long,892193.0,long,506938626.0,0
2018-09-18 00:00:00+00:00,1449,CORN,343.25,450000000.0,notional_at_entry,long,892193.0,long,502700709.25,0
2018-09-19 00:00:00+00:00,1450,CORN,345.75,450000000.0,notional_at_entry,long,892193.0,long,504931191.75,0
2018-09-20 00:00:00+00:00,1451,CORN,352.5,450000000.0,notional_at_entry,long,892193.0,long,510953494.5,0
2018-09-21 00:00:00+00:00,1452,CORN,357.25,450000000.0,notional_at_entry,long,892193.0,long,515191411.25,0
2018-09-24 00:00:00+00:00,1453,CORN,360.5,450000000.0,notional_at_entry,long,892193.0,long,518091038.5,0
2018-09-25 00:00:00+00:00,1454,CORN,363.75,450000000.0,notional_at_entry,long,892193.0,long,520990665.75,0
2018-09-26 00:00:00+00:00,1455,CORN,363.0,450000000.0,notional_at_entry,long,892193.0,long,520321521.0,0
2018-09-27 00:00:00+00:00,1456,CORN,364.75,450000000.0,notional_at_entry,long,892193.0,long,521882858.75,0
2018-09-28 00:00:00+00:00,1457,CORN,356.25,450000000.0,notional_at_entry,long,892193.0,long,514299218.25,0
2018-10-01 00:00:00+00:00,1458,CORN,365.75,450000000.0,notional_at_entry,long,892193.0,long,522775051.75,0
2018-10-02 00:00:00+00:00,1459,CORN,367.5,450000000.0,notional_at_entry,long,892193.0,long,524336389.5,0
2018-10-03 00:00:00+00:00,1460,CORN,364.75,450000000.0,notional_at_entry,long,892193.0,long,521882858.75,0
2018-10-04 00:00:00+00:00,1461,CORN,367.5,450000000.0,notional_at_entry,long,892193.0,long,524336389.5,0
2018-10-05 00:00:00+00:00,1462,CORN,368.25,450000000.0,notional_at_entry,long,892193.0,long,525005534.25,0
2018-10-08 00:00:00+00:00,1463,CORN,366.5,-300000000.0,notional_at_entry,short,-818553.0,short,523444196.5,1
2018-10-09 00:00:00+00:00,1464,CORN,364.5,-300000000.0,notional_at_entry,short,-818553.0,short,525081302.5,0
2018-10-10 00:00:00+00:00,1465,CORN,362.75,-300000000.0,notional_at_entry,short,-818553.0,short,526513770.25,0
2018-10-11 00:00:00+00:00,1466,CORN,369.25,-300000000.0,notional_at_entry,short,-818553.0,short,521193175.75,0
2018-10-12 00:00:00+00:00,1467,CORN,373.75,-300000000.0,notional_at_entry,short,-818553.0,short,517509687.25,0
2018-10-15 00:00:00+00:00,1468,CORN,378.25,-300000000.0,notional_at_entry,short,-818553.0,short,513826198.75,0
2018-10-16 00:00:00+00:00,1469,CORN,375.25,-300000000.0,notional_at_entry,short,-818553.0,short,516281857.75,0
2018-10-17 00:00:00+00:00,1470,CORN,374.25,-300000000.0,notional_at_entry,short,-818553.0,short,517100410.75,0
2018-10-18 00:00:00+00:00,1471,CORN,370.75,-300000000.0,notional_at_entry,short,-818553.0,short,519965346.25,0
2018-10-19 00:00:00+00:00,1472,CORN,367.0,-300000000.0,notional_at_entry,short,-818553.0,short,523034920.0,0
2018-10-22 00:00:00+00:00,1473,CORN,369.5,-300000000.0,notional_at_entry,short,-818553.0,short,520988537.5,0
2018-10-23 00:00:00+00:00,1474,CORN,370.25,-300000000.0,notional_at_entry,short,-818553.0,short,520374622.75,0
2018-10-24 00:00:00+00:00,1475,CORN,368.25,-300000000.0,notional_at_entry,short,-818553.0,short,522011728.75,0
2018-10-25 00:00:00+00:00,1476,CORN,361.0,-300000000.0,notional_at_entry,short,-818553.0,short,527946238.0,0
2018-10-26 00:00:00+00:00,1477,CORN,367.75,-300000000.0,notional_at_entry,short,-818553.0,short,522421005.25,0
2018-10-29 00:00:00+00:00,1478,CORN,366.75,300000000.0,notional_at_entry,long,817995.0,long,523239558.25,1
2018-10-30 00:00:00+00:00,1479,CORN,364.75,300000000.0,notional_at_entry,long,817995.0,long,521603568.25,0
2018-10-31 00:00:00+00:00,1480,CORN,363.25,300000000.0,notional_at_entry,long,817995.0,long,520376575.75,0
2018-11-01 00:00:00+00:00,1481,CORN,366.75,300000000.0,notional_at_entry,long,817995.0,long,523239558.25,0
2018-11-02 00:00:00+00:00,1482,CORN,371.25,300000000.0,notional_at_entry,long,817995.0,long,526920535.75,0
2018-11-05 00:00:00+00:00,1483,CORN,374.0,300000000.0,notional_at_entry,long,817995.0,long,529170022.0,0
2018-11-06 00:00:00+00:00,1484,CORN,373.25,300000000.0,notional_at_entry,long,817995.0,long,528556525.75,0
2018-11-07 00:00:00+00:00,1485,CORN,372.25,300000000.0,notional_at_entry,long,817995.0,long,527738530.75,0
2018-11-08 00:00:00+00:00,1486,CORN,373.5,300000000.0,notional_at_entry,long,817995.0,long,528761024.5,0
2018-11-09 00:00:00+00:00,1487,CORN,369.75,300000000.0,notional_at_entry,long,817995.0,long,525693543.25,0
2018-11-12 00:00:00+00:00,1488,CORN,371.25,300000000.0,notional_at_entry,long,817995.0,long,526920535.75,0
2018-11-13 00:00:00+00:00,1489,CORN,366.5,300000000.0,notional_at_entry,long,817995.0,long,523035059.5,0
2018-11-14 00:00:00+00:00,1490,CORN,367.0,-300000000.0,notional_at_entry,short,-817438.0,short,523444057.0,1
2018-11-15 00:00:00+00:00,1491,CORN,367.5,-300000000.0,notional_at_entry,short,-817438.0,short,523035338.0,0
2018-11-16 00:00:00+00:00,1492,CORN,364.75,-300000000.0,notional_at_entry,short,-817438.0,short,525283292.5,0
2018-11-19 00:00:00+00:00,1493,CORN,362.25,-300000000.0,notional_at_entry,short,-817438.0,short,527326887.5,0
2018-11-20 00:00:00+00:00,1494,CORN,361.25,-300000000.0,notional_at_entry,short,-817438.0,short,528144325.5,0
2018-11-21 00:00:00+00:00,1495,CORN,361.75,-300000000.0,notional_at_entry,short,-817438.0,short,527735606.5,0
2018-11-22 00:00:00+00:00,1496,CORN,361.25,-300000000.0,notional_at_entry,short,-817438.0,short,528144325.5,0
2018-11-23 00:00:00+00:00,1497,CORN,359.0,-300000000.0,notional_at_entry,short,-817438.0,short,529983561.0,0
2018-11-26 00:00:00+00:00,1498,CORN,356.0,-300000000.0,notional_at_entry,short,-817438.0,short,532435875.0,0
2018-11-27 00:00:00+00:00,1499,CORN,356.5,-300000000.0,notional_at_entry,short,-817438.0,short,532027156.0,0
2018-11-28 00:00:00+00:00,1500,CORN,360.5,-300000000.0,notional_at_entry,short,-817438.0,short,528757404.0,0
2018-11-29 00:00:00+00:00,1501,CORN,360.25,-300000000.0,notional_at_entry,short,-817438.0,short,528961763.5,0
2018-11-30 00:00:00+00:00,1502,CORN,366.5,-300000000.0,notional_at_entry,short,-817438.0,short,523852776.0,0
2018-12-03 00:00:00+00:00,1503,CORN,371.25,-300000000.0,notional_at_entry,short,-817438.0,short,519969945.5,0
2018-12-04 00:00:00+00:00,1504,CORN,374.25,-300000000.0,notional_at_entry,short,-817438.0,short,517517631.5,0
2018-12-05 00:00:00+00:00,1505,CORN,374.25,-300000000.0,notional_at_entry,short,-817438.0,short,517517631.5,0
2018-12-06 00:00:00+00:00,1506,CORN,372.0,-300000000.0,notional_at_entry,short,-817438.0,short,519356867.0,0
2018-12-07 00:00:00+00:00,1507,CORN,374.0,-300000000.0,notional_at_entry,short,-817438.0,short,517721991.0,0
2018-12-10 00:00:00+00:00,1508,CORN,374.25,-300000000.0,notional_at_entry,short,-817438.0,short,517517631.5,0
2018-12-11 00:00:00+00:00,1509,CORN,375.0,-300000000.0,notional_at_entry,short,-817438.0,short,516904553.0,0
2018-12-12 00:00:00+00:00,1510,CORN,376.25,-300000000.0,notional_at_entry,short,-817438.0,short,515882755.5,0
2018-12-13 00:00:00+00:00,1511,CORN,375.5,-300000000.0,notional_at_entry,short,-817438.0,short,516495834.0,0
2018-12-14 00:00:00+00:00,1512,CORN,376.75,-300000000.0,notional_at_entry,short,-817438.0,short,515474036.5,0
2018-12-17 00:00:00+00:00,1513,CORN,384.0,-300000000.0,notional_at_entry,short,-817438.0,short,509547611.0,0
2018-12-18 00:00:00+00:00,1514,CORN,385.5,-300000000.0,notional_at_entry,short,-817438.0,short,508321454.0,0
2018-12-19 00:00:00+00:00,1515,CORN,381.75,-300000000.0,notional_at_entry,short,-817438.0,short,511386846.5,0
2018-12-20 00:00:00+00:00,1516,CORN,375.25,-300000000.0,notional_at_entry,short,-817438.0,short,516700193.5,0
2018-12-21 00:00:00+00:00,1517,CORN,378.5,-300000000.0,notional_at_entry,short,-817438.0,short,514043520.0,0
2018-12-24 00:00:00+00:00,1518,CORN,377.75,-300000000.0,notional_at_entry,short,-817438.0,short,514656598.5,0
2018-12-26 00:00:00+00:00,1519,CORN,373.25,-300000000.0,notional_at_entry,short,-817438.0,short,518335069.5,0
2018-12-27 00:00:00+00:00,1520,CORN,374.5,-300000000.0,notional_at_entry,short,-817438.0,short,517313272.0,0
2018-12-28 00:00:00+00:00,1521,CORN,375.5,-300000000.0,notional_at_entry,short,-817438.0,short,516495834.0,0
2018-12-31 00:00:00+00:00,1522,CORN,375.0,-300000000.0,notional_at_entry,short,-817438.0,short,516904553.0,0
2019-01-02 00:00:00+00:00,1523,CORN,375.75,-300000000.0,notional_at_entry,short,-817438.0,short,516291474.5,0
2019-01-03 00:00:00+00:00,1524,CORN,379.75,-300000000.0,notional_at_entry,short,-817438.0,short,513021722.5,0
2019-01-04 00:00:00+00:00,1525,CORN,383.0,-300000000.0,notional_at_entry,short,-817438.0,short,510365049.0,0
2019-01-07 00:00:00+00:00,1526,CORN,382.25,-300000000.0,notional_at_entry,short,-817438.0,short,510978127.5,0
2019-01-08 00:00:00+00:00,1527,CORN,380.0,-300000000.0,notional_at_entry,short,-817438.0,short,512817363.0,0
2019-01-09 00:00:00+00:00,1528,CORN,382.0,-300000000.0,notional_at_entry,short,-817438.0,short,511182487.0,0
2019-01-10 00:00:00+00:00,1529,CORN,376.25,-300000000.0,notional_at_entry,short,-817438.0,short,515882755.5,0
2019-01-11 00:00:00+00:00,1530,CORN,378.25,-300000000.0,notional_at_entry,short,-817438.0,short,514247879.5,0
2019-01-14 00:00:00+00:00,1531,CORN,378.5,-300000000.0,notional_at_entry,short,-817438.0,short,514043520.0,0
2019-01-15 00:00:00+00:00,1532,CORN,371.25,-300000000.0,notional_at_entry,short,-817438.0,short,519969945.5,0
2019-01-16 00:00:00+00:00,1533,CORN,374.0,-300000000.0,notional_at_entry,short,-817438.0,short,517721991.0,0
2019-01-17 00:00:00+00:00,1534,CORN,380.0,-300000000.0,notional_at_entry,short,-817438.0,short,512817363.0,0
2019-01-18 00:00:00+00:00,1535,CORN,381.75,-300000000.0,notional_at_entry,short,-817438.0,short,511386846.5,0
2019-01-22 00:00:00+00:00,1536,CORN,379.0,-300000000.0,notional_at_entry,short,-817438.0,short,513634801.0,0
2019-01-23 00:00:00+00:00,1537,CORN,378.75,-300000000.0,notional_at_entry,short,-817438.0,short,513839160.5,0
2019-01-24 00:00:00+00:00,1538,CORN,377.0,-300000000.0,notional_at_entry,short,-817438.0,short,515269677.0,0
2019-01-25 00:00:00+00:00,1539,CORN,380.25,-300000000.0,notional_at_entry,short,-817438.0,short,512613003.5,0
2019-01-28 00:00:00+00:00,1540,CORN,379.75,-300000000.0,notional_at_entry,short,-817438.0,short,513021722.5,0
2019-01-29 00:00:00+00:00,1541,CORN,377.25,-300000000.0,notional_at_entry,short,-817438.0,short,515065317.5,0
2019-01-30 00:00:00+00:00,1542,CORN,381.25,-300000000.0,notional_at_entry,short,-817438.0,short,511795565.5,0
2019-01-31 00:00:00+00:00,1543,CORN,376.5,-300000000.0,notional_at_entry,short,-817438.0,short,515678396.0,0
2019-02-01 00:00:00+00:00,1544,CORN,378.25,-300000000.0,notional_at_entry,short,-817438.0,short,514247879.5,0
2019-02-04 00:00:00+00:00,1545,CORN,379.25,-300000000.0,notional_at_entry,short,-817438.0,short,513430441.5,0
2019-02-05 00:00:00+00:00,1546,CORN,380.75,-300000000.0,notional_at_entry,short,-817438.0,short,512204284.5,0
2019-02-06 00:00:00+00:00,1547,CORN,380.0,-300000000.0,notional_at_entry,short,-817438.0,short,512817363.0,0
2019-02-07 00:00:00+00:00,1548,CORN,376.5,-300000000.0,notional_at_entry,short,-817438.0,short,515678396.0,0
2019-02-08 00:00:00+00:00,1549,CORN,374.25,-300000000.0,notional_at_entry,short,-817438.0,short,517517631.5,0
2019-02-11 00:00:00+00:00,1550,CORN,372.75,-300000000.0,notional_at_entry,short,-817438.0,short,518743788.5,0
2019-02-12 00:00:00+00:00,1551,CORN,378.25,-300000000.0,notional_at_entry,short,-817438.0,short,514247879.5,0
2019-02-13 00:00:00+00:00,1552,CORN,378.75,-300000000.0,notional_at_entry,short,-817438.0,short,513839160.5,0
2019-02-14 00:00:00+00:00,1553,CORN,374.75,-300000000.0,notional_at_entry,short,-817438.0,short,517108912.5,0
2019-02-15 00:00:00+00:00,1554,CORN,374.75,450000000.0,notional_at_entry,long,1200800.0,long,517108912.5,1
2019-02-17 00:00:00+00:00,1555,CORN,374.75,450000000.0,notional_at_entry,long,1200800.0,long,517108912.5,0
2019-02-18 00:00:00+00:00,1556,CORN,375.0,450000000.0,notional_at_entry,long,1200800.0,long,517409112.5,0
2019-02-19 00:00:00+00:00,1557,CORN,369.75,450000000.0,notional_at_entry,long,1200800.0,long,511104912.5,0
2019-02-20 00:00:00+00:00,1558,CORN,370.75,450000000.0,notional_at_entry,long,1200800.0,long,512305712.5,0
2019-02-21 00:00:00+00:00,1559,CORN,375.5,450000000.0,notional_at_entry,long,1200800.0,long,518009512.5,0
2019-02-22 00:00:00+00:00,1560,CORN,375.25,450000000.0,notional_at_entry,long,1200800.0,long,517709312.5,0
2019-02-25 00:00:00+00:00,1561,CORN,370.5,450000000.0,notional_at_entry,long,1200800.0,long,512005512.5,0
2019-02-26 00:00:00+00:00,1562,CORN,366.25,450000000.0,notional_at_entry,long,1200800.0,long,506902112.5,0
2019-02-27 00:00:00+00:00,1563,CORN,363.75,450000000.0,notional_at_entry,long,1200800.0,long,503900112.5,0
2019-02-28 00:00:00+00:00,1564,CORN,362.0,450000000.0,notional_at_entry,long,1200800.0,long,501798712.5,0
2019-03-01 00:00:00+00:00,1565,CORN,364.0,-300000000.0,notional_at_entry,short,-824175.0,short,504200312.5,1
2019-03-04 00:00:00+00:00,1566,CORN,365.0,-300000000.0,notional_at_entry,short,-824175.0,short,503376137.5,0
2019-03-05 00:00:00+00:00,1567,CORN,366.0,-300000000.0,notional_at_entry,short,-824175.0,short,502551962.5,0
2019-03-06 00:00:00+00:00,1568,CORN,362.5,-300000000.0,notional_at_entry,short,-824175.0,short,505436575.0,0
2019-03-07 00:00:00+00:00,1569,CORN,356.0,-300000000.0,notional_at_entry,short,-824175.0,short,510793712.5,0
2019-03-08 00:00:00+00:00,1570,CORN,354.75,-300000000.0,notional_at_entry,short,-824175.0,short,511823931.25,0
2019-03-11 00:00:00+00:00,1571,CORN,352.5,-300000000.0,notional_at_entry,short,-824175.0,short,513678325.0,0
2019-03-12 00:00:00+00:00,1572,CORN,356.5,-300000000.0,notional_at_entry,short,-824175.0,short,510381625.0,0
2019-03-13 00:00:00+00:00,1573,CORN,357.25,-300000000.0,notional_at_entry,short,-824175.0,short,509763493.75,0
2019-03-14 00:00:00+00:00,1574,CORN,361.5,-300000000.0,notional_at_entry,short,-824175.0,short,506260750.0,0
2019-03-15 00:00:00+00:00,1575,CORN,373.25,-300000000.0,notional_at_entry,short,-824175.0,short,496576693.75,0
2019-03-18 00:00:00+00:00,1576,CORN,371.5,-300000000.0,notional_at_entry,short,-824175.0,short,498019000.0,0
2019-03-19 00:00:00+00:00,1577,CORN,371.25,-300000000.0,notional_at_entry,short,-824175.0,short,498225043.75,0
2019-03-20 00:00:00+00:00,1578,CORN,371.5,-300000000.0,notional_at_entry,short,-824175.0,short,498019000.0,0
2019-03-21 00:00:00+00:00,1579,CORN,376.25,-300000000.0,notional_at_entry,short,-824175.0,short,494104168.75,0
2019-03-22 00:00:00+00:00,1580,CORN,378.25,-300000000.0,notional_at_entry,short,-824175.0,short,492455818.75,0
2019-03-25 00:00:00+00:00,1581,CORN,379.75,450000000.0,notional_at_entry,long,1184990.0,long,491219556.25,1
2019-03-26 00:00:00+00:00,1582,CORN,377.25,450000000.0,notional_at_entry,long,1184990.0,long,488257081.25,0
2019-03-27 00:00:00+00:00,1583,CORN,373.75,450000000.0,notional_at_entry,long,1184990.0,long,484109616.25,0
2019-03-28 00:00:00+00:00,1584,CORN,374.0,450000000.0,notional_at_entry,long,1184990.0,long,484405863.75,0
2019-03-29 00:00:00+00:00,1585,CORN,356.5,450000000.0,notional_at_entry,long,1184990.0,long,463668538.75,0
2019-04-01 00:00:00+00:00,1586,CORN,361.75,450000000.0,notional_at_entry,long,1184990.0,long,469889736.25,0
2019-04-02 00:00:00+00:00,1587,CORN,361.5,450000000.0,notional_at_entry,long,1184990.0,long,469593488.75,0
2019-04-03 00:00:00+00:00,1588,CORN,362.75,450000000.0,notional_at_entry,long,1184990.0,long,471074726.25,0
2019-04-04 00:00:00+00:00,1589,CORN,365.25,450000000.0,notional_at_entry,long,1184990.0,long,474037201.25,0
2019-04-05 00:00:00+00:00,1590,CORN,362.5,450000000.0,notional_at_entry,long,1184990.0,long,470778478.75,0
2019-04-08 00:00:00+00:00,1591,CORN,360.0,-300000000.0,notional_at_entry,short,-833333.0,short,467816003.75,1
2019-04-09 00:00:00+00:00,1592,CORN,360.0,-300000000.0,notional_at_entry,short,-833333.0,short,467816003.75,0
2019-04-10 00:00:00+00:00,1593,CORN,361.75,-300000000.0,notional_at_entry,short,-833333.0,short,466357671.0,0
2019-04-11 00:00:00+00:00,1594,CORN,360.0,-300000000.0,notional_at_entry,short,-833333.0,short,467816003.75,0
2019-04-12 00:00:00+00:00,1595,CORN,361.0,-300000000.0,notional_at_entry,short,-833333.0,short,466982670.75,0
2019-04-15 00:00:00+00:00,1596,CORN,362.75,-300000000.0,notional_at_entry,short,-833333.0,short,465524338.0,0
2019-04-16 00:00:00+00:00,1597,CORN,359.0,-300000000.0,notional_at_entry,short,-833333.0,short,468649336.75,0
2019-04-17 00:00:00+00:00,1598,CORN,358.25,-300000000.0,notional_at_entry,short,-833333.0,short,469274336.5,0
2019-04-18 00:00:00+00:00,1599,CORN,358.5,-300000000.0,notional_at_entry,short,-833333.0,short,469066003.25,0
2019-04-19 00:00:00+00:00,1600,CORN,358.5,-300000000.0,notional_at_entry,short,-833333.0,short,469066003.25,0
2019-04-22 00:00:00+00:00,1601,CORN,354.75,-300000000.0,notional_at_entry,short,-833333.0,short,472191002.0,0
2019-04-23 00:00:00+00:00,1602,CORN,351.25,-300000000.0,notional_at_entry,short,-833333.0,short,475107667.5,0
2019-04-24 00:00:00+00:00,1603,CORN,346.75,-300000000.0,notional_at_entry,short,-833333.0,short,478857666.0,0
2019-04-25 00:00:00+00:00,1604,CORN,347.5,-300000000.0,notional_at_entry,short,-833333.0,short,478232666.25,0
2019-04-26 00:00:00+00:00,1605,CORN,351.25,-300000000.0,notional_at_entry,short,-833333.0,short,475107667.5,0
2019-04-29 00:00:00+00:00,1606,CORN,352.0,-300000000.0,notional_at_entry,short,-833333.0,short,474482667.75,0
2019-04-30 00:00:00+00:00,1607,CORN,353.25,-300000000.0,notional_at_entry,short,-833333.0,short,473441001.5,0
2019-05-01 00:00:00+00:00,1608,CORN,360.0,-300000000.0,notional_at_entry,short,-833333.0,short,467816003.75,0
2019-05-02 00:00:00+00:00,1609,CORN,362.0,-300000000.0,notional_at_entry,short,-833333.0,short,466149337.75,0
2019-05-03 00:00:00+00:00,1610,CORN,363.0,450000000.0,notional_at_entry,long,1239669.0,long,465316004.75,1
2019-05-06 00:00:00+00:00,1611,CORN,355.75,450000000.0,notional_at_entry,long,1239669.0,long,456328404.5,0
2019-05-07 00:00:00+00:00,1612,CORN,358.0,450000000.0,notional_at_entry,long,1239669.0,long,459117659.75,0
2019-05-08 00:00:00+00:00,1613,CORN,355.25,450000000.0,notional_at_entry,long,1239669.0,long,455708570.0,0
2019-05-09 00:00:00+00:00,1614,CORN,344.5,450000000.0,notional_at_entry,long,1239669.0,long,442382128.25,0
2019-05-10 00:00:00+00:00,1615,CORN,342.5,450000000.0,notional_at_entry,long,1239669.0,long,439902790.25,0
2019-05-13 00:00:00+00:00,1616,CORN,347.5,450000000.0,notional_at_entry,long,1239669.0,long,446101135.25,0
2019-05-14 00:00:00+00:00,1617,CORN,360.5,450000000.0,notional_at_entry,long,1239669.0,long,462216832.25,0
2019-05-15 00:00:00+00:00,1618,CORN,369.5,450000000.0,notional_at_entry,long,1239669.0,long,473373853.25,0
2019-05-16 00:00:00+00:00,1619,CORN,379.0,450000000.0,notional_at_entry,long,1239669.0,long,485150708.75,0
2019-05-17 00:00:00+00:00,1620,CORN,383.25,450000000.0,notional_at_entry,long,1239669.0,long,490419302.0,0
2019-05-20 00:00:00+00:00,1621,CORN,389.0,450000000.0,notional_at_entry,long,1239669.0,long,497547398.75,0
2019-05-21 00:00:00+00:00,1622,CORN,394.25,-300000000.0,notional_at_entry,short,-760938.0,short,504055661.0,1
2019-05-22 00:00:00+00:00,1623,CORN,394.5,-300000000.0,notional_at_entry,short,-760938.0,short,503865426.5,0
2019-05-23 00:00:00+00:00,1624,CORN,389.75,300000000.0,notional_at_entry,long,769724.0,long,507479882.0,1
2019-05-24 00:00:00+00:00,1625,CORN,404.25,300000000.0,notional_at_entry,long,769724.0,long,518640880.0,0
2019-05-28 00:00:00+00:00,1626,CORN,420.25,300000000.0,notional_at_entry,long,769724.0,long,530956464.0,0
2019-05-29 00:00:00+00:00,1627,CORN,418.75,300000000.0,notional_at_entry,long,769724.0,long,529801878.0,0
2019-05-30 00:00:00+00:00,1628,CORN,436.25,300000000.0,notional_at_entry,long,769724.0,long,543272048.0,0
2019-05-31 00:00:00+00:00,1629,CORN,427.0,300000000.0,notional_at_entry,long,769724.0,long,536152101.0,0
2019-06-03 00:00:00+00:00,1630,CORN,424.25,300000000.0,notional_at_entry,long,769724.0,long,534035360.0,0
2019-06-04 00:00:00+00:00,1631,CORN,425.25,300000000.0,notional_at_entry,long,769724.0,long,534805084.0,0
2019-06-05 00:00:00+00:00,1632,CORN,414.75,300000000.0,notional_at_entry,long,769724.0,long,526722982.0,0
2019-06-06 00:00:00+00:00,1633,CORN,420.5,300000000.0,notional_at_entry,long,769724.0,long,531148895.0,0
2019-06-07 00:00:00+00:00,1634,CORN,415.75,300000000.0,notional_at_entry,long,769724.0,long,527492706.0,0
2019-06-10 00:00:00+00:00,1635,CORN,415.75,300000000.0,notional_at_entry,long,769724.0,long,527492706.0,0
2019-06-11 00:00:00+00:00,1636,CORN,427.75,300000000.0,notional_at_entry,long,769724.0,long,536729394.0,0
2019-06-12 00:00:00+00:00,1637,CORN,430.0,300000000.0,notional_at_entry,long,769724.0,long,538461273.0,0
2019-06-13 00:00:00+00:00,1638,CORN,442.0,300000000.0,notional_at_entry,long,769724.0,long,547697961.0,0
2019-06-14 00:00:00+00:00,1639,CORN,453.0,300000000.0,notional_at_entry,long,769724.0,long,556164925.0,0
2019-06-17 00:00:00+00:00,1640,CORN,454.75,300000000.0,notional_at_entry,long,769724.0,long,557511942.0,0
2019-06-18 00:00:00+00:00,1641,CORN,449.75,300000000.0,notional_at_entry,long,769724.0,long,553663322.0,0
2019-06-19 00:00:00+00:00,1642,CORN,441.0,300000000.0,notional_at_entry,long,769724.0,long,546928237.0,0
2019-06-20 00:00:00+00:00,1643,CORN,450.0,300000000.0,notional_at_entry,long,769724.0,long,553855753.0,0
2019-06-21 00:00:00+00:00,1644,CORN,442.25,300000000.0,notional_at_entry,long,769724.0,long,547890392.0,0
2019-06-24 00:00:00+00:00,1645,CORN,446.75,300000000.0,notional_at_entry,long,769724.0,long,551354150.0,0
2019-06-25 00:00:00+00:00,1646,CORN,447.5,300000000.0,notional_at_entry,long,769724.0,long,551931443.0,0
2019-06-26 00:00:00+00:00,1647,CORN,443.25,300000000.0,notional_at_entry,long,769724.0,long,548660116.0,0
2019-06-27 00:00:00+00:00,1648,CORN,440.0,300000000.0,notional_at_entry,long,769724.0,long,546158513.0,0
2019-06-28 00:00:00+00:00,1649,CORN,420.25,300000000.0,notional_at_entry,long,769724.0,long,530956464.0,0
2019-07-01 00:00:00+00:00,1650,CORN,412.0,300000000.0,notional_at_entry,long,769724.0,long,524606241.0,0
2019-07-02 00:00:00+00:00,1651,CORN,413.5,300000000.0,notional_at_entry,long,769724.0,long,525760827.0,0
2019-07-03 00:00:00+00:00,1652,CORN,433.0,-450000000.0,notional_at_entry,short,-1039260.0,short,540770445.0,1
2019-07-05 00:00:00+00:00,1653,CORN,434.0,-450000000.0,notional_at_entry,short,-1039260.0,short,539731185.0,0
2019-07-08 00:00:00+00:00,1654,CORN,438.5,-450000000.0,notional_at_entry,short,-1039260.0,short,535054515.0,0
2019-07-09 00:00:00+00:00,1655,CORN,431.75,-450000000.0,notional_at_entry,short,-1039260.0,short,542069520.0,0
2019-07-10 00:00:00+00:00,1656,CORN,434.25,-450000000.0,notional_at_entry,short,-1039260.0,short,539471370.0,0
2019-07-11 00:00:00+00:00,1657,CORN,447.75,-450000000.0,notional_at_entry,short,-1039260.0,short,525441360.0,0
2019-07-12 00:00:00+00:00,1658,CORN,449.5,-450000000.0,notional_at_entry,short,-1039260.0,short,523622655.0,0
2019-07-15 00:00:00+00:00,1659,CORN,441.0,-450000000.0,notional_at_entry,short,-1039260.0,short,532456365.0,0
2019-07-16 00:00:00+00:00,1660,CORN,435.25,-450000000.0,notional_at_entry,short,-1039260.0,short,538432110.0,0
2019-07-17 00:00:00+00:00,1661,CORN,436.0,-450000000.0,notional_at_entry,short,-1039260.0,short,537652665.0,0
2019-07-18 00:00:00+00:00,1662,CORN,424.5,-450000000.0,notional_at_entry,short,-1039260.0,short,549604155.0,0
2019-07-19 00:00:00+00:00,1663,CORN,430.75,-450000000.0,notional_at_entry,short,-1039260.0,short,543108780.0,0
2019-07-22 00:00:00+00:00,1664,CORN,422.25,-450000000.0,notional_at_entry,short,-1039260.0,short,551942490.0,0
2019-07-23 00:00:00+00:00,1665,CORN,425.5,-450000000.0,notional_at_entry,short,-1039260.0,short,548564895.0,0
2019-07-24 00:00:00+00:00,1666,CORN,424.0,-450000000.0,notional_at_entry,short,-1039260.0,short,550123785.0,0
2019-07-25 00:00:00+00:00,1667,CORN,418.5,300000000.0,notional_at_entry,long,716845.0,long,555839715.0,1
2019-07-26 00:00:00+00:00,1668,CORN,414.5,300000000.0,notional_at_entry,long,716845.0,long,552972335.0,0
2019-07-29 00:00:00+00:00,1669,CORN,417.0,300000000.0,notional_at_entry,long,716845.0,long,554764447.5,0
2019-07-30 00:00:00+00:00,1670,CORN,411.25,300000000.0,notional_at_entry,long,716845.0,long,550642588.75,0
2019-07-31 00:00:00+00:00,1671,CORN,400.25,300000000.0,notional_at_entry,long,716845.0,long,542757293.75,0
2019-08-01 00:00:00+00:00,1672,CORN,392.75,300000000.0,notional_at_entry,long,716845.0,long,537380956.25,0
2019-08-02 00:00:00+00:00,1673,CORN,399.5,300000000.0,notional_at_entry,long,716845.0,long,542219660.0,0
2019-08-05 00:00:00+00:00,1674,CORN,405.25,300000000.0,notional_at_entry,long,716845.0,long,546341518.75,0
2019-08-06 00:00:00+00:00,1675,CORN,404.0,300000000.0,notional_at_entry,long,716845.0,long,545445462.5,0
2019-08-07 00:00:00+00:00,1676,CORN,406.5,-300000000.0,notional_at_entry,short,-738007.0,short,547237575.0,1
2019-08-08 00:00:00+00:00,1677,CORN,411.0,-300000000.0,notional_at_entry,short,-738007.0,short,543916543.5,0
2019-08-09 00:00:00+00:00,1678,CORN,410.25,-300000000.0,notional_at_entry,short,-738007.0,short,544470048.75,0
2019-08-12 00:00:00+00:00,1679,CORN,385.25,-300000000.0,notional_at_entry,short,-738007.0,short,562920223.75,0
2019-08-13 00:00:00+00:00,1680,CORN,366.0,-300000000.0,notional_at_entry,short,-738007.0,short,577126858.5,0
2019-08-14 00:00:00+00:00,1681,CORN,359.0,-300000000.0,notional_at_entry,short,-738007.0,short,582292907.5,0
2019-08-15 00:00:00+00:00,1682,CORN,360.75,-300000000.0,notional_at_entry,short,-738007.0,short,581001395.25,0
2019-08-16 00:00:00+00:00,1683,CORN,371.0,-300000000.0,notional_at_entry,short,-738007.0,short,573436823.5,0
2019-08-19 00:00:00+00:00,1684,CORN,365.0,-300000000.0,notional_at_entry,short,-738007.0,short,577864865.5,0
2019-08-20 00:00:00+00:00,1685,CORN,359.5,-300000000.0,notional_at_entry,short,-738007.0,short,581923904.0,0
2019-08-21 00:00:00+00:00,1686,CORN,362.5,-300000000.0,notional_at_entry,short,-738007.0,short,579709883.0,0
2019-08-22 00:00:00+00:00,1687,CORN,363.25,-300000000.0,notional_at_entry,short,-738007.0,short,579156377.75,0
2019-08-23 00:00:00+00:00,1688,CORN,359.75,-300000000.0,notional_at_entry,short,-738007.0,short,581739402.25,0
2019-08-26 00:00:00+00:00,1689,CORN,358.5,-300000000.0,notional_at_entry,short,-738007.0,short,582661911.0,0
2019-08-27 00:00:00+00:00,1690,CORN,357.0,-300000000.0,notional_at_entry,short,-738007.0,short,583768921.5,0
2019-08-28 00:00:00+00:00,1691,CORN,362.75,-300000000.0,notional_at_entry,short,-738007.0,short,579525381.25,0
2019-08-29 00:00:00+00:00,1692,CORN,359.75,-300000000.0,notional_at_entry,short,-738007.0,short,581739402.25,0
2019-08-30 00:00:00+00:00,1693,CORN,358.0,-300000000.0,notional_at_entry,short,-738007.0,short,583030914.5,0
2019-09-03 00:00:00+00:00,1694,CORN,349.75,-300000000.0,notional_at_entry,short,-738007.0,short,589119472.25,0
2019-09-04 00:00:00+00:00,1695,CORN,346.0,-300000000.0,notional_at_entry,short,-738007.0,short,591886998.5,0
2019-09-05 00:00:00+00:00,1696,CORN,346.5,-300000000.0,notional_at_entry,short,-738007.0,short,591517995.0,0
2019-09-06 00:00:00+00:00,1697,CORN,342.5,-300000000.0,notional_at_entry,short,-738007.0,short,594470023.0,0
2019-09-09 00:00:00+00:00,1698,CORN,340.75,-300000000.0,notional_at_entry,short,-738007.0,short,595761535.25,0
2019-09-10 00:00:00+00:00,1699,CORN,348.5,-300000000.0,notional_at_entry,short,-738007.0,short,590041981.0,0
2019-09-11 00:00:00+00:00,1700,CORN,348.25,-300000000.0,notional_at_entry,short,-738007.0,short,590226482.75,0
2019-09-12 00:00:00+00:00,1701,CORN,354.5,-300000000.0,notional_at_entry,short,-738007.0,short,585613939.0,0
2019-09-13 00:00:00+00:00,1702,CORN,355.5,-300000000.0,notional_at_entry,short,-738007.0,short,584875932.0,0
2019-09-16 00:00:00+00:00,1703,CORN,374.0,-300000000.0,notional_at_entry,short,-738007.0,short,571222802.5,0
2019-09-17 00:00:00+00:00,1704,CORN,368.0,-300000000.0,notional_at_entry,short,-738007.0,short,575650844.5,0
2019-09-18 00:00:00+00:00,1705,CORN,371.25,-300000000.0,notional_at_entry,short,-738007.0,short,573252321.75,0
2019-09-19 00:00:00+00:00,1706,CORN,372.75,-300000000.0,notional_at_entry,short,-738007.0,short,572145311.25,0
2019-09-20 00:00:00+00:00,1707,CORN,370.75,-300000000.0,notional_at_entry,short,-738007.0,short,573621325.25,0
2019-09-23 00:00:00+00:00,1708,CORN,373.25,-300000000.0,notional_at_entry,short,-738007.0,short,571776307.75,0
2019-09-24 00:00:00+00:00,1709,CORN,374.75,-300000000.0,notional_at_entry,short,-738007.0,short,570669297.25,0
2019-09-25 00:00:00+00:00,1710,CORN,374.25,-300000000.0,notional_at_entry,short,-738007.0,short,571038300.75,0
2019-09-26 00:00:00+00:00,1711,CORN,372.5,-300000000.0,notional_at_entry,short,-738007.0,short,572329813.0,0
2019-09-27 00:00:00+00:00,1712,CORN,371.5,-300000000.0,notional_at_entry,short,-738007.0,short,573067820.0,0
2019-09-30 00:00:00+00:00,1713,CORN,388.0,-300000000.0,notional_at_entry,short,-738007.0,short,560890704.5,0
2019-10-01 00:00:00+00:00,1714,CORN,392.5,-300000000.0,notional_at_entry,short,-738007.0,short,557569673.0,0
2019-10-02 00:00:00+00:00,1715,CORN,387.75,-300000000.0,notional_at_entry,short,-738007.0,short,561075206.25,0
2019-10-03 00:00:00+00:00,1716,CORN,388.75,-300000000.0,notional_at_entry,short,-738007.0,short,560337199.25,0
2019-10-04 00:00:00+00:00,1717,CORN,384.75,-300000000.0,notional_at_entry,short,-738007.0,short,563289227.25,0
2019-10-07 00:00:00+00:00,1718,CORN,387.0,-300000000.0,notional_at_entry,short,-738007.0,short,561628711.5,0
2019-10-08 00:00:00+00:00,1719,CORN,395.75,-300000000.0,notional_at_entry,short,-738007.0,short,555171150.25,0
2019-10-09 00:00:00+00:00,1720,CORN,394.25,-300000000.0,notional_at_entry,short,-738007.0,short,556278160.75,0
2019-10-10 00:00:00+00:00,1721,CORN,380.25,-300000000.0,notional_at_entry,short,-738007.0,short,566610258.75,0
2019-10-11 00:00:00+00:00,1722,CORN,397.75,-300000000.0,notional_at_entry,short,-738007.0,short,553695136.25,0
2019-10-14 00:00:00+00:00,1723,CORN,397.75,-300000000.0,notional_at_entry,short,-738007.0,short,553695136.25,0
2019-10-15 00:00:00+00:00,1724,CORN,393.25,-300000000.0,notional_at_entry,short,-738007.0,short,557016167.75,0
2019-10-16 00:00:00+00:00,1725,CORN,391.75,-300000000.0,notional_at_entry,short,-738007.0,short,558123178.25,0
2019-10-17 00:00:00+00:00,1726,CORN,394.75,-300000000.0,notional_at_entry,short,-738007.0,short,555909157.25,0
2019-10-18 00:00:00+00:00,1727,CORN,391.0,450000000.0,notional_at_entry,long,1150895.0,long,558676683.5,1
2019-10-21 00:00:00+00:00,1728,CORN,387.25,450000000.0,notional_at_entry,long,1150895.0,long,554360827.25,0
2019-10-22 00:00:00+00:00,1729,CORN,388.0,450000000.0,notional_at_entry,long,1150895.0,long,555223998.5,0
2019-10-23 00:00:00+00:00,1730,CORN,387.75,450000000.0,notional_at_entry,long,1150895.0,long,554936274.75,0
2019-10-24 00:00:00+00:00,1731,CORN,386.75,450000000.0,notional_at_entry,long,1150895.0,long,553785379.75,0
2019-10-25 00:00:00+00:00,1732,CORN,386.75,450000000.0,notional_at_entry,long,1150895.0,long,553785379.75,0
2019-10-28 00:00:00+00:00,1733,CORN,384.0,450000000.0,notional_at_entry,long,1150895.0,long,550620418.5,0
2019-10-29 00:00:00+00:00,1734,CORN,386.25,450000000.0,notional_at_entry,long,1150895.0,long,553209932.25,0
2019-10-30 00:00:00+00:00,1735,CORN,390.75,450000000.0,notional_at_entry,long,1150895.0,long,558388959.75,0
2019-10-31 00:00:00+00:00,1736,CORN,390.0,450000000.0,notional_at_entry,long,1150895.0,long,557525788.5,0
2019-11-01 00:00:00+00:00,1737,CORN,389.25,-450000000.0,notional_at_entry,short,-1156069.0,short,556662617.25,1
2019-11-04 00:00:00+00:00,1738,CORN,383.25,-450000000.0,notional_at_entry,short,-1156069.0,short,563599031.25,0
2019-11-05 00:00:00+00:00,1739,CORN,381.75,-450000000.0,notional_at_entry,short,-1156069.0,short,565333134.75,0
2019-11-06 00:00:00+00:00,1740,CORN,378.75,-450000000.0,notional_at_entry,short,-1156069.0,short,568801341.75,0
2019-11-07 00:00:00+00:00,1741,CORN,375.25,-450000000.0,notional_at_entry,short,-1156069.0,short,572847583.25,0
2019-11-08 00:00:00+00:00,1742,CORN,377.25,-450000000.0,notional_at_entry,short,-1156069.0,short,570535445.25,0
2019-11-11 00:00:00+00:00,1743,CORN,373.25,-450000000.0,notional_at_entry,short,-1156069.0,short,575159721.25,0
2019-11-12 00:00:00+00:00,1744,CORN,377.75,-450000000.0,notional_at_entry,short,-1156069.0,short,569957410.75,0
2019-11-13 00:00:00+00:00,1745,CORN,375.25,-450000000.0,notional_at_entry,short,-1156069.0,short,572847583.25,0
2019-11-14 00:00:00+00:00,1746,CORN,375.75,-300000000.0,notional_at_entry,short,-1156069.0,short,572269548.75,0
2019-11-15 00:00:00+00:00,1747,CORN,371.25,-300000000.0,notional_at_entry,short,-1156069.0,short,577471859.25,0
2019-11-18 00:00:00+00:00,1748,CORN,367.75,-300000000.0,notional_at_entry,short,-1156069.0,short,581518100.75,0
2019-11-19 00:00:00+00:00,1749,CORN,370.0,-300000000.0,notional_at_entry,short,-1156069.0,short,578916945.5,0
2019-11-20 00:00:00+00:00,1750,CORN,366.75,-300000000.0,notional_at_entry,short,-1156069.0,short,582674169.75,0
2019-11-21 00:00:00+00:00,1751,CORN,368.5,-300000000.0,notional_at_entry,short,-1156069.0,short,580651049.0,0
2019-11-22 00:00:00+00:00,1752,CORN,368.75,-300000000.0,notional_at_entry,short,-1156069.0,short,580362031.75,0
2019-11-25 00:00:00+00:00,1753,CORN,370.5,-300000000.0,notional_at_entry,short,-1156069.0,short,578338911.0,0
2019-11-26 00:00:00+00:00,1754,CORN,367.5,-300000000.0,notional_at_entry,short,-1156069.0,short,581807118.0,0
2019-11-27 00:00:00+00:00,1755,CORN,362.75,-300000000.0,notional_at_entry,short,-1156069.0,short,587298445.75,0
2019-11-28 00:00:00+00:00,1756,CORN,373.5,-300000000.0,notional_at_entry,short,-1156069.0,short,574870704.0,0
2019-11-29 00:00:00+00:00,1757,CORN,371.25,300000000.0,notional_at_entry,long,808080.0,long,577471859.25,1
2019-12-02 00:00:00+00:00,1758,CORN,373.5,300000000.0,notional_at_entry,long,808080.0,long,579290039.25,0
2019-12-03 00:00:00+00:00,1759,CORN,372.0,300000000.0,notional_at_entry,long,808080.0,long,578077919.25,0
2019-12-04 00:00:00+00:00,1760,CORN,368.75,300000000.0,notional_at_entry,long,808080.0,long,575451659.25,0
2019-12-05 00:00:00+00:00,1761,CORN,365.5,300000000.0,notional_at_entry,long,808080.0,long,572825399.25,0
2019-12-06 00:00:00+00:00,1762,CORN,366.5,300000000.0,notional_at_entry,long,808080.0,long,573633479.25,0
2019-12-09 00:00:00+00:00,1763,CORN,365.75,300000000.0,notional_at_entry,long,808080.0,long,573027419.25,0
2019-12-10 00:00:00+00:00,1764,CORN,363.25,450000000.0,notional_at_entry,long,808080.0,long,571007219.25,0
2019-12-11 00:00:00+00:00,1765,CORN,357.75,450000000.0,notional_at_entry,long,808080.0,long,566562779.25,0
2019-12-12 00:00:00+00:00,1766,CORN,367.0,450000000.0,notional_at_entry,long,808080.0,long,574037519.25,0
2019-12-13 00:00:00+00:00,1767,CORN,366.25,450000000.0,notional_at_entry,long,808080.0,long,573431459.25,0
2019-12-16 00:00:00+00:00,1768,CORN,388.0,450000000.0,notional_at_entry,long,808080.0,long,591007199.25,0
2019-12-17 00:00:00+00:00,1769,CORN,390.0,450000000.0,notional_at_entry,long,808080.0,long,592623359.25,0
2019-12-18 00:00:00+00:00,1770,CORN,387.0,450000000.0,notional_at_entry,long,808080.0,long,590199119.25,0
2019-12-19 00:00:00+00:00,1771,CORN,386.5,450000000.0,notional_at_entry,long,808080.0,long,589795079.25,0
2019-12-20 00:00:00+00:00,1772,CORN,387.75,450000000.0,notional_at_entry,long,808080.0,long,590805179.25,0
2019-12-23 00:00:00+00:00,1773,CORN,388.75,450000000.0,notional_at_entry,long,808080.0,long,591613259.25,0
2019-12-24 00:00:00+00:00,1774,CORN,387.5,450000000.0,notional_at_entry,long,808080.0,long,590603159.25,0
2019-12-25 00:00:00+00:00,1775,CORN,388.25,450000000.0,notional_at_entry,long,808080.0,long,591209219.25,0
2019-12-26 00:00:00+00:00,1776,CORN,388.5,450000000.0,notional_at_entry,long,808080.0,long,591411239.25,0
2019-12-27 00:00:00+00:00,1777,CORN,390.0,450000000.0,notional_at_entry,long,808080.0,long,592623359.25,0
2019-12-30 00:00:00+00:00,1778,CORN,388.25,450000000.0,notional_at_entry,long,808080.0,long,591209219.25,0
2019-12-31 00:00:00+00:00,1779,CORN,387.75,450000000.0,notional_at_entry,long,808080.0,long,590805179.25,0
2020-01-01 00:00:00+00:00,1780,CORN,387.25,450000000.0,notional_at_entry,long,808080.0,long,590401139.25,0
2020-01-02 00:00:00+00:00,1781,CORN,391.5,450000000.0,notional_at_entry,long,808080.0,long,593835479.25,0
2020-01-03 00:00:00+00:00,1782,CORN,386.5,450000000.0,notional_at_entry,long,808080.0,long,589795079.25,0
2020-01-06 00:00:00+00:00,1783,CORN,384.75,450000000.0,notional_at_entry,long,808080.0,long,588380939.25,0
2020-01-07 00:00:00+00:00,1784,CORN,384.5,450000000.0,notional_at_entry,long,808080.0,long,588178919.25,0
2020-01-08 00:00:00+00:00,1785,CORN,384.25,450000000.0,notional_at_entry,long,808080.0,long,587976899.25,0
2020-01-09 00:00:00+00:00,1786,CORN,383.25,450000000.0,notional_at_entry,long,808080.0,long,587168819.25,0
2020-01-10 00:00:00+00:00,1787,CORN,385.75,450000000.0,notional_at_entry,long,808080.0,long,589189019.25,0
2020-01-13 00:00:00+00:00,1788,CORN,389.5,450000000.0,notional_at_entry,long,808080.0,long,592219319.25,0
2020-01-14 00:00:00+00:00,1789,CORN,389.0,450000000.0,notional_at_entry,long,808080.0,long,591815279.25,0
2020-01-15 00:00:00+00:00,1790,CORN,387.5,450000000.0,notional_at_entry,long,808080.0,long,590603159.25,0
2020-01-16 00:00:00+00:00,1791,CORN,375.5,450000000.0,notional_at_entry,long,808080.0,long,580906199.25,0
2020-01-17 00:00:00+00:00,1792,CORN,389.25,450000000.0,notional_at_entry,long,808080.0,long,592017299.25,0
2020-01-21 00:00:00+00:00,1793,CORN,387.5,450000000.0,notional_at_entry,long,808080.0,long,590603159.25,0
2020-01-22 00:00:00+00:00,1794,CORN,388.75,450000000.0,notional_at_entry,long,808080.0,long,591613259.25,0
2020-01-23 00:00:00+00:00,1795,CORN,393.75,450000000.0,notional_at_entry,long,808080.0,long,595653659.25,0
2020-01-24 00:00:00+00:00,1796,CORN,387.25,450000000.0,notional_at_entry,long,808080.0,long,590401139.25,0
2020-01-27 00:00:00+00:00,1797,CORN,380.5,450000000.0,notional_at_entry,long,808080.0,long,584946599.25,0
2020-01-28 00:00:00+00:00,1798,CORN,386.5,450000000.0,notional_at_entry,long,808080.0,long,589795079.25,0
2020-01-29 00:00:00+00:00,1799,CORN,384.25,450000000.0,notional_at_entry,long,808080.0,long,587976899.25,0
2020-01-30 00:00:00+00:00,1800,CORN,379.5,450000000.0,notional_at_entry,long,808080.0,long,584138519.25,0
2020-01-31 00:00:00+00:00,1801,CORN,381.25,450000000.0,notional_at_entry,long,808080.0,long,585552659.25,0
2020-02-03 00:00:00+00:00,1802,CORN,378.75,450000000.0,notional_at_entry,long,808080.0,long,583532459.25,0
2020-02-04 00:00:00+00:00,1803,CORN,382.25,-450000000.0,notional_at_entry,short,-1177240.0,short,586360739.25,1
2020-02-05 00:00:00+00:00,1804,CORN,380.75,-450000000.0,notional_at_entry,short,-1177240.0,short,588126599.25,0
2020-02-06 00:00:00+00:00,1805,CORN,379.25,-450000000.0,notional_at_entry,short,-1177240.0,short,589892459.25,0
2020-02-07 00:00:00+00:00,1806,CORN,383.5,-450000000.0,notional_at_entry,short,-1177240.0,short,584889189.25,0
2020-02-10 00:00:00+00:00,1807,CORN,381.75,-450000000.0,notional_at_entry,short,-1177240.0,short,586949359.25,0
2020-02-11 00:00:00+00:00,1808,CORN,379.75,-450000000.0,notional_at_entry,short,-1177240.0,short,589303839.25,0
2020-02-12 00:00:00+00:00,1809,CORN,383.0,-450000000.0,notional_at_entry,short,-1177240.0,short,585477809.25,0
2020-02-13 00:00:00+00:00,1810,CORN,379.5,-450000000.0,notional_at_entry,short,-1177240.0,short,589598149.25,0
2020-02-14 00:00:00+00:00,1811,CORN,377.75,-450000000.0,notional_at_entry,short,-1177240.0,short,591658319.25,0
2020-02-18 00:00:00+00:00,1812,CORN,383.0,300000000.0,notional_at_entry,long,783289.0,long,585477809.25,1
2020-02-19 00:00:00+00:00,1813,CORN,380.5,300000000.0,notional_at_entry,long,783289.0,long,583519586.75,0
2020-02-20 00:00:00+00:00,1814,CORN,378.5,300000000.0,notional_at_entry,long,783289.0,long,581953008.75,0
2020-02-21 00:00:00+00:00,1815,CORN,377.0,300000000.0,notional_at_entry,long,783289.0,long,580778075.25,0
2020-02-24 00:00:00+00:00,1816,CORN,372.25,300000000.0,notional_at_entry,long,783289.0,long,577057452.5,0
2020-02-25 00:00:00+00:00,1817,CORN,372.5,300000000.0,notional_at_entry,long,783289.0,long,577253274.75,0
2020-02-26 00:00:00+00:00,1818,CORN,370.5,300000000.0,notional_at_entry,long,783289.0,long,575686696.75,0
2020-02-27 00:00:00+00:00,1819,CORN,364.5,300000000.0,notional_at_entry,long,783289.0,long,570986962.75,0
2020-02-28 00:00:00+00:00,1820,CORN,366.5,300000000.0,notional_at_entry,long,783289.0,long,572553540.75,0
2020-03-02 00:00:00+00:00,1821,CORN,374.75,300000000.0,notional_at_entry,long,783289.0,long,579015675.0,0
2020-03-03 00:00:00+00:00,1822,CORN,381.75,300000000.0,notional_at_entry,long,783289.0,long,584498698.0,0
2020-03-04 00:00:00+00:00,1823,CORN,387.0,300000000.0,notional_at_entry,long,783289.0,long,588610965.25,0
2020-03-05 00:00:00+00:00,1824,CORN,384.5,300000000.0,notional_at_entry,long,783289.0,long,586652742.75,0
2020-03-06 00:00:00+00:00,1825,CORN,377.25,300000000.0,notional_at_entry,long,783289.0,long,580973897.5,0
2020-03-09 00:00:00+00:00,1826,CORN,374.25,300000000.0,notional_at_entry,long,783289.0,long,578624030.5,0
2020-03-10 00:00:00+00:00,1827,CORN,380.0,300000000.0,notional_at_entry,long,783289.0,long,583127942.25,0
2020-03-11 00:00:00+00:00,1828,CORN,379.25,300000000.0,notional_at_entry,long,783289.0,long,582540475.5,0
2020-03-12 00:00:00+00:00,1829,CORN,369.75,300000000.0,notional_at_entry,long,783289.0,long,575099230.0,0
2020-03-13 00:00:00+00:00,1830,CORN,370.75,300000000.0,notional_at_entry,long,783289.0,long,575882519.0,0
2020-03-16 00:00:00+00:00,1831,CORN,354.75,300000000.0,notional_at_entry,long,783289.0,long,563349895.0,0
2020-03-17 00:00:00+00:00,1832,CORN,344.0,300000000.0,notional_at_entry,long,783289.0,long,554929538.25,0
2020-03-18 00:00:00+00:00,1833,CORN,335.25,300000000.0,notional_at_entry,long,783289.0,long,548075759.5,0
2020-03-19 00:00:00+00:00,1834,CORN,345.5,300000000.0,notional_at_entry,long,783289.0,long,556104471.75,0
2020-03-20 00:00:00+00:00,1835,CORN,343.75,300000000.0,notional_at_entry,long,783289.0,long,554733716.0,0
2020-03-23 00:00:00+00:00,1836,CORN,343.5,300000000.0,notional_at_entry,long,783289.0,long,554537893.75,0
2020-03-24 00:00:00+00:00,1837,CORN,347.25,-300000000.0,notional_at_entry,short,-863930.0,short,557475227.5,1
2020-03-25 00:00:00+00:00,1838,CORN,348.5,-300000000.0,notional_at_entry,short,-863930.0,short,556395315.0,0
2020-03-26 00:00:00+00:00,1839,CORN,348.75,-300000000.0,notional_at_entry,short,-863930.0,short,556179332.5,0
2020-03-27 00:00:00+00:00,1840,CORN,346.0,-300000000.0,notional_at_entry,short,-863930.0,short,558555140.0,0
2020-03-30 00:00:00+00:00,1841,CORN,341.25,-300000000.0,notional_at_entry,short,-863930.0,short,562658807.5,0
2020-03-31 00:00:00+00:00,1842,CORN,340.75,-300000000.0,notional_at_entry,short,-863930.0,short,563090772.5,0
2020-04-01 00:00:00+00:00,1843,CORN,334.75,-300000000.0,notional_at_entry,short,-863930.0,short,568274352.5,0
2020-04-02 00:00:00+00:00,1844,CORN,333.5,-300000000.0,notional_at_entry,short,-863930.0,short,569354265.0,0
2020-04-03 00:00:00+00:00,1845,CORN,330.75,-300000000.0,notional_at_entry,short,-863930.0,short,571730072.5,0
2020-04-06 00:00:00+00:00,1846,CORN,327.75,-300000000.0,notional_at_entry,short,-863930.0,short,574321862.5,0
2020-04-07 00:00:00+00:00,1847,CORN,331.5,-300000000.0,notional_at_entry,short,-863930.0,short,571082125.0,0
2020-04-08 00:00:00+00:00,1848,CORN,330.0,-300000000.0,notional_at_entry,short,-863930.0,short,572378020.0,0
2020-04-09 00:00:00+00:00,1849,CORN,331.75,-300000000.0,notional_at_entry,short,-863930.0,short,570866142.5,0
2020-04-10 00:00:00+00:00,1850,CORN,332.25,-300000000.0,notional_at_entry,short,-863930.0,short,570434177.5,0
2020-04-13 00:00:00+00:00,1851,CORN,331.5,-300000000.0,notional_at_entry,short,-863930.0,short,571082125.0,0
2020-04-14 00:00:00+00:00,1852,CORN,326.0,-300000000.0,notional_at_entry,short,-863930.0,short,575833740.0,0
2020-04-15 00:00:00+00:00,1853,CORN,319.25,-300000000.0,notional_at_entry,short,-863930.0,short,581665267.5,0
2020-04-16 00:00:00+00:00,1854,CORN,319.75,-300000000.0,notional_at_entry,short,-863930.0,short,581233302.5,0
2020-04-17 00:00:00+00:00,1855,CORN,322.25,-300000000.0,notional_at_entry,short,-863930.0,short,579073477.5,0
2020-04-20 00:00:00+00:00,1856,CORN,314.25,-300000000.0,notional_at_entry,short,-863930.0,short,585984917.5,0
2020-04-21 00:00:00+00:00,1857,CORN,309.25,-300000000.0,notional_at_entry,short,-863930.0,short,590304567.5,0
2020-04-22 00:00:00+00:00,1858,CORN,317.5,-300000000.0,notional_at_entry,short,-863930.0,short,583177145.0,0
2020-04-23 00:00:00+00:00,1859,CORN,319.25,-300000000.0,notional_at_entry,short,-863930.0,short,581665267.5,0
2020-04-24 00:00:00+00:00,1860,CORN,315.75,-300000000.0,notional_at_entry,short,-863930.0,short,584689022.5,0
2020-04-27 00:00:00+00:00,1861,CORN,305.5,-300000000.0,notional_at_entry,short,-863930.0,short,593544305.0,0
2020-04-28 00:00:00+00:00,1862,CORN,302.75,-300000000.0,notional_at_entry,short,-863930.0,short,595920112.5,0
2020-04-29 00:00:00+00:00,1863,CORN,304.5,-300000000.0,notional_at_entry,short,-863930.0,short,594408235.0,0
2020-04-30 00:00:00+00:00,1864,CORN,311.5,-300000000.0,notional_at_entry,short,-863930.0,short,588360725.0,0
2020-05-01 00:00:00+00:00,1865,CORN,311.5,-300000000.0,notional_at_entry,short,-863930.0,short,588360725.0,0
2020-05-04 00:00:00+00:00,1866,CORN,310.75,-300000000.0,notional_at_entry,short,-863930.0,short,589008672.5,0
2020-05-05 00:00:00+00:00,1867,CORN,313.0,-300000000.0,notional_at_entry,short,-863930.0,short,587064830.0,0
2020-05-06 00:00:00+00:00,1868,CORN,311.75,-300000000.0,notional_at_entry,short,-863930.0,short,588144742.5,0
2020-05-07 00:00:00+00:00,1869,CORN,316.0,-300000000.0,notional_at_entry,short,-863930.0,short,584473040.0,0
2020-05-08 00:00:00+00:00,1870,CORN,319.0,-300000000.0,notional_at_entry,short,-863930.0,short,581881250.0,0
2020-05-11 00:00:00+00:00,1871,CORN,318.5,-300000000.0,notional_at_entry,short,-863930.0,short,582313215.0,0
2020-05-12 00:00:00+00:00,1872,CORN,323.75,-300000000.0,notional_at_entry,short,-863930.0,short,577777582.5,0
2020-05-13 00:00:00+00:00,1873,CORN,320.25,-300000000.0,notional_at_entry,short,-863930.0,short,580801337.5,0
2020-05-14 00:00:00+00:00,1874,CORN,320.25,-300000000.0,notional_at_entry,short,-863930.0,short,580801337.5,0
2020-05-15 00:00:00+00:00,1875,CORN,319.25,450000000.0,notional_at_entry,long,1409553.0,long,581665267.5,1
2020-05-18 00:00:00+00:00,1876,CORN,320.75,450000000.0,notional_at_entry,long,1409553.0,long,583779597.0,0
2020-05-19 00:00:00+00:00,1877,CORN,321.25,450000000.0,notional_at_entry,long,1409553.0,long,584484373.5,0
2020-05-20 00:00:00+00:00,1878,CORN,319.5,450000000.0,notional_at_entry,long,1409553.0,long,582017655.75,0
2020-05-21 00:00:00+00:00,1879,CORN,317.75,450000000.0,notional_at_entry,long,1409553.0,long,579550938.0,0
2020-05-22 00:00:00+00:00,1880,CORN,318.0,450000000.0,notional_at_entry,long,1409553.0,long,579903326.25,0
2020-05-25 00:00:00+00:00,1881,CORN,316.88,450000000.0,notional_at_entry,long,1409553.0,long,578324626.89,0
2020-05-26 00:00:00+00:00,1882,CORN,319.0,-450000000.0,notional_at_entry,short,-1410658.0,short,581312879.25,1
2020-05-27 00:00:00+00:00,1883,CORN,320.5,-450000000.0,notional_at_entry,short,-1410658.0,short,579196892.25,0
2020-05-28 00:00:00+00:00,1884,CORN,327.5,-450000000.0,notional_at_entry,short,-1410658.0,short,569322286.25,0
2020-05-29 00:00:00+00:00,1885,CORN,325.75,-450000000.0,notional_at_entry,short,-1410658.0,short,571790937.75,0
2020-06-01 00:00:00+00:00,1886,CORN,323.25,-450000000.0,notional_at_entry,short,-1410658.0,short,575317582.75,0
2020-06-02 00:00:00+00:00,1887,CORN,324.25,-450000000.0,notional_at_entry,short,-1410658.0,short,573906924.75,0
2020-06-03 00:00:00+00:00,1888,CORN,324.0,-450000000.0,notional_at_entry,short,-1410658.0,short,574259589.25,0
2020-06-04 00:00:00+00:00,1889,CORN,329.0,-450000000.0,notional_at_entry,short,-1410658.0,short,567206299.25,0
2020-06-05 00:00:00+00:00,1890,CORN,331.25,-450000000.0,notional_at_entry,short,-1410658.0,short,564032318.75,0
2020-06-08 00:00:00+00:00,1891,CORN,333.75,-450000000.0,notional_at_entry,short,-1410658.0,short,560505673.75,0
2020-06-09 00:00:00+00:00,1892,CORN,327.5,-450000000.0,notional_at_entry,short,-1410658.0,short,569322286.25,0
2020-06-10 00:00:00+00:00,1893,CORN,326.25,-450000000.0,notional_at_entry,short,-1410658.0,short,571085608.75,0
2020-06-11 00:00:00+00:00,1894,CORN,329.75,-450000000.0,notional_at_entry,short,-1410658.0,short,566148305.75,0
2020-06-12 00:00:00+00:00,1895,CORN,330.0,-450000000.0,notional_at_entry,short,-1410658.0,short,565795641.25,0
2020-06-15 00:00:00+00:00,1896,CORN,329.25,-450000000.0,notional_at_entry,short,-1410658.0,short,566853634.75,0
2020-06-16 00:00:00+00:00,1897,CORN,329.0,-450000000.0,notional_at_entry,short,-1410658.0,short,567206299.25,0
2020-06-17 00:00:00+00:00,1898,CORN,330.25,-450000000.0,notional_at_entry,short,-1410658.0,short,565442976.75,0
2020-06-18 00:00:00+00:00,1899,CORN,331.0,-450000000.0,notional_at_entry,short,-1410658.0,short,564384983.25,0
2020-06-19 00:00:00+00:00,1900,CORN,332.5,-450000000.0,notional_at_entry,short,-1410658.0,short,562268996.25,0
2020-06-22 00:00:00+00:00,1901,CORN,328.25,-450000000.0,notional_at_entry,short,-1410658.0,short,568264292.75,0
2020-06-23 00:00:00+00:00,1902,CORN,325.0,-450000000.0,notional_at_entry,short,-1410658.0,short,572848931.25,0
2020-06-24 00:00:00+00:00,1903,CORN,324.25,-450000000.0,notional_at_entry,short,-1410658.0,short,573906924.75,0
2020-06-25 00:00:00+00:00,1904,CORN,317.25,-450000000.0,notional_at_entry,short,-1410658.0,short,583781530.75,0
2020-06-26 00:00:00+00:00,1905,CORN,317.0,-450000000.0,notional_at_entry,short,-1410658.0,short,584134195.25,0
2020-06-29 00:00:00+00:00,1906,CORN,326.25,-450000000.0,notional_at_entry,short,-1410658.0,short,571085608.75,0
2020-06-30 00:00:00+00:00,1907,CORN,338.5,-450000000.0,notional_at_entry,short,-1410658.0,short,553805048.25,0
2020-07-01 00:00:00+00:00,1908,CORN,348.25,-450000000.0,notional_at_entry,short,-1410658.0,short,540051132.75,0
2020-07-02 00:00:00+00:00,1909,CORN,342.5,-450000000.0,notional_at_entry,short,-1410658.0,short,548162416.25,0
2020-07-06 00:00:00+00:00,1910,CORN,346.5,-450000000.0,notional_at_entry,short,-1410658.0,short,542519784.25,0
2020-07-07 00:00:00+00:00,1911,CORN,345.0,-450000000.0,notional_at_entry,short,-1410658.0,short,544635771.25,0
2020-07-08 00:00:00+00:00,1912,CORN,348.25,-450000000.0,notional_at_entry,short,-1410658.0,short,540051132.75,0
2020-07-09 00:00:00+00:00,1913,CORN,351.25,-450000000.0,notional_at_entry,short,-1410658.0,short,535819158.75,0
2020-07-10 00:00:00+00:00,1914,CORN,340.5,-450000000.0,notional_at_entry,short,-1410658.0,short,550983732.25,0
2020-07-13 00:00:00+00:00,1915,CORN,334.0,-450000000.0,notional_at_entry,short,-1410658.0,short,560153009.25,0
2020-07-14 00:00:00+00:00,1916,CORN,334.75,-450000000.0,notional_at_entry,short,-1410658.0,short,559095015.75,0
2020-07-15 00:00:00+00:00,1917,CORN,326.25,-450000000.0,notional_at_entry,short,-1410658.0,short,571085608.75,0
2020-07-16 00:00:00+00:00,1918,CORN,330.25,-450000000.0,notional_at_entry,short,-1410658.0,short,565442976.75,0
2020-07-17 00:00:00+00:00,1919,CORN,333.0,-450000000.0,notional_at_entry,short,-1410658.0,short,561563667.25,0
2020-07-20 00:00:00+00:00,1920,CORN,328.25,-450000000.0,notional_at_entry,short,-1410658.0,short,568264292.75,0
2020-07-21 00:00:00+00:00,1921,CORN,322.75,-450000000.0,notional_at_entry,short,-1410658.0,short,576022911.75,0
2020-07-22 00:00:00+00:00,1922,CORN,327.5,-450000000.0,notional_at_entry,short,-1410658.0,short,569322286.25,0
2020-07-23 00:00:00+00:00,1923,CORN,328.0,-450000000.0,notional_at_entry,short,-1410658.0,short,568616957.25,0
2020-07-24 00:00:00+00:00,1924,CORN,326.25,-450000000.0,notional_at_entry,short,-1410658.0,short,571085608.75,0
2020-07-27 00:00:00+00:00,1925,CORN,325.0,-450000000.0,notional_at_entry,short,-1410658.0,short,572848931.25,0
2020-07-28 00:00:00+00:00,1926,CORN,320.0,-450000000.0,notional_at_entry,short,-1410658.0,short,579902221.25,0
2020-07-29 00:00:00+00:00,1927,CORN,315.5,-450000000.0,notional_at_entry,short,-1410658.0,short,586250182.25,0
2020-07-30 00:00:00+00:00,1928,CORN,315.75,-450000000.0,notional_at_entry,short,-1410658.0,short,585897517.75,0
2020-07-31 00:00:00+00:00,1929,CORN,316.0,-450000000.0,notional_at_entry,short,-1410658.0,short,585544853.25,0
2020-08-03 00:00:00+00:00,1930,CORN,317.5,-450000000.0,notional_at_entry,short,-1410658.0,short,583428866.25,0
2020-08-04 00:00:00+00:00,1931,CORN,308.25,-450000000.0,notional_at_entry,short,-1410658.0,short,596477452.75,0
2020-08-05 00:00:00+00:00,1932,CORN,311.0,-450000000.0,notional_at_entry,short,-1410658.0,short,592598143.25,0
2020-08-06 00:00:00+00:00,1933,CORN,311.25,-450000000.0,notional_at_entry,short,-1410658.0,short,592245478.75,0
2020-08-07 00:00:00+00:00,1934,CORN,307.75,300000000.0,notional_at_entry,long,974817.0,long,597182781.75,1
2020-08-10 00:00:00+00:00,1935,CORN,310.5,300000000.0,notional_at_entry,long,974817.0,long,599863528.5,0
2020-08-11 00:00:00+00:00,1936,CORN,311.5,300000000.0,notional_at_entry,long,974817.0,long,600838345.5,0
2020-08-12 00:00:00+00:00,1937,CORN,314.5,300000000.0,notional_at_entry,long,974817.0,long,603762796.5,0
2020-08-13 00:00:00+00:00,1938,CORN,325.25,300000000.0,notional_at_entry,long,974817.0,long,614242079.25,0
2020-08-14 00:00:00+00:00,1939,CORN,324.5,300000000.0,notional_at_entry,long,974817.0,long,613510966.5,0
2020-08-17 00:00:00+00:00,1940,CORN,331.0,-450000000.0,notional_at_entry,short,-1359516.0,short,619847277.0,1
2020-08-18 00:00:00+00:00,1941,CORN,327.0,-450000000.0,notional_at_entry,short,-1359516.0,short,625285341.0,0
2020-08-19 00:00:00+00:00,1942,CORN,325.0,-450000000.0,notional_at_entry,short,-1359516.0,short,628004373.0,0
2020-08-20 00:00:00+00:00,1943,CORN,324.5,-450000000.0,notional_at_entry,short,-1359516.0,short,628684131.0,0
2020-08-21 00:00:00+00:00,1944,CORN,327.0,-450000000.0,notional_at_entry,short,-1359516.0,short,625285341.0,0
2020-08-24 00:00:00+00:00,1945,CORN,331.75,-450000000.0,notional_at_entry,short,-1359516.0,short,618827640.0,0
2020-08-25 00:00:00+00:00,1946,CORN,340.75,-450000000.0,notional_at_entry,short,-1359516.0,short,606591996.0,0
2020-08-26 00:00:00+00:00,1947,CORN,340.5,450000000.0,notional_at_entry,long,1321585.0,long,606931875.0,1
2020-08-27 00:00:00+00:00,1948,CORN,344.25,450000000.0,notional_at_entry,long,1321585.0,long,611887818.75,0
2020-08-28 00:00:00+00:00,1949,CORN,346.0,450000000.0,notional_at_entry,long,1321585.0,long,614200592.5,0
2020-08-31 00:00:00+00:00,1950,CORN,348.5,450000000.0,notional_at_entry,long,1321585.0,long,617504555.0,0
2020-09-01 00:00:00+00:00,1951,CORN,349.5,450000000.0,notional_at_entry,long,1321585.0,long,618826140.0,0
2020-09-02 00:00:00+00:00,1952,CORN,349.75,450000000.0,notional_at_entry,long,1321585.0,long,619156536.25,0
2020-09-03 00:00:00+00:00,1953,CORN,344.5,450000000.0,notional_at_entry,long,1321585.0,long,612218215.0,0
2020-09-04 00:00:00+00:00,1954,CORN,347.25,450000000.0,notional_at_entry,long,1321585.0,long,615852573.75,0
2020-09-07 00:00:00+00:00,1955,CORN,344.5,-300000000.0,notional_at_entry,short,-870827.0,short,612218215.0,1
2020-09-08 00:00:00+00:00,1956,CORN,351.0,-300000000.0,notional_at_entry,short,-870827.0,short,606557839.5,0
2020-09-09 00:00:00+00:00,1957,CORN,350.0,-300000000.0,notional_at_entry,short,-870827.0,short,607428666.5,0
2020-09-10 00:00:00+00:00,1958,CORN,357.25,-300000000.0,notional_at_entry,short,-870827.0,short,601115170.75,0
2020-09-11 00:00:00+00:00,1959,CORN,365.0,-300000000.0,notional_at_entry,short,-870827.0,short,594366261.5,0
2020-09-14 00:00:00+00:00,1960,CORN,357.5,-300000000.0,notional_at_entry,short,-870827.0,short,600897464.0,0
2020-09-15 00:00:00+00:00,1961,CORN,366.0,-300000000.0,notional_at_entry,short,-870827.0,short,593495434.5,0
2020-09-16 00:00:00+00:00,1962,CORN,371.75,300000000.0,notional_at_entry,long,806993.0,long,588488179.25,1
2020-09-17 00:00:00+00:00,1963,CORN,375.25,300000000.0,notional_at_entry,long,806993.0,long,591312654.75,0
2020-09-18 00:00:00+00:00,1964,CORN,378.5,-450000000.0,notional_at_entry,short,-1188903.0,short,593935382.0,1
2020-09-21 00:00:00+00:00,1965,CORN,369.75,-450000000.0,notional_at_entry,short,-1188903.0,short,604338283.25,0
2020-09-22 00:00:00+00:00,1966,CORN,369.25,-450000000.0,notional_at_entry,short,-1188903.0,short,604932734.75,0
2020-09-23 00:00:00+00:00,1967,CORN,368.5,-450000000.0,notional_at_entry,short,-1188903.0,short,605824412.0,0
2020-09-24 00:00:00+00:00,1968,CORN,363.5,-450000000.0,notional_at_entry,short,-1188903.0,short,611768927.0,0
2020-09-25 00:00:00+00:00,1969,CORN,365.25,-450000000.0,notional_at_entry,short,-1188903.0,short,609688346.75,0
2020-09-28 00:00:00+00:00,1970,CORN,366.75,-450000000.0,notional_at_entry,short,-1188903.0,short,607904992.25,0
2020-09-29 00:00:00+00:00,1971,CORN,364.75,-450000000.0,notional_at_entry,short,-1188903.0,short,610282798.25,0
2020-09-30 00:00:00+00:00,1972,CORN,379.0,-450000000.0,notional_at_entry,short,-1188903.0,short,593340930.5,0
2020-10-01 00:00:00+00:00,1973,CORN,382.75,-450000000.0,notional_at_entry,short,-1188903.0,short,588882544.25,0
2020-10-02 00:00:00+00:00,1974,CORN,379.75,-450000000.0,notional_at_entry,short,-1188903.0,short,592449253.25,0
2020-10-05 00:00:00+00:00,1975,CORN,379.5,-450000000.0,notional_at_entry,short,-1188903.0,short,592746479.0,0
2020-10-06 00:00:00+00:00,1976,CORN,385.0,300000000.0,notional_at_entry,long,779220.0,long,586207512.5,1
2020-10-07 00:00:00+00:00,1977,CORN,388.75,300000000.0,notional_at_entry,long,779220.0,long,589129587.5,0
2020-10-08 00:00:00+00:00,1978,CORN,387.0,300000000.0,notional_at_entry,long,779220.0,long,587765952.5,0
2020-10-09 00:00:00+00:00,1979,CORN,395.0,300000000.0,notional_at_entry,long,779220.0,long,593999712.5,0
2020-10-12 00:00:00+00:00,1980,CORN,389.0,300000000.0,notional_at_entry,long,779220.0,long,589324392.5,0
2020-10-13 00:00:00+00:00,1981,CORN,391.25,300000000.0,notional_at_entry,long,779220.0,long,591077637.5,0
2020-10-14 00:00:00+00:00,1982,CORN,396.5,-450000000.0,notional_at_entry,short,-1134930.0,short,595168542.5,1
2020-10-15 00:00:00+00:00,1983,CORN,403.75,-450000000.0,notional_at_entry,short,-1134930.0,short,586940300.0,0
2020-10-16 00:00:00+00:00,1984,CORN,402.0,-450000000.0,notional_at_entry,short,-1134930.0,short,588926427.5,0
2020-10-19 00:00:00+00:00,1985,CORN,405.25,-450000000.0,notional_at_entry,short,-1134930.0,short,585237905.0,0
2020-10-20 00:00:00+00:00,1986,CORN,408.75,-450000000.0,notional_at_entry,short,-1134930.0,short,581265650.0,0
2020-10-21 00:00:00+00:00,1987,CORN,413.75,-450000000.0,notional_at_entry,short,-1134930.0,short,575591000.0,0
2020-10-22 00:00:00+00:00,1988,CORN,416.25,-450000000.0,notional_at_entry,short,-1134930.0,short,572753675.0,0
2020-10-23 00:00:00+00:00,1989,CORN,419.25,-450000000.0,notional_at_entry,short,-1134930.0,short,569348885.0,0
2020-10-26 00:00:00+00:00,1990,CORN,417.75,-450000000.0,notional_at_entry,short,-1134930.0,short,571051280.0,0
2020-10-27 00:00:00+00:00,1991,CORN,416.0,-450000000.0,notional_at_entry,short,-1134930.0,short,573037407.5,0
2020-10-28 00:00:00+00:00,1992,CORN,401.5,-450000000.0,notional_at_entry,short,-1134930.0,short,589493892.5,0
2020-10-29 00:00:00+00:00,1993,CORN,398.5,-450000000.0,notional_at_entry,short,-1134930.0,short,592898682.5,0
2020-10-30 00:00:00+00:00,1994,CORN,398.5,300000000.0,notional_at_entry,long,752823.0,long,592898682.5,1
2020-11-02 00:00:00+00:00,1995,CORN,397.5,300000000.0,notional_at_entry,long,752823.0,long,592145859.5,0
2020-11-03 00:00:00+00:00,1996,CORN,401.0,300000000.0,notional_at_entry,long,752823.0,long,594780740.0,0
2020-11-04 00:00:00+00:00,1997,CORN,405.25,300000000.0,notional_at_entry,long,752823.0,long,597980237.75,0
2020-11-05 00:00:00+00:00,1998,CORN,409.25,300000000.0,notional_at_entry,long,752823.0,long,600991529.75,0
2020-11-06 00:00:00+00:00,1999,CORN,406.75,300000000.0,notional_at_entry,long,752823.0,long,599109472.25,0
2020-11-09 00:00:00+00:00,2000,CORN,407.5,300000000.0,notional_at_entry,long,752823.0,long,599674089.5,0
2020-11-10 00:00:00+00:00,2001,CORN,423.0,450000000.0,notional_at_entry,long,752823.0,long,611342846.0,0
2020-11-11 00:00:00+00:00,2002,CORN,417.25,450000000.0,notional_at_entry,long,752823.0,long,607014113.75,0
2020-11-12 00:00:00+00:00,2003,CORN,408.25,450000000.0,notional_at_entry,long,752823.0,long,600238706.75,0
2020-11-13 00:00:00+00:00,2004,CORN,410.5,450000000.0,notional_at_entry,long,752823.0,long,601932558.5,0
2020-11-16 00:00:00+00:00,2005,CORN,416.25,450000000.0,notional_at_entry,long,752823.0,long,606261290.75,0
2020-11-17 00:00:00+00:00,2006,CORN,420.25,450000000.0,notional_at_entry,long,752823.0,long,609272582.75,0
2020-11-18 00:00:00+00:00,2007,CORN,425.75,450000000.0,notional_at_entry,long,752823.0,long,613413109.25,0
2020-11-19 00:00:00+00:00,2008,CORN,422.5,450000000.0,notional_at_entry,long,752823.0,long,610966434.5,0
2020-11-20 00:00:00+00:00,2009,CORN,423.25,450000000.0,notional_at_entry,long,752823.0,long,611531051.75,0
2020-11-23 00:00:00+00:00,2010,CORN,426.5,450000000.0,notional_at_entry,long,752823.0,long,613977726.5,0
2020-11-24 00:00:00+00:00,2011,CORN,425.75,450000000.0,notional_at_entry,long,752823.0,long,613413109.25,0
2020-11-25 00:00:00+00:00,2012,CORN,420.0,450000000.0,notional_at_entry,long,752823.0,long,609084377.0,0
2020-11-27 00:00:00+00:00,2013,CORN,425.5,450000000.0,notional_at_entry,long,752823.0,long,613224903.5,0
2020-11-30 00:00:00+00:00,2014,CORN,419.75,450000000.0,notional_at_entry,long,752823.0,long,608896171.25,0
2020-12-01 00:00:00+00:00,2015,CORN,414.75,450000000.0,notional_at_entry,long,752823.0,long,605132056.25,0
2020-12-02 00:00:00+00:00,2016,CORN,419.0,450000000.0,notional_at_entry,long,752823.0,long,608331554.0,0
2020-12-03 00:00:00+00:00,2017,CORN,422.5,450000000.0,notional_at_entry,long,752823.0,long,610966434.5,0
2020-12-04 00:00:00+00:00,2018,CORN,417.0,450000000.0,notional_at_entry,long,752823.0,long,606825908.0,0
2020-12-07 00:00:00+00:00,2019,CORN,419.5,450000000.0,notional_at_entry,long,752823.0,long,608707965.5,0
2020-12-08 00:00:00+00:00,2020,CORN,417.0,450000000.0,notional_at_entry,long,752823.0,long,606825908.0,0
2020-12-09 00:00:00+00:00,2021,CORN,422.0,450000000.0,notional_at_entry,long,752823.0,long,610590023.0,0
2020-12-10 00:00:00+00:00,2022,CORN,420.25,450000000.0,notional_at_entry,long,752823.0,long,609272582.75,0
2020-12-11 00:00:00+00:00,2023,CORN,424.25,450000000.0,notional_at_entry,long,752823.0,long,612283874.75,0
2020-12-14 00:00:00+00:00,2024,CORN,419.25,450000000.0,notional_at_entry,long,752823.0,long,608519759.75,0
2020-12-15 00:00:00+00:00,2025,CORN,424.75,450000000.0,notional_at_entry,long,752823.0,long,612660286.25,0
2020-12-16 00:00:00+00:00,2026,CORN,427.25,450000000.0,notional_at_entry,long,752823.0,long,614542343.75,0
2020-12-17 00:00:00+00:00,2027,CORN,432.5,450000000.0,notional_at_entry,long,752823.0,long,618494664.5,0
2020-12-18 00:00:00+00:00,2028,CORN,437.5,450000000.0,notional_at_entry,long,752823.0,long,622258779.5,0
2020-12-21 00:00:00+00:00,2029,CORN,440.0,450000000.0,notional_at_entry,long,752823.0,long,624140837.0,0
2020-12-22 00:00:00+00:00,2030,CORN,443.5,450000000.0,notional_at_entry,long,752823.0,long,626775717.5,0
2020-12-23 00:00:00+00:00,2031,CORN,447.25,450000000.0,notional_at_entry,long,752823.0,long,629598803.75,0
2020-12-24 00:00:00+00:00,2032,CORN,451.0,450000000.0,notional_at_entry,long,752823.0,long,632421890.0,0
2020-12-28 00:00:00+00:00,2033,CORN,456.5,450000000.0,notional_at_entry,long,752823.0,long,636562416.5,0
2020-12-29 00:00:00+00:00,2034,CORN,466.0,450000000.0,notional_at_entry,long,752823.0,long,643714235.0,0
2020-12-30 00:00:00+00:00,2035,CORN,474.5,450000000.0,notional_at_entry,long,752823.0,long,650113230.5,0
2020-12-31 00:00:00+00:00,2036,CORN,484.0,450000000.0,notional_at_entry,long,752823.0,long,657265049.0,0
2021-01-01 00:00:00+00:00,2037,CORN,485.75,450000000.0,notional_at_entry,long,752823.0,long,658582489.25,0
2021-01-04 00:00:00+00:00,2038,CORN,483.75,450000000.0,notional_at_entry,long,752823.0,long,657076843.25,0
2021-01-05 00:00:00+00:00,2039,CORN,491.75,450000000.0,notional_at_entry,long,752823.0,long,663099427.25,0
2021-01-06 00:00:00+00:00,2040,CORN,495.0,450000000.0,notional_at_entry,long,752823.0,long,665546102.0,0
2021-01-07 00:00:00+00:00,2041,CORN,494.0,450000000.0,notional_at_entry,long,752823.0,long,664793279.0,0
2021-01-08 00:00:00+00:00,2042,CORN,496.25,450000000.0,notional_at_entry,long,752823.0,long,666487130.75,0
2021-01-11 00:00:00+00:00,2043,CORN,492.25,450000000.0,notional_at_entry,long,752823.0,long,663475838.75,0
2021-01-12 00:00:00+00:00,2044,CORN,517.25,450000000.0,notional_at_entry,long,752823.0,long,682296413.75,0
2021-01-13 00:00:00+00:00,2045,CORN,524.5,450000000.0,notional_at_entry,long,752823.0,long,687754380.5,0
2021-01-14 00:00:00+00:00,2046,CORN,534.25,450000000.0,notional_at_entry,long,752823.0,long,695094404.75,0
2021-01-15 00:00:00+00:00,2047,CORN,531.5,450000000.0,notional_at_entry,long,752823.0,long,693024141.5,0
2021-01-19 00:00:00+00:00,2048,CORN,526.0,450000000.0,notional_at_entry,long,752823.0,long,688883615.0,0
2021-01-20 00:00:00+00:00,2049,CORN,522.0,450000000.0,notional_at_entry,long,752823.0,long,685872323.0,0
2021-01-21 00:00:00+00:00,2050,CORN,524.25,450000000.0,notional_at_entry,long,752823.0,long,687566174.75,0
2021-01-22 00:00:00+00:00,2051,CORN,500.5,450000000.0,notional_at_entry,long,752823.0,long,669686628.5,0
2021-01-25 00:00:00+00:00,2052,CORN,511.5,450000000.0,notional_at_entry,long,752823.0,long,677967681.5,0
2021-01-26 00:00:00+00:00,2053,CORN,532.25,450000000.0,notional_at_entry,long,752823.0,long,693588758.75,0
2021-01-27 00:00:00+00:00,2054,CORN,534.0,450000000.0,notional_at_entry,long,752823.0,long,694906199.0,0
2021-01-28 00:00:00+00:00,2055,CORN,534.5,450000000.0,notional_at_entry,long,752823.0,long,695282610.5,0
2021-01-29 00:00:00+00:00,2056,CORN,547.0,450000000.0,notional_at_entry,long,752823.0,long,704692898.0,0
2021-02-01 00:00:00+00:00,2057,CORN,549.25,450000000.0,notional_at_entry,long,752823.0,long,706386749.75,0
2021-02-02 00:00:00+00:00,2058,CORN,543.0,450000000.0,notional_at_entry,long,752823.0,long,701681606.0,0
2021-02-03 00:00:00+00:00,2059,CORN,552.0,450000000.0,notional_at_entry,long,752823.0,long,708457013.0,0
2021-02-04 00:00:00+00:00,2060,CORN,550.0,450000000.0,notional_at_entry,long,752823.0,long,706951367.0,0
2021-02-05 00:00:00+00:00,2061,CORN,548.5,450000000.0,notional_at_entry,long,752823.0,long,705822132.5,0
2021-02-08 00:00:00+00:00,2062,CORN,563.75,450000000.0,notional_at_entry,long,752823.0,long,717302683.25,0
2021-02-09 00:00:00+00:00,2063,CORN,556.25,450000000.0,notional_at_entry,long,752823.0,long,711656510.75,0
2021-02-10 00:00:00+00:00,2064,CORN,534.5,-300000000.0,notional_at_entry,short,-561272.0,short,695282610.5,1
2021-02-11 00:00:00+00:00,2065,CORN,541.0,-300000000.0,notional_at_entry,short,-561272.0,short,691634342.5,0
2021-02-12 00:00:00+00:00,2066,CORN,538.75,-300000000.0,notional_at_entry,short,-561272.0,short,692897204.5,0
2021-02-14 00:00:00+00:00,2067,CORN,539.5,-300000000.0,notional_at_entry,short,-561272.0,short,692476250.5,0
2021-02-15 00:00:00+00:00,2068,CORN,539.62,-300000000.0,notional_at_entry,short,-561272.0,short,692408897.86,0
2021-02-16 00:00:00+00:00,2069,CORN,552.25,-300000000.0,notional_at_entry,short,-561272.0,short,685320032.5,0
2021-02-17 00:00:00+00:00,2070,CORN,553.0,-300000000.0,notional_at_entry,short,-561272.0,short,684899078.5,0
2021-02-18 00:00:00+00:00,2071,CORN,550.25,450000000.0,notional_at_entry,long,817810.0,long,686442576.5,1
2021-02-19 00:00:00+00:00,2072,CORN,542.75,450000000.0,notional_at_entry,long,817810.0,long,680309001.5,0
2021-02-22 00:00:00+00:00,2073,CORN,551.0,450000000.0,notional_at_entry,long,817810.0,long,687055934.0,0
2021-02-23 00:00:00+00:00,2074,CORN,553.75,-300000000.0,notional_at_entry,short,-541760.0,short,689304911.5,1
2021-02-24 00:00:00+00:00,2075,CORN,559.25,-300000000.0,notional_at_entry,short,-541760.0,short,686325231.5,0
2021-02-25 00:00:00+00:00,2076,CORN,554.75,300000000.0,notional_at_entry,long,540784.0,long,688763151.5,1
2021-02-26 00:00:00+00:00,2077,CORN,555.5,300000000.0,notional_at_entry,long,540784.0,long,689168739.5,0
2021-03-01 00:00:00+00:00,2078,CORN,547.5,-300000000.0,notional_at_entry,short,-547945.0,short,684842467.5,1
2021-03-02 00:00:00+00:00,2079,CORN,560.75,-300000000.0,notional_at_entry,short,-547945.0,short,677582196.25,0
2021-03-03 00:00:00+00:00,2080,CORN,550.25,-300000000.0,notional_at_entry,short,-547945.0,short,683335618.75,0
2021-03-04 00:00:00+00:00,2081,CORN,546.25,-300000000.0,notional_at_entry,short,-547945.0,short,685527398.75,0
2021-03-05 00:00:00+00:00,2082,CORN,562.0,-300000000.0,notional_at_entry,short,-547945.0,short,676897265.0,0
2021-03-08 00:00:00+00:00,2083,CORN,565.0,-300000000.0,notional_at_entry,short,-547945.0,short,675253430.0,0
2021-03-09 00:00:00+00:00,2084,CORN,562.0,-300000000.0,notional_at_entry,short,-547945.0,short,676897265.0,0
2021-03-10 00:00:00+00:00,2085,CORN,547.75,-300000000.0,notional_at_entry,short,-547945.0,short,684705481.25,0
2021-03-11 00:00:00+00:00,2086,CORN,555.0,-300000000.0,notional_at_entry,short,-547945.0,short,680732880.0,0
2021-03-12 00:00:00+00:00,2087,CORN,549.25,-300000000.0,notional_at_entry,short,-547945.0,short,683883563.75,0
2021-03-15 00:00:00+00:00,2088,CORN,549.5,-300000000.0,notional_at_entry,short,-547945.0,short,683746577.5,0
2021-03-16 00:00:00+00:00,2089,CORN,554.25,-300000000.0,notional_at_entry,short,-547945.0,short,681143838.75,0
2021-03-17 00:00:00+00:00,2090,CORN,558.0,-300000000.0,notional_at_entry,short,-547945.0,short,679089045.0,0
2021-03-18 00:00:00+00:00,2091,CORN,546.5,-300000000.0,notional_at_entry,short,-547945.0,short,685390412.5,0
2021-03-19 00:00:00+00:00,2092,CORN,557.75,-300000000.0,notional_at_entry,short,-547945.0,short,679226031.25,0
2021-03-22 00:00:00+00:00,2093,CORN,549.0,-300000000.0,notional_at_entry,short,-547945.0,short,684020550.0,0
2021-03-23 00:00:00+00:00,2094,CORN,551.25,-300000000.0,notional_at_entry,short,-547945.0,short,682787673.75,0
2021-03-24 00:00:00+00:00,2095,CORN,553.25,-300000000.0,notional_at_entry,short,-547945.0,short,681691783.75,0
2021-03-25 00:00:00+00:00,2096,CORN,546.5,-300000000.0,notional_at_entry,short,-547945.0,short,685390412.5,0
2021-03-26 00:00:00+00:00,2097,CORN,552.5,-300000000.0,notional_at_entry,short,-547945.0,short,682102742.5,0
2021-03-29 00:00:00+00:00,2098,CORN,546.75,-300000000.0,notional_at_entry,short,-547945.0,short,685253426.25,0
2021-03-30 00:00:00+00:00,2099,CORN,539.25,-300000000.0,notional_at_entry,short,-547945.0,short,689363013.75,0
2021-03-31 00:00:00+00:00,2100,CORN,564.25,-300000000.0,notional_at_entry,short,-547945.0,short,675664388.75,0
2021-04-01 00:00:00+00:00,2101,CORN,559.75,-300000000.0,notional_at_entry,short,-547945.0,short,678130141.25,0
2021-04-05 00:00:00+00:00,2102,CORN,553.25,-300000000.0,notional_at_entry,short,-547945.0,short,681691783.75,0
2021-04-06 00:00:00+00:00,2103,CORN,554.25,-300000000.0,notional_at_entry,short,-547945.0,short,681143838.75,0
2021-04-07 00:00:00+00:00,2104,CORN,560.5,-300000000.0,notional_at_entry,short,-547945.0,short,677719182.5,0
2021-04-08 00:00:00+00:00,2105,CORN,579.75,-300000000.0,notional_at_entry,short,-547945.0,short,667171241.25,0
2021-04-09 00:00:00+00:00,2106,CORN,577.25,-300000000.0,notional_at_entry,short,-547945.0,short,668541103.75,0
2021-04-12 00:00:00+00:00,2107,CORN,569.0,-300000000.0,notional_at_entry,short,-547945.0,short,673061650.0,0
2021-04-13 00:00:00+00:00,2108,CORN,580.0,-300000000.0,notional_at_entry,short,-547945.0,short,667034255.0,0
2021-04-14 00:00:00+00:00,2109,CORN,594.0,-300000000.0,notional_at_entry,short,-547945.0,short,659363025.0,0
2021-04-15 00:00:00+00:00,2110,CORN,590.0,-300000000.0,notional_at_entry,short,-547945.0,short,661554805.0,0
2021-04-16 00:00:00+00:00,2111,CORN,585.5,-300000000.0,notional_at_entry,short,-547945.0,short,664020557.5,0
2021-04-19 00:00:00+00:00,2112,CORN,592.0,-300000000.0,notional_at_entry,short,-547945.0,short,660458915.0,0
2021-04-20 00:00:00+00:00,2113,CORN,606.5,-300000000.0,notional_at_entry,short,-547945.0,short,652513712.5,0
2021-04-21 00:00:00+00:00,2114,CORN,625.5,-300000000.0,notional_at_entry,short,-547945.0,short,642102757.5,0
2021-04-22 00:00:00+00:00,2115,CORN,650.5,-300000000.0,notional_at_entry,short,-547945.0,short,628404132.5,0
2021-04-23 00:00:00+00:00,2116,CORN,655.5,-300000000.0,notional_at_entry,short,-547945.0,short,625664407.5,0
2021-04-26 00:00:00+00:00,2117,CORN,680.5,-300000000.0,notional_at_entry,short,-547945.0,short,611965782.5,0
2021-04-27 00:00:00+00:00,2118,CORN,695.5,-300000000.0,notional_at_entry,short,-547945.0,short,603746607.5,0
2021-04-28 00:00:00+00:00,2119,CORN,686.25,450000000.0,notional_at_entry,long,655737.0,long,608815098.75,1
2021-04-29 00:00:00+00:00,2120,CORN,702.0,450000000.0,notional_at_entry,long,655737.0,long,619142956.5,0
2021-04-30 00:00:00+00:00,2121,CORN,740.0,300000000.0,notional_at_entry,long,655737.0,long,644060962.5,0
2021-05-03 00:00:00+00:00,2122,CORN,732.25,300000000.0,notional_at_entry,long,655737.0,long,638979000.75,0
2021-05-04 00:00:00+00:00,2123,CORN,744.75,300000000.0,notional_at_entry,long,655737.0,long,647175713.25,0
2021-05-05 00:00:00+00:00,2124,CORN,753.25,300000000.0,notional_at_entry,long,655737.0,long,652749477.75,0
2021-05-06 00:00:00+00:00,2125,CORN,759.5,300000000.0,notional_at_entry,long,655737.0,long,656847834.0,0
2021-05-07 00:00:00+00:00,2126,CORN,772.75,300000000.0,notional_at_entry,long,655737.0,long,665536349.25,0
2021-05-10 00:00:00+00:00,2127,CORN,748.0,300000000.0,notional_at_entry,long,655737.0,long,649306858.5,0
2021-05-11 00:00:00+00:00,2128,CORN,759.5,300000000.0,notional_at_entry,long,655737.0,long,656847834.0,0
2021-05-12 00:00:00+00:00,2129,CORN,757.5,300000000.0,notional_at_entry,long,655737.0,long,655536360.0,0
2021-05-13 00:00:00+00:00,2130,CORN,719.0,300000000.0,notional_at_entry,long,655737.0,long,630290485.5,0
2021-05-14 00:00:00+00:00,2131,CORN,685.0,300000000.0,notional_at_entry,long,655737.0,long,607995427.5,0
2021-05-17 00:00:00+00:00,2132,CORN,652.5,300000000.0,notional_at_entry,long,655737.0,long,586683975.0,0
2021-05-18 00:00:00+00:00,2133,CORN,658.25,300000000.0,notional_at_entry,long,655737.0,long,590454462.75,0
2021-05-19 00:00:00+00:00,2134,CORN,658.25,300000000.0,notional_at_entry,long,655737.0,long,590454462.75,0
2021-05-20 00:00:00+00:00,2135,CORN,664.5,300000000.0,notional_at_entry,long,655737.0,long,594552819.0,0
2021-05-21 00:00:00+00:00,2136,CORN,659.5,300000000.0,notional_at_entry,long,655737.0,long,591274134.0,0
2021-05-24 00:00:00+00:00,2137,CORN,657.25,300000000.0,notional_at_entry,long,655737.0,long,589798725.75,0
2021-05-25 00:00:00+00:00,2138,CORN,620.25,300000000.0,notional_at_entry,long,655737.0,long,565536456.75,0
2021-05-26 00:00:00+00:00,2139,CORN,624.5,-300000000.0,notional_at_entry,short,-480384.0,short,568323339.0,1
2021-05-27 00:00:00+00:00,2140,CORN,664.5,-300000000.0,notional_at_entry,short,-480384.0,short,549107979.0,0
2021-05-28 00:00:00+00:00,2141,CORN,656.75,-300000000.0,notional_at_entry,short,-480384.0,short,552830955.0,0
2021-05-31 00:00:00+00:00,2142,CORN,666.88,-300000000.0,notional_at_entry,short,-480384.0,short,547964665.08,0
2021-06-01 00:00:00+00:00,2143,CORN,688.75,300000000.0,notional_at_entry,long,435571.0,long,537458667.0,1
2021-06-02 00:00:00+00:00,2144,CORN,675.0,300000000.0,notional_at_entry,long,435571.0,long,531469565.75,0
2021-06-03 00:00:00+00:00,2145,CORN,662.0,300000000.0,notional_at_entry,long,435571.0,long,525807142.75,0
2021-06-04 00:00:00+00:00,2146,CORN,682.75,300000000.0,notional_at_entry,long,435571.0,long,534845241.0,0
2021-06-07 00:00:00+00:00,2147,CORN,679.25,300000000.0,notional_at_entry,long,435571.0,long,533320742.5,0
2021-06-08 00:00:00+00:00,2148,CORN,680.0,300000000.0,notional_at_entry,long,435571.0,long,533647420.75,0
2021-06-09 00:00:00+00:00,2149,CORN,690.75,300000000.0,notional_at_entry,long,435571.0,long,538329809.0,0
2021-06-10 00:00:00+00:00,2150,CORN,699.0,300000000.0,notional_at_entry,long,435571.0,long,541923269.75,0
2021-06-11 00:00:00+00:00,2151,CORN,684.5,300000000.0,notional_at_entry,long,435571.0,long,535607490.25,0
2021-06-14 00:00:00+00:00,2152,CORN,659.25,300000000.0,notional_at_entry,long,435571.0,long,524609322.5,0
2021-06-15 00:00:00+00:00,2153,CORN,667.5,300000000.0,notional_at_entry,long,435571.0,long,528202783.25,0
2021-06-16 00:00:00+00:00,2154,CORN,673.0,300000000.0,notional_at_entry,long,435571.0,long,530598423.75,0
2021-06-17 00:00:00+00:00,2155,CORN,633.0,300000000.0,notional_at_entry,long,435571.0,long,513175583.75,0
2021-06-18 00:00:00+00:00,2156,CORN,655.25,300000000.0,notional_at_entry,long,435571.0,long,522867038.5,0
2021-06-21 00:00:00+00:00,2157,CORN,659.25,300000000.0,notional_at_entry,long,435571.0,long,524609322.5,0
2021-06-22 00:00:00+00:00,2158,CORN,659.75,300000000.0,notional_at_entry,long,435571.0,long,524827108.0,0
2021-06-23 00:00:00+00:00,2159,CORN,664.25,300000000.0,notional_at_entry,long,435571.0,long,526787177.5,0
2021-06-24 00:00:00+00:00,2160,CORN,653.25,300000000.0,notional_at_entry,long,435571.0,long,521995896.5,0
2021-06-25 00:00:00+00:00,2161,CORN,636.5,300000000.0,notional_at_entry,long,435571.0,long,514700082.25,0
2021-06-28 00:00:00+00:00,2162,CORN,675.5,300000000.0,notional_at_entry,long,435571.0,long,531687351.25,0
2021-06-29 00:00:00+00:00,2163,CORN,694.5,300000000.0,notional_at_entry,long,435571.0,long,539963200.25,0
2021-06-30 00:00:00+00:00,2164,CORN,720.0,300000000.0,notional_at_entry,long,435571.0,long,551070260.75,0
2021-07-01 00:00:00+00:00,2165,CORN,719.75,300000000.0,notional_at_entry,long,435571.0,long,550961368.0,0
2021-07-02 00:00:00+00:00,2166,CORN,697.25,300000000.0,notional_at_entry,long,435571.0,long,541161020.5,0
2021-07-06 00:00:00+00:00,2167,CORN,656.0,300000000.0,notional_at_entry,long,435571.0,long,523193716.75,0
2021-07-07 00:00:00+00:00,2168,CORN,652.5,300000000.0,notional_at_entry,long,435571.0,long,521669218.25,0
2021-07-08 00:00:00+00:00,2169,CORN,638.0,300000000.0,notional_at_entry,long,435571.0,long,515353438.75,0
2021-07-09 00:00:00+00:00,2170,CORN,629.75,300000000.0,notional_at_entry,long,435571.0,long,511759978.0,0
2021-07-12 00:00:00+00:00,2171,CORN,669.25,300000000.0,notional_at_entry,long,435571.0,long,528965032.5,0
2021-07-13 00:00:00+00:00,2172,CORN,677.0,300000000.0,notional_at_entry,long,435571.0,long,532340707.75,0
2021-07-14 00:00:00+00:00,2173,CORN,683.0,-450000000.0,notional_at_entry,short,-658857.0,short,534954133.75,1
2021-07-15 00:00:00+00:00,2174,CORN,564.25,-450000000.0,notional_at_entry,short,-658857.0,short,613193402.5,0
2021-07-16 00:00:00+00:00,2175,CORN,556.0,-450000000.0,notional_at_entry,short,-658857.0,short,618628972.75,0
2021-07-19 00:00:00+00:00,2176,CORN,556.0,-450000000.0,notional_at_entry,short,-658857.0,short,618628972.75,0
2021-07-20 00:00:00+00:00,2177,CORN,571.75,-450000000.0,notional_at_entry,short,-658857.0,short,608251975.0,0
2021-07-21 00:00:00+00:00,2178,CORN,571.75,-450000000.0,notional_at_entry,short,-658857.0,short,608251975.0,0
2021-07-22 00:00:00+00:00,2179,CORN,564.5,-450000000.0,notional_at_entry,short,-658857.0,short,613028688.25,0
2021-07-23 00:00:00+00:00,2180,CORN,547.25,-450000000.0,notional_at_entry,short,-658857.0,short,624393971.5,0
2021-07-26 00:00:00+00:00,2181,CORN,549.75,-450000000.0,notional_at_entry,short,-658857.0,short,622746829.0,0
2021-07-27 00:00:00+00:00,2182,CORN,548.75,-450000000.0,notional_at_entry,short,-658857.0,short,623405686.0,0
2021-07-28 00:00:00+00:00,2183,CORN,549.25,-450000000.0,notional_at_entry,short,-658857.0,short,623076257.5,0
2021-07-29 00:00:00+00:00,2184,CORN,558.0,-450000000.0,notional_at_entry,short,-658857.0,short,617311258.75,0
2021-07-30 00:00:00+00:00,2185,CORN,547.0,-450000000.0,notional_at_entry,short,-658857.0,short,624558685.75,0
2021-08-02 00:00:00+00:00,2186,CORN,558.75,-450000000.0,notional_at_entry,short,-658857.0,short,616817116.0,0
2021-08-03 00:00:00+00:00,2187,CORN,550.5,-450000000.0,notional_at_entry,short,-658857.0,short,622252686.25,0
2021-08-04 00:00:00+00:00,2188,CORN,545.75,-450000000.0,notional_at_entry,short,-658857.0,short,625382257.0,0
2021-08-05 00:00:00+00:00,2189,CORN,555.75,-450000000.0,notional_at_entry,short,-658857.0,short,618793687.0,0
2021-08-06 00:00:00+00:00,2190,CORN,555.0,-450000000.0,notional_at_entry,short,-658857.0,short,619287829.75,0
2021-08-09 00:00:00+00:00,2191,CORN,550.25,-450000000.0,notional_at_entry,short,-658857.0,short,622417400.5,0
2021-08-10 00:00:00+00:00,2192,CORN,549.25,-450000000.0,notional_at_entry,short,-658857.0,short,623076257.5,0
2021-08-11 00:00:00+00:00,2193,CORN,556.25,-450000000.0,notional_at_entry,short,-658857.0,short,618464258.5,0
2021-08-12 00:00:00+00:00,2194,CORN,567.0,-450000000.0,notional_at_entry,short,-658857.0,short,611381545.75,0
2021-08-13 00:00:00+00:00,2195,CORN,568.25,-450000000.0,notional_at_entry,short,-658857.0,short,610557974.5,0
2021-08-16 00:00:00+00:00,2196,CORN,564.75,300000000.0,notional_at_entry,long,531208.0,long,612863974.0,1
2021-08-17 00:00:00+00:00,2197,CORN,558.25,300000000.0,notional_at_entry,long,531208.0,long,609411122.0,0
2021-08-18 00:00:00+00:00,2198,CORN,561.75,300000000.0,notional_at_entry,long,531208.0,long,611270350.0,0
2021-08-19 00:00:00+00:00,2199,CORN,550.0,300000000.0,notional_at_entry,long,531208.0,long,605028656.0,0
2021-08-20 00:00:00+00:00,2200,CORN,538.75,300000000.0,notional_at_entry,long,531208.0,long,599052566.0,0
2021-08-23 00:00:00+00:00,2201,CORN,538.0,300000000.0,notional_at_entry,long,531208.0,long,598654160.0,0
2021-08-24 00:00:00+00:00,2202,CORN,544.5,300000000.0,notional_at_entry,long,531208.0,long,602107012.0,0
2021-08-25 00:00:00+00:00,2203,CORN,551.25,-450000000.0,notional_at_entry,short,-816326.0,short,605692666.0,1
2021-08-26 00:00:00+00:00,2204,CORN,552.75,-450000000.0,notional_at_entry,short,-816326.0,short,604468177.0,0
2021-08-27 00:00:00+00:00,2205,CORN,558.0,-450000000.0,notional_at_entry,short,-816326.0,short,600182465.5,0
2021-08-30 00:00:00+00:00,2206,CORN,540.25,-450000000.0,notional_at_entry,short,-816326.0,short,614672252.0,0
2021-08-31 00:00:00+00:00,2207,CORN,534.0,-450000000.0,notional_at_entry,short,-816326.0,short,619774289.5,0
2021-09-01 00:00:00+00:00,2208,CORN,515.5,-450000000.0,notional_at_entry,short,-816326.0,short,634876320.5,0
2021-09-02 00:00:00+00:00,2209,CORN,516.25,-450000000.0,notional_at_entry,short,-816326.0,short,634264076.0,0
2021-09-03 00:00:00+00:00,2210,CORN,508.0,-450000000.0,notional_at_entry,short,-816326.0,short,640998765.5,0
2021-09-06 00:00:00+00:00,2211,CORN,524.25,-450000000.0,notional_at_entry,short,-816326.0,short,627733468.0,0
2021-09-07 00:00:00+00:00,2212,CORN,495.75,-450000000.0,notional_at_entry,short,-816326.0,short,650998759.0,0
2021-09-08 00:00:00+00:00,2213,CORN,498.25,-450000000.0,notional_at_entry,short,-816326.0,short,648957944.0,0
2021-09-09 00:00:00+00:00,2214,CORN,496.0,-450000000.0,notional_at_entry,short,-816326.0,short,650794677.5,0
2021-09-10 00:00:00+00:00,2215,CORN,502.75,-450000000.0,notional_at_entry,short,-816326.0,short,645284477.0,0
2021-09-13 00:00:00+00:00,2216,CORN,496.75,-450000000.0,notional_at_entry,short,-816326.0,short,650182433.0,0
2021-09-14 00:00:00+00:00,2217,CORN,503.0,-450000000.0,notional_at_entry,short,-816326.0,short,645080395.5,0
2021-09-15 00:00:00+00:00,2218,CORN,533.5,-450000000.0,notional_at_entry,short,-816326.0,short,620182452.5,0
2021-09-16 00:00:00+00:00,2219,CORN,529.5,-450000000.0,notional_at_entry,short,-816326.0,short,623447756.5,0
2021-09-17 00:00:00+00:00,2220,CORN,527.25,-450000000.0,notional_at_entry,short,-816326.0,short,625284490.0,0
2021-09-20 00:00:00+00:00,2221,CORN,521.75,-450000000.0,notional_at_entry,short,-816326.0,short,629774283.0,0
2021-09-21 00:00:00+00:00,2222,CORN,517.0,-450000000.0,notional_at_entry,short,-816326.0,short,633651831.5,0
2021-09-22 00:00:00+00:00,2223,CORN,525.5,-450000000.0,notional_at_entry,short,-816326.0,short,626713060.5,0
2021-09-23 00:00:00+00:00,2224,CORN,529.25,-450000000.0,notional_at_entry,short,-816326.0,short,623651838.0,0
2021-09-24 00:00:00+00:00,2225,CORN,526.75,-450000000.0,notional_at_entry,short,-816326.0,short,625692653.0,0
2021-09-27 00:00:00+00:00,2226,CORN,539.5,-450000000.0,notional_at_entry,short,-816326.0,short,615284496.5,0
2021-09-28 00:00:00+00:00,2227,CORN,532.5,-450000000.0,notional_at_entry,short,-816326.0,short,620998778.5,0
2021-09-29 00:00:00+00:00,2228,CORN,539.0,-450000000.0,notional_at_entry,short,-816326.0,short,615692659.5,0
2021-09-30 00:00:00+00:00,2229,CORN,536.75,-450000000.0,notional_at_entry,short,-816326.0,short,617529393.0,0
2021-10-01 00:00:00+00:00,2230,CORN,541.5,300000000.0,notional_at_entry,long,554016.0,long,613651844.5,1
2021-10-04 00:00:00+00:00,2231,CORN,540.75,300000000.0,notional_at_entry,long,554016.0,long,613236332.5,0
2021-10-05 00:00:00+00:00,2232,CORN,537.5,300000000.0,notional_at_entry,long,554016.0,long,611435780.5,0
2021-10-06 00:00:00+00:00,2233,CORN,532.25,300000000.0,notional_at_entry,long,554016.0,long,608527196.5,0
2021-10-07 00:00:00+00:00,2234,CORN,534.0,300000000.0,notional_at_entry,long,554016.0,long,609496724.5,0
2021-10-08 00:00:00+00:00,2235,CORN,530.5,300000000.0,notional_at_entry,long,554016.0,long,607557668.5,0
2021-10-11 00:00:00+00:00,2236,CORN,533.0,300000000.0,notional_at_entry,long,554016.0,long,608942708.5,0
2021-10-12 00:00:00+00:00,2237,CORN,522.5,300000000.0,notional_at_entry,long,554016.0,long,603125540.5,0
2021-10-13 00:00:00+00:00,2238,CORN,512.25,300000000.0,notional_at_entry,long,554016.0,long,597446876.5,0
2021-10-14 00:00:00+00:00,2239,CORN,516.75,300000000.0,notional_at_entry,long,554016.0,long,599939948.5,0
2021-10-15 00:00:00+00:00,2240,CORN,525.75,300000000.0,notional_at_entry,long,554016.0,long,604926092.5,0
2021-10-18 00:00:00+00:00,2241,CORN,532.75,-300000000.0,notional_at_entry,short,-563115.0,short,608804204.5,1
2021-10-19 00:00:00+00:00,2242,CORN,530.25,-300000000.0,notional_at_entry,short,-563115.0,short,610211992.0,0
2021-10-20 00:00:00+00:00,2243,CORN,539.25,-300000000.0,notional_at_entry,short,-563115.0,short,605143957.0,0
2021-10-21 00:00:00+00:00,2244,CORN,532.25,-300000000.0,notional_at_entry,short,-563115.0,short,609085762.0,0
2021-10-22 00:00:00+00:00,2245,CORN,538.0,-300000000.0,notional_at_entry,short,-563115.0,short,605847850.75,0
2021-10-25 00:00:00+00:00,2246,CORN,538.0,-300000000.0,notional_at_entry,short,-563115.0,short,605847850.75,0
2021-10-26 00:00:00+00:00,2247,CORN,543.5,300000000.0,notional_at_entry,long,551977.0,long,602750718.25,1
2021-10-27 00:00:00+00:00,2248,CORN,557.25,300000000.0,notional_at_entry,long,551977.0,long,610340402.0,0
2021-10-28 00:00:00+00:00,2249,CORN,562.75,300000000.0,notional_at_entry,long,551977.0,long,613376275.5,0
2021-10-29 00:00:00+00:00,2250,CORN,568.25,300000000.0,notional_at_entry,long,551977.0,long,616412149.0,0
2021-11-01 00:00:00+00:00,2251,CORN,579.0,300000000.0,notional_at_entry,long,551977.0,long,622345901.75,0
2021-11-02 00:00:00+00:00,2252,CORN,573.0,300000000.0,notional_at_entry,long,551977.0,long,619034039.75,0
2021-11-03 00:00:00+00:00,2253,CORN,564.0,300000000.0,notional_at_entry,long,551977.0,long,614066246.75,0
2021-11-04 00:00:00+00:00,2254,CORN,559.25,300000000.0,notional_at_entry,long,551977.0,long,611444356.0,0
2021-11-05 00:00:00+00:00,2255,CORN,553.0,300000000.0,notional_at_entry,long,551977.0,long,607994499.75,0
2021-11-08 00:00:00+00:00,2256,CORN,551.5,300000000.0,notional_at_entry,long,551977.0,long,607166534.25,0
2021-11-09 00:00:00+00:00,2257,CORN,554.75,300000000.0,notional_at_entry,long,551977.0,long,608960459.5,0
2021-11-10 00:00:00+00:00,2258,CORN,569.25,300000000.0,notional_at_entry,long,551977.0,long,616964126.0,0
2021-11-11 00:00:00+00:00,2259,CORN,569.5,300000000.0,notional_at_entry,long,551977.0,long,617102120.25,0
2021-11-12 00:00:00+00:00,2260,CORN,577.25,300000000.0,notional_at_entry,long,551977.0,long,621379942.0,0
2021-11-15 00:00:00+00:00,2261,CORN,576.5,300000000.0,notional_at_entry,long,551977.0,long,620965959.25,0
2021-11-16 00:00:00+00:00,2262,CORN,571.0,300000000.0,notional_at_entry,long,551977.0,long,617930085.75,0
2021-11-17 00:00:00+00:00,2263,CORN,575.25,300000000.0,notional_at_entry,long,551977.0,long,620275988.0,0
2021-11-18 00:00:00+00:00,2264,CORN,573.0,300000000.0,notional_at_entry,long,551977.0,long,619034039.75,0
2021-11-19 00:00:00+00:00,2265,CORN,570.75,300000000.0,notional_at_entry,long,551977.0,long,617792091.5,0
2021-11-22 00:00:00+00:00,2266,CORN,576.75,300000000.0,notional_at_entry,long,551977.0,long,621103953.5,0
2021-11-23 00:00:00+00:00,2267,CORN,580.5,300000000.0,notional_at_entry,long,551977.0,long,623173867.25,0
2021-11-24 00:00:00+00:00,2268,CORN,579.75,300000000.0,notional_at_entry,long,551977.0,long,622759884.5,0
2021-11-26 00:00:00+00:00,2269,CORN,586.75,300000000.0,notional_at_entry,long,551977.0,long,626623723.5,0
2021-11-29 00:00:00+00:00,2270,CORN,581.0,300000000.0,notional_at_entry,long,551977.0,long,623449855.75,0
2021-11-30 00:00:00+00:00,2271,CORN,567.0,300000000.0,notional_at_entry,long,551977.0,long,615722177.75,0
2021-12-01 00:00:00+00:00,2272,CORN,572.0,300000000.0,notional_at_entry,long,551977.0,long,618482062.75,0
2021-12-02 00:00:00+00:00,2273,CORN,577.0,300000000.0,notional_at_entry,long,551977.0,long,621241947.75,0
2021-12-03 00:00:00+00:00,2274,CORN,586.0,300000000.0,notional_at_entry,long,551977.0,long,626209740.75,0
2021-12-06 00:00:00+00:00,2275,CORN,583.5,300000000.0,notional_at_entry,long,551977.0,long,624829798.25,0
2021-12-07 00:00:00+00:00,2276,CORN,586.25,300000000.0,notional_at_entry,long,551977.0,long,626347735.0,0
2021-12-08 00:00:00+00:00,2277,CORN,584.75,-450000000.0,notional_at_entry,short,-769559.0,short,625519769.5,1
2021-12-09 00:00:00+00:00,2278,CORN,588.5,-450000000.0,notional_at_entry,short,-769559.0,short,622633923.25,0
2021-12-10 00:00:00+00:00,2279,CORN,588.5,-450000000.0,notional_at_entry,short,-769559.0,short,622633923.25,0
2021-12-13 00:00:00+00:00,2280,CORN,584.25,-450000000.0,notional_at_entry,short,-769559.0,short,625904549.0,0
2021-12-14 00:00:00+00:00,2281,CORN,588.75,-450000000.0,notional_at_entry,short,-769559.0,short,622441533.5,0
2021-12-15 00:00:00+00:00,2282,CORN,585.75,450000000.0,notional_at_entry,long,768245.0,long,624750210.5,1
2021-12-16 00:00:00+00:00,2283,CORN,591.25,450000000.0,notional_at_entry,long,768245.0,long,628975558.0,0
2021-12-17 00:00:00+00:00,2284,CORN,593.25,450000000.0,notional_at_entry,long,768245.0,long,630512048.0,0
2021-12-20 00:00:00+00:00,2285,CORN,591.0,450000000.0,notional_at_entry,long,768245.0,long,628783496.75,0
2021-12-21 00:00:00+00:00,2286,CORN,598.25,450000000.0,notional_at_entry,long,768245.0,long,634353273.0,0
2021-12-22 00:00:00+00:00,2287,CORN,602.5,450000000.0,notional_at_entry,long,768245.0,long,637618314.25,0
2021-12-23 00:00:00+00:00,2288,CORN,605.75,450000000.0,notional_at_entry,long,768245.0,long,640115110.5,0
2021-12-24 00:00:00+00:00,2289,CORN,605.8,450000000.0,notional_at_entry,long,768245.0,long,640153522.75,0
2021-12-27 00:00:00+00:00,2290,CORN,614.75,450000000.0,notional_at_entry,long,768245.0,long,647029315.5,0
2021-12-28 00:00:00+00:00,2291,CORN,604.75,450000000.0,notional_at_entry,long,768245.0,long,639346865.5,0
2021-12-29 00:00:00+00:00,2292,CORN,605.5,450000000.0,notional_at_entry,long,768245.0,long,639923049.25,0
2021-12-30 00:00:00+00:00,2293,CORN,596.0,450000000.0,notional_at_entry,long,768245.0,long,632624721.75,0
2021-12-31 00:00:00+00:00,2294,CORN,593.25,450000000.0,notional_at_entry,long,768245.0,long,630512048.0,0
2022-01-03 00:00:00+00:00,2295,CORN,589.25,450000000.0,notional_at_entry,long,768245.0,long,627439068.0,0
2022-01-04 00:00:00+00:00,2296,CORN,609.5,450000000.0,notional_at_entry,long,768245.0,long,642996029.25,0
2022-01-05 00:00:00+00:00,2297,CORN,602.25,450000000.0,notional_at_entry,long,768245.0,long,637426253.0,0
2022-01-06 00:00:00+00:00,2298,CORN,603.75,450000000.0,notional_at_entry,long,768245.0,long,638578620.5,0
2022-01-07 00:00:00+00:00,2299,CORN,606.75,450000000.0,notional_at_entry,long,768245.0,long,640883355.5,0
2022-01-10 00:00:00+00:00,2300,CORN,599.75,450000000.0,notional_at_entry,long,768245.0,long,635505640.5,0
2022-01-11 00:00:00+00:00,2301,CORN,601.0,450000000.0,notional_at_entry,long,768245.0,long,636465946.75,0
2022-01-12 00:00:00+00:00,2302,CORN,599.0,450000000.0,notional_at_entry,long,768245.0,long,634929456.75,0
2022-01-13 00:00:00+00:00,2303,CORN,587.5,450000000.0,notional_at_entry,long,768245.0,long,626094639.25,0
2022-01-14 00:00:00+00:00,2304,CORN,596.25,450000000.0,notional_at_entry,long,768245.0,long,632816783.0,0
2022-01-18 00:00:00+00:00,2305,CORN,599.5,450000000.0,notional_at_entry,long,768245.0,long,635313579.25,0
2022-01-19 00:00:00+00:00,2306,CORN,610.5,450000000.0,notional_at_entry,long,768245.0,long,643764274.25,0
2022-01-20 00:00:00+00:00,2307,CORN,611.0,450000000.0,notional_at_entry,long,768245.0,long,644148396.75,0
2022-01-21 00:00:00+00:00,2308,CORN,616.25,450000000.0,notional_at_entry,long,768245.0,long,648181683.0,0
2022-01-24 00:00:00+00:00,2309,CORN,621.0,450000000.0,notional_at_entry,long,768245.0,long,651830846.75,0
2022-01-25 00:00:00+00:00,2310,CORN,620.0,450000000.0,notional_at_entry,long,768245.0,long,651062601.75,0
2022-01-26 00:00:00+00:00,2311,CORN,627.0,450000000.0,notional_at_entry,long,768245.0,long,656440316.75,0
2022-01-27 00:00:00+00:00,2312,CORN,625.25,-300000000.0,notional_at_entry,short,-479808.0,short,655095888.0,1
2022-01-28 00:00:00+00:00,2313,CORN,636.0,-300000000.0,notional_at_entry,short,-479808.0,short,649937952.0,0
2022-01-31 00:00:00+00:00,2314,CORN,626.0,-300000000.0,notional_at_entry,short,-479808.0,short,654736032.0,0
2022-02-01 00:00:00+00:00,2315,CORN,634.75,-300000000.0,notional_at_entry,short,-479808.0,short,650537712.0,0
2022-02-02 00:00:00+00:00,2316,CORN,622.5,-300000000.0,notional_at_entry,short,-479808.0,short,656415360.0,0
2022-02-03 00:00:00+00:00,2317,CORN,616.75,-300000000.0,notional_at_entry,short,-479808.0,short,659174256.0,0
2022-02-04 00:00:00+00:00,2318,CORN,620.5,-300000000.0,notional_at_entry,short,-479808.0,short,657374976.0,0
2022-02-07 00:00:00+00:00,2319,CORN,635.25,-300000000.0,notional_at_entry,short,-479808.0,short,650297808.0,0
2022-02-08 00:00:00+00:00,2320,CORN,632.25,-300000000.0,notional_at_entry,short,-479808.0,short,651737232.0,0
2022-02-09 00:00:00+00:00,2321,CORN,646.75,-300000000.0,notional_at_entry,short,-479808.0,short,644780016.0,0
2022-02-10 00:00:00+00:00,2322,CORN,641.75,-300000000.0,notional_at_entry,short,-479808.0,short,647179056.0,0
2022-02-11 00:00:00+00:00,2323,CORN,651.0,-300000000.0,notional_at_entry,short,-479808.0,short,642740832.0,0
2022-02-14 00:00:00+00:00,2324,CORN,655.75,-300000000.0,notional_at_entry,short,-479808.0,short,640461744.0,0
2022-02-15 00:00:00+00:00,2325,CORN,638.0,-300000000.0,notional_at_entry,short,-479808.0,short,648978336.0,0
2022-02-16 00:00:00+00:00,2326,CORN,647.0,-300000000.0,notional_at_entry,short,-479808.0,short,644660064.0,0
2022-02-17 00:00:00+00:00,2327,CORN,650.0,-300000000.0,notional_at_entry,short,-479808.0,short,643220640.0,0
2022-02-18 00:00:00+00:00,2328,CORN,654.25,-300000000.0,notional_at_entry,short,-479808.0,short,641181456.0,0
2022-02-22 00:00:00+00:00,2329,CORN,674.75,-300000000.0,notional_at_entry,short,-479808.0,short,631345392.0,0
2022-02-23 00:00:00+00:00,2330,CORN,683.75,-300000000.0,notional_at_entry,short,-479808.0,short,627027120.0,0
2022-02-24 00:00:00+00:00,2331,CORN,695.0,-300000000.0,notional_at_entry,short,-479808.0,short,621629280.0,0
2022-02-25 00:00:00+00:00,2332,CORN,659.5,-300000000.0,notional_at_entry,short,-479808.0,short,638662464.0,0
2022-02-28 00:00:00+00:00,2333,CORN,697.5,-300000000.0,notional_at_entry,short,-479808.0,short,620429760.0,0
2022-03-01 00:00:00+00:00,2334,CORN,739.75,450000000.0,notional_at_entry,long,608313.0,long,600157872.0,1
2022-03-02 00:00:00+00:00,2335,CORN,739.0,450000000.0,notional_at_entry,long,608313.0,long,599701637.25,0
2022-03-03 00:00:00+00:00,2336,CORN,751.25,450000000.0,notional_at_entry,long,608313.0,long,607153471.5,0
2022-03-04 00:00:00+00:00,2337,CORN,756.5,450000000.0,notional_at_entry,long,608313.0,long,610347114.75,0
2022-03-07 00:00:00+00:00,2338,CORN,749.25,450000000.0,notional_at_entry,long,608313.0,long,605936845.5,0
2022-03-08 00:00:00+00:00,2339,CORN,754.5,450000000.0,notional_at_entry,long,608313.0,long,609130488.75,0
2022-03-09 00:00:00+00:00,2340,CORN,735.0,450000000.0,notional_at_entry,long,608313.0,long,597268385.25,0
2022-03-10 00:00:00+00:00,2341,CORN,757.75,-450000000.0,notional_at_entry,short,-593863.0,short,611107506.0,1
2022-03-11 00:00:00+00:00,2342,CORN,764.5,-450000000.0,notional_at_entry,short,-593863.0,short,607098930.75,0
2022-03-14 00:00:00+00:00,2343,CORN,728.25,-450000000.0,notional_at_entry,short,-593863.0,short,628626464.5,0
2022-03-15 00:00:00+00:00,2344,CORN,758.0,-450000000.0,notional_at_entry,short,-593863.0,short,610959040.25,0
2022-03-16 00:00:00+00:00,2345,CORN,730.0,-450000000.0,notional_at_entry,short,-593863.0,short,627587204.25,0
2022-03-17 00:00:00+00:00,2346,CORN,754.5,-450000000.0,notional_at_entry,short,-593863.0,short,613037560.75,0
2022-03-18 00:00:00+00:00,2347,CORN,741.75,-450000000.0,notional_at_entry,short,-593863.0,short,620609314.0,0
2022-03-21 00:00:00+00:00,2348,CORN,756.25,-450000000.0,notional_at_entry,short,-593863.0,short,611998300.5,0
2022-03-22 00:00:00+00:00,2349,CORN,753.0,-450000000.0,notional_at_entry,short,-593863.0,short,613928355.25,0
2022-03-23 00:00:00+00:00,2350,CORN,757.75,-450000000.0,notional_at_entry,short,-593863.0,short,611107506.0,0
2022-03-24 00:00:00+00:00,2351,CORN,748.25,450000000.0,notional_at_entry,long,601403.0,long,616749204.5,1
2022-03-25 00:00:00+00:00,2352,CORN,754.0,450000000.0,notional_at_entry,long,601403.0,long,620207271.75,0
2022-03-28 00:00:00+00:00,2353,CORN,748.5,450000000.0,notional_at_entry,long,601403.0,long,616899555.25,0
2022-03-29 00:00:00+00:00,2354,CORN,726.25,450000000.0,notional_at_entry,long,601403.0,long,603518338.5,0
2022-03-30 00:00:00+00:00,2355,CORN,738.0,450000000.0,notional_at_entry,long,601403.0,long,610584823.75,0
2022-03-31 00:00:00+00:00,2356,CORN,748.75,450000000.0,notional_at_entry,long,601403.0,long,617049906.0,0
2022-04-01 00:00:00+00:00,2357,CORN,735.0,450000000.0,notional_at_entry,long,601403.0,long,608780614.75,0
2022-04-04 00:00:00+00:00,2358,CORN,750.5,450000000.0,notional_at_entry,long,601403.0,long,618102361.25,0
2022-04-05 00:00:00+00:00,2359,CORN,759.75,450000000.0,notional_at_entry,long,601403.0,long,623665339.0,0
2022-04-06 00:00:00+00:00,2360,CORN,756.5,300000000.0,notional_at_entry,long,601403.0,long,621710779.25,0
2022-04-07 00:00:00+00:00,2361,CORN,757.75,300000000.0,notional_at_entry,long,601403.0,long,622462533.0,0
2022-04-08 00:00:00+00:00,2362,CORN,768.75,300000000.0,notional_at_entry,long,601403.0,long,629077966.0,0
2022-04-11 00:00:00+00:00,2363,CORN,764.5,300000000.0,notional_at_entry,long,601403.0,long,626522003.25,0
2022-04-12 00:00:00+00:00,2364,CORN,776.25,300000000.0,notional_at_entry,long,601403.0,long,633588488.5,0
2022-04-13 00:00:00+00:00,2365,CORN,783.5,300000000.0,notional_at_entry,long,601403.0,long,637948660.25,0
2022-04-14 00:00:00+00:00,2366,CORN,790.25,300000000.0,notional_at_entry,long,601403.0,long,642008130.5,0
2022-04-15 00:00:00+00:00,2367,CORN,791.0,300000000.0,notional_at_entry,long,601403.0,long,642459182.75,0
2022-04-18 00:00:00+00:00,2368,CORN,813.25,300000000.0,notional_at_entry,long,601403.0,long,655840399.5,0
2022-04-19 00:00:00+00:00,2369,CORN,804.0,-450000000.0,notional_at_entry,short,-559701.0,short,650277421.75,1
2022-04-20 00:00:00+00:00,2370,CORN,815.75,-450000000.0,notional_at_entry,short,-559701.0,short,643700935.0,0
2022-04-21 00:00:00+00:00,2371,CORN,799.25,-450000000.0,notional_at_entry,short,-559701.0,short,652936001.5,0
2022-04-22 00:00:00+00:00,2372,CORN,793.0,-450000000.0,notional_at_entry,short,-559701.0,short,656434132.75,0
2022-04-25 00:00:00+00:00,2373,CORN,800.25,-450000000.0,notional_at_entry,short,-559701.0,short,652376300.5,0
2022-04-26 00:00:00+00:00,2374,CORN,803.25,-450000000.0,notional_at_entry,short,-559701.0,short,650697197.5,0
2022-04-27 00:00:00+00:00,2375,CORN,815.5,-450000000.0,notional_at_entry,short,-559701.0,short,643840860.25,0
2022-04-28 00:00:00+00:00,2376,CORN,816.0,-450000000.0,notional_at_entry,short,-559701.0,short,643561009.75,0
2022-04-29 00:00:00+00:00,2377,CORN,818.25,-450000000.0,notional_at_entry,short,-559701.0,short,642301682.5,0
2022-05-02 00:00:00+00:00,2378,CORN,813.0,-450000000.0,notional_at_entry,short,-559701.0,short,645240112.75,0
2022-05-03 00:00:00+00:00,2379,CORN,800.75,-450000000.0,notional_at_entry,short,-559701.0,short,652096450.0,0
2022-05-04 00:00:00+00:00,2380,CORN,798.5,-300000000.0,notional_at_entry,short,-559701.0,short,653355777.25,0
2022-05-05 00:00:00+00:00,2381,CORN,803.75,-300000000.0,notional_at_entry,short,-559701.0,short,650417347.0,0
2022-05-06 00:00:00+00:00,2382,CORN,792.25,-300000000.0,notional_at_entry,short,-559701.0,short,656853908.5,0
2022-05-09 00:00:00+00:00,2383,CORN,784.5,-300000000.0,notional_at_entry,short,-559701.0,short,661191591.25,0
2022-05-10 00:00:00+00:00,2384,CORN,786.5,-300000000.0,notional_at_entry,short,-559701.0,short,660072189.25,0
2022-05-11 00:00:00+00:00,2385,CORN,802.25,-300000000.0,notional_at_entry,short,-559701.0,short,651256898.5,0
2022-05-12 00:00:00+00:00,2386,CORN,813.5,-300000000.0,notional_at_entry,short,-559701.0,short,644960262.25,0
2022-05-13 00:00:00+00:00,2387,CORN,794.5,-300000000.0,notional_at_entry,short,-559701.0,short,655594581.25,0
2022-05-16 00:00:00+00:00,2388,CORN,809.5,-300000000.0,notional_at_entry,short,-559701.0,short,647199066.25,0
2022-05-17 00:00:00+00:00,2389,CORN,800.75,-300000000.0,notional_at_entry,short,-559701.0,short,652096450.0,0
2022-05-18 00:00:00+00:00,2390,CORN,781.5,-300000000.0,notional_at_entry,short,-559701.0,short,662870694.25,0
2022-05-19 00:00:00+00:00,2391,CORN,783.25,-300000000.0,notional_at_entry,short,-559701.0,short,661891217.5,0
2022-05-20 00:00:00+00:00,2392,CORN,778.75,-300000000.0,notional_at_entry,short,-559701.0,short,664409872.0,0
2022-05-23 00:00:00+00:00,2393,CORN,786.25,-300000000.0,notional_at_entry,short,-559701.0,short,660212114.5,0
2022-05-24 00:00:00+00:00,2394,CORN,771.75,-300000000.0,notional_at_entry,short,-559701.0,short,668327779.0,0
2022-05-25 00:00:00+00:00,2395,CORN,772.25,-300000000.0,notional_at_entry,short,-559701.0,short,668047928.5,0
2022-05-26 00:00:00+00:00,2396,CORN,765.0,-300000000.0,notional_at_entry,short,-559701.0,short,672105760.75,0
2022-05-27 00:00:00+00:00,2397,CORN,777.25,-300000000.0,notional_at_entry,short,-559701.0,short,665249423.5,0
2022-05-30 00:00:00+00:00,2398,CORN,775.62,-300000000.0,notional_at_entry,short,-559701.0,short,666161736.13,0
2022-05-31 00:00:00+00:00,2399,CORN,753.5,-300000000.0,notional_at_entry,short,-559701.0,short,678542322.25,0
2022-06-01 00:00:00+00:00,2400,CORN,731.25,-300000000.0,notional_at_entry,short,-559701.0,short,690995669.5,0
2022-06-02 00:00:00+00:00,2401,CORN,730.25,-300000000.0,notional_at_entry,short,-559701.0,short,691555370.5,0
2022-06-03 00:00:00+00:00,2402,CORN,727.0,-300000000.0,notional_at_entry,short,-559701.0,short,693374398.75,0
2022-06-06 00:00:00+00:00,2403,CORN,742.5,-300000000.0,notional_at_entry,short,-559701.0,short,684699033.25,0
2022-06-07 00:00:00+00:00,2404,CORN,757.0,-300000000.0,notional_at_entry,short,-559701.0,short,676583368.75,0
2022-06-08 00:00:00+00:00,2405,CORN,764.5,-300000000.0,notional_at_entry,short,-559701.0,short,672385611.25,0
2022-06-09 00:00:00+00:00,2406,CORN,773.0,-300000000.0,notional_at_entry,short,-559701.0,short,667628152.75,0
2022-06-10 00:00:00+00:00,2407,CORN,773.25,-300000000.0,notional_at_entry,short,-559701.0,short,667488227.5,0
2022-06-13 00:00:00+00:00,2408,CORN,769.25,-300000000.0,notional_at_entry,short,-559701.0,short,669727031.5,0
2022-06-14 00:00:00+00:00,2409,CORN,768.25,-300000000.0,notional_at_entry,short,-559701.0,short,670286732.5,0
2022-06-15 00:00:00+00:00,2410,CORN,774.0,-300000000.0,notional_at_entry,short,-559701.0,short,667068451.75,0
2022-06-16 00:00:00+00:00,2411,CORN,788.25,-300000000.0,notional_at_entry,short,-559701.0,short,659092712.5,0
2022-06-17 00:00:00+00:00,2412,CORN,784.5,-300000000.0,notional_at_entry,short,-559701.0,short,661191591.25,0
2022-06-21 00:00:00+00:00,2413,CORN,760.75,-300000000.0,notional_at_entry,short,-559701.0,short,674484490.0,0
2022-06-22 00:00:00+00:00,2414,CORN,768.0,450000000.0,notional_at_entry,long,585937.0,long,670426657.75,1
2022-06-23 00:00:00+00:00,2415,CORN,746.75,450000000.0,notional_at_entry,long,585937.0,long,657975496.5,0
2022-06-24 00:00:00+00:00,2416,CORN,750.25,450000000.0,notional_at_entry,long,585937.0,long,660026276.0,0
2022-06-27 00:00:00+00:00,2417,CORN,744.25,450000000.0,notional_at_entry,long,585937.0,long,656510654.0,0
2022-06-28 00:00:00+00:00,2418,CORN,759.5,450000000.0,notional_at_entry,long,585937.0,long,665446193.25,0
2022-06-29 00:00:00+00:00,2419,CORN,770.25,450000000.0,notional_at_entry,long,585937.0,long,671745016.0,0
2022-06-30 00:00:00+00:00,2420,CORN,743.75,300000000.0,notional_at_entry,long,585937.0,long,656217685.5,0
2022-07-01 00:00:00+00:00,2421,CORN,754.5,300000000.0,notional_at_entry,long,585937.0,long,662516508.25,0
2022-07-05 00:00:00+00:00,2422,CORN,736.0,300000000.0,notional_at_entry,long,585937.0,long,651676673.75,0
2022-07-06 00:00:00+00:00,2423,CORN,744.25,300000000.0,notional_at_entry,long,585937.0,long,656510654.0,0
2022-07-07 00:00:00+00:00,2424,CORN,747.0,300000000.0,notional_at_entry,long,585937.0,long,658121980.75,0
2022-07-08 00:00:00+00:00,2425,CORN,778.25,300000000.0,notional_at_entry,long,585937.0,long,676432512.0,0
2022-07-11 00:00:00+00:00,2426,CORN,781.25,300000000.0,notional_at_entry,long,585937.0,long,678190323.0,0
2022-07-12 00:00:00+00:00,2427,CORN,732.75,300000000.0,notional_at_entry,long,585937.0,long,649772378.5,0
2022-07-13 00:00:00+00:00,2428,CORN,740.0,300000000.0,notional_at_entry,long,585937.0,long,654020421.75,0
2022-07-14 00:00:00+00:00,2429,CORN,695.0,300000000.0,notional_at_entry,long,585937.0,long,627653256.75,0
2022-07-15 00:00:00+00:00,2430,CORN,604.25,300000000.0,notional_at_entry,long,585937.0,long,574479474.0,0
2022-07-18 00:00:00+00:00,2431,CORN,612.25,-300000000.0,notional_at_entry,short,-489995.0,short,579166970.0,1
2022-07-19 00:00:00+00:00,2432,CORN,596.75,-300000000.0,notional_at_entry,short,-489995.0,short,586761892.5,0
2022-07-20 00:00:00+00:00,2433,CORN,592.25,-300000000.0,notional_at_entry,short,-489995.0,short,588966870.0,0
2022-07-21 00:00:00+00:00,2434,CORN,575.75,-300000000.0,notional_at_entry,short,-489995.0,short,597051787.5,0
2022-07-22 00:00:00+00:00,2435,CORN,564.25,-300000000.0,notional_at_entry,short,-489995.0,short,602686730.0,0
2022-07-25 00:00:00+00:00,2436,CORN,580.0,-300000000.0,notional_at_entry,short,-489995.0,short,594969308.75,0
2022-07-26 00:00:00+00:00,2437,CORN,597.0,-300000000.0,notional_at_entry,short,-489995.0,short,586639393.75,0
2022-07-27 00:00:00+00:00,2438,CORN,600.25,-300000000.0,notional_at_entry,short,-489995.0,short,585046910.0,0
2022-07-28 00:00:00+00:00,2439,CORN,615.0,-300000000.0,notional_at_entry,short,-489995.0,short,577819483.75,0
2022-07-29 00:00:00+00:00,2440,CORN,616.25,-300000000.0,notional_at_entry,short,-489995.0,short,577206990.0,0
2022-08-01 00:00:00+00:00,2441,CORN,607.0,-300000000.0,notional_at_entry,short,-489995.0,short,581739443.75,0
2022-08-02 00:00:00+00:00,2442,CORN,591.25,-300000000.0,notional_at_entry,short,-489995.0,short,589456865.0,0
2022-08-03 00:00:00+00:00,2443,CORN,591.5,-450000000.0,notional_at_entry,short,-489995.0,short,589334366.25,0
2022-08-04 00:00:00+00:00,2444,CORN,602.25,-450000000.0,notional_at_entry,short,-489995.0,short,584066920.0,0
2022-08-05 00:00:00+00:00,2445,CORN,610.25,-450000000.0,notional_at_entry,short,-489995.0,short,580146960.0,0
2022-08-08 00:00:00+00:00,2446,CORN,608.5,-450000000.0,notional_at_entry,short,-489995.0,short,581004451.25,0
2022-08-09 00:00:00+00:00,2447,CORN,615.5,-450000000.0,notional_at_entry,short,-489995.0,short,577574486.25,0
2022-08-10 00:00:00+00:00,2448,CORN,621.25,-450000000.0,notional_at_entry,short,-489995.0,short,574757015.0,0
2022-08-11 00:00:00+00:00,2449,CORN,629.25,-450000000.0,notional_at_entry,short,-489995.0,short,570837055.0,0
2022-08-12 00:00:00+00:00,2450,CORN,639.75,-450000000.0,notional_at_entry,short,-489995.0,short,565692107.5,0
2022-08-15 00:00:00+00:00,2451,CORN,626.75,-450000000.0,notional_at_entry,short,-489995.0,short,572062042.5,0
2022-08-16 00:00:00+00:00,2452,CORN,611.0,-450000000.0,notional_at_entry,short,-489995.0,short,579779463.75,0
2022-08-17 00:00:00+00:00,2453,CORN,615.0,-450000000.0,notional_at_entry,short,-489995.0,short,577819483.75,0
2022-08-18 00:00:00+00:00,2454,CORN,619.75,-450000000.0,notional_at_entry,short,-489995.0,short,575492007.5,0
2022-08-19 00:00:00+00:00,2455,CORN,626.0,-450000000.0,notional_at_entry,short,-489995.0,short,572429538.75,0
2022-08-22 00:00:00+00:00,2456,CORN,633.5,-450000000.0,notional_at_entry,short,-489995.0,short,568754576.25,0
2022-08-23 00:00:00+00:00,2457,CORN,660.0,-450000000.0,notional_at_entry,short,-489995.0,short,555769708.75,0
2022-08-24 00:00:00+00:00,2458,CORN,665.75,-450000000.0,notional_at_entry,short,-489995.0,short,552952237.5,0
2022-08-25 00:00:00+00:00,2459,CORN,657.5,-450000000.0,notional_at_entry,short,-489995.0,short,556994696.25,0
2022-08-26 00:00:00+00:00,2460,CORN,668.75,-450000000.0,notional_at_entry,short,-489995.0,short,551482252.5,0
2022-08-29 00:00:00+00:00,2461,CORN,683.75,-450000000.0,notional_at_entry,short,-489995.0,short,544132327.5,0
2022-08-30 00:00:00+00:00,2462,CORN,679.75,-450000000.0,notional_at_entry,short,-489995.0,short,546092307.5,0
2022-08-31 00:00:00+00:00,2463,CORN,673.75,-450000000.0,notional_at_entry,short,-489995.0,short,549032277.5,0
2022-09-01 00:00:00+00:00,2464,CORN,658.25,-450000000.0,notional_at_entry,short,-489995.0,short,556627200.0,0
2022-09-02 00:00:00+00:00,2465,CORN,669.0,-450000000.0,notional_at_entry,short,-489995.0,short,551359753.75,0
2022-09-05 00:00:00+00:00,2466,CORN,667.38,450000000.0,notional_at_entry,long,674278.0,long,552153545.65,1
2022-09-06 00:00:00+00:00,2467,CORN,680.75,450000000.0,notional_at_entry,long,674278.0,long,561168642.51,0
2022-09-07 00:00:00+00:00,2468,CORN,676.75,450000000.0,notional_at_entry,long,674278.0,long,558471530.51,0
2022-09-08 00:00:00+00:00,2469,CORN,668.5,450000000.0,notional_at_entry,long,674278.0,long,552908737.01,0
2022-09-09 00:00:00+00:00,2470,CORN,698.5,450000000.0,notional_at_entry,long,674278.0,long,573137077.01,0
2022-09-12 00:00:00+00:00,2471,CORN,712.25,450000000.0,notional_at_entry,long,674278.0,long,582408399.51,0
2022-09-13 00:00:00+00:00,2472,CORN,709.0,450000000.0,notional_at_entry,long,674278.0,long,580216996.01,0
2022-09-14 00:00:00+00:00,2473,CORN,709.0,450000000.0,notional_at_entry,long,674278.0,long,580216996.01,0
2022-09-15 00:00:00+00:00,2474,CORN,677.5,450000000.0,notional_at_entry,long,674278.0,long,558977239.01,0
2022-09-16 00:00:00+00:00,2475,CORN,677.25,450000000.0,notional_at_entry,long,674278.0,long,558808669.51,0
2022-09-19 00:00:00+00:00,2476,CORN,678.25,450000000.0,notional_at_entry,long,674278.0,long,559482947.51,0
2022-09-20 00:00:00+00:00,2477,CORN,692.0,450000000.0,notional_at_entry,long,674278.0,long,568754270.01,0
2022-09-21 00:00:00+00:00,2478,CORN,685.5,450000000.0,notional_at_entry,long,674278.0,long,564371463.01,0
2022-09-22 00:00:00+00:00,2479,CORN,688.25,450000000.0,notional_at_entry,long,674278.0,long,566225727.51,0
2022-09-23 00:00:00+00:00,2480,CORN,676.75,450000000.0,notional_at_entry,long,674278.0,long,558471530.51,0
2022-09-26 00:00:00+00:00,2481,CORN,666.25,450000000.0,notional_at_entry,long,674278.0,long,551391611.51,0
2022-09-27 00:00:00+00:00,2482,CORN,667.5,450000000.0,notional_at_entry,long,674278.0,long,552234459.01,0
2022-09-28 00:00:00+00:00,2483,CORN,670.5,-300000000.0,notional_at_entry,short,-447427.0,short,554257293.01,1
2022-09-29 00:00:00+00:00,2484,CORN,669.5,-300000000.0,notional_at_entry,short,-447427.0,short,554704720.01,0
2022-09-30 00:00:00+00:00,2485,CORN,677.5,-300000000.0,notional_at_entry,short,-447427.0,short,551125304.01,0
2022-10-03 00:00:00+00:00,2486,CORN,680.75,-300000000.0,notional_at_entry,short,-447427.0,short,549671166.26,0
2022-10-04 00:00:00+00:00,2487,CORN,683.0,-300000000.0,notional_at_entry,short,-447427.0,short,548664455.51,0
2022-10-05 00:00:00+00:00,2488,CORN,684.0,-300000000.0,notional_at_entry,short,-447427.0,short,548217028.51,0
2022-10-06 00:00:00+00:00,2489,CORN,675.5,-300000000.0,notional_at_entry,short,-447427.0,short,552020158.01,0
2022-10-07 00:00:00+00:00,2490,CORN,683.25,-300000000.0,notional_at_entry,short,-447427.0,short,548552598.76,0
2022-10-10 00:00:00+00:00,2491,CORN,698.25,-300000000.0,notional_at_entry,short,-447427.0,short,541841193.76,0
2022-10-11 00:00:00+00:00,2492,CORN,693.0,-300000000.0,notional_at_entry,short,-447427.0,short,544190185.51,0
2022-10-12 00:00:00+00:00,2493,CORN,693.0,-300000000.0,notional_at_entry,short,-447427.0,short,544190185.51,0
2022-10-13 00:00:00+00:00,2494,CORN,697.75,-300000000.0,notional_at_entry,short,-447427.0,short,542064907.26,0
2022-10-14 00:00:00+00:00,2495,CORN,689.75,-300000000.0,notional_at_entry,short,-447427.0,short,545644323.26,0
2022-10-17 00:00:00+00:00,2496,CORN,683.5,-300000000.0,notional_at_entry,short,-447427.0,short,548440742.01,0
2022-10-18 00:00:00+00:00,2497,CORN,681.0,-300000000.0,notional_at_entry,short,-447427.0,short,549559309.51,0
2022-10-19 00:00:00+00:00,2498,CORN,678.25,-300000000.0,notional_at_entry,short,-447427.0,short,550789733.76,0
2022-10-20 00:00:00+00:00,2499,CORN,684.0,-300000000.0,notional_at_entry,short,-447427.0,short,548217028.51,0
2022-10-21 00:00:00+00:00,2500,CORN,684.25,-300000000.0,notional_at_entry,short,-447427.0,short,548105171.76,0
2022-10-24 00:00:00+00:00,2501,CORN,681.5,-300000000.0,notional_at_entry,short,-447427.0,short,549335596.01,0
2022-10-25 00:00:00+00:00,2502,CORN,686.25,-300000000.0,notional_at_entry,short,-447427.0,short,547210317.76,0
2022-10-26 00:00:00+00:00,2503,CORN,685.0,-300000000.0,notional_at_entry,short,-447427.0,short,547769601.51,0
2022-10-27 00:00:00+00:00,2504,CORN,682.25,-300000000.0,notional_at_entry,short,-447427.0,short,549000025.76,0
2022-10-28 00:00:00+00:00,2505,CORN,680.75,-300000000.0,notional_at_entry,short,-447427.0,short,549671166.26,0
2022-10-31 00:00:00+00:00,2506,CORN,691.5,-300000000.0,notional_at_entry,short,-447427.0,short,544861326.01,0
2022-11-01 00:00:00+00:00,2507,CORN,697.75,-300000000.0,notional_at_entry,short,-447427.0,short,542064907.26,0
2022-11-02 00:00:00+00:00,2508,CORN,687.5,-300000000.0,notional_at_entry,short,-447427.0,short,546651034.01,0
2022-11-03 00:00:00+00:00,2509,CORN,679.25,-300000000.0,notional_at_entry,short,-447427.0,short,550342306.76,0
2022-11-04 00:00:00+00:00,2510,CORN,681.0,-300000000.0,notional_at_entry,short,-447427.0,short,549559309.51,0
2022-11-07 00:00:00+00:00,2511,CORN,675.75,-300000000.0,notional_at_entry,short,-447427.0,short,551908301.26,0
2022-11-08 00:00:00+00:00,2512,CORN,667.5,-300000000.0,notional_at_entry,short,-447427.0,short,555599574.01,0
2022-11-09 00:00:00+00:00,2513,CORN,664.5,-300000000.0,notional_at_entry,short,-447427.0,short,556941855.01,0
2022-11-10 00:00:00+00:00,2514,CORN,653.25,-300000000.0,notional_at_entry,short,-447427.0,short,561975408.76,0
2022-11-11 00:00:00+00:00,2515,CORN,658.0,-300000000.0,notional_at_entry,short,-447427.0,short,559850130.51,0
2022-11-14 00:00:00+00:00,2516,CORN,657.25,-300000000.0,notional_at_entry,short,-447427.0,short,560185700.76,0
2022-11-15 00:00:00+00:00,2517,CORN,666.75,-300000000.0,notional_at_entry,short,-447427.0,short,555935144.26,0
2022-11-16 00:00:00+00:00,2518,CORN,665.25,-300000000.0,notional_at_entry,short,-447427.0,short,556606284.76,0
2022-11-17 00:00:00+00:00,2519,CORN,667.5,-300000000.0,notional_at_entry,short,-447427.0,short,555599574.01,0
2022-11-18 00:00:00+00:00,2520,CORN,667.75,-300000000.0,notional_at_entry,short,-447427.0,short,555487717.26,0
2022-11-21 00:00:00+00:00,2521,CORN,659.5,-300000000.0,notional_at_entry,short,-447427.0,short,559178990.01,0
2022-11-22 00:00:00+00:00,2522,CORN,656.75,-300000000.0,notional_at_entry,short,-447427.0,short,560409414.26,0
2022-11-23 00:00:00+00:00,2523,CORN,663.25,-300000000.0,notional_at_entry,short,-447427.0,short,557501138.76,0
2022-11-25 00:00:00+00:00,2524,CORN,668.0,-300000000.0,notional_at_entry,short,-447427.0,short,555375860.51,0
2022-11-28 00:00:00+00:00,2525,CORN,668.75,-300000000.0,notional_at_entry,short,-447427.0,short,555040290.26,0
2022-11-29 00:00:00+00:00,2526,CORN,665.75,-300000000.0,notional_at_entry,short,-447427.0,short,556382571.26,0
2022-11-30 00:00:00+00:00,2527,CORN,662.0,300000000.0,notional_at_entry,long,453172.0,long,558060422.51,1
2022-12-01 00:00:00+00:00,2528,CORN,650.0,300000000.0,notional_at_entry,long,453172.0,long,552622358.51,0
2022-12-02 00:00:00+00:00,2529,CORN,635.0,300000000.0,notional_at_entry,long,453172.0,long,545824778.51,0
2022-12-05 00:00:00+00:00,2530,CORN,628.75,300000000.0,notional_at_entry,long,453172.0,long,542992453.51,0
2022-12-06 00:00:00+00:00,2531,CORN,625.5,300000000.0,notional_at_entry,long,453172.0,long,541519644.51,0
2022-12-07 00:00:00+00:00,2532,CORN,627.75,300000000.0,notional_at_entry,long,453172.0,long,542539281.51,0
2022-12-08 00:00:00+00:00,2533,CORN,632.0,300000000.0,notional_at_entry,long,453172.0,long,544465262.51,0
2022-12-09 00:00:00+00:00,2534,CORN,634.75,300000000.0,notional_at_entry,long,453172.0,long,545711485.51,0
2022-12-12 00:00:00+00:00,2535,CORN,641.25,300000000.0,notional_at_entry,long,453172.0,long,548657103.51,0
2022-12-13 00:00:00+00:00,2536,CORN,643.75,-450000000.0,notional_at_entry,short,-699029.0,short,549790033.51,1
2022-12-14 00:00:00+00:00,2537,CORN,639.0,-450000000.0,notional_at_entry,short,-699029.0,short,553110421.26,0
2022-12-15 00:00:00+00:00,2538,CORN,653.5,-450000000.0,notional_at_entry,short,-699029.0,short,542974500.76,0
2022-12-16 00:00:00+00:00,2539,CORN,653.0,-450000000.0,notional_at_entry,short,-699029.0,short,543324015.26,0
2022-12-19 00:00:00+00:00,2540,CORN,647.25,-450000000.0,notional_at_entry,short,-699029.0,short,547343432.01,0
2022-12-20 00:00:00+00:00,2541,CORN,652.0,-300000000.0,notional_at_entry,short,-699029.0,short,544023044.26,0
2022-12-21 00:00:00+00:00,2542,CORN,662.25,-300000000.0,notional_at_entry,short,-699029.0,short,536857997.01,0
2022-12-22 00:00:00+00:00,2543,CORN,660.5,-300000000.0,notional_at_entry,short,-699029.0,short,538081297.76,0
2022-12-23 00:00:00+00:00,2544,CORN,666.25,-300000000.0,notional_at_entry,short,-699029.0,short,534061881.01,0
2022-12-27 00:00:00+00:00,2545,CORN,674.75,-300000000.0,notional_at_entry,short,-699029.0,short,528120134.51,0
2022-12-28 00:00:00+00:00,2546,CORN,682.75,-300000000.0,notional_at_entry,short,-699029.0,short,522527902.51,0
2022-12-29 00:00:00+00:00,2547,CORN,679.5,-300000000.0,notional_at_entry,short,-699029.0,short,524799746.76,0
2022-12-30 00:00:00+00:00,2548,CORN,678.5,-300000000.0,notional_at_entry,short,-699029.0,short,525498775.76,0
2023-01-03 00:00:00+00:00,2549,CORN,670.5,450000000.0,notional_at_entry,long,671140.0,long,531091007.76,1
2023-01-04 00:00:00+00:00,2550,CORN,653.75,450000000.0,notional_at_entry,long,671140.0,long,519849412.76,0
2023-01-05 00:00:00+00:00,2551,CORN,652.75,450000000.0,notional_at_entry,long,671140.0,long,519178272.76,0
2023-01-06 00:00:00+00:00,2552,CORN,654.0,450000000.0,notional_at_entry,long,671140.0,long,520017197.76,0
2023-01-09 00:00:00+00:00,2553,CORN,652.75,450000000.0,notional_at_entry,long,671140.0,long,519178272.76,0
2023-01-10 00:00:00+00:00,2554,CORN,655.0,450000000.0,notional_at_entry,long,671140.0,long,520688337.76,0
2023-01-11 00:00:00+00:00,2555,CORN,656.0,450000000.0,notional_at_entry,long,671140.0,long,521359477.76,0
2023-01-12 00:00:00+00:00,2556,CORN,671.0,450000000.0,notional_at_entry,long,671140.0,long,531426577.76,0
2023-01-13 00:00:00+00:00,2557,CORN,675.0,450000000.0,notional_at_entry,long,671140.0,long,534111137.76,0
2023-01-17 00:00:00+00:00,2558,CORN,685.25,450000000.0,notional_at_entry,long,671140.0,long,540990322.76,0
2023-01-18 00:00:00+00:00,2559,CORN,681.25,450000000.0,notional_at_entry,long,671140.0,long,538305762.76,0
2023-01-19 00:00:00+00:00,2560,CORN,677.25,450000000.0,notional_at_entry,long,671140.0,long,535621202.76,0
2023-01-20 00:00:00+00:00,2561,CORN,676.25,450000000.0,notional_at_entry,long,671140.0,long,534950062.76,0
2023-01-23 00:00:00+00:00,2562,CORN,666.25,450000000.0,notional_at_entry,long,671140.0,long,528238662.76,0
2023-01-24 00:00:00+00:00,2563,CORN,677.0,450000000.0,notional_at_entry,long,671140.0,long,535453417.76,0
2023-01-25 00:00:00+00:00,2564,CORN,674.75,450000000.0,notional_at_entry,long,671140.0,long,533943352.76,0
2023-01-26 00:00:00+00:00,2565,CORN,682.5,450000000.0,notional_at_entry,long,671140.0,long,539144687.76,0
2023-01-27 00:00:00+00:00,2566,CORN,683.0,450000000.0,notional_at_entry,long,671140.0,long,539480257.76,0
2023-01-30 00:00:00+00:00,2567,CORN,683.75,450000000.0,notional_at_entry,long,671140.0,long,539983612.76,0
2023-01-31 00:00:00+00:00,2568,CORN,679.75,450000000.0,notional_at_entry,long,671140.0,long,537299052.76,0
2023-02-01 00:00:00+00:00,2569,CORN,681.0,450000000.0,notional_at_entry,long,671140.0,long,538137977.76,0
2023-02-02 00:00:00+00:00,2570,CORN,675.25,450000000.0,notional_at_entry,long,671140.0,long,534278922.76,0
2023-02-03 00:00:00+00:00,2571,CORN,677.5,450000000.0,notional_at_entry,long,671140.0,long,535788987.76,0
2023-02-06 00:00:00+00:00,2572,CORN,679.0,450000000.0,notional_at_entry,long,671140.0,long,536795697.76,0
2023-02-07 00:00:00+00:00,2573,CORN,674.0,450000000.0,notional_at_entry,long,671140.0,long,533439997.76,0
2023-02-08 00:00:00+00:00,2574,CORN,678.5,450000000.0,notional_at_entry,long,671140.0,long,536460127.76,0
2023-02-09 00:00:00+00:00,2575,CORN,670.75,450000000.0,notional_at_entry,long,671140.0,long,531258792.76,0
2023-02-10 00:00:00+00:00,2576,CORN,680.5,450000000.0,notional_at_entry,long,671140.0,long,537802407.76,0
2023-02-13 00:00:00+00:00,2577,CORN,685.0,-300000000.0,notional_at_entry,short,-437956.0,short,540822537.76,1
2023-02-14 00:00:00+00:00,2578,CORN,682.25,-300000000.0,notional_at_entry,short,-437956.0,short,542026916.76,0
2023-02-15 00:00:00+00:00,2579,CORN,676.25,-300000000.0,notional_at_entry,short,-437956.0,short,544654652.76,0
2023-02-16 00:00:00+00:00,2580,CORN,676.0,-300000000.0,notional_at_entry,short,-437956.0,short,544764141.76,0
2023-02-17 00:00:00+00:00,2581,CORN,677.75,-300000000.0,notional_at_entry,short,-437956.0,short,543997718.76,0
2023-02-21 00:00:00+00:00,2582,CORN,680.5,-300000000.0,notional_at_entry,short,-437956.0,short,542793339.76,0
2023-02-22 00:00:00+00:00,2583,CORN,674.25,-300000000.0,notional_at_entry,short,-437956.0,short,545530564.76,0
2023-02-23 00:00:00+00:00,2584,CORN,659.25,-300000000.0,notional_at_entry,short,-437956.0,short,552099904.76,0
2023-02-24 00:00:00+00:00,2585,CORN,649.25,-300000000.0,notional_at_entry,short,-437956.0,short,556479464.76,0
2023-02-27 00:00:00+00:00,2586,CORN,642.75,-300000000.0,notional_at_entry,short,-437956.0,short,559326178.76,0
2023-02-28 00:00:00+00:00,2587,CORN,629.5,-300000000.0,notional_at_entry,short,-437956.0,short,565129095.76,0
2023-03-01 00:00:00+00:00,2588,CORN,640.5,-300000000.0,notional_at_entry,short,-437956.0,short,560311579.76,0
2023-03-02 00:00:00+00:00,2589,CORN,637.75,-300000000.0,notional_at_entry,short,-437956.0,short,561515958.76,0
2023-03-03 00:00:00+00:00,2590,CORN,645.25,-300000000.0,notional_at_entry,short,-437956.0,short,558231288.76,0
2023-03-06 00:00:00+00:00,2591,CORN,637.0,-300000000.0,notional_at_entry,short,-437956.0,short,561844425.76,0
2023-03-07 00:00:00+00:00,2592,CORN,634.25,-300000000.0,notional_at_entry,short,-437956.0,short,563048804.76,0
2023-03-08 00:00:00+00:00,2593,CORN,625.5,-300000000.0,notional_at_entry,short,-437956.0,short,566880919.76,0
2023-03-09 00:00:00+00:00,2594,CORN,611.5,-300000000.0,notional_at_entry,short,-437956.0,short,573012303.76,0
2023-03-10 00:00:00+00:00,2595,CORN,624.25,-300000000.0,notional_at_entry,short,-437956.0,short,567428364.76,0
2023-03-13 00:00:00+00:00,2596,CORN,624.5,-300000000.0,notional_at_entry,short,-437956.0,short,567318875.76,0
2023-03-14 00:00:00+00:00,2597,CORN,627.5,-300000000.0,notional_at_entry,short,-437956.0,short,566005007.76,0
2023-03-15 00:00:00+00:00,2598,CORN,626.5,-300000000.0,notional_at_entry,short,-437956.0,short,566442963.76,0
2023-03-16 00:00:00+00:00,2599,CORN,632.75,-300000000.0,notional_at_entry,short,-437956.0,short,563705738.76,0
2023-03-17 00:00:00+00:00,2600,CORN,634.25,-300000000.0,notional_at_entry,short,-437956.0,short,563048804.76,0
2023-03-20 00:00:00+00:00,2601,CORN,633.0,300000000.0,notional_at_entry,long,473933.0,long,563596249.76,1
2023-03-21 00:00:00+00:00,2602,CORN,630.0,300000000.0,notional_at_entry,long,473933.0,long,562174450.76,0
2023-03-22 00:00:00+00:00,2603,CORN,633.5,300000000.0,notional_at_entry,long,473933.0,long,563833216.26,0
2023-03-23 00:00:00+00:00,2604,CORN,631.75,300000000.0,notional_at_entry,long,473933.0,long,563003833.51,0
2023-03-24 00:00:00+00:00,2605,CORN,643.0,300000000.0,notional_at_entry,long,473933.0,long,568335579.76,0
2023-03-27 00:00:00+00:00,2606,CORN,648.25,300000000.0,notional_at_entry,long,473933.0,long,570823728.01,0
2023-03-28 00:00:00+00:00,2607,CORN,647.25,300000000.0,notional_at_entry,long,473933.0,long,570349795.01,0
2023-03-29 00:00:00+00:00,2608,CORN,650.5,450000000.0,notional_at_entry,long,473933.0,long,571890077.26,0
2023-03-30 00:00:00+00:00,2609,CORN,649.5,450000000.0,notional_at_entry,long,473933.0,long,571416144.26,0
2023-03-31 00:00:00+00:00,2610,CORN,660.5,450000000.0,notional_at_entry,long,473933.0,long,576629407.26,0
2023-04-03 00:00:00+00:00,2611,CORN,657.75,450000000.0,notional_at_entry,long,473933.0,long,575326091.51,0
2023-04-04 00:00:00+00:00,2612,CORN,653.75,450000000.0,notional_at_entry,long,473933.0,long,573430359.51,0
2023-04-05 00:00:00+00:00,2613,CORN,652.75,450000000.0,notional_at_entry,long,473933.0,long,572956426.51,0
2023-04-06 00:00:00+00:00,2614,CORN,643.5,450000000.0,notional_at_entry,long,473933.0,long,568572546.26,0
2023-04-07 00:00:00+00:00,2615,CORN,643.5,450000000.0,notional_at_entry,long,473933.0,long,568572546.26,0
2023-04-10 00:00:00+00:00,2616,CORN,654.0,450000000.0,notional_at_entry,long,473933.0,long,573548842.76,0
2023-04-11 00:00:00+00:00,2617,CORN,651.0,450000000.0,notional_at_entry,long,473933.0,long,572127043.76,0
2023-04-12 00:00:00+00:00,2618,CORN,656.0,450000000.0,notional_at_entry,long,473933.0,long,574496708.76,0
2023-04-13 00:00:00+00:00,2619,CORN,652.25,450000000.0,notional_at_entry,long,473933.0,long,572719460.01,0
2023-04-14 00:00:00+00:00,2620,CORN,666.25,450000000.0,notional_at_entry,long,473933.0,long,579354522.01,0
2023-04-17 00:00:00+00:00,2621,CORN,676.5,450000000.0,notional_at_entry,long,473933.0,long,584212335.26,0
2023-04-18 00:00:00+00:00,2622,CORN,677.5,450000000.0,notional_at_entry,long,473933.0,long,584686268.26,0
2023-04-19 00:00:00+00:00,2623,CORN,672.25,450000000.0,notional_at_entry,long,473933.0,long,582198120.01,0
2023-04-20 00:00:00+00:00,2624,CORN,663.75,450000000.0,notional_at_entry,long,473933.0,long,578169689.51,0
2023-04-21 00:00:00+00:00,2625,CORN,663.25,450000000.0,notional_at_entry,long,473933.0,long,577932723.01,0
2023-04-24 00:00:00+00:00,2626,CORN,651.25,450000000.0,notional_at_entry,long,473933.0,long,572245527.01,0
2023-04-25 00:00:00+00:00,2627,CORN,646.5,450000000.0,notional_at_entry,long,473933.0,long,569994345.26,0
2023-04-26 00:00:00+00:00,2628,CORN,641.5,450000000.0,notional_at_entry,long,473933.0,long,567624680.26,0
2023-04-27 00:00:00+00:00,2629,CORN,627.0,450000000.0,notional_at_entry,long,473933.0,long,560752651.76,0
2023-04-28 00:00:00+00:00,2630,CORN,636.0,450000000.0,notional_at_entry,long,473933.0,long,565018048.76,0
2023-05-01 00:00:00+00:00,2631,CORN,639.5,450000000.0,notional_at_entry,long,473933.0,long,566676814.26,0
2023-05-02 00:00:00+00:00,2632,CORN,638.0,450000000.0,notional_at_entry,long,473933.0,long,565965914.76,0
2023-05-03 00:00:00+00:00,2633,CORN,645.25,450000000.0,notional_at_entry,long,473933.0,long,569401929.01,0
2023-05-04 00:00:00+00:00,2634,CORN,646.5,450000000.0,notional_at_entry,long,473933.0,long,569994345.26,0
2023-05-05 00:00:00+00:00,2635,CORN,653.25,-450000000.0,notional_at_entry,short,-688863.0,short,573193393.01,1
2023-05-08 00:00:00+00:00,2636,CORN,656.5,-450000000.0,notional_at_entry,short,-688863.0,short,570954588.26,0
2023-05-09 00:00:00+00:00,2637,CORN,642.25,-450000000.0,notional_at_entry,short,-688863.0,short,580770886.01,0
2023-05-10 00:00:00+00:00,2638,CORN,645.5,-450000000.0,notional_at_entry,short,-688863.0,short,578532081.26,0
2023-05-11 00:00:00+00:00,2639,CORN,632.5,-450000000.0,notional_at_entry,short,-688863.0,short,587487300.26,0
2023-05-12 00:00:00+00:00,2640,CORN,633.25,-450000000.0,notional_at_entry,short,-688863.0,short,586970653.01,0
2023-05-15 00:00:00+00:00,2641,CORN,592.5,-450000000.0,notional_at_entry,short,-688863.0,short,615041820.26,0
2023-05-16 00:00:00+00:00,2642,CORN,581.25,-450000000.0,notional_at_entry,short,-688863.0,short,622791529.01,0
2023-05-17 00:00:00+00:00,2643,CORN,561.5,-450000000.0,notional_at_entry,short,-688863.0,short,636396573.26,0
2023-05-18 00:00:00+00:00,2644,CORN,555.25,-450000000.0,notional_at_entry,short,-688863.0,short,640701967.01,0
2023-05-19 00:00:00+00:00,2645,CORN,554.5,-450000000.0,notional_at_entry,short,-688863.0,short,641218614.26,0
2023-05-22 00:00:00+00:00,2646,CORN,571.0,-450000000.0,notional_at_entry,short,-688863.0,short,629852374.76,0
2023-05-23 00:00:00+00:00,2647,CORN,577.5,-450000000.0,notional_at_entry,short,-688863.0,short,625374765.26,0
2023-05-24 00:00:00+00:00,2648,CORN,587.25,-450000000.0,notional_at_entry,short,-688863.0,short,618658351.01,0
2023-05-25 00:00:00+00:00,2649,CORN,590.75,-450000000.0,notional_at_entry,short,-688863.0,short,616247330.51,0
2023-05-26 00:00:00+00:00,2650,CORN,604.0,-450000000.0,notional_at_entry,short,-688863.0,short,607119895.76,0
2023-05-30 00:00:00+00:00,2651,CORN,594.0,450000000.0,notional_at_entry,long,757575.0,long,614008525.76,1
2023-05-31 00:00:00+00:00,2652,CORN,594.0,450000000.0,notional_at_entry,long,757575.0,long,614008525.76,0
2023-06-01 00:00:00+00:00,2653,CORN,592.5,450000000.0,notional_at_entry,long,757575.0,long,612872163.26,0
2023-06-02 00:00:00+00:00,2654,CORN,609.0,450000000.0,notional_at_entry,long,757575.0,long,625372150.76,0
2023-06-05 00:00:00+00:00,2655,CORN,597.5,450000000.0,notional_at_entry,long,757575.0,long,616660038.26,0
2023-06-06 00:00:00+00:00,2656,CORN,608.0,450000000.0,notional_at_entry,long,757575.0,long,624614575.76,0
2023-06-07 00:00:00+00:00,2657,CORN,604.25,450000000.0,notional_at_entry,long,757575.0,long,621773669.51,0
2023-06-08 00:00:00+00:00,2658,CORN,610.25,450000000.0,notional_at_entry,long,757575.0,long,626319119.51,0
2023-06-09 00:00:00+00:00,2659,CORN,604.25,450000000.0,notional_at_entry,long,757575.0,long,621773669.51,0
2023-06-12 00:00:00+00:00,2660,CORN,617.25,450000000.0,notional_at_entry,long,757575.0,long,631622144.51,0
2023-06-13 00:00:00+00:00,2661,CORN,612.5,450000000.0,notional_at_entry,long,757575.0,long,628023663.26,0
2023-06-14 00:00:00+00:00,2662,CORN,607.75,450000000.0,notional_at_entry,long,757575.0,long,624425182.01,0
2023-06-15 00:00:00+00:00,2663,CORN,623.25,450000000.0,notional_at_entry,long,757575.0,long,636167594.51,0
2023-06-16 00:00:00+00:00,2664,CORN,640.25,450000000.0,notional_at_entry,long,757575.0,long,649046369.51,0
2023-06-20 00:00:00+00:00,2665,CORN,643.75,450000000.0,notional_at_entry,long,757575.0,long,651697882.01,0
2023-06-21 00:00:00+00:00,2666,CORN,671.0,450000000.0,notional_at_entry,long,757575.0,long,672341800.76,0
2023-06-22 00:00:00+00:00,2667,CORN,660.5,450000000.0,notional_at_entry,long,757575.0,long,664387263.26,0
2023-06-23 00:00:00+00:00,2668,CORN,630.75,300000000.0,notional_at_entry,long,757575.0,long,641849407.01,0
2023-06-26 00:00:00+00:00,2669,CORN,637.25,300000000.0,notional_at_entry,long,757575.0,long,646773644.51,0
2023-06-27 00:00:00+00:00,2670,CORN,623.0,300000000.0,notional_at_entry,long,757575.0,long,635978200.76,0
2023-06-28 00:00:00+00:00,2671,CORN,590.0,300000000.0,notional_at_entry,long,757575.0,long,610978225.76,0
2023-06-29 00:00:00+00:00,2672,CORN,581.0,-450000000.0,notional_at_entry,short,-774526.0,short,604160050.76,1
2023-06-30 00:00:00+00:00,2673,CORN,554.5,-450000000.0,notional_at_entry,short,-774526.0,short,624684989.76,0
2023-07-03 00:00:00+00:00,2674,CORN,557.25,-450000000.0,notional_at_entry,short,-774526.0,short,622555043.26,0
2023-07-05 00:00:00+00:00,2675,CORN,548.25,-450000000.0,notional_at_entry,short,-774526.0,short,629525777.26,0
2023-07-06 00:00:00+00:00,2676,CORN,566.75,-450000000.0,notional_at_entry,short,-774526.0,short,615197046.26,0
2023-07-07 00:00:00+00:00,2677,CORN,560.5,-450000000.0,notional_at_entry,short,-774526.0,short,620037833.76,0
2023-07-10 00:00:00+00:00,2678,CORN,570.75,-450000000.0,notional_at_entry,short,-774526.0,short,612098942.26,0
2023-07-11 00:00:00+00:00,2679,CORN,571.75,-450000000.0,notional_at_entry,short,-774526.0,short,611324416.26,0
2023-07-12 00:00:00+00:00,2680,CORN,549.75,-450000000.0,notional_at_entry,short,-774526.0,short,628363988.26,0
2023-07-13 00:00:00+00:00,2681,CORN,593.5,-450000000.0,notional_at_entry,short,-774526.0,short,594478475.76,0
2023-07-14 00:00:00+00:00,2682,CORN,599.75,-450000000.0,notional_at_entry,short,-774526.0,short,589637688.26,0
2023-07-17 00:00:00+00:00,2683,CORN,499.25,-450000000.0,notional_at_entry,short,-774526.0,short,667477551.26,0
2023-07-18 00:00:00+00:00,2684,CORN,528.75,-450000000.0,notional_at_entry,short,-774526.0,short,644629034.26,0
2023-07-19 00:00:00+00:00,2685,CORN,545.5,300000000.0,notional_at_entry,long,549954.0,long,631655723.76,1
2023-07-20 00:00:00+00:00,2686,CORN,537.25,300000000.0,notional_at_entry,long,549954.0,long,627118603.26,0
2023-07-21 00:00:00+00:00,2687,CORN,527.0,300000000.0,notional_at_entry,long,549954.0,long,621481574.76,0
2023-07-24 00:00:00+00:00,2688,CORN,560.5,300000000.0,notional_at_entry,long,549954.0,long,639905033.76,0
2023-07-25 00:00:00+00:00,2689,CORN,557.5,300000000.0,notional_at_entry,long,549954.0,long,638255171.76,0
2023-07-26 00:00:00+00:00,2690,CORN,540.25,300000000.0,notional_at_entry,long,549954.0,long,628768465.26,0
2023-07-27 00:00:00+00:00,2691,CORN,533.25,300000000.0,notional_at_entry,long,549954.0,long,624918787.26,0
2023-07-28 00:00:00+00:00,2692,CORN,521.0,300000000.0,notional_at_entry,long,549954.0,long,618181850.76,0
2023-07-31 00:00:00+00:00,2693,CORN,504.0,300000000.0,notional_at_entry,long,549954.0,long,608832632.76,0
2023-08-01 00:00:00+00:00,2694,CORN,497.0,300000000.0,notional_at_entry,long,549954.0,long,604982954.76,0
2023-08-02 00:00:00+00:00,2695,CORN,488.25,300000000.0,notional_at_entry,long,549954.0,long,600170857.26,0
2023-08-03 00:00:00+00:00,2696,CORN,480.75,300000000.0,notional_at_entry,long,549954.0,long,596046202.26,0
2023-08-04 00:00:00+00:00,2697,CORN,484.25,300000000.0,notional_at_entry,long,549954.0,long,597971041.26,0
2023-08-07 00:00:00+00:00,2698,CORN,482.25,300000000.0,notional_at_entry,long,549954.0,long,596871133.26,0
2023-08-08 00:00:00+00:00,2699,CORN,485.75,300000000.0,notional_at_entry,long,549954.0,long,598795972.26,0
2023-08-09 00:00:00+00:00,2700,CORN,481.0,-300000000.0,notional_at_entry,short,-623700.0,short,596183690.76,1
2023-08-10 00:00:00+00:00,2701,CORN,483.25,-300000000.0,notional_at_entry,short,-623700.0,short,594780365.76,0
2023-08-11 00:00:00+00:00,2702,CORN,474.5,-300000000.0,notional_at_entry,short,-623700.0,short,600237740.76,0
2023-08-14 00:00:00+00:00,2703,CORN,475.75,-300000000.0,notional_at_entry,short,-623700.0,short,599458115.76,0
2023-08-15 00:00:00+00:00,2704,CORN,464.0,-300000000.0,notional_at_entry,short,-623700.0,short,606786590.76,0
2023-08-16 00:00:00+00:00,2705,CORN,469.5,-300000000.0,notional_at_entry,short,-623700.0,short,603356240.76,0
2023-08-17 00:00:00+00:00,2706,CORN,473.0,-300000000.0,notional_at_entry,short,-623700.0,short,601173290.76,0
2023-08-18 00:00:00+00:00,2707,CORN,479.5,-300000000.0,notional_at_entry,short,-623700.0,short,597119240.76,0
2023-08-21 00:00:00+00:00,2708,CORN,469.25,-300000000.0,notional_at_entry,short,-623700.0,short,603512165.76,0
2023-08-22 00:00:00+00:00,2709,CORN,466.5,-300000000.0,notional_at_entry,short,-623700.0,short,605227340.76,0
2023-08-23 00:00:00+00:00,2710,CORN,476.25,-300000000.0,notional_at_entry,short,-623700.0,short,599146265.76,0
2023-08-24 00:00:00+00:00,2711,CORN,472.25,-300000000.0,notional_at_entry,short,-623700.0,short,601641065.76,0
2023-08-25 00:00:00+00:00,2712,CORN,470.75,-300000000.0,notional_at_entry,short,-623700.0,short,602576615.76,0
2023-08-28 00:00:00+00:00,2713,CORN,478.5,-300000000.0,notional_at_entry,short,-623700.0,short,597742940.76,0
2023-08-29 00:00:00+00:00,2714,CORN,469.5,-300000000.0,notional_at_entry,short,-623700.0,short,603356240.76,0
2023-08-30 00:00:00+00:00,2715,CORN,461.75,-300000000.0,notional_at_entry,short,-623700.0,short,608189915.76,0
2023-08-31 00:00:00+00:00,2716,CORN,461.0,-300000000.0,notional_at_entry,short,-623700.0,short,608657690.76,0
2023-09-01 00:00:00+00:00,2717,CORN,464.75,-300000000.0,notional_at_entry,short,-623700.0,short,606318815.76,0
2023-09-05 00:00:00+00:00,2718,CORN,471.0,-300000000.0,notional_at_entry,short,-623700.0,short,602420690.76,0
2023-09-06 00:00:00+00:00,2719,CORN,471.5,-300000000.0,notional_at_entry,short,-623700.0,short,602108840.76,0
2023-09-07 00:00:00+00:00,2720,CORN,470.75,-300000000.0,notional_at_entry,short,-623700.0,short,602576615.76,0
2023-09-08 00:00:00+00:00,2721,CORN,468.5,-300000000.0,notional_at_entry,short,-623700.0,short,603979940.76,0
2023-09-11 00:00:00+00:00,2722,CORN,471.25,-300000000.0,notional_at_entry,short,-623700.0,short,602264765.76,0
2023-09-12 00:00:00+00:00,2723,CORN,463.25,-300000000.0,notional_at_entry,short,-623700.0,short,607254365.76,0
2023-09-13 00:00:00+00:00,2724,CORN,464.0,-300000000.0,notional_at_entry,short,-623700.0,short,606786590.76,0
2023-09-14 00:00:00+00:00,2725,CORN,462.5,-300000000.0,notional_at_entry,short,-623700.0,short,607722140.76,0
2023-09-15 00:00:00+00:00,2726,CORN,476.25,-300000000.0,notional_at_entry,short,-623700.0,short,599146265.76,0
2023-09-18 00:00:00+00:00,2727,CORN,471.5,-300000000.0,notional_at_entry,short,-623700.0,short,602108840.76,0
2023-09-19 00:00:00+00:00,2728,CORN,476.25,-300000000.0,notional_at_entry,short,-623700.0,short,599146265.76,0
2023-09-20 00:00:00+00:00,2729,CORN,482.25,-300000000.0,notional_at_entry,short,-623700.0,short,595404065.76,0
2023-09-21 00:00:00+00:00,2730,CORN,475.25,-300000000.0,notional_at_entry,short,-623700.0,short,599769965.76,0
2023-09-22 00:00:00+00:00,2731,CORN,477.25,-300000000.0,notional_at_entry,short,-623700.0,short,598522565.76,0
2023-09-25 00:00:00+00:00,2732,CORN,481.25,-300000000.0,notional_at_entry,short,-623700.0,short,596027765.76,0
2023-09-26 00:00:00+00:00,2733,CORN,479.75,-300000000.0,notional_at_entry,short,-623700.0,short,596963315.76,0
2023-09-27 00:00:00+00:00,2734,CORN,483.25,-300000000.0,notional_at_entry,short,-623700.0,short,594780365.76,0
2023-09-28 00:00:00+00:00,2735,CORN,488.5,-300000000.0,notional_at_entry,short,-623700.0,short,591505940.76,0
2023-09-29 00:00:00+00:00,2736,CORN,476.75,-300000000.0,notional_at_entry,short,-623700.0,short,598834415.76,0
2023-10-02 00:00:00+00:00,2737,CORN,488.75,-300000000.0,notional_at_entry,short,-623700.0,short,591350015.76,0
2023-10-03 00:00:00+00:00,2738,CORN,487.5,-300000000.0,notional_at_entry,short,-623700.0,short,592129640.76,0
2023-10-04 00:00:00+00:00,2739,CORN,486.0,450000000.0,notional_at_entry,long,925925.0,long,593065190.76,1
2023-10-05 00:00:00+00:00,2740,CORN,497.5,450000000.0,notional_at_entry,long,925925.0,long,603713328.26,0
2023-10-06 00:00:00+00:00,2741,CORN,492.0,450000000.0,notional_at_entry,long,925925.0,long,598620740.76,0
2023-10-09 00:00:00+00:00,2742,CORN,488.25,450000000.0,notional_at_entry,long,925925.0,long,595148522.01,0
2023-10-10 00:00:00+00:00,2743,CORN,485.5,450000000.0,notional_at_entry,long,925925.0,long,592602228.26,0
2023-10-11 00:00:00+00:00,2744,CORN,488.0,450000000.0,notional_at_entry,long,925925.0,long,594917040.76,0
2023-10-12 00:00:00+00:00,2745,CORN,496.0,450000000.0,notional_at_entry,long,925925.0,long,602324440.76,0
2023-10-13 00:00:00+00:00,2746,CORN,493.25,450000000.0,notional_at_entry,long,925925.0,long,599778147.01,0
2023-10-16 00:00:00+00:00,2747,CORN,490.0,450000000.0,notional_at_entry,long,925925.0,long,596768890.76,0
2023-10-17 00:00:00+00:00,2748,CORN,489.0,450000000.0,notional_at_entry,long,925925.0,long,595842965.76,0
2023-10-18 00:00:00+00:00,2749,CORN,492.0,450000000.0,notional_at_entry,long,925925.0,long,598620740.76,0
2023-10-19 00:00:00+00:00,2750,CORN,505.0,450000000.0,notional_at_entry,long,925925.0,long,610657765.76,0
2023-10-20 00:00:00+00:00,2751,CORN,495.5,450000000.0,notional_at_entry,long,925925.0,long,601861478.26,0
2023-10-23 00:00:00+00:00,2752,CORN,490.25,450000000.0,notional_at_entry,long,925925.0,long,597000372.01,0
2023-10-24 00:00:00+00:00,2753,CORN,484.0,450000000.0,notional_at_entry,long,925925.0,long,591213340.76,0
2023-10-25 00:00:00+00:00,2754,CORN,480.0,450000000.0,notional_at_entry,long,925925.0,long,587509640.76,0
2023-10-26 00:00:00+00:00,2755,CORN,479.25,450000000.0,notional_at_entry,long,925925.0,long,586815197.01,0
2023-10-27 00:00:00+00:00,2756,CORN,480.75,450000000.0,notional_at_entry,long,925925.0,long,588204084.51,0
2023-10-30 00:00:00+00:00,2757,CORN,478.25,450000000.0,notional_at_entry,long,925925.0,long,585889272.01,0
2023-10-31 00:00:00+00:00,2758,CORN,478.75,450000000.0,notional_at_entry,long,925925.0,long,586352234.51,0
2023-11-01 00:00:00+00:00,2759,CORN,475.0,450000000.0,notional_at_entry,long,925925.0,long,582880015.76,0
2023-11-02 00:00:00+00:00,2760,CORN,470.0,450000000.0,notional_at_entry,long,925925.0,long,578250390.76,0
2023-11-03 00:00:00+00:00,2761,CORN,477.25,450000000.0,notional_at_entry,long,925925.0,long,584963347.01,0
2023-11-06 00:00:00+00:00,2762,CORN,477.25,450000000.0,notional_at_entry,long,925925.0,long,584963347.01,0
2023-11-07 00:00:00+00:00,2763,CORN,468.5,450000000.0,notional_at_entry,long,925925.0,long,576861503.26,0
2023-11-08 00:00:00+00:00,2764,CORN,476.0,450000000.0,notional_at_entry,long,925925.0,long,583805940.76,0
2023-11-09 00:00:00+00:00,2765,CORN,468.0,450000000.0,notional_at_entry,long,925925.0,long,576398540.76,0
2023-11-10 00:00:00+00:00,2766,CORN,464.0,450000000.0,notional_at_entry,long,925925.0,long,572694840.76,0
2023-11-13 00:00:00+00:00,2767,CORN,477.25,450000000.0,notional_at_entry,long,925925.0,long,584963347.01,0
2023-11-14 00:00:00+00:00,2768,CORN,478.25,450000000.0,notional_at_entry,long,925925.0,long,585889272.01,0
2023-11-15 00:00:00+00:00,2769,CORN,488.5,450000000.0,notional_at_entry,long,925925.0,long,595380003.26,0
2023-11-16 00:00:00+00:00,2770,CORN,493.25,450000000.0,notional_at_entry,long,925925.0,long,599778147.01,0
2023-11-17 00:00:00+00:00,2771,CORN,485.25,450000000.0,notional_at_entry,long,925925.0,long,592370747.01,0
2023-11-20 00:00:00+00:00,2772,CORN,487.5,450000000.0,notional_at_entry,long,925925.0,long,594454078.26,0
2023-11-21 00:00:00+00:00,2773,CORN,489.0,450000000.0,notional_at_entry,long,925925.0,long,595842965.76,0
2023-11-22 00:00:00+00:00,2774,CORN,487.75,450000000.0,notional_at_entry,long,925925.0,long,594685559.51,0
2023-11-24 00:00:00+00:00,2775,CORN,482.5,450000000.0,notional_at_entry,long,925925.0,long,589824453.26,0
2023-11-27 00:00:00+00:00,2776,CORN,475.25,450000000.0,notional_at_entry,long,925925.0,long,583111497.01,0
2023-11-28 00:00:00+00:00,2777,CORN,473.5,450000000.0,notional_at_entry,long,925925.0,long,581491128.26,0
2023-11-29 00:00:00+00:00,2778,CORN,475.75,450000000.0,notional_at_entry,long,925925.0,long,583574459.51,0
2023-11-30 00:00:00+00:00,2779,CORN,482.75,450000000.0,notional_at_entry,long,925925.0,long,590055934.51,0
2023-12-01 00:00:00+00:00,2780,CORN,464.5,450000000.0,notional_at_entry,long,925925.0,long,573157803.26,0
2023-12-04 00:00:00+00:00,2781,CORN,460.25,450000000.0,notional_at_entry,long,925925.0,long,569222622.01,0
2023-12-05 00:00:00+00:00,2782,CORN,468.5,450000000.0,notional_at_entry,long,925925.0,long,576861503.26,0
2023-12-06 00:00:00+00:00,2783,CORN,464.75,-450000000.0,notional_at_entry,short,-968262.0,short,573389284.51,1
2023-12-07 00:00:00+00:00,2784,CORN,468.25,-450000000.0,notional_at_entry,short,-968262.0,short,570000367.51,0
2023-12-08 00:00:00+00:00,2785,CORN,465.75,-450000000.0,notional_at_entry,short,-968262.0,short,572421022.51,0
2023-12-11 00:00:00+00:00,2786,CORN,460.5,-450000000.0,notional_at_entry,short,-968262.0,short,577504398.01,0
2023-12-12 00:00:00+00:00,2787,CORN,462.5,-450000000.0,notional_at_entry,short,-968262.0,short,575567874.01,0
2023-12-13 00:00:00+00:00,2788,CORN,456.75,-450000000.0,notional_at_entry,short,-968262.0,short,581135380.51,0
2023-12-14 00:00:00+00:00,2789,CORN,456.75,-450000000.0,notional_at_entry,short,-968262.0,short,581135380.51,0
2023-12-15 00:00:00+00:00,2790,CORN,483.0,-450000000.0,notional_at_entry,short,-968262.0,short,555718503.01,0
2023-12-18 00:00:00+00:00,2791,CORN,477.0,-450000000.0,notional_at_entry,short,-968262.0,short,561528075.01,0
2023-12-19 00:00:00+00:00,2792,CORN,472.75,-450000000.0,notional_at_entry,short,-968262.0,short,565643188.51,0
2023-12-20 00:00:00+00:00,2793,CORN,469.75,-450000000.0,notional_at_entry,short,-968262.0,short,568547974.51,0
2023-12-21 00:00:00+00:00,2794,CORN,472.5,-450000000.0,notional_at_entry,short,-968262.0,short,565885254.01,0
2023-12-22 00:00:00+00:00,2795,CORN,473.0,-450000000.0,notional_at_entry,short,-968262.0,short,565401123.01,0
2023-12-26 00:00:00+00:00,2796,CORN,480.25,-450000000.0,notional_at_entry,short,-968262.0,short,558381223.51,0
2023-12-27 00:00:00+00:00,2797,CORN,476.5,-450000000.0,notional_at_entry,short,-968262.0,short,562012206.01,0
2023-12-28 00:00:00+00:00,2798,CORN,474.25,-450000000.0,notional_at_entry,short,-968262.0,short,564190795.51,0
2023-12-29 00:00:00+00:00,2799,CORN,471.25,-450000000.0,notional_at_entry,short,-968262.0,short,567095581.51,0
2024-01-02 00:00:00+00:00,2800,CORN,463.75,-300000000.0,notional_at_entry,short,-968262.0,short,574357546.51,0
2024-01-03 00:00:00+00:00,2801,CORN,465.25,-300000000.0,notional_at_entry,short,-968262.0,short,572905153.51,0
2024-01-04 00:00:00+00:00,2802,CORN,466.5,-300000000.0,notional_at_entry,short,-968262.0,short,571694826.01,0
2024-01-05 00:00:00+00:00,2803,CORN,460.75,-300000000.0,notional_at_entry,short,-968262.0,short,577262332.51,0
2024-01-08 00:00:00+00:00,2804,CORN,455.0,450000000.0,notional_at_entry,long,989010.0,long,582829839.01,1
2024-01-09 00:00:00+00:00,2805,CORN,459.25,450000000.0,notional_at_entry,long,989010.0,long,587033131.51,0
2024-01-10 00:00:00+00:00,2806,CORN,459.5,450000000.0,notional_at_entry,long,989010.0,long,587280384.01,0
2024-01-11 00:00:00+00:00,2807,CORN,457.75,450000000.0,notional_at_entry,long,989010.0,long,585549616.51,0
2024-01-12 00:00:00+00:00,2808,CORN,447.0,450000000.0,notional_at_entry,long,989010.0,long,574917759.01,0
2024-01-16 00:00:00+00:00,2809,CORN,443.5,450000000.0,notional_at_entry,long,989010.0,long,571456224.01,0
2024-01-17 00:00:00+00:00,2810,CORN,442.25,450000000.0,notional_at_entry,long,989010.0,long,570219961.51,0
2024-01-18 00:00:00+00:00,2811,CORN,444.0,450000000.0,notional_at_entry,long,989010.0,long,571950729.01,0
2024-01-19 00:00:00+00:00,2812,CORN,445.5,450000000.0,notional_at_entry,long,989010.0,long,573434244.01,0
2024-01-22 00:00:00+00:00,2813,CORN,445.75,450000000.0,notional_at_entry,long,989010.0,long,573681496.51,0
2024-01-23 00:00:00+00:00,2814,CORN,446.5,450000000.0,notional_at_entry,long,989010.0,long,574423254.01,0
2024-01-24 00:00:00+00:00,2815,CORN,452.25,450000000.0,notional_at_entry,long,989010.0,long,580110061.51,0
2024-01-25 00:00:00+00:00,2816,CORN,451.75,450000000.0,notional_at_entry,long,989010.0,long,579615556.51,0
2024-01-26 00:00:00+00:00,2817,CORN,446.25,450000000.0,notional_at_entry,long,989010.0,long,574176001.51,0
2024-01-29 00:00:00+00:00,2818,CORN,440.25,450000000.0,notional_at_entry,long,989010.0,long,568241941.51,0
2024-01-30 00:00:00+00:00,2819,CORN,447.75,450000000.0,notional_at_entry,long,989010.0,long,575659516.51,0
2024-01-31 00:00:00+00:00,2820,CORN,448.25,450000000.0,notional_at_entry,long,989010.0,long,576154021.51,0
2024-02-01 00:00:00+00:00,2821,CORN,447.25,450000000.0,notional_at_entry,long,989010.0,long,575165011.51,0
2024-02-02 00:00:00+00:00,2822,CORN,442.75,450000000.0,notional_at_entry,long,989010.0,long,570714466.51,0
2024-02-05 00:00:00+00:00,2823,CORN,442.75,450000000.0,notional_at_entry,long,989010.0,long,570714466.51,0
2024-02-06 00:00:00+00:00,2824,CORN,438.75,450000000.0,notional_at_entry,long,989010.0,long,566758426.51,0
2024-02-07 00:00:00+00:00,2825,CORN,434.25,450000000.0,notional_at_entry,long,989010.0,long,562307881.51,0
2024-02-08 00:00:00+00:00,2826,CORN,433.25,450000000.0,notional_at_entry,long,989010.0,long,561318871.51,0
2024-02-09 00:00:00+00:00,2827,CORN,429.0,450000000.0,notional_at_entry,long,989010.0,long,557115579.01,0
2024-02-12 00:00:00+00:00,2828,CORN,430.5,450000000.0,notional_at_entry,long,989010.0,long,558599094.01,0
2024-02-13 00:00:00+00:00,2829,CORN,430.75,450000000.0,notional_at_entry,long,989010.0,long,558846346.51,0
2024-02-14 00:00:00+00:00,2830,CORN,424.25,450000000.0,notional_at_entry,long,989010.0,long,552417781.51,0
2024-02-15 00:00:00+00:00,2831,CORN,417.75,450000000.0,notional_at_entry,long,989010.0,long,545989216.51,0
2024-02-16 00:00:00+00:00,2832,CORN,416.5,450000000.0,notional_at_entry,long,989010.0,long,544752954.01,0
2024-02-20 00:00:00+00:00,2833,CORN,418.75,450000000.0,notional_at_entry,long,989010.0,long,546978226.51,0
2024-02-21 00:00:00+00:00,2834,CORN,411.0,450000000.0,notional_at_entry,long,989010.0,long,539313399.01,0
2024-02-22 00:00:00+00:00,2835,CORN,406.0,450000000.0,notional_at_entry,long,989010.0,long,534368349.01,0
2024-02-23 00:00:00+00:00,2836,CORN,399.75,-300000000.0,notional_at_entry,short,-750469.0,short,528187036.51,1
2024-02-26 00:00:00+00:00,2837,CORN,407.0,-300000000.0,notional_at_entry,short,-750469.0,short,522746136.26,0
2024-02-27 00:00:00+00:00,2838,CORN,423.5,-300000000.0,notional_at_entry,short,-750469.0,short,510363397.76,0
2024-02-28 00:00:00+00:00,2839,CORN,428.5,-300000000.0,notional_at_entry,short,-750469.0,short,506611052.76,0
2024-02-29 00:00:00+00:00,2840,CORN,429.5,-300000000.0,notional_at_entry,short,-750469.0,short,505860583.76,0
2024-03-01 00:00:00+00:00,2841,CORN,412.25,-300000000.0,notional_at_entry,short,-750469.0,short,518806174.01,0
2024-03-04 00:00:00+00:00,2842,CORN,417.5,-300000000.0,notional_at_entry,short,-750469.0,short,514866211.76,0
2024-03-05 00:00:00+00:00,2843,CORN,413.5,-300000000.0,notional_at_entry,short,-750469.0,short,517868087.76,0
2024-03-06 00:00:00+00:00,2844,CORN,418.0,-300000000.0,notional_at_entry,short,-750469.0,short,514490977.26,0
2024-03-07 00:00:00+00:00,2845,CORN,426.0,-300000000.0,notional_at_entry,short,-750469.0,short,508487225.26,0
2024-03-08 00:00:00+00:00,2846,CORN,426.25,-300000000.0,notional_at_entry,short,-750469.0,short,508299608.01,0
2024-03-11 00:00:00+00:00,2847,CORN,428.25,-300000000.0,notional_at_entry,short,-750469.0,short,506798670.01,0
2024-03-12 00:00:00+00:00,2848,CORN,429.0,-300000000.0,notional_at_entry,short,-750469.0,short,506235818.26,0
2024-03-13 00:00:00+00:00,2849,CORN,426.5,-300000000.0,notional_at_entry,short,-750469.0,short,508111990.76,0
2024-03-14 00:00:00+00:00,2850,CORN,422.5,-300000000.0,notional_at_entry,short,-750469.0,short,511113866.76,0
2024-03-15 00:00:00+00:00,2851,CORN,436.75,-300000000.0,notional_at_entry,short,-750469.0,short,500419683.51,0
2024-03-18 00:00:00+00:00,2852,CORN,436.0,-300000000.0,notional_at_entry,short,-750469.0,short,500982535.26,0
2024-03-19 00:00:00+00:00,2853,CORN,439.5,-300000000.0,notional_at_entry,short,-750469.0,short,498355893.76,0
2024-03-20 00:00:00+00:00,2854,CORN,439.0,-300000000.0,notional_at_entry,short,-750469.0,short,498731128.26,0
2024-03-21 00:00:00+00:00,2855,CORN,440.75,-300000000.0,notional_at_entry,short,-750469.0,short,497417807.51,0
2024-03-22 00:00:00+00:00,2856,CORN,439.25,-300000000.0,notional_at_entry,short,-750469.0,short,498543511.01,0
2024-03-25 00:00:00+00:00,2857,CORN,437.75,-300000000.0,notional_at_entry,short,-750469.0,short,499669214.51,0
2024-03-26 00:00:00+00:00,2858,CORN,432.5,-300000000.0,notional_at_entry,short,-750469.0,short,503609176.76,0
2024-03-27 00:00:00+00:00,2859,CORN,426.75,-300000000.0,notional_at_entry,short,-750469.0,short,507924373.51,0
2024-03-28 00:00:00+00:00,2860,CORN,442.0,-300000000.0,notional_at_entry,short,-750469.0,short,496479721.26,0
2024-03-29 00:00:00+00:00,2861,CORN,442.25,-300000000.0,notional_at_entry,short,-750469.0,short,496292104.01,0
2024-04-01 00:00:00+00:00,2862,CORN,435.5,-300000000.0,notional_at_entry,short,-750469.0,short,501357769.76,0
2024-04-02 00:00:00+00:00,2863,CORN,426.5,-300000000.0,notional_at_entry,short,-750469.0,short,508111990.76,0
2024-04-03 00:00:00+00:00,2864,CORN,431.75,-300000000.0,notional_at_entry,short,-750469.0,short,504172028.51,0
2024-04-04 00:00:00+00:00,2865,CORN,435.25,-300000000.0,notional_at_entry,short,-750469.0,short,501545387.01,0
2024-04-05 00:00:00+00:00,2866,CORN,434.25,-300000000.0,notional_at_entry,short,-750469.0,short,502295856.01,0
2024-04-08 00:00:00+00:00,2867,CORN,435.5,-300000000.0,notional_at_entry,short,-750469.0,short,501357769.76,0
2024-04-09 00:00:00+00:00,2868,CORN,431.25,-300000000.0,notional_at_entry,short,-750469.0,short,504547263.01,0
2024-04-10 00:00:00+00:00,2869,CORN,434.25,-300000000.0,notional_at_entry,short,-750469.0,short,502295856.01,0
2024-04-11 00:00:00+00:00,2870,CORN,428.75,-300000000.0,notional_at_entry,short,-750469.0,short,506423435.51,0
2024-04-12 00:00:00+00:00,2871,CORN,435.5,-300000000.0,notional_at_entry,short,-750469.0,short,501357769.76,0
2024-04-15 00:00:00+00:00,2872,CORN,431.5,-300000000.0,notional_at_entry,short,-750469.0,short,504359645.76,0
2024-04-16 00:00:00+00:00,2873,CORN,431.0,-300000000.0,notional_at_entry,short,-750469.0,short,504734880.26,0
2024-04-17 00:00:00+00:00,2874,CORN,441.0,-300000000.0,notional_at_entry,short,-750469.0,short,497230190.26,0
2024-04-18 00:00:00+00:00,2875,CORN,426.75,-300000000.0,notional_at_entry,short,-750469.0,short,507924373.51,0
2024-04-19 00:00:00+00:00,2876,CORN,443.0,-300000000.0,notional_at_entry,short,-750469.0,short,495729252.26,0
2024-04-22 00:00:00+00:00,2877,CORN,439.75,450000000.0,notional_at_entry,long,1023308.0,long,498168276.51,1
2024-04-23 00:00:00+00:00,2878,CORN,452.5,450000000.0,notional_at_entry,long,1023308.0,long,511215453.51,0
2024-04-24 00:00:00+00:00,2879,CORN,448.5,450000000.0,notional_at_entry,long,1023308.0,long,507122221.51,0
2024-04-25 00:00:00+00:00,2880,CORN,441.0,450000000.0,notional_at_entry,long,1023308.0,long,499447411.51,0
2024-04-26 00:00:00+00:00,2881,CORN,450.0,450000000.0,notional_at_entry,long,1023308.0,long,508657183.51,0
2024-04-29 00:00:00+00:00,2882,CORN,449.25,450000000.0,notional_at_entry,long,1023308.0,long,507889702.51,0
2024-04-30 00:00:00+00:00,2883,CORN,446.75,450000000.0,notional_at_entry,long,1023308.0,long,505331432.51,0
2024-05-01 00:00:00+00:00,2884,CORN,450.75,450000000.0,notional_at_entry,long,1023308.0,long,509424664.51,0
2024-05-02 00:00:00+00:00,2885,CORN,459.75,450000000.0,notional_at_entry,long,1023308.0,long,518634436.51,0
2024-05-03 00:00:00+00:00,2886,CORN,460.25,450000000.0,notional_at_entry,long,1023308.0,long,519146090.51,0
2024-05-06 00:00:00+00:00,2887,CORN,457.0,450000000.0,notional_at_entry,long,1023308.0,long,515820339.51,0
2024-05-07 00:00:00+00:00,2888,CORN,453.75,-300000000.0,notional_at_entry,short,-661157.0,short,512494588.51,1
2024-05-08 00:00:00+00:00,2889,CORN,445.5,-300000000.0,notional_at_entry,short,-661157.0,short,517949133.76,0
2024-05-09 00:00:00+00:00,2890,CORN,442.75,-300000000.0,notional_at_entry,short,-661157.0,short,519767315.51,0
2024-05-10 00:00:00+00:00,2891,CORN,455.75,-300000000.0,notional_at_entry,short,-661157.0,short,511172274.51,0
2024-05-13 00:00:00+00:00,2892,CORN,458.5,-300000000.0,notional_at_entry,short,-661157.0,short,509354092.76,0
2024-05-14 00:00:00+00:00,2893,CORN,453.75,-300000000.0,notional_at_entry,short,-661157.0,short,512494588.51,0
2024-05-15 00:00:00+00:00,2894,CORN,462.5,-300000000.0,notional_at_entry,short,-661157.0,short,506709464.76,0
2024-05-16 00:00:00+00:00,2895,CORN,457.0,-300000000.0,notional_at_entry,short,-661157.0,short,510345828.26,0
2024-05-17 00:00:00+00:00,2896,CORN,452.5,-300000000.0,notional_at_entry,short,-661157.0,short,513321034.76,0
2024-05-20 00:00:00+00:00,2897,CORN,460.5,-300000000.0,notional_at_entry,short,-661157.0,short,508031778.76,0
2024-05-21 00:00:00+00:00,2898,CORN,458.0,-300000000.0,notional_at_entry,short,-661157.0,short,509684671.26,0
2024-05-22 00:00:00+00:00,2899,CORN,461.25,-300000000.0,notional_at_entry,short,-661157.0,short,507535911.01,0
2024-05-23 00:00:00+00:00,2900,CORN,464.0,-450000000.0,notional_at_entry,short,-661157.0,short,505717729.26,0
2024-05-24 00:00:00+00:00,2901,CORN,464.75,-450000000.0,notional_at_entry,short,-661157.0,short,505221861.51,0
2024-05-28 00:00:00+00:00,2902,CORN,462.5,-450000000.0,notional_at_entry,short,-661157.0,short,506709464.76,0
2024-05-29 00:00:00+00:00,2903,CORN,455.25,-450000000.0,notional_at_entry,short,-661157.0,short,511502853.01,0
2024-05-30 00:00:00+00:00,2904,CORN,448.75,-450000000.0,notional_at_entry,short,-661157.0,short,515800373.51,0
2024-05-31 00:00:00+00:00,2905,CORN,446.25,-450000000.0,notional_at_entry,short,-661157.0,short,517453266.01,0
2024-06-03 00:00:00+00:00,2906,CORN,443.5,-450000000.0,notional_at_entry,short,-661157.0,short,519271447.76,0
2024-06-04 00:00:00+00:00,2907,CORN,442.5,300000000.0,notional_at_entry,long,677966.0,long,519932604.76,1
2024-06-05 00:00:00+00:00,2908,CORN,439.25,300000000.0,notional_at_entry,long,677966.0,long,517729215.26,0
2024-06-06 00:00:00+00:00,2909,CORN,452.0,300000000.0,notional_at_entry,long,677966.0,long,526373281.76,0
2024-06-07 00:00:00+00:00,2910,CORN,448.75,300000000.0,notional_at_entry,long,677966.0,long,524169892.26,0
2024-06-10 00:00:00+00:00,2911,CORN,451.75,-300000000.0,notional_at_entry,short,-664084.0,short,526203790.26,1
2024-06-11 00:00:00+00:00,2912,CORN,449.5,-300000000.0,notional_at_entry,short,-664084.0,short,527697979.26,0
2024-06-12 00:00:00+00:00,2913,CORN,454.25,-300000000.0,notional_at_entry,short,-664084.0,short,524543580.26,0
2024-06-13 00:00:00+00:00,2914,CORN,458.5,-300000000.0,notional_at_entry,short,-664084.0,short,521721223.26,0
2024-06-14 00:00:00+00:00,2915,CORN,450.0,-300000000.0,notional_at_entry,short,-664084.0,short,527365937.26,0
2024-06-17 00:00:00+00:00,2916,CORN,450.0,-300000000.0,notional_at_entry,short,-664084.0,short,527365937.26,0
2024-06-18 00:00:00+00:00,2917,CORN,455.75,-300000000.0,notional_at_entry,short,-664084.0,short,523547454.26,0
2024-06-20 00:00:00+00:00,2918,CORN,444.75,-300000000.0,notional_at_entry,short,-664084.0,short,530852378.26,0
2024-06-21 00:00:00+00:00,2919,CORN,440.5,-300000000.0,notional_at_entry,short,-664084.0,short,533674735.26,0
2024-06-24 00:00:00+00:00,2920,CORN,439.5,-300000000.0,notional_at_entry,short,-664084.0,short,534338819.26,0
2024-06-25 00:00:00+00:00,2921,CORN,431.75,-300000000.0,notional_at_entry,short,-664084.0,short,539485470.26,0
2024-06-26 00:00:00+00:00,2922,CORN,425.5,-300000000.0,notional_at_entry,short,-664084.0,short,543635995.26,0
2024-06-27 00:00:00+00:00,2923,CORN,422.5,-300000000.0,notional_at_entry,short,-664084.0,short,545628247.26,0
2024-06-28 00:00:00+00:00,2924,CORN,407.5,-300000000.0,notional_at_entry,short,-664084.0,short,555589507.26,0
2024-07-01 00:00:00+00:00,2925,CORN,407.0,-300000000.0,notional_at_entry,short,-664084.0,short,555921549.26,0
2024-07-02 00:00:00+00:00,2926,CORN,408.0,-450000000.0,notional_at_entry,short,-664084.0,short,555257465.26,0
2024-07-03 00:00:00+00:00,2927,CORN,405.5,-450000000.0,notional_at_entry,short,-664084.0,short,556917675.26,0
2024-07-05 00:00:00+00:00,2928,CORN,410.5,-450000000.0,notional_at_entry,short,-664084.0,short,553597255.26,0
2024-07-08 00:00:00+00:00,2929,CORN,393.25,-450000000.0,notional_at_entry,short,-664084.0,short,565052704.26,0
2024-07-09 00:00:00+00:00,2930,CORN,394.0,-450000000.0,notional_at_entry,short,-664084.0,short,564554641.26,0
2024-07-10 00:00:00+00:00,2931,CORN,395.75,-450000000.0,notional_at_entry,short,-664084.0,short,563392494.26,0
2024-07-11 00:00:00+00:00,2932,CORN,400.25,-450000000.0,notional_at_entry,short,-664084.0,short,560404116.26,0
2024-07-12 00:00:00+00:00,2933,CORN,402.0,-450000000.0,notional_at_entry,short,-664084.0,short,559241969.26,0
2024-07-15 00:00:00+00:00,2934,CORN,404.25,-450000000.0,notional_at_entry,short,-664084.0,short,557747780.26,0
2024-07-16 00:00:00+00:00,2935,CORN,408.75,-450000000.0,notional_at_entry,short,-664084.0,short,554759402.26,0
2024-07-17 00:00:00+00:00,2936,CORN,411.75,-450000000.0,notional_at_entry,short,-664084.0,short,552767150.26,0
2024-07-18 00:00:00+00:00,2937,CORN,405.0,-450000000.0,notional_at_entry,short,-664084.0,short,557249717.26,0
2024-07-19 00:00:00+00:00,2938,CORN,404.75,-450000000.0,notional_at_entry,short,-664084.0,short,557415738.26,0
2024-07-22 00:00:00+00:00,2939,CORN,415.0,-450000000.0,notional_at_entry,short,-664084.0,short,550608877.26,0
2024-07-23 00:00:00+00:00,2940,CORN,417.25,-450000000.0,notional_at_entry,short,-664084.0,short,549114688.26,0
2024-07-24 00:00:00+00:00,2941,CORN,418.0,-450000000.0,notional_at_entry,short,-664084.0,short,548616625.26,0
2024-07-25 00:00:00+00:00,2942,CORN,420.75,300000000.0,notional_at_entry,long,713012.0,long,546790394.26,1
2024-07-26 00:00:00+00:00,2943,CORN,410.0,300000000.0,notional_at_entry,long,713012.0,long,539125515.26,0
2024-07-29 00:00:00+00:00,2944,CORN,412.25,300000000.0,notional_at_entry,long,713012.0,long,540729792.26,0
2024-07-30 00:00:00+00:00,2945,CORN,405.0,300000000.0,notional_at_entry,long,713012.0,long,535560455.26,0
2024-07-31 00:00:00+00:00,2946,CORN,399.75,300000000.0,notional_at_entry,long,713012.0,long,531817142.26,0
2024-08-01 00:00:00+00:00,2947,CORN,398.5,300000000.0,notional_at_entry,long,713012.0,long,530925877.26,0
2024-08-02 00:00:00+00:00,2948,CORN,403.25,300000000.0,notional_at_entry,long,713012.0,long,534312684.26,0
2024-08-05 00:00:00+00:00,2949,CORN,407.0,300000000.0,notional_at_entry,long,713012.0,long,536986479.26,0
2024-08-06 00:00:00+00:00,2950,CORN,405.25,300000000.0,notional_at_entry,long,713012.0,long,535738708.26,0
2024-08-07 00:00:00+00:00,2951,CORN,400.75,300000000.0,notional_at_entry,long,713012.0,long,532530154.26,0
2024-08-08 00:00:00+00:00,2952,CORN,397.0,300000000.0,notional_at_entry,long,713012.0,long,529856359.26,0
2024-08-09 00:00:00+00:00,2953,CORN,395.0,300000000.0,notional_at_entry,long,713012.0,long,528430335.26,0
2024-08-12 00:00:00+00:00,2954,CORN,401.5,300000000.0,notional_at_entry,long,713012.0,long,533064913.26,0
2024-08-13 00:00:00+00:00,2955,CORN,397.25,300000000.0,notional_at_entry,long,713012.0,long,530034612.26,0
2024-08-14 00:00:00+00:00,2956,CORN,400.75,300000000.0,notional_at_entry,long,713012.0,long,532530154.26,0
2024-08-15 00:00:00+00:00,2957,CORN,397.0,300000000.0,notional_at_entry,long,713012.0,long,529856359.26,0
2024-08-16 00:00:00+00:00,2958,CORN,392.5,300000000.0,notional_at_entry,long,713012.0,long,526647805.26,0
2024-08-19 00:00:00+00:00,2959,CORN,400.25,300000000.0,notional_at_entry,long,713012.0,long,532173648.26,0
2024-08-20 00:00:00+00:00,2960,CORN,398.0,300000000.0,notional_at_entry,long,713012.0,long,530569371.26,0
2024-08-21 00:00:00+00:00,2961,CORN,398.25,300000000.0,notional_at_entry,long,713012.0,long,530747624.26,0
2024-08-22 00:00:00+00:00,2962,CORN,393.5,300000000.0,notional_at_entry,long,713012.0,long,527360817.26,0
2024-08-23 00:00:00+00:00,2963,CORN,391.0,300000000.0,notional_at_entry,long,713012.0,long,525578287.26,0
2024-08-26 00:00:00+00:00,2964,CORN,386.5,300000000.0,notional_at_entry,long,713012.0,long,522369733.26,0
2024-08-27 00:00:00+00:00,2965,CORN,392.75,300000000.0,notional_at_entry,long,713012.0,long,526826058.26,0
2024-08-28 00:00:00+00:00,2966,CORN,390.75,300000000.0,notional_at_entry,long,713012.0,long,525400034.26,0
2024-08-29 00:00:00+00:00,2967,CORN,396.0,300000000.0,notional_at_entry,long,713012.0,long,529143347.26,0
2024-08-30 00:00:00+00:00,2968,CORN,401.0,300000000.0,notional_at_entry,long,713012.0,long,532708407.26,0
2024-09-03 00:00:00+00:00,2969,CORN,409.25,450000000.0,notional_at_entry,long,713012.0,long,538590756.26,0
2024-09-04 00:00:00+00:00,2970,CORN,412.75,450000000.0,notional_at_entry,long,713012.0,long,541086298.26,0
2024-09-05 00:00:00+00:00,2971,CORN,410.75,450000000.0,notional_at_entry,long,713012.0,long,539660274.26,0
2024-09-06 00:00:00+00:00,2972,CORN,406.25,450000000.0,notional_at_entry,long,713012.0,long,536451720.26,0
2024-09-09 00:00:00+00:00,2973,CORN,384.25,450000000.0,notional_at_entry,long,713012.0,long,520765456.26,0
2024-09-10 00:00:00+00:00,2974,CORN,379.5,450000000.0,notional_at_entry,long,713012.0,long,517378649.26,0
2024-09-11 00:00:00+00:00,2975,CORN,380.5,450000000.0,notional_at_entry,long,713012.0,long,518091661.26,0
2024-09-12 00:00:00+00:00,2976,CORN,386.25,450000000.0,notional_at_entry,long,713012.0,long,522191480.26,0
2024-09-13 00:00:00+00:00,2977,CORN,390.75,450000000.0,notional_at_entry,long,713012.0,long,525400034.26,0
2024-09-16 00:00:00+00:00,2978,CORN,410.75,450000000.0,notional_at_entry,long,713012.0,long,539660274.26,0
2024-09-17 00:00:00+00:00,2979,CORN,412.5,450000000.0,notional_at_entry,long,713012.0,long,540908045.26,0
2024-09-18 00:00:00+00:00,2980,CORN,412.75,450000000.0,notional_at_entry,long,713012.0,long,541086298.26,0
2024-09-19 00:00:00+00:00,2981,CORN,405.75,450000000.0,notional_at_entry,long,713012.0,long,536095214.26,0
2024-09-20 00:00:00+00:00,2982,CORN,401.75,450000000.0,notional_at_entry,long,713012.0,long,533243166.26,0
2024-09-23 00:00:00+00:00,2983,CORN,413.5,450000000.0,notional_at_entry,long,713012.0,long,541621057.26,0
2024-09-24 00:00:00+00:00,2984,CORN,411.75,450000000.0,notional_at_entry,long,713012.0,long,540373286.26,0
2024-09-25 00:00:00+00:00,2985,CORN,415.25,450000000.0,notional_at_entry,long,713012.0,long,542868828.26,0
2024-09-26 00:00:00+00:00,2986,CORN,413.25,450000000.0,notional_at_entry,long,713012.0,long,541442804.26,0
2024-09-27 00:00:00+00:00,2987,CORN,418.0,450000000.0,notional_at_entry,long,713012.0,long,544829611.26,0
2024-09-30 00:00:00+00:00,2988,CORN,424.75,450000000.0,notional_at_entry,long,713012.0,long,549642442.26,0
2024-10-01 00:00:00+00:00,2989,CORN,429.0,450000000.0,notional_at_entry,long,713012.0,long,552672743.26,0
2024-10-02 00:00:00+00:00,2990,CORN,432.5,450000000.0,notional_at_entry,long,713012.0,long,555168285.26,0
2024-10-03 00:00:00+00:00,2991,CORN,428.25,450000000.0,notional_at_entry,long,713012.0,long,552137984.26,0
2024-10-04 00:00:00+00:00,2992,CORN,424.75,450000000.0,notional_at_entry,long,713012.0,long,549642442.26,0
2024-10-07 00:00:00+00:00,2993,CORN,426.0,450000000.0,notional_at_entry,long,713012.0,long,550533707.26,0
2024-10-08 00:00:00+00:00,2994,CORN,420.75,450000000.0,notional_at_entry,long,713012.0,long,546790394.26,0
2024-10-09 00:00:00+00:00,2995,CORN,421.0,450000000.0,notional_at_entry,long,713012.0,long,546968647.26,0
2024-10-10 00:00:00+00:00,2996,CORN,418.5,450000000.0,notional_at_entry,long,713012.0,long,545186117.26,0
2024-10-11 00:00:00+00:00,2997,CORN,415.75,450000000.0,notional_at_entry,long,713012.0,long,543225334.26,0
2024-10-14 00:00:00+00:00,2998,CORN,408.25,450000000.0,notional_at_entry,long,713012.0,long,537877744.26,0
2024-10-15 00:00:00+00:00,2999,CORN,401.25,450000000.0,notional_at_entry,long,713012.0,long,532886660.26,0
2024-10-16 00:00:00+00:00,3000,CORN,404.75,-300000000.0,notional_at_entry,short,-741198.0,short,535382202.26,1
2024-10-17 00:00:00+00:00,3001,CORN,406.75,-300000000.0,notional_at_entry,short,-741198.0,short,533899806.26,0
2024-10-18 00:00:00+00:00,3002,CORN,404.75,-300000000.0,notional_at_entry,short,-741198.0,short,535382202.26,0
2024-10-21 00:00:00+00:00,3003,CORN,409.5,-300000000.0,notional_at_entry,short,-741198.0,short,531861511.76,0
2024-10-22 00:00:00+00:00,3004,CORN,416.5,-300000000.0,notional_at_entry,short,-741198.0,short,526673125.76,0
2024-10-23 00:00:00+00:00,3005,CORN,419.0,-300000000.0,notional_at_entry,short,-741198.0,short,524820130.76,0
2024-10-24 00:00:00+00:00,3006,CORN,421.5,-300000000.0,notional_at_entry,short,-741198.0,short,522967135.76,0
2024-10-25 00:00:00+00:00,3007,CORN,415.25,-300000000.0,notional_at_entry,short,-741198.0,short,527599623.26,0
2024-10-28 00:00:00+00:00,3008,CORN,410.75,-300000000.0,notional_at_entry,short,-741198.0,short,530935014.26,0
2024-10-29 00:00:00+00:00,3009,CORN,413.75,-300000000.0,notional_at_entry,short,-741198.0,short,528711420.26,0
2024-10-30 00:00:00+00:00,3010,CORN,411.5,-300000000.0,notional_at_entry,short,-741198.0,short,530379115.76,0
2024-10-31 00:00:00+00:00,3011,CORN,410.75,-300000000.0,notional_at_entry,short,-741198.0,short,530935014.26,0
2024-11-01 00:00:00+00:00,3012,CORN,414.5,-300000000.0,notional_at_entry,short,-741198.0,short,528155521.76,0
2024-11-04 00:00:00+00:00,3013,CORN,416.5,-300000000.0,notional_at_entry,short,-741198.0,short,526673125.76,0
2024-11-05 00:00:00+00:00,3014,CORN,418.5,-300000000.0,notional_at_entry,short,-741198.0,short,525190729.76,0
2024-11-06 00:00:00+00:00,3015,CORN,426.25,-300000000.0,notional_at_entry,short,-741198.0,short,519446445.26,0
2024-11-07 00:00:00+00:00,3016,CORN,427.5,-300000000.0,notional_at_entry,short,-741198.0,short,518519947.76,0
2024-11-08 00:00:00+00:00,3017,CORN,431.0,-300000000.0,notional_at_entry,short,-741198.0,short,515925754.76,0
2024-11-11 00:00:00+00:00,3018,CORN,430.0,-300000000.0,notional_at_entry,short,-741198.0,short,516666952.76,0
2024-11-12 00:00:00+00:00,3019,CORN,428.5,-300000000.0,notional_at_entry,short,-741198.0,short,517778749.76,0
2024-11-13 00:00:00+00:00,3020,CORN,426.5,-300000000.0,notional_at_entry,short,-741198.0,short,519261145.76,0
2024-11-14 00:00:00+00:00,3021,CORN,419.0,-300000000.0,notional_at_entry,short,-741198.0,short,524820130.76,0
2024-11-15 00:00:00+00:00,3022,CORN,424.0,-300000000.0,notional_at_entry,short,-741198.0,short,521114140.76,0
2024-11-18 00:00:00+00:00,3023,CORN,439.75,-300000000.0,notional_at_entry,short,-741198.0,short,509440272.26,0
2024-11-19 00:00:00+00:00,3024,CORN,437.75,450000000.0,notional_at_entry,long,1027984.0,long,510922668.26,1
2024-11-20 00:00:00+00:00,3025,CORN,440.0,450000000.0,notional_at_entry,long,1027984.0,long,513235632.26,0
2024-11-21 00:00:00+00:00,3026,CORN,436.25,450000000.0,notional_at_entry,long,1027984.0,long,509380692.26,0
2024-11-22 00:00:00+00:00,3027,CORN,435.25,450000000.0,notional_at_entry,long,1027984.0,long,508352708.26,0
2024-11-25 00:00:00+00:00,3028,CORN,433.0,450000000.0,notional_at_entry,long,1027984.0,long,506039744.26,0
2024-11-26 00:00:00+00:00,3029,CORN,428.0,450000000.0,notional_at_entry,long,1027984.0,long,500899824.26,0
2024-11-27 00:00:00+00:00,3030,CORN,428.0,450000000.0,notional_at_entry,long,1027984.0,long,500899824.26,0
2024-11-29 00:00:00+00:00,3031,CORN,433.0,450000000.0,notional_at_entry,long,1027984.0,long,506039744.26,0
2024-12-02 00:00:00+00:00,3032,CORN,432.5,450000000.0,notional_at_entry,long,1027984.0,long,505525752.26,0
2024-12-03 00:00:00+00:00,3033,CORN,432.25,450000000.0,notional_at_entry,long,1027984.0,long,505268756.26,0
2024-12-04 00:00:00+00:00,3034,CORN,430.0,450000000.0,notional_at_entry,long,1027984.0,long,502955792.26,0
2024-12-05 00:00:00+00:00,3035,CORN,435.0,450000000.0,notional_at_entry,long,1027984.0,long,508095712.26,0
2024-12-06 00:00:00+00:00,3036,CORN,440.0,450000000.0,notional_at_entry,long,1027984.0,long,513235632.26,0
2024-12-09 00:00:00+00:00,3037,CORN,441.75,450000000.0,notional_at_entry,long,1027984.0,long,515034604.26,0
2024-12-10 00:00:00+00:00,3038,CORN,449.0,450000000.0,notional_at_entry,long,1027984.0,long,522487488.26,0
2024-12-11 00:00:00+00:00,3039,CORN,448.25,450000000.0,notional_at_entry,long,1027984.0,long,521716500.26,0
2024-12-12 00:00:00+00:00,3040,CORN,431.75,450000000.0,notional_at_entry,long,1027984.0,long,504754764.26,0
2024-12-13 00:00:00+00:00,3041,CORN,430.0,450000000.0,notional_at_entry,long,1027984.0,long,502955792.26,0
2024-12-16 00:00:00+00:00,3042,CORN,445.0,450000000.0,notional_at_entry,long,1027984.0,long,518375552.26,0
2024-12-17 00:00:00+00:00,3043,CORN,443.5,450000000.0,notional_at_entry,long,1027984.0,long,516833576.26,0
2024-12-18 00:00:00+00:00,3044,CORN,437.25,450000000.0,notional_at_entry,long,1027984.0,long,510408676.26,0
2024-12-19 00:00:00+00:00,3045,CORN,440.75,450000000.0,notional_at_entry,long,1027984.0,long,514006620.26,0
2024-12-20 00:00:00+00:00,3046,CORN,446.25,450000000.0,notional_at_entry,long,1027984.0,long,519660532.26,0
2024-12-23 00:00:00+00:00,3047,CORN,447.75,450000000.0,notional_at_entry,long,1027984.0,long,521202508.26,0
2024-12-24 00:00:00+00:00,3048,CORN,448.5,450000000.0,notional_at_entry,long,1027984.0,long,521973496.26,0
2024-12-25 00:00:00+00:00,3049,CORN,448.5,450000000.0,notional_at_entry,long,1027984.0,long,521973496.26,0
2024-12-26 00:00:00+00:00,3050,CORN,453.75,450000000.0,notional_at_entry,long,1027984.0,long,527370412.26,0
2024-12-27 00:00:00+00:00,3051,CORN,454.0,450000000.0,notional_at_entry,long,1027984.0,long,527627408.26,0
2024-12-30 00:00:00+00:00,3052,CORN,452.25,450000000.0,notional_at_entry,long,1027984.0,long,525828436.26,0
2024-12-31 00:00:00+00:00,3053,CORN,458.5,-300000000.0,notional_at_entry,short,-654307.0,short,532253336.26,1
2025-01-01 00:00:00+00:00,3054,CORN,458.75,-300000000.0,notional_at_entry,short,-654307.0,short,532089759.51,0
2025-01-02 00:00:00+00:00,3055,CORN,459.5,450000000.0,notional_at_entry,long,979325.0,long,531599029.26,1
2025-01-03 00:00:00+00:00,3056,CORN,450.75,450000000.0,notional_at_entry,long,979325.0,long,523029935.51,0
2025-01-06 00:00:00+00:00,3057,CORN,457.75,450000000.0,notional_at_entry,long,979325.0,long,529885210.51,0
2025-01-07 00:00:00+00:00,3058,CORN,458.0,450000000.0,notional_at_entry,long,979325.0,long,530130041.76,0
2025-01-08 00:00:00+00:00,3059,CORN,454.0,450000000.0,notional_at_entry,long,979325.0,long,526212741.76,0
2025-01-09 00:00:00+00:00,3060,CORN,456.0,450000000.0,notional_at_entry,long,979325.0,long,528171391.76,0
2025-01-10 00:00:00+00:00,3061,CORN,470.5,450000000.0,notional_at_entry,long,979325.0,long,542371604.26,0
2025-01-13 00:00:00+00:00,3062,CORN,476.5,450000000.0,notional_at_entry,long,979325.0,long,548247554.26,0
2025-01-14 00:00:00+00:00,3063,CORN,474.5,450000000.0,notional_at_entry,long,979325.0,long,546288904.26,0
2025-01-15 00:00:00+00:00,3064,CORN,478.75,450000000.0,notional_at_entry,long,979325.0,long,550451035.51,0
2025-01-16 00:00:00+00:00,3065,CORN,474.5,-450000000.0,notional_at_entry,short,-948366.0,short,546288904.26,1
2025-01-17 00:00:00+00:00,3066,CORN,484.25,-450000000.0,notional_at_entry,short,-948366.0,short,537042335.76,0
2025-01-21 00:00:00+00:00,3067,CORN,490.0,-450000000.0,notional_at_entry,short,-948366.0,short,531589231.26,0
2025-01-22 00:00:00+00:00,3068,CORN,484.25,-450000000.0,notional_at_entry,short,-948366.0,short,537042335.76,0
2025-01-23 00:00:00+00:00,3069,CORN,489.75,-450000000.0,notional_at_entry,short,-948366.0,short,531826322.76,0
2025-01-24 00:00:00+00:00,3070,CORN,486.5,-450000000.0,notional_at_entry,short,-948366.0,short,534908512.26,0
2025-01-27 00:00:00+00:00,3071,CORN,482.0,-450000000.0,notional_at_entry,short,-948366.0,short,539176159.26,0
2025-01-28 00:00:00+00:00,3072,CORN,485.25,-300000000.0,notional_at_entry,short,-948366.0,short,536093969.76,0
2025-01-29 00:00:00+00:00,3073,CORN,497.0,-300000000.0,notional_at_entry,short,-948366.0,short,524950669.26,0
2025-01-30 00:00:00+00:00,3074,CORN,490.25,-300000000.0,notional_at_entry,short,-948366.0,short,531352139.76,0
2025-01-31 00:00:00+00:00,3075,CORN,482.0,-300000000.0,notional_at_entry,short,-948366.0,short,539176159.26,0
2025-02-03 00:00:00+00:00,3076,CORN,488.75,-300000000.0,notional_at_entry,short,-948366.0,short,532774688.76,0
2025-02-04 00:00:00+00:00,3077,CORN,494.5,300000000.0,notional_at_entry,long,606673.0,long,527321584.26,1
2025-02-05 00:00:00+00:00,3078,CORN,493.25,300000000.0,notional_at_entry,long,606673.0,long,526563243.01,0
2025-02-06 00:00:00+00:00,3079,CORN,495.25,300000000.0,notional_at_entry,long,606673.0,long,527776589.01,0
2025-02-07 00:00:00+00:00,3080,CORN,487.5,300000000.0,notional_at_entry,long,606673.0,long,523074873.26,0
2025-02-10 00:00:00+00:00,3081,CORN,491.5,300000000.0,notional_at_entry,long,606673.0,long,525501565.26,0
2025-02-11 00:00:00+00:00,3082,CORN,484.0,300000000.0,notional_at_entry,long,606673.0,long,520951517.76,0
2025-02-12 00:00:00+00:00,3083,CORN,490.25,300000000.0,notional_at_entry,long,606673.0,long,524743224.01,0
2025-02-13 00:00:00+00:00,3084,CORN,493.5,300000000.0,notional_at_entry,long,606673.0,long,526714911.26,0
2025-02-14 00:00:00+00:00,3085,CORN,496.25,300000000.0,notional_at_entry,long,606673.0,long,528383262.01,0
2025-02-18 00:00:00+00:00,3086,CORN,515.75,300000000.0,notional_at_entry,long,606673.0,long,540213385.51,0
2025-02-19 00:00:00+00:00,3087,CORN,512.25,-300000000.0,notional_at_entry,short,-585651.0,short,538090030.01,1
2025-02-20 00:00:00+00:00,3088,CORN,512.75,-300000000.0,notional_at_entry,short,-585651.0,short,537797204.51,0
2025-02-21 00:00:00+00:00,3089,CORN,505.0,-300000000.0,notional_at_entry,short,-585651.0,short,542335999.76,0
2025-02-24 00:00:00+00:00,3090,CORN,497.0,-300000000.0,notional_at_entry,short,-585651.0,short,547021207.76,0
2025-02-25 00:00:00+00:00,3091,CORN,494.25,-300000000.0,notional_at_entry,short,-585651.0,short,548631748.01,0
2025-02-26 00:00:00+00:00,3092,CORN,493.5,-300000000.0,notional_at_entry,short,-585651.0,short,549070986.26,0
2025-02-27 00:00:00+00:00,3093,CORN,481.0,-300000000.0,notional_at_entry,short,-585651.0,short,556391623.76,0
2025-02-28 00:00:00+00:00,3094,CORN,469.5,-300000000.0,notional_at_entry,short,-585651.0,short,563126610.26,0
2025-03-03 00:00:00+00:00,3095,CORN,456.25,-300000000.0,notional_at_entry,short,-585651.0,short,570886486.01,0
2025-03-04 00:00:00+00:00,3096,CORN,451.5,-300000000.0,notional_at_entry,short,-585651.0,short,573668328.26,0
2025-03-05 00:00:00+00:00,3097,CORN,455.75,-300000000.0,notional_at_entry,short,-585651.0,short,571179311.51,0
2025-03-06 00:00:00+00:00,3098,CORN,464.0,-300000000.0,notional_at_entry,short,-585651.0,short,566347690.76,0
2025-03-07 00:00:00+00:00,3099,CORN,469.25,-300000000.0,notional_at_entry,short,-585651.0,short,563273023.01,0
2025-03-10 00:00:00+00:00,3100,CORN,458.75,-300000000.0,notional_at_entry,short,-585651.0,short,569422358.51,0
2025-03-11 00:00:00+00:00,3101,CORN,456.5,-300000000.0,notional_at_entry,short,-585651.0,short,570740073.26,0
2025-03-12 00:00:00+00:00,3102,CORN,448.75,-300000000.0,notional_at_entry,short,-585651.0,short,575278868.51,0
2025-03-13 00:00:00+00:00,3103,CORN,453.5,-300000000.0,notional_at_entry,short,-585651.0,short,572497026.26,0
2025-03-14 00:00:00+00:00,3104,CORN,445.5,-300000000.0,notional_at_entry,short,-585651.0,short,577182234.26,0
2025-03-17 00:00:00+00:00,3105,CORN,461.0,-300000000.0,notional_at_entry,short,-585651.0,short,568104643.76,0
2025-03-18 00:00:00+00:00,3106,CORN,458.75,-300000000.0,notional_at_entry,short,-585651.0,short,569422358.51,0
2025-03-19 00:00:00+00:00,3107,CORN,462.0,-300000000.0,notional_at_entry,short,-585651.0,short,567518992.76,0
2025-03-20 00:00:00+00:00,3108,CORN,469.0,-300000000.0,notional_at_entry,short,-585651.0,short,563419435.76,0
2025-03-21 00:00:00+00:00,3109,CORN,464.25,-300000000.0,notional_at_entry,short,-585651.0,short,566201278.01,0
2025-03-24 00:00:00+00:00,3110,CORN,464.5,-300000000.0,notional_at_entry,short,-585651.0,short,566054865.26,0
2025-03-25 00:00:00+00:00,3111,CORN,457.75,-300000000.0,notional_at_entry,short,-585651.0,short,570008009.51,0
2025-03-26 00:00:00+00:00,3112,CORN,451.25,-300000000.0,notional_at_entry,short,-585651.0,short,573814741.01,0
2025-03-27 00:00:00+00:00,3113,CORN,450.0,-300000000.0,notional_at_entry,short,-585651.0,short,574546804.76,0
2025-03-28 00:00:00+00:00,3114,CORN,453.25,-300000000.0,notional_at_entry,short,-585651.0,short,572643439.01,0
2025-03-31 00:00:00+00:00,3115,CORN,457.25,-300000000.0,notional_at_entry,short,-585651.0,short,570300835.01,0
2025-04-01 00:00:00+00:00,3116,CORN,461.75,-300000000.0,notional_at_entry,short,-585651.0,short,567665405.51,0
2025-04-02 00:00:00+00:00,3117,CORN,457.75,-300000000.0,notional_at_entry,short,-585651.0,short,570008009.51,0
2025-04-03 00:00:00+00:00,3118,CORN,457.5,-300000000.0,notional_at_entry,short,-585651.0,short,570154422.26,0
2025-04-04 00:00:00+00:00,3119,CORN,460.25,-300000000.0,notional_at_entry,short,-585651.0,short,568543882.01,0
2025-04-07 00:00:00+00:00,3120,CORN,464.5,-300000000.0,notional_at_entry,short,-585651.0,short,566054865.26,0
2025-04-08 00:00:00+00:00,3121,CORN,469.0,-300000000.0,notional_at_entry,short,-585651.0,short,563419435.76,0
2025-04-09 00:00:00+00:00,3122,CORN,474.0,-300000000.0,notional_at_entry,short,-585651.0,short,560491180.76,0
2025-04-10 00:00:00+00:00,3123,CORN,483.0,-300000000.0,notional_at_entry,short,-585651.0,short,555220321.76,0
2025-04-11 00:00:00+00:00,3124,CORN,490.25,-300000000.0,notional_at_entry,short,-585651.0,short,550974352.01,0
2025-04-14 00:00:00+00:00,3125,CORN,485.0,-300000000.0,notional_at_entry,short,-585651.0,short,554049019.76,0
2025-04-15 00:00:00+00:00,3126,CORN,481.25,-300000000.0,notional_at_entry,short,-585651.0,short,556245211.01,0
2025-04-16 00:00:00+00:00,3127,CORN,484.25,-300000000.0,notional_at_entry,short,-585651.0,short,554488258.01,0
2025-04-17 00:00:00+00:00,3128,CORN,482.25,-300000000.0,notional_at_entry,short,-585651.0,short,555659560.01,0
2025-04-21 00:00:00+00:00,3129,CORN,490.0,-300000000.0,notional_at_entry,short,-585651.0,short,551120764.76,0
2025-04-22 00:00:00+00:00,3130,CORN,483.25,-300000000.0,notional_at_entry,short,-585651.0,short,555073909.01,0
2025-04-23 00:00:00+00:00,3131,CORN,479.25,450000000.0,notional_at_entry,long,938967.0,long,557416513.01,1
2025-04-24 00:00:00+00:00,3132,CORN,484.0,450000000.0,notional_at_entry,long,938967.0,long,561876606.26,0
2025-04-25 00:00:00+00:00,3133,CORN,485.5,450000000.0,notional_at_entry,long,938967.0,long,563285056.76,0
2025-04-28 00:00:00+00:00,3134,CORN,483.25,450000000.0,notional_at_entry,long,938967.0,long,561172381.01,0
2025-04-29 00:00:00+00:00,3135,CORN,470.25,450000000.0,notional_at_entry,long,938967.0,long,548965810.01,0
2025-04-30 00:00:00+00:00,3136,CORN,475.5,450000000.0,notional_at_entry,long,938967.0,long,553895386.76,0
2025-05-01 00:00:00+00:00,3137,CORN,472.25,450000000.0,notional_at_entry,long,938967.0,long,550843744.01,0
2025-05-02 00:00:00+00:00,3138,CORN,469.0,450000000.0,notional_at_entry,long,938967.0,long,547792101.26,0
2025-05-05 00:00:00+00:00,3139,CORN,454.25,450000000.0,notional_at_entry,long,938967.0,long,533942338.01,0
2025-05-06 00:00:00+00:00,3140,CORN,455.5,450000000.0,notional_at_entry,long,938967.0,long,535116046.76,0
2025-05-07 00:00:00+00:00,3141,CORN,449.25,450000000.0,notional_at_entry,long,938967.0,long,529247503.01,0
2025-05-08 00:00:00+00:00,3142,CORN,447.5,450000000.0,notional_at_entry,long,938967.0,long,527604310.76,0
2025-05-09 00:00:00+00:00,3143,CORN,449.75,450000000.0,notional_at_entry,long,938967.0,long,529716986.51,0
2025-05-12 00:00:00+00:00,3144,CORN,440.25,450000000.0,notional_at_entry,long,938967.0,long,520796800.01,0
2025-05-13 00:00:00+00:00,3145,CORN,436.0,450000000.0,notional_at_entry,long,938967.0,long,516806190.26,0
2025-05-14 00:00:00+00:00,3146,CORN,438.5,450000000.0,notional_at_entry,long,938967.0,long,519153607.76,0
2025-05-15 00:00:00+00:00,3147,CORN,448.5,450000000.0,notional_at_entry,long,938967.0,long,528543277.76,0
2025-05-16 00:00:00+00:00,3148,CORN,443.5,450000000.0,notional_at_entry,long,938967.0,long,523848442.76,0
2025-05-19 00:00:00+00:00,3149,CORN,447.5,450000000.0,notional_at_entry,long,938967.0,long,527604310.76,0
2025-05-20 00:00:00+00:00,3150,CORN,454.5,450000000.0,notional_at_entry,long,938967.0,long,534177079.76,0
2025-05-21 00:00:00+00:00,3151,CORN,461.0,450000000.0,notional_at_entry,long,938967.0,long,540280365.26,0
2025-05-22 00:00:00+00:00,3152,CORN,463.0,450000000.0,notional_at_entry,long,938967.0,long,542158299.26,0
2025-05-23 00:00:00+00:00,3153,CORN,459.5,450000000.0,notional_at_entry,long,938967.0,long,538871914.76,0
2025-05-26 00:00:00+00:00,3154,CORN,459.0,450000000.0,notional_at_entry,long,938967.0,long,538402431.26,0
2025-05-27 00:00:00+00:00,3155,CORN,459.5,300000000.0,notional_at_entry,long,938967.0,long,538871914.76,0
2025-05-28 00:00:00+00:00,3156,CORN,451.0,300000000.0,notional_at_entry,long,938967.0,long,530890695.26,0
2025-05-29 00:00:00+00:00,3157,CORN,447.0,300000000.0,notional_at_entry,long,938967.0,long,527134827.26,0
2025-05-30 00:00:00+00:00,3158,CORN,444.0,300000000.0,notional_at_entry,long,938967.0,long,524317926.26,0
2025-06-02 00:00:00+00:00,3159,CORN,438.25,300000000.0,notional_at_entry,long,938967.0,long,518918866.01,0
2025-06-03 00:00:00+00:00,3160,CORN,438.5,300000000.0,notional_at_entry,long,938967.0,long,519153607.76,0
2025-06-04 00:00:00+00:00,3161,CORN,438.75,300000000.0,notional_at_entry,long,938967.0,long,519388349.51,0
2025-06-05 00:00:00+00:00,3162,CORN,439.5,300000000.0,notional_at_entry,long,938967.0,long,520092574.76,0
2025-06-06 00:00:00+00:00,3163,CORN,442.5,300000000.0,notional_at_entry,long,938967.0,long,522909475.76,0
2025-06-09 00:00:00+00:00,3164,CORN,433.5,300000000.0,notional_at_entry,long,938967.0,long,514458772.76,0
2025-06-10 00:00:00+00:00,3165,CORN,438.75,300000000.0,notional_at_entry,long,938967.0,long,519388349.51,0
2025-06-11 00:00:00+00:00,3166,CORN,437.0,300000000.0,notional_at_entry,long,938967.0,long,517745157.26,0
2025-06-12 00:00:00+00:00,3167,CORN,438.5,300000000.0,notional_at_entry,long,938967.0,long,519153607.76,0
2025-06-13 00:00:00+00:00,3168,CORN,444.5,300000000.0,notional_at_entry,long,938967.0,long,524787409.76,0
2025-06-16 00:00:00+00:00,3169,CORN,434.75,300000000.0,notional_at_entry,long,938967.0,long,515632481.51,0
2025-06-17 00:00:00+00:00,3170,CORN,431.5,300000000.0,notional_at_entry,long,938967.0,long,512580838.76,0
2025-06-18 00:00:00+00:00,3171,CORN,433.5,-450000000.0,notional_at_entry,short,-1038062.0,short,514458772.76,1
2025-06-19 00:00:00+00:00,3172,CORN,433.25,-450000000.0,notional_at_entry,short,-1038062.0,short,514718288.26,0
2025-06-20 00:00:00+00:00,3173,CORN,428.75,-450000000.0,notional_at_entry,short,-1038062.0,short,519389567.26,0
2025-06-23 00:00:00+00:00,3174,CORN,417.5,-450000000.0,notional_at_entry,short,-1038062.0,short,531067764.76,0
2025-06-24 00:00:00+00:00,3175,CORN,412.25,-450000000.0,notional_at_entry,short,-1038062.0,short,536517590.26,0
2025-06-25 00:00:00+00:00,3176,CORN,405.0,-450000000.0,notional_at_entry,short,-1038062.0,short,544043539.76,0
2025-06-26 00:00:00+00:00,3177,CORN,404.0,-450000000.0,notional_at_entry,short,-1038062.0,short,545081601.76,0
2025-06-27 00:00:00+00:00,3178,CORN,411.5,-450000000.0,notional_at_entry,short,-1038062.0,short,537296136.76,0
2025-06-30 00:00:00+00:00,3179,CORN,425.5,-450000000.0,notional_at_entry,short,-1038062.0,short,522763268.76,0
2025-07-01 00:00:00+00:00,3180,CORN,422.0,-450000000.0,notional_at_entry,short,-1038062.0,short,526396485.76,0
2025-07-02 00:00:00+00:00,3181,CORN,433.5,-450000000.0,notional_at_entry,short,-1038062.0,short,514458772.76,0
2025-07-03 00:00:00+00:00,3182,CORN,437.0,-450000000.0,notional_at_entry,short,-1038062.0,short,510825555.76,0
2025-07-07 00:00:00+00:00,3183,CORN,420.75,-450000000.0,notional_at_entry,short,-1038062.0,short,527694063.26,0
2025-07-08 00:00:00+00:00,3184,CORN,414.25,-450000000.0,notional_at_entry,short,-1038062.0,short,534441466.26,0
2025-07-09 00:00:00+00:00,3185,CORN,415.5,300000000.0,notional_at_entry,long,722021.0,long,533143888.76,1
2025-07-10 00:00:00+00:00,3186,CORN,416.5,300000000.0,notional_at_entry,long,722021.0,long,533865909.76,0
2025-07-11 00:00:00+00:00,3187,CORN,412.25,300000000.0,notional_at_entry,long,722021.0,long,530797320.51,0
2025-07-14 00:00:00+00:00,3188,CORN,400.0,300000000.0,notional_at_entry,long,722021.0,long,521952563.26,0
2025-07-15 00:00:00+00:00,3189,CORN,419.75,300000000.0,notional_at_entry,long,722021.0,long,536212478.01,0
2025-07-16 00:00:00+00:00,3190,CORN,424.0,300000000.0,notional_at_entry,long,722021.0,long,539281067.26,0
2025-07-17 00:00:00+00:00,3191,CORN,421.0,300000000.0,notional_at_entry,long,722021.0,long,537115004.26,0
2025-07-18 00:00:00+00:00,3192,CORN,427.75,300000000.0,notional_at_entry,long,722021.0,long,541988646.01,0
2025-07-21 00:00:00+00:00,3193,CORN,422.25,300000000.0,notional_at_entry,long,722021.0,long,538017530.51,0
2025-07-22 00:00:00+00:00,3194,CORN,418.0,300000000.0,notional_at_entry,long,722021.0,long,534948941.26,0
2025-07-23 00:00:00+00:00,3195,CORN,417.5,300000000.0,notional_at_entry,long,722021.0,long,534587930.76,0
2025-07-24 00:00:00+00:00,3196,CORN,420.75,300000000.0,notional_at_entry,long,722021.0,long,536934499.01,0
2025-07-25 00:00:00+00:00,3197,CORN,419.0,300000000.0,notional_at_entry,long,722021.0,long,535670962.26,0
2025-07-28 00:00:00+00:00,3198,CORN,414.0,300000000.0,notional_at_entry,long,722021.0,long,532060857.26,0
2025-07-29 00:00:00+00:00,3199,CORN,411.0,300000000.0,notional_at_entry,long,722021.0,long,529894794.26,0
2025-07-30 00:00:00+00:00,3200,CORN,412.25,300000000.0,notional_at_entry,long,722021.0,long,530797320.51,0
2025-07-31 00:00:00+00:00,3201,CORN,413.75,300000000.0,notional_at_entry,long,722021.0,long,531880352.01,0
2025-08-01 00:00:00+00:00,3202,CORN,410.75,300000000.0,notional_at_entry,long,722021.0,long,529714289.01,0
2025-08-04 00:00:00+00:00,3203,CORN,407.0,300000000.0,notional_at_entry,long,722021.0,long,527006710.26,0
2025-08-05 00:00:00+00:00,3204,CORN,402.0,300000000.0,notional_at_entry,long,722021.0,long,523396605.26,0
2025-08-06 00:00:00+00:00,3205,CORN,401.25,300000000.0,notional_at_entry,long,722021.0,long,522855089.51,0
2025-08-07 00:00:00+00:00,3206,CORN,407.0,-300000000.0,notional_at_entry,short,-737100.0,short,527006710.26,1
2025-08-08 00:00:00+00:00,3207,CORN,405.5,-300000000.0,notional_at_entry,short,-737100.0,short,528112360.26,0
2025-08-11 00:00:00+00:00,3208,CORN,407.75,-300000000.0,notional_at_entry,short,-737100.0,short,526453885.26,0
2025-08-12 00:00:00+00:00,3209,CORN,394.5,-300000000.0,notional_at_entry,short,-737100.0,short,536220460.26,0
2025-08-13 00:00:00+00:00,3210,CORN,397.25,-300000000.0,notional_at_entry,short,-737100.0,short,534193435.26,0
2025-08-14 00:00:00+00:00,3211,CORN,397.25,-300000000.0,notional_at_entry,short,-737100.0,short,534193435.26,0
2025-08-15 00:00:00+00:00,3212,CORN,405.25,-300000000.0,notional_at_entry,short,-737100.0,short,528296635.26,0
2025-08-18 00:00:00+00:00,3213,CORN,406.5,-300000000.0,notional_at_entry,short,-737100.0,short,527375260.26,0
2025-08-19 00:00:00+00:00,3214,CORN,403.25,-300000000.0,notional_at_entry,short,-737100.0,short,529770835.26,0
2025-08-20 00:00:00+00:00,3215,CORN,404.0,-300000000.0,notional_at_entry,short,-737100.0,short,529218010.26,0
2025-08-21 00:00:00+00:00,3216,CORN,411.75,-300000000.0,notional_at_entry,short,-737100.0,short,523505485.26,0
2025-08-22 00:00:00+00:00,3217,CORN,411.5,-300000000.0,notional_at_entry,short,-737100.0,short,523689760.26,0
2025-08-25 00:00:00+00:00,3218,CORN,412.25,-300000000.0,notional_at_entry,short,-737100.0,short,523136935.26,0
2025-08-26 00:00:00+00:00,3219,CORN,409.5,-300000000.0,notional_at_entry,short,-737100.0,short,525163960.26,0
2025-08-27 00:00:00+00:00,3220,CORN,406.0,-300000000.0,notional_at_entry,short,-737100.0,short,527743810.26,0
2025-08-28 00:00:00+00:00,3221,CORN,410.0,-300000000.0,notional_at_entry,short,-737100.0,short,524795410.26,0
2025-08-29 00:00:00+00:00,3222,CORN,420.25,-300000000.0,notional_at_entry,short,-737100.0,short,517240135.26,0
2025-09-01 00:00:00+00:00,3223,CORN,418.0,450000000.0,notional_at_entry,long,1076555.0,long,518898610.26,1
2025-09-02 00:00:00+00:00,3224,CORN,423.0,450000000.0,notional_at_entry,long,1076555.0,long,524281385.26,0
2025-09-03 00:00:00+00:00,3225,CORN,418.0,450000000.0,notional_at_entry,long,1076555.0,long,518898610.26,0
2025-09-04 00:00:00+00:00,3226,CORN,419.75,450000000.0,notional_at_entry,long,1076555.0,long,520782581.51,0
2025-09-05 00:00:00+00:00,3227,CORN,418.0,450000000.0,notional_at_entry,long,1076555.0,long,518898610.26,0
2025-09-08 00:00:00+00:00,3228,CORN,403.0,450000000.0,notional_at_entry,long,1076555.0,long,502750285.26,0
2025-09-09 00:00:00+00:00,3229,CORN,401.25,450000000.0,notional_at_entry,long,1076555.0,long,500866314.01,0
2025-09-10 00:00:00+00:00,3230,CORN,397.25,-450000000.0,notional_at_entry,short,-1132787.0,short,496560094.01,1
2025-09-11 00:00:00+00:00,3231,CORN,399.0,-450000000.0,notional_at_entry,short,-1132787.0,short,494577716.76,0
2025-09-12 00:00:00+00:00,3232,CORN,399.0,-450000000.0,notional_at_entry,short,-1132787.0,short,494577716.76,0
2025-09-15 00:00:00+00:00,3233,CORN,423.25,-450000000.0,notional_at_entry,short,-1132787.0,short,467107632.01,0
2025-09-16 00:00:00+00:00,3234,CORN,429.5,-450000000.0,notional_at_entry,short,-1132787.0,short,460027713.26,0
2025-09-17 00:00:00+00:00,3235,CORN,426.75,-450000000.0,notional_at_entry,short,-1132787.0,short,463142877.51,0
2025-09-18 00:00:00+00:00,3236,CORN,423.75,-450000000.0,notional_at_entry,short,-1132787.0,short,466541238.51,0
2025-09-19 00:00:00+00:00,3237,CORN,424.0,-450000000.0,notional_at_entry,short,-1132787.0,short,466258041.76,0
2025-09-22 00:00:00+00:00,3238,CORN,421.75,-450000000.0,notional_at_entry,short,-1132787.0,short,468806812.51,0
2025-09-23 00:00:00+00:00,3239,CORN,426.25,-450000000.0,notional_at_entry,short,-1132787.0,short,463709271.01,0
2025-09-24 00:00:00+00:00,3240,CORN,424.25,-450000000.0,notional_at_entry,short,-1132787.0,short,465974845.01,0
2025-09-25 00:00:00+00:00,3241,CORN,425.75,-450000000.0,notional_at_entry,short,-1132787.0,short,464275664.51,0
2025-09-26 00:00:00+00:00,3242,CORN,422.0,-450000000.0,notional_at_entry,short,-1132787.0,short,468523615.76,0
2025-09-29 00:00:00+00:00,3243,CORN,421.5,-450000000.0,notional_at_entry,short,-1132787.0,short,469090009.26,0
2025-09-30 00:00:00+00:00,3244,CORN,415.5,-450000000.0,notional_at_entry,short,-1132787.0,short,475886731.26,0
2025-10-01 00:00:00+00:00,3245,CORN,416.5,-450000000.0,notional_at_entry,short,-1132787.0,short,474753944.26,0
2025-10-02 00:00:00+00:00,3246,CORN,421.75,-450000000.0,notional_at_entry,short,-1132787.0,short,468806812.51,0
2025-10-03 00:00:00+00:00,3247,CORN,419.0,-450000000.0,notional_at_entry,short,-1132787.0,short,471921976.76,0
2025-10-06 00:00:00+00:00,3248,CORN,421.75,-450000000.0,notional_at_entry,short,-1132787.0,short,468806812.51,0
2025-10-07 00:00:00+00:00,3249,CORN,419.75,-450000000.0,notional_at_entry,short,-1132787.0,short,471072386.51,0
2025-10-08 00:00:00+00:00,3250,CORN,422.0,-450000000.0,notional_at_entry,short,-1132787.0,short,468523615.76,0
2025-10-09 00:00:00+00:00,3251,CORN,418.25,-450000000.0,notional_at_entry,short,-1132787.0,short,472771567.01,0
2025-10-10 00:00:00+00:00,3252,CORN,413.0,-450000000.0,notional_at_entry,short,-1132787.0,short,478718698.76,0
2025-10-13 00:00:00+00:00,3253,CORN,410.75,-450000000.0,notional_at_entry,short,-1132787.0,short,481267469.51,0
2025-10-14 00:00:00+00:00,3254,CORN,413.0,-450000000.0,notional_at_entry,short,-1132787.0,short,478718698.76,0
2025-10-15 00:00:00+00:00,3255,CORN,416.75,-450000000.0,notional_at_entry,short,-1132787.0,short,474470747.51,0
2025-10-16 00:00:00+00:00,3256,CORN,421.75,-450000000.0,notional_at_entry,short,-1132787.0,short,468806812.51,0
2025-10-17 00:00:00+00:00,3257,CORN,422.5,-450000000.0,notional_at_entry,short,-1132787.0,short,467957222.26,0
2025-10-20 00:00:00+00:00,3258,CORN,423.25,-450000000.0,notional_at_entry,short,-1132787.0,short,467107632.01,0
2025-10-21 00:00:00+00:00,3259,CORN,419.75,-450000000.0,notional_at_entry,short,-1132787.0,short,471072386.51,0
2025-10-22 00:00:00+00:00,3260,CORN,423.0,-450000000.0,notional_at_entry,short,-1132787.0,short,467390828.76,0
2025-10-23 00:00:00+00:00,3261,CORN,428.0,-450000000.0,notional_at_entry,short,-1132787.0,short,461726893.76,0
2025-10-24 00:00:00+00:00,3262,CORN,423.25,-450000000.0,notional_at_entry,short,-1132787.0,short,467107632.01,0
2025-10-27 00:00:00+00:00,3263,CORN,428.75,-450000000.0,notional_at_entry,short,-1132787.0,short,460877303.51,0
2025-10-28 00:00:00+00:00,3264,CORN,432.0,-450000000.0,notional_at_entry,short,-1132787.0,short,457195745.76,0
2025-10-29 00:00:00+00:00,3265,CORN,434.0,-450000000.0,notional_at_entry,short,-1132787.0,short,454930171.76,0
2025-10-30 00:00:00+00:00,3266,CORN,430.25,-450000000.0,notional_at_entry,short,-1132787.0,short,459178123.01,0
2025-10-31 00:00:00+00:00,3267,CORN,431.5,-450000000.0,notional_at_entry,short,-1132787.0,short,457762139.26,0
2025-11-03 00:00:00+00:00,3268,CORN,434.25,-450000000.0,notional_at_entry,short,-1132787.0,short,454646975.01,0
2025-11-04 00:00:00+00:00,3269,CORN,431.5,-450000000.0,notional_at_entry,short,-1132787.0,short,457762139.26,0
2025-11-05 00:00:00+00:00,3270,CORN,435.25,-450000000.0,notional_at_entry,short,-1132787.0,short,453514188.01,0
2025-11-06 00:00:00+00:00,3271,CORN,428.75,-450000000.0,notional_at_entry,short,-1132787.0,short,460877303.51,0
2025-11-07 00:00:00+00:00,3272,CORN,427.25,-450000000.0,notional_at_entry,short,-1132787.0,short,462576484.01,0
2025-11-10 00:00:00+00:00,3273,CORN,429.75,-450000000.0,notional_at_entry,short,-1132787.0,short,459744516.51,0
2025-11-11 00:00:00+00:00,3274,CORN,432.0,-450000000.0,notional_at_entry,short,-1132787.0,short,457195745.76,0
2025-11-12 00:00:00+00:00,3275,CORN,435.25,-450000000.0,notional_at_entry,short,-1132787.0,short,453514188.01,0
2025-11-13 00:00:00+00:00,3276,CORN,441.5,-450000000.0,notional_at_entry,short,-1132787.0,short,446434269.26,0
2025-11-14 00:00:00+00:00,3277,CORN,430.25,300000000.0,notional_at_entry,long,697269.0,long,459178123.01,1
2025-11-17 00:00:00+00:00,3278,CORN,448.0,300000000.0,notional_at_entry,long,697269.0,long,471554647.76,0
2025-11-18 00:00:00+00:00,3279,CORN,449.5,300000000.0,notional_at_entry,long,697269.0,long,472600551.26,0
2025-11-19 00:00:00+00:00,3280,CORN,441.5,300000000.0,notional_at_entry,long,697269.0,long,467022399.26,0
2025-11-20 00:00:00+00:00,3281,CORN,437.75,300000000.0,notional_at_entry,long,697269.0,long,464407640.51,0
2025-11-21 00:00:00+00:00,3282,CORN,437.5,300000000.0,notional_at_entry,long,697269.0,long,464233323.26,0
2025-11-24 00:00:00+00:00,3283,CORN,436.75,300000000.0,notional_at_entry,long,697269.0,long,463710371.51,0
2025-11-25 00:00:00+00:00,3284,CORN,438.25,300000000.0,notional_at_entry,long,697269.0,long,464756275.01,0
2025-11-26 00:00:00+00:00,3285,CORN,445.25,-300000000.0,notional_at_entry,short,-673778.0,short,469637158.01,1
2025-11-27 00:00:00+00:00,3286,CORN,445.0,-300000000.0,notional_at_entry,short,-673778.0,short,469805602.51,0
2025-11-28 00:00:00+00:00,3287,CORN,447.75,-300000000.0,notional_at_entry,short,-673778.0,short,467952713.01,0
2025-12-01 00:00:00+00:00,3288,CORN,445.0,-300000000.0,notional_at_entry,short,-673778.0,short,469805602.51,0
2025-12-02 00:00:00+00:00,3289,CORN,450.0,-300000000.0,notional_at_entry,short,-673778.0,short,466436712.51,0
2025-12-03 00:00:00+00:00,3290,CORN,443.5,-300000000.0,notional_at_entry,short,-673778.0,short,470816269.51,0
2025-12-04 00:00:00+00:00,3291,CORN,447.25,-300000000.0,notional_at_entry,short,-673778.0,short,468289602.01,0
2025-12-05 00:00:00+00:00,3292,CORN,444.75,-300000000.0,notional_at_entry,short,-673778.0,short,469974047.01,0
2025-12-08 00:00:00+00:00,3293,CORN,436.25,-300000000.0,notional_at_entry,short,-673778.0,short,475701160.01,0
2025-12-09 00:00:00+00:00,3294,CORN,440.75,-300000000.0,notional_at_entry,short,-673778.0,short,472669159.01,0
2025-12-10 00:00:00+00:00,3295,CORN,434.75,-300000000.0,notional_at_entry,short,-673778.0,short,476711827.01,0
2025-12-11 00:00:00+00:00,3296,CORN,435.25,-300000000.0,notional_at_entry,short,-673778.0,short,476374938.01,0
2025-12-12 00:00:00+00:00,3297,CORN,431.5,-300000000.0,notional_at_entry,short,-673778.0,short,478901605.51,0
2025-12-15 00:00:00+00:00,3298,CORN,439.75,-300000000.0,notional_at_entry,short,-673778.0,short,473342937.01,0
2025-12-16 00:00:00+00:00,3299,CORN,436.5,-300000000.0,notional_at_entry,short,-673778.0,short,475532715.51,0
2025-12-17 00:00:00+00:00,3300,CORN,440.5,-300000000.0,notional_at_entry,short,-673778.0,short,472837603.51,0
2025-12-18 00:00:00+00:00,3301,CORN,444.5,-300000000.0,notional_at_entry,short,-673778.0,short,470142491.51,0
2025-12-19 00:00:00+00:00,3302,CORN,443.75,-300000000.0,notional_at_entry,short,-673778.0,short,470647825.01,0
2025-12-22 00:00:00+00:00,3303,CORN,447.0,-300000000.0,notional_at_entry,short,-673778.0,short,468458046.51,0
2025-12-23 00:00:00+00:00,3304,CORN,447.5,450000000.0,notional_at_entry,long,1005586.0,long,468121157.51,1
2025-12-24 00:00:00+00:00,3305,CORN,451.0,450000000.0,notional_at_entry,long,1005586.0,long,471640708.51,0
2025-12-26 00:00:00+00:00,3306,CORN,450.0,450000000.0,notional_at_entry,long,1005586.0,long,470635122.51,0
2025-12-29 00:00:00+00:00,3307,CORN,442.25,450000000.0,notional_at_entry,long,1005586.0,long,462841831.01,0
2025-12-30 00:00:00+00:00,3308,CORN,440.5,450000000.0,notional_at_entry,long,1005586.0,long,461082055.51,0
2025-12-31 00:00:00+00:00,3309,CORN,440.25,450000000.0,notional_at_entry,long,1005586.0,long,460830659.01,0
2026-01-02 00:00:00+00:00,3310,CORN,437.5,450000000.0,notional_at_entry,long,1005586.0,long,458065297.51,0
2026-01-05 00:00:00+00:00,3311,CORN,444.5,450000000.0,notional_at_entry,long,1005586.0,long,465104399.51,0
2026-01-06 00:00:00+00:00,3312,CORN,444.0,450000000.0,notional_at_entry,long,1005586.0,long,464601606.51,0
2026-01-07 00:00:00+00:00,3313,CORN,446.75,450000000.0,notional_at_entry,long,1005586.0,long,467366968.01,0
2026-01-08 00:00:00+00:00,3314,CORN,446.0,450000000.0,notional_at_entry,long,1005586.0,long,466612778.51,0
2026-01-09 00:00:00+00:00,3315,CORN,445.75,450000000.0,notional_at_entry,long,1005586.0,long,466361382.01,0
2026-01-12 00:00:00+00:00,3316,CORN,421.5,450000000.0,notional_at_entry,long,1005586.0,long,441975921.51,0
2026-01-13 00:00:00+00:00,3317,CORN,419.75,450000000.0,notional_at_entry,long,1005586.0,long,440216146.01,0
2026-01-14 00:00:00+00:00,3318,CORN,422.0,450000000.0,notional_at_entry,long,1005586.0,long,442478714.51,0
2026-01-15 00:00:00+00:00,3319,CORN,420.25,450000000.0,notional_at_entry,long,1005586.0,long,440718939.01,0
2026-01-16 00:00:00+00:00,3320,CORN,424.75,-300000000.0,notional_at_entry,short,-706297.0,short,445244076.01,1
2026-01-19 00:00:00+00:00,3321,CORN,424.5,-300000000.0,notional_at_entry,short,-706297.0,short,445420650.26,0
2026-01-20 00:00:00+00:00,3322,CORN,423.75,-300000000.0,notional_at_entry,short,-706297.0,short,445950373.01,0
2026-01-21 00:00:00+00:00,3323,CORN,421.75,-300000000.0,notional_at_entry,short,-706297.0,short,447362967.01,0
2026-01-22 00:00:00+00:00,3324,CORN,424.0,-300000000.0,notional_at_entry,short,-706297.0,short,445773798.76,0
2026-01-23 00:00:00+00:00,3325,CORN,430.5,-300000000.0,notional_at_entry,short,-706297.0,short,441182868.26,0
2026-01-26 00:00:00+00:00,3326,CORN,428.25,-300000000.0,notional_at_entry,short,-706297.0,short,442772036.51,0
2026-01-27 00:00:00+00:00,3327,CORN,426.5,-300000000.0,notional_at_entry,short,-706297.0,short,444008056.26,0
2026-01-28 00:00:00+00:00,3328,CORN,430.0,-300000000.0,notional_at_entry,short,-706297.0,short,441536016.76,0
2026-01-29 00:00:00+00:00,3329,CORN,430.75,-300000000.0,notional_at_entry,short,-706297.0,short,441006294.01,0
2026-01-30 00:00:00+00:00,3330,CORN,428.25,-300000000.0,notional_at_entry,short,-706297.0,short,442772036.51,0
2026-02-02 00:00:00+00:00,3331,CORN,425.75,-300000000.0,notional_at_entry,short,-706297.0,short,444537779.01,0
2026-02-03 00:00:00+00:00,3332,CORN,428.5,-300000000.0,notional_at_entry,short,-706297.0,short,442595462.26,0
2026-02-04 00:00:00+00:00,3333,CORN,429.5,-300000000.0,notional_at_entry,short,-706297.0,short,441889165.26,0
2026-02-05 00:00:00+00:00,3334,CORN,435.0,-300000000.0,notional_at_entry,short,-706297.0,short,438004531.76,0
2026-02-06 00:00:00+00:00,3335,CORN,430.25,-300000000.0,notional_at_entry,short,-706297.0,short,441359442.51,0
2026-02-09 00:00:00+00:00,3336,CORN,428.75,-300000000.0,notional_at_entry,short,-706297.0,short,442418888.01,0
2026-02-10 00:00:00+00:00,3337,CORN,428.75,-300000000.0,notional_at_entry,short,-706297.0,short,442418888.01,0
2026-02-11 00:00:00+00:00,3338,CORN,427.5,-300000000.0,notional_at_entry,short,-706297.0,short,443301759.26,0
2026-02-12 00:00:00+00:00,3339,CORN,431.25,-300000000.0,notional_at_entry,short,-706297.0,short,440653145.51,0
2026-02-13 00:00:00+00:00,3340,CORN,431.75,-300000000.0,notional_at_entry,short,-706297.0,short,440299997.01,0
2026-02-16 00:00:00+00:00,3341,CORN,431.0,-300000000.0,notional_at_entry,short,-706297.0,short,440829719.76,0
2026-02-17 00:00:00+00:00,3342,CORN,435.75,-300000000.0,notional_at_entry,short,-706297.0,short,437474809.01,0
2026-02-18 00:00:00+00:00,3343,CORN,436.75,-300000000.0,notional_at_entry,short,-706297.0,short,436768512.01,0
2026-02-19 00:00:00+00:00,3344,CORN,436.25,-300000000.0,notional_at_entry,short,-706297.0,short,437121660.51,0
2026-02-20 00:00:00+00:00,3345,CORN,439.75,-300000000.0,notional_at_entry,short,-706297.0,short,434649621.01,0
2026-02-23 00:00:00+00:00,3346,CORN,440.25,-300000000.0,notional_at_entry,short,-706297.0,short,434296472.51,0
2026-02-24 00:00:00+00:00,3347,CORN,438.5,-300000000.0,notional_at_entry,short,-706297.0,short,435532492.26,0
2026-02-25 00:00:00+00:00,3348,CORN,442.0,-300000000.0,notional_at_entry,short,-706297.0,short,433060452.76,0
2026-02-26 00:00:00+00:00,3349,CORN,443.5,-300000000.0,notional_at_entry,short,-706297.0,short,432001007.26,0
2026-02-27 00:00:00+00:00,3350,CORN,448.5,-300000000.0,notional_at_entry,short,-706297.0,short,428469522.26,0
2026-03-02 00:00:00+00:00,3351,CORN,445.75,-300000000.0,notional_at_entry,short,-706297.0,short,430411839.01,0
2026-03-03 00:00:00+00:00,3352,CORN,446.5,-300000000.0,notional_at_entry,short,-706297.0,short,429882116.26,0
2026-03-04 00:00:00+00:00,3353,CORN,443.75,-300000000.0,notional_at_entry,short,-706297.0,short,431824433.01,0
2026-03-05 00:00:00+00:00,3354,CORN,453.5,-300000000.0,notional_at_entry,short,-706297.0,short,424938037.26,0
2026-03-06 00:00:00+00:00,3355,CORN,460.5,-300000000.0,notional_at_entry,short,-706297.0,short,419993958.26,0
2026-03-09 00:00:00+00:00,3356,CORN,437.5,-300000000.0,notional_at_entry,short,-706297.0,short,436238789.26,0
2026-03-10 00:00:00+00:00,3357,CORN,436.25,-300000000.0,notional_at_entry,short,-706297.0,short,437121660.51,0
2026-03-11 00:00:00+00:00,3358,CORN,444.25,-300000000.0,notional_at_entry,short,-706297.0,short,431471284.51,0
2026-03-12 00:00:00+00:00,3359,CORN,448.25,-300000000.0,notional_at_entry,short,-706297.0,short,428646096.51,0
2026-03-13 00:00:00+00:00,3360,CORN,452.5,-300000000.0,notional_at_entry,short,-706297.0,short,425644334.26,0
2026-03-16 00:00:00+00:00,3361,CORN,454.0,-300000000.0,notional_at_entry,short,-706297.0,short,424584888.76,0
2026-03-17 00:00:00+00:00,3362,CORN,454.0,-300000000.0,notional_at_entry,short,-706297.0,short,424584888.76,0
2026-03-18 00:00:00+00:00,3363,CORN,463.25,-300000000.0,notional_at_entry,short,-706297.0,short,418051641.51,0
2026-03-19 00:00:00+00:00,3364,CORN,469.75,-300000000.0,notional_at_entry,short,-706297.0,short,413460711.01,0
2026-03-20 00:00:00+00:00,3365,CORN,465.5,-300000000.0,notional_at_entry,short,-706297.0,short,416462473.26,0
2026-03-23 00:00:00+00:00,3366,CORN,459.5,-300000000.0,notional_at_entry,short,-706297.0,short,420700255.26,0
2026-03-24 00:00:00+00:00,3367,CORN,462.5,-300000000.0,notional_at_entry,short,-706297.0,short,418581364.26,0
2026-03-25 00:00:00+00:00,3368,CORN,467.25,-300000000.0,notional_at_entry,short,-706297.0,short,415226453.51,0
2026-03-26 00:00:00+00:00,3369,CORN,467.0,-300000000.0,notional_at_entry,short,-706297.0,short,415403027.76,0
2026-03-27 00:00:00+00:00,3370,CORN,462.0,-300000000.0,notional_at_entry,short,-706297.0,short,418934512.76,0
2026-03-30 00:00:00+00:00,3371,CORN,455.75,-300000000.0,notional_at_entry,short,-706297.0,short,423348869.01,0
2026-03-31 00:00:00+00:00,3372,CORN,457.75,-300000000.0,notional_at_entry,short,-706297.0,short,421936275.01,0
2026-04-01 00:00:00+00:00,3373,CORN,454.25,-300000000.0,notional_at_entry,short,-706297.0,short,424408314.51,0
2026-04-02 00:00:00+00:00,3374,CORN,452.25,-300000000.0,notional_at_entry,short,-706297.0,short,425820908.51,0
2026-04-03 00:00:00+00:00,3375,CORN,452.25,-300000000.0,notional_at_entry,short,-706297.0,short,425820908.51,0
2026-04-06 00:00:00+00:00,3376,CORN,454.0,-300000000.0,notional_at_entry,short,-706297.0,short,424584888.76,0
2026-04-07 00:00:00+00:00,3377,CORN,449.0,-300000000.0,notional_at_entry,short,-706297.0,short,428116373.76,0
2026-04-08 00:00:00+00:00,3378,CORN,447.25,-300000000.0,notional_at_entry,short,-706297.0,short,429352393.51,0
2026-04-09 00:00:00+00:00,3379,CORN,444.0,-300000000.0,notional_at_entry,short,-706297.0,short,431647858.76,0
2026-04-10 00:00:00+00:00,3380,CORN,441.0,-300000000.0,notional_at_entry,short,-706297.0,short,433766749.76,0
2026-04-13 00:00:00+00:00,3381,CORN,451.0,-300000000.0,notional_at_entry,short,-706297.0,short,426703779.76,0
2026-04-14 00:00:00+00:00,3382,CORN,452.5,-300000000.0,notional_at_entry,short,-706297.0,short,425644334.26,0
2026-04-15 00:00:00+00:00,3383,CORN,460.5,-300000000.0,notional_at_entry,short,-706297.0,short,419993958.26,0
2026-04-16 00:00:00+00:00,3384,CORN,457.75,-300000000.0,notional_at_entry,short,-706297.0,short,421936275.01,0
2026-04-17 00:00:00+00:00,3385,CORN,457.5,-300000000.0,notional_at_entry,short,-706297.0,short,422112849.26,0
2026-04-20 00:00:00+00:00,3386,CORN,460.25,-300000000.0,notional_at_entry,short,-706297.0,short,420170532.51,0
2026-04-21 00:00:00+00:00,3387,CORN,462.0,-300000000.0,notional_at_entry,short,-706297.0,short,418934512.76,0
2026-04-22 00:00:00+00:00,3388,CORN,462.75,-300000000.0,notional_at_entry,short,-706297.0,short,418404790.01,0
2026-04-23 00:00:00+00:00,3389,CORN,463.75,-300000000.0,notional_at_entry,short,-706297.0,short,417698493.01,0
2026-04-24 00:00:00+00:00,3390,CORN,463.5,-300000000.0,notional_at_entry,short,-706297.0,short,417875067.26,0
2026-04-27 00:00:00+00:00,3391,CORN,469.25,-300000000.0,notional_at_entry,short,-706297.0,short,413813859.51,0
2026-04-28 00:00:00+00:00,3392,CORN,475.5,-300000000.0,notional_at_entry,short,-706297.0,short,409399503.26,0
2026-04-29 00:00:00+00:00,3393,CORN,477.75,450000000.0,notional_at_entry,long,941915.0,long,407810335.01,1
2026-04-30 00:00:00+00:00,3394,CORN,474.75,450000000.0,notional_at_entry,long,941915.0,long,404984590.01,0
2026-05-01 00:00:00+00:00,3395,CORN,480.25,450000000.0,notional_at_entry,long,941915.0,long,410165122.51,0
2026-05-04 00:00:00+00:00,3396,CORN,485.75,450000000.0,notional_at_entry,long,941915.0,long,415345655.01,0
2026-05-05 00:00:00+00:00,3397,CORN,480.0,450000000.0,notional_at_entry,long,941915.0,long,409929643.76,0
2026-05-06 00:00:00+00:00,3398,CORN,468.5,450000000.0,notional_at_entry,long,941915.0,long,399097621.26,0
2026-05-07 00:00:00+00:00,3399,CORN,467.5,450000000.0,notional_at_entry,long,941915.0,long,398155706.26,0
2026-05-08 00:00:00+00:00,3400,CORN,471.25,450000000.0,notional_at_entry,long,941915.0,long,401687887.51,0
2026-05-11 00:00:00+00:00,3401,CORN,475.25,450000000.0,notional_at_entry,long,941915.0,long,405455547.51,0
