timestamp,bar_index,instrument_key,price,target_value,target_unit,target_side,position_quantity,position_side,equity,n_fills
2021-12-17 00:00:00+00:00,60,CORN,593.25,0.0,notional_at_entry,flat,0.0,flat,300000000.0,0
2021-12-20 00:00:00+00:00,61,CORN,591.0,0.0,notional_at_entry,flat,0.0,flat,300000000.0,0
2021-12-21 00:00:00+00:00,62,CORN,598.25,0.0,notional_at_entry,flat,0.0,flat,300000000.0,0
2021-12-22 00:00:00+00:00,63,CORN,602.5,0.0,notional_at_entry,flat,0.0,flat,300000000.0,0
2021-12-23 00:00:00+00:00,64,CORN,605.75,0.0,notional_at_entry,flat,0.0,flat,300000000.0,0
2021-12-24 00:00:00+00:00,65,CORN,605.8,0.0,notional_at_entry,flat,0.0,flat,300000000.0,0
2021-12-27 00:00:00+00:00,66,CORN,614.75,0.0,notional_at_entry,flat,0.0,flat,300000000.0,0
2021-12-28 00:00:00+00:00,67,CORN,604.75,0.0,notional_at_entry,flat,0.0,flat,300000000.0,0
2021-12-29 00:00:00+00:00,68,CORN,605.5,0.0,notional_at_entry,flat,0.0,flat,300000000.0,0
2021-12-30 00:00:00+00:00,69,CORN,596.0,0.0,notional_at_entry,flat,0.0,flat,300000000.0,0
2021-12-31 00:00:00+00:00,70,CORN,593.25,0.0,notional_at_entry,flat,0.0,flat,300000000.0,0
2022-01-03 00:00:00+00:00,71,CORN,589.25,0.0,notional_at_entry,flat,0.0,flat,300000000.0,0
2022-01-04 00:00:00+00:00,72,CORN,609.5,0.0,notional_at_entry,flat,0.0,flat,300000000.0,0
2022-01-05 00:00:00+00:00,73,CORN,602.25,0.0,notional_at_entry,flat,0.0,flat,300000000.0,0
2022-01-06 00:00:00+00:00,74,CORN,603.75,0.0,notional_at_entry,flat,0.0,flat,300000000.0,0
2022-01-07 00:00:00+00:00,75,CORN,606.75,-450000000.0,notional_at_entry,short,-741656.0,short,300000000.0,1
2022-01-10 00:00:00+00:00,76,CORN,599.75,-450000000.0,notional_at_entry,short,-741656.0,short,305191592.0,0
2022-01-11 00:00:00+00:00,77,CORN,601.0,-450000000.0,notional_at_entry,short,-741656.0,short,304264522.0,0
2022-01-12 00:00:00+00:00,78,CORN,599.0,-450000000.0,notional_at_entry,short,-741656.0,short,305747834.0,0
2022-01-13 00:00:00+00:00,79,CORN,587.5,-450000000.0,notional_at_entry,short,-741656.0,short,314276878.0,0
2022-01-14 00:00:00+00:00,80,CORN,596.25,450000000.0,notional_at_entry,long,754716.0,long,307787388.0,1
2022-01-18 00:00:00+00:00,81,CORN,599.5,450000000.0,notional_at_entry,long,754716.0,long,310240215.0,0
2022-01-19 00:00:00+00:00,82,CORN,610.5,450000000.0,notional_at_entry,long,754716.0,long,318542091.0,0
2022-01-20 00:00:00+00:00,83,CORN,611.0,450000000.0,notional_at_entry,long,754716.0,long,318919449.0,0
2022-01-21 00:00:00+00:00,84,CORN,616.25,450000000.0,notional_at_entry,long,754716.0,long,322881708.0,0
2022-01-24 00:00:00+00:00,85,CORN,621.0,450000000.0,notional_at_entry,long,754716.0,long,326466609.0,0
2022-01-25 00:00:00+00:00,86,CORN,620.0,450000000.0,notional_at_entry,long,754716.0,long,325711893.0,0
2022-01-26 00:00:00+00:00,87,CORN,627.0,450000000.0,notional_at_entry,long,754716.0,long,330994905.0,0
2022-01-27 00:00:00+00:00,88,CORN,625.25,450000000.0,notional_at_entry,long,754716.0,long,329674152.0,0
2022-01-28 00:00:00+00:00,89,CORN,636.0,450000000.0,notional_at_entry,long,754716.0,long,337787349.0,0
2022-01-31 00:00:00+00:00,90,CORN,626.0,450000000.0,notional_at_entry,long,754716.0,long,330240189.0,0
2022-02-01 00:00:00+00:00,91,CORN,634.75,-300000000.0,notional_at_entry,short,-472627.0,short,336843954.0,1
2022-02-02 00:00:00+00:00,92,CORN,622.5,-300000000.0,notional_at_entry,short,-472627.0,short,342633634.75,0
2022-02-03 00:00:00+00:00,93,CORN,616.75,-300000000.0,notional_at_entry,short,-472627.0,short,345351240.0,0
2022-02-04 00:00:00+00:00,94,CORN,620.5,-300000000.0,notional_at_entry,short,-472627.0,short,343578888.75,0
2022-02-07 00:00:00+00:00,95,CORN,635.25,-300000000.0,notional_at_entry,short,-472627.0,short,336607640.5,0
2022-02-08 00:00:00+00:00,96,CORN,632.25,-300000000.0,notional_at_entry,short,-472627.0,short,338025521.5,0
2022-02-09 00:00:00+00:00,97,CORN,646.75,-300000000.0,notional_at_entry,short,-472627.0,short,331172430.0,0
2022-02-10 00:00:00+00:00,98,CORN,641.75,-300000000.0,notional_at_entry,short,-472627.0,short,333535565.0,0
2022-02-11 00:00:00+00:00,99,CORN,651.0,-300000000.0,notional_at_entry,short,-472627.0,short,329163765.25,0
2022-02-14 00:00:00+00:00,100,CORN,655.75,-300000000.0,notional_at_entry,short,-472627.0,short,326918787.0,0
2022-02-15 00:00:00+00:00,101,CORN,638.0,300000000.0,notional_at_entry,long,470219.0,long,335307916.25,1
2022-02-16 00:00:00+00:00,102,CORN,647.0,300000000.0,notional_at_entry,long,470219.0,long,339539887.25,0
2022-02-17 00:00:00+00:00,103,CORN,650.0,300000000.0,notional_at_entry,long,470219.0,long,340950544.25,0
2022-02-18 00:00:00+00:00,104,CORN,654.25,300000000.0,notional_at_entry,long,470219.0,long,342948975.0,0
2022-02-22 00:00:00+00:00,105,CORN,674.75,300000000.0,notional_at_entry,long,470219.0,long,352588464.5,0
2022-02-23 00:00:00+00:00,106,CORN,683.75,300000000.0,notional_at_entry,long,470219.0,long,356820435.5,0
2022-02-24 00:00:00+00:00,107,CORN,695.0,300000000.0,notional_at_entry,long,470219.0,long,362110399.25,0
2022-02-25 00:00:00+00:00,108,CORN,659.5,300000000.0,notional_at_entry,long,470219.0,long,345417624.75,0
2022-02-28 00:00:00+00:00,109,CORN,697.5,300000000.0,notional_at_entry,long,470219.0,long,363285946.75,0
2022-03-01 00:00:00+00:00,110,CORN,739.75,300000000.0,notional_at_entry,long,470219.0,long,383152699.5,0
2022-03-02 00:00:00+00:00,111,CORN,739.0,300000000.0,notional_at_entry,long,470219.0,long,382800035.25,0
2022-03-03 00:00:00+00:00,112,CORN,751.25,300000000.0,notional_at_entry,long,470219.0,long,388560218.0,0
2022-03-04 00:00:00+00:00,113,CORN,756.5,300000000.0,notional_at_entry,long,470219.0,long,391028867.75,0
2022-03-07 00:00:00+00:00,114,CORN,749.25,-450000000.0,notional_at_entry,short,-600600.0,short,387619780.0,1
2022-03-08 00:00:00+00:00,115,CORN,754.5,-450000000.0,notional_at_entry,short,-600600.0,short,384466630.0,0
2022-03-09 00:00:00+00:00,116,CORN,735.0,-450000000.0,notional_at_entry,short,-600600.0,short,396178330.0,0
2022-03-10 00:00:00+00:00,117,CORN,757.75,450000000.0,notional_at_entry,long,593863.0,long,382514680.0,1
2022-03-11 00:00:00+00:00,118,CORN,764.5,450000000.0,notional_at_entry,long,593863.0,long,386523255.25,0
2022-03-14 00:00:00+00:00,119,CORN,728.25,450000000.0,notional_at_entry,long,593863.0,long,364995721.5,0
2022-03-15 00:00:00+00:00,120,CORN,758.0,450000000.0,notional_at_entry,long,593863.0,long,382663145.75,0
2022-03-16 00:00:00+00:00,121,CORN,730.0,450000000.0,notional_at_entry,long,593863.0,long,366034981.75,0
2022-03-17 00:00:00+00:00,122,CORN,754.5,450000000.0,notional_at_entry,long,593863.0,long,380584625.25,0
2022-03-18 00:00:00+00:00,123,CORN,741.75,450000000.0,notional_at_entry,long,593863.0,long,373012872.0,0
2022-03-21 00:00:00+00:00,124,CORN,756.25,450000000.0,notional_at_entry,long,593863.0,long,381623885.5,0
2022-03-22 00:00:00+00:00,125,CORN,753.0,450000000.0,notional_at_entry,long,593863.0,long,379693830.75,0
2022-03-23 00:00:00+00:00,126,CORN,757.75,450000000.0,notional_at_entry,long,593863.0,long,382514680.0,0
2022-03-24 00:00:00+00:00,127,CORN,748.25,450000000.0,notional_at_entry,long,593863.0,long,376872981.5,0
2022-03-25 00:00:00+00:00,128,CORN,754.0,450000000.0,notional_at_entry,long,593863.0,long,380287693.75,0
2022-03-28 00:00:00+00:00,129,CORN,748.5,450000000.0,notional_at_entry,long,593863.0,long,377021447.25,0
2022-03-29 00:00:00+00:00,130,CORN,726.25,450000000.0,notional_at_entry,long,593863.0,long,363807995.5,0
2022-03-30 00:00:00+00:00,131,CORN,738.0,450000000.0,notional_at_entry,long,593863.0,long,370785885.75,0
2022-03-31 00:00:00+00:00,132,CORN,748.75,450000000.0,notional_at_entry,long,593863.0,long,377169913.0,0
2022-04-01 00:00:00+00:00,133,CORN,735.0,450000000.0,notional_at_entry,long,593863.0,long,369004296.75,0
2022-04-04 00:00:00+00:00,134,CORN,750.5,450000000.0,notional_at_entry,long,593863.0,long,378209173.25,0
2022-04-05 00:00:00+00:00,135,CORN,759.75,450000000.0,notional_at_entry,long,593863.0,long,383702406.0,0
2022-04-06 00:00:00+00:00,136,CORN,756.5,450000000.0,notional_at_entry,long,593863.0,long,381772351.25,0
2022-04-07 00:00:00+00:00,137,CORN,757.75,-300000000.0,notional_at_entry,short,-395908.0,short,382514680.0,1
2022-04-08 00:00:00+00:00,138,CORN,768.75,-300000000.0,notional_at_entry,short,-395908.0,short,378159692.0,0
2022-04-11 00:00:00+00:00,139,CORN,764.5,-300000000.0,notional_at_entry,short,-395908.0,short,379842301.0,0
2022-04-12 00:00:00+00:00,140,CORN,776.25,300000000.0,notional_at_entry,long,386473.0,long,375190382.0,1
2022-04-13 00:00:00+00:00,141,CORN,783.5,300000000.0,notional_at_entry,long,386473.0,long,377992311.25,0
2022-04-14 00:00:00+00:00,142,CORN,790.25,300000000.0,notional_at_entry,long,386473.0,long,380601004.0,0
2022-04-15 00:00:00+00:00,143,CORN,791.0,300000000.0,notional_at_entry,long,386473.0,long,380890858.75,0
2022-04-18 00:00:00+00:00,144,CORN,813.25,300000000.0,notional_at_entry,long,386473.0,long,389489883.0,0
2022-04-19 00:00:00+00:00,145,CORN,804.0,300000000.0,notional_at_entry,long,386473.0,long,385915007.75,0
2022-04-20 00:00:00+00:00,146,CORN,815.75,300000000.0,notional_at_entry,long,386473.0,long,390456065.5,0
2022-04-21 00:00:00+00:00,147,CORN,799.25,300000000.0,notional_at_entry,long,386473.0,long,384079261.0,0
2022-04-22 00:00:00+00:00,148,CORN,793.0,300000000.0,notional_at_entry,long,386473.0,long,381663804.75,0
2022-04-25 00:00:00+00:00,149,CORN,800.25,-300000000.0,notional_at_entry,short,-374882.0,short,384465734.0,1
2022-04-26 00:00:00+00:00,150,CORN,803.25,-300000000.0,notional_at_entry,short,-374882.0,short,383341088.0,0
2022-04-27 00:00:00+00:00,151,CORN,815.5,-300000000.0,notional_at_entry,short,-374882.0,short,378748783.5,0
2022-04-28 00:00:00+00:00,152,CORN,816.0,-300000000.0,notional_at_entry,short,-374882.0,short,378561342.5,0
2022-04-29 00:00:00+00:00,153,CORN,818.25,-300000000.0,notional_at_entry,short,-374882.0,short,377717858.0,0
2022-05-02 00:00:00+00:00,154,CORN,813.0,-300000000.0,notional_at_entry,short,-374882.0,short,379685988.5,0
2022-05-03 00:00:00+00:00,155,CORN,800.75,-300000000.0,notional_at_entry,short,-374882.0,short,384278293.0,0
2022-05-04 00:00:00+00:00,156,CORN,798.5,-300000000.0,notional_at_entry,short,-374882.0,short,385121777.5,0
2022-05-05 00:00:00+00:00,157,CORN,803.75,-300000000.0,notional_at_entry,short,-374882.0,short,383153647.0,0
2022-05-06 00:00:00+00:00,158,CORN,792.25,-300000000.0,notional_at_entry,short,-374882.0,short,387464790.0,0
2022-05-09 00:00:00+00:00,159,CORN,784.5,300000000.0,notional_at_entry,long,382409.0,long,390370125.5,1
2022-05-10 00:00:00+00:00,160,CORN,786.5,300000000.0,notional_at_entry,long,382409.0,long,391134943.5,0
2022-05-11 00:00:00+00:00,161,CORN,802.25,300000000.0,notional_at_entry,long,382409.0,long,397157885.25,0
2022-05-12 00:00:00+00:00,162,CORN,813.5,300000000.0,notional_at_entry,long,382409.0,long,401459986.5,0
2022-05-13 00:00:00+00:00,163,CORN,794.5,300000000.0,notional_at_entry,long,382409.0,long,394194215.5,0
2022-05-16 00:00:00+00:00,164,CORN,809.5,300000000.0,notional_at_entry,long,382409.0,long,399930350.5,0
2022-05-17 00:00:00+00:00,165,CORN,800.75,300000000.0,notional_at_entry,long,382409.0,long,396584271.75,0
2022-05-18 00:00:00+00:00,166,CORN,781.5,300000000.0,notional_at_entry,long,382409.0,long,389222898.5,0
2022-05-19 00:00:00+00:00,167,CORN,783.25,300000000.0,notional_at_entry,long,382409.0,long,389892114.25,0
2022-05-20 00:00:00+00:00,168,CORN,778.75,300000000.0,notional_at_entry,long,382409.0,long,388171273.75,0
2022-05-23 00:00:00+00:00,169,CORN,786.25,-450000000.0,notional_at_entry,short,-572337.0,short,391039341.25,1
2022-05-24 00:00:00+00:00,170,CORN,771.75,-450000000.0,notional_at_entry,short,-572337.0,short,399338227.75,0
2022-05-25 00:00:00+00:00,171,CORN,772.25,-450000000.0,notional_at_entry,short,-572337.0,short,399052059.25,0
2022-05-26 00:00:00+00:00,172,CORN,765.0,-450000000.0,notional_at_entry,short,-572337.0,short,403201502.5,0
2022-05-27 00:00:00+00:00,173,CORN,777.25,300000000.0,notional_at_entry,long,385976.0,long,396190374.25,1
2022-05-30 00:00:00+00:00,174,CORN,775.62,300000000.0,notional_at_entry,long,385976.0,long,395561233.37,0
2022-05-31 00:00:00+00:00,175,CORN,753.5,300000000.0,notional_at_entry,long,385976.0,long,387023444.25,0
2022-06-01 00:00:00+00:00,176,CORN,731.25,300000000.0,notional_at_entry,long,385976.0,long,378435478.25,0
2022-06-02 00:00:00+00:00,177,CORN,730.25,300000000.0,notional_at_entry,long,385976.0,long,378049502.25,0
2022-06-03 00:00:00+00:00,178,CORN,727.0,300000000.0,notional_at_entry,long,385976.0,long,376795080.25,0
2022-06-06 00:00:00+00:00,179,CORN,742.5,300000000.0,notional_at_entry,long,385976.0,long,382777708.25,0
2022-06-07 00:00:00+00:00,180,CORN,757.0,300000000.0,notional_at_entry,long,385976.0,long,388374360.25,0
2022-06-08 00:00:00+00:00,181,CORN,764.5,300000000.0,notional_at_entry,long,385976.0,long,391269180.25,0
2022-06-09 00:00:00+00:00,182,CORN,773.0,300000000.0,notional_at_entry,long,385976.0,long,394549976.25,0
2022-06-10 00:00:00+00:00,183,CORN,773.25,300000000.0,notional_at_entry,long,385976.0,long,394646470.25,0
2022-06-13 00:00:00+00:00,184,CORN,769.25,300000000.0,notional_at_entry,long,385976.0,long,393102566.25,0
2022-06-14 00:00:00+00:00,185,CORN,768.25,300000000.0,notional_at_entry,long,385976.0,long,392716590.25,0
2022-06-15 00:00:00+00:00,186,CORN,774.0,300000000.0,notional_at_entry,long,385976.0,long,394935952.25,0
2022-06-16 00:00:00+00:00,187,CORN,788.25,300000000.0,notional_at_entry,long,385976.0,long,400436110.25,0
2022-06-17 00:00:00+00:00,188,CORN,784.5,300000000.0,notional_at_entry,long,385976.0,long,398988700.25,0
2022-06-21 00:00:00+00:00,189,CORN,760.75,-450000000.0,notional_at_entry,short,-591521.0,short,389821770.25,1
2022-06-22 00:00:00+00:00,190,CORN,768.0,-450000000.0,notional_at_entry,short,-591521.0,short,385533243.0,0
2022-06-23 00:00:00+00:00,191,CORN,746.75,-450000000.0,notional_at_entry,short,-591521.0,short,398103064.25,0
2022-06-24 00:00:00+00:00,192,CORN,750.25,-450000000.0,notional_at_entry,short,-591521.0,short,396032740.75,0
2022-06-27 00:00:00+00:00,193,CORN,744.25,-450000000.0,notional_at_entry,short,-591521.0,short,399581866.75,0
2022-06-28 00:00:00+00:00,194,CORN,759.5,-450000000.0,notional_at_entry,short,-591521.0,short,390561171.5,0
2022-06-29 00:00:00+00:00,195,CORN,770.25,-450000000.0,notional_at_entry,short,-591521.0,short,384202320.75,0
2022-06-30 00:00:00+00:00,196,CORN,743.75,-450000000.0,notional_at_entry,short,-591521.0,short,399877627.25,0
2022-07-01 00:00:00+00:00,197,CORN,754.5,-450000000.0,notional_at_entry,short,-591521.0,short,393518776.5,0
2022-07-05 00:00:00+00:00,198,CORN,736.0,-450000000.0,notional_at_entry,short,-591521.0,short,404461915.0,0
2022-07-06 00:00:00+00:00,199,CORN,744.25,-450000000.0,notional_at_entry,short,-591521.0,short,399581866.75,0
2022-07-07 00:00:00+00:00,200,CORN,747.0,-450000000.0,notional_at_entry,short,-591521.0,short,397955184.0,0
2022-07-08 00:00:00+00:00,201,CORN,778.25,-450000000.0,notional_at_entry,short,-591521.0,short,379470152.75,0
2022-07-11 00:00:00+00:00,202,CORN,781.25,-450000000.0,notional_at_entry,short,-591521.0,short,377695589.75,0
2022-07-12 00:00:00+00:00,203,CORN,732.75,-450000000.0,notional_at_entry,short,-591521.0,short,406384358.25,0
2022-07-13 00:00:00+00:00,204,CORN,740.0,-450000000.0,notional_at_entry,short,-591521.0,short,402095831.0,0
2022-07-14 00:00:00+00:00,205,CORN,695.0,-450000000.0,notional_at_entry,short,-591521.0,short,428714276.0,0
2022-07-15 00:00:00+00:00,206,CORN,604.25,-450000000.0,notional_at_entry,short,-591521.0,short,482394806.75,0
2022-07-18 00:00:00+00:00,207,CORN,612.25,-450000000.0,notional_at_entry,short,-591521.0,short,477662638.75,0
2022-07-19 00:00:00+00:00,208,CORN,596.75,-450000000.0,notional_at_entry,short,-591521.0,short,486831214.25,0
2022-07-20 00:00:00+00:00,209,CORN,592.25,300000000.0,notional_at_entry,long,506542.0,long,489493058.75,1
2022-07-21 00:00:00+00:00,210,CORN,575.75,300000000.0,notional_at_entry,long,506542.0,long,481135115.75,0
2022-07-22 00:00:00+00:00,211,CORN,564.25,300000000.0,notional_at_entry,long,506542.0,long,475309882.75,0
2022-07-25 00:00:00+00:00,212,CORN,580.0,300000000.0,notional_at_entry,long,506542.0,long,483287919.25,0
2022-07-26 00:00:00+00:00,213,CORN,597.0,300000000.0,notional_at_entry,long,506542.0,long,491899133.25,0
2022-07-27 00:00:00+00:00,214,CORN,600.25,300000000.0,notional_at_entry,long,506542.0,long,493545394.75,0
2022-07-28 00:00:00+00:00,215,CORN,615.0,300000000.0,notional_at_entry,long,506542.0,long,501016889.25,0
2022-07-29 00:00:00+00:00,216,CORN,616.25,300000000.0,notional_at_entry,long,506542.0,long,501650066.75,0
2022-08-01 00:00:00+00:00,217,CORN,607.0,300000000.0,notional_at_entry,long,506542.0,long,496964553.25,0
2022-08-02 00:00:00+00:00,218,CORN,591.25,300000000.0,notional_at_entry,long,506542.0,long,488986516.75,0
2022-08-03 00:00:00+00:00,219,CORN,591.5,300000000.0,notional_at_entry,long,506542.0,long,489113152.25,0
2022-08-04 00:00:00+00:00,220,CORN,602.25,-300000000.0,notional_at_entry,short,-498132.0,short,494558478.75,1
2022-08-05 00:00:00+00:00,221,CORN,610.25,-300000000.0,notional_at_entry,short,-498132.0,short,490573422.75,0
2022-08-08 00:00:00+00:00,222,CORN,608.5,-300000000.0,notional_at_entry,short,-498132.0,short,491445153.75,0
2022-08-09 00:00:00+00:00,223,CORN,615.5,-300000000.0,notional_at_entry,short,-498132.0,short,487958229.75,0
2022-08-10 00:00:00+00:00,224,CORN,621.25,-300000000.0,notional_at_entry,short,-498132.0,short,485093970.75,0
2022-08-11 00:00:00+00:00,225,CORN,629.25,-300000000.0,notional_at_entry,short,-498132.0,short,481108914.75,0
2022-08-12 00:00:00+00:00,226,CORN,639.75,-300000000.0,notional_at_entry,short,-498132.0,short,475878528.75,0
2022-08-15 00:00:00+00:00,227,CORN,626.75,-300000000.0,notional_at_entry,short,-498132.0,short,482354244.75,0
2022-08-16 00:00:00+00:00,228,CORN,611.0,-300000000.0,notional_at_entry,short,-498132.0,short,490199823.75,0
2022-08-17 00:00:00+00:00,229,CORN,615.0,-300000000.0,notional_at_entry,short,-498132.0,short,488207295.75,0
2022-08-18 00:00:00+00:00,230,CORN,619.75,-300000000.0,notional_at_entry,short,-498132.0,short,485841168.75,0
2022-08-19 00:00:00+00:00,231,CORN,626.0,-300000000.0,notional_at_entry,short,-498132.0,short,482727843.75,0
2022-08-22 00:00:00+00:00,232,CORN,633.5,-300000000.0,notional_at_entry,short,-498132.0,short,478991853.75,0
2022-08-23 00:00:00+00:00,233,CORN,660.0,-300000000.0,notional_at_entry,short,-498132.0,short,465791355.75,0
2022-08-24 00:00:00+00:00,234,CORN,665.75,-300000000.0,notional_at_entry,short,-498132.0,short,462927096.75,0
2022-08-25 00:00:00+00:00,235,CORN,657.5,300000000.0,notional_at_entry,long,456273.0,long,467036685.75,1
2022-08-26 00:00:00+00:00,236,CORN,668.75,300000000.0,notional_at_entry,long,456273.0,long,472169757.0,0
2022-08-29 00:00:00+00:00,237,CORN,683.75,300000000.0,notional_at_entry,long,456273.0,long,479013852.0,0
2022-08-30 00:00:00+00:00,238,CORN,679.75,300000000.0,notional_at_entry,long,456273.0,long,477188760.0,0
2022-08-31 00:00:00+00:00,239,CORN,673.75,300000000.0,notional_at_entry,long,456273.0,long,474451122.0,0
2022-09-01 00:00:00+00:00,240,CORN,658.25,300000000.0,notional_at_entry,long,456273.0,long,467378890.5,0
2022-09-02 00:00:00+00:00,241,CORN,669.0,300000000.0,notional_at_entry,long,456273.0,long,472283825.25,0
2022-09-05 00:00:00+00:00,242,CORN,667.38,-450000000.0,notional_at_entry,short,-674278.0,short,471544662.99,1
2022-09-06 00:00:00+00:00,243,CORN,680.75,-450000000.0,notional_at_entry,short,-674278.0,short,462529566.13,0
2022-09-07 00:00:00+00:00,244,CORN,676.75,-450000000.0,notional_at_entry,short,-674278.0,short,465226678.13,0
2022-09-08 00:00:00+00:00,245,CORN,668.5,-450000000.0,notional_at_entry,short,-674278.0,short,470789471.63,0
2022-09-09 00:00:00+00:00,246,CORN,698.5,-450000000.0,notional_at_entry,short,-674278.0,short,450561131.63,0
2022-09-12 00:00:00+00:00,247,CORN,712.25,-450000000.0,notional_at_entry,short,-674278.0,short,441289809.13,0
2022-09-13 00:00:00+00:00,248,CORN,709.0,-450000000.0,notional_at_entry,short,-674278.0,short,443481212.63,0
2022-09-14 00:00:00+00:00,249,CORN,709.0,-450000000.0,notional_at_entry,short,-674278.0,short,443481212.63,0
2022-09-15 00:00:00+00:00,250,CORN,677.5,-450000000.0,notional_at_entry,short,-674278.0,short,464720969.63,0
2022-09-16 00:00:00+00:00,251,CORN,677.25,-450000000.0,notional_at_entry,short,-674278.0,short,464889539.13,0
2022-09-19 00:00:00+00:00,252,CORN,678.25,-450000000.0,notional_at_entry,short,-674278.0,short,464215261.13,0
2022-09-20 00:00:00+00:00,253,CORN,692.0,-450000000.0,notional_at_entry,short,-674278.0,short,454943938.63,0
2022-09-21 00:00:00+00:00,254,CORN,685.5,-450000000.0,notional_at_entry,short,-674278.0,short,459326745.63,0
2022-09-22 00:00:00+00:00,255,CORN,688.25,300000000.0,notional_at_entry,long,435888.0,long,457472481.13,1
2022-09-23 00:00:00+00:00,256,CORN,676.75,300000000.0,notional_at_entry,long,435888.0,long,452459769.13,0
2022-09-26 00:00:00+00:00,257,CORN,666.25,300000000.0,notional_at_entry,long,435888.0,long,447882945.13,0
2022-09-27 00:00:00+00:00,258,CORN,667.5,300000000.0,notional_at_entry,long,435888.0,long,448427805.13,0
2022-09-28 00:00:00+00:00,259,CORN,670.5,300000000.0,notional_at_entry,long,435888.0,long,449735469.13,0
2022-09-29 00:00:00+00:00,260,CORN,669.5,300000000.0,notional_at_entry,long,435888.0,long,449299581.13,0
2022-09-30 00:00:00+00:00,261,CORN,677.5,300000000.0,notional_at_entry,long,435888.0,long,452786685.13,0
2022-10-03 00:00:00+00:00,262,CORN,680.75,300000000.0,notional_at_entry,long,435888.0,long,454203321.13,0
2022-10-04 00:00:00+00:00,263,CORN,683.0,300000000.0,notional_at_entry,long,435888.0,long,455184069.13,0
2022-10-05 00:00:00+00:00,264,CORN,684.0,300000000.0,notional_at_entry,long,435888.0,long,455619957.13,0
2022-10-06 00:00:00+00:00,265,CORN,675.5,300000000.0,notional_at_entry,long,435888.0,long,451914909.13,0
2022-10-07 00:00:00+00:00,266,CORN,683.25,300000000.0,notional_at_entry,long,435888.0,long,455293041.13,0
2022-10-10 00:00:00+00:00,267,CORN,698.25,300000000.0,notional_at_entry,long,435888.0,long,461831361.13,0
2022-10-11 00:00:00+00:00,268,CORN,693.0,300000000.0,notional_at_entry,long,435888.0,long,459542949.13,0
2022-10-12 00:00:00+00:00,269,CORN,693.0,300000000.0,notional_at_entry,long,435888.0,long,459542949.13,0
2022-10-13 00:00:00+00:00,270,CORN,697.75,300000000.0,notional_at_entry,long,435888.0,long,461613417.13,0
2022-10-14 00:00:00+00:00,271,CORN,689.75,-450000000.0,notional_at_entry,short,-652410.0,short,458126313.13,1
2022-10-17 00:00:00+00:00,272,CORN,683.5,-450000000.0,notional_at_entry,short,-652410.0,short,462203875.63,0
2022-10-18 00:00:00+00:00,273,CORN,681.0,-450000000.0,notional_at_entry,short,-652410.0,short,463834900.63,0
2022-10-19 00:00:00+00:00,274,CORN,678.25,-450000000.0,notional_at_entry,short,-652410.0,short,465629028.13,0
2022-10-20 00:00:00+00:00,275,CORN,684.0,-450000000.0,notional_at_entry,short,-652410.0,short,461877670.63,0
2022-10-21 00:00:00+00:00,276,CORN,684.25,-450000000.0,notional_at_entry,short,-652410.0,short,461714568.13,0
2022-10-24 00:00:00+00:00,277,CORN,681.5,-450000000.0,notional_at_entry,short,-652410.0,short,463508695.63,0
2022-10-25 00:00:00+00:00,278,CORN,686.25,-450000000.0,notional_at_entry,short,-652410.0,short,460409748.13,0
2022-10-26 00:00:00+00:00,279,CORN,685.0,300000000.0,notional_at_entry,long,437956.0,long,461225260.63,1
2022-10-27 00:00:00+00:00,280,CORN,682.25,300000000.0,notional_at_entry,long,437956.0,long,460020881.63,0
2022-10-28 00:00:00+00:00,281,CORN,680.75,300000000.0,notional_at_entry,long,437956.0,long,459363947.63,0
2022-10-31 00:00:00+00:00,282,CORN,691.5,300000000.0,notional_at_entry,long,437956.0,long,464071974.63,0
2022-11-01 00:00:00+00:00,283,CORN,697.75,300000000.0,notional_at_entry,long,437956.0,long,466809199.63,0
2022-11-02 00:00:00+00:00,284,CORN,687.5,300000000.0,notional_at_entry,long,437956.0,long,462320150.63,0
2022-11-03 00:00:00+00:00,285,CORN,679.25,300000000.0,notional_at_entry,long,437956.0,long,458707013.63,0
2022-11-04 00:00:00+00:00,286,CORN,681.0,300000000.0,notional_at_entry,long,437956.0,long,459473436.63,0
2022-11-07 00:00:00+00:00,287,CORN,675.75,300000000.0,notional_at_entry,long,437956.0,long,457174167.63,0
2022-11-08 00:00:00+00:00,288,CORN,667.5,300000000.0,notional_at_entry,long,437956.0,long,453561030.63,0
2022-11-09 00:00:00+00:00,289,CORN,664.5,300000000.0,notional_at_entry,long,437956.0,long,452247162.63,0
2022-11-10 00:00:00+00:00,290,CORN,653.25,-300000000.0,notional_at_entry,short,-459242.0,short,447320157.63,1
2022-11-11 00:00:00+00:00,291,CORN,658.0,-300000000.0,notional_at_entry,short,-459242.0,short,445138758.13,0
2022-11-14 00:00:00+00:00,292,CORN,657.25,-300000000.0,notional_at_entry,short,-459242.0,short,445483189.63,0
2022-11-15 00:00:00+00:00,293,CORN,666.75,-300000000.0,notional_at_entry,short,-459242.0,short,441120390.63,0
2022-11-16 00:00:00+00:00,294,CORN,665.25,-300000000.0,notional_at_entry,short,-459242.0,short,441809253.63,0
2022-11-17 00:00:00+00:00,295,CORN,667.5,-300000000.0,notional_at_entry,short,-459242.0,short,440775959.13,0
2022-11-18 00:00:00+00:00,296,CORN,667.75,-300000000.0,notional_at_entry,short,-459242.0,short,440661148.63,0
2022-11-21 00:00:00+00:00,297,CORN,659.5,-300000000.0,notional_at_entry,short,-459242.0,short,444449895.13,0
2022-11-22 00:00:00+00:00,298,CORN,656.75,-300000000.0,notional_at_entry,short,-459242.0,short,445712810.63,0
2022-11-23 00:00:00+00:00,299,CORN,663.25,-300000000.0,notional_at_entry,short,-459242.0,short,442727737.63,0
2022-11-25 00:00:00+00:00,300,CORN,668.0,-300000000.0,notional_at_entry,short,-459242.0,short,440546338.13,0
2022-11-28 00:00:00+00:00,301,CORN,668.75,-300000000.0,notional_at_entry,short,-459242.0,short,440201906.63,0
2022-11-29 00:00:00+00:00,302,CORN,665.75,-300000000.0,notional_at_entry,short,-459242.0,short,441579632.63,0
2022-11-30 00:00:00+00:00,303,CORN,662.0,300000000.0,notional_at_entry,long,453172.0,long,443301790.13,1
2022-12-01 00:00:00+00:00,304,CORN,650.0,300000000.0,notional_at_entry,long,453172.0,long,437863726.13,0
2022-12-02 00:00:00+00:00,305,CORN,635.0,300000000.0,notional_at_entry,long,453172.0,long,431066146.13,0
2022-12-05 00:00:00+00:00,306,CORN,628.75,300000000.0,notional_at_entry,long,453172.0,long,428233821.13,0
2022-12-06 00:00:00+00:00,307,CORN,625.5,300000000.0,notional_at_entry,long,453172.0,long,426761012.13,0
2022-12-07 00:00:00+00:00,308,CORN,627.75,300000000.0,notional_at_entry,long,453172.0,long,427780649.13,0
2022-12-08 00:00:00+00:00,309,CORN,632.0,300000000.0,notional_at_entry,long,453172.0,long,429706630.13,0
2022-12-09 00:00:00+00:00,310,CORN,634.75,300000000.0,notional_at_entry,long,453172.0,long,430952853.13,0
2022-12-12 00:00:00+00:00,311,CORN,641.25,300000000.0,notional_at_entry,long,453172.0,long,433898471.13,0
2022-12-13 00:00:00+00:00,312,CORN,643.75,300000000.0,notional_at_entry,long,453172.0,long,435031401.13,0
2022-12-14 00:00:00+00:00,313,CORN,639.0,300000000.0,notional_at_entry,long,453172.0,long,432878834.13,0
2022-12-15 00:00:00+00:00,314,CORN,653.5,300000000.0,notional_at_entry,long,453172.0,long,439449828.13,0
2022-12-16 00:00:00+00:00,315,CORN,653.0,300000000.0,notional_at_entry,long,453172.0,long,439223242.13,0
2022-12-19 00:00:00+00:00,316,CORN,647.25,300000000.0,notional_at_entry,long,453172.0,long,436617503.13,0
2022-12-20 00:00:00+00:00,317,CORN,652.0,300000000.0,notional_at_entry,long,453172.0,long,438770070.13,0
2022-12-21 00:00:00+00:00,318,CORN,662.25,300000000.0,notional_at_entry,long,453172.0,long,443415083.13,0
2022-12-22 00:00:00+00:00,319,CORN,660.5,300000000.0,notional_at_entry,long,453172.0,long,442622032.13,0
2022-12-23 00:00:00+00:00,320,CORN,666.25,300000000.0,notional_at_entry,long,453172.0,long,445227771.13,0
2022-12-27 00:00:00+00:00,321,CORN,674.75,300000000.0,notional_at_entry,long,453172.0,long,449079733.13,0
2022-12-28 00:00:00+00:00,322,CORN,682.75,300000000.0,notional_at_entry,long,453172.0,long,452705109.13,0
2022-12-29 00:00:00+00:00,323,CORN,679.5,300000000.0,notional_at_entry,long,453172.0,long,451232300.13,0
2022-12-30 00:00:00+00:00,324,CORN,678.5,300000000.0,notional_at_entry,long,453172.0,long,450779128.13,0
2023-01-03 00:00:00+00:00,325,CORN,670.5,-450000000.0,notional_at_entry,short,-671140.0,short,447153752.13,1
2023-01-04 00:00:00+00:00,326,CORN,653.75,-450000000.0,notional_at_entry,short,-671140.0,short,458395347.13,0
2023-01-05 00:00:00+00:00,327,CORN,652.75,-450000000.0,notional_at_entry,short,-671140.0,short,459066487.13,0
2023-01-06 00:00:00+00:00,328,CORN,654.0,-450000000.0,notional_at_entry,short,-671140.0,short,458227562.13,0
2023-01-09 00:00:00+00:00,329,CORN,652.75,-450000000.0,notional_at_entry,short,-671140.0,short,459066487.13,0
2023-01-10 00:00:00+00:00,330,CORN,655.0,-450000000.0,notional_at_entry,short,-671140.0,short,457556422.13,0
2023-01-11 00:00:00+00:00,331,CORN,656.0,-450000000.0,notional_at_entry,short,-671140.0,short,456885282.13,0
2023-01-12 00:00:00+00:00,332,CORN,671.0,-450000000.0,notional_at_entry,short,-671140.0,short,446818182.13,0
2023-01-13 00:00:00+00:00,333,CORN,675.0,-450000000.0,notional_at_entry,short,-671140.0,short,444133622.13,0
2023-01-17 00:00:00+00:00,334,CORN,685.25,-450000000.0,notional_at_entry,short,-671140.0,short,437254437.13,0
2023-01-18 00:00:00+00:00,335,CORN,681.25,-450000000.0,notional_at_entry,short,-671140.0,short,439938997.13,0
2023-01-19 00:00:00+00:00,336,CORN,677.25,-450000000.0,notional_at_entry,short,-671140.0,short,442623557.13,0
2023-01-20 00:00:00+00:00,337,CORN,676.25,-450000000.0,notional_at_entry,short,-671140.0,short,443294697.13,0
2023-01-23 00:00:00+00:00,338,CORN,666.25,-450000000.0,notional_at_entry,short,-671140.0,short,450006097.13,0
2023-01-24 00:00:00+00:00,339,CORN,677.0,-450000000.0,notional_at_entry,short,-671140.0,short,442791342.13,0
2023-01-25 00:00:00+00:00,340,CORN,674.75,-450000000.0,notional_at_entry,short,-671140.0,short,444301407.13,0
2023-01-26 00:00:00+00:00,341,CORN,682.5,-450000000.0,notional_at_entry,short,-671140.0,short,439100072.13,0
2023-01-27 00:00:00+00:00,342,CORN,683.0,-450000000.0,notional_at_entry,short,-671140.0,short,438764502.13,0
2023-01-30 00:00:00+00:00,343,CORN,683.75,-450000000.0,notional_at_entry,short,-671140.0,short,438261147.13,0
2023-01-31 00:00:00+00:00,344,CORN,679.75,-450000000.0,notional_at_entry,short,-671140.0,short,440945707.13,0
2023-02-01 00:00:00+00:00,345,CORN,681.0,-450000000.0,notional_at_entry,short,-671140.0,short,440106782.13,0
2023-02-02 00:00:00+00:00,346,CORN,675.25,-450000000.0,notional_at_entry,short,-671140.0,short,443965837.13,0
2023-02-03 00:00:00+00:00,347,CORN,677.5,-450000000.0,notional_at_entry,short,-671140.0,short,442455772.13,0
2023-02-06 00:00:00+00:00,348,CORN,679.0,-450000000.0,notional_at_entry,short,-671140.0,short,441449062.13,0
2023-02-07 00:00:00+00:00,349,CORN,674.0,-450000000.0,notional_at_entry,short,-671140.0,short,444804762.13,0
2023-02-08 00:00:00+00:00,350,CORN,678.5,-450000000.0,notional_at_entry,short,-671140.0,short,441784632.13,0
2023-02-09 00:00:00+00:00,351,CORN,670.75,-450000000.0,notional_at_entry,short,-671140.0,short,446985967.13,0
2023-02-10 00:00:00+00:00,352,CORN,680.5,-450000000.0,notional_at_entry,short,-671140.0,short,440442352.13,0
2023-02-13 00:00:00+00:00,353,CORN,685.0,-450000000.0,notional_at_entry,short,-671140.0,short,437422222.13,0
2023-02-14 00:00:00+00:00,354,CORN,682.25,-450000000.0,notional_at_entry,short,-671140.0,short,439267857.13,0
2023-02-15 00:00:00+00:00,355,CORN,676.25,-450000000.0,notional_at_entry,short,-671140.0,short,443294697.13,0
2023-02-16 00:00:00+00:00,356,CORN,676.0,-450000000.0,notional_at_entry,short,-671140.0,short,443462482.13,0
2023-02-17 00:00:00+00:00,357,CORN,677.75,-450000000.0,notional_at_entry,short,-671140.0,short,442287987.13,0
2023-02-21 00:00:00+00:00,358,CORN,680.5,-450000000.0,notional_at_entry,short,-671140.0,short,440442352.13,0
2023-02-22 00:00:00+00:00,359,CORN,674.25,-450000000.0,notional_at_entry,short,-671140.0,short,444636977.13,0
2023-02-23 00:00:00+00:00,360,CORN,659.25,-450000000.0,notional_at_entry,short,-671140.0,short,454704077.13,0
2023-02-24 00:00:00+00:00,361,CORN,649.25,-450000000.0,notional_at_entry,short,-671140.0,short,461415477.13,0
2023-02-27 00:00:00+00:00,362,CORN,642.75,300000000.0,notional_at_entry,long,466744.0,long,465777887.13,1
2023-02-28 00:00:00+00:00,363,CORN,629.5,300000000.0,notional_at_entry,long,466744.0,long,459593529.13,0
2023-03-01 00:00:00+00:00,364,CORN,640.5,-300000000.0,notional_at_entry,short,-468384.0,short,464727713.13,1
2023-03-02 00:00:00+00:00,365,CORN,637.75,-300000000.0,notional_at_entry,short,-468384.0,short,466015769.13,0
2023-03-03 00:00:00+00:00,366,CORN,645.25,-300000000.0,notional_at_entry,short,-468384.0,short,462502889.13,0
2023-03-06 00:00:00+00:00,367,CORN,637.0,-300000000.0,notional_at_entry,short,-468384.0,short,466367057.13,0
2023-03-07 00:00:00+00:00,368,CORN,634.25,300000000.0,notional_at_entry,long,472999.0,long,467655113.13,1
2023-03-08 00:00:00+00:00,369,CORN,625.5,300000000.0,notional_at_entry,long,472999.0,long,463516371.88,0
2023-03-09 00:00:00+00:00,370,CORN,611.5,-300000000.0,notional_at_entry,short,-490596.0,short,456894385.88,1
2023-03-10 00:00:00+00:00,371,CORN,624.25,-300000000.0,notional_at_entry,short,-490596.0,short,450639286.88,0
2023-03-13 00:00:00+00:00,372,CORN,624.5,-300000000.0,notional_at_entry,short,-490596.0,short,450516637.88,0
2023-03-14 00:00:00+00:00,373,CORN,627.5,-300000000.0,notional_at_entry,short,-490596.0,short,449044849.88,0
2023-03-15 00:00:00+00:00,374,CORN,626.5,-300000000.0,notional_at_entry,short,-490596.0,short,449535445.88,0
2023-03-16 00:00:00+00:00,375,CORN,632.75,-300000000.0,notional_at_entry,short,-490596.0,short,446469220.88,0
2023-03-17 00:00:00+00:00,376,CORN,634.25,-300000000.0,notional_at_entry,short,-490596.0,short,445733326.88,0
2023-03-20 00:00:00+00:00,377,CORN,633.0,-300000000.0,notional_at_entry,short,-490596.0,short,446346571.88,0
2023-03-21 00:00:00+00:00,378,CORN,630.0,-300000000.0,notional_at_entry,short,-490596.0,short,447818359.88,0
2023-03-22 00:00:00+00:00,379,CORN,633.5,-300000000.0,notional_at_entry,short,-490596.0,short,446101273.88,0
2023-03-23 00:00:00+00:00,380,CORN,631.75,300000000.0,notional_at_entry,long,474871.0,long,446959816.88,1
2023-03-24 00:00:00+00:00,381,CORN,643.0,300000000.0,notional_at_entry,long,474871.0,long,452302115.63,0
2023-03-27 00:00:00+00:00,382,CORN,648.25,300000000.0,notional_at_entry,long,474871.0,long,454795188.38,0
2023-03-28 00:00:00+00:00,383,CORN,647.25,300000000.0,notional_at_entry,long,474871.0,long,454320317.38,0
2023-03-29 00:00:00+00:00,384,CORN,650.5,300000000.0,notional_at_entry,long,474871.0,long,455863648.13,0
2023-03-30 00:00:00+00:00,385,CORN,649.5,300000000.0,notional_at_entry,long,474871.0,long,455388777.13,0
2023-03-31 00:00:00+00:00,386,CORN,660.5,300000000.0,notional_at_entry,long,474871.0,long,460612358.13,0
2023-04-03 00:00:00+00:00,387,CORN,657.75,300000000.0,notional_at_entry,long,474871.0,long,459306462.88,0
2023-04-04 00:00:00+00:00,388,CORN,653.75,300000000.0,notional_at_entry,long,474871.0,long,457406978.88,0
2023-04-05 00:00:00+00:00,389,CORN,652.75,300000000.0,notional_at_entry,long,474871.0,long,456932107.88,0
2023-04-06 00:00:00+00:00,390,CORN,643.5,300000000.0,notional_at_entry,long,474871.0,long,452539551.13,0
2023-04-07 00:00:00+00:00,391,CORN,643.5,300000000.0,notional_at_entry,long,474871.0,long,452539551.13,0
2023-04-10 00:00:00+00:00,392,CORN,654.0,300000000.0,notional_at_entry,long,474871.0,long,457525696.63,0
2023-04-11 00:00:00+00:00,393,CORN,651.0,300000000.0,notional_at_entry,long,474871.0,long,456101083.63,0
2023-04-12 00:00:00+00:00,394,CORN,656.0,300000000.0,notional_at_entry,long,474871.0,long,458475438.63,0
2023-04-13 00:00:00+00:00,395,CORN,652.25,300000000.0,notional_at_entry,long,474871.0,long,456694672.38,0
2023-04-14 00:00:00+00:00,396,CORN,666.25,-450000000.0,notional_at_entry,short,-675422.0,short,463342866.38,1
2023-04-17 00:00:00+00:00,397,CORN,676.5,-450000000.0,notional_at_entry,short,-675422.0,short,456419790.88,0
2023-04-18 00:00:00+00:00,398,CORN,677.5,-450000000.0,notional_at_entry,short,-675422.0,short,455744368.88,0
2023-04-19 00:00:00+00:00,399,CORN,672.25,-450000000.0,notional_at_entry,short,-675422.0,short,459290334.38,0
2023-04-20 00:00:00+00:00,400,CORN,663.75,-450000000.0,notional_at_entry,short,-675422.0,short,465031421.38,0
2023-04-21 00:00:00+00:00,401,CORN,663.25,-450000000.0,notional_at_entry,short,-675422.0,short,465369132.38,0
2023-04-24 00:00:00+00:00,402,CORN,651.25,-450000000.0,notional_at_entry,short,-675422.0,short,473474196.38,0
2023-04-25 00:00:00+00:00,403,CORN,646.5,-450000000.0,notional_at_entry,short,-675422.0,short,476682450.88,0
2023-04-26 00:00:00+00:00,404,CORN,641.5,450000000.0,notional_at_entry,long,701480.0,long,480059560.88,1
2023-04-27 00:00:00+00:00,405,CORN,627.0,450000000.0,notional_at_entry,long,701480.0,long,469888100.88,0
2023-04-28 00:00:00+00:00,406,CORN,636.0,450000000.0,notional_at_entry,long,701480.0,long,476201420.88,0
2023-05-01 00:00:00+00:00,407,CORN,639.5,450000000.0,notional_at_entry,long,701480.0,long,478656600.88,0
2023-05-02 00:00:00+00:00,408,CORN,638.0,450000000.0,notional_at_entry,long,701480.0,long,477604380.88,0
2023-05-03 00:00:00+00:00,409,CORN,645.25,450000000.0,notional_at_entry,long,701480.0,long,482690110.88,0
2023-05-04 00:00:00+00:00,410,CORN,646.5,450000000.0,notional_at_entry,long,701480.0,long,483566960.88,0
2023-05-05 00:00:00+00:00,411,CORN,653.25,450000000.0,notional_at_entry,long,701480.0,long,488301950.88,0
2023-05-08 00:00:00+00:00,412,CORN,656.5,-450000000.0,notional_at_entry,short,-685453.0,short,490581760.88,1
2023-05-09 00:00:00+00:00,413,CORN,642.25,-450000000.0,notional_at_entry,short,-685453.0,short,500349466.13,0
2023-05-10 00:00:00+00:00,414,CORN,645.5,-450000000.0,notional_at_entry,short,-685453.0,short,498121743.88,0
2023-05-11 00:00:00+00:00,415,CORN,632.5,-450000000.0,notional_at_entry,short,-685453.0,short,507032632.88,0
2023-05-12 00:00:00+00:00,416,CORN,633.25,-450000000.0,notional_at_entry,short,-685453.0,short,506518543.13,0
2023-05-15 00:00:00+00:00,417,CORN,592.5,-450000000.0,notional_at_entry,short,-685453.0,short,534450752.88,0
2023-05-16 00:00:00+00:00,418,CORN,581.25,-450000000.0,notional_at_entry,short,-685453.0,short,542162099.13,0
2023-05-17 00:00:00+00:00,419,CORN,561.5,-450000000.0,notional_at_entry,short,-685453.0,short,555699795.88,0
2023-05-18 00:00:00+00:00,420,CORN,555.25,-450000000.0,notional_at_entry,short,-685453.0,short,559983877.13,0
2023-05-19 00:00:00+00:00,421,CORN,554.5,-450000000.0,notional_at_entry,short,-685453.0,short,560497966.88,0
2023-05-22 00:00:00+00:00,422,CORN,571.0,-450000000.0,notional_at_entry,short,-685453.0,short,549187992.38,0
2023-05-23 00:00:00+00:00,423,CORN,577.5,-450000000.0,notional_at_entry,short,-685453.0,short,544732547.88,0
2023-05-24 00:00:00+00:00,424,CORN,587.25,-450000000.0,notional_at_entry,short,-685453.0,short,538049381.13,0
2023-05-25 00:00:00+00:00,425,CORN,590.75,-450000000.0,notional_at_entry,short,-685453.0,short,535650295.63,0
2023-05-26 00:00:00+00:00,426,CORN,604.0,450000000.0,notional_at_entry,long,745033.0,long,526568043.38,1
2023-05-30 00:00:00+00:00,427,CORN,594.0,450000000.0,notional_at_entry,long,745033.0,long,519117713.38,0
2023-05-31 00:00:00+00:00,428,CORN,594.0,450000000.0,notional_at_entry,long,745033.0,long,519117713.38,0
2023-06-01 00:00:00+00:00,429,CORN,592.5,450000000.0,notional_at_entry,long,745033.0,long,518000163.88,0
2023-06-02 00:00:00+00:00,430,CORN,609.0,450000000.0,notional_at_entry,long,745033.0,long,530293208.38,0
2023-06-05 00:00:00+00:00,431,CORN,597.5,450000000.0,notional_at_entry,long,745033.0,long,521725328.88,0
2023-06-06 00:00:00+00:00,432,CORN,608.0,450000000.0,notional_at_entry,long,745033.0,long,529548175.38,0
2023-06-07 00:00:00+00:00,433,CORN,604.25,450000000.0,notional_at_entry,long,745033.0,long,526754301.63,0
2023-06-08 00:00:00+00:00,434,CORN,610.25,450000000.0,notional_at_entry,long,745033.0,long,531224499.63,0
2023-06-09 00:00:00+00:00,435,CORN,604.25,450000000.0,notional_at_entry,long,745033.0,long,526754301.63,0
2023-06-12 00:00:00+00:00,436,CORN,617.25,450000000.0,notional_at_entry,long,745033.0,long,536439730.63,0
2023-06-13 00:00:00+00:00,437,CORN,612.5,450000000.0,notional_at_entry,long,745033.0,long,532900823.88,0
2023-06-14 00:00:00+00:00,438,CORN,607.75,450000000.0,notional_at_entry,long,745033.0,long,529361917.13,0
2023-06-15 00:00:00+00:00,439,CORN,623.25,450000000.0,notional_at_entry,long,745033.0,long,540909928.63,0
2023-06-16 00:00:00+00:00,440,CORN,640.25,450000000.0,notional_at_entry,long,745033.0,long,553575489.63,0
2023-06-20 00:00:00+00:00,441,CORN,643.75,-450000000.0,notional_at_entry,short,-699029.0,short,556183105.13,1
2023-06-21 00:00:00+00:00,442,CORN,671.0,-450000000.0,notional_at_entry,short,-699029.0,short,537134564.88,0
2023-06-22 00:00:00+00:00,443,CORN,660.5,-450000000.0,notional_at_entry,short,-699029.0,short,544474369.38,0
2023-06-23 00:00:00+00:00,444,CORN,630.75,-450000000.0,notional_at_entry,short,-699029.0,short,565270482.13,0
2023-06-26 00:00:00+00:00,445,CORN,637.25,-450000000.0,notional_at_entry,short,-699029.0,short,560726793.63,0
2023-06-27 00:00:00+00:00,446,CORN,623.0,-450000000.0,notional_at_entry,short,-699029.0,short,570687956.88,0
2023-06-28 00:00:00+00:00,447,CORN,590.0,-450000000.0,notional_at_entry,short,-699029.0,short,593755913.88,0
2023-06-29 00:00:00+00:00,448,CORN,581.0,-450000000.0,notional_at_entry,short,-699029.0,short,600047174.88,0
2023-06-30 00:00:00+00:00,449,CORN,554.5,-450000000.0,notional_at_entry,short,-699029.0,short,618571443.38,0
2023-07-03 00:00:00+00:00,450,CORN,557.25,-450000000.0,notional_at_entry,short,-699029.0,short,616649113.63,0
2023-07-05 00:00:00+00:00,451,CORN,548.25,-450000000.0,notional_at_entry,short,-699029.0,short,622940374.63,0
2023-07-06 00:00:00+00:00,452,CORN,566.75,-450000000.0,notional_at_entry,short,-699029.0,short,610008338.13,0
2023-07-07 00:00:00+00:00,453,CORN,560.5,-450000000.0,notional_at_entry,short,-699029.0,short,614377269.38,0
2023-07-10 00:00:00+00:00,454,CORN,570.75,-450000000.0,notional_at_entry,short,-699029.0,short,607212222.13,0
2023-07-11 00:00:00+00:00,455,CORN,571.75,-450000000.0,notional_at_entry,short,-699029.0,short,606513193.13,0
2023-07-12 00:00:00+00:00,456,CORN,549.75,-450000000.0,notional_at_entry,short,-699029.0,short,621891831.13,0
2023-07-13 00:00:00+00:00,457,CORN,593.5,-450000000.0,notional_at_entry,short,-699029.0,short,591309312.38,0
2023-07-14 00:00:00+00:00,458,CORN,599.75,-450000000.0,notional_at_entry,short,-699029.0,short,586940381.13,0
2023-07-17 00:00:00+00:00,459,CORN,499.25,-450000000.0,notional_at_entry,short,-699029.0,short,657192795.63,0
2023-07-18 00:00:00+00:00,460,CORN,528.75,-450000000.0,notional_at_entry,short,-699029.0,short,636571440.13,0
2023-07-19 00:00:00+00:00,461,CORN,545.5,-450000000.0,notional_at_entry,short,-699029.0,short,624862704.38,0
2023-07-20 00:00:00+00:00,462,CORN,537.25,-450000000.0,notional_at_entry,short,-699029.0,short,630629693.63,0
2023-07-21 00:00:00+00:00,463,CORN,527.0,-450000000.0,notional_at_entry,short,-699029.0,short,637794740.88,0
2023-07-24 00:00:00+00:00,464,CORN,560.5,-450000000.0,notional_at_entry,short,-699029.0,short,614377269.38,0
2023-07-25 00:00:00+00:00,465,CORN,557.5,-450000000.0,notional_at_entry,short,-699029.0,short,616474356.38,0
2023-07-26 00:00:00+00:00,466,CORN,540.25,-450000000.0,notional_at_entry,short,-699029.0,short,628532606.63,0
2023-07-27 00:00:00+00:00,467,CORN,533.25,-450000000.0,notional_at_entry,short,-699029.0,short,633425809.63,0
2023-07-28 00:00:00+00:00,468,CORN,521.0,-450000000.0,notional_at_entry,short,-699029.0,short,641988914.88,0
2023-07-31 00:00:00+00:00,469,CORN,504.0,-450000000.0,notional_at_entry,short,-699029.0,short,653872407.88,0
2023-08-01 00:00:00+00:00,470,CORN,497.0,-450000000.0,notional_at_entry,short,-699029.0,short,658765610.88,0
2023-08-02 00:00:00+00:00,471,CORN,488.25,-450000000.0,notional_at_entry,short,-699029.0,short,664882114.63,0
2023-08-03 00:00:00+00:00,472,CORN,480.75,-450000000.0,notional_at_entry,short,-699029.0,short,670124832.13,0
2023-08-04 00:00:00+00:00,473,CORN,484.25,-450000000.0,notional_at_entry,short,-699029.0,short,667678230.63,0
2023-08-07 00:00:00+00:00,474,CORN,482.25,-450000000.0,notional_at_entry,short,-699029.0,short,669076288.63,0
2023-08-08 00:00:00+00:00,475,CORN,485.75,-450000000.0,notional_at_entry,short,-699029.0,short,666629687.13,0
2023-08-09 00:00:00+00:00,476,CORN,481.0,-450000000.0,notional_at_entry,short,-699029.0,short,669950074.88,0
2023-08-10 00:00:00+00:00,477,CORN,483.25,-450000000.0,notional_at_entry,short,-699029.0,short,668377259.63,0
2023-08-11 00:00:00+00:00,478,CORN,474.5,-450000000.0,notional_at_entry,short,-699029.0,short,674493763.38,0
2023-08-14 00:00:00+00:00,479,CORN,475.75,-450000000.0,notional_at_entry,short,-699029.0,short,673619977.13,0
2023-08-15 00:00:00+00:00,480,CORN,464.0,-450000000.0,notional_at_entry,short,-699029.0,short,681833567.88,0
2023-08-16 00:00:00+00:00,481,CORN,469.5,-450000000.0,notional_at_entry,short,-699029.0,short,677988908.38,0
2023-08-17 00:00:00+00:00,482,CORN,473.0,-450000000.0,notional_at_entry,short,-699029.0,short,675542306.88,0
2023-08-18 00:00:00+00:00,483,CORN,479.5,-450000000.0,notional_at_entry,short,-699029.0,short,670998618.38,0
2023-08-21 00:00:00+00:00,484,CORN,469.25,-450000000.0,notional_at_entry,short,-699029.0,short,678163665.63,0
2023-08-22 00:00:00+00:00,485,CORN,466.5,-450000000.0,notional_at_entry,short,-699029.0,short,680085995.38,0
2023-08-23 00:00:00+00:00,486,CORN,476.25,-450000000.0,notional_at_entry,short,-699029.0,short,673270462.63,0
2023-08-24 00:00:00+00:00,487,CORN,472.25,-450000000.0,notional_at_entry,short,-699029.0,short,676066578.63,0
2023-08-25 00:00:00+00:00,488,CORN,470.75,-450000000.0,notional_at_entry,short,-699029.0,short,677115122.13,0
2023-08-28 00:00:00+00:00,489,CORN,478.5,-450000000.0,notional_at_entry,short,-699029.0,short,671697647.38,0
2023-08-29 00:00:00+00:00,490,CORN,469.5,-450000000.0,notional_at_entry,short,-699029.0,short,677988908.38,0
2023-08-30 00:00:00+00:00,491,CORN,461.75,-450000000.0,notional_at_entry,short,-699029.0,short,683406383.13,0
2023-08-31 00:00:00+00:00,492,CORN,461.0,-450000000.0,notional_at_entry,short,-699029.0,short,683930654.88,0
2023-09-01 00:00:00+00:00,493,CORN,464.75,-450000000.0,notional_at_entry,short,-699029.0,short,681309296.13,0
2023-09-05 00:00:00+00:00,494,CORN,471.0,-450000000.0,notional_at_entry,short,-699029.0,short,676940364.88,0
2023-09-06 00:00:00+00:00,495,CORN,471.5,300000000.0,notional_at_entry,long,636267.0,long,676590850.38,1
2023-09-07 00:00:00+00:00,496,CORN,470.75,300000000.0,notional_at_entry,long,636267.0,long,676113650.13,0
2023-09-08 00:00:00+00:00,497,CORN,468.5,-300000000.0,notional_at_entry,short,-640341.0,short,674682049.38,1
2023-09-11 00:00:00+00:00,498,CORN,471.25,-300000000.0,notional_at_entry,short,-640341.0,short,672921111.63,0
2023-09-12 00:00:00+00:00,499,CORN,463.25,-300000000.0,notional_at_entry,short,-640341.0,short,678043839.63,0
2023-09-13 00:00:00+00:00,500,CORN,464.0,-300000000.0,notional_at_entry,short,-640341.0,short,677563583.88,0
2023-09-14 00:00:00+00:00,501,CORN,462.5,-300000000.0,notional_at_entry,short,-640341.0,short,678524095.38,0
2023-09-15 00:00:00+00:00,502,CORN,476.25,-300000000.0,notional_at_entry,short,-640341.0,short,669719406.63,0
2023-09-18 00:00:00+00:00,503,CORN,471.5,-300000000.0,notional_at_entry,short,-640341.0,short,672761026.38,0
2023-09-19 00:00:00+00:00,504,CORN,476.25,-300000000.0,notional_at_entry,short,-640341.0,short,669719406.63,0
2023-09-20 00:00:00+00:00,505,CORN,482.25,-300000000.0,notional_at_entry,short,-640341.0,short,665877360.63,0
2023-09-21 00:00:00+00:00,506,CORN,475.25,-300000000.0,notional_at_entry,short,-640341.0,short,670359747.63,0
2023-09-22 00:00:00+00:00,507,CORN,477.25,-300000000.0,notional_at_entry,short,-640341.0,short,669079065.63,0
2023-09-25 00:00:00+00:00,508,CORN,481.25,-300000000.0,notional_at_entry,short,-640341.0,short,666517701.63,0
2023-09-26 00:00:00+00:00,509,CORN,479.75,-300000000.0,notional_at_entry,short,-640341.0,short,667478213.13,0
2023-09-27 00:00:00+00:00,510,CORN,483.25,-300000000.0,notional_at_entry,short,-640341.0,short,665237019.63,0
2023-09-28 00:00:00+00:00,511,CORN,488.5,-300000000.0,notional_at_entry,short,-640341.0,short,661875229.38,0
2023-09-29 00:00:00+00:00,512,CORN,476.75,-300000000.0,notional_at_entry,short,-640341.0,short,669399236.13,0
2023-10-02 00:00:00+00:00,513,CORN,488.75,-300000000.0,notional_at_entry,short,-640341.0,short,661715144.13,0
2023-10-03 00:00:00+00:00,514,CORN,487.5,-300000000.0,notional_at_entry,short,-640341.0,short,662515570.38,0
2023-10-04 00:00:00+00:00,515,CORN,486.0,-300000000.0,notional_at_entry,short,-640341.0,short,663476081.88,0
2023-10-05 00:00:00+00:00,516,CORN,497.5,-300000000.0,notional_at_entry,short,-640341.0,short,656112160.38,0
2023-10-06 00:00:00+00:00,517,CORN,492.0,-300000000.0,notional_at_entry,short,-640341.0,short,659634035.88,0
2023-10-09 00:00:00+00:00,518,CORN,488.25,300000000.0,notional_at_entry,long,614439.0,long,662035314.63,1
2023-10-10 00:00:00+00:00,519,CORN,485.5,300000000.0,notional_at_entry,long,614439.0,long,660345607.38,0
2023-10-11 00:00:00+00:00,520,CORN,488.0,300000000.0,notional_at_entry,long,614439.0,long,661881704.88,0
2023-10-12 00:00:00+00:00,521,CORN,496.0,300000000.0,notional_at_entry,long,614439.0,long,666797216.88,0
2023-10-13 00:00:00+00:00,522,CORN,493.25,300000000.0,notional_at_entry,long,614439.0,long,665107509.63,0
2023-10-16 00:00:00+00:00,523,CORN,490.0,300000000.0,notional_at_entry,long,614439.0,long,663110582.88,0
2023-10-17 00:00:00+00:00,524,CORN,489.0,300000000.0,notional_at_entry,long,614439.0,long,662496143.88,0
2023-10-18 00:00:00+00:00,525,CORN,492.0,300000000.0,notional_at_entry,long,614439.0,long,664339460.88,0
2023-10-19 00:00:00+00:00,526,CORN,505.0,300000000.0,notional_at_entry,long,614439.0,long,672327167.88,0
2023-10-20 00:00:00+00:00,527,CORN,495.5,300000000.0,notional_at_entry,long,614439.0,long,666489997.38,0
2023-10-23 00:00:00+00:00,528,CORN,490.25,300000000.0,notional_at_entry,long,614439.0,long,663264192.63,0
2023-10-24 00:00:00+00:00,529,CORN,484.0,300000000.0,notional_at_entry,long,614439.0,long,659423948.88,0
2023-10-25 00:00:00+00:00,530,CORN,480.0,300000000.0,notional_at_entry,long,614439.0,long,656966192.88,0
2023-10-26 00:00:00+00:00,531,CORN,479.25,300000000.0,notional_at_entry,long,614439.0,long,656505363.63,0
2023-10-27 00:00:00+00:00,532,CORN,480.75,300000000.0,notional_at_entry,long,614439.0,long,657427022.13,0
2023-10-30 00:00:00+00:00,533,CORN,478.25,300000000.0,notional_at_entry,long,614439.0,long,655890924.63,0
2023-10-31 00:00:00+00:00,534,CORN,478.75,300000000.0,notional_at_entry,long,614439.0,long,656198144.13,0
2023-11-01 00:00:00+00:00,535,CORN,475.0,300000000.0,notional_at_entry,long,614439.0,long,653893997.88,0
2023-11-02 00:00:00+00:00,536,CORN,470.0,300000000.0,notional_at_entry,long,614439.0,long,650821802.88,0
2023-11-03 00:00:00+00:00,537,CORN,477.25,300000000.0,notional_at_entry,long,614439.0,long,655276485.63,0
2023-11-06 00:00:00+00:00,538,CORN,477.25,300000000.0,notional_at_entry,long,614439.0,long,655276485.63,0
2023-11-07 00:00:00+00:00,539,CORN,468.5,300000000.0,notional_at_entry,long,614439.0,long,649900144.38,0
2023-11-08 00:00:00+00:00,540,CORN,476.0,300000000.0,notional_at_entry,long,614439.0,long,654508436.88,0
2023-11-09 00:00:00+00:00,541,CORN,468.0,300000000.0,notional_at_entry,long,614439.0,long,649592924.88,0
2023-11-10 00:00:00+00:00,542,CORN,464.0,300000000.0,notional_at_entry,long,614439.0,long,647135168.88,0
2023-11-13 00:00:00+00:00,543,CORN,477.25,300000000.0,notional_at_entry,long,614439.0,long,655276485.63,0
2023-11-14 00:00:00+00:00,544,CORN,478.25,300000000.0,notional_at_entry,long,614439.0,long,655890924.63,0
2023-11-15 00:00:00+00:00,545,CORN,488.5,300000000.0,notional_at_entry,long,614439.0,long,662188924.38,0
2023-11-16 00:00:00+00:00,546,CORN,493.25,300000000.0,notional_at_entry,long,614439.0,long,665107509.63,0
2023-11-17 00:00:00+00:00,547,CORN,485.25,300000000.0,notional_at_entry,long,614439.0,long,660191997.63,0
2023-11-20 00:00:00+00:00,548,CORN,487.5,300000000.0,notional_at_entry,long,614439.0,long,661574485.38,0
2023-11-21 00:00:00+00:00,549,CORN,489.0,300000000.0,notional_at_entry,long,614439.0,long,662496143.88,0
2023-11-22 00:00:00+00:00,550,CORN,487.75,300000000.0,notional_at_entry,long,614439.0,long,661728095.13,0
2023-11-24 00:00:00+00:00,551,CORN,482.5,300000000.0,notional_at_entry,long,614439.0,long,658502290.38,0
2023-11-27 00:00:00+00:00,552,CORN,475.25,300000000.0,notional_at_entry,long,614439.0,long,654047607.63,0
2023-11-28 00:00:00+00:00,553,CORN,473.5,300000000.0,notional_at_entry,long,614439.0,long,652972339.38,0
2023-11-29 00:00:00+00:00,554,CORN,475.75,300000000.0,notional_at_entry,long,614439.0,long,654354827.13,0
2023-11-30 00:00:00+00:00,555,CORN,482.75,300000000.0,notional_at_entry,long,614439.0,long,658655900.13,0
2023-12-01 00:00:00+00:00,556,CORN,464.5,-300000000.0,notional_at_entry,short,-645855.0,short,647442388.38,1
2023-12-04 00:00:00+00:00,557,CORN,460.25,-300000000.0,notional_at_entry,short,-645855.0,short,650187272.13,0
2023-12-05 00:00:00+00:00,558,CORN,468.5,-300000000.0,notional_at_entry,short,-645855.0,short,644858968.38,0
2023-12-06 00:00:00+00:00,559,CORN,464.75,-300000000.0,notional_at_entry,short,-645855.0,short,647280924.63,0
2023-12-07 00:00:00+00:00,560,CORN,468.25,-300000000.0,notional_at_entry,short,-645855.0,short,645020432.13,0
2023-12-08 00:00:00+00:00,561,CORN,465.75,-300000000.0,notional_at_entry,short,-645855.0,short,646635069.63,0
2023-12-11 00:00:00+00:00,562,CORN,460.5,-300000000.0,notional_at_entry,short,-645855.0,short,650025808.38,0
2023-12-12 00:00:00+00:00,563,CORN,462.5,-300000000.0,notional_at_entry,short,-645855.0,short,648734098.38,0
2023-12-13 00:00:00+00:00,564,CORN,456.75,-300000000.0,notional_at_entry,short,-645855.0,short,652447764.63,0
2023-12-14 00:00:00+00:00,565,CORN,456.75,-300000000.0,notional_at_entry,short,-645855.0,short,652447764.63,0
2023-12-15 00:00:00+00:00,566,CORN,483.0,-300000000.0,notional_at_entry,short,-645855.0,short,635494070.88,0
2023-12-18 00:00:00+00:00,567,CORN,477.0,-300000000.0,notional_at_entry,short,-645855.0,short,639369200.88,0
2023-12-19 00:00:00+00:00,568,CORN,472.75,-300000000.0,notional_at_entry,short,-645855.0,short,642114084.63,0
2023-12-20 00:00:00+00:00,569,CORN,469.75,-300000000.0,notional_at_entry,short,-645855.0,short,644051649.63,0
2023-12-21 00:00:00+00:00,570,CORN,472.5,-300000000.0,notional_at_entry,short,-645855.0,short,642275548.38,0
2023-12-22 00:00:00+00:00,571,CORN,473.0,-300000000.0,notional_at_entry,short,-645855.0,short,641952620.88,0
2023-12-26 00:00:00+00:00,572,CORN,480.25,-300000000.0,notional_at_entry,short,-645855.0,short,637270172.13,0
2023-12-27 00:00:00+00:00,573,CORN,476.5,-300000000.0,notional_at_entry,short,-645855.0,short,639692128.38,0
2023-12-28 00:00:00+00:00,574,CORN,474.25,-300000000.0,notional_at_entry,short,-645855.0,short,641145302.13,0
2023-12-29 00:00:00+00:00,575,CORN,471.25,-300000000.0,notional_at_entry,short,-645855.0,short,643082867.13,0
2024-01-02 00:00:00+00:00,576,CORN,463.75,-300000000.0,notional_at_entry,short,-645855.0,short,647926779.63,0
2024-01-03 00:00:00+00:00,577,CORN,465.25,-300000000.0,notional_at_entry,short,-645855.0,short,646957997.13,0
2024-01-04 00:00:00+00:00,578,CORN,466.5,-300000000.0,notional_at_entry,short,-645855.0,short,646150678.38,0
2024-01-05 00:00:00+00:00,579,CORN,460.75,-300000000.0,notional_at_entry,short,-645855.0,short,649864344.63,0
2024-01-08 00:00:00+00:00,580,CORN,455.0,-300000000.0,notional_at_entry,short,-645855.0,short,653578010.88,0
2024-01-09 00:00:00+00:00,581,CORN,459.25,-300000000.0,notional_at_entry,short,-645855.0,short,650833127.13,0
2024-01-10 00:00:00+00:00,582,CORN,459.5,-300000000.0,notional_at_entry,short,-645855.0,short,650671663.38,0
2024-01-11 00:00:00+00:00,583,CORN,457.75,-300000000.0,notional_at_entry,short,-645855.0,short,651801909.63,0
2024-01-12 00:00:00+00:00,584,CORN,447.0,-300000000.0,notional_at_entry,short,-645855.0,short,658744850.88,0
2024-01-16 00:00:00+00:00,585,CORN,443.5,-300000000.0,notional_at_entry,short,-645855.0,short,661005343.38,0
2024-01-17 00:00:00+00:00,586,CORN,442.25,-300000000.0,notional_at_entry,short,-645855.0,short,661812662.13,0
2024-01-18 00:00:00+00:00,587,CORN,444.0,-300000000.0,notional_at_entry,short,-645855.0,short,660682415.88,0
2024-01-19 00:00:00+00:00,588,CORN,445.5,-300000000.0,notional_at_entry,short,-645855.0,short,659713633.38,0
2024-01-22 00:00:00+00:00,589,CORN,445.75,-300000000.0,notional_at_entry,short,-645855.0,short,659552169.63,0
2024-01-23 00:00:00+00:00,590,CORN,446.5,-300000000.0,notional_at_entry,short,-645855.0,short,659067778.38,0
2024-01-24 00:00:00+00:00,591,CORN,452.25,300000000.0,notional_at_entry,long,663349.0,long,655354112.13,1
2024-01-25 00:00:00+00:00,592,CORN,451.75,300000000.0,notional_at_entry,long,663349.0,long,655022437.63,0
2024-01-26 00:00:00+00:00,593,CORN,446.25,300000000.0,notional_at_entry,long,663349.0,long,651374018.13,0
2024-01-29 00:00:00+00:00,594,CORN,440.25,300000000.0,notional_at_entry,long,663349.0,long,647393924.13,0
2024-01-30 00:00:00+00:00,595,CORN,447.75,300000000.0,notional_at_entry,long,663349.0,long,652369041.63,0
2024-01-31 00:00:00+00:00,596,CORN,448.25,300000000.0,notional_at_entry,long,663349.0,long,652700716.13,0
2024-02-01 00:00:00+00:00,597,CORN,447.25,300000000.0,notional_at_entry,long,663349.0,long,652037367.13,0
2024-02-02 00:00:00+00:00,598,CORN,442.75,300000000.0,notional_at_entry,long,663349.0,long,649052296.63,0
2024-02-05 00:00:00+00:00,599,CORN,442.75,300000000.0,notional_at_entry,long,663349.0,long,649052296.63,0
2024-02-06 00:00:00+00:00,600,CORN,438.75,300000000.0,notional_at_entry,long,663349.0,long,646398900.63,0
2024-02-07 00:00:00+00:00,601,CORN,434.25,300000000.0,notional_at_entry,long,663349.0,long,643413830.13,0
2024-02-08 00:00:00+00:00,602,CORN,433.25,300000000.0,notional_at_entry,long,663349.0,long,642750481.13,0
2024-02-09 00:00:00+00:00,603,CORN,429.0,300000000.0,notional_at_entry,long,663349.0,long,639931247.88,0
2024-02-12 00:00:00+00:00,604,CORN,430.5,300000000.0,notional_at_entry,long,663349.0,long,640926271.38,0
2024-02-13 00:00:00+00:00,605,CORN,430.75,300000000.0,notional_at_entry,long,663349.0,long,641092108.63,0
2024-02-14 00:00:00+00:00,606,CORN,424.25,300000000.0,notional_at_entry,long,663349.0,long,636780340.13,0
2024-02-15 00:00:00+00:00,607,CORN,417.75,300000000.0,notional_at_entry,long,663349.0,long,632468571.63,0
2024-02-16 00:00:00+00:00,608,CORN,416.5,300000000.0,notional_at_entry,long,663349.0,long,631639385.38,0
2024-02-20 00:00:00+00:00,609,CORN,418.75,300000000.0,notional_at_entry,long,663349.0,long,633131920.63,0
2024-02-21 00:00:00+00:00,610,CORN,411.0,300000000.0,notional_at_entry,long,663349.0,long,627990965.88,0
2024-02-22 00:00:00+00:00,611,CORN,406.0,300000000.0,notional_at_entry,long,663349.0,long,624674220.88,0
2024-02-23 00:00:00+00:00,612,CORN,399.75,300000000.0,notional_at_entry,long,663349.0,long,620528289.63,0
2024-02-26 00:00:00+00:00,613,CORN,407.0,300000000.0,notional_at_entry,long,663349.0,long,625337569.88,0
2024-02-27 00:00:00+00:00,614,CORN,423.5,300000000.0,notional_at_entry,long,663349.0,long,636282828.38,0
2024-02-28 00:00:00+00:00,615,CORN,428.5,-450000000.0,notional_at_entry,short,-1050175.0,short,639599573.38,1
2024-02-29 00:00:00+00:00,616,CORN,429.5,-450000000.0,notional_at_entry,short,-1050175.0,short,638549398.38,0
2024-03-01 00:00:00+00:00,617,CORN,412.25,-450000000.0,notional_at_entry,short,-1050175.0,short,656664917.13,0
2024-03-04 00:00:00+00:00,618,CORN,417.5,-450000000.0,notional_at_entry,short,-1050175.0,short,651151498.38,0
2024-03-05 00:00:00+00:00,619,CORN,413.5,300000000.0,notional_at_entry,long,725513.0,long,655352198.38,1
2024-03-06 00:00:00+00:00,620,CORN,418.0,300000000.0,notional_at_entry,long,725513.0,long,658617006.88,0
2024-03-07 00:00:00+00:00,621,CORN,426.0,300000000.0,notional_at_entry,long,725513.0,long,664421110.88,0
2024-03-08 00:00:00+00:00,622,CORN,426.25,300000000.0,notional_at_entry,long,725513.0,long,664602489.13,0
2024-03-11 00:00:00+00:00,623,CORN,428.25,300000000.0,notional_at_entry,long,725513.0,long,666053515.13,0
2024-03-12 00:00:00+00:00,624,CORN,429.0,300000000.0,notional_at_entry,long,725513.0,long,666597649.88,0
2024-03-13 00:00:00+00:00,625,CORN,426.5,300000000.0,notional_at_entry,long,725513.0,long,664783867.38,0
2024-03-14 00:00:00+00:00,626,CORN,422.5,300000000.0,notional_at_entry,long,725513.0,long,661881815.38,0
2024-03-15 00:00:00+00:00,627,CORN,436.75,300000000.0,notional_at_entry,long,725513.0,long,672220375.63,0
2024-03-18 00:00:00+00:00,628,CORN,436.0,300000000.0,notional_at_entry,long,725513.0,long,671676240.88,0
2024-03-19 00:00:00+00:00,629,CORN,439.5,300000000.0,notional_at_entry,long,725513.0,long,674215536.38,0
2024-03-20 00:00:00+00:00,630,CORN,439.0,-300000000.0,notional_at_entry,short,-683371.0,short,673852779.88,1
2024-03-21 00:00:00+00:00,631,CORN,440.75,-300000000.0,notional_at_entry,short,-683371.0,short,672656880.63,0
2024-03-22 00:00:00+00:00,632,CORN,439.25,-300000000.0,notional_at_entry,short,-683371.0,short,673681937.13,0
2024-03-25 00:00:00+00:00,633,CORN,437.75,-300000000.0,notional_at_entry,short,-683371.0,short,674706993.63,0
2024-03-26 00:00:00+00:00,634,CORN,432.5,-300000000.0,notional_at_entry,short,-683371.0,short,678294691.38,0
2024-03-27 00:00:00+00:00,635,CORN,426.75,-300000000.0,notional_at_entry,short,-683371.0,short,682224074.63,0
2024-03-28 00:00:00+00:00,636,CORN,442.0,300000000.0,notional_at_entry,long,678733.0,long,671802666.88,1
2024-03-29 00:00:00+00:00,637,CORN,442.25,300000000.0,notional_at_entry,long,678733.0,long,671972350.13,0
2024-04-01 00:00:00+00:00,638,CORN,435.5,300000000.0,notional_at_entry,long,678733.0,long,667390902.38,0
2024-04-02 00:00:00+00:00,639,CORN,426.5,-300000000.0,notional_at_entry,short,-703399.0,short,661282305.38,1
2024-04-03 00:00:00+00:00,640,CORN,431.75,-300000000.0,notional_at_entry,short,-703399.0,short,657589460.63,0
2024-04-04 00:00:00+00:00,641,CORN,435.25,-300000000.0,notional_at_entry,short,-703399.0,short,655127564.13,0
2024-04-05 00:00:00+00:00,642,CORN,434.25,-300000000.0,notional_at_entry,short,-703399.0,short,655830963.13,0
2024-04-08 00:00:00+00:00,643,CORN,435.5,-300000000.0,notional_at_entry,short,-703399.0,short,654951714.38,0
2024-04-09 00:00:00+00:00,644,CORN,431.25,-300000000.0,notional_at_entry,short,-703399.0,short,657941160.13,0
2024-04-10 00:00:00+00:00,645,CORN,434.25,-300000000.0,notional_at_entry,short,-703399.0,short,655830963.13,0
2024-04-11 00:00:00+00:00,646,CORN,428.75,-300000000.0,notional_at_entry,short,-703399.0,short,659699657.63,0
2024-04-12 00:00:00+00:00,647,CORN,435.5,-300000000.0,notional_at_entry,short,-703399.0,short,654951714.38,0
2024-04-15 00:00:00+00:00,648,CORN,431.5,-300000000.0,notional_at_entry,short,-703399.0,short,657765310.38,0
2024-04-16 00:00:00+00:00,649,CORN,431.0,-300000000.0,notional_at_entry,short,-703399.0,short,658117009.88,0
2024-04-17 00:00:00+00:00,650,CORN,441.0,-300000000.0,notional_at_entry,short,-703399.0,short,651083019.88,0
2024-04-18 00:00:00+00:00,651,CORN,426.75,-300000000.0,notional_at_entry,short,-703399.0,short,661106455.63,0
2024-04-19 00:00:00+00:00,652,CORN,443.0,-300000000.0,notional_at_entry,short,-703399.0,short,649676221.88,0
2024-04-22 00:00:00+00:00,653,CORN,439.75,-300000000.0,notional_at_entry,short,-703399.0,short,651962268.63,0
2024-04-23 00:00:00+00:00,654,CORN,452.5,-300000000.0,notional_at_entry,short,-703399.0,short,642993931.38,0
2024-04-24 00:00:00+00:00,655,CORN,448.5,-300000000.0,notional_at_entry,short,-703399.0,short,645807527.38,0
2024-04-25 00:00:00+00:00,656,CORN,441.0,-300000000.0,notional_at_entry,short,-703399.0,short,651083019.88,0
2024-04-26 00:00:00+00:00,657,CORN,450.0,-300000000.0,notional_at_entry,short,-703399.0,short,644752428.88,0
2024-04-29 00:00:00+00:00,658,CORN,449.25,-300000000.0,notional_at_entry,short,-703399.0,short,645279978.13,0
2024-04-30 00:00:00+00:00,659,CORN,446.75,450000000.0,notional_at_entry,long,1007274.0,long,647038475.63,1
2024-05-01 00:00:00+00:00,660,CORN,450.75,450000000.0,notional_at_entry,long,1007274.0,long,651067571.63,0
2024-05-02 00:00:00+00:00,661,CORN,459.75,450000000.0,notional_at_entry,long,1007274.0,long,660133037.63,0
2024-05-03 00:00:00+00:00,662,CORN,460.25,450000000.0,notional_at_entry,long,1007274.0,long,660636674.63,0
2024-05-06 00:00:00+00:00,663,CORN,457.0,450000000.0,notional_at_entry,long,1007274.0,long,657363034.13,0
2024-05-07 00:00:00+00:00,664,CORN,453.75,450000000.0,notional_at_entry,long,1007274.0,long,654089393.63,0
2024-05-08 00:00:00+00:00,665,CORN,445.5,450000000.0,notional_at_entry,long,1007274.0,long,645779383.13,0
2024-05-09 00:00:00+00:00,666,CORN,442.75,450000000.0,notional_at_entry,long,1007274.0,long,643009379.63,0
2024-05-10 00:00:00+00:00,667,CORN,455.75,450000000.0,notional_at_entry,long,1007274.0,long,656103941.63,0
2024-05-13 00:00:00+00:00,668,CORN,458.5,450000000.0,notional_at_entry,long,1007274.0,long,658873945.13,0
2024-05-14 00:00:00+00:00,669,CORN,453.75,450000000.0,notional_at_entry,long,1007274.0,long,654089393.63,0
2024-05-15 00:00:00+00:00,670,CORN,462.5,450000000.0,notional_at_entry,long,1007274.0,long,662903041.13,0
2024-05-16 00:00:00+00:00,671,CORN,457.0,450000000.0,notional_at_entry,long,1007274.0,long,657363034.13,0
2024-05-17 00:00:00+00:00,672,CORN,452.5,450000000.0,notional_at_entry,long,1007274.0,long,652830301.13,0
2024-05-20 00:00:00+00:00,673,CORN,460.5,450000000.0,notional_at_entry,long,1007274.0,long,660888493.13,0
2024-05-21 00:00:00+00:00,674,CORN,458.0,450000000.0,notional_at_entry,long,1007274.0,long,658370308.13,0
2024-05-22 00:00:00+00:00,675,CORN,461.25,-300000000.0,notional_at_entry,short,-650406.0,short,661643948.63,1
2024-05-23 00:00:00+00:00,676,CORN,464.0,-300000000.0,notional_at_entry,short,-650406.0,short,659855332.13,0
2024-05-24 00:00:00+00:00,677,CORN,464.75,-300000000.0,notional_at_entry,short,-650406.0,short,659367527.63,0
2024-05-28 00:00:00+00:00,678,CORN,462.5,-300000000.0,notional_at_entry,short,-650406.0,short,660830941.13,0
2024-05-29 00:00:00+00:00,679,CORN,455.25,-300000000.0,notional_at_entry,short,-650406.0,short,665546384.63,0
2024-05-30 00:00:00+00:00,680,CORN,448.75,-300000000.0,notional_at_entry,short,-650406.0,short,669774023.63,0
2024-05-31 00:00:00+00:00,681,CORN,446.25,-300000000.0,notional_at_entry,short,-650406.0,short,671400038.63,0
2024-06-03 00:00:00+00:00,682,CORN,443.5,-300000000.0,notional_at_entry,short,-650406.0,short,673188655.13,0
2024-06-04 00:00:00+00:00,683,CORN,442.5,-300000000.0,notional_at_entry,short,-650406.0,short,673839061.13,0
2024-06-05 00:00:00+00:00,684,CORN,439.25,-300000000.0,notional_at_entry,short,-650406.0,short,675952880.63,0
2024-06-06 00:00:00+00:00,685,CORN,452.0,-300000000.0,notional_at_entry,short,-650406.0,short,667660204.13,0
2024-06-07 00:00:00+00:00,686,CORN,448.75,-300000000.0,notional_at_entry,short,-650406.0,short,669774023.63,0
2024-06-10 00:00:00+00:00,687,CORN,451.75,-300000000.0,notional_at_entry,short,-650406.0,short,667822805.63,0
2024-06-11 00:00:00+00:00,688,CORN,449.5,-300000000.0,notional_at_entry,short,-650406.0,short,669286219.13,0
2024-06-12 00:00:00+00:00,689,CORN,454.25,-300000000.0,notional_at_entry,short,-650406.0,short,666196790.63,0
2024-06-13 00:00:00+00:00,690,CORN,458.5,-300000000.0,notional_at_entry,short,-650406.0,short,663432565.13,0
2024-06-14 00:00:00+00:00,691,CORN,450.0,-300000000.0,notional_at_entry,short,-650406.0,short,668961016.13,0
2024-06-17 00:00:00+00:00,692,CORN,450.0,-300000000.0,notional_at_entry,short,-650406.0,short,668961016.13,0
2024-06-18 00:00:00+00:00,693,CORN,455.75,-300000000.0,notional_at_entry,short,-650406.0,short,665221181.63,0
2024-06-20 00:00:00+00:00,694,CORN,444.75,-300000000.0,notional_at_entry,short,-650406.0,short,672375647.63,0
2024-06-21 00:00:00+00:00,695,CORN,440.5,-300000000.0,notional_at_entry,short,-650406.0,short,675139873.13,0
2024-06-24 00:00:00+00:00,696,CORN,439.5,-300000000.0,notional_at_entry,short,-650406.0,short,675790279.13,0
2024-06-25 00:00:00+00:00,697,CORN,431.75,-300000000.0,notional_at_entry,short,-650406.0,short,680830925.63,0
2024-06-26 00:00:00+00:00,698,CORN,425.5,-300000000.0,notional_at_entry,short,-650406.0,short,684895963.13,0
2024-06-27 00:00:00+00:00,699,CORN,422.5,-300000000.0,notional_at_entry,short,-650406.0,short,686847181.13,0
2024-06-28 00:00:00+00:00,700,CORN,407.5,-300000000.0,notional_at_entry,short,-650406.0,short,696603271.13,0
2024-07-01 00:00:00+00:00,701,CORN,407.0,-300000000.0,notional_at_entry,short,-650406.0,short,696928474.13,0
2024-07-02 00:00:00+00:00,702,CORN,408.0,450000000.0,notional_at_entry,long,1102941.0,long,696278068.13,1
2024-07-03 00:00:00+00:00,703,CORN,405.5,450000000.0,notional_at_entry,long,1102941.0,long,693520715.63,0
2024-07-05 00:00:00+00:00,704,CORN,410.5,450000000.0,notional_at_entry,long,1102941.0,long,699035420.63,0
2024-07-08 00:00:00+00:00,705,CORN,393.25,450000000.0,notional_at_entry,long,1102941.0,long,680009688.38,0
2024-07-09 00:00:00+00:00,706,CORN,394.0,450000000.0,notional_at_entry,long,1102941.0,long,680836894.13,0
2024-07-10 00:00:00+00:00,707,CORN,395.75,450000000.0,notional_at_entry,long,1102941.0,long,682767040.88,0
2024-07-11 00:00:00+00:00,708,CORN,400.25,450000000.0,notional_at_entry,long,1102941.0,long,687730275.38,0
2024-07-12 00:00:00+00:00,709,CORN,402.0,450000000.0,notional_at_entry,long,1102941.0,long,689660422.13,0
2024-07-15 00:00:00+00:00,710,CORN,404.25,450000000.0,notional_at_entry,long,1102941.0,long,692142039.38,0
2024-07-16 00:00:00+00:00,711,CORN,408.75,450000000.0,notional_at_entry,long,1102941.0,long,697105273.88,0
2024-07-17 00:00:00+00:00,712,CORN,411.75,450000000.0,notional_at_entry,long,1102941.0,long,700414096.88,0
2024-07-18 00:00:00+00:00,713,CORN,405.0,450000000.0,notional_at_entry,long,1102941.0,long,692969245.13,0
2024-07-19 00:00:00+00:00,714,CORN,404.75,-300000000.0,notional_at_entry,short,-741198.0,short,692693509.88,1
2024-07-22 00:00:00+00:00,715,CORN,415.0,-300000000.0,notional_at_entry,short,-741198.0,short,685096230.38,0
2024-07-23 00:00:00+00:00,716,CORN,417.25,-300000000.0,notional_at_entry,short,-741198.0,short,683428534.88,0
2024-07-24 00:00:00+00:00,717,CORN,418.0,-300000000.0,notional_at_entry,short,-741198.0,short,682872636.38,0
2024-07-25 00:00:00+00:00,718,CORN,420.75,-300000000.0,notional_at_entry,short,-741198.0,short,680834341.88,0
2024-07-26 00:00:00+00:00,719,CORN,410.0,-300000000.0,notional_at_entry,short,-741198.0,short,688802220.38,0
2024-07-29 00:00:00+00:00,720,CORN,412.25,-300000000.0,notional_at_entry,short,-741198.0,short,687134524.88,0
2024-07-30 00:00:00+00:00,721,CORN,405.0,-300000000.0,notional_at_entry,short,-741198.0,short,692508210.38,0
2024-07-31 00:00:00+00:00,722,CORN,399.75,-300000000.0,notional_at_entry,short,-741198.0,short,696399499.88,0
2024-08-01 00:00:00+00:00,723,CORN,398.5,-300000000.0,notional_at_entry,short,-741198.0,short,697325997.38,0
2024-08-02 00:00:00+00:00,724,CORN,403.25,-300000000.0,notional_at_entry,short,-741198.0,short,693805306.88,0
2024-08-05 00:00:00+00:00,725,CORN,407.0,-300000000.0,notional_at_entry,short,-741198.0,short,691025814.38,0
2024-08-06 00:00:00+00:00,726,CORN,405.25,-300000000.0,notional_at_entry,short,-741198.0,short,692322910.88,0
2024-08-07 00:00:00+00:00,727,CORN,400.75,-300000000.0,notional_at_entry,short,-741198.0,short,695658301.88,0
2024-08-08 00:00:00+00:00,728,CORN,397.0,-300000000.0,notional_at_entry,short,-741198.0,short,698437794.38,0
2024-08-09 00:00:00+00:00,729,CORN,395.0,300000000.0,notional_at_entry,long,759493.0,long,699920190.38,1
2024-08-12 00:00:00+00:00,730,CORN,401.5,300000000.0,notional_at_entry,long,759493.0,long,704856894.88,0
2024-08-13 00:00:00+00:00,731,CORN,397.25,-300000000.0,notional_at_entry,short,-755191.0,short,701629049.63,1
2024-08-14 00:00:00+00:00,732,CORN,400.75,-300000000.0,notional_at_entry,short,-755191.0,short,698985881.13,0
2024-08-15 00:00:00+00:00,733,CORN,397.0,-300000000.0,notional_at_entry,short,-755191.0,short,701817847.38,0
2024-08-16 00:00:00+00:00,734,CORN,392.5,-300000000.0,notional_at_entry,short,-755191.0,short,705216206.88,0
2024-08-19 00:00:00+00:00,735,CORN,400.25,-300000000.0,notional_at_entry,short,-755191.0,short,699363476.63,0
2024-08-20 00:00:00+00:00,736,CORN,398.0,-300000000.0,notional_at_entry,short,-755191.0,short,701062656.38,0
2024-08-21 00:00:00+00:00,737,CORN,398.25,-300000000.0,notional_at_entry,short,-755191.0,short,700873858.63,0
2024-08-22 00:00:00+00:00,738,CORN,393.5,-300000000.0,notional_at_entry,short,-755191.0,short,704461015.88,0
2024-08-23 00:00:00+00:00,739,CORN,391.0,300000000.0,notional_at_entry,long,767263.0,long,706348993.38,1
2024-08-26 00:00:00+00:00,740,CORN,386.5,300000000.0,notional_at_entry,long,767263.0,long,702896309.88,0
2024-08-27 00:00:00+00:00,741,CORN,392.75,300000000.0,notional_at_entry,long,767263.0,long,707691703.63,0
2024-08-28 00:00:00+00:00,742,CORN,390.75,300000000.0,notional_at_entry,long,767263.0,long,706157177.63,0
2024-08-29 00:00:00+00:00,743,CORN,396.0,300000000.0,notional_at_entry,long,767263.0,long,710185308.38,0
2024-08-30 00:00:00+00:00,744,CORN,401.0,300000000.0,notional_at_entry,long,767263.0,long,714021623.38,0
2024-09-03 00:00:00+00:00,745,CORN,409.25,-300000000.0,notional_at_entry,short,-733048.0,short,720351543.13,1
2024-09-04 00:00:00+00:00,746,CORN,412.75,-300000000.0,notional_at_entry,short,-733048.0,short,717785875.13,0
2024-09-05 00:00:00+00:00,747,CORN,410.75,-300000000.0,notional_at_entry,short,-733048.0,short,719251971.13,0
2024-09-06 00:00:00+00:00,748,CORN,406.25,-300000000.0,notional_at_entry,short,-733048.0,short,722550687.13,0
2024-09-09 00:00:00+00:00,749,CORN,384.25,-300000000.0,notional_at_entry,short,-733048.0,short,738677743.13,0
2024-09-10 00:00:00+00:00,750,CORN,379.5,-300000000.0,notional_at_entry,short,-733048.0,short,742159721.13,0
2024-09-11 00:00:00+00:00,751,CORN,380.5,300000000.0,notional_at_entry,long,788436.0,long,741426673.13,1
2024-09-12 00:00:00+00:00,752,CORN,386.25,300000000.0,notional_at_entry,long,788436.0,long,745960180.13,0
2024-09-13 00:00:00+00:00,753,CORN,390.75,300000000.0,notional_at_entry,long,788436.0,long,749508142.13,0
2024-09-16 00:00:00+00:00,754,CORN,410.75,300000000.0,notional_at_entry,long,788436.0,long,765276862.13,0
2024-09-17 00:00:00+00:00,755,CORN,412.5,300000000.0,notional_at_entry,long,788436.0,long,766656625.13,0
2024-09-18 00:00:00+00:00,756,CORN,412.75,300000000.0,notional_at_entry,long,788436.0,long,766853734.13,0
2024-09-19 00:00:00+00:00,757,CORN,405.75,300000000.0,notional_at_entry,long,788436.0,long,761334682.13,0
2024-09-20 00:00:00+00:00,758,CORN,401.75,300000000.0,notional_at_entry,long,788436.0,long,758180938.13,0
2024-09-23 00:00:00+00:00,759,CORN,413.5,300000000.0,notional_at_entry,long,788436.0,long,767445061.13,0
2024-09-24 00:00:00+00:00,760,CORN,411.75,300000000.0,notional_at_entry,long,788436.0,long,766065298.13,0
2024-09-25 00:00:00+00:00,761,CORN,415.25,300000000.0,notional_at_entry,long,788436.0,long,768824824.13,0
2024-09-26 00:00:00+00:00,762,CORN,413.25,300000000.0,notional_at_entry,long,788436.0,long,767247952.13,0
2024-09-27 00:00:00+00:00,763,CORN,418.0,300000000.0,notional_at_entry,long,788436.0,long,770993023.13,0
2024-09-30 00:00:00+00:00,764,CORN,424.75,300000000.0,notional_at_entry,long,788436.0,long,776314966.13,0
2024-10-01 00:00:00+00:00,765,CORN,429.0,300000000.0,notional_at_entry,long,788436.0,long,779665819.13,0
2024-10-02 00:00:00+00:00,766,CORN,432.5,300000000.0,notional_at_entry,long,788436.0,long,782425345.13,0
2024-10-03 00:00:00+00:00,767,CORN,428.25,300000000.0,notional_at_entry,long,788436.0,long,779074492.13,0
2024-10-04 00:00:00+00:00,768,CORN,424.75,300000000.0,notional_at_entry,long,788436.0,long,776314966.13,0
2024-10-07 00:00:00+00:00,769,CORN,426.0,300000000.0,notional_at_entry,long,788436.0,long,777300511.13,0
2024-10-08 00:00:00+00:00,770,CORN,420.75,300000000.0,notional_at_entry,long,788436.0,long,773161222.13,0
2024-10-09 00:00:00+00:00,771,CORN,421.0,-300000000.0,notional_at_entry,short,-712589.0,short,773358331.13,1
2024-10-10 00:00:00+00:00,772,CORN,418.5,-300000000.0,notional_at_entry,short,-712589.0,short,775139803.63,0
2024-10-11 00:00:00+00:00,773,CORN,415.75,-300000000.0,notional_at_entry,short,-712589.0,short,777099423.38,0
2024-10-14 00:00:00+00:00,774,CORN,408.25,-300000000.0,notional_at_entry,short,-712589.0,short,782443840.88,0
2024-10-15 00:00:00+00:00,775,CORN,401.25,-300000000.0,notional_at_entry,short,-712589.0,short,787431963.88,0
2024-10-16 00:00:00+00:00,776,CORN,404.75,-300000000.0,notional_at_entry,short,-712589.0,short,784937902.38,0
2024-10-17 00:00:00+00:00,777,CORN,406.75,300000000.0,notional_at_entry,long,737553.0,long,783512724.38,1
2024-10-18 00:00:00+00:00,778,CORN,404.75,300000000.0,notional_at_entry,long,737553.0,long,782037618.38,0
2024-10-21 00:00:00+00:00,779,CORN,409.5,300000000.0,notional_at_entry,long,737553.0,long,785540995.13,0
2024-10-22 00:00:00+00:00,780,CORN,416.5,300000000.0,notional_at_entry,long,737553.0,long,790703866.13,0
2024-10-23 00:00:00+00:00,781,CORN,419.0,300000000.0,notional_at_entry,long,737553.0,long,792547748.63,0
2024-10-24 00:00:00+00:00,782,CORN,421.5,300000000.0,notional_at_entry,long,737553.0,long,794391631.13,0
2024-10-25 00:00:00+00:00,783,CORN,415.25,300000000.0,notional_at_entry,long,737553.0,long,789781924.88,0
2024-10-28 00:00:00+00:00,784,CORN,410.75,300000000.0,notional_at_entry,long,737553.0,long,786462936.38,0
2024-10-29 00:00:00+00:00,785,CORN,413.75,300000000.0,notional_at_entry,long,737553.0,long,788675595.38,0
2024-10-30 00:00:00+00:00,786,CORN,411.5,300000000.0,notional_at_entry,long,737553.0,long,787016101.13,0
2024-10-31 00:00:00+00:00,787,CORN,410.75,300000000.0,notional_at_entry,long,737553.0,long,786462936.38,0
2024-11-01 00:00:00+00:00,788,CORN,414.5,300000000.0,notional_at_entry,long,737553.0,long,789228760.13,0
2024-11-04 00:00:00+00:00,789,CORN,416.5,300000000.0,notional_at_entry,long,737553.0,long,790703866.13,0
2024-11-05 00:00:00+00:00,790,CORN,418.5,300000000.0,notional_at_entry,long,737553.0,long,792178972.13,0
2024-11-06 00:00:00+00:00,791,CORN,426.25,300000000.0,notional_at_entry,long,737553.0,long,797895007.88,0
2024-11-07 00:00:00+00:00,792,CORN,427.5,300000000.0,notional_at_entry,long,737553.0,long,798816949.13,0
2024-11-08 00:00:00+00:00,793,CORN,431.0,300000000.0,notional_at_entry,long,737553.0,long,801398384.63,0
2024-11-11 00:00:00+00:00,794,CORN,430.0,300000000.0,notional_at_entry,long,737553.0,long,800660831.63,0
2024-11-12 00:00:00+00:00,795,CORN,428.5,300000000.0,notional_at_entry,long,737553.0,long,799554502.13,0
2024-11-13 00:00:00+00:00,796,CORN,426.5,300000000.0,notional_at_entry,long,737553.0,long,798079396.13,0
2024-11-14 00:00:00+00:00,797,CORN,419.0,300000000.0,notional_at_entry,long,737553.0,long,792547748.63,0
2024-11-15 00:00:00+00:00,798,CORN,424.0,300000000.0,notional_at_entry,long,737553.0,long,796235513.63,0
2024-11-18 00:00:00+00:00,799,CORN,439.75,300000000.0,notional_at_entry,long,737553.0,long,807851973.38,0
2024-11-19 00:00:00+00:00,800,CORN,437.75,300000000.0,notional_at_entry,long,737553.0,long,806376867.38,0
2024-11-20 00:00:00+00:00,801,CORN,440.0,-300000000.0,notional_at_entry,short,-681818.0,short,808036361.63,1
2024-11-21 00:00:00+00:00,802,CORN,436.25,-300000000.0,notional_at_entry,short,-681818.0,short,810593179.13,0
2024-11-22 00:00:00+00:00,803,CORN,435.25,-300000000.0,notional_at_entry,short,-681818.0,short,811274997.13,0
2024-11-25 00:00:00+00:00,804,CORN,433.0,-300000000.0,notional_at_entry,short,-681818.0,short,812809087.63,0
2024-11-26 00:00:00+00:00,805,CORN,428.0,-300000000.0,notional_at_entry,short,-681818.0,short,816218177.63,0
2024-11-27 00:00:00+00:00,806,CORN,428.0,-300000000.0,notional_at_entry,short,-681818.0,short,816218177.63,0
2024-11-29 00:00:00+00:00,807,CORN,433.0,-300000000.0,notional_at_entry,short,-681818.0,short,812809087.63,0
2024-12-02 00:00:00+00:00,808,CORN,432.5,-300000000.0,notional_at_entry,short,-681818.0,short,813149996.63,0
2024-12-03 00:00:00+00:00,809,CORN,432.25,-300000000.0,notional_at_entry,short,-681818.0,short,813320451.13,0
2024-12-04 00:00:00+00:00,810,CORN,430.0,-300000000.0,notional_at_entry,short,-681818.0,short,814854541.63,0
2024-12-05 00:00:00+00:00,811,CORN,435.0,-300000000.0,notional_at_entry,short,-681818.0,short,811445451.63,0
2024-12-06 00:00:00+00:00,812,CORN,440.0,-300000000.0,notional_at_entry,short,-681818.0,short,808036361.63,0
2024-12-09 00:00:00+00:00,813,CORN,441.75,-300000000.0,notional_at_entry,short,-681818.0,short,806843180.13,0
2024-12-10 00:00:00+00:00,814,CORN,449.0,300000000.0,notional_at_entry,long,668151.0,long,801899999.63,1
2024-12-11 00:00:00+00:00,815,CORN,448.25,300000000.0,notional_at_entry,long,668151.0,long,801398886.38,0
2024-12-12 00:00:00+00:00,816,CORN,431.75,300000000.0,notional_at_entry,long,668151.0,long,790374394.88,0
2024-12-13 00:00:00+00:00,817,CORN,430.0,300000000.0,notional_at_entry,long,668151.0,long,789205130.63,0
2024-12-16 00:00:00+00:00,818,CORN,445.0,300000000.0,notional_at_entry,long,668151.0,long,799227395.63,0
2024-12-17 00:00:00+00:00,819,CORN,443.5,300000000.0,notional_at_entry,long,668151.0,long,798225169.13,0
2024-12-18 00:00:00+00:00,820,CORN,437.25,300000000.0,notional_at_entry,long,668151.0,long,794049225.38,0
2024-12-19 00:00:00+00:00,821,CORN,440.75,300000000.0,notional_at_entry,long,668151.0,long,796387753.88,0
2024-12-20 00:00:00+00:00,822,CORN,446.25,300000000.0,notional_at_entry,long,668151.0,long,800062584.38,0
2024-12-23 00:00:00+00:00,823,CORN,447.75,300000000.0,notional_at_entry,long,668151.0,long,801064810.88,0
2024-12-24 00:00:00+00:00,824,CORN,448.5,300000000.0,notional_at_entry,long,668151.0,long,801565924.13,0
2024-12-25 00:00:00+00:00,825,CORN,448.5,300000000.0,notional_at_entry,long,668151.0,long,801565924.13,0
2024-12-26 00:00:00+00:00,826,CORN,453.75,300000000.0,notional_at_entry,long,668151.0,long,805073716.88,0
2024-12-27 00:00:00+00:00,827,CORN,454.0,300000000.0,notional_at_entry,long,668151.0,long,805240754.63,0
2024-12-30 00:00:00+00:00,828,CORN,452.25,300000000.0,notional_at_entry,long,668151.0,long,804071490.38,0
2024-12-31 00:00:00+00:00,829,CORN,458.5,300000000.0,notional_at_entry,long,668151.0,long,808247434.13,0
2025-01-01 00:00:00+00:00,830,CORN,458.75,300000000.0,notional_at_entry,long,668151.0,long,808414471.88,0
2025-01-02 00:00:00+00:00,831,CORN,459.5,-450000000.0,notional_at_entry,short,-979325.0,short,808915585.13,1
2025-01-03 00:00:00+00:00,832,CORN,450.75,-450000000.0,notional_at_entry,short,-979325.0,short,817484678.88,0
2025-01-06 00:00:00+00:00,833,CORN,457.75,-450000000.0,notional_at_entry,short,-979325.0,short,810629403.88,0
2025-01-07 00:00:00+00:00,834,CORN,458.0,-450000000.0,notional_at_entry,short,-979325.0,short,810384572.63,0
2025-01-08 00:00:00+00:00,835,CORN,454.0,-450000000.0,notional_at_entry,short,-979325.0,short,814301872.63,0
2025-01-09 00:00:00+00:00,836,CORN,456.0,450000000.0,notional_at_entry,long,986842.0,long,812343222.63,1
2025-01-10 00:00:00+00:00,837,CORN,470.5,450000000.0,notional_at_entry,long,986842.0,long,826652431.63,0
2025-01-13 00:00:00+00:00,838,CORN,476.5,-450000000.0,notional_at_entry,short,-944386.0,short,832573483.63,1
2025-01-14 00:00:00+00:00,839,CORN,474.5,-450000000.0,notional_at_entry,short,-944386.0,short,834462255.63,0
2025-01-15 00:00:00+00:00,840,CORN,478.75,-450000000.0,notional_at_entry,short,-944386.0,short,830448615.13,0
2025-01-16 00:00:00+00:00,841,CORN,474.5,-450000000.0,notional_at_entry,short,-944386.0,short,834462255.63,0
2025-01-17 00:00:00+00:00,842,CORN,484.25,-450000000.0,notional_at_entry,short,-944386.0,short,825254492.13,0
2025-01-21 00:00:00+00:00,843,CORN,490.0,300000000.0,notional_at_entry,long,612244.0,long,819824272.63,1
2025-01-22 00:00:00+00:00,844,CORN,484.25,300000000.0,notional_at_entry,long,612244.0,long,816303869.63,0
2025-01-23 00:00:00+00:00,845,CORN,489.75,300000000.0,notional_at_entry,long,612244.0,long,819671211.63,0
2025-01-24 00:00:00+00:00,846,CORN,486.5,300000000.0,notional_at_entry,long,612244.0,long,817681418.63,0
2025-01-27 00:00:00+00:00,847,CORN,482.0,300000000.0,notional_at_entry,long,612244.0,long,814926320.63,0
2025-01-28 00:00:00+00:00,848,CORN,485.25,300000000.0,notional_at_entry,long,612244.0,long,816916113.63,0
2025-01-29 00:00:00+00:00,849,CORN,497.0,300000000.0,notional_at_entry,long,612244.0,long,824109980.63,0
2025-01-30 00:00:00+00:00,850,CORN,490.25,300000000.0,notional_at_entry,long,612244.0,long,819977333.63,0
2025-01-31 00:00:00+00:00,851,CORN,482.0,300000000.0,notional_at_entry,long,612244.0,long,814926320.63,0
2025-02-03 00:00:00+00:00,852,CORN,488.75,300000000.0,notional_at_entry,long,612244.0,long,819058967.63,0
2025-02-04 00:00:00+00:00,853,CORN,494.5,300000000.0,notional_at_entry,long,612244.0,long,822579370.63,0
2025-02-05 00:00:00+00:00,854,CORN,493.25,300000000.0,notional_at_entry,long,612244.0,long,821814065.63,0
2025-02-06 00:00:00+00:00,855,CORN,495.25,300000000.0,notional_at_entry,long,612244.0,long,823038553.63,0
2025-02-07 00:00:00+00:00,856,CORN,487.5,300000000.0,notional_at_entry,long,612244.0,long,818293662.63,0
2025-02-10 00:00:00+00:00,857,CORN,491.5,300000000.0,notional_at_entry,long,612244.0,long,820742638.63,0
2025-02-11 00:00:00+00:00,858,CORN,484.0,300000000.0,notional_at_entry,long,612244.0,long,816150808.63,0
2025-02-12 00:00:00+00:00,859,CORN,490.25,300000000.0,notional_at_entry,long,612244.0,long,819977333.63,0
2025-02-13 00:00:00+00:00,860,CORN,493.5,300000000.0,notional_at_entry,long,612244.0,long,821967126.63,0
2025-02-14 00:00:00+00:00,861,CORN,496.25,300000000.0,notional_at_entry,long,612244.0,long,823650797.63,0
2025-02-18 00:00:00+00:00,862,CORN,515.75,300000000.0,notional_at_entry,long,612244.0,long,835589555.63,0
2025-02-19 00:00:00+00:00,863,CORN,512.25,300000000.0,notional_at_entry,long,612244.0,long,833446701.63,0
2025-02-20 00:00:00+00:00,864,CORN,512.75,300000000.0,notional_at_entry,long,612244.0,long,833752823.63,0
2025-02-21 00:00:00+00:00,865,CORN,505.0,300000000.0,notional_at_entry,long,612244.0,long,829007932.63,0
2025-02-24 00:00:00+00:00,866,CORN,497.0,300000000.0,notional_at_entry,long,612244.0,long,824109980.63,0
2025-02-25 00:00:00+00:00,867,CORN,494.25,300000000.0,notional_at_entry,long,612244.0,long,822426309.63,0
2025-02-26 00:00:00+00:00,868,CORN,493.5,300000000.0,notional_at_entry,long,612244.0,long,821967126.63,0
2025-02-27 00:00:00+00:00,869,CORN,481.0,300000000.0,notional_at_entry,long,612244.0,long,814314076.63,0
2025-02-28 00:00:00+00:00,870,CORN,469.5,300000000.0,notional_at_entry,long,612244.0,long,807273270.63,0
2025-03-03 00:00:00+00:00,871,CORN,456.25,300000000.0,notional_at_entry,long,612244.0,long,799161037.63,0
2025-03-04 00:00:00+00:00,872,CORN,451.5,-300000000.0,notional_at_entry,short,-664451.0,short,796252878.63,1
2025-03-05 00:00:00+00:00,873,CORN,455.75,-300000000.0,notional_at_entry,short,-664451.0,short,793428961.88,0
2025-03-06 00:00:00+00:00,874,CORN,464.0,-300000000.0,notional_at_entry,short,-664451.0,short,787947241.13,0
2025-03-07 00:00:00+00:00,875,CORN,469.25,-300000000.0,notional_at_entry,short,-664451.0,short,784458873.38,0
2025-03-10 00:00:00+00:00,876,CORN,458.75,-300000000.0,notional_at_entry,short,-664451.0,short,791435608.88,0
2025-03-11 00:00:00+00:00,877,CORN,456.5,-300000000.0,notional_at_entry,short,-664451.0,short,792930623.63,0
2025-03-12 00:00:00+00:00,878,CORN,448.75,-300000000.0,notional_at_entry,short,-664451.0,short,798080118.88,0
2025-03-13 00:00:00+00:00,879,CORN,453.5,-300000000.0,notional_at_entry,short,-664451.0,short,794923976.63,0
2025-03-14 00:00:00+00:00,880,CORN,445.5,-300000000.0,notional_at_entry,short,-664451.0,short,800239584.63,0
2025-03-17 00:00:00+00:00,881,CORN,461.0,-300000000.0,notional_at_entry,short,-664451.0,short,789940594.13,0
2025-03-18 00:00:00+00:00,882,CORN,458.75,-300000000.0,notional_at_entry,short,-664451.0,short,791435608.88,0
2025-03-19 00:00:00+00:00,883,CORN,462.0,-300000000.0,notional_at_entry,short,-664451.0,short,789276143.13,0
2025-03-20 00:00:00+00:00,884,CORN,469.0,-300000000.0,notional_at_entry,short,-664451.0,short,784624986.13,0
2025-03-21 00:00:00+00:00,885,CORN,464.25,-300000000.0,notional_at_entry,short,-664451.0,short,787781128.38,0
2025-03-24 00:00:00+00:00,886,CORN,464.5,-300000000.0,notional_at_entry,short,-664451.0,short,787615015.63,0
2025-03-25 00:00:00+00:00,887,CORN,457.75,-300000000.0,notional_at_entry,short,-664451.0,short,792100059.88,0
2025-03-26 00:00:00+00:00,888,CORN,451.25,-300000000.0,notional_at_entry,short,-664451.0,short,796418991.38,0
2025-03-27 00:00:00+00:00,889,CORN,450.0,-300000000.0,notional_at_entry,short,-664451.0,short,797249555.13,0
2025-03-28 00:00:00+00:00,890,CORN,453.25,-300000000.0,notional_at_entry,short,-664451.0,short,795090089.38,0
2025-03-31 00:00:00+00:00,891,CORN,457.25,-300000000.0,notional_at_entry,short,-664451.0,short,792432285.38,0
2025-04-01 00:00:00+00:00,892,CORN,461.75,-300000000.0,notional_at_entry,short,-664451.0,short,789442255.88,0
2025-04-02 00:00:00+00:00,893,CORN,457.75,-300000000.0,notional_at_entry,short,-664451.0,short,792100059.88,0
2025-04-03 00:00:00+00:00,894,CORN,457.5,-300000000.0,notional_at_entry,short,-664451.0,short,792266172.63,0
2025-04-04 00:00:00+00:00,895,CORN,460.25,-300000000.0,notional_at_entry,short,-664451.0,short,790438932.38,0
2025-04-07 00:00:00+00:00,896,CORN,464.5,300000000.0,notional_at_entry,long,645855.0,long,787615015.63,1
2025-04-08 00:00:00+00:00,897,CORN,469.0,300000000.0,notional_at_entry,long,645855.0,long,790521363.13,0
2025-04-09 00:00:00+00:00,898,CORN,474.0,300000000.0,notional_at_entry,long,645855.0,long,793750638.13,0
2025-04-10 00:00:00+00:00,899,CORN,483.0,300000000.0,notional_at_entry,long,645855.0,long,799563333.13,0
2025-04-11 00:00:00+00:00,900,CORN,490.25,300000000.0,notional_at_entry,long,645855.0,long,804245781.88,0
2025-04-14 00:00:00+00:00,901,CORN,485.0,300000000.0,notional_at_entry,long,645855.0,long,800855043.13,0
2025-04-15 00:00:00+00:00,902,CORN,481.25,300000000.0,notional_at_entry,long,645855.0,long,798433086.88,0
2025-04-16 00:00:00+00:00,903,CORN,484.25,-300000000.0,notional_at_entry,short,-619514.0,short,800370651.88,1
2025-04-17 00:00:00+00:00,904,CORN,482.25,-300000000.0,notional_at_entry,short,-619514.0,short,801609679.88,0
2025-04-21 00:00:00+00:00,905,CORN,490.0,-300000000.0,notional_at_entry,short,-619514.0,short,796808446.38,0
2025-04-22 00:00:00+00:00,906,CORN,483.25,-300000000.0,notional_at_entry,short,-619514.0,short,800990165.88,0
2025-04-23 00:00:00+00:00,907,CORN,479.25,-300000000.0,notional_at_entry,short,-619514.0,short,803468221.88,0
2025-04-24 00:00:00+00:00,908,CORN,484.0,300000000.0,notional_at_entry,long,619834.0,long,800525530.38,1
2025-04-25 00:00:00+00:00,909,CORN,485.5,300000000.0,notional_at_entry,long,619834.0,long,801455281.38,0
2025-04-28 00:00:00+00:00,910,CORN,483.25,300000000.0,notional_at_entry,long,619834.0,long,800060654.88,0
2025-04-29 00:00:00+00:00,911,CORN,470.25,300000000.0,notional_at_entry,long,619834.0,long,792002812.88,0
2025-04-30 00:00:00+00:00,912,CORN,475.5,300000000.0,notional_at_entry,long,619834.0,long,795256941.38,0
2025-05-01 00:00:00+00:00,913,CORN,472.25,300000000.0,notional_at_entry,long,619834.0,long,793242480.88,0
2025-05-02 00:00:00+00:00,914,CORN,469.0,300000000.0,notional_at_entry,long,619834.0,long,791228020.38,0
2025-05-05 00:00:00+00:00,915,CORN,454.25,-450000000.0,notional_at_entry,short,-990643.0,short,782085468.88,1
2025-05-06 00:00:00+00:00,916,CORN,455.5,-450000000.0,notional_at_entry,short,-990643.0,short,780847165.13,0
2025-05-07 00:00:00+00:00,917,CORN,449.25,-450000000.0,notional_at_entry,short,-990643.0,short,787038683.88,0
2025-05-08 00:00:00+00:00,918,CORN,447.5,-450000000.0,notional_at_entry,short,-990643.0,short,788772309.13,0
2025-05-09 00:00:00+00:00,919,CORN,449.75,-450000000.0,notional_at_entry,short,-990643.0,short,786543362.38,0
2025-05-12 00:00:00+00:00,920,CORN,440.25,-450000000.0,notional_at_entry,short,-990643.0,short,795954470.88,0
2025-05-13 00:00:00+00:00,921,CORN,436.0,-450000000.0,notional_at_entry,short,-990643.0,short,800164703.63,0
2025-05-14 00:00:00+00:00,922,CORN,438.5,-450000000.0,notional_at_entry,short,-990643.0,short,797688096.13,0
2025-05-15 00:00:00+00:00,923,CORN,448.5,-450000000.0,notional_at_entry,short,-990643.0,short,787781666.13,0
2025-05-16 00:00:00+00:00,924,CORN,443.5,-450000000.0,notional_at_entry,short,-990643.0,short,792734881.13,0
2025-05-19 00:00:00+00:00,925,CORN,447.5,450000000.0,notional_at_entry,long,1005586.0,long,788772309.13,1
2025-05-20 00:00:00+00:00,926,CORN,454.5,450000000.0,notional_at_entry,long,1005586.0,long,795811411.13,0
2025-05-21 00:00:00+00:00,927,CORN,461.0,450000000.0,notional_at_entry,long,1005586.0,long,802347720.13,0
2025-05-22 00:00:00+00:00,928,CORN,463.0,450000000.0,notional_at_entry,long,1005586.0,long,804358892.13,0
2025-05-23 00:00:00+00:00,929,CORN,459.5,450000000.0,notional_at_entry,long,1005586.0,long,800839341.13,0
2025-05-26 00:00:00+00:00,930,CORN,459.0,450000000.0,notional_at_entry,long,1005586.0,long,800336548.13,0
2025-05-27 00:00:00+00:00,931,CORN,459.5,450000000.0,notional_at_entry,long,1005586.0,long,800839341.13,0
2025-05-28 00:00:00+00:00,932,CORN,451.0,-300000000.0,notional_at_entry,short,-665188.0,short,792291860.13,1
2025-05-29 00:00:00+00:00,933,CORN,447.0,-300000000.0,notional_at_entry,short,-665188.0,short,794952612.13,0
2025-05-30 00:00:00+00:00,934,CORN,444.0,-300000000.0,notional_at_entry,short,-665188.0,short,796948176.13,0
2025-06-02 00:00:00+00:00,935,CORN,438.25,-300000000.0,notional_at_entry,short,-665188.0,short,800773007.13,0
2025-06-03 00:00:00+00:00,936,CORN,438.5,-300000000.0,notional_at_entry,short,-665188.0,short,800606710.13,0
2025-06-04 00:00:00+00:00,937,CORN,438.75,300000000.0,notional_at_entry,long,683760.0,long,800440413.13,1
2025-06-05 00:00:00+00:00,938,CORN,439.5,300000000.0,notional_at_entry,long,683760.0,long,800953233.13,0
2025-06-06 00:00:00+00:00,939,CORN,442.5,300000000.0,notional_at_entry,long,683760.0,long,803004513.13,0
2025-06-09 00:00:00+00:00,940,CORN,433.5,300000000.0,notional_at_entry,long,683760.0,long,796850673.13,0
2025-06-10 00:00:00+00:00,941,CORN,438.75,300000000.0,notional_at_entry,long,683760.0,long,800440413.13,0
2025-06-11 00:00:00+00:00,942,CORN,437.0,-300000000.0,notional_at_entry,short,-686498.0,short,799243833.13,1
2025-06-12 00:00:00+00:00,943,CORN,438.5,-300000000.0,notional_at_entry,short,-686498.0,short,798214086.13,0
2025-06-13 00:00:00+00:00,944,CORN,444.5,-300000000.0,notional_at_entry,short,-686498.0,short,794095098.13,0
2025-06-16 00:00:00+00:00,945,CORN,434.75,-300000000.0,notional_at_entry,short,-686498.0,short,800788453.63,0
2025-06-17 00:00:00+00:00,946,CORN,431.5,-300000000.0,notional_at_entry,short,-686498.0,short,803019572.13,0
2025-06-18 00:00:00+00:00,947,CORN,433.5,-300000000.0,notional_at_entry,short,-686498.0,short,801646576.13,0
2025-06-19 00:00:00+00:00,948,CORN,433.25,-300000000.0,notional_at_entry,short,-686498.0,short,801818200.63,0
2025-06-20 00:00:00+00:00,949,CORN,428.75,-300000000.0,notional_at_entry,short,-686498.0,short,804907441.63,0
2025-06-23 00:00:00+00:00,950,CORN,417.5,-300000000.0,notional_at_entry,short,-686498.0,short,812630544.13,0
2025-06-24 00:00:00+00:00,951,CORN,412.25,-300000000.0,notional_at_entry,short,-686498.0,short,816234658.63,0
2025-06-25 00:00:00+00:00,952,CORN,405.0,300000000.0,notional_at_entry,long,740740.0,long,821211769.13,1
2025-06-26 00:00:00+00:00,953,CORN,404.0,300000000.0,notional_at_entry,long,740740.0,long,820471029.13,0
2025-06-27 00:00:00+00:00,954,CORN,411.5,300000000.0,notional_at_entry,long,740740.0,long,826026579.13,0
2025-06-30 00:00:00+00:00,955,CORN,425.5,300000000.0,notional_at_entry,long,740740.0,long,836396939.13,0
2025-07-01 00:00:00+00:00,956,CORN,422.0,300000000.0,notional_at_entry,long,740740.0,long,833804349.13,0
2025-07-02 00:00:00+00:00,957,CORN,433.5,-300000000.0,notional_at_entry,short,-692041.0,short,842322859.13,1
2025-07-03 00:00:00+00:00,958,CORN,437.0,-300000000.0,notional_at_entry,short,-692041.0,short,839900715.63,0
2025-07-07 00:00:00+00:00,959,CORN,420.75,-300000000.0,notional_at_entry,short,-692041.0,short,851146381.88,0
2025-07-08 00:00:00+00:00,960,CORN,414.25,-300000000.0,notional_at_entry,short,-692041.0,short,855644648.38,0
2025-07-09 00:00:00+00:00,961,CORN,415.5,-300000000.0,notional_at_entry,short,-692041.0,short,854779597.13,0
2025-07-10 00:00:00+00:00,962,CORN,416.5,300000000.0,notional_at_entry,long,720288.0,long,854087556.13,1
2025-07-11 00:00:00+00:00,963,CORN,412.25,300000000.0,notional_at_entry,long,720288.0,long,851026332.13,0
2025-07-14 00:00:00+00:00,964,CORN,400.0,300000000.0,notional_at_entry,long,720288.0,long,842202804.13,0
2025-07-15 00:00:00+00:00,965,CORN,419.75,300000000.0,notional_at_entry,long,720288.0,long,856428492.13,0
2025-07-16 00:00:00+00:00,966,CORN,424.0,300000000.0,notional_at_entry,long,720288.0,long,859489716.13,0
2025-07-17 00:00:00+00:00,967,CORN,421.0,-300000000.0,notional_at_entry,short,-712589.0,short,857328852.13,1
2025-07-18 00:00:00+00:00,968,CORN,427.75,-300000000.0,notional_at_entry,short,-712589.0,short,852518876.38,0
2025-07-21 00:00:00+00:00,969,CORN,422.25,-300000000.0,notional_at_entry,short,-712589.0,short,856438115.88,0
2025-07-22 00:00:00+00:00,970,CORN,418.0,-300000000.0,notional_at_entry,short,-712589.0,short,859466619.13,0
2025-07-23 00:00:00+00:00,971,CORN,417.5,-300000000.0,notional_at_entry,short,-712589.0,short,859822913.63,0
2025-07-24 00:00:00+00:00,972,CORN,420.75,-300000000.0,notional_at_entry,short,-712589.0,short,857506999.38,0
2025-07-25 00:00:00+00:00,973,CORN,419.0,-300000000.0,notional_at_entry,short,-712589.0,short,858754030.13,0
2025-07-28 00:00:00+00:00,974,CORN,414.0,-300000000.0,notional_at_entry,short,-712589.0,short,862316975.13,0
2025-07-29 00:00:00+00:00,975,CORN,411.0,-300000000.0,notional_at_entry,short,-712589.0,short,864454742.13,0
2025-07-30 00:00:00+00:00,976,CORN,412.25,-300000000.0,notional_at_entry,short,-712589.0,short,863564005.88,0
2025-07-31 00:00:00+00:00,977,CORN,413.75,300000000.0,notional_at_entry,long,725075.0,long,862495122.38,1
2025-08-01 00:00:00+00:00,978,CORN,410.75,300000000.0,notional_at_entry,long,725075.0,long,860319897.38,0
2025-08-04 00:00:00+00:00,979,CORN,407.0,300000000.0,notional_at_entry,long,725075.0,long,857600866.13,0
2025-08-05 00:00:00+00:00,980,CORN,402.0,300000000.0,notional_at_entry,long,725075.0,long,853975491.13,0
2025-08-06 00:00:00+00:00,981,CORN,401.25,300000000.0,notional_at_entry,long,725075.0,long,853431684.88,0
2025-08-07 00:00:00+00:00,982,CORN,407.0,300000000.0,notional_at_entry,long,725075.0,long,857600866.13,0
2025-08-08 00:00:00+00:00,983,CORN,405.5,300000000.0,notional_at_entry,long,725075.0,long,856513253.63,0
2025-08-11 00:00:00+00:00,984,CORN,407.75,300000000.0,notional_at_entry,long,725075.0,long,858144672.38,0
2025-08-12 00:00:00+00:00,985,CORN,394.5,300000000.0,notional_at_entry,long,725075.0,long,848537428.63,0
2025-08-13 00:00:00+00:00,986,CORN,397.25,300000000.0,notional_at_entry,long,725075.0,long,850531384.88,0
2025-08-14 00:00:00+00:00,987,CORN,397.25,300000000.0,notional_at_entry,long,725075.0,long,850531384.88,0
2025-08-15 00:00:00+00:00,988,CORN,405.25,300000000.0,notional_at_entry,long,725075.0,long,856331984.88,0
2025-08-18 00:00:00+00:00,989,CORN,406.5,-300000000.0,notional_at_entry,short,-738007.0,short,857238328.63,1
2025-08-19 00:00:00+00:00,990,CORN,403.25,-300000000.0,notional_at_entry,short,-738007.0,short,859636851.38,0
2025-08-20 00:00:00+00:00,991,CORN,404.0,-300000000.0,notional_at_entry,short,-738007.0,short,859083346.13,0
2025-08-21 00:00:00+00:00,992,CORN,411.75,300000000.0,notional_at_entry,long,728597.0,long,853363791.88,1
2025-08-22 00:00:00+00:00,993,CORN,411.5,300000000.0,notional_at_entry,long,728597.0,long,853181642.63,0
2025-08-25 00:00:00+00:00,994,CORN,412.25,-300000000.0,notional_at_entry,short,-727713.0,short,853728090.38,1
2025-08-26 00:00:00+00:00,995,CORN,409.5,-300000000.0,notional_at_entry,short,-727713.0,short,855729301.13,0
2025-08-27 00:00:00+00:00,996,CORN,406.0,300000000.0,notional_at_entry,long,738916.0,long,858276296.63,1
2025-08-28 00:00:00+00:00,997,CORN,410.0,300000000.0,notional_at_entry,long,738916.0,long,861231960.63,0
2025-08-29 00:00:00+00:00,998,CORN,420.25,300000000.0,notional_at_entry,long,738916.0,long,868805849.63,0
2025-09-01 00:00:00+00:00,999,CORN,418.0,300000000.0,notional_at_entry,long,738916.0,long,867143288.63,0
2025-09-02 00:00:00+00:00,1000,CORN,423.0,-300000000.0,notional_at_entry,short,-709219.0,short,870837868.63,1
2025-09-03 00:00:00+00:00,1001,CORN,418.0,-300000000.0,notional_at_entry,short,-709219.0,short,874383963.63,0
2025-09-04 00:00:00+00:00,1002,CORN,419.75,-300000000.0,notional_at_entry,short,-709219.0,short,873142830.38,0
2025-09-05 00:00:00+00:00,1003,CORN,418.0,-300000000.0,notional_at_entry,short,-709219.0,short,874383963.63,0
2025-09-08 00:00:00+00:00,1004,CORN,403.0,-300000000.0,notional_at_entry,short,-709219.0,short,885022248.63,0
2025-09-09 00:00:00+00:00,1005,CORN,401.25,300000000.0,notional_at_entry,long,747663.0,long,886263381.88,1
2025-09-10 00:00:00+00:00,1006,CORN,397.25,300000000.0,notional_at_entry,long,747663.0,long,883272729.88,0
2025-09-11 00:00:00+00:00,1007,CORN,399.0,300000000.0,notional_at_entry,long,747663.0,long,884581140.13,0
2025-09-12 00:00:00+00:00,1008,CORN,399.0,300000000.0,notional_at_entry,long,747663.0,long,884581140.13,0
2025-09-15 00:00:00+00:00,1009,CORN,423.25,300000000.0,notional_at_entry,long,747663.0,long,902711967.88,0
2025-09-16 00:00:00+00:00,1010,CORN,429.5,-300000000.0,notional_at_entry,short,-698486.0,short,907384861.63,1
2025-09-17 00:00:00+00:00,1011,CORN,426.75,-300000000.0,notional_at_entry,short,-698486.0,short,909305698.13,0
2025-09-18 00:00:00+00:00,1012,CORN,423.75,-300000000.0,notional_at_entry,short,-698486.0,short,911401156.13,0
2025-09-19 00:00:00+00:00,1013,CORN,424.0,-300000000.0,notional_at_entry,short,-698486.0,short,911226534.63,0
2025-09-22 00:00:00+00:00,1014,CORN,421.75,-300000000.0,notional_at_entry,short,-698486.0,short,912798128.13,0
2025-09-23 00:00:00+00:00,1015,CORN,426.25,-300000000.0,notional_at_entry,short,-698486.0,short,909654941.13,0
2025-09-24 00:00:00+00:00,1016,CORN,424.25,-300000000.0,notional_at_entry,short,-698486.0,short,911051913.13,0
2025-09-25 00:00:00+00:00,1017,CORN,425.75,300000000.0,notional_at_entry,long,704638.0,long,910004184.13,1
2025-09-26 00:00:00+00:00,1018,CORN,422.0,300000000.0,notional_at_entry,long,704638.0,long,907361791.63,0
2025-09-29 00:00:00+00:00,1019,CORN,421.5,300000000.0,notional_at_entry,long,704638.0,long,907009472.63,0
2025-09-30 00:00:00+00:00,1020,CORN,415.5,300000000.0,notional_at_entry,long,704638.0,long,902781644.63,0
2025-10-01 00:00:00+00:00,1021,CORN,416.5,-300000000.0,notional_at_entry,short,-720288.0,short,903486282.63,1
2025-10-02 00:00:00+00:00,1022,CORN,421.75,-300000000.0,notional_at_entry,short,-720288.0,short,899704770.63,0
2025-10-03 00:00:00+00:00,1023,CORN,419.0,-300000000.0,notional_at_entry,short,-720288.0,short,901685562.63,0
2025-10-06 00:00:00+00:00,1024,CORN,421.75,-300000000.0,notional_at_entry,short,-720288.0,short,899704770.63,0
2025-10-07 00:00:00+00:00,1025,CORN,419.75,300000000.0,notional_at_entry,long,714711.0,long,901145346.63,1
2025-10-08 00:00:00+00:00,1026,CORN,422.0,300000000.0,notional_at_entry,long,714711.0,long,902753446.38,0
2025-10-09 00:00:00+00:00,1027,CORN,418.25,300000000.0,notional_at_entry,long,714711.0,long,900073280.13,0
2025-10-10 00:00:00+00:00,1028,CORN,413.0,300000000.0,notional_at_entry,long,714711.0,long,896321047.38,0
2025-10-13 00:00:00+00:00,1029,CORN,410.75,300000000.0,notional_at_entry,long,714711.0,long,894712947.63,0
2025-10-14 00:00:00+00:00,1030,CORN,413.0,300000000.0,notional_at_entry,long,714711.0,long,896321047.38,0
2025-10-15 00:00:00+00:00,1031,CORN,416.75,300000000.0,notional_at_entry,long,714711.0,long,899001213.63,0
2025-10-16 00:00:00+00:00,1032,CORN,421.75,300000000.0,notional_at_entry,long,714711.0,long,902574768.63,0
2025-10-17 00:00:00+00:00,1033,CORN,422.5,300000000.0,notional_at_entry,long,714711.0,long,903110801.88,0
2025-10-20 00:00:00+00:00,1034,CORN,423.25,300000000.0,notional_at_entry,long,714711.0,long,903646835.13,0
2025-10-21 00:00:00+00:00,1035,CORN,419.75,300000000.0,notional_at_entry,long,714711.0,long,901145346.63,0
2025-10-22 00:00:00+00:00,1036,CORN,423.0,300000000.0,notional_at_entry,long,714711.0,long,903468157.38,0
2025-10-23 00:00:00+00:00,1037,CORN,428.0,300000000.0,notional_at_entry,long,714711.0,long,907041712.38,0
2025-10-24 00:00:00+00:00,1038,CORN,423.25,300000000.0,notional_at_entry,long,714711.0,long,903646835.13,0
2025-10-27 00:00:00+00:00,1039,CORN,428.75,300000000.0,notional_at_entry,long,714711.0,long,907577745.63,0
2025-10-28 00:00:00+00:00,1040,CORN,432.0,300000000.0,notional_at_entry,long,714711.0,long,909900556.38,0
2025-10-29 00:00:00+00:00,1041,CORN,434.0,300000000.0,notional_at_entry,long,714711.0,long,911329978.38,0
2025-10-30 00:00:00+00:00,1042,CORN,430.25,300000000.0,notional_at_entry,long,714711.0,long,908649812.13,0
2025-10-31 00:00:00+00:00,1043,CORN,431.5,300000000.0,notional_at_entry,long,714711.0,long,909543200.88,0
2025-11-03 00:00:00+00:00,1044,CORN,434.25,-300000000.0,notional_at_entry,short,-690846.0,short,911508656.13,1
2025-11-04 00:00:00+00:00,1045,CORN,431.5,-300000000.0,notional_at_entry,short,-690846.0,short,913408482.63,0
2025-11-05 00:00:00+00:00,1046,CORN,435.25,-300000000.0,notional_at_entry,short,-690846.0,short,910817810.13,0
2025-11-06 00:00:00+00:00,1047,CORN,428.75,-300000000.0,notional_at_entry,short,-690846.0,short,915308309.13,0
2025-11-07 00:00:00+00:00,1048,CORN,427.25,-300000000.0,notional_at_entry,short,-690846.0,short,916344578.13,0
2025-11-10 00:00:00+00:00,1049,CORN,429.75,300000000.0,notional_at_entry,long,698080.0,long,914617463.13,1
2025-11-11 00:00:00+00:00,1050,CORN,432.0,300000000.0,notional_at_entry,long,698080.0,long,916188143.13,0
2025-11-12 00:00:00+00:00,1051,CORN,435.25,300000000.0,notional_at_entry,long,698080.0,long,918456903.13,0
2025-11-13 00:00:00+00:00,1052,CORN,441.5,300000000.0,notional_at_entry,long,698080.0,long,922819903.13,0
2025-11-14 00:00:00+00:00,1053,CORN,430.25,-300000000.0,notional_at_entry,short,-697269.0,short,914966503.13,1
2025-11-17 00:00:00+00:00,1054,CORN,448.0,-300000000.0,notional_at_entry,short,-697269.0,short,902589978.38,0
2025-11-18 00:00:00+00:00,1055,CORN,449.5,-300000000.0,notional_at_entry,short,-697269.0,short,901544074.88,0
2025-11-19 00:00:00+00:00,1056,CORN,441.5,-300000000.0,notional_at_entry,short,-697269.0,short,907122226.88,0
2025-11-20 00:00:00+00:00,1057,CORN,437.75,-300000000.0,notional_at_entry,short,-697269.0,short,909736985.63,0
2025-11-21 00:00:00+00:00,1058,CORN,437.5,-300000000.0,notional_at_entry,short,-697269.0,short,909911302.88,0
2025-11-24 00:00:00+00:00,1059,CORN,436.75,-300000000.0,notional_at_entry,short,-697269.0,short,910434254.63,0
2025-11-25 00:00:00+00:00,1060,CORN,438.25,-300000000.0,notional_at_entry,short,-697269.0,short,909388351.13,0
2025-11-26 00:00:00+00:00,1061,CORN,445.25,-300000000.0,notional_at_entry,short,-697269.0,short,904507468.13,0
2025-11-27 00:00:00+00:00,1062,CORN,445.0,-300000000.0,notional_at_entry,short,-697269.0,short,904681785.38,0
2025-11-28 00:00:00+00:00,1063,CORN,447.75,300000000.0,notional_at_entry,long,670016.0,long,902764295.63,1
2025-12-01 00:00:00+00:00,1064,CORN,445.0,300000000.0,notional_at_entry,long,670016.0,long,900921751.63,0
2025-12-02 00:00:00+00:00,1065,CORN,450.0,300000000.0,notional_at_entry,long,670016.0,long,904271831.63,0
2025-12-03 00:00:00+00:00,1066,CORN,443.5,300000000.0,notional_at_entry,long,670016.0,long,899916727.63,0
2025-12-04 00:00:00+00:00,1067,CORN,447.25,-300000000.0,notional_at_entry,short,-670765.0,short,902429287.63,1
2025-12-05 00:00:00+00:00,1068,CORN,444.75,-300000000.0,notional_at_entry,short,-670765.0,short,904106200.13,0
2025-12-08 00:00:00+00:00,1069,CORN,436.25,-300000000.0,notional_at_entry,short,-670765.0,short,909807702.63,0
2025-12-09 00:00:00+00:00,1070,CORN,440.75,-300000000.0,notional_at_entry,short,-670765.0,short,906789260.13,0
2025-12-10 00:00:00+00:00,1071,CORN,434.75,-300000000.0,notional_at_entry,short,-670765.0,short,910813850.13,0
2025-12-11 00:00:00+00:00,1072,CORN,435.25,-300000000.0,notional_at_entry,short,-670765.0,short,910478467.63,0
2025-12-12 00:00:00+00:00,1073,CORN,431.5,-300000000.0,notional_at_entry,short,-670765.0,short,912993836.38,0
2025-12-15 00:00:00+00:00,1074,CORN,439.75,-300000000.0,notional_at_entry,short,-670765.0,short,907460025.13,0
2025-12-16 00:00:00+00:00,1075,CORN,436.5,-300000000.0,notional_at_entry,short,-670765.0,short,909640011.38,0
2025-12-17 00:00:00+00:00,1076,CORN,440.5,-300000000.0,notional_at_entry,short,-670765.0,short,906956951.38,0
2025-12-18 00:00:00+00:00,1077,CORN,444.5,-300000000.0,notional_at_entry,short,-670765.0,short,904273891.38,0
2025-12-19 00:00:00+00:00,1078,CORN,443.75,-300000000.0,notional_at_entry,short,-670765.0,short,904776965.13,0
2025-12-22 00:00:00+00:00,1079,CORN,447.0,-300000000.0,notional_at_entry,short,-670765.0,short,902596978.88,0
2025-12-23 00:00:00+00:00,1080,CORN,447.5,-300000000.0,notional_at_entry,short,-670765.0,short,902261596.38,0
2025-12-24 00:00:00+00:00,1081,CORN,451.0,-300000000.0,notional_at_entry,short,-670765.0,short,899913918.88,0
2025-12-26 00:00:00+00:00,1082,CORN,450.0,-300000000.0,notional_at_entry,short,-670765.0,short,900584683.88,0
2025-12-29 00:00:00+00:00,1083,CORN,442.25,-300000000.0,notional_at_entry,short,-670765.0,short,905783112.63,0
2025-12-30 00:00:00+00:00,1084,CORN,440.5,-300000000.0,notional_at_entry,short,-670765.0,short,906956951.38,0
2025-12-31 00:00:00+00:00,1085,CORN,440.25,-300000000.0,notional_at_entry,short,-670765.0,short,907124642.63,0
2026-01-02 00:00:00+00:00,1086,CORN,437.5,-300000000.0,notional_at_entry,short,-670765.0,short,908969246.38,0
2026-01-05 00:00:00+00:00,1087,CORN,444.5,-300000000.0,notional_at_entry,short,-670765.0,short,904273891.38,0
2026-01-06 00:00:00+00:00,1088,CORN,444.0,-300000000.0,notional_at_entry,short,-670765.0,short,904609273.88,0
2026-01-07 00:00:00+00:00,1089,CORN,446.75,-300000000.0,notional_at_entry,short,-670765.0,short,902764670.13,0
2026-01-08 00:00:00+00:00,1090,CORN,446.0,-300000000.0,notional_at_entry,short,-670765.0,short,903267743.88,0
2026-01-09 00:00:00+00:00,1091,CORN,445.75,-300000000.0,notional_at_entry,short,-670765.0,short,903435435.13,0
2026-01-12 00:00:00+00:00,1092,CORN,421.5,-300000000.0,notional_at_entry,short,-670765.0,short,919701486.38,0
2026-01-13 00:00:00+00:00,1093,CORN,419.75,-300000000.0,notional_at_entry,short,-670765.0,short,920875325.13,0
2026-01-14 00:00:00+00:00,1094,CORN,422.0,-300000000.0,notional_at_entry,short,-670765.0,short,919366103.88,0
2026-01-15 00:00:00+00:00,1095,CORN,420.25,-300000000.0,notional_at_entry,short,-670765.0,short,920539942.63,0
2026-01-16 00:00:00+00:00,1096,CORN,424.75,-300000000.0,notional_at_entry,short,-670765.0,short,917521500.13,0
2026-01-19 00:00:00+00:00,1097,CORN,424.5,-300000000.0,notional_at_entry,short,-670765.0,short,917689191.38,0
2026-01-20 00:00:00+00:00,1098,CORN,423.75,300000000.0,notional_at_entry,long,707964.0,long,918192265.13,1
2026-01-21 00:00:00+00:00,1099,CORN,421.75,300000000.0,notional_at_entry,long,707964.0,long,916776337.13,0
2026-01-22 00:00:00+00:00,1100,CORN,424.0,300000000.0,notional_at_entry,long,707964.0,long,918369256.13,0
2026-01-23 00:00:00+00:00,1101,CORN,430.5,300000000.0,notional_at_entry,long,707964.0,long,922971022.13,0
2026-01-26 00:00:00+00:00,1102,CORN,428.25,300000000.0,notional_at_entry,long,707964.0,long,921378103.13,0
2026-01-27 00:00:00+00:00,1103,CORN,426.5,300000000.0,notional_at_entry,long,707964.0,long,920139166.13,0
2026-01-28 00:00:00+00:00,1104,CORN,430.0,300000000.0,notional_at_entry,long,707964.0,long,922617040.13,0
2026-01-29 00:00:00+00:00,1105,CORN,430.75,300000000.0,notional_at_entry,long,707964.0,long,923148013.13,0
2026-01-30 00:00:00+00:00,1106,CORN,428.25,300000000.0,notional_at_entry,long,707964.0,long,921378103.13,0
2026-02-02 00:00:00+00:00,1107,CORN,425.75,300000000.0,notional_at_entry,long,707964.0,long,919608193.13,0
2026-02-03 00:00:00+00:00,1108,CORN,428.5,300000000.0,notional_at_entry,long,707964.0,long,921555094.13,0
2026-02-04 00:00:00+00:00,1109,CORN,429.5,300000000.0,notional_at_entry,long,707964.0,long,922263058.13,0
2026-02-05 00:00:00+00:00,1110,CORN,435.0,300000000.0,notional_at_entry,long,707964.0,long,926156860.13,0
2026-02-06 00:00:00+00:00,1111,CORN,430.25,300000000.0,notional_at_entry,long,707964.0,long,922794031.13,0
2026-02-09 00:00:00+00:00,1112,CORN,428.75,300000000.0,notional_at_entry,long,707964.0,long,921732085.13,0
2026-02-10 00:00:00+00:00,1113,CORN,428.75,300000000.0,notional_at_entry,long,707964.0,long,921732085.13,0
2026-02-11 00:00:00+00:00,1114,CORN,427.5,300000000.0,notional_at_entry,long,707964.0,long,920847130.13,0
2026-02-12 00:00:00+00:00,1115,CORN,431.25,300000000.0,notional_at_entry,long,707964.0,long,923501995.13,0
2026-02-13 00:00:00+00:00,1116,CORN,431.75,300000000.0,notional_at_entry,long,707964.0,long,923855977.13,0
2026-02-16 00:00:00+00:00,1117,CORN,431.0,300000000.0,notional_at_entry,long,707964.0,long,923325004.13,0
2026-02-17 00:00:00+00:00,1118,CORN,435.75,300000000.0,notional_at_entry,long,707964.0,long,926687833.13,0
2026-02-18 00:00:00+00:00,1119,CORN,436.75,300000000.0,notional_at_entry,long,707964.0,long,927395797.13,0
2026-02-19 00:00:00+00:00,1120,CORN,436.25,300000000.0,notional_at_entry,long,707964.0,long,927041815.13,0
2026-02-20 00:00:00+00:00,1121,CORN,439.75,300000000.0,notional_at_entry,long,707964.0,long,929519689.13,0
2026-02-23 00:00:00+00:00,1122,CORN,440.25,300000000.0,notional_at_entry,long,707964.0,long,929873671.13,0
2026-02-24 00:00:00+00:00,1123,CORN,438.5,300000000.0,notional_at_entry,long,707964.0,long,928634734.13,0
2026-02-25 00:00:00+00:00,1124,CORN,442.0,300000000.0,notional_at_entry,long,707964.0,long,931112608.13,0
2026-02-26 00:00:00+00:00,1125,CORN,443.5,300000000.0,notional_at_entry,long,707964.0,long,932174554.13,0
2026-02-27 00:00:00+00:00,1126,CORN,448.5,300000000.0,notional_at_entry,long,707964.0,long,935714374.13,0
2026-03-02 00:00:00+00:00,1127,CORN,445.75,300000000.0,notional_at_entry,long,707964.0,long,933767473.13,0
2026-03-03 00:00:00+00:00,1128,CORN,446.5,300000000.0,notional_at_entry,long,707964.0,long,934298446.13,0
2026-03-04 00:00:00+00:00,1129,CORN,443.75,300000000.0,notional_at_entry,long,707964.0,long,932351545.13,0
2026-03-05 00:00:00+00:00,1130,CORN,453.5,300000000.0,notional_at_entry,long,707964.0,long,939254194.13,0
2026-03-06 00:00:00+00:00,1131,CORN,460.5,300000000.0,notional_at_entry,long,707964.0,long,944209942.13,0
2026-03-09 00:00:00+00:00,1132,CORN,437.5,300000000.0,notional_at_entry,long,707964.0,long,927926770.13,0
2026-03-10 00:00:00+00:00,1133,CORN,436.25,300000000.0,notional_at_entry,long,707964.0,long,927041815.13,0
2026-03-11 00:00:00+00:00,1134,CORN,444.25,300000000.0,notional_at_entry,long,707964.0,long,932705527.13,0
2026-03-12 00:00:00+00:00,1135,CORN,448.25,300000000.0,notional_at_entry,long,707964.0,long,935537383.13,0
2026-03-13 00:00:00+00:00,1136,CORN,452.5,300000000.0,notional_at_entry,long,707964.0,long,938546230.13,0
2026-03-16 00:00:00+00:00,1137,CORN,454.0,300000000.0,notional_at_entry,long,707964.0,long,939608176.13,0
2026-03-17 00:00:00+00:00,1138,CORN,454.0,300000000.0,notional_at_entry,long,707964.0,long,939608176.13,0
2026-03-18 00:00:00+00:00,1139,CORN,463.25,300000000.0,notional_at_entry,long,707964.0,long,946156843.13,0
2026-03-19 00:00:00+00:00,1140,CORN,469.75,300000000.0,notional_at_entry,long,707964.0,long,950758609.13,0
2026-03-20 00:00:00+00:00,1141,CORN,465.5,-300000000.0,notional_at_entry,short,-644468.0,short,947749762.13,1
2026-03-23 00:00:00+00:00,1142,CORN,459.5,-300000000.0,notional_at_entry,short,-644468.0,short,951616570.13,0
2026-03-24 00:00:00+00:00,1143,CORN,462.5,-300000000.0,notional_at_entry,short,-644468.0,short,949683166.13,0
2026-03-25 00:00:00+00:00,1144,CORN,467.25,-300000000.0,notional_at_entry,short,-644468.0,short,946621943.13,0
2026-03-26 00:00:00+00:00,1145,CORN,467.0,-300000000.0,notional_at_entry,short,-644468.0,short,946783060.13,0
2026-03-27 00:00:00+00:00,1146,CORN,462.0,-300000000.0,notional_at_entry,short,-644468.0,short,950005400.13,0
2026-03-30 00:00:00+00:00,1147,CORN,455.75,-300000000.0,notional_at_entry,short,-644468.0,short,954033325.13,0
2026-03-31 00:00:00+00:00,1148,CORN,457.75,-300000000.0,notional_at_entry,short,-644468.0,short,952744389.13,0
2026-04-01 00:00:00+00:00,1149,CORN,454.25,-300000000.0,notional_at_entry,short,-644468.0,short,955000027.13,0
2026-04-02 00:00:00+00:00,1150,CORN,452.25,-300000000.0,notional_at_entry,short,-644468.0,short,956288963.13,0
2026-04-03 00:00:00+00:00,1151,CORN,452.25,-300000000.0,notional_at_entry,short,-644468.0,short,956288963.13,0
2026-04-06 00:00:00+00:00,1152,CORN,454.0,-300000000.0,notional_at_entry,short,-644468.0,short,955161144.13,0
2026-04-07 00:00:00+00:00,1153,CORN,449.0,-300000000.0,notional_at_entry,short,-644468.0,short,958383484.13,0
2026-04-08 00:00:00+00:00,1154,CORN,447.25,-300000000.0,notional_at_entry,short,-644468.0,short,959511303.13,0
2026-04-09 00:00:00+00:00,1155,CORN,444.0,-300000000.0,notional_at_entry,short,-644468.0,short,961605824.13,0
2026-04-10 00:00:00+00:00,1156,CORN,441.0,-300000000.0,notional_at_entry,short,-644468.0,short,963539228.13,0
2026-04-13 00:00:00+00:00,1157,CORN,451.0,-300000000.0,notional_at_entry,short,-644468.0,short,957094548.13,0
2026-04-14 00:00:00+00:00,1158,CORN,452.5,-300000000.0,notional_at_entry,short,-644468.0,short,956127846.13,0
2026-04-15 00:00:00+00:00,1159,CORN,460.5,-300000000.0,notional_at_entry,short,-644468.0,short,950972102.13,0
2026-04-16 00:00:00+00:00,1160,CORN,457.75,-300000000.0,notional_at_entry,short,-644468.0,short,952744389.13,0
2026-04-17 00:00:00+00:00,1161,CORN,457.5,-300000000.0,notional_at_entry,short,-644468.0,short,952905506.13,0
2026-04-20 00:00:00+00:00,1162,CORN,460.25,-300000000.0,notional_at_entry,short,-644468.0,short,951133219.13,0
2026-04-21 00:00:00+00:00,1163,CORN,462.0,-300000000.0,notional_at_entry,short,-644468.0,short,950005400.13,0
2026-04-22 00:00:00+00:00,1164,CORN,462.75,-300000000.0,notional_at_entry,short,-644468.0,short,949522049.13,0
2026-04-23 00:00:00+00:00,1165,CORN,463.75,-300000000.0,notional_at_entry,short,-644468.0,short,948877581.13,0
2026-04-24 00:00:00+00:00,1166,CORN,463.5,-300000000.0,notional_at_entry,short,-644468.0,short,949038698.13,0
2026-04-27 00:00:00+00:00,1167,CORN,469.25,300000000.0,notional_at_entry,long,639318.0,long,945333007.13,1
2026-04-28 00:00:00+00:00,1168,CORN,475.5,300000000.0,notional_at_entry,long,639318.0,long,949328744.63,0
2026-04-29 00:00:00+00:00,1169,CORN,477.75,300000000.0,notional_at_entry,long,639318.0,long,950767210.13,0
2026-04-30 00:00:00+00:00,1170,CORN,474.75,300000000.0,notional_at_entry,long,639318.0,long,948849256.13,0
2026-05-01 00:00:00+00:00,1171,CORN,480.25,300000000.0,notional_at_entry,long,639318.0,long,952365505.13,0
2026-05-04 00:00:00+00:00,1172,CORN,485.75,300000000.0,notional_at_entry,long,639318.0,long,955881754.13,0
2026-05-05 00:00:00+00:00,1173,CORN,480.0,300000000.0,notional_at_entry,long,639318.0,long,952205675.63,0
2026-05-06 00:00:00+00:00,1174,CORN,468.5,300000000.0,notional_at_entry,long,639318.0,long,944853518.63,0
2026-05-07 00:00:00+00:00,1175,CORN,467.5,300000000.0,notional_at_entry,long,639318.0,long,944214200.63,0
2026-05-08 00:00:00+00:00,1176,CORN,471.25,300000000.0,notional_at_entry,long,639318.0,long,946611643.13,0
2026-05-11 00:00:00+00:00,1177,CORN,475.25,300000000.0,notional_at_entry,long,639318.0,long,949168915.13,0
2026-05-12 00:00:00+00:00,1178,CORN,480.0,300000000.0,notional_at_entry,long,639318.0,long,952205675.63,0
2026-05-13 00:00:00+00:00,1179,CORN,480.75,300000000.0,notional_at_entry,long,639318.0,long,952685164.13,0
2026-05-14 00:00:00+00:00,1180,CORN,467.5,300000000.0,notional_at_entry,long,639318.0,long,944214200.63,0
2026-05-15 00:00:00+00:00,1181,CORN,464.38,300000000.0,notional_at_entry,long,639318.0,long,942219528.47,0
2026-05-18 00:00:00+00:00,1182,CORN,477.0,300000000.0,notional_at_entry,long,639318.0,long,950287721.63,0
2026-05-19 00:00:00+00:00,1183,CORN,475.25,300000000.0,notional_at_entry,long,639318.0,long,949168915.13,0
2026-05-20 00:00:00+00:00,1184,CORN,465.75,300000000.0,notional_at_entry,long,639318.0,long,943095394.13,0
2026-05-21 00:00:00+00:00,1185,CORN,462.25,300000000.0,notional_at_entry,long,639318.0,long,940857781.13,0
2026-05-22 00:00:00+00:00,1186,CORN,463.25,300000000.0,notional_at_entry,long,639318.0,long,941497099.13,0
2026-05-26 00:00:00+00:00,1187,CORN,457.5,300000000.0,notional_at_entry,long,639318.0,long,937821020.63,0
2026-05-27 00:00:00+00:00,1188,CORN,452.5,300000000.0,notional_at_entry,long,639318.0,long,934624430.63,0
2026-05-28 00:00:00+00:00,1189,CORN,455.75,300000000.0,notional_at_entry,long,639318.0,long,936702214.13,0
2026-05-29 00:00:00+00:00,1190,CORN,446.75,300000000.0,notional_at_entry,long,639318.0,long,930948352.13,0
2026-06-01 00:00:00+00:00,1191,CORN,444.0,300000000.0,notional_at_entry,long,639318.0,long,929190227.63,0
2026-06-02 00:00:00+00:00,1192,CORN,440.5,-300000000.0,notional_at_entry,short,-681044.0,short,926952614.63,1
2026-06-03 00:00:00+00:00,1193,CORN,431.5,-300000000.0,notional_at_entry,short,-681044.0,short,933082010.63,0
