timestamp,bar_index,instrument_key,price,target_value,target_unit,target_side,position_quantity,position_side,equity,n_fills
2022-03-31 00:00:00+00:00,84,CORN,748.75,0.0,notional_at_entry,flat,0.0,flat,300000000.0,0
2022-04-01 00:00:00+00:00,85,CORN,735.0,300000000.0,notional_at_entry,long,408163.0,long,300000000.0,1
2022-04-04 00:00:00+00:00,86,CORN,750.5,300000000.0,notional_at_entry,long,408163.0,long,306326526.5,0
2022-04-05 00:00:00+00:00,87,CORN,759.75,300000000.0,notional_at_entry,long,408163.0,long,310102034.25,0
2022-04-06 00:00:00+00:00,88,CORN,756.5,300000000.0,notional_at_entry,long,408163.0,long,308775504.5,0
2022-04-07 00:00:00+00:00,89,CORN,757.75,300000000.0,notional_at_entry,long,408163.0,long,309285708.25,0
2022-04-08 00:00:00+00:00,90,CORN,768.75,300000000.0,notional_at_entry,long,408163.0,long,313775501.25,0
2022-04-11 00:00:00+00:00,91,CORN,764.5,300000000.0,notional_at_entry,long,408163.0,long,312040808.5,0
2022-04-12 00:00:00+00:00,92,CORN,776.25,300000000.0,notional_at_entry,long,408163.0,long,316836723.75,0
2022-04-13 00:00:00+00:00,93,CORN,783.5,300000000.0,notional_at_entry,long,408163.0,long,319795905.5,0
2022-04-14 00:00:00+00:00,94,CORN,790.25,300000000.0,notional_at_entry,long,408163.0,long,322551005.75,0
2022-04-15 00:00:00+00:00,95,CORN,791.0,300000000.0,notional_at_entry,long,408163.0,long,322857128.0,0
2022-04-18 00:00:00+00:00,96,CORN,813.25,300000000.0,notional_at_entry,long,408163.0,long,331938754.75,0
2022-04-19 00:00:00+00:00,97,CORN,804.0,300000000.0,notional_at_entry,long,408163.0,long,328163247.0,0
2022-04-20 00:00:00+00:00,98,CORN,815.75,300000000.0,notional_at_entry,long,408163.0,long,332959162.25,0
2022-04-21 00:00:00+00:00,99,CORN,799.25,300000000.0,notional_at_entry,long,408163.0,long,326224472.75,0
2022-04-22 00:00:00+00:00,100,CORN,793.0,300000000.0,notional_at_entry,long,408163.0,long,323673454.0,0
2022-04-25 00:00:00+00:00,101,CORN,800.25,300000000.0,notional_at_entry,long,408163.0,long,326632635.75,0
2022-04-26 00:00:00+00:00,102,CORN,803.25,300000000.0,notional_at_entry,long,408163.0,long,327857124.75,0
2022-04-27 00:00:00+00:00,103,CORN,815.5,300000000.0,notional_at_entry,long,408163.0,long,332857121.5,0
2022-04-28 00:00:00+00:00,104,CORN,816.0,300000000.0,notional_at_entry,long,408163.0,long,333061203.0,0
2022-04-29 00:00:00+00:00,105,CORN,818.25,300000000.0,notional_at_entry,long,408163.0,long,333979569.75,0
2022-05-02 00:00:00+00:00,106,CORN,813.0,300000000.0,notional_at_entry,long,408163.0,long,331836714.0,0
2022-05-03 00:00:00+00:00,107,CORN,800.75,300000000.0,notional_at_entry,long,408163.0,long,326836717.25,0
2022-05-04 00:00:00+00:00,108,CORN,798.5,-300000000.0,notional_at_entry,short,-375704.0,short,325918350.5,1
2022-05-05 00:00:00+00:00,109,CORN,803.75,-300000000.0,notional_at_entry,short,-375704.0,short,323945904.5,0
2022-05-06 00:00:00+00:00,110,CORN,792.25,-300000000.0,notional_at_entry,short,-375704.0,short,328266500.5,0
2022-05-09 00:00:00+00:00,111,CORN,784.5,-300000000.0,notional_at_entry,short,-375704.0,short,331178206.5,0
2022-05-10 00:00:00+00:00,112,CORN,786.5,-300000000.0,notional_at_entry,short,-375704.0,short,330426798.5,0
2022-05-11 00:00:00+00:00,113,CORN,802.25,-300000000.0,notional_at_entry,short,-375704.0,short,324509460.5,0
2022-05-12 00:00:00+00:00,114,CORN,813.5,-300000000.0,notional_at_entry,short,-375704.0,short,320282790.5,0
2022-05-13 00:00:00+00:00,115,CORN,794.5,-300000000.0,notional_at_entry,short,-375704.0,short,327421166.5,0
2022-05-16 00:00:00+00:00,116,CORN,809.5,-300000000.0,notional_at_entry,short,-375704.0,short,321785606.5,0
2022-05-17 00:00:00+00:00,117,CORN,800.75,-300000000.0,notional_at_entry,short,-375704.0,short,325073016.5,0
2022-05-18 00:00:00+00:00,118,CORN,781.5,-300000000.0,notional_at_entry,short,-375704.0,short,332305318.5,0
2022-05-19 00:00:00+00:00,119,CORN,783.25,-300000000.0,notional_at_entry,short,-375704.0,short,331647836.5,0
2022-05-20 00:00:00+00:00,120,CORN,778.75,-300000000.0,notional_at_entry,short,-375704.0,short,333338504.5,0
2022-05-23 00:00:00+00:00,121,CORN,786.25,-300000000.0,notional_at_entry,short,-375704.0,short,330520724.5,0
2022-05-24 00:00:00+00:00,122,CORN,771.75,-300000000.0,notional_at_entry,short,-375704.0,short,335968432.5,0
2022-05-25 00:00:00+00:00,123,CORN,772.25,-300000000.0,notional_at_entry,short,-375704.0,short,335780580.5,0
2022-05-26 00:00:00+00:00,124,CORN,765.0,-300000000.0,notional_at_entry,short,-375704.0,short,338504434.5,0
2022-05-27 00:00:00+00:00,125,CORN,777.25,-300000000.0,notional_at_entry,short,-375704.0,short,333902060.5,0
2022-05-30 00:00:00+00:00,126,CORN,775.62,-300000000.0,notional_at_entry,short,-375704.0,short,334514458.02,0
2022-05-31 00:00:00+00:00,127,CORN,753.5,-450000000.0,notional_at_entry,short,-375704.0,short,342825030.5,0
2022-06-01 00:00:00+00:00,128,CORN,731.25,-450000000.0,notional_at_entry,short,-375704.0,short,351184444.5,0
2022-06-02 00:00:00+00:00,129,CORN,730.25,-450000000.0,notional_at_entry,short,-375704.0,short,351560148.5,0
2022-06-03 00:00:00+00:00,130,CORN,727.0,-450000000.0,notional_at_entry,short,-375704.0,short,352781186.5,0
2022-06-06 00:00:00+00:00,131,CORN,742.5,-450000000.0,notional_at_entry,short,-375704.0,short,346957774.5,0
2022-06-07 00:00:00+00:00,132,CORN,757.0,-450000000.0,notional_at_entry,short,-375704.0,short,341510066.5,0
2022-06-08 00:00:00+00:00,133,CORN,764.5,-450000000.0,notional_at_entry,short,-375704.0,short,338692286.5,0
2022-06-09 00:00:00+00:00,134,CORN,773.0,-450000000.0,notional_at_entry,short,-375704.0,short,335498802.5,0
2022-06-10 00:00:00+00:00,135,CORN,773.25,-450000000.0,notional_at_entry,short,-375704.0,short,335404876.5,0
2022-06-13 00:00:00+00:00,136,CORN,769.25,-450000000.0,notional_at_entry,short,-375704.0,short,336907692.5,0
2022-06-14 00:00:00+00:00,137,CORN,768.25,-450000000.0,notional_at_entry,short,-375704.0,short,337283396.5,0
2022-06-15 00:00:00+00:00,138,CORN,774.0,-450000000.0,notional_at_entry,short,-375704.0,short,335123098.5,0
2022-06-16 00:00:00+00:00,139,CORN,788.25,300000000.0,notional_at_entry,long,380589.0,long,329769316.5,1
2022-06-17 00:00:00+00:00,140,CORN,784.5,300000000.0,notional_at_entry,long,380589.0,long,328342107.75,0
2022-06-21 00:00:00+00:00,141,CORN,760.75,300000000.0,notional_at_entry,long,380589.0,long,319303119.0,0
2022-06-22 00:00:00+00:00,142,CORN,768.0,300000000.0,notional_at_entry,long,380589.0,long,322062389.25,0
2022-06-23 00:00:00+00:00,143,CORN,746.75,300000000.0,notional_at_entry,long,380589.0,long,313974873.0,0
2022-06-24 00:00:00+00:00,144,CORN,750.25,300000000.0,notional_at_entry,long,380589.0,long,315306934.5,0
2022-06-27 00:00:00+00:00,145,CORN,744.25,-300000000.0,notional_at_entry,short,-403090.0,short,313023400.5,1
2022-06-28 00:00:00+00:00,146,CORN,759.5,-300000000.0,notional_at_entry,short,-403090.0,short,306876278.0,0
2022-06-29 00:00:00+00:00,147,CORN,770.25,-300000000.0,notional_at_entry,short,-403090.0,short,302543060.5,0
2022-06-30 00:00:00+00:00,148,CORN,743.75,-300000000.0,notional_at_entry,short,-403090.0,short,313224945.5,0
2022-07-01 00:00:00+00:00,149,CORN,754.5,-300000000.0,notional_at_entry,short,-403090.0,short,308891728.0,0
2022-07-05 00:00:00+00:00,150,CORN,736.0,-300000000.0,notional_at_entry,short,-403090.0,short,316348893.0,0
2022-07-06 00:00:00+00:00,151,CORN,744.25,-300000000.0,notional_at_entry,short,-403090.0,short,313023400.5,0
2022-07-07 00:00:00+00:00,152,CORN,747.0,-300000000.0,notional_at_entry,short,-403090.0,short,311914903.0,0
2022-07-08 00:00:00+00:00,153,CORN,778.25,-300000000.0,notional_at_entry,short,-403090.0,short,299318340.5,0
2022-07-11 00:00:00+00:00,154,CORN,781.25,-300000000.0,notional_at_entry,short,-403090.0,short,298109070.5,0
2022-07-12 00:00:00+00:00,155,CORN,732.75,-300000000.0,notional_at_entry,short,-403090.0,short,317658935.5,0
2022-07-13 00:00:00+00:00,156,CORN,740.0,-300000000.0,notional_at_entry,short,-403090.0,short,314736533.0,0
2022-07-14 00:00:00+00:00,157,CORN,695.0,-300000000.0,notional_at_entry,short,-403090.0,short,332875583.0,0
2022-07-15 00:00:00+00:00,158,CORN,604.25,-300000000.0,notional_at_entry,short,-403090.0,short,369456000.5,0
2022-07-18 00:00:00+00:00,159,CORN,612.25,-300000000.0,notional_at_entry,short,-403090.0,short,366231280.5,0
2022-07-19 00:00:00+00:00,160,CORN,596.75,-300000000.0,notional_at_entry,short,-403090.0,short,372479175.5,0
2022-07-20 00:00:00+00:00,161,CORN,592.25,300000000.0,notional_at_entry,long,506542.0,long,374293080.5,1
2022-07-21 00:00:00+00:00,162,CORN,575.75,300000000.0,notional_at_entry,long,506542.0,long,365935137.5,0
2022-07-22 00:00:00+00:00,163,CORN,564.25,300000000.0,notional_at_entry,long,506542.0,long,360109904.5,0
2022-07-25 00:00:00+00:00,164,CORN,580.0,300000000.0,notional_at_entry,long,506542.0,long,368087941.0,0
2022-07-26 00:00:00+00:00,165,CORN,597.0,300000000.0,notional_at_entry,long,506542.0,long,376699155.0,0
2022-07-27 00:00:00+00:00,166,CORN,600.25,300000000.0,notional_at_entry,long,506542.0,long,378345416.5,0
2022-07-28 00:00:00+00:00,167,CORN,615.0,300000000.0,notional_at_entry,long,506542.0,long,385816911.0,0
2022-07-29 00:00:00+00:00,168,CORN,616.25,300000000.0,notional_at_entry,long,506542.0,long,386450088.5,0
2022-08-01 00:00:00+00:00,169,CORN,607.0,300000000.0,notional_at_entry,long,506542.0,long,381764575.0,0
2022-08-02 00:00:00+00:00,170,CORN,591.25,300000000.0,notional_at_entry,long,506542.0,long,373786538.5,0
2022-08-03 00:00:00+00:00,171,CORN,591.5,300000000.0,notional_at_entry,long,506542.0,long,373913174.0,0
2022-08-04 00:00:00+00:00,172,CORN,602.25,300000000.0,notional_at_entry,long,506542.0,long,379358500.5,0
2022-08-05 00:00:00+00:00,173,CORN,610.25,300000000.0,notional_at_entry,long,506542.0,long,383410836.5,0
2022-08-08 00:00:00+00:00,174,CORN,608.5,300000000.0,notional_at_entry,long,506542.0,long,382524388.0,0
2022-08-09 00:00:00+00:00,175,CORN,615.5,300000000.0,notional_at_entry,long,506542.0,long,386070182.0,0
2022-08-10 00:00:00+00:00,176,CORN,621.25,300000000.0,notional_at_entry,long,506542.0,long,388982798.5,0
2022-08-11 00:00:00+00:00,177,CORN,629.25,300000000.0,notional_at_entry,long,506542.0,long,393035134.5,0
2022-08-12 00:00:00+00:00,178,CORN,639.75,300000000.0,notional_at_entry,long,506542.0,long,398353825.5,0
2022-08-15 00:00:00+00:00,179,CORN,626.75,300000000.0,notional_at_entry,long,506542.0,long,391768779.5,0
2022-08-16 00:00:00+00:00,180,CORN,611.0,300000000.0,notional_at_entry,long,506542.0,long,383790743.0,0
2022-08-17 00:00:00+00:00,181,CORN,615.0,300000000.0,notional_at_entry,long,506542.0,long,385816911.0,0
2022-08-18 00:00:00+00:00,182,CORN,619.75,300000000.0,notional_at_entry,long,506542.0,long,388222985.5,0
2022-08-19 00:00:00+00:00,183,CORN,626.0,300000000.0,notional_at_entry,long,506542.0,long,391388873.0,0
2022-08-22 00:00:00+00:00,184,CORN,633.5,300000000.0,notional_at_entry,long,506542.0,long,395187938.0,0
2022-08-23 00:00:00+00:00,185,CORN,660.0,300000000.0,notional_at_entry,long,506542.0,long,408611301.0,0
2022-08-24 00:00:00+00:00,186,CORN,665.75,300000000.0,notional_at_entry,long,506542.0,long,411523917.5,0
2022-08-25 00:00:00+00:00,187,CORN,657.5,300000000.0,notional_at_entry,long,506542.0,long,407344946.0,0
2022-08-26 00:00:00+00:00,188,CORN,668.75,300000000.0,notional_at_entry,long,506542.0,long,413043543.5,0
2022-08-29 00:00:00+00:00,189,CORN,683.75,300000000.0,notional_at_entry,long,506542.0,long,420641673.5,0
2022-08-30 00:00:00+00:00,190,CORN,679.75,300000000.0,notional_at_entry,long,506542.0,long,418615505.5,0
2022-08-31 00:00:00+00:00,191,CORN,673.75,300000000.0,notional_at_entry,long,506542.0,long,415576253.5,0
2022-09-01 00:00:00+00:00,192,CORN,658.25,450000000.0,notional_at_entry,long,506542.0,long,407724852.5,0
2022-09-02 00:00:00+00:00,193,CORN,669.0,450000000.0,notional_at_entry,long,506542.0,long,413170179.0,0
2022-09-05 00:00:00+00:00,194,CORN,667.38,450000000.0,notional_at_entry,long,506542.0,long,412349580.96,0
2022-09-06 00:00:00+00:00,195,CORN,680.75,450000000.0,notional_at_entry,long,506542.0,long,419122047.5,0
2022-09-07 00:00:00+00:00,196,CORN,676.75,450000000.0,notional_at_entry,long,506542.0,long,417095879.5,0
2022-09-08 00:00:00+00:00,197,CORN,668.5,450000000.0,notional_at_entry,long,506542.0,long,412916908.0,0
2022-09-09 00:00:00+00:00,198,CORN,698.5,450000000.0,notional_at_entry,long,506542.0,long,428113168.0,0
2022-09-12 00:00:00+00:00,199,CORN,712.25,450000000.0,notional_at_entry,long,506542.0,long,435078120.5,0
2022-09-13 00:00:00+00:00,200,CORN,709.0,450000000.0,notional_at_entry,long,506542.0,long,433431859.0,0
2022-09-14 00:00:00+00:00,201,CORN,709.0,450000000.0,notional_at_entry,long,506542.0,long,433431859.0,0
2022-09-15 00:00:00+00:00,202,CORN,677.5,450000000.0,notional_at_entry,long,506542.0,long,417475786.0,0
2022-09-16 00:00:00+00:00,203,CORN,677.25,450000000.0,notional_at_entry,long,506542.0,long,417349150.5,0
2022-09-19 00:00:00+00:00,204,CORN,678.25,450000000.0,notional_at_entry,long,506542.0,long,417855692.5,0
2022-09-20 00:00:00+00:00,205,CORN,692.0,450000000.0,notional_at_entry,long,506542.0,long,424820645.0,0
2022-09-21 00:00:00+00:00,206,CORN,685.5,-300000000.0,notional_at_entry,short,-437636.0,short,421528122.0,1
2022-09-22 00:00:00+00:00,207,CORN,688.25,-300000000.0,notional_at_entry,short,-437636.0,short,420324623.0,0
2022-09-23 00:00:00+00:00,208,CORN,676.75,-300000000.0,notional_at_entry,short,-437636.0,short,425357437.0,0
2022-09-26 00:00:00+00:00,209,CORN,666.25,-300000000.0,notional_at_entry,short,-437636.0,short,429952615.0,0
2022-09-27 00:00:00+00:00,210,CORN,667.5,-300000000.0,notional_at_entry,short,-437636.0,short,429405570.0,0
2022-09-28 00:00:00+00:00,211,CORN,670.5,-300000000.0,notional_at_entry,short,-437636.0,short,428092662.0,0
2022-09-29 00:00:00+00:00,212,CORN,669.5,-300000000.0,notional_at_entry,short,-437636.0,short,428530298.0,0
2022-09-30 00:00:00+00:00,213,CORN,677.5,-300000000.0,notional_at_entry,short,-437636.0,short,425029210.0,0
2022-10-03 00:00:00+00:00,214,CORN,680.75,-300000000.0,notional_at_entry,short,-437636.0,short,423606893.0,0
2022-10-04 00:00:00+00:00,215,CORN,683.0,-300000000.0,notional_at_entry,short,-437636.0,short,422622212.0,0
2022-10-05 00:00:00+00:00,216,CORN,684.0,-300000000.0,notional_at_entry,short,-437636.0,short,422184576.0,0
2022-10-06 00:00:00+00:00,217,CORN,675.5,-300000000.0,notional_at_entry,short,-437636.0,short,425904482.0,0
2022-10-07 00:00:00+00:00,218,CORN,683.25,-300000000.0,notional_at_entry,short,-437636.0,short,422512803.0,0
2022-10-10 00:00:00+00:00,219,CORN,698.25,-300000000.0,notional_at_entry,short,-437636.0,short,415948263.0,0
2022-10-11 00:00:00+00:00,220,CORN,693.0,-300000000.0,notional_at_entry,short,-437636.0,short,418245852.0,0
2022-10-12 00:00:00+00:00,221,CORN,693.0,-300000000.0,notional_at_entry,short,-437636.0,short,418245852.0,0
2022-10-13 00:00:00+00:00,222,CORN,697.75,-300000000.0,notional_at_entry,short,-437636.0,short,416167081.0,0
2022-10-14 00:00:00+00:00,223,CORN,689.75,-300000000.0,notional_at_entry,short,-437636.0,short,419668169.0,0
2022-10-17 00:00:00+00:00,224,CORN,683.5,-300000000.0,notional_at_entry,short,-437636.0,short,422403394.0,0
2022-10-18 00:00:00+00:00,225,CORN,681.0,-300000000.0,notional_at_entry,short,-437636.0,short,423497484.0,0
2022-10-19 00:00:00+00:00,226,CORN,678.25,-300000000.0,notional_at_entry,short,-437636.0,short,424700983.0,0
2022-10-20 00:00:00+00:00,227,CORN,684.0,-300000000.0,notional_at_entry,short,-437636.0,short,422184576.0,0
2022-10-21 00:00:00+00:00,228,CORN,684.25,-300000000.0,notional_at_entry,short,-437636.0,short,422075167.0,0
2022-10-24 00:00:00+00:00,229,CORN,681.5,-300000000.0,notional_at_entry,short,-437636.0,short,423278666.0,0
2022-10-25 00:00:00+00:00,230,CORN,686.25,-300000000.0,notional_at_entry,short,-437636.0,short,421199895.0,0
2022-10-26 00:00:00+00:00,231,CORN,685.0,450000000.0,notional_at_entry,long,656934.0,long,421746940.0,1
2022-10-27 00:00:00+00:00,232,CORN,682.25,450000000.0,notional_at_entry,long,656934.0,long,419940371.5,0
2022-10-28 00:00:00+00:00,233,CORN,680.75,450000000.0,notional_at_entry,long,656934.0,long,418954970.5,0
2022-10-31 00:00:00+00:00,234,CORN,691.5,450000000.0,notional_at_entry,long,656934.0,long,426017011.0,0
2022-11-01 00:00:00+00:00,235,CORN,697.75,450000000.0,notional_at_entry,long,656934.0,long,430122848.5,0
2022-11-02 00:00:00+00:00,236,CORN,687.5,450000000.0,notional_at_entry,long,656934.0,long,423389275.0,0
2022-11-03 00:00:00+00:00,237,CORN,679.25,450000000.0,notional_at_entry,long,656934.0,long,417969569.5,0
2022-11-04 00:00:00+00:00,238,CORN,681.0,450000000.0,notional_at_entry,long,656934.0,long,419119204.0,0
2022-11-07 00:00:00+00:00,239,CORN,675.75,450000000.0,notional_at_entry,long,656934.0,long,415670300.5,0
2022-11-08 00:00:00+00:00,240,CORN,667.5,450000000.0,notional_at_entry,long,656934.0,long,410250595.0,0
2022-11-09 00:00:00+00:00,241,CORN,664.5,450000000.0,notional_at_entry,long,656934.0,long,408279793.0,0
2022-11-10 00:00:00+00:00,242,CORN,653.25,450000000.0,notional_at_entry,long,656934.0,long,400889285.5,0
2022-11-11 00:00:00+00:00,243,CORN,658.0,450000000.0,notional_at_entry,long,656934.0,long,404009722.0,0
2022-11-14 00:00:00+00:00,244,CORN,657.25,450000000.0,notional_at_entry,long,656934.0,long,403517021.5,0
2022-11-15 00:00:00+00:00,245,CORN,666.75,-300000000.0,notional_at_entry,short,-449943.0,short,409757894.5,1
2022-11-16 00:00:00+00:00,246,CORN,665.25,-300000000.0,notional_at_entry,short,-449943.0,short,410432809.0,0
2022-11-17 00:00:00+00:00,247,CORN,667.5,-300000000.0,notional_at_entry,short,-449943.0,short,409420437.25,0
2022-11-18 00:00:00+00:00,248,CORN,667.75,-300000000.0,notional_at_entry,short,-449943.0,short,409307951.5,0
2022-11-21 00:00:00+00:00,249,CORN,659.5,-300000000.0,notional_at_entry,short,-449943.0,short,413019981.25,0
2022-11-22 00:00:00+00:00,250,CORN,656.75,-300000000.0,notional_at_entry,short,-449943.0,short,414257324.5,0
2022-11-23 00:00:00+00:00,251,CORN,663.25,-300000000.0,notional_at_entry,short,-449943.0,short,411332695.0,0
2022-11-25 00:00:00+00:00,252,CORN,668.0,-300000000.0,notional_at_entry,short,-449943.0,short,409195465.75,0
2022-11-28 00:00:00+00:00,253,CORN,668.75,-300000000.0,notional_at_entry,short,-449943.0,short,408858008.5,0
2022-11-29 00:00:00+00:00,254,CORN,665.75,-300000000.0,notional_at_entry,short,-449943.0,short,410207837.5,0
2022-11-30 00:00:00+00:00,255,CORN,662.0,-300000000.0,notional_at_entry,short,-449943.0,short,411895123.75,0
2022-12-01 00:00:00+00:00,256,CORN,650.0,-300000000.0,notional_at_entry,short,-449943.0,short,417294439.75,0
2022-12-02 00:00:00+00:00,257,CORN,635.0,-300000000.0,notional_at_entry,short,-449943.0,short,424043584.75,0
2022-12-05 00:00:00+00:00,258,CORN,628.75,-300000000.0,notional_at_entry,short,-449943.0,short,426855728.5,0
2022-12-06 00:00:00+00:00,259,CORN,625.5,-300000000.0,notional_at_entry,short,-449943.0,short,428318043.25,0
2022-12-07 00:00:00+00:00,260,CORN,627.75,-300000000.0,notional_at_entry,short,-449943.0,short,427305671.5,0
2022-12-08 00:00:00+00:00,261,CORN,632.0,-300000000.0,notional_at_entry,short,-449943.0,short,425393413.75,0
2022-12-09 00:00:00+00:00,262,CORN,634.75,-300000000.0,notional_at_entry,short,-449943.0,short,424156070.5,0
2022-12-12 00:00:00+00:00,263,CORN,641.25,-300000000.0,notional_at_entry,short,-449943.0,short,421231441.0,0
2022-12-13 00:00:00+00:00,264,CORN,643.75,-300000000.0,notional_at_entry,short,-449943.0,short,420106583.5,0
2022-12-14 00:00:00+00:00,265,CORN,639.0,-300000000.0,notional_at_entry,short,-449943.0,short,422243812.75,0
2022-12-15 00:00:00+00:00,266,CORN,653.5,-300000000.0,notional_at_entry,short,-449943.0,short,415719639.25,0
2022-12-16 00:00:00+00:00,267,CORN,653.0,-300000000.0,notional_at_entry,short,-449943.0,short,415944610.75,0
2022-12-19 00:00:00+00:00,268,CORN,647.25,-300000000.0,notional_at_entry,short,-449943.0,short,418531783.0,0
2022-12-20 00:00:00+00:00,269,CORN,652.0,-300000000.0,notional_at_entry,short,-449943.0,short,416394553.75,0
2022-12-21 00:00:00+00:00,270,CORN,662.25,-300000000.0,notional_at_entry,short,-449943.0,short,411782638.0,0
2022-12-22 00:00:00+00:00,271,CORN,660.5,-300000000.0,notional_at_entry,short,-449943.0,short,412570038.25,0
2022-12-23 00:00:00+00:00,272,CORN,666.25,-300000000.0,notional_at_entry,short,-449943.0,short,409982866.0,0
2022-12-27 00:00:00+00:00,273,CORN,674.75,-300000000.0,notional_at_entry,short,-449943.0,short,406158350.5,0
2022-12-28 00:00:00+00:00,274,CORN,682.75,-300000000.0,notional_at_entry,short,-449943.0,short,402558806.5,0
2022-12-29 00:00:00+00:00,275,CORN,679.5,-300000000.0,notional_at_entry,short,-449943.0,short,404021121.25,0
2022-12-30 00:00:00+00:00,276,CORN,678.5,-300000000.0,notional_at_entry,short,-449943.0,short,404471064.25,0
2023-01-03 00:00:00+00:00,277,CORN,670.5,-300000000.0,notional_at_entry,short,-449943.0,short,408070608.25,0
2023-01-04 00:00:00+00:00,278,CORN,653.75,-300000000.0,notional_at_entry,short,-449943.0,short,415607153.5,0
2023-01-05 00:00:00+00:00,279,CORN,652.75,-300000000.0,notional_at_entry,short,-449943.0,short,416057096.5,0
2023-01-06 00:00:00+00:00,280,CORN,654.0,-300000000.0,notional_at_entry,short,-449943.0,short,415494667.75,0
2023-01-09 00:00:00+00:00,281,CORN,652.75,-300000000.0,notional_at_entry,short,-449943.0,short,416057096.5,0
2023-01-10 00:00:00+00:00,282,CORN,655.0,-300000000.0,notional_at_entry,short,-449943.0,short,415044724.75,0
2023-01-11 00:00:00+00:00,283,CORN,656.0,-300000000.0,notional_at_entry,short,-449943.0,short,414594781.75,0
2023-01-12 00:00:00+00:00,284,CORN,671.0,-300000000.0,notional_at_entry,short,-449943.0,short,407845636.75,0
2023-01-13 00:00:00+00:00,285,CORN,675.0,-300000000.0,notional_at_entry,short,-449943.0,short,406045864.75,0
2023-01-17 00:00:00+00:00,286,CORN,685.25,450000000.0,notional_at_entry,long,656694.0,long,401433949.0,1
2023-01-18 00:00:00+00:00,287,CORN,681.25,450000000.0,notional_at_entry,long,656694.0,long,398807173.0,0
2023-01-19 00:00:00+00:00,288,CORN,677.25,450000000.0,notional_at_entry,long,656694.0,long,396180397.0,0
2023-01-20 00:00:00+00:00,289,CORN,676.25,450000000.0,notional_at_entry,long,656694.0,long,395523703.0,0
2023-01-23 00:00:00+00:00,290,CORN,666.25,450000000.0,notional_at_entry,long,656694.0,long,388956763.0,0
2023-01-24 00:00:00+00:00,291,CORN,677.0,450000000.0,notional_at_entry,long,656694.0,long,396016223.5,0
2023-01-25 00:00:00+00:00,292,CORN,674.75,450000000.0,notional_at_entry,long,656694.0,long,394538662.0,0
2023-01-26 00:00:00+00:00,293,CORN,682.5,450000000.0,notional_at_entry,long,656694.0,long,399628040.5,0
2023-01-27 00:00:00+00:00,294,CORN,683.0,450000000.0,notional_at_entry,long,656694.0,long,399956387.5,0
2023-01-30 00:00:00+00:00,295,CORN,683.75,450000000.0,notional_at_entry,long,656694.0,long,400448908.0,0
2023-01-31 00:00:00+00:00,296,CORN,679.75,450000000.0,notional_at_entry,long,656694.0,long,397822132.0,0
2023-02-01 00:00:00+00:00,297,CORN,681.0,450000000.0,notional_at_entry,long,656694.0,long,398642999.5,0
2023-02-02 00:00:00+00:00,298,CORN,675.25,450000000.0,notional_at_entry,long,656694.0,long,394867009.0,0
2023-02-03 00:00:00+00:00,299,CORN,677.5,450000000.0,notional_at_entry,long,656694.0,long,396344570.5,0
2023-02-06 00:00:00+00:00,300,CORN,679.0,450000000.0,notional_at_entry,long,656694.0,long,397329611.5,0
2023-02-07 00:00:00+00:00,301,CORN,674.0,-300000000.0,notional_at_entry,short,-445103.0,short,394046141.5,1
2023-02-08 00:00:00+00:00,302,CORN,678.5,-300000000.0,notional_at_entry,short,-445103.0,short,392043178.0,0
2023-02-09 00:00:00+00:00,303,CORN,670.75,-300000000.0,notional_at_entry,short,-445103.0,short,395492726.25,0
2023-02-10 00:00:00+00:00,304,CORN,680.5,-300000000.0,notional_at_entry,short,-445103.0,short,391152972.0,0
2023-02-13 00:00:00+00:00,305,CORN,685.0,-300000000.0,notional_at_entry,short,-445103.0,short,389150008.5,0
2023-02-14 00:00:00+00:00,306,CORN,682.25,-300000000.0,notional_at_entry,short,-445103.0,short,390374041.75,0
2023-02-15 00:00:00+00:00,307,CORN,676.25,-300000000.0,notional_at_entry,short,-445103.0,short,393044659.75,0
2023-02-16 00:00:00+00:00,308,CORN,676.0,-300000000.0,notional_at_entry,short,-445103.0,short,393155935.5,0
2023-02-17 00:00:00+00:00,309,CORN,677.75,300000000.0,notional_at_entry,long,442641.0,long,392377005.25,1
2023-02-21 00:00:00+00:00,310,CORN,680.5,300000000.0,notional_at_entry,long,442641.0,long,393594268.0,0
2023-02-22 00:00:00+00:00,311,CORN,674.25,300000000.0,notional_at_entry,long,442641.0,long,390827761.75,0
2023-02-23 00:00:00+00:00,312,CORN,659.25,300000000.0,notional_at_entry,long,442641.0,long,384188146.75,0
2023-02-24 00:00:00+00:00,313,CORN,649.25,300000000.0,notional_at_entry,long,442641.0,long,379761736.75,0
2023-02-27 00:00:00+00:00,314,CORN,642.75,300000000.0,notional_at_entry,long,442641.0,long,376884570.25,0
2023-02-28 00:00:00+00:00,315,CORN,629.5,300000000.0,notional_at_entry,long,442641.0,long,371019577.0,0
2023-03-01 00:00:00+00:00,316,CORN,640.5,-300000000.0,notional_at_entry,short,-468384.0,short,375888628.0,1
2023-03-02 00:00:00+00:00,317,CORN,637.75,-300000000.0,notional_at_entry,short,-468384.0,short,377176684.0,0
2023-03-03 00:00:00+00:00,318,CORN,645.25,-300000000.0,notional_at_entry,short,-468384.0,short,373663804.0,0
2023-03-06 00:00:00+00:00,319,CORN,637.0,-300000000.0,notional_at_entry,short,-468384.0,short,377527972.0,0
2023-03-07 00:00:00+00:00,320,CORN,634.25,300000000.0,notional_at_entry,long,472999.0,long,378816028.0,1
2023-03-08 00:00:00+00:00,321,CORN,625.5,300000000.0,notional_at_entry,long,472999.0,long,374677286.75,0
2023-03-09 00:00:00+00:00,322,CORN,611.5,300000000.0,notional_at_entry,long,472999.0,long,368055300.75,0
2023-03-10 00:00:00+00:00,323,CORN,624.25,300000000.0,notional_at_entry,long,472999.0,long,374086038.0,0
2023-03-13 00:00:00+00:00,324,CORN,624.5,300000000.0,notional_at_entry,long,472999.0,long,374204287.75,0
2023-03-14 00:00:00+00:00,325,CORN,627.5,300000000.0,notional_at_entry,long,472999.0,long,375623284.75,0
2023-03-15 00:00:00+00:00,326,CORN,626.5,300000000.0,notional_at_entry,long,472999.0,long,375150285.75,0
2023-03-16 00:00:00+00:00,327,CORN,632.75,300000000.0,notional_at_entry,long,472999.0,long,378106529.5,0
2023-03-17 00:00:00+00:00,328,CORN,634.25,300000000.0,notional_at_entry,long,472999.0,long,378816028.0,0
2023-03-20 00:00:00+00:00,329,CORN,633.0,300000000.0,notional_at_entry,long,472999.0,long,378224779.25,0
2023-03-21 00:00:00+00:00,330,CORN,630.0,300000000.0,notional_at_entry,long,472999.0,long,376805782.25,0
2023-03-22 00:00:00+00:00,331,CORN,633.5,300000000.0,notional_at_entry,long,472999.0,long,378461278.75,0
2023-03-23 00:00:00+00:00,332,CORN,631.75,300000000.0,notional_at_entry,long,472999.0,long,377633530.5,0
2023-03-24 00:00:00+00:00,333,CORN,643.0,300000000.0,notional_at_entry,long,472999.0,long,382954769.25,0
2023-03-27 00:00:00+00:00,334,CORN,648.25,300000000.0,notional_at_entry,long,472999.0,long,385438014.0,0
2023-03-28 00:00:00+00:00,335,CORN,647.25,300000000.0,notional_at_entry,long,472999.0,long,384965015.0,0
2023-03-29 00:00:00+00:00,336,CORN,650.5,300000000.0,notional_at_entry,long,472999.0,long,386502261.75,0
2023-03-30 00:00:00+00:00,337,CORN,649.5,300000000.0,notional_at_entry,long,472999.0,long,386029262.75,0
2023-03-31 00:00:00+00:00,338,CORN,660.5,300000000.0,notional_at_entry,long,472999.0,long,391232251.75,0
2023-04-03 00:00:00+00:00,339,CORN,657.75,300000000.0,notional_at_entry,long,472999.0,long,389931504.5,0
2023-04-04 00:00:00+00:00,340,CORN,653.75,300000000.0,notional_at_entry,long,472999.0,long,388039508.5,0
2023-04-05 00:00:00+00:00,341,CORN,652.75,300000000.0,notional_at_entry,long,472999.0,long,387566509.5,0
2023-04-06 00:00:00+00:00,342,CORN,643.5,300000000.0,notional_at_entry,long,472999.0,long,383191268.75,0
2023-04-07 00:00:00+00:00,343,CORN,643.5,300000000.0,notional_at_entry,long,472999.0,long,383191268.75,0
2023-04-10 00:00:00+00:00,344,CORN,654.0,300000000.0,notional_at_entry,long,472999.0,long,388157758.25,0
2023-04-11 00:00:00+00:00,345,CORN,651.0,-450000000.0,notional_at_entry,short,-691244.0,short,386738761.25,1
2023-04-12 00:00:00+00:00,346,CORN,656.0,-450000000.0,notional_at_entry,short,-691244.0,short,383282541.25,0
2023-04-13 00:00:00+00:00,347,CORN,652.25,-450000000.0,notional_at_entry,short,-691244.0,short,385874706.25,0
2023-04-14 00:00:00+00:00,348,CORN,666.25,-450000000.0,notional_at_entry,short,-691244.0,short,376197290.25,0
2023-04-17 00:00:00+00:00,349,CORN,676.5,-450000000.0,notional_at_entry,short,-691244.0,short,369112039.25,0
2023-04-18 00:00:00+00:00,350,CORN,677.5,-450000000.0,notional_at_entry,short,-691244.0,short,368420795.25,0
2023-04-19 00:00:00+00:00,351,CORN,672.25,-450000000.0,notional_at_entry,short,-691244.0,short,372049826.25,0
2023-04-20 00:00:00+00:00,352,CORN,663.75,-450000000.0,notional_at_entry,short,-691244.0,short,377925400.25,0
2023-04-21 00:00:00+00:00,353,CORN,663.25,450000000.0,notional_at_entry,long,678477.0,long,378271022.25,1
2023-04-24 00:00:00+00:00,354,CORN,651.25,450000000.0,notional_at_entry,long,678477.0,long,370129298.25,0
2023-04-25 00:00:00+00:00,355,CORN,646.5,450000000.0,notional_at_entry,long,678477.0,long,366906532.5,0
2023-04-26 00:00:00+00:00,356,CORN,641.5,450000000.0,notional_at_entry,long,678477.0,long,363514147.5,0
2023-04-27 00:00:00+00:00,357,CORN,627.0,300000000.0,notional_at_entry,long,678477.0,long,353676231.0,0
2023-04-28 00:00:00+00:00,358,CORN,636.0,300000000.0,notional_at_entry,long,678477.0,long,359782524.0,0
2023-05-01 00:00:00+00:00,359,CORN,639.5,300000000.0,notional_at_entry,long,678477.0,long,362157193.5,0
2023-05-02 00:00:00+00:00,360,CORN,638.0,-450000000.0,notional_at_entry,short,-705329.0,short,361139478.0,1
2023-05-03 00:00:00+00:00,361,CORN,645.25,-450000000.0,notional_at_entry,short,-705329.0,short,356025842.75,0
2023-05-04 00:00:00+00:00,362,CORN,646.5,-450000000.0,notional_at_entry,short,-705329.0,short,355144181.5,0
2023-05-05 00:00:00+00:00,363,CORN,653.25,-450000000.0,notional_at_entry,short,-705329.0,short,350383210.75,0
2023-05-08 00:00:00+00:00,364,CORN,656.5,-450000000.0,notional_at_entry,short,-705329.0,short,348090891.5,0
2023-05-09 00:00:00+00:00,365,CORN,642.25,-450000000.0,notional_at_entry,short,-705329.0,short,358141829.75,0
2023-05-10 00:00:00+00:00,366,CORN,645.5,-450000000.0,notional_at_entry,short,-705329.0,short,355849510.5,0
2023-05-11 00:00:00+00:00,367,CORN,632.5,-450000000.0,notional_at_entry,short,-705329.0,short,365018787.5,0
2023-05-12 00:00:00+00:00,368,CORN,633.25,-450000000.0,notional_at_entry,short,-705329.0,short,364489790.75,0
2023-05-15 00:00:00+00:00,369,CORN,592.5,-450000000.0,notional_at_entry,short,-705329.0,short,393231947.5,0
2023-05-16 00:00:00+00:00,370,CORN,581.25,-450000000.0,notional_at_entry,short,-705329.0,short,401166898.75,0
2023-05-17 00:00:00+00:00,371,CORN,561.5,300000000.0,notional_at_entry,long,534283.0,long,415097146.5,1
2023-05-18 00:00:00+00:00,372,CORN,555.25,300000000.0,notional_at_entry,long,534283.0,long,411757877.75,0
2023-05-19 00:00:00+00:00,373,CORN,554.5,300000000.0,notional_at_entry,long,534283.0,long,411357165.5,0
2023-05-22 00:00:00+00:00,374,CORN,571.0,300000000.0,notional_at_entry,long,534283.0,long,420172835.0,0
2023-05-23 00:00:00+00:00,375,CORN,577.5,300000000.0,notional_at_entry,long,534283.0,long,423645674.5,0
2023-05-24 00:00:00+00:00,376,CORN,587.25,300000000.0,notional_at_entry,long,534283.0,long,428854933.75,0
2023-05-25 00:00:00+00:00,377,CORN,590.75,300000000.0,notional_at_entry,long,534283.0,long,430724924.25,0
2023-05-26 00:00:00+00:00,378,CORN,604.0,300000000.0,notional_at_entry,long,534283.0,long,437804174.0,0
2023-05-30 00:00:00+00:00,379,CORN,594.0,300000000.0,notional_at_entry,long,534283.0,long,432461344.0,0
2023-05-31 00:00:00+00:00,380,CORN,594.0,300000000.0,notional_at_entry,long,534283.0,long,432461344.0,0
2023-06-01 00:00:00+00:00,381,CORN,592.5,300000000.0,notional_at_entry,long,534283.0,long,431659919.5,0
2023-06-02 00:00:00+00:00,382,CORN,609.0,300000000.0,notional_at_entry,long,534283.0,long,440475589.0,0
2023-06-05 00:00:00+00:00,383,CORN,597.5,300000000.0,notional_at_entry,long,534283.0,long,434331334.5,0
2023-06-06 00:00:00+00:00,384,CORN,608.0,300000000.0,notional_at_entry,long,534283.0,long,439941306.0,0
2023-06-07 00:00:00+00:00,385,CORN,604.25,300000000.0,notional_at_entry,long,534283.0,long,437937744.75,0
2023-06-08 00:00:00+00:00,386,CORN,610.25,300000000.0,notional_at_entry,long,534283.0,long,441143442.75,0
2023-06-09 00:00:00+00:00,387,CORN,604.25,300000000.0,notional_at_entry,long,534283.0,long,437937744.75,0
2023-06-12 00:00:00+00:00,388,CORN,617.25,300000000.0,notional_at_entry,long,534283.0,long,444883423.75,0
2023-06-13 00:00:00+00:00,389,CORN,612.5,300000000.0,notional_at_entry,long,534283.0,long,442345579.5,0
2023-06-14 00:00:00+00:00,390,CORN,607.75,-450000000.0,notional_at_entry,short,-740436.0,short,439807735.25,1
2023-06-15 00:00:00+00:00,391,CORN,623.25,-450000000.0,notional_at_entry,short,-740436.0,short,428330977.25,0
2023-06-16 00:00:00+00:00,392,CORN,640.25,-450000000.0,notional_at_entry,short,-740436.0,short,415743565.25,0
2023-06-20 00:00:00+00:00,393,CORN,643.75,-450000000.0,notional_at_entry,short,-740436.0,short,413152039.25,0
2023-06-21 00:00:00+00:00,394,CORN,671.0,-450000000.0,notional_at_entry,short,-740436.0,short,392975158.25,0
2023-06-22 00:00:00+00:00,395,CORN,660.5,-450000000.0,notional_at_entry,short,-740436.0,short,400749736.25,0
2023-06-23 00:00:00+00:00,396,CORN,630.75,-450000000.0,notional_at_entry,short,-740436.0,short,422777707.25,0
2023-06-26 00:00:00+00:00,397,CORN,637.25,-450000000.0,notional_at_entry,short,-740436.0,short,417964873.25,0
2023-06-27 00:00:00+00:00,398,CORN,623.0,-450000000.0,notional_at_entry,short,-740436.0,short,428516086.25,0
2023-06-28 00:00:00+00:00,399,CORN,590.0,-450000000.0,notional_at_entry,short,-740436.0,short,452950474.25,0
2023-06-29 00:00:00+00:00,400,CORN,581.0,-450000000.0,notional_at_entry,short,-740436.0,short,459614398.25,0
2023-06-30 00:00:00+00:00,401,CORN,554.5,-450000000.0,notional_at_entry,short,-740436.0,short,479235952.25,0
2023-07-03 00:00:00+00:00,402,CORN,557.25,-450000000.0,notional_at_entry,short,-740436.0,short,477199753.25,0
2023-07-05 00:00:00+00:00,403,CORN,548.25,-450000000.0,notional_at_entry,short,-740436.0,short,483863677.25,0
2023-07-06 00:00:00+00:00,404,CORN,566.75,-450000000.0,notional_at_entry,short,-740436.0,short,470165611.25,0
2023-07-07 00:00:00+00:00,405,CORN,560.5,-450000000.0,notional_at_entry,short,-740436.0,short,474793336.25,0
2023-07-10 00:00:00+00:00,406,CORN,570.75,-450000000.0,notional_at_entry,short,-740436.0,short,467203867.25,0
2023-07-11 00:00:00+00:00,407,CORN,571.75,-450000000.0,notional_at_entry,short,-740436.0,short,466463431.25,0
2023-07-12 00:00:00+00:00,408,CORN,549.75,-450000000.0,notional_at_entry,short,-740436.0,short,482753023.25,0
2023-07-13 00:00:00+00:00,409,CORN,593.5,-450000000.0,notional_at_entry,short,-740436.0,short,450358948.25,0
2023-07-14 00:00:00+00:00,410,CORN,599.75,-450000000.0,notional_at_entry,short,-740436.0,short,445731223.25,0
2023-07-17 00:00:00+00:00,411,CORN,499.25,-450000000.0,notional_at_entry,short,-740436.0,short,520145041.25,0
2023-07-18 00:00:00+00:00,412,CORN,528.75,-450000000.0,notional_at_entry,short,-740436.0,short,498302179.25,0
2023-07-19 00:00:00+00:00,413,CORN,545.5,-450000000.0,notional_at_entry,short,-740436.0,short,485899876.25,0
2023-07-20 00:00:00+00:00,414,CORN,537.25,-450000000.0,notional_at_entry,short,-740436.0,short,492008473.25,0
2023-07-21 00:00:00+00:00,415,CORN,527.0,-450000000.0,notional_at_entry,short,-740436.0,short,499597942.25,0
2023-07-24 00:00:00+00:00,416,CORN,560.5,-450000000.0,notional_at_entry,short,-740436.0,short,474793336.25,0
2023-07-25 00:00:00+00:00,417,CORN,557.5,-450000000.0,notional_at_entry,short,-740436.0,short,477014644.25,0
2023-07-26 00:00:00+00:00,418,CORN,540.25,-450000000.0,notional_at_entry,short,-740436.0,short,489787165.25,0
2023-07-27 00:00:00+00:00,419,CORN,533.25,-450000000.0,notional_at_entry,short,-740436.0,short,494970217.25,0
2023-07-28 00:00:00+00:00,420,CORN,521.0,-450000000.0,notional_at_entry,short,-740436.0,short,504040558.25,0
2023-07-31 00:00:00+00:00,421,CORN,504.0,-450000000.0,notional_at_entry,short,-740436.0,short,516627970.25,0
2023-08-01 00:00:00+00:00,422,CORN,497.0,-450000000.0,notional_at_entry,short,-740436.0,short,521811022.25,0
2023-08-02 00:00:00+00:00,423,CORN,488.25,-450000000.0,notional_at_entry,short,-740436.0,short,528289837.25,0
2023-08-03 00:00:00+00:00,424,CORN,480.75,-450000000.0,notional_at_entry,short,-740436.0,short,533843107.25,0
2023-08-04 00:00:00+00:00,425,CORN,484.25,-450000000.0,notional_at_entry,short,-740436.0,short,531251581.25,0
2023-08-07 00:00:00+00:00,426,CORN,482.25,-450000000.0,notional_at_entry,short,-740436.0,short,532732453.25,0
2023-08-08 00:00:00+00:00,427,CORN,485.75,-450000000.0,notional_at_entry,short,-740436.0,short,530140927.25,0
2023-08-09 00:00:00+00:00,428,CORN,481.0,-450000000.0,notional_at_entry,short,-740436.0,short,533657998.25,0
2023-08-10 00:00:00+00:00,429,CORN,483.25,-450000000.0,notional_at_entry,short,-740436.0,short,531992017.25,0
2023-08-11 00:00:00+00:00,430,CORN,474.5,-450000000.0,notional_at_entry,short,-740436.0,short,538470832.25,0
2023-08-14 00:00:00+00:00,431,CORN,475.75,-450000000.0,notional_at_entry,short,-740436.0,short,537545287.25,0
2023-08-15 00:00:00+00:00,432,CORN,464.0,-450000000.0,notional_at_entry,short,-740436.0,short,546245410.25,0
2023-08-16 00:00:00+00:00,433,CORN,469.5,-450000000.0,notional_at_entry,short,-740436.0,short,542173012.25,0
2023-08-17 00:00:00+00:00,434,CORN,473.0,-450000000.0,notional_at_entry,short,-740436.0,short,539581486.25,0
2023-08-18 00:00:00+00:00,435,CORN,479.5,-450000000.0,notional_at_entry,short,-740436.0,short,534768652.25,0
2023-08-21 00:00:00+00:00,436,CORN,469.25,-450000000.0,notional_at_entry,short,-740436.0,short,542358121.25,0
2023-08-22 00:00:00+00:00,437,CORN,466.5,-450000000.0,notional_at_entry,short,-740436.0,short,544394320.25,0
2023-08-23 00:00:00+00:00,438,CORN,476.25,-450000000.0,notional_at_entry,short,-740436.0,short,537175069.25,0
2023-08-24 00:00:00+00:00,439,CORN,472.25,-450000000.0,notional_at_entry,short,-740436.0,short,540136813.25,0
2023-08-25 00:00:00+00:00,440,CORN,470.75,-450000000.0,notional_at_entry,short,-740436.0,short,541247467.25,0
2023-08-28 00:00:00+00:00,441,CORN,478.5,-450000000.0,notional_at_entry,short,-740436.0,short,535509088.25,0
2023-08-29 00:00:00+00:00,442,CORN,469.5,-450000000.0,notional_at_entry,short,-740436.0,short,542173012.25,0
2023-08-30 00:00:00+00:00,443,CORN,461.75,-450000000.0,notional_at_entry,short,-740436.0,short,547911391.25,0
2023-08-31 00:00:00+00:00,444,CORN,461.0,-450000000.0,notional_at_entry,short,-740436.0,short,548466718.25,0
2023-09-01 00:00:00+00:00,445,CORN,464.75,-450000000.0,notional_at_entry,short,-740436.0,short,545690083.25,0
2023-09-05 00:00:00+00:00,446,CORN,471.0,-450000000.0,notional_at_entry,short,-740436.0,short,541062358.25,0
2023-09-06 00:00:00+00:00,447,CORN,471.5,450000000.0,notional_at_entry,long,954400.0,long,540692140.25,1
2023-09-07 00:00:00+00:00,448,CORN,470.75,450000000.0,notional_at_entry,long,954400.0,long,539976340.25,0
2023-09-08 00:00:00+00:00,449,CORN,468.5,450000000.0,notional_at_entry,long,954400.0,long,537828940.25,0
2023-09-11 00:00:00+00:00,450,CORN,471.25,450000000.0,notional_at_entry,long,954400.0,long,540453540.25,0
2023-09-12 00:00:00+00:00,451,CORN,463.25,450000000.0,notional_at_entry,long,954400.0,long,532818340.25,0
2023-09-13 00:00:00+00:00,452,CORN,464.0,450000000.0,notional_at_entry,long,954400.0,long,533534140.25,0
2023-09-14 00:00:00+00:00,453,CORN,462.5,450000000.0,notional_at_entry,long,954400.0,long,532102540.25,0
2023-09-15 00:00:00+00:00,454,CORN,476.25,-300000000.0,notional_at_entry,short,-629921.0,short,545225540.25,1
2023-09-18 00:00:00+00:00,455,CORN,471.5,-300000000.0,notional_at_entry,short,-629921.0,short,548217665.0,0
2023-09-19 00:00:00+00:00,456,CORN,476.25,-300000000.0,notional_at_entry,short,-629921.0,short,545225540.25,0
2023-09-20 00:00:00+00:00,457,CORN,482.25,-300000000.0,notional_at_entry,short,-629921.0,short,541446014.25,0
2023-09-21 00:00:00+00:00,458,CORN,475.25,-300000000.0,notional_at_entry,short,-629921.0,short,545855461.25,0
2023-09-22 00:00:00+00:00,459,CORN,477.25,-300000000.0,notional_at_entry,short,-629921.0,short,544595619.25,0
2023-09-25 00:00:00+00:00,460,CORN,481.25,-300000000.0,notional_at_entry,short,-629921.0,short,542075935.25,0
2023-09-26 00:00:00+00:00,461,CORN,479.75,-300000000.0,notional_at_entry,short,-629921.0,short,543020816.75,0
2023-09-27 00:00:00+00:00,462,CORN,483.25,-300000000.0,notional_at_entry,short,-629921.0,short,540816093.25,0
2023-09-28 00:00:00+00:00,463,CORN,488.5,-300000000.0,notional_at_entry,short,-629921.0,short,537509008.0,0
2023-09-29 00:00:00+00:00,464,CORN,476.75,300000000.0,notional_at_entry,long,629260.0,long,544910579.75,1
2023-10-02 00:00:00+00:00,465,CORN,488.75,300000000.0,notional_at_entry,long,629260.0,long,552461699.75,0
2023-10-03 00:00:00+00:00,466,CORN,487.5,300000000.0,notional_at_entry,long,629260.0,long,551675124.75,0
2023-10-04 00:00:00+00:00,467,CORN,486.0,300000000.0,notional_at_entry,long,629260.0,long,550731234.75,0
2023-10-05 00:00:00+00:00,468,CORN,497.5,300000000.0,notional_at_entry,long,629260.0,long,557967724.75,0
2023-10-06 00:00:00+00:00,469,CORN,492.0,300000000.0,notional_at_entry,long,629260.0,long,554506794.75,0
2023-10-09 00:00:00+00:00,470,CORN,488.25,300000000.0,notional_at_entry,long,629260.0,long,552147069.75,0
2023-10-10 00:00:00+00:00,471,CORN,485.5,300000000.0,notional_at_entry,long,629260.0,long,550416604.75,0
2023-10-11 00:00:00+00:00,472,CORN,488.0,300000000.0,notional_at_entry,long,629260.0,long,551989754.75,0
2023-10-12 00:00:00+00:00,473,CORN,496.0,300000000.0,notional_at_entry,long,629260.0,long,557023834.75,0
2023-10-13 00:00:00+00:00,474,CORN,493.25,300000000.0,notional_at_entry,long,629260.0,long,555293369.75,0
2023-10-16 00:00:00+00:00,475,CORN,490.0,300000000.0,notional_at_entry,long,629260.0,long,553248274.75,0
2023-10-17 00:00:00+00:00,476,CORN,489.0,300000000.0,notional_at_entry,long,629260.0,long,552619014.75,0
2023-10-18 00:00:00+00:00,477,CORN,492.0,300000000.0,notional_at_entry,long,629260.0,long,554506794.75,0
2023-10-19 00:00:00+00:00,478,CORN,505.0,300000000.0,notional_at_entry,long,629260.0,long,562687174.75,0
2023-10-20 00:00:00+00:00,479,CORN,495.5,300000000.0,notional_at_entry,long,629260.0,long,556709204.75,0
2023-10-23 00:00:00+00:00,480,CORN,490.25,300000000.0,notional_at_entry,long,629260.0,long,553405589.75,0
2023-10-24 00:00:00+00:00,481,CORN,484.0,-300000000.0,notional_at_entry,short,-619834.0,short,549472714.75,1
2023-10-25 00:00:00+00:00,482,CORN,480.0,-300000000.0,notional_at_entry,short,-619834.0,short,551952050.75,0
2023-10-26 00:00:00+00:00,483,CORN,479.25,-300000000.0,notional_at_entry,short,-619834.0,short,552416926.25,0
2023-10-27 00:00:00+00:00,484,CORN,480.75,-300000000.0,notional_at_entry,short,-619834.0,short,551487175.25,0
2023-10-30 00:00:00+00:00,485,CORN,478.25,-300000000.0,notional_at_entry,short,-619834.0,short,553036760.25,0
2023-10-31 00:00:00+00:00,486,CORN,478.75,-300000000.0,notional_at_entry,short,-619834.0,short,552726843.25,0
2023-11-01 00:00:00+00:00,487,CORN,475.0,-300000000.0,notional_at_entry,short,-619834.0,short,555051220.75,0
2023-11-02 00:00:00+00:00,488,CORN,470.0,-300000000.0,notional_at_entry,short,-619834.0,short,558150390.75,0
2023-11-03 00:00:00+00:00,489,CORN,477.25,-300000000.0,notional_at_entry,short,-619834.0,short,553656594.25,0
2023-11-06 00:00:00+00:00,490,CORN,477.25,-300000000.0,notional_at_entry,short,-619834.0,short,553656594.25,0
2023-11-07 00:00:00+00:00,491,CORN,468.5,300000000.0,notional_at_entry,long,640341.0,long,559080141.75,1
2023-11-08 00:00:00+00:00,492,CORN,476.0,300000000.0,notional_at_entry,long,640341.0,long,563882699.25,0
2023-11-09 00:00:00+00:00,493,CORN,468.0,300000000.0,notional_at_entry,long,640341.0,long,558759971.25,0
2023-11-10 00:00:00+00:00,494,CORN,464.0,300000000.0,notional_at_entry,long,640341.0,long,556198607.25,0
2023-11-13 00:00:00+00:00,495,CORN,477.25,300000000.0,notional_at_entry,long,640341.0,long,564683125.5,0
2023-11-14 00:00:00+00:00,496,CORN,478.25,300000000.0,notional_at_entry,long,640341.0,long,565323466.5,0
2023-11-15 00:00:00+00:00,497,CORN,488.5,300000000.0,notional_at_entry,long,640341.0,long,571886961.75,0
2023-11-16 00:00:00+00:00,498,CORN,493.25,300000000.0,notional_at_entry,long,640341.0,long,574928581.5,0
2023-11-17 00:00:00+00:00,499,CORN,485.25,300000000.0,notional_at_entry,long,640341.0,long,569805853.5,0
2023-11-20 00:00:00+00:00,500,CORN,487.5,300000000.0,notional_at_entry,long,640341.0,long,571246620.75,0
2023-11-21 00:00:00+00:00,501,CORN,489.0,300000000.0,notional_at_entry,long,640341.0,long,572207132.25,0
2023-11-22 00:00:00+00:00,502,CORN,487.75,300000000.0,notional_at_entry,long,640341.0,long,571406706.0,0
2023-11-24 00:00:00+00:00,503,CORN,482.5,300000000.0,notional_at_entry,long,640341.0,long,568044915.75,0
2023-11-27 00:00:00+00:00,504,CORN,475.25,300000000.0,notional_at_entry,long,640341.0,long,563402443.5,0
2023-11-28 00:00:00+00:00,505,CORN,473.5,300000000.0,notional_at_entry,long,640341.0,long,562281846.75,0
2023-11-29 00:00:00+00:00,506,CORN,475.75,300000000.0,notional_at_entry,long,640341.0,long,563722614.0,0
2023-11-30 00:00:00+00:00,507,CORN,482.75,300000000.0,notional_at_entry,long,640341.0,long,568205001.0,0
2023-12-01 00:00:00+00:00,508,CORN,464.5,300000000.0,notional_at_entry,long,640341.0,long,556518777.75,0
2023-12-04 00:00:00+00:00,509,CORN,460.25,300000000.0,notional_at_entry,long,640341.0,long,553797328.5,0
2023-12-05 00:00:00+00:00,510,CORN,468.5,300000000.0,notional_at_entry,long,640341.0,long,559080141.75,0
2023-12-06 00:00:00+00:00,511,CORN,464.75,-300000000.0,notional_at_entry,short,-645508.0,short,556678863.0,1
2023-12-07 00:00:00+00:00,512,CORN,468.25,-300000000.0,notional_at_entry,short,-645508.0,short,554419585.0,0
2023-12-08 00:00:00+00:00,513,CORN,465.75,-300000000.0,notional_at_entry,short,-645508.0,short,556033355.0,0
2023-12-11 00:00:00+00:00,514,CORN,460.5,-300000000.0,notional_at_entry,short,-645508.0,short,559422272.0,0
2023-12-12 00:00:00+00:00,515,CORN,462.5,-300000000.0,notional_at_entry,short,-645508.0,short,558131256.0,0
2023-12-13 00:00:00+00:00,516,CORN,456.75,-300000000.0,notional_at_entry,short,-645508.0,short,561842927.0,0
2023-12-14 00:00:00+00:00,517,CORN,456.75,-300000000.0,notional_at_entry,short,-645508.0,short,561842927.0,0
2023-12-15 00:00:00+00:00,518,CORN,483.0,300000000.0,notional_at_entry,long,621118.0,long,544898342.0,1
2023-12-18 00:00:00+00:00,519,CORN,477.0,300000000.0,notional_at_entry,long,621118.0,long,541171634.0,0
2023-12-19 00:00:00+00:00,520,CORN,472.75,300000000.0,notional_at_entry,long,621118.0,long,538531882.5,0
2023-12-20 00:00:00+00:00,521,CORN,469.75,300000000.0,notional_at_entry,long,621118.0,long,536668528.5,0
2023-12-21 00:00:00+00:00,522,CORN,472.5,300000000.0,notional_at_entry,long,621118.0,long,538376603.0,0
2023-12-22 00:00:00+00:00,523,CORN,473.0,300000000.0,notional_at_entry,long,621118.0,long,538687162.0,0
2023-12-26 00:00:00+00:00,524,CORN,480.25,300000000.0,notional_at_entry,long,621118.0,long,543190267.5,0
2023-12-27 00:00:00+00:00,525,CORN,476.5,300000000.0,notional_at_entry,long,621118.0,long,540861075.0,0
2023-12-28 00:00:00+00:00,526,CORN,474.25,300000000.0,notional_at_entry,long,621118.0,long,539463559.5,0
2023-12-29 00:00:00+00:00,527,CORN,471.25,300000000.0,notional_at_entry,long,621118.0,long,537600205.5,0
2024-01-02 00:00:00+00:00,528,CORN,463.75,300000000.0,notional_at_entry,long,621118.0,long,532941820.5,0
2024-01-03 00:00:00+00:00,529,CORN,465.25,300000000.0,notional_at_entry,long,621118.0,long,533873497.5,0
2024-01-04 00:00:00+00:00,530,CORN,466.5,300000000.0,notional_at_entry,long,621118.0,long,534649895.0,0
2024-01-05 00:00:00+00:00,531,CORN,460.75,300000000.0,notional_at_entry,long,621118.0,long,531078466.5,0
2024-01-08 00:00:00+00:00,532,CORN,455.0,300000000.0,notional_at_entry,long,621118.0,long,527507038.0,0
2024-01-09 00:00:00+00:00,533,CORN,459.25,300000000.0,notional_at_entry,long,621118.0,long,530146789.5,0
2024-01-10 00:00:00+00:00,534,CORN,459.5,300000000.0,notional_at_entry,long,621118.0,long,530302069.0,0
2024-01-11 00:00:00+00:00,535,CORN,457.75,300000000.0,notional_at_entry,long,621118.0,long,529215112.5,0
2024-01-12 00:00:00+00:00,536,CORN,447.0,300000000.0,notional_at_entry,long,621118.0,long,522538094.0,0
2024-01-16 00:00:00+00:00,537,CORN,443.5,300000000.0,notional_at_entry,long,621118.0,long,520364181.0,0
2024-01-17 00:00:00+00:00,538,CORN,442.25,450000000.0,notional_at_entry,long,621118.0,long,519587783.5,0
2024-01-18 00:00:00+00:00,539,CORN,444.0,450000000.0,notional_at_entry,long,621118.0,long,520674740.0,0
2024-01-19 00:00:00+00:00,540,CORN,445.5,-300000000.0,notional_at_entry,short,-673400.0,short,521606417.0,1
2024-01-22 00:00:00+00:00,541,CORN,445.75,-300000000.0,notional_at_entry,short,-673400.0,short,521438067.0,0
2024-01-23 00:00:00+00:00,542,CORN,446.5,-300000000.0,notional_at_entry,short,-673400.0,short,520933017.0,0
2024-01-24 00:00:00+00:00,543,CORN,452.25,-300000000.0,notional_at_entry,short,-673400.0,short,517060967.0,0
2024-01-25 00:00:00+00:00,544,CORN,451.75,-300000000.0,notional_at_entry,short,-673400.0,short,517397667.0,0
2024-01-26 00:00:00+00:00,545,CORN,446.25,-300000000.0,notional_at_entry,short,-673400.0,short,521101367.0,0
2024-01-29 00:00:00+00:00,546,CORN,440.25,-300000000.0,notional_at_entry,short,-673400.0,short,525141767.0,0
2024-01-30 00:00:00+00:00,547,CORN,447.75,-300000000.0,notional_at_entry,short,-673400.0,short,520091267.0,0
2024-01-31 00:00:00+00:00,548,CORN,448.25,-300000000.0,notional_at_entry,short,-673400.0,short,519754567.0,0
2024-02-01 00:00:00+00:00,549,CORN,447.25,-300000000.0,notional_at_entry,short,-673400.0,short,520427967.0,0
2024-02-02 00:00:00+00:00,550,CORN,442.75,-300000000.0,notional_at_entry,short,-673400.0,short,523458267.0,0
2024-02-05 00:00:00+00:00,551,CORN,442.75,-300000000.0,notional_at_entry,short,-673400.0,short,523458267.0,0
2024-02-06 00:00:00+00:00,552,CORN,438.75,-300000000.0,notional_at_entry,short,-673400.0,short,526151867.0,0
2024-02-07 00:00:00+00:00,553,CORN,434.25,-300000000.0,notional_at_entry,short,-673400.0,short,529182167.0,0
2024-02-08 00:00:00+00:00,554,CORN,433.25,-300000000.0,notional_at_entry,short,-673400.0,short,529855567.0,0
2024-02-09 00:00:00+00:00,555,CORN,429.0,-300000000.0,notional_at_entry,short,-673400.0,short,532717517.0,0
2024-02-12 00:00:00+00:00,556,CORN,430.5,-300000000.0,notional_at_entry,short,-673400.0,short,531707417.0,0
2024-02-13 00:00:00+00:00,557,CORN,430.75,-300000000.0,notional_at_entry,short,-673400.0,short,531539067.0,0
2024-02-14 00:00:00+00:00,558,CORN,424.25,-300000000.0,notional_at_entry,short,-673400.0,short,535916167.0,0
2024-02-15 00:00:00+00:00,559,CORN,417.75,-300000000.0,notional_at_entry,short,-673400.0,short,540293267.0,0
2024-02-16 00:00:00+00:00,560,CORN,416.5,-300000000.0,notional_at_entry,short,-673400.0,short,541135017.0,0
2024-02-20 00:00:00+00:00,561,CORN,418.75,-300000000.0,notional_at_entry,short,-673400.0,short,539619867.0,0
2024-02-21 00:00:00+00:00,562,CORN,411.0,-300000000.0,notional_at_entry,short,-673400.0,short,544838717.0,0
2024-02-22 00:00:00+00:00,563,CORN,406.0,-300000000.0,notional_at_entry,short,-673400.0,short,548205717.0,0
2024-02-23 00:00:00+00:00,564,CORN,399.75,-300000000.0,notional_at_entry,short,-673400.0,short,552414467.0,0
2024-02-26 00:00:00+00:00,565,CORN,407.0,-300000000.0,notional_at_entry,short,-673400.0,short,547532317.0,0
2024-02-27 00:00:00+00:00,566,CORN,423.5,-300000000.0,notional_at_entry,short,-673400.0,short,536421217.0,0
2024-02-28 00:00:00+00:00,567,CORN,428.5,-300000000.0,notional_at_entry,short,-673400.0,short,533054217.0,0
2024-02-29 00:00:00+00:00,568,CORN,429.5,-300000000.0,notional_at_entry,short,-673400.0,short,532380817.0,0
2024-03-01 00:00:00+00:00,569,CORN,412.25,-300000000.0,notional_at_entry,short,-673400.0,short,543996967.0,0
2024-03-04 00:00:00+00:00,570,CORN,417.5,-300000000.0,notional_at_entry,short,-673400.0,short,540461617.0,0
2024-03-05 00:00:00+00:00,571,CORN,413.5,-300000000.0,notional_at_entry,short,-673400.0,short,543155217.0,0
2024-03-06 00:00:00+00:00,572,CORN,418.0,300000000.0,notional_at_entry,long,717703.0,long,540124917.0,1
2024-03-07 00:00:00+00:00,573,CORN,426.0,300000000.0,notional_at_entry,long,717703.0,long,545866541.0,0
2024-03-08 00:00:00+00:00,574,CORN,426.25,300000000.0,notional_at_entry,long,717703.0,long,546045966.75,0
2024-03-11 00:00:00+00:00,575,CORN,428.25,300000000.0,notional_at_entry,long,717703.0,long,547481372.75,0
2024-03-12 00:00:00+00:00,576,CORN,429.0,300000000.0,notional_at_entry,long,717703.0,long,548019650.0,0
2024-03-13 00:00:00+00:00,577,CORN,426.5,300000000.0,notional_at_entry,long,717703.0,long,546225392.5,0
2024-03-14 00:00:00+00:00,578,CORN,422.5,300000000.0,notional_at_entry,long,717703.0,long,543354580.5,0
2024-03-15 00:00:00+00:00,579,CORN,436.75,-300000000.0,notional_at_entry,short,-686891.0,short,553581848.25,1
2024-03-18 00:00:00+00:00,580,CORN,436.0,-300000000.0,notional_at_entry,short,-686891.0,short,554097016.5,0
2024-03-19 00:00:00+00:00,581,CORN,439.5,-300000000.0,notional_at_entry,short,-686891.0,short,551692898.0,0
2024-03-20 00:00:00+00:00,582,CORN,439.0,-300000000.0,notional_at_entry,short,-686891.0,short,552036343.5,0
2024-03-21 00:00:00+00:00,583,CORN,440.75,-300000000.0,notional_at_entry,short,-686891.0,short,550834284.25,0
2024-03-22 00:00:00+00:00,584,CORN,439.25,-300000000.0,notional_at_entry,short,-686891.0,short,551864620.75,0
2024-03-25 00:00:00+00:00,585,CORN,437.75,-300000000.0,notional_at_entry,short,-686891.0,short,552894957.25,0
2024-03-26 00:00:00+00:00,586,CORN,432.5,-300000000.0,notional_at_entry,short,-686891.0,short,556501135.0,0
2024-03-27 00:00:00+00:00,587,CORN,426.75,-300000000.0,notional_at_entry,short,-686891.0,short,560450758.25,0
2024-03-28 00:00:00+00:00,588,CORN,442.0,-300000000.0,notional_at_entry,short,-686891.0,short,549975670.5,0
2024-03-29 00:00:00+00:00,589,CORN,442.25,-300000000.0,notional_at_entry,short,-686891.0,short,549803947.75,0
2024-04-01 00:00:00+00:00,590,CORN,435.5,-300000000.0,notional_at_entry,short,-686891.0,short,554440462.0,0
2024-04-02 00:00:00+00:00,591,CORN,426.5,-300000000.0,notional_at_entry,short,-686891.0,short,560622481.0,0
2024-04-03 00:00:00+00:00,592,CORN,431.75,-300000000.0,notional_at_entry,short,-686891.0,short,557016303.25,0
2024-04-04 00:00:00+00:00,593,CORN,435.25,300000000.0,notional_at_entry,long,689259.0,long,554612184.75,1
2024-04-05 00:00:00+00:00,594,CORN,434.25,300000000.0,notional_at_entry,long,689259.0,long,553922925.75,0
2024-04-08 00:00:00+00:00,595,CORN,435.5,300000000.0,notional_at_entry,long,689259.0,long,554784499.5,0
2024-04-09 00:00:00+00:00,596,CORN,431.25,300000000.0,notional_at_entry,long,689259.0,long,551855148.75,0
2024-04-10 00:00:00+00:00,597,CORN,434.25,300000000.0,notional_at_entry,long,689259.0,long,553922925.75,0
2024-04-11 00:00:00+00:00,598,CORN,428.75,300000000.0,notional_at_entry,long,689259.0,long,550132001.25,0
2024-04-12 00:00:00+00:00,599,CORN,435.5,300000000.0,notional_at_entry,long,689259.0,long,554784499.5,0
2024-04-15 00:00:00+00:00,600,CORN,431.5,300000000.0,notional_at_entry,long,689259.0,long,552027463.5,0
2024-04-16 00:00:00+00:00,601,CORN,431.0,300000000.0,notional_at_entry,long,689259.0,long,551682834.0,0
2024-04-17 00:00:00+00:00,602,CORN,441.0,-450000000.0,notional_at_entry,short,-1020408.0,short,558575424.0,1
2024-04-18 00:00:00+00:00,603,CORN,426.75,-450000000.0,notional_at_entry,short,-1020408.0,short,573116238.0,0
2024-04-19 00:00:00+00:00,604,CORN,443.0,-450000000.0,notional_at_entry,short,-1020408.0,short,556534608.0,0
2024-04-22 00:00:00+00:00,605,CORN,439.75,-450000000.0,notional_at_entry,short,-1020408.0,short,559850934.0,0
2024-04-23 00:00:00+00:00,606,CORN,452.5,-450000000.0,notional_at_entry,short,-1020408.0,short,546840732.0,0
2024-04-24 00:00:00+00:00,607,CORN,448.5,-450000000.0,notional_at_entry,short,-1020408.0,short,550922364.0,0
2024-04-25 00:00:00+00:00,608,CORN,441.0,-450000000.0,notional_at_entry,short,-1020408.0,short,558575424.0,0
2024-04-26 00:00:00+00:00,609,CORN,450.0,-450000000.0,notional_at_entry,short,-1020408.0,short,549391752.0,0
2024-04-29 00:00:00+00:00,610,CORN,449.25,450000000.0,notional_at_entry,long,1001669.0,long,550157058.0,1
2024-04-30 00:00:00+00:00,611,CORN,446.75,450000000.0,notional_at_entry,long,1001669.0,long,547652885.5,0
2024-05-01 00:00:00+00:00,612,CORN,450.75,450000000.0,notional_at_entry,long,1001669.0,long,551659561.5,0
2024-05-02 00:00:00+00:00,613,CORN,459.75,450000000.0,notional_at_entry,long,1001669.0,long,560674582.5,0
2024-05-03 00:00:00+00:00,614,CORN,460.25,450000000.0,notional_at_entry,long,1001669.0,long,561175417.0,0
2024-05-06 00:00:00+00:00,615,CORN,457.0,450000000.0,notional_at_entry,long,1001669.0,long,557919992.75,0
2024-05-07 00:00:00+00:00,616,CORN,453.75,450000000.0,notional_at_entry,long,1001669.0,long,554664568.5,0
2024-05-08 00:00:00+00:00,617,CORN,445.5,450000000.0,notional_at_entry,long,1001669.0,long,546400799.25,0
2024-05-09 00:00:00+00:00,618,CORN,442.75,450000000.0,notional_at_entry,long,1001669.0,long,543646209.5,0
2024-05-10 00:00:00+00:00,619,CORN,455.75,450000000.0,notional_at_entry,long,1001669.0,long,556667906.5,0
2024-05-13 00:00:00+00:00,620,CORN,458.5,450000000.0,notional_at_entry,long,1001669.0,long,559422496.25,0
2024-05-14 00:00:00+00:00,621,CORN,453.75,450000000.0,notional_at_entry,long,1001669.0,long,554664568.5,0
2024-05-15 00:00:00+00:00,622,CORN,462.5,450000000.0,notional_at_entry,long,1001669.0,long,563429172.25,0
2024-05-16 00:00:00+00:00,623,CORN,457.0,450000000.0,notional_at_entry,long,1001669.0,long,557919992.75,0
2024-05-17 00:00:00+00:00,624,CORN,452.5,450000000.0,notional_at_entry,long,1001669.0,long,553412482.25,0
2024-05-20 00:00:00+00:00,625,CORN,460.5,-450000000.0,notional_at_entry,short,-977198.0,short,561425834.25,1
2024-05-21 00:00:00+00:00,626,CORN,458.0,-450000000.0,notional_at_entry,short,-977198.0,short,563868829.25,0
2024-05-22 00:00:00+00:00,627,CORN,461.25,-450000000.0,notional_at_entry,short,-977198.0,short,560692935.75,0
2024-05-23 00:00:00+00:00,628,CORN,464.0,-450000000.0,notional_at_entry,short,-977198.0,short,558005641.25,0
2024-05-24 00:00:00+00:00,629,CORN,464.75,-450000000.0,notional_at_entry,short,-977198.0,short,557272742.75,0
2024-05-28 00:00:00+00:00,630,CORN,462.5,-450000000.0,notional_at_entry,short,-977198.0,short,559471438.25,0
2024-05-29 00:00:00+00:00,631,CORN,455.25,-450000000.0,notional_at_entry,short,-977198.0,short,566556123.75,0
2024-05-30 00:00:00+00:00,632,CORN,448.75,-450000000.0,notional_at_entry,short,-977198.0,short,572907910.75,0
2024-05-31 00:00:00+00:00,633,CORN,446.25,-450000000.0,notional_at_entry,short,-977198.0,short,575350905.75,0
2024-06-03 00:00:00+00:00,634,CORN,443.5,-300000000.0,notional_at_entry,short,-977198.0,short,578038200.25,0
2024-06-04 00:00:00+00:00,635,CORN,442.5,-300000000.0,notional_at_entry,short,-977198.0,short,579015398.25,0
2024-06-05 00:00:00+00:00,636,CORN,439.25,-300000000.0,notional_at_entry,short,-977198.0,short,582191291.75,0
2024-06-06 00:00:00+00:00,637,CORN,452.0,-300000000.0,notional_at_entry,short,-977198.0,short,569732017.25,0
2024-06-07 00:00:00+00:00,638,CORN,448.75,-300000000.0,notional_at_entry,short,-977198.0,short,572907910.75,0
2024-06-10 00:00:00+00:00,639,CORN,451.75,-300000000.0,notional_at_entry,short,-977198.0,short,569976316.75,0
2024-06-11 00:00:00+00:00,640,CORN,449.5,-300000000.0,notional_at_entry,short,-977198.0,short,572175012.25,0
2024-06-12 00:00:00+00:00,641,CORN,454.25,-300000000.0,notional_at_entry,short,-977198.0,short,567533321.75,0
2024-06-13 00:00:00+00:00,642,CORN,458.5,-300000000.0,notional_at_entry,short,-977198.0,short,563380230.25,0
2024-06-14 00:00:00+00:00,643,CORN,450.0,-300000000.0,notional_at_entry,short,-977198.0,short,571686413.25,0
2024-06-17 00:00:00+00:00,644,CORN,450.0,-300000000.0,notional_at_entry,short,-977198.0,short,571686413.25,0
2024-06-18 00:00:00+00:00,645,CORN,455.75,-300000000.0,notional_at_entry,short,-977198.0,short,566067524.75,0
2024-06-20 00:00:00+00:00,646,CORN,444.75,-300000000.0,notional_at_entry,short,-977198.0,short,576816702.75,0
2024-06-21 00:00:00+00:00,647,CORN,440.5,-300000000.0,notional_at_entry,short,-977198.0,short,580969794.25,0
2024-06-24 00:00:00+00:00,648,CORN,439.5,-300000000.0,notional_at_entry,short,-977198.0,short,581946992.25,0
2024-06-25 00:00:00+00:00,649,CORN,431.75,-300000000.0,notional_at_entry,short,-977198.0,short,589520276.75,0
2024-06-26 00:00:00+00:00,650,CORN,425.5,-300000000.0,notional_at_entry,short,-977198.0,short,595627764.25,0
2024-06-27 00:00:00+00:00,651,CORN,422.5,-300000000.0,notional_at_entry,short,-977198.0,short,598559358.25,0
2024-06-28 00:00:00+00:00,652,CORN,407.5,-300000000.0,notional_at_entry,short,-977198.0,short,613217328.25,0
2024-07-01 00:00:00+00:00,653,CORN,407.0,-300000000.0,notional_at_entry,short,-977198.0,short,613705927.25,0
2024-07-02 00:00:00+00:00,654,CORN,408.0,-300000000.0,notional_at_entry,short,-977198.0,short,612728729.25,0
2024-07-03 00:00:00+00:00,655,CORN,405.5,-300000000.0,notional_at_entry,short,-977198.0,short,615171724.25,0
2024-07-05 00:00:00+00:00,656,CORN,410.5,-300000000.0,notional_at_entry,short,-977198.0,short,610285734.25,0
2024-07-08 00:00:00+00:00,657,CORN,393.25,-300000000.0,notional_at_entry,short,-977198.0,short,627142399.75,0
2024-07-09 00:00:00+00:00,658,CORN,394.0,-300000000.0,notional_at_entry,short,-977198.0,short,626409501.25,0
2024-07-10 00:00:00+00:00,659,CORN,395.75,-300000000.0,notional_at_entry,short,-977198.0,short,624699404.75,0
2024-07-11 00:00:00+00:00,660,CORN,400.25,300000000.0,notional_at_entry,long,749531.0,long,620302013.75,1
2024-07-12 00:00:00+00:00,661,CORN,402.0,300000000.0,notional_at_entry,long,749531.0,long,621613693.0,0
2024-07-15 00:00:00+00:00,662,CORN,404.25,300000000.0,notional_at_entry,long,749531.0,long,623300137.75,0
2024-07-16 00:00:00+00:00,663,CORN,408.75,300000000.0,notional_at_entry,long,749531.0,long,626673027.25,0
2024-07-17 00:00:00+00:00,664,CORN,411.75,-300000000.0,notional_at_entry,short,-728597.0,short,628921620.25,1
2024-07-18 00:00:00+00:00,665,CORN,405.0,-300000000.0,notional_at_entry,short,-728597.0,short,633839650.0,0
2024-07-19 00:00:00+00:00,666,CORN,404.75,-300000000.0,notional_at_entry,short,-728597.0,short,634021799.25,0
2024-07-22 00:00:00+00:00,667,CORN,415.0,-300000000.0,notional_at_entry,short,-728597.0,short,626553680.0,0
2024-07-23 00:00:00+00:00,668,CORN,417.25,-300000000.0,notional_at_entry,short,-728597.0,short,624914336.75,0
2024-07-24 00:00:00+00:00,669,CORN,418.0,-300000000.0,notional_at_entry,short,-728597.0,short,624367889.0,0
2024-07-25 00:00:00+00:00,670,CORN,420.75,-300000000.0,notional_at_entry,short,-728597.0,short,622364247.25,0
2024-07-26 00:00:00+00:00,671,CORN,410.0,300000000.0,notional_at_entry,long,731707.0,long,630196665.0,1
2024-07-29 00:00:00+00:00,672,CORN,412.25,300000000.0,notional_at_entry,long,731707.0,long,631843005.75,0
2024-07-30 00:00:00+00:00,673,CORN,405.0,300000000.0,notional_at_entry,long,731707.0,long,626538130.0,0
2024-07-31 00:00:00+00:00,674,CORN,399.75,300000000.0,notional_at_entry,long,731707.0,long,622696668.25,0
2024-08-01 00:00:00+00:00,675,CORN,398.5,300000000.0,notional_at_entry,long,731707.0,long,621782034.5,0
2024-08-02 00:00:00+00:00,676,CORN,403.25,300000000.0,notional_at_entry,long,731707.0,long,625257642.75,0
2024-08-05 00:00:00+00:00,677,CORN,407.0,300000000.0,notional_at_entry,long,731707.0,long,628001544.0,0
2024-08-06 00:00:00+00:00,678,CORN,405.25,-450000000.0,notional_at_entry,short,-1110425.0,short,626721056.75,1
2024-08-07 00:00:00+00:00,679,CORN,400.75,-450000000.0,notional_at_entry,short,-1110425.0,short,631717969.25,0
2024-08-08 00:00:00+00:00,680,CORN,397.0,-450000000.0,notional_at_entry,short,-1110425.0,short,635882063.0,0
2024-08-09 00:00:00+00:00,681,CORN,395.0,300000000.0,notional_at_entry,long,759493.0,long,638102913.0,1
2024-08-12 00:00:00+00:00,682,CORN,401.5,300000000.0,notional_at_entry,long,759493.0,long,643039617.5,0
2024-08-13 00:00:00+00:00,683,CORN,397.25,300000000.0,notional_at_entry,long,759493.0,long,639811772.25,0
2024-08-14 00:00:00+00:00,684,CORN,400.75,300000000.0,notional_at_entry,long,759493.0,long,642469997.75,0
2024-08-15 00:00:00+00:00,685,CORN,397.0,300000000.0,notional_at_entry,long,759493.0,long,639621899.0,0
2024-08-16 00:00:00+00:00,686,CORN,392.5,300000000.0,notional_at_entry,long,759493.0,long,636204180.5,0
2024-08-19 00:00:00+00:00,687,CORN,400.25,300000000.0,notional_at_entry,long,759493.0,long,642090251.25,0
2024-08-20 00:00:00+00:00,688,CORN,398.0,300000000.0,notional_at_entry,long,759493.0,long,640381392.0,0
2024-08-21 00:00:00+00:00,689,CORN,398.25,300000000.0,notional_at_entry,long,759493.0,long,640571265.25,0
2024-08-22 00:00:00+00:00,690,CORN,393.5,300000000.0,notional_at_entry,long,759493.0,long,636963673.5,0
2024-08-23 00:00:00+00:00,691,CORN,391.0,300000000.0,notional_at_entry,long,759493.0,long,635064941.0,0
2024-08-26 00:00:00+00:00,692,CORN,386.5,300000000.0,notional_at_entry,long,759493.0,long,631647222.5,0
2024-08-27 00:00:00+00:00,693,CORN,392.75,450000000.0,notional_at_entry,long,759493.0,long,636394053.75,0
2024-08-28 00:00:00+00:00,694,CORN,390.75,450000000.0,notional_at_entry,long,759493.0,long,634875067.75,0
2024-08-29 00:00:00+00:00,695,CORN,396.0,450000000.0,notional_at_entry,long,759493.0,long,638862406.0,0
2024-08-30 00:00:00+00:00,696,CORN,401.0,450000000.0,notional_at_entry,long,759493.0,long,642659871.0,0
2024-09-03 00:00:00+00:00,697,CORN,409.25,450000000.0,notional_at_entry,long,759493.0,long,648925688.25,0
2024-09-04 00:00:00+00:00,698,CORN,412.75,450000000.0,notional_at_entry,long,759493.0,long,651583913.75,0
2024-09-05 00:00:00+00:00,699,CORN,410.75,450000000.0,notional_at_entry,long,759493.0,long,650064927.75,0
2024-09-06 00:00:00+00:00,700,CORN,406.25,450000000.0,notional_at_entry,long,759493.0,long,646647209.25,0
2024-09-09 00:00:00+00:00,701,CORN,384.25,450000000.0,notional_at_entry,long,759493.0,long,629938363.25,0
2024-09-10 00:00:00+00:00,702,CORN,379.5,450000000.0,notional_at_entry,long,759493.0,long,626330771.5,0
2024-09-11 00:00:00+00:00,703,CORN,380.5,-300000000.0,notional_at_entry,short,-788436.0,short,627090264.5,1
2024-09-12 00:00:00+00:00,704,CORN,386.25,-300000000.0,notional_at_entry,short,-788436.0,short,622556757.5,0
2024-09-13 00:00:00+00:00,705,CORN,390.75,-300000000.0,notional_at_entry,short,-788436.0,short,619008795.5,0
2024-09-16 00:00:00+00:00,706,CORN,410.75,300000000.0,notional_at_entry,long,730371.0,long,603240075.5,1
2024-09-17 00:00:00+00:00,707,CORN,412.5,300000000.0,notional_at_entry,long,730371.0,long,604518224.75,0
2024-09-18 00:00:00+00:00,708,CORN,412.75,-450000000.0,notional_at_entry,short,-1090248.0,short,604700817.5,1
2024-09-19 00:00:00+00:00,709,CORN,405.75,-450000000.0,notional_at_entry,short,-1090248.0,short,612332553.5,0
2024-09-20 00:00:00+00:00,710,CORN,401.75,-450000000.0,notional_at_entry,short,-1090248.0,short,616693545.5,0
2024-09-23 00:00:00+00:00,711,CORN,413.5,-450000000.0,notional_at_entry,short,-1090248.0,short,603883131.5,0
2024-09-24 00:00:00+00:00,712,CORN,411.75,-450000000.0,notional_at_entry,short,-1090248.0,short,605791065.5,0
2024-09-25 00:00:00+00:00,713,CORN,415.25,-450000000.0,notional_at_entry,short,-1090248.0,short,601975197.5,0
2024-09-26 00:00:00+00:00,714,CORN,413.25,-450000000.0,notional_at_entry,short,-1090248.0,short,604155693.5,0
2024-09-27 00:00:00+00:00,715,CORN,418.0,-450000000.0,notional_at_entry,short,-1090248.0,short,598977015.5,0
2024-09-30 00:00:00+00:00,716,CORN,424.75,-450000000.0,notional_at_entry,short,-1090248.0,short,591617841.5,0
2024-10-01 00:00:00+00:00,717,CORN,429.0,-450000000.0,notional_at_entry,short,-1090248.0,short,586984287.5,0
2024-10-02 00:00:00+00:00,718,CORN,432.5,-450000000.0,notional_at_entry,short,-1090248.0,short,583168419.5,0
2024-10-03 00:00:00+00:00,719,CORN,428.25,-450000000.0,notional_at_entry,short,-1090248.0,short,587801973.5,0
2024-10-04 00:00:00+00:00,720,CORN,424.75,-450000000.0,notional_at_entry,short,-1090248.0,short,591617841.5,0
2024-10-07 00:00:00+00:00,721,CORN,426.0,-450000000.0,notional_at_entry,short,-1090248.0,short,590255031.5,0
2024-10-08 00:00:00+00:00,722,CORN,420.75,-450000000.0,notional_at_entry,short,-1090248.0,short,595978833.5,0
2024-10-09 00:00:00+00:00,723,CORN,421.0,-450000000.0,notional_at_entry,short,-1090248.0,short,595706271.5,0
2024-10-10 00:00:00+00:00,724,CORN,418.5,-450000000.0,notional_at_entry,short,-1090248.0,short,598431891.5,0
2024-10-11 00:00:00+00:00,725,CORN,415.75,-450000000.0,notional_at_entry,short,-1090248.0,short,601430073.5,0
2024-10-14 00:00:00+00:00,726,CORN,408.25,-450000000.0,notional_at_entry,short,-1090248.0,short,609606933.5,0
2024-10-15 00:00:00+00:00,727,CORN,401.25,-450000000.0,notional_at_entry,short,-1090248.0,short,617238669.5,0
2024-10-16 00:00:00+00:00,728,CORN,404.75,-450000000.0,notional_at_entry,short,-1090248.0,short,613422801.5,0
2024-10-17 00:00:00+00:00,729,CORN,406.75,-450000000.0,notional_at_entry,short,-1090248.0,short,611242305.5,0
2024-10-18 00:00:00+00:00,730,CORN,404.75,-450000000.0,notional_at_entry,short,-1090248.0,short,613422801.5,0
2024-10-21 00:00:00+00:00,731,CORN,409.5,-450000000.0,notional_at_entry,short,-1090248.0,short,608244123.5,0
2024-10-22 00:00:00+00:00,732,CORN,416.5,-450000000.0,notional_at_entry,short,-1090248.0,short,600612387.5,0
2024-10-23 00:00:00+00:00,733,CORN,419.0,-450000000.0,notional_at_entry,short,-1090248.0,short,597886767.5,0
2024-10-24 00:00:00+00:00,734,CORN,421.5,-450000000.0,notional_at_entry,short,-1090248.0,short,595161147.5,0
2024-10-25 00:00:00+00:00,735,CORN,415.25,-450000000.0,notional_at_entry,short,-1090248.0,short,601975197.5,0
2024-10-28 00:00:00+00:00,736,CORN,410.75,-450000000.0,notional_at_entry,short,-1090248.0,short,606881313.5,0
2024-10-29 00:00:00+00:00,737,CORN,413.75,-450000000.0,notional_at_entry,short,-1090248.0,short,603610569.5,0
2024-10-30 00:00:00+00:00,738,CORN,411.5,300000000.0,notional_at_entry,long,729040.0,long,606063627.5,1
2024-10-31 00:00:00+00:00,739,CORN,410.75,300000000.0,notional_at_entry,long,729040.0,long,605516847.5,0
2024-11-01 00:00:00+00:00,740,CORN,414.5,300000000.0,notional_at_entry,long,729040.0,long,608250747.5,0
2024-11-04 00:00:00+00:00,741,CORN,416.5,300000000.0,notional_at_entry,long,729040.0,long,609708827.5,0
2024-11-05 00:00:00+00:00,742,CORN,418.5,-300000000.0,notional_at_entry,short,-716845.0,short,611166907.5,1
2024-11-06 00:00:00+00:00,743,CORN,426.25,-300000000.0,notional_at_entry,short,-716845.0,short,605611358.75,0
2024-11-07 00:00:00+00:00,744,CORN,427.5,300000000.0,notional_at_entry,long,701754.0,long,604715302.5,1
2024-11-08 00:00:00+00:00,745,CORN,431.0,300000000.0,notional_at_entry,long,701754.0,long,607171441.5,0
2024-11-11 00:00:00+00:00,746,CORN,430.0,-300000000.0,notional_at_entry,short,-697674.0,short,606469687.5,1
2024-11-12 00:00:00+00:00,747,CORN,428.5,-300000000.0,notional_at_entry,short,-697674.0,short,607516198.5,0
2024-11-13 00:00:00+00:00,748,CORN,426.5,-300000000.0,notional_at_entry,short,-697674.0,short,608911546.5,0
2024-11-14 00:00:00+00:00,749,CORN,419.0,-300000000.0,notional_at_entry,short,-697674.0,short,614144101.5,0
2024-11-15 00:00:00+00:00,750,CORN,424.0,-300000000.0,notional_at_entry,short,-697674.0,short,610655731.5,0
2024-11-18 00:00:00+00:00,751,CORN,439.75,-300000000.0,notional_at_entry,short,-697674.0,short,599667366.0,0
2024-11-19 00:00:00+00:00,752,CORN,437.75,-300000000.0,notional_at_entry,short,-697674.0,short,601062714.0,0
2024-11-20 00:00:00+00:00,753,CORN,440.0,-300000000.0,notional_at_entry,short,-697674.0,short,599492947.5,0
2024-11-21 00:00:00+00:00,754,CORN,436.25,-300000000.0,notional_at_entry,short,-697674.0,short,602109225.0,0
2024-11-22 00:00:00+00:00,755,CORN,435.25,300000000.0,notional_at_entry,long,689259.0,long,602806899.0,1
2024-11-25 00:00:00+00:00,756,CORN,433.0,300000000.0,notional_at_entry,long,689259.0,long,601256066.25,0
2024-11-26 00:00:00+00:00,757,CORN,428.0,300000000.0,notional_at_entry,long,689259.0,long,597809771.25,0
2024-11-27 00:00:00+00:00,758,CORN,428.0,300000000.0,notional_at_entry,long,689259.0,long,597809771.25,0
2024-11-29 00:00:00+00:00,759,CORN,433.0,300000000.0,notional_at_entry,long,689259.0,long,601256066.25,0
2024-12-02 00:00:00+00:00,760,CORN,432.5,300000000.0,notional_at_entry,long,689259.0,long,600911436.75,0
2024-12-03 00:00:00+00:00,761,CORN,432.25,300000000.0,notional_at_entry,long,689259.0,long,600739122.0,0
2024-12-04 00:00:00+00:00,762,CORN,430.0,300000000.0,notional_at_entry,long,689259.0,long,599188289.25,0
2024-12-05 00:00:00+00:00,763,CORN,435.0,300000000.0,notional_at_entry,long,689259.0,long,602634584.25,0
2024-12-06 00:00:00+00:00,764,CORN,440.0,300000000.0,notional_at_entry,long,689259.0,long,606080879.25,0
2024-12-09 00:00:00+00:00,765,CORN,441.75,300000000.0,notional_at_entry,long,689259.0,long,607287082.5,0
2024-12-10 00:00:00+00:00,766,CORN,449.0,300000000.0,notional_at_entry,long,689259.0,long,612284210.25,0
2024-12-11 00:00:00+00:00,767,CORN,448.25,300000000.0,notional_at_entry,long,689259.0,long,611767266.0,0
2024-12-12 00:00:00+00:00,768,CORN,431.75,300000000.0,notional_at_entry,long,689259.0,long,600394492.5,0
2024-12-13 00:00:00+00:00,769,CORN,430.0,300000000.0,notional_at_entry,long,689259.0,long,599188289.25,0
2024-12-16 00:00:00+00:00,770,CORN,445.0,300000000.0,notional_at_entry,long,689259.0,long,609527174.25,0
2024-12-17 00:00:00+00:00,771,CORN,443.5,300000000.0,notional_at_entry,long,689259.0,long,608493285.75,0
2024-12-18 00:00:00+00:00,772,CORN,437.25,300000000.0,notional_at_entry,long,689259.0,long,604185417.0,0
2024-12-19 00:00:00+00:00,773,CORN,440.75,300000000.0,notional_at_entry,long,689259.0,long,606597823.5,0
2024-12-20 00:00:00+00:00,774,CORN,446.25,300000000.0,notional_at_entry,long,689259.0,long,610388748.0,0
2024-12-23 00:00:00+00:00,775,CORN,447.75,300000000.0,notional_at_entry,long,689259.0,long,611422636.5,0
2024-12-24 00:00:00+00:00,776,CORN,448.5,300000000.0,notional_at_entry,long,689259.0,long,611939580.75,0
2024-12-25 00:00:00+00:00,777,CORN,448.5,300000000.0,notional_at_entry,long,689259.0,long,611939580.75,0
2024-12-26 00:00:00+00:00,778,CORN,453.75,300000000.0,notional_at_entry,long,689259.0,long,615558190.5,0
2024-12-27 00:00:00+00:00,779,CORN,454.0,300000000.0,notional_at_entry,long,689259.0,long,615730505.25,0
2024-12-30 00:00:00+00:00,780,CORN,452.25,300000000.0,notional_at_entry,long,689259.0,long,614524302.0,0
2024-12-31 00:00:00+00:00,781,CORN,458.5,300000000.0,notional_at_entry,long,689259.0,long,618832170.75,0
2025-01-01 00:00:00+00:00,782,CORN,458.75,300000000.0,notional_at_entry,long,689259.0,long,619004485.5,0
2025-01-02 00:00:00+00:00,783,CORN,459.5,300000000.0,notional_at_entry,long,689259.0,long,619521429.75,0
2025-01-03 00:00:00+00:00,784,CORN,450.75,300000000.0,notional_at_entry,long,689259.0,long,613490413.5,0
2025-01-06 00:00:00+00:00,785,CORN,457.75,300000000.0,notional_at_entry,long,689259.0,long,618315226.5,0
2025-01-07 00:00:00+00:00,786,CORN,458.0,300000000.0,notional_at_entry,long,689259.0,long,618487541.25,0
2025-01-08 00:00:00+00:00,787,CORN,454.0,300000000.0,notional_at_entry,long,689259.0,long,615730505.25,0
2025-01-09 00:00:00+00:00,788,CORN,456.0,300000000.0,notional_at_entry,long,689259.0,long,617109023.25,0
2025-01-10 00:00:00+00:00,789,CORN,470.5,300000000.0,notional_at_entry,long,689259.0,long,627103278.75,0
2025-01-13 00:00:00+00:00,790,CORN,476.5,300000000.0,notional_at_entry,long,689259.0,long,631238832.75,0
2025-01-14 00:00:00+00:00,791,CORN,474.5,300000000.0,notional_at_entry,long,689259.0,long,629860314.75,0
2025-01-15 00:00:00+00:00,792,CORN,478.75,300000000.0,notional_at_entry,long,689259.0,long,632789665.5,0
2025-01-16 00:00:00+00:00,793,CORN,474.5,300000000.0,notional_at_entry,long,689259.0,long,629860314.75,0
2025-01-17 00:00:00+00:00,794,CORN,484.25,300000000.0,notional_at_entry,long,689259.0,long,636580590.0,0
2025-01-21 00:00:00+00:00,795,CORN,490.0,300000000.0,notional_at_entry,long,689259.0,long,640543829.25,0
2025-01-22 00:00:00+00:00,796,CORN,484.25,300000000.0,notional_at_entry,long,689259.0,long,636580590.0,0
2025-01-23 00:00:00+00:00,797,CORN,489.75,300000000.0,notional_at_entry,long,689259.0,long,640371514.5,0
2025-01-24 00:00:00+00:00,798,CORN,486.5,300000000.0,notional_at_entry,long,689259.0,long,638131422.75,0
2025-01-27 00:00:00+00:00,799,CORN,482.0,300000000.0,notional_at_entry,long,689259.0,long,635029757.25,0
2025-01-28 00:00:00+00:00,800,CORN,485.25,300000000.0,notional_at_entry,long,689259.0,long,637269849.0,0
2025-01-29 00:00:00+00:00,801,CORN,497.0,300000000.0,notional_at_entry,long,689259.0,long,645368642.25,0
2025-01-30 00:00:00+00:00,802,CORN,490.25,300000000.0,notional_at_entry,long,689259.0,long,640716144.0,0
2025-01-31 00:00:00+00:00,803,CORN,482.0,300000000.0,notional_at_entry,long,689259.0,long,635029757.25,0
2025-02-03 00:00:00+00:00,804,CORN,488.75,300000000.0,notional_at_entry,long,689259.0,long,639682255.5,0
2025-02-04 00:00:00+00:00,805,CORN,494.5,300000000.0,notional_at_entry,long,689259.0,long,643645494.75,0
2025-02-05 00:00:00+00:00,806,CORN,493.25,300000000.0,notional_at_entry,long,689259.0,long,642783921.0,0
2025-02-06 00:00:00+00:00,807,CORN,495.25,450000000.0,notional_at_entry,long,689259.0,long,644162439.0,0
2025-02-07 00:00:00+00:00,808,CORN,487.5,450000000.0,notional_at_entry,long,689259.0,long,638820681.75,0
2025-02-10 00:00:00+00:00,809,CORN,491.5,450000000.0,notional_at_entry,long,689259.0,long,641577717.75,0
2025-02-11 00:00:00+00:00,810,CORN,484.0,450000000.0,notional_at_entry,long,689259.0,long,636408275.25,0
2025-02-12 00:00:00+00:00,811,CORN,490.25,450000000.0,notional_at_entry,long,689259.0,long,640716144.0,0
2025-02-13 00:00:00+00:00,812,CORN,493.5,450000000.0,notional_at_entry,long,689259.0,long,642956235.75,0
2025-02-14 00:00:00+00:00,813,CORN,496.25,450000000.0,notional_at_entry,long,689259.0,long,644851698.0,0
2025-02-18 00:00:00+00:00,814,CORN,515.75,450000000.0,notional_at_entry,long,689259.0,long,658292248.5,0
2025-02-19 00:00:00+00:00,815,CORN,512.25,450000000.0,notional_at_entry,long,689259.0,long,655879842.0,0
2025-02-20 00:00:00+00:00,816,CORN,512.75,450000000.0,notional_at_entry,long,689259.0,long,656224471.5,0
2025-02-21 00:00:00+00:00,817,CORN,505.0,450000000.0,notional_at_entry,long,689259.0,long,650882714.25,0
2025-02-24 00:00:00+00:00,818,CORN,497.0,450000000.0,notional_at_entry,long,689259.0,long,645368642.25,0
2025-02-25 00:00:00+00:00,819,CORN,494.25,450000000.0,notional_at_entry,long,689259.0,long,643473180.0,0
2025-02-26 00:00:00+00:00,820,CORN,493.5,300000000.0,notional_at_entry,long,689259.0,long,642956235.75,0
2025-02-27 00:00:00+00:00,821,CORN,481.0,300000000.0,notional_at_entry,long,689259.0,long,634340498.25,0
2025-02-28 00:00:00+00:00,822,CORN,469.5,300000000.0,notional_at_entry,long,689259.0,long,626414019.75,0
2025-03-03 00:00:00+00:00,823,CORN,456.25,300000000.0,notional_at_entry,long,689259.0,long,617281338.0,0
2025-03-04 00:00:00+00:00,824,CORN,451.5,300000000.0,notional_at_entry,long,689259.0,long,614007357.75,0
2025-03-05 00:00:00+00:00,825,CORN,455.75,300000000.0,notional_at_entry,long,689259.0,long,616936708.5,0
2025-03-06 00:00:00+00:00,826,CORN,464.0,300000000.0,notional_at_entry,long,689259.0,long,622623095.25,0
2025-03-07 00:00:00+00:00,827,CORN,469.25,300000000.0,notional_at_entry,long,689259.0,long,626241705.0,0
2025-03-10 00:00:00+00:00,828,CORN,458.75,300000000.0,notional_at_entry,long,689259.0,long,619004485.5,0
2025-03-11 00:00:00+00:00,829,CORN,456.5,300000000.0,notional_at_entry,long,689259.0,long,617453652.75,0
2025-03-12 00:00:00+00:00,830,CORN,448.75,-450000000.0,notional_at_entry,short,-1002785.0,short,612111895.5,1
2025-03-13 00:00:00+00:00,831,CORN,453.5,-450000000.0,notional_at_entry,short,-1002785.0,short,607348666.75,0
2025-03-14 00:00:00+00:00,832,CORN,445.5,-450000000.0,notional_at_entry,short,-1002785.0,short,615370946.75,0
2025-03-17 00:00:00+00:00,833,CORN,461.0,-450000000.0,notional_at_entry,short,-1002785.0,short,599827779.25,0
2025-03-18 00:00:00+00:00,834,CORN,458.75,-450000000.0,notional_at_entry,short,-1002785.0,short,602084045.5,0
2025-03-19 00:00:00+00:00,835,CORN,462.0,-450000000.0,notional_at_entry,short,-1002785.0,short,598824994.25,0
2025-03-20 00:00:00+00:00,836,CORN,469.0,-450000000.0,notional_at_entry,short,-1002785.0,short,591805499.25,0
2025-03-21 00:00:00+00:00,837,CORN,464.25,-450000000.0,notional_at_entry,short,-1002785.0,short,596568728.0,0
2025-03-24 00:00:00+00:00,838,CORN,464.5,-450000000.0,notional_at_entry,short,-1002785.0,short,596318031.75,0
2025-03-25 00:00:00+00:00,839,CORN,457.75,-450000000.0,notional_at_entry,short,-1002785.0,short,603086830.5,0
2025-03-26 00:00:00+00:00,840,CORN,451.25,-450000000.0,notional_at_entry,short,-1002785.0,short,609604933.0,0
2025-03-27 00:00:00+00:00,841,CORN,450.0,-450000000.0,notional_at_entry,short,-1002785.0,short,610858414.25,0
2025-03-28 00:00:00+00:00,842,CORN,453.25,-450000000.0,notional_at_entry,short,-1002785.0,short,607599363.0,0
2025-03-31 00:00:00+00:00,843,CORN,457.25,-450000000.0,notional_at_entry,short,-1002785.0,short,603588223.0,0
2025-04-01 00:00:00+00:00,844,CORN,461.75,-450000000.0,notional_at_entry,short,-1002785.0,short,599075690.5,0
2025-04-02 00:00:00+00:00,845,CORN,457.75,-450000000.0,notional_at_entry,short,-1002785.0,short,603086830.5,0
2025-04-03 00:00:00+00:00,846,CORN,457.5,-450000000.0,notional_at_entry,short,-1002785.0,short,603337526.75,0
2025-04-04 00:00:00+00:00,847,CORN,460.25,-450000000.0,notional_at_entry,short,-1002785.0,short,600579868.0,0
2025-04-07 00:00:00+00:00,848,CORN,464.5,-450000000.0,notional_at_entry,short,-1002785.0,short,596318031.75,0
2025-04-08 00:00:00+00:00,849,CORN,469.0,-450000000.0,notional_at_entry,short,-1002785.0,short,591805499.25,0
2025-04-09 00:00:00+00:00,850,CORN,474.0,-450000000.0,notional_at_entry,short,-1002785.0,short,586791574.25,0
2025-04-10 00:00:00+00:00,851,CORN,483.0,-450000000.0,notional_at_entry,short,-1002785.0,short,577766509.25,0
2025-04-11 00:00:00+00:00,852,CORN,490.25,-450000000.0,notional_at_entry,short,-1002785.0,short,570496318.0,0
2025-04-14 00:00:00+00:00,853,CORN,485.0,-450000000.0,notional_at_entry,short,-1002785.0,short,575760939.25,0
2025-04-15 00:00:00+00:00,854,CORN,481.25,-450000000.0,notional_at_entry,short,-1002785.0,short,579521383.0,0
2025-04-16 00:00:00+00:00,855,CORN,484.25,-450000000.0,notional_at_entry,short,-1002785.0,short,576513028.0,0
2025-04-17 00:00:00+00:00,856,CORN,482.25,-450000000.0,notional_at_entry,short,-1002785.0,short,578518598.0,0
2025-04-21 00:00:00+00:00,857,CORN,490.0,-450000000.0,notional_at_entry,short,-1002785.0,short,570747014.25,0
2025-04-22 00:00:00+00:00,858,CORN,483.25,-450000000.0,notional_at_entry,short,-1002785.0,short,577515813.0,0
2025-04-23 00:00:00+00:00,859,CORN,479.25,-450000000.0,notional_at_entry,short,-1002785.0,short,581526953.0,0
2025-04-24 00:00:00+00:00,860,CORN,484.0,-450000000.0,notional_at_entry,short,-1002785.0,short,576763724.25,0
2025-04-25 00:00:00+00:00,861,CORN,485.5,-450000000.0,notional_at_entry,short,-1002785.0,short,575259546.75,0
2025-04-28 00:00:00+00:00,862,CORN,483.25,-450000000.0,notional_at_entry,short,-1002785.0,short,577515813.0,0
2025-04-29 00:00:00+00:00,863,CORN,470.25,-450000000.0,notional_at_entry,short,-1002785.0,short,590552018.0,0
2025-04-30 00:00:00+00:00,864,CORN,475.5,-450000000.0,notional_at_entry,short,-1002785.0,short,585287396.75,0
2025-05-01 00:00:00+00:00,865,CORN,472.25,-450000000.0,notional_at_entry,short,-1002785.0,short,588546448.0,0
2025-05-02 00:00:00+00:00,866,CORN,469.0,-300000000.0,notional_at_entry,short,-1002785.0,short,591805499.25,0
2025-05-05 00:00:00+00:00,867,CORN,454.25,-300000000.0,notional_at_entry,short,-1002785.0,short,606596578.0,0
2025-05-06 00:00:00+00:00,868,CORN,455.5,-300000000.0,notional_at_entry,short,-1002785.0,short,605343096.75,0
2025-05-07 00:00:00+00:00,869,CORN,449.25,-300000000.0,notional_at_entry,short,-1002785.0,short,611610503.0,0
2025-05-08 00:00:00+00:00,870,CORN,447.5,-300000000.0,notional_at_entry,short,-1002785.0,short,613365376.75,0
2025-05-09 00:00:00+00:00,871,CORN,449.75,-300000000.0,notional_at_entry,short,-1002785.0,short,611109110.5,0
2025-05-12 00:00:00+00:00,872,CORN,440.25,-300000000.0,notional_at_entry,short,-1002785.0,short,620635568.0,0
2025-05-13 00:00:00+00:00,873,CORN,436.0,-300000000.0,notional_at_entry,short,-1002785.0,short,624897404.25,0
2025-05-14 00:00:00+00:00,874,CORN,438.5,-300000000.0,notional_at_entry,short,-1002785.0,short,622390441.75,0
2025-05-15 00:00:00+00:00,875,CORN,448.5,-300000000.0,notional_at_entry,short,-1002785.0,short,612362591.75,0
2025-05-16 00:00:00+00:00,876,CORN,443.5,450000000.0,notional_at_entry,long,1014656.0,long,617376516.75,1
2025-05-19 00:00:00+00:00,877,CORN,447.5,450000000.0,notional_at_entry,long,1014656.0,long,621435140.75,0
2025-05-20 00:00:00+00:00,878,CORN,454.5,450000000.0,notional_at_entry,long,1014656.0,long,628537732.75,0
2025-05-21 00:00:00+00:00,879,CORN,461.0,450000000.0,notional_at_entry,long,1014656.0,long,635132996.75,0
2025-05-22 00:00:00+00:00,880,CORN,463.0,450000000.0,notional_at_entry,long,1014656.0,long,637162308.75,0
2025-05-23 00:00:00+00:00,881,CORN,459.5,450000000.0,notional_at_entry,long,1014656.0,long,633611012.75,0
2025-05-26 00:00:00+00:00,882,CORN,459.0,450000000.0,notional_at_entry,long,1014656.0,long,633103684.75,0
2025-05-27 00:00:00+00:00,883,CORN,459.5,-300000000.0,notional_at_entry,short,-652883.0,short,633611012.75,1
2025-05-28 00:00:00+00:00,884,CORN,451.0,-300000000.0,notional_at_entry,short,-652883.0,short,639160518.25,0
2025-05-29 00:00:00+00:00,885,CORN,447.0,-300000000.0,notional_at_entry,short,-652883.0,short,641772050.25,0
2025-05-30 00:00:00+00:00,886,CORN,444.0,-300000000.0,notional_at_entry,short,-652883.0,short,643730699.25,0
2025-06-02 00:00:00+00:00,887,CORN,438.25,-300000000.0,notional_at_entry,short,-652883.0,short,647484776.5,0
2025-06-03 00:00:00+00:00,888,CORN,438.5,-300000000.0,notional_at_entry,short,-652883.0,short,647321555.75,0
2025-06-04 00:00:00+00:00,889,CORN,438.75,-300000000.0,notional_at_entry,short,-652883.0,short,647158335.0,0
2025-06-05 00:00:00+00:00,890,CORN,439.5,-300000000.0,notional_at_entry,short,-652883.0,short,646668672.75,0
2025-06-06 00:00:00+00:00,891,CORN,442.5,-300000000.0,notional_at_entry,short,-652883.0,short,644710023.75,0
2025-06-09 00:00:00+00:00,892,CORN,433.5,-300000000.0,notional_at_entry,short,-652883.0,short,650585970.75,0
2025-06-10 00:00:00+00:00,893,CORN,438.75,300000000.0,notional_at_entry,long,683760.0,long,647158335.0,1
2025-06-11 00:00:00+00:00,894,CORN,437.0,300000000.0,notional_at_entry,long,683760.0,long,645961755.0,0
2025-06-12 00:00:00+00:00,895,CORN,438.5,300000000.0,notional_at_entry,long,683760.0,long,646987395.0,0
2025-06-13 00:00:00+00:00,896,CORN,444.5,300000000.0,notional_at_entry,long,683760.0,long,651089955.0,0
2025-06-16 00:00:00+00:00,897,CORN,434.75,300000000.0,notional_at_entry,long,683760.0,long,644423295.0,0
2025-06-17 00:00:00+00:00,898,CORN,431.5,-450000000.0,notional_at_entry,short,-1042873.0,short,642201075.0,1
2025-06-18 00:00:00+00:00,899,CORN,433.5,-450000000.0,notional_at_entry,short,-1042873.0,short,640115329.0,0
2025-06-19 00:00:00+00:00,900,CORN,433.25,-450000000.0,notional_at_entry,short,-1042873.0,short,640376047.25,0
2025-06-20 00:00:00+00:00,901,CORN,428.75,-450000000.0,notional_at_entry,short,-1042873.0,short,645068975.75,0
2025-06-23 00:00:00+00:00,902,CORN,417.5,-450000000.0,notional_at_entry,short,-1042873.0,short,656801297.0,0
2025-06-24 00:00:00+00:00,903,CORN,412.25,-450000000.0,notional_at_entry,short,-1042873.0,short,662276380.25,0
2025-06-25 00:00:00+00:00,904,CORN,405.0,-450000000.0,notional_at_entry,short,-1042873.0,short,669837209.5,0
2025-06-26 00:00:00+00:00,905,CORN,404.0,-450000000.0,notional_at_entry,short,-1042873.0,short,670880082.5,0
2025-06-27 00:00:00+00:00,906,CORN,411.5,-450000000.0,notional_at_entry,short,-1042873.0,short,663058535.0,0
2025-06-30 00:00:00+00:00,907,CORN,425.5,-450000000.0,notional_at_entry,short,-1042873.0,short,648458313.0,0
2025-07-01 00:00:00+00:00,908,CORN,422.0,-300000000.0,notional_at_entry,short,-1042873.0,short,652108368.5,0
2025-07-02 00:00:00+00:00,909,CORN,433.5,-300000000.0,notional_at_entry,short,-1042873.0,short,640115329.0,0
2025-07-03 00:00:00+00:00,910,CORN,437.0,-300000000.0,notional_at_entry,short,-1042873.0,short,636465273.5,0
2025-07-07 00:00:00+00:00,911,CORN,420.75,-300000000.0,notional_at_entry,short,-1042873.0,short,653411959.75,0
2025-07-08 00:00:00+00:00,912,CORN,414.25,-300000000.0,notional_at_entry,short,-1042873.0,short,660190634.25,0
2025-07-09 00:00:00+00:00,913,CORN,415.5,-300000000.0,notional_at_entry,short,-1042873.0,short,658887043.0,0
2025-07-10 00:00:00+00:00,914,CORN,416.5,300000000.0,notional_at_entry,long,720288.0,long,657844170.0,1
2025-07-11 00:00:00+00:00,915,CORN,412.25,300000000.0,notional_at_entry,long,720288.0,long,654782946.0,0
2025-07-14 00:00:00+00:00,916,CORN,400.0,300000000.0,notional_at_entry,long,720288.0,long,645959418.0,0
2025-07-15 00:00:00+00:00,917,CORN,419.75,300000000.0,notional_at_entry,long,720288.0,long,660185106.0,0
2025-07-16 00:00:00+00:00,918,CORN,424.0,300000000.0,notional_at_entry,long,720288.0,long,663246330.0,0
2025-07-17 00:00:00+00:00,919,CORN,421.0,300000000.0,notional_at_entry,long,720288.0,long,661085466.0,0
2025-07-18 00:00:00+00:00,920,CORN,427.75,300000000.0,notional_at_entry,long,720288.0,long,665947410.0,0
2025-07-21 00:00:00+00:00,921,CORN,422.25,300000000.0,notional_at_entry,long,720288.0,long,661985826.0,0
2025-07-22 00:00:00+00:00,922,CORN,418.0,300000000.0,notional_at_entry,long,720288.0,long,658924602.0,0
2025-07-23 00:00:00+00:00,923,CORN,417.5,300000000.0,notional_at_entry,long,720288.0,long,658564458.0,0
2025-07-24 00:00:00+00:00,924,CORN,420.75,300000000.0,notional_at_entry,long,720288.0,long,660905394.0,0
2025-07-25 00:00:00+00:00,925,CORN,419.0,300000000.0,notional_at_entry,long,720288.0,long,659644890.0,0
2025-07-28 00:00:00+00:00,926,CORN,414.0,300000000.0,notional_at_entry,long,720288.0,long,656043450.0,0
2025-07-29 00:00:00+00:00,927,CORN,411.0,300000000.0,notional_at_entry,long,720288.0,long,653882586.0,0
2025-07-30 00:00:00+00:00,928,CORN,412.25,300000000.0,notional_at_entry,long,720288.0,long,654782946.0,0
2025-07-31 00:00:00+00:00,929,CORN,413.75,300000000.0,notional_at_entry,long,720288.0,long,655863378.0,0
2025-08-01 00:00:00+00:00,930,CORN,410.75,-450000000.0,notional_at_entry,short,-1095556.0,short,653702514.0,1
2025-08-04 00:00:00+00:00,931,CORN,407.0,-450000000.0,notional_at_entry,short,-1095556.0,short,657810849.0,0
2025-08-05 00:00:00+00:00,932,CORN,402.0,-450000000.0,notional_at_entry,short,-1095556.0,short,663288629.0,0
2025-08-06 00:00:00+00:00,933,CORN,401.25,-450000000.0,notional_at_entry,short,-1095556.0,short,664110296.0,0
2025-08-07 00:00:00+00:00,934,CORN,407.0,-450000000.0,notional_at_entry,short,-1095556.0,short,657810849.0,0
2025-08-08 00:00:00+00:00,935,CORN,405.5,-450000000.0,notional_at_entry,short,-1095556.0,short,659454183.0,0
2025-08-11 00:00:00+00:00,936,CORN,407.75,-450000000.0,notional_at_entry,short,-1095556.0,short,656989182.0,0
2025-08-12 00:00:00+00:00,937,CORN,394.5,-450000000.0,notional_at_entry,short,-1095556.0,short,671505299.0,0
2025-08-13 00:00:00+00:00,938,CORN,397.25,-450000000.0,notional_at_entry,short,-1095556.0,short,668492520.0,0
2025-08-14 00:00:00+00:00,939,CORN,397.25,300000000.0,notional_at_entry,long,755191.0,long,668492520.0,1
2025-08-15 00:00:00+00:00,940,CORN,405.25,300000000.0,notional_at_entry,long,755191.0,long,674534048.0,0
2025-08-18 00:00:00+00:00,941,CORN,406.5,300000000.0,notional_at_entry,long,755191.0,long,675478036.75,0
2025-08-19 00:00:00+00:00,942,CORN,403.25,300000000.0,notional_at_entry,long,755191.0,long,673023666.0,0
2025-08-20 00:00:00+00:00,943,CORN,404.0,300000000.0,notional_at_entry,long,755191.0,long,673590059.25,0
2025-08-21 00:00:00+00:00,944,CORN,411.75,300000000.0,notional_at_entry,long,755191.0,long,679442789.5,0
2025-08-22 00:00:00+00:00,945,CORN,411.5,300000000.0,notional_at_entry,long,755191.0,long,679253991.75,0
2025-08-25 00:00:00+00:00,946,CORN,412.25,300000000.0,notional_at_entry,long,755191.0,long,679820385.0,0
2025-08-26 00:00:00+00:00,947,CORN,409.5,450000000.0,notional_at_entry,long,755191.0,long,677743609.75,0
2025-08-27 00:00:00+00:00,948,CORN,406.0,450000000.0,notional_at_entry,long,755191.0,long,675100441.25,0
2025-08-28 00:00:00+00:00,949,CORN,410.0,450000000.0,notional_at_entry,long,755191.0,long,678121205.25,0
2025-08-29 00:00:00+00:00,950,CORN,420.25,450000000.0,notional_at_entry,long,755191.0,long,685861913.0,0
2025-09-01 00:00:00+00:00,951,CORN,418.0,450000000.0,notional_at_entry,long,755191.0,long,684162733.25,0
2025-09-02 00:00:00+00:00,952,CORN,423.0,450000000.0,notional_at_entry,long,755191.0,long,687938688.25,0
2025-09-03 00:00:00+00:00,953,CORN,418.0,450000000.0,notional_at_entry,long,755191.0,long,684162733.25,0
2025-09-04 00:00:00+00:00,954,CORN,419.75,450000000.0,notional_at_entry,long,755191.0,long,685484317.5,0
2025-09-05 00:00:00+00:00,955,CORN,418.0,450000000.0,notional_at_entry,long,755191.0,long,684162733.25,0
2025-09-08 00:00:00+00:00,956,CORN,403.0,450000000.0,notional_at_entry,long,755191.0,long,672834868.25,0
2025-09-09 00:00:00+00:00,957,CORN,401.25,-300000000.0,notional_at_entry,short,-747663.0,short,671513284.0,1
2025-09-10 00:00:00+00:00,958,CORN,397.25,-300000000.0,notional_at_entry,short,-747663.0,short,674503936.0,0
2025-09-11 00:00:00+00:00,959,CORN,399.0,-300000000.0,notional_at_entry,short,-747663.0,short,673195525.75,0
2025-09-12 00:00:00+00:00,960,CORN,399.0,-300000000.0,notional_at_entry,short,-747663.0,short,673195525.75,0
2025-09-15 00:00:00+00:00,961,CORN,423.25,-300000000.0,notional_at_entry,short,-747663.0,short,655064698.0,0
2025-09-16 00:00:00+00:00,962,CORN,429.5,-300000000.0,notional_at_entry,short,-747663.0,short,650391804.25,0
2025-09-17 00:00:00+00:00,963,CORN,426.75,-300000000.0,notional_at_entry,short,-747663.0,short,652447877.5,0
2025-09-18 00:00:00+00:00,964,CORN,423.75,-300000000.0,notional_at_entry,short,-747663.0,short,654690866.5,0
2025-09-19 00:00:00+00:00,965,CORN,424.0,-300000000.0,notional_at_entry,short,-747663.0,short,654503950.75,0
2025-09-22 00:00:00+00:00,966,CORN,421.75,-300000000.0,notional_at_entry,short,-747663.0,short,656186192.5,0
2025-09-23 00:00:00+00:00,967,CORN,426.25,-300000000.0,notional_at_entry,short,-747663.0,short,652821709.0,0
2025-09-24 00:00:00+00:00,968,CORN,424.25,-300000000.0,notional_at_entry,short,-747663.0,short,654317035.0,0
2025-09-25 00:00:00+00:00,969,CORN,425.75,-300000000.0,notional_at_entry,short,-747663.0,short,653195540.5,0
2025-09-26 00:00:00+00:00,970,CORN,422.0,-300000000.0,notional_at_entry,short,-747663.0,short,655999276.75,0
2025-09-29 00:00:00+00:00,971,CORN,421.5,-300000000.0,notional_at_entry,short,-747663.0,short,656373108.25,0
2025-09-30 00:00:00+00:00,972,CORN,415.5,-300000000.0,notional_at_entry,short,-747663.0,short,660859086.25,0
2025-10-01 00:00:00+00:00,973,CORN,416.5,-300000000.0,notional_at_entry,short,-747663.0,short,660111423.25,0
2025-10-02 00:00:00+00:00,974,CORN,421.75,-300000000.0,notional_at_entry,short,-747663.0,short,656186192.5,0
2025-10-03 00:00:00+00:00,975,CORN,419.0,-300000000.0,notional_at_entry,short,-747663.0,short,658242265.75,0
2025-10-06 00:00:00+00:00,976,CORN,421.75,-300000000.0,notional_at_entry,short,-747663.0,short,656186192.5,0
2025-10-07 00:00:00+00:00,977,CORN,419.75,-300000000.0,notional_at_entry,short,-747663.0,short,657681518.5,0
2025-10-08 00:00:00+00:00,978,CORN,422.0,-300000000.0,notional_at_entry,short,-747663.0,short,655999276.75,0
2025-10-09 00:00:00+00:00,979,CORN,418.25,-300000000.0,notional_at_entry,short,-747663.0,short,658803013.0,0
2025-10-10 00:00:00+00:00,980,CORN,413.0,-300000000.0,notional_at_entry,short,-747663.0,short,662728243.75,0
2025-10-13 00:00:00+00:00,981,CORN,410.75,-300000000.0,notional_at_entry,short,-747663.0,short,664410485.5,0
2025-10-14 00:00:00+00:00,982,CORN,413.0,-300000000.0,notional_at_entry,short,-747663.0,short,662728243.75,0
2025-10-15 00:00:00+00:00,983,CORN,416.75,-300000000.0,notional_at_entry,short,-747663.0,short,659924507.5,0
2025-10-16 00:00:00+00:00,984,CORN,421.75,-300000000.0,notional_at_entry,short,-747663.0,short,656186192.5,0
2025-10-17 00:00:00+00:00,985,CORN,422.5,-300000000.0,notional_at_entry,short,-747663.0,short,655625445.25,0
2025-10-20 00:00:00+00:00,986,CORN,423.25,-300000000.0,notional_at_entry,short,-747663.0,short,655064698.0,0
2025-10-21 00:00:00+00:00,987,CORN,419.75,300000000.0,notional_at_entry,long,714711.0,long,657681518.5,1
2025-10-22 00:00:00+00:00,988,CORN,423.0,300000000.0,notional_at_entry,long,714711.0,long,660004329.25,0
2025-10-23 00:00:00+00:00,989,CORN,428.0,300000000.0,notional_at_entry,long,714711.0,long,663577884.25,0
2025-10-24 00:00:00+00:00,990,CORN,423.25,300000000.0,notional_at_entry,long,714711.0,long,660183007.0,0
2025-10-27 00:00:00+00:00,991,CORN,428.75,300000000.0,notional_at_entry,long,714711.0,long,664113917.5,0
2025-10-28 00:00:00+00:00,992,CORN,432.0,300000000.0,notional_at_entry,long,714711.0,long,666436728.25,0
2025-10-29 00:00:00+00:00,993,CORN,434.0,300000000.0,notional_at_entry,long,714711.0,long,667866150.25,0
2025-10-30 00:00:00+00:00,994,CORN,430.25,300000000.0,notional_at_entry,long,714711.0,long,665185984.0,0
2025-10-31 00:00:00+00:00,995,CORN,431.5,300000000.0,notional_at_entry,long,714711.0,long,666079372.75,0
2025-11-03 00:00:00+00:00,996,CORN,434.25,300000000.0,notional_at_entry,long,714711.0,long,668044828.0,0
2025-11-04 00:00:00+00:00,997,CORN,431.5,300000000.0,notional_at_entry,long,714711.0,long,666079372.75,0
2025-11-05 00:00:00+00:00,998,CORN,435.25,300000000.0,notional_at_entry,long,714711.0,long,668759539.0,0
2025-11-06 00:00:00+00:00,999,CORN,428.75,300000000.0,notional_at_entry,long,714711.0,long,664113917.5,0
2025-11-07 00:00:00+00:00,1000,CORN,427.25,-300000000.0,notional_at_entry,short,-702165.0,short,663041851.0,1
2025-11-10 00:00:00+00:00,1001,CORN,429.75,-300000000.0,notional_at_entry,short,-702165.0,short,661286438.5,0
2025-11-11 00:00:00+00:00,1002,CORN,432.0,-300000000.0,notional_at_entry,short,-702165.0,short,659706567.25,0
2025-11-12 00:00:00+00:00,1003,CORN,435.25,-300000000.0,notional_at_entry,short,-702165.0,short,657424531.0,0
2025-11-13 00:00:00+00:00,1004,CORN,441.5,-300000000.0,notional_at_entry,short,-702165.0,short,653035999.75,0
2025-11-14 00:00:00+00:00,1005,CORN,430.25,-300000000.0,notional_at_entry,short,-702165.0,short,660935356.0,0
2025-11-17 00:00:00+00:00,1006,CORN,448.0,-300000000.0,notional_at_entry,short,-702165.0,short,648471927.25,0
2025-11-18 00:00:00+00:00,1007,CORN,449.5,-300000000.0,notional_at_entry,short,-702165.0,short,647418679.75,0
2025-11-19 00:00:00+00:00,1008,CORN,441.5,-300000000.0,notional_at_entry,short,-702165.0,short,653035999.75,0
2025-11-20 00:00:00+00:00,1009,CORN,437.75,-300000000.0,notional_at_entry,short,-702165.0,short,655669118.5,0
2025-11-21 00:00:00+00:00,1010,CORN,437.5,-300000000.0,notional_at_entry,short,-702165.0,short,655844659.75,0
2025-11-24 00:00:00+00:00,1011,CORN,436.75,450000000.0,notional_at_entry,long,1030337.0,long,656371283.5,1
2025-11-25 00:00:00+00:00,1012,CORN,438.25,450000000.0,notional_at_entry,long,1030337.0,long,657916789.0,0
2025-11-26 00:00:00+00:00,1013,CORN,445.25,450000000.0,notional_at_entry,long,1030337.0,long,665129148.0,0
2025-11-27 00:00:00+00:00,1014,CORN,445.0,450000000.0,notional_at_entry,long,1030337.0,long,664871563.75,0
2025-11-28 00:00:00+00:00,1015,CORN,447.75,450000000.0,notional_at_entry,long,1030337.0,long,667704990.5,0
2025-12-01 00:00:00+00:00,1016,CORN,445.0,450000000.0,notional_at_entry,long,1030337.0,long,664871563.75,0
2025-12-02 00:00:00+00:00,1017,CORN,450.0,-450000000.0,notional_at_entry,short,-1000000.0,short,670023248.75,1
2025-12-03 00:00:00+00:00,1018,CORN,443.5,-450000000.0,notional_at_entry,short,-1000000.0,short,676523248.75,0
2025-12-04 00:00:00+00:00,1019,CORN,447.25,-450000000.0,notional_at_entry,short,-1000000.0,short,672773248.75,0
2025-12-05 00:00:00+00:00,1020,CORN,444.75,-450000000.0,notional_at_entry,short,-1000000.0,short,675273248.75,0
2025-12-08 00:00:00+00:00,1021,CORN,436.25,-450000000.0,notional_at_entry,short,-1000000.0,short,683773248.75,0
2025-12-09 00:00:00+00:00,1022,CORN,440.75,300000000.0,notional_at_entry,long,680657.0,long,679273248.75,1
2025-12-10 00:00:00+00:00,1023,CORN,434.75,300000000.0,notional_at_entry,long,680657.0,long,675189306.75,0
2025-12-11 00:00:00+00:00,1024,CORN,435.25,-300000000.0,notional_at_entry,short,-689259.0,short,675529635.25,1
2025-12-12 00:00:00+00:00,1025,CORN,431.5,-300000000.0,notional_at_entry,short,-689259.0,short,678114356.5,0
2025-12-15 00:00:00+00:00,1026,CORN,439.75,-300000000.0,notional_at_entry,short,-689259.0,short,672427969.75,0
2025-12-16 00:00:00+00:00,1027,CORN,436.5,-300000000.0,notional_at_entry,short,-689259.0,short,674668061.5,0
2025-12-17 00:00:00+00:00,1028,CORN,440.5,-300000000.0,notional_at_entry,short,-689259.0,short,671911025.5,0
2025-12-18 00:00:00+00:00,1029,CORN,444.5,-300000000.0,notional_at_entry,short,-689259.0,short,669153989.5,0
2025-12-19 00:00:00+00:00,1030,CORN,443.75,300000000.0,notional_at_entry,long,676056.0,long,669670933.75,1
2025-12-22 00:00:00+00:00,1031,CORN,447.0,300000000.0,notional_at_entry,long,676056.0,long,671868115.75,0
2025-12-23 00:00:00+00:00,1032,CORN,447.5,300000000.0,notional_at_entry,long,676056.0,long,672206143.75,0
2025-12-24 00:00:00+00:00,1033,CORN,451.0,300000000.0,notional_at_entry,long,676056.0,long,674572339.75,0
2025-12-26 00:00:00+00:00,1034,CORN,450.0,300000000.0,notional_at_entry,long,676056.0,long,673896283.75,0
2025-12-29 00:00:00+00:00,1035,CORN,442.25,300000000.0,notional_at_entry,long,676056.0,long,668656849.75,0
2025-12-30 00:00:00+00:00,1036,CORN,440.5,300000000.0,notional_at_entry,long,676056.0,long,667473751.75,0
2025-12-31 00:00:00+00:00,1037,CORN,440.25,300000000.0,notional_at_entry,long,676056.0,long,667304737.75,0
2026-01-02 00:00:00+00:00,1038,CORN,437.5,300000000.0,notional_at_entry,long,676056.0,long,665445583.75,0
2026-01-05 00:00:00+00:00,1039,CORN,444.5,300000000.0,notional_at_entry,long,676056.0,long,670177975.75,0
2026-01-06 00:00:00+00:00,1040,CORN,444.0,300000000.0,notional_at_entry,long,676056.0,long,669839947.75,0
2026-01-07 00:00:00+00:00,1041,CORN,446.75,300000000.0,notional_at_entry,long,676056.0,long,671699101.75,0
2026-01-08 00:00:00+00:00,1042,CORN,446.0,300000000.0,notional_at_entry,long,676056.0,long,671192059.75,0
2026-01-09 00:00:00+00:00,1043,CORN,445.75,300000000.0,notional_at_entry,long,676056.0,long,671023045.75,0
2026-01-12 00:00:00+00:00,1044,CORN,421.5,300000000.0,notional_at_entry,long,676056.0,long,654628687.75,0
2026-01-13 00:00:00+00:00,1045,CORN,419.75,-450000000.0,notional_at_entry,short,-1072066.0,short,653445589.75,1
2026-01-14 00:00:00+00:00,1046,CORN,422.0,-450000000.0,notional_at_entry,short,-1072066.0,short,651033441.25,0
2026-01-15 00:00:00+00:00,1047,CORN,420.25,-450000000.0,notional_at_entry,short,-1072066.0,short,652909556.75,0
2026-01-16 00:00:00+00:00,1048,CORN,424.75,-450000000.0,notional_at_entry,short,-1072066.0,short,648085259.75,0
2026-01-19 00:00:00+00:00,1049,CORN,424.5,-450000000.0,notional_at_entry,short,-1072066.0,short,648353276.25,0
2026-01-20 00:00:00+00:00,1050,CORN,423.75,-450000000.0,notional_at_entry,short,-1072066.0,short,649157325.75,0
2026-01-21 00:00:00+00:00,1051,CORN,421.75,-450000000.0,notional_at_entry,short,-1072066.0,short,651301457.75,0
2026-01-22 00:00:00+00:00,1052,CORN,424.0,300000000.0,notional_at_entry,long,707547.0,long,648889309.25,1
2026-01-23 00:00:00+00:00,1053,CORN,430.5,300000000.0,notional_at_entry,long,707547.0,long,653488364.75,0
2026-01-26 00:00:00+00:00,1054,CORN,428.25,300000000.0,notional_at_entry,long,707547.0,long,651896384.0,0
2026-01-27 00:00:00+00:00,1055,CORN,426.5,300000000.0,notional_at_entry,long,707547.0,long,650658176.75,0
2026-01-28 00:00:00+00:00,1056,CORN,430.0,300000000.0,notional_at_entry,long,707547.0,long,653134591.25,0
2026-01-29 00:00:00+00:00,1057,CORN,430.75,300000000.0,notional_at_entry,long,707547.0,long,653665251.5,0
2026-01-30 00:00:00+00:00,1058,CORN,428.25,300000000.0,notional_at_entry,long,707547.0,long,651896384.0,0
2026-02-02 00:00:00+00:00,1059,CORN,425.75,300000000.0,notional_at_entry,long,707547.0,long,650127516.5,0
2026-02-03 00:00:00+00:00,1060,CORN,428.5,300000000.0,notional_at_entry,long,707547.0,long,652073270.75,0
2026-02-04 00:00:00+00:00,1061,CORN,429.5,300000000.0,notional_at_entry,long,707547.0,long,652780817.75,0
2026-02-05 00:00:00+00:00,1062,CORN,435.0,300000000.0,notional_at_entry,long,707547.0,long,656672326.25,0
2026-02-06 00:00:00+00:00,1063,CORN,430.25,300000000.0,notional_at_entry,long,707547.0,long,653311478.0,0
2026-02-09 00:00:00+00:00,1064,CORN,428.75,300000000.0,notional_at_entry,long,707547.0,long,652250157.5,0
2026-02-10 00:00:00+00:00,1065,CORN,428.75,300000000.0,notional_at_entry,long,707547.0,long,652250157.5,0
2026-02-11 00:00:00+00:00,1066,CORN,427.5,300000000.0,notional_at_entry,long,707547.0,long,651365723.75,0
2026-02-12 00:00:00+00:00,1067,CORN,431.25,300000000.0,notional_at_entry,long,707547.0,long,654019025.0,0
2026-02-13 00:00:00+00:00,1068,CORN,431.75,300000000.0,notional_at_entry,long,707547.0,long,654372798.5,0
2026-02-16 00:00:00+00:00,1069,CORN,431.0,300000000.0,notional_at_entry,long,707547.0,long,653842138.25,0
2026-02-17 00:00:00+00:00,1070,CORN,435.75,300000000.0,notional_at_entry,long,707547.0,long,657202986.5,0
2026-02-18 00:00:00+00:00,1071,CORN,436.75,300000000.0,notional_at_entry,long,707547.0,long,657910533.5,0
2026-02-19 00:00:00+00:00,1072,CORN,436.25,300000000.0,notional_at_entry,long,707547.0,long,657556760.0,0
2026-02-20 00:00:00+00:00,1073,CORN,439.75,300000000.0,notional_at_entry,long,707547.0,long,660033174.5,0
2026-02-23 00:00:00+00:00,1074,CORN,440.25,300000000.0,notional_at_entry,long,707547.0,long,660386948.0,0
2026-02-24 00:00:00+00:00,1075,CORN,438.5,300000000.0,notional_at_entry,long,707547.0,long,659148740.75,0
2026-02-25 00:00:00+00:00,1076,CORN,442.0,300000000.0,notional_at_entry,long,707547.0,long,661625155.25,0
2026-02-26 00:00:00+00:00,1077,CORN,443.5,300000000.0,notional_at_entry,long,707547.0,long,662686475.75,0
2026-02-27 00:00:00+00:00,1078,CORN,448.5,300000000.0,notional_at_entry,long,707547.0,long,666224210.75,0
2026-03-02 00:00:00+00:00,1079,CORN,445.75,300000000.0,notional_at_entry,long,707547.0,long,664278456.5,0
2026-03-03 00:00:00+00:00,1080,CORN,446.5,300000000.0,notional_at_entry,long,707547.0,long,664809116.75,0
2026-03-04 00:00:00+00:00,1081,CORN,443.75,300000000.0,notional_at_entry,long,707547.0,long,662863362.5,0
2026-03-05 00:00:00+00:00,1082,CORN,453.5,300000000.0,notional_at_entry,long,707547.0,long,669761945.75,0
2026-03-06 00:00:00+00:00,1083,CORN,460.5,300000000.0,notional_at_entry,long,707547.0,long,674714774.75,0
2026-03-09 00:00:00+00:00,1084,CORN,437.5,450000000.0,notional_at_entry,long,707547.0,long,658441193.75,0
2026-03-10 00:00:00+00:00,1085,CORN,436.25,450000000.0,notional_at_entry,long,707547.0,long,657556760.0,0
2026-03-11 00:00:00+00:00,1086,CORN,444.25,450000000.0,notional_at_entry,long,707547.0,long,663217136.0,0
2026-03-12 00:00:00+00:00,1087,CORN,448.25,450000000.0,notional_at_entry,long,707547.0,long,666047324.0,0
2026-03-13 00:00:00+00:00,1088,CORN,452.5,450000000.0,notional_at_entry,long,707547.0,long,669054398.75,0
2026-03-16 00:00:00+00:00,1089,CORN,454.0,450000000.0,notional_at_entry,long,707547.0,long,670115719.25,0
2026-03-17 00:00:00+00:00,1090,CORN,454.0,450000000.0,notional_at_entry,long,707547.0,long,670115719.25,0
2026-03-18 00:00:00+00:00,1091,CORN,463.25,450000000.0,notional_at_entry,long,707547.0,long,676660529.0,0
2026-03-19 00:00:00+00:00,1092,CORN,469.75,450000000.0,notional_at_entry,long,707547.0,long,681259584.5,0
2026-03-20 00:00:00+00:00,1093,CORN,465.5,450000000.0,notional_at_entry,long,707547.0,long,678252509.75,0
2026-03-23 00:00:00+00:00,1094,CORN,459.5,300000000.0,notional_at_entry,long,707547.0,long,674007227.75,0
2026-03-24 00:00:00+00:00,1095,CORN,462.5,300000000.0,notional_at_entry,long,707547.0,long,676129868.75,0
2026-03-25 00:00:00+00:00,1096,CORN,467.25,300000000.0,notional_at_entry,long,707547.0,long,679490717.0,0
2026-03-26 00:00:00+00:00,1097,CORN,467.0,300000000.0,notional_at_entry,long,707547.0,long,679313830.25,0
2026-03-27 00:00:00+00:00,1098,CORN,462.0,300000000.0,notional_at_entry,long,707547.0,long,675776095.25,0
2026-03-30 00:00:00+00:00,1099,CORN,455.75,300000000.0,notional_at_entry,long,707547.0,long,671353926.5,0
2026-03-31 00:00:00+00:00,1100,CORN,457.75,300000000.0,notional_at_entry,long,707547.0,long,672769020.5,0
2026-04-01 00:00:00+00:00,1101,CORN,454.25,-300000000.0,notional_at_entry,short,-660429.0,short,670292606.0,1
2026-04-02 00:00:00+00:00,1102,CORN,452.25,-300000000.0,notional_at_entry,short,-660429.0,short,671613464.0,0
2026-04-03 00:00:00+00:00,1103,CORN,452.25,-300000000.0,notional_at_entry,short,-660429.0,short,671613464.0,0
2026-04-06 00:00:00+00:00,1104,CORN,454.0,-300000000.0,notional_at_entry,short,-660429.0,short,670457713.25,0
2026-04-07 00:00:00+00:00,1105,CORN,449.0,-300000000.0,notional_at_entry,short,-660429.0,short,673759858.25,0
2026-04-08 00:00:00+00:00,1106,CORN,447.25,-300000000.0,notional_at_entry,short,-660429.0,short,674915609.0,0
2026-04-09 00:00:00+00:00,1107,CORN,444.0,-300000000.0,notional_at_entry,short,-660429.0,short,677062003.25,0
2026-04-10 00:00:00+00:00,1108,CORN,441.0,-300000000.0,notional_at_entry,short,-660429.0,short,679043290.25,0
2026-04-13 00:00:00+00:00,1109,CORN,451.0,-300000000.0,notional_at_entry,short,-660429.0,short,672439000.25,0
2026-04-14 00:00:00+00:00,1110,CORN,452.5,-300000000.0,notional_at_entry,short,-660429.0,short,671448356.75,0
2026-04-15 00:00:00+00:00,1111,CORN,460.5,-300000000.0,notional_at_entry,short,-660429.0,short,666164924.75,0
2026-04-16 00:00:00+00:00,1112,CORN,457.75,-300000000.0,notional_at_entry,short,-660429.0,short,667981104.5,0
2026-04-17 00:00:00+00:00,1113,CORN,457.5,-300000000.0,notional_at_entry,short,-660429.0,short,668146211.75,0
2026-04-20 00:00:00+00:00,1114,CORN,460.25,-300000000.0,notional_at_entry,short,-660429.0,short,666330032.0,0
2026-04-21 00:00:00+00:00,1115,CORN,462.0,-300000000.0,notional_at_entry,short,-660429.0,short,665174281.25,0
2026-04-22 00:00:00+00:00,1116,CORN,462.75,-300000000.0,notional_at_entry,short,-660429.0,short,664678959.5,0
2026-04-23 00:00:00+00:00,1117,CORN,463.75,-300000000.0,notional_at_entry,short,-660429.0,short,664018530.5,0
2026-04-24 00:00:00+00:00,1118,CORN,463.5,300000000.0,notional_at_entry,long,647249.0,long,664183637.75,1
2026-04-27 00:00:00+00:00,1119,CORN,469.25,300000000.0,notional_at_entry,long,647249.0,long,667905319.5,0
2026-04-28 00:00:00+00:00,1120,CORN,475.5,300000000.0,notional_at_entry,long,647249.0,long,671950625.75,0
2026-04-29 00:00:00+00:00,1121,CORN,477.75,300000000.0,notional_at_entry,long,647249.0,long,673406936.0,0
2026-04-30 00:00:00+00:00,1122,CORN,474.75,300000000.0,notional_at_entry,long,647249.0,long,671465189.0,0
2026-05-01 00:00:00+00:00,1123,CORN,480.25,300000000.0,notional_at_entry,long,647249.0,long,675025058.5,0
2026-05-04 00:00:00+00:00,1124,CORN,485.75,300000000.0,notional_at_entry,long,647249.0,long,678584928.0,0
2026-05-05 00:00:00+00:00,1125,CORN,480.0,300000000.0,notional_at_entry,long,647249.0,long,674863246.25,0
2026-05-06 00:00:00+00:00,1126,CORN,468.5,300000000.0,notional_at_entry,long,647249.0,long,667419882.75,0
2026-05-07 00:00:00+00:00,1127,CORN,467.5,300000000.0,notional_at_entry,long,647249.0,long,666772633.75,0
2026-05-08 00:00:00+00:00,1128,CORN,471.25,300000000.0,notional_at_entry,long,647249.0,long,669199817.5,0
2026-05-11 00:00:00+00:00,1129,CORN,475.25,300000000.0,notional_at_entry,long,647249.0,long,671788813.5,0
2026-05-12 00:00:00+00:00,1130,CORN,480.0,-300000000.0,notional_at_entry,short,-625000.0,short,674863246.25,1
2026-05-13 00:00:00+00:00,1131,CORN,480.75,-300000000.0,notional_at_entry,short,-625000.0,short,674394496.25,0
2026-05-14 00:00:00+00:00,1132,CORN,467.5,450000000.0,notional_at_entry,long,962566.0,long,682675746.25,1
2026-05-15 00:00:00+00:00,1133,CORN,464.38,450000000.0,notional_at_entry,long,962566.0,long,679672540.33,0
