timestamp,bar_index,instrument_key,price,target_value,target_unit,target_side,position_quantity,position_side,equity,n_fills
2022-03-31 00:00:00+00:00,110,CORN,748.75,0.0,notional_at_entry,flat,0.0,flat,300000000.0,0
2022-04-01 00:00:00+00:00,111,CORN,735.0,300000000.0,notional_at_entry,long,408163.0,long,300000000.0,1
2022-04-04 00:00:00+00:00,112,CORN,750.5,300000000.0,notional_at_entry,long,408163.0,long,306326526.5,0
2022-04-05 00:00:00+00:00,113,CORN,759.75,300000000.0,notional_at_entry,long,408163.0,long,310102034.25,0
2022-04-06 00:00:00+00:00,114,CORN,756.5,300000000.0,notional_at_entry,long,408163.0,long,308775504.5,0
2022-04-07 00:00:00+00:00,115,CORN,757.75,0.0,notional_at_entry,flat,0.0,flat,309285708.25,1
2022-04-08 00:00:00+00:00,116,CORN,768.75,0.0,notional_at_entry,flat,0.0,flat,309285708.25,0
2022-04-11 00:00:00+00:00,117,CORN,764.5,0.0,notional_at_entry,flat,0.0,flat,309285708.25,0
2022-04-12 00:00:00+00:00,118,CORN,776.25,300000000.0,notional_at_entry,long,386473.0,long,309285708.25,1
2022-04-13 00:00:00+00:00,119,CORN,783.5,300000000.0,notional_at_entry,long,386473.0,long,312087637.5,0
2022-04-14 00:00:00+00:00,120,CORN,790.25,300000000.0,notional_at_entry,long,386473.0,long,314696330.25,0
2022-04-15 00:00:00+00:00,121,CORN,791.0,300000000.0,notional_at_entry,long,386473.0,long,314986185.0,0
2022-04-18 00:00:00+00:00,122,CORN,813.25,300000000.0,notional_at_entry,long,386473.0,long,323585209.25,0
2022-04-19 00:00:00+00:00,123,CORN,804.0,300000000.0,notional_at_entry,long,386473.0,long,320010334.0,0
2022-04-20 00:00:00+00:00,124,CORN,815.75,300000000.0,notional_at_entry,long,386473.0,long,324551391.75,0
2022-04-21 00:00:00+00:00,125,CORN,799.25,300000000.0,notional_at_entry,long,386473.0,long,318174587.25,0
2022-04-22 00:00:00+00:00,126,CORN,793.0,300000000.0,notional_at_entry,long,386473.0,long,315759131.0,0
2022-04-25 00:00:00+00:00,127,CORN,800.25,0.0,notional_at_entry,flat,0.0,flat,318561060.25,1
2022-04-26 00:00:00+00:00,128,CORN,803.25,0.0,notional_at_entry,flat,0.0,flat,318561060.25,0
2022-04-27 00:00:00+00:00,129,CORN,815.5,0.0,notional_at_entry,flat,0.0,flat,318561060.25,0
2022-04-28 00:00:00+00:00,130,CORN,816.0,0.0,notional_at_entry,flat,0.0,flat,318561060.25,0
2022-04-29 00:00:00+00:00,131,CORN,818.25,0.0,notional_at_entry,flat,0.0,flat,318561060.25,0
2022-05-02 00:00:00+00:00,132,CORN,813.0,0.0,notional_at_entry,flat,0.0,flat,318561060.25,0
2022-05-03 00:00:00+00:00,133,CORN,800.75,0.0,notional_at_entry,flat,0.0,flat,318561060.25,0
2022-05-04 00:00:00+00:00,134,CORN,798.5,-300000000.0,notional_at_entry,short,-375704.0,short,318561060.25,1
2022-05-05 00:00:00+00:00,135,CORN,803.75,-300000000.0,notional_at_entry,short,-375704.0,short,316588614.25,0
2022-05-06 00:00:00+00:00,136,CORN,792.25,-300000000.0,notional_at_entry,short,-375704.0,short,320909210.25,0
2022-05-09 00:00:00+00:00,137,CORN,784.5,0.0,notional_at_entry,flat,0.0,flat,323820916.25,1
2022-05-10 00:00:00+00:00,138,CORN,786.5,0.0,notional_at_entry,flat,0.0,flat,323820916.25,0
2022-05-11 00:00:00+00:00,139,CORN,802.25,0.0,notional_at_entry,flat,0.0,flat,323820916.25,0
2022-05-12 00:00:00+00:00,140,CORN,813.5,0.0,notional_at_entry,flat,0.0,flat,323820916.25,0
2022-05-13 00:00:00+00:00,141,CORN,794.5,0.0,notional_at_entry,flat,0.0,flat,323820916.25,0
2022-05-16 00:00:00+00:00,142,CORN,809.5,0.0,notional_at_entry,flat,0.0,flat,323820916.25,0
2022-05-17 00:00:00+00:00,143,CORN,800.75,0.0,notional_at_entry,flat,0.0,flat,323820916.25,0
2022-05-18 00:00:00+00:00,144,CORN,781.5,0.0,notional_at_entry,flat,0.0,flat,323820916.25,0
2022-05-19 00:00:00+00:00,145,CORN,783.25,0.0,notional_at_entry,flat,0.0,flat,323820916.25,0
2022-05-20 00:00:00+00:00,146,CORN,778.75,0.0,notional_at_entry,flat,0.0,flat,323820916.25,0
2022-05-23 00:00:00+00:00,147,CORN,786.25,-300000000.0,notional_at_entry,short,-381558.0,short,323820916.25,1
2022-05-24 00:00:00+00:00,148,CORN,771.75,-300000000.0,notional_at_entry,short,-381558.0,short,329353507.25,0
2022-05-25 00:00:00+00:00,149,CORN,772.25,-300000000.0,notional_at_entry,short,-381558.0,short,329162728.25,0
2022-05-26 00:00:00+00:00,150,CORN,765.0,-300000000.0,notional_at_entry,short,-381558.0,short,331929023.75,0
2022-05-27 00:00:00+00:00,151,CORN,777.25,0.0,notional_at_entry,flat,0.0,flat,327254938.25,1
2022-05-30 00:00:00+00:00,152,CORN,775.62,0.0,notional_at_entry,flat,0.0,flat,327254938.25,0
2022-05-31 00:00:00+00:00,153,CORN,753.5,0.0,notional_at_entry,flat,0.0,flat,327254938.25,0
2022-06-01 00:00:00+00:00,154,CORN,731.25,0.0,notional_at_entry,flat,0.0,flat,327254938.25,0
2022-06-02 00:00:00+00:00,155,CORN,730.25,0.0,notional_at_entry,flat,0.0,flat,327254938.25,0
2022-06-03 00:00:00+00:00,156,CORN,727.0,0.0,notional_at_entry,flat,0.0,flat,327254938.25,0
2022-06-06 00:00:00+00:00,157,CORN,742.5,0.0,notional_at_entry,flat,0.0,flat,327254938.25,0
2022-06-07 00:00:00+00:00,158,CORN,757.0,0.0,notional_at_entry,flat,0.0,flat,327254938.25,0
2022-06-08 00:00:00+00:00,159,CORN,764.5,0.0,notional_at_entry,flat,0.0,flat,327254938.25,0
2022-06-09 00:00:00+00:00,160,CORN,773.0,0.0,notional_at_entry,flat,0.0,flat,327254938.25,0
2022-06-10 00:00:00+00:00,161,CORN,773.25,0.0,notional_at_entry,flat,0.0,flat,327254938.25,0
2022-06-13 00:00:00+00:00,162,CORN,769.25,0.0,notional_at_entry,flat,0.0,flat,327254938.25,0
2022-06-14 00:00:00+00:00,163,CORN,768.25,0.0,notional_at_entry,flat,0.0,flat,327254938.25,0
2022-06-15 00:00:00+00:00,164,CORN,774.0,0.0,notional_at_entry,flat,0.0,flat,327254938.25,0
2022-06-16 00:00:00+00:00,165,CORN,788.25,300000000.0,notional_at_entry,long,380589.0,long,327254938.25,1
2022-06-17 00:00:00+00:00,166,CORN,784.5,300000000.0,notional_at_entry,long,380589.0,long,325827729.5,0
2022-06-21 00:00:00+00:00,167,CORN,760.75,0.0,notional_at_entry,flat,0.0,flat,316788740.75,1
2022-06-22 00:00:00+00:00,168,CORN,768.0,0.0,notional_at_entry,flat,0.0,flat,316788740.75,0
2022-06-23 00:00:00+00:00,169,CORN,746.75,0.0,notional_at_entry,flat,0.0,flat,316788740.75,0
2022-06-24 00:00:00+00:00,170,CORN,750.25,0.0,notional_at_entry,flat,0.0,flat,316788740.75,0
2022-06-27 00:00:00+00:00,171,CORN,744.25,-300000000.0,notional_at_entry,short,-403090.0,short,316788740.75,1
2022-06-28 00:00:00+00:00,172,CORN,759.5,-300000000.0,notional_at_entry,short,-403090.0,short,310641618.25,0
2022-06-29 00:00:00+00:00,173,CORN,770.25,-300000000.0,notional_at_entry,short,-403090.0,short,306308400.75,0
2022-06-30 00:00:00+00:00,174,CORN,743.75,-300000000.0,notional_at_entry,short,-403090.0,short,316990285.75,0
2022-07-01 00:00:00+00:00,175,CORN,754.5,-300000000.0,notional_at_entry,short,-403090.0,short,312657068.25,0
2022-07-05 00:00:00+00:00,176,CORN,736.0,-300000000.0,notional_at_entry,short,-403090.0,short,320114233.25,0
2022-07-06 00:00:00+00:00,177,CORN,744.25,-300000000.0,notional_at_entry,short,-403090.0,short,316788740.75,0
2022-07-07 00:00:00+00:00,178,CORN,747.0,-300000000.0,notional_at_entry,short,-403090.0,short,315680243.25,0
2022-07-08 00:00:00+00:00,179,CORN,778.25,-300000000.0,notional_at_entry,short,-403090.0,short,303083680.75,0
2022-07-11 00:00:00+00:00,180,CORN,781.25,-300000000.0,notional_at_entry,short,-403090.0,short,301874410.75,0
2022-07-12 00:00:00+00:00,181,CORN,732.75,-300000000.0,notional_at_entry,short,-403090.0,short,321424275.75,0
2022-07-13 00:00:00+00:00,182,CORN,740.0,-300000000.0,notional_at_entry,short,-403090.0,short,318501873.25,0
2022-07-14 00:00:00+00:00,183,CORN,695.0,-300000000.0,notional_at_entry,short,-403090.0,short,336640923.25,0
2022-07-15 00:00:00+00:00,184,CORN,604.25,-300000000.0,notional_at_entry,short,-403090.0,short,373221340.75,0
2022-07-18 00:00:00+00:00,185,CORN,612.25,-300000000.0,notional_at_entry,short,-403090.0,short,369996620.75,0
2022-07-19 00:00:00+00:00,186,CORN,596.75,-300000000.0,notional_at_entry,short,-403090.0,short,376244515.75,0
2022-07-20 00:00:00+00:00,187,CORN,592.25,300000000.0,notional_at_entry,long,506542.0,long,378058420.75,1
2022-07-21 00:00:00+00:00,188,CORN,575.75,300000000.0,notional_at_entry,long,506542.0,long,369700477.75,0
2022-07-22 00:00:00+00:00,189,CORN,564.25,300000000.0,notional_at_entry,long,506542.0,long,363875244.75,0
2022-07-25 00:00:00+00:00,190,CORN,580.0,300000000.0,notional_at_entry,long,506542.0,long,371853281.25,0
2022-07-26 00:00:00+00:00,191,CORN,597.0,300000000.0,notional_at_entry,long,506542.0,long,380464495.25,0
2022-07-27 00:00:00+00:00,192,CORN,600.25,300000000.0,notional_at_entry,long,506542.0,long,382110756.75,0
2022-07-28 00:00:00+00:00,193,CORN,615.0,300000000.0,notional_at_entry,long,506542.0,long,389582251.25,0
2022-07-29 00:00:00+00:00,194,CORN,616.25,300000000.0,notional_at_entry,long,506542.0,long,390215428.75,0
2022-08-01 00:00:00+00:00,195,CORN,607.0,300000000.0,notional_at_entry,long,506542.0,long,385529915.25,0
2022-08-02 00:00:00+00:00,196,CORN,591.25,300000000.0,notional_at_entry,long,506542.0,long,377551878.75,0
2022-08-03 00:00:00+00:00,197,CORN,591.5,300000000.0,notional_at_entry,long,506542.0,long,377678514.25,0
2022-08-04 00:00:00+00:00,198,CORN,602.25,0.0,notional_at_entry,flat,0.0,flat,383123840.75,1
2022-08-05 00:00:00+00:00,199,CORN,610.25,0.0,notional_at_entry,flat,0.0,flat,383123840.75,0
2022-08-08 00:00:00+00:00,200,CORN,608.5,0.0,notional_at_entry,flat,0.0,flat,383123840.75,0
2022-08-09 00:00:00+00:00,201,CORN,615.5,0.0,notional_at_entry,flat,0.0,flat,383123840.75,0
2022-08-10 00:00:00+00:00,202,CORN,621.25,0.0,notional_at_entry,flat,0.0,flat,383123840.75,0
2022-08-11 00:00:00+00:00,203,CORN,629.25,0.0,notional_at_entry,flat,0.0,flat,383123840.75,0
2022-08-12 00:00:00+00:00,204,CORN,639.75,0.0,notional_at_entry,flat,0.0,flat,383123840.75,0
2022-08-15 00:00:00+00:00,205,CORN,626.75,0.0,notional_at_entry,flat,0.0,flat,383123840.75,0
2022-08-16 00:00:00+00:00,206,CORN,611.0,0.0,notional_at_entry,flat,0.0,flat,383123840.75,0
2022-08-17 00:00:00+00:00,207,CORN,615.0,0.0,notional_at_entry,flat,0.0,flat,383123840.75,0
2022-08-18 00:00:00+00:00,208,CORN,619.75,0.0,notional_at_entry,flat,0.0,flat,383123840.75,0
2022-08-19 00:00:00+00:00,209,CORN,626.0,0.0,notional_at_entry,flat,0.0,flat,383123840.75,0
2022-08-22 00:00:00+00:00,210,CORN,633.5,0.0,notional_at_entry,flat,0.0,flat,383123840.75,0
2022-08-23 00:00:00+00:00,211,CORN,660.0,0.0,notional_at_entry,flat,0.0,flat,383123840.75,0
2022-08-24 00:00:00+00:00,212,CORN,665.75,0.0,notional_at_entry,flat,0.0,flat,383123840.75,0
2022-08-25 00:00:00+00:00,213,CORN,657.5,300000000.0,notional_at_entry,long,456273.0,long,383123840.75,1
2022-08-26 00:00:00+00:00,214,CORN,668.75,300000000.0,notional_at_entry,long,456273.0,long,388256912.0,0
2022-08-29 00:00:00+00:00,215,CORN,683.75,300000000.0,notional_at_entry,long,456273.0,long,395101007.0,0
2022-08-30 00:00:00+00:00,216,CORN,679.75,300000000.0,notional_at_entry,long,456273.0,long,393275915.0,0
2022-08-31 00:00:00+00:00,217,CORN,673.75,300000000.0,notional_at_entry,long,456273.0,long,390538277.0,0
2022-09-01 00:00:00+00:00,218,CORN,658.25,300000000.0,notional_at_entry,long,456273.0,long,383466045.5,0
2022-09-02 00:00:00+00:00,219,CORN,669.0,300000000.0,notional_at_entry,long,456273.0,long,388370980.25,0
2022-09-05 00:00:00+00:00,220,CORN,667.38,0.0,notional_at_entry,flat,0.0,flat,387631817.99,1
2022-09-06 00:00:00+00:00,221,CORN,680.75,0.0,notional_at_entry,flat,0.0,flat,387631817.99,0
2022-09-07 00:00:00+00:00,222,CORN,676.75,0.0,notional_at_entry,flat,0.0,flat,387631817.99,0
2022-09-08 00:00:00+00:00,223,CORN,668.5,0.0,notional_at_entry,flat,0.0,flat,387631817.99,0
2022-09-09 00:00:00+00:00,224,CORN,698.5,0.0,notional_at_entry,flat,0.0,flat,387631817.99,0
2022-09-12 00:00:00+00:00,225,CORN,712.25,0.0,notional_at_entry,flat,0.0,flat,387631817.99,0
2022-09-13 00:00:00+00:00,226,CORN,709.0,0.0,notional_at_entry,flat,0.0,flat,387631817.99,0
2022-09-14 00:00:00+00:00,227,CORN,709.0,0.0,notional_at_entry,flat,0.0,flat,387631817.99,0
2022-09-15 00:00:00+00:00,228,CORN,677.5,0.0,notional_at_entry,flat,0.0,flat,387631817.99,0
2022-09-16 00:00:00+00:00,229,CORN,677.25,0.0,notional_at_entry,flat,0.0,flat,387631817.99,0
2022-09-19 00:00:00+00:00,230,CORN,678.25,0.0,notional_at_entry,flat,0.0,flat,387631817.99,0
2022-09-20 00:00:00+00:00,231,CORN,692.0,0.0,notional_at_entry,flat,0.0,flat,387631817.99,0
2022-09-21 00:00:00+00:00,232,CORN,685.5,-300000000.0,notional_at_entry,short,-437636.0,short,387631817.99,1
2022-09-22 00:00:00+00:00,233,CORN,688.25,0.0,notional_at_entry,flat,0.0,flat,386428318.99,1
2022-09-23 00:00:00+00:00,234,CORN,676.75,0.0,notional_at_entry,flat,0.0,flat,386428318.99,0
2022-09-26 00:00:00+00:00,235,CORN,666.25,0.0,notional_at_entry,flat,0.0,flat,386428318.99,0
2022-09-27 00:00:00+00:00,236,CORN,667.5,0.0,notional_at_entry,flat,0.0,flat,386428318.99,0
2022-09-28 00:00:00+00:00,237,CORN,670.5,0.0,notional_at_entry,flat,0.0,flat,386428318.99,0
2022-09-29 00:00:00+00:00,238,CORN,669.5,0.0,notional_at_entry,flat,0.0,flat,386428318.99,0
2022-09-30 00:00:00+00:00,239,CORN,677.5,0.0,notional_at_entry,flat,0.0,flat,386428318.99,0
2022-10-03 00:00:00+00:00,240,CORN,680.75,0.0,notional_at_entry,flat,0.0,flat,386428318.99,0
2022-10-04 00:00:00+00:00,241,CORN,683.0,0.0,notional_at_entry,flat,0.0,flat,386428318.99,0
2022-10-05 00:00:00+00:00,242,CORN,684.0,0.0,notional_at_entry,flat,0.0,flat,386428318.99,0
2022-10-06 00:00:00+00:00,243,CORN,675.5,0.0,notional_at_entry,flat,0.0,flat,386428318.99,0
2022-10-07 00:00:00+00:00,244,CORN,683.25,0.0,notional_at_entry,flat,0.0,flat,386428318.99,0
2022-10-10 00:00:00+00:00,245,CORN,698.25,0.0,notional_at_entry,flat,0.0,flat,386428318.99,0
2022-10-11 00:00:00+00:00,246,CORN,693.0,0.0,notional_at_entry,flat,0.0,flat,386428318.99,0
2022-10-12 00:00:00+00:00,247,CORN,693.0,0.0,notional_at_entry,flat,0.0,flat,386428318.99,0
2022-10-13 00:00:00+00:00,248,CORN,697.75,0.0,notional_at_entry,flat,0.0,flat,386428318.99,0
2022-10-14 00:00:00+00:00,249,CORN,689.75,-300000000.0,notional_at_entry,short,-434940.0,short,386428318.99,1
2022-10-17 00:00:00+00:00,250,CORN,683.5,-300000000.0,notional_at_entry,short,-434940.0,short,389146693.99,0
2022-10-18 00:00:00+00:00,251,CORN,681.0,-300000000.0,notional_at_entry,short,-434940.0,short,390234043.99,0
2022-10-19 00:00:00+00:00,252,CORN,678.25,-300000000.0,notional_at_entry,short,-434940.0,short,391430128.99,0
2022-10-20 00:00:00+00:00,253,CORN,684.0,-300000000.0,notional_at_entry,short,-434940.0,short,388929223.99,0
2022-10-21 00:00:00+00:00,254,CORN,684.25,-300000000.0,notional_at_entry,short,-434940.0,short,388820488.99,0
2022-10-24 00:00:00+00:00,255,CORN,681.5,-300000000.0,notional_at_entry,short,-434940.0,short,390016573.99,0
2022-10-25 00:00:00+00:00,256,CORN,686.25,-300000000.0,notional_at_entry,short,-434940.0,short,387950608.99,0
2022-10-26 00:00:00+00:00,257,CORN,685.0,300000000.0,notional_at_entry,long,437956.0,long,388494283.99,1
2022-10-27 00:00:00+00:00,258,CORN,682.25,300000000.0,notional_at_entry,long,437956.0,long,387289904.99,0
2022-10-28 00:00:00+00:00,259,CORN,680.75,300000000.0,notional_at_entry,long,437956.0,long,386632970.99,0
2022-10-31 00:00:00+00:00,260,CORN,691.5,300000000.0,notional_at_entry,long,437956.0,long,391340997.99,0
2022-11-01 00:00:00+00:00,261,CORN,697.75,300000000.0,notional_at_entry,long,437956.0,long,394078222.99,0
2022-11-02 00:00:00+00:00,262,CORN,687.5,300000000.0,notional_at_entry,long,437956.0,long,389589173.99,0
2022-11-03 00:00:00+00:00,263,CORN,679.25,300000000.0,notional_at_entry,long,437956.0,long,385976036.99,0
2022-11-04 00:00:00+00:00,264,CORN,681.0,300000000.0,notional_at_entry,long,437956.0,long,386742459.99,0
2022-11-07 00:00:00+00:00,265,CORN,675.75,300000000.0,notional_at_entry,long,437956.0,long,384443190.99,0
2022-11-08 00:00:00+00:00,266,CORN,667.5,300000000.0,notional_at_entry,long,437956.0,long,380830053.99,0
2022-11-09 00:00:00+00:00,267,CORN,664.5,300000000.0,notional_at_entry,long,437956.0,long,379516185.99,0
2022-11-10 00:00:00+00:00,268,CORN,653.25,0.0,notional_at_entry,flat,0.0,flat,374589180.99,1
2022-11-11 00:00:00+00:00,269,CORN,658.0,0.0,notional_at_entry,flat,0.0,flat,374589180.99,0
2022-11-14 00:00:00+00:00,270,CORN,657.25,0.0,notional_at_entry,flat,0.0,flat,374589180.99,0
2022-11-15 00:00:00+00:00,271,CORN,666.75,-300000000.0,notional_at_entry,short,-449943.0,short,374589180.99,1
2022-11-16 00:00:00+00:00,272,CORN,665.25,-300000000.0,notional_at_entry,short,-449943.0,short,375264095.49,0
2022-11-17 00:00:00+00:00,273,CORN,667.5,-300000000.0,notional_at_entry,short,-449943.0,short,374251723.74,0
2022-11-18 00:00:00+00:00,274,CORN,667.75,-300000000.0,notional_at_entry,short,-449943.0,short,374139237.99,0
2022-11-21 00:00:00+00:00,275,CORN,659.5,-300000000.0,notional_at_entry,short,-449943.0,short,377851267.74,0
2022-11-22 00:00:00+00:00,276,CORN,656.75,-300000000.0,notional_at_entry,short,-449943.0,short,379088610.99,0
2022-11-23 00:00:00+00:00,277,CORN,663.25,-300000000.0,notional_at_entry,short,-449943.0,short,376163981.49,0
2022-11-25 00:00:00+00:00,278,CORN,668.0,-300000000.0,notional_at_entry,short,-449943.0,short,374026752.24,0
2022-11-28 00:00:00+00:00,279,CORN,668.75,-300000000.0,notional_at_entry,short,-449943.0,short,373689294.99,0
2022-11-29 00:00:00+00:00,280,CORN,665.75,-300000000.0,notional_at_entry,short,-449943.0,short,375039123.99,0
2022-11-30 00:00:00+00:00,281,CORN,662.0,0.0,notional_at_entry,flat,0.0,flat,376726410.24,1
2022-12-01 00:00:00+00:00,282,CORN,650.0,0.0,notional_at_entry,flat,0.0,flat,376726410.24,0
2022-12-02 00:00:00+00:00,283,CORN,635.0,0.0,notional_at_entry,flat,0.0,flat,376726410.24,0
2022-12-05 00:00:00+00:00,284,CORN,628.75,0.0,notional_at_entry,flat,0.0,flat,376726410.24,0
2022-12-06 00:00:00+00:00,285,CORN,625.5,0.0,notional_at_entry,flat,0.0,flat,376726410.24,0
2022-12-07 00:00:00+00:00,286,CORN,627.75,0.0,notional_at_entry,flat,0.0,flat,376726410.24,0
2022-12-08 00:00:00+00:00,287,CORN,632.0,0.0,notional_at_entry,flat,0.0,flat,376726410.24,0
2022-12-09 00:00:00+00:00,288,CORN,634.75,0.0,notional_at_entry,flat,0.0,flat,376726410.24,0
2022-12-12 00:00:00+00:00,289,CORN,641.25,0.0,notional_at_entry,flat,0.0,flat,376726410.24,0
2022-12-13 00:00:00+00:00,290,CORN,643.75,0.0,notional_at_entry,flat,0.0,flat,376726410.24,0
2022-12-14 00:00:00+00:00,291,CORN,639.0,0.0,notional_at_entry,flat,0.0,flat,376726410.24,0
2022-12-15 00:00:00+00:00,292,CORN,653.5,0.0,notional_at_entry,flat,0.0,flat,376726410.24,0
2022-12-16 00:00:00+00:00,293,CORN,653.0,0.0,notional_at_entry,flat,0.0,flat,376726410.24,0
2022-12-19 00:00:00+00:00,294,CORN,647.25,0.0,notional_at_entry,flat,0.0,flat,376726410.24,0
2022-12-20 00:00:00+00:00,295,CORN,652.0,0.0,notional_at_entry,flat,0.0,flat,376726410.24,0
2022-12-21 00:00:00+00:00,296,CORN,662.25,0.0,notional_at_entry,flat,0.0,flat,376726410.24,0
2022-12-22 00:00:00+00:00,297,CORN,660.5,0.0,notional_at_entry,flat,0.0,flat,376726410.24,0
2022-12-23 00:00:00+00:00,298,CORN,666.25,0.0,notional_at_entry,flat,0.0,flat,376726410.24,0
2022-12-27 00:00:00+00:00,299,CORN,674.75,0.0,notional_at_entry,flat,0.0,flat,376726410.24,0
2022-12-28 00:00:00+00:00,300,CORN,682.75,0.0,notional_at_entry,flat,0.0,flat,376726410.24,0
2022-12-29 00:00:00+00:00,301,CORN,679.5,0.0,notional_at_entry,flat,0.0,flat,376726410.24,0
2022-12-30 00:00:00+00:00,302,CORN,678.5,0.0,notional_at_entry,flat,0.0,flat,376726410.24,0
2023-01-03 00:00:00+00:00,303,CORN,670.5,-300000000.0,notional_at_entry,short,-447427.0,short,376726410.24,1
2023-01-04 00:00:00+00:00,304,CORN,653.75,-300000000.0,notional_at_entry,short,-447427.0,short,384220812.49,0
2023-01-05 00:00:00+00:00,305,CORN,652.75,-300000000.0,notional_at_entry,short,-447427.0,short,384668239.49,0
2023-01-06 00:00:00+00:00,306,CORN,654.0,-300000000.0,notional_at_entry,short,-447427.0,short,384108955.74,0
2023-01-09 00:00:00+00:00,307,CORN,652.75,-300000000.0,notional_at_entry,short,-447427.0,short,384668239.49,0
2023-01-10 00:00:00+00:00,308,CORN,655.0,-300000000.0,notional_at_entry,short,-447427.0,short,383661528.74,0
2023-01-11 00:00:00+00:00,309,CORN,656.0,-300000000.0,notional_at_entry,short,-447427.0,short,383214101.74,0
2023-01-12 00:00:00+00:00,310,CORN,671.0,-300000000.0,notional_at_entry,short,-447427.0,short,376502696.74,0
2023-01-13 00:00:00+00:00,311,CORN,675.0,-300000000.0,notional_at_entry,short,-447427.0,short,374712988.74,0
2023-01-17 00:00:00+00:00,312,CORN,685.25,0.0,notional_at_entry,flat,0.0,flat,370126861.99,1
2023-01-18 00:00:00+00:00,313,CORN,681.25,0.0,notional_at_entry,flat,0.0,flat,370126861.99,0
2023-01-19 00:00:00+00:00,314,CORN,677.25,0.0,notional_at_entry,flat,0.0,flat,370126861.99,0
2023-01-20 00:00:00+00:00,315,CORN,676.25,0.0,notional_at_entry,flat,0.0,flat,370126861.99,0
2023-01-23 00:00:00+00:00,316,CORN,666.25,0.0,notional_at_entry,flat,0.0,flat,370126861.99,0
2023-01-24 00:00:00+00:00,317,CORN,677.0,0.0,notional_at_entry,flat,0.0,flat,370126861.99,0
2023-01-25 00:00:00+00:00,318,CORN,674.75,0.0,notional_at_entry,flat,0.0,flat,370126861.99,0
2023-01-26 00:00:00+00:00,319,CORN,682.5,0.0,notional_at_entry,flat,0.0,flat,370126861.99,0
2023-01-27 00:00:00+00:00,320,CORN,683.0,0.0,notional_at_entry,flat,0.0,flat,370126861.99,0
2023-01-30 00:00:00+00:00,321,CORN,683.75,0.0,notional_at_entry,flat,0.0,flat,370126861.99,0
2023-01-31 00:00:00+00:00,322,CORN,679.75,0.0,notional_at_entry,flat,0.0,flat,370126861.99,0
2023-02-01 00:00:00+00:00,323,CORN,681.0,0.0,notional_at_entry,flat,0.0,flat,370126861.99,0
2023-02-02 00:00:00+00:00,324,CORN,675.25,0.0,notional_at_entry,flat,0.0,flat,370126861.99,0
2023-02-03 00:00:00+00:00,325,CORN,677.5,0.0,notional_at_entry,flat,0.0,flat,370126861.99,0
2023-02-06 00:00:00+00:00,326,CORN,679.0,0.0,notional_at_entry,flat,0.0,flat,370126861.99,0
2023-02-07 00:00:00+00:00,327,CORN,674.0,-300000000.0,notional_at_entry,short,-445103.0,short,370126861.99,1
2023-02-08 00:00:00+00:00,328,CORN,678.5,-300000000.0,notional_at_entry,short,-445103.0,short,368123898.49,0
2023-02-09 00:00:00+00:00,329,CORN,670.75,-300000000.0,notional_at_entry,short,-445103.0,short,371573446.74,0
2023-02-10 00:00:00+00:00,330,CORN,680.5,-300000000.0,notional_at_entry,short,-445103.0,short,367233692.49,0
2023-02-13 00:00:00+00:00,331,CORN,685.0,-300000000.0,notional_at_entry,short,-445103.0,short,365230728.99,0
2023-02-14 00:00:00+00:00,332,CORN,682.25,-300000000.0,notional_at_entry,short,-445103.0,short,366454762.24,0
2023-02-15 00:00:00+00:00,333,CORN,676.25,-300000000.0,notional_at_entry,short,-445103.0,short,369125380.24,0
2023-02-16 00:00:00+00:00,334,CORN,676.0,-300000000.0,notional_at_entry,short,-445103.0,short,369236655.99,0
2023-02-17 00:00:00+00:00,335,CORN,677.75,0.0,notional_at_entry,flat,0.0,flat,368457725.74,1
2023-02-21 00:00:00+00:00,336,CORN,680.5,0.0,notional_at_entry,flat,0.0,flat,368457725.74,0
2023-02-22 00:00:00+00:00,337,CORN,674.25,0.0,notional_at_entry,flat,0.0,flat,368457725.74,0
2023-02-23 00:00:00+00:00,338,CORN,659.25,0.0,notional_at_entry,flat,0.0,flat,368457725.74,0
2023-02-24 00:00:00+00:00,339,CORN,649.25,0.0,notional_at_entry,flat,0.0,flat,368457725.74,0
2023-02-27 00:00:00+00:00,340,CORN,642.75,300000000.0,notional_at_entry,long,466744.0,long,368457725.74,1
2023-02-28 00:00:00+00:00,341,CORN,629.5,300000000.0,notional_at_entry,long,466744.0,long,362273367.74,0
2023-03-01 00:00:00+00:00,342,CORN,640.5,-300000000.0,notional_at_entry,short,-468384.0,short,367407551.74,1
2023-03-02 00:00:00+00:00,343,CORN,637.75,-300000000.0,notional_at_entry,short,-468384.0,short,368695607.74,0
2023-03-03 00:00:00+00:00,344,CORN,645.25,-300000000.0,notional_at_entry,short,-468384.0,short,365182727.74,0
2023-03-06 00:00:00+00:00,345,CORN,637.0,-300000000.0,notional_at_entry,short,-468384.0,short,369046895.74,0
2023-03-07 00:00:00+00:00,346,CORN,634.25,300000000.0,notional_at_entry,long,472999.0,long,370334951.74,1
2023-03-08 00:00:00+00:00,347,CORN,625.5,300000000.0,notional_at_entry,long,472999.0,long,366196210.49,0
2023-03-09 00:00:00+00:00,348,CORN,611.5,0.0,notional_at_entry,flat,0.0,flat,359574224.49,1
2023-03-10 00:00:00+00:00,349,CORN,624.25,0.0,notional_at_entry,flat,0.0,flat,359574224.49,0
2023-03-13 00:00:00+00:00,350,CORN,624.5,0.0,notional_at_entry,flat,0.0,flat,359574224.49,0
2023-03-14 00:00:00+00:00,351,CORN,627.5,0.0,notional_at_entry,flat,0.0,flat,359574224.49,0
2023-03-15 00:00:00+00:00,352,CORN,626.5,0.0,notional_at_entry,flat,0.0,flat,359574224.49,0
2023-03-16 00:00:00+00:00,353,CORN,632.75,0.0,notional_at_entry,flat,0.0,flat,359574224.49,0
2023-03-17 00:00:00+00:00,354,CORN,634.25,0.0,notional_at_entry,flat,0.0,flat,359574224.49,0
2023-03-20 00:00:00+00:00,355,CORN,633.0,0.0,notional_at_entry,flat,0.0,flat,359574224.49,0
2023-03-21 00:00:00+00:00,356,CORN,630.0,0.0,notional_at_entry,flat,0.0,flat,359574224.49,0
2023-03-22 00:00:00+00:00,357,CORN,633.5,0.0,notional_at_entry,flat,0.0,flat,359574224.49,0
2023-03-23 00:00:00+00:00,358,CORN,631.75,300000000.0,notional_at_entry,long,474871.0,long,359574224.49,1
2023-03-24 00:00:00+00:00,359,CORN,643.0,300000000.0,notional_at_entry,long,474871.0,long,364916523.24,0
2023-03-27 00:00:00+00:00,360,CORN,648.25,300000000.0,notional_at_entry,long,474871.0,long,367409595.99,0
2023-03-28 00:00:00+00:00,361,CORN,647.25,300000000.0,notional_at_entry,long,474871.0,long,366934724.99,0
2023-03-29 00:00:00+00:00,362,CORN,650.5,300000000.0,notional_at_entry,long,474871.0,long,368478055.74,0
2023-03-30 00:00:00+00:00,363,CORN,649.5,300000000.0,notional_at_entry,long,474871.0,long,368003184.74,0
2023-03-31 00:00:00+00:00,364,CORN,660.5,300000000.0,notional_at_entry,long,474871.0,long,373226765.74,0
2023-04-03 00:00:00+00:00,365,CORN,657.75,300000000.0,notional_at_entry,long,474871.0,long,371920870.49,0
2023-04-04 00:00:00+00:00,366,CORN,653.75,300000000.0,notional_at_entry,long,474871.0,long,370021386.49,0
2023-04-05 00:00:00+00:00,367,CORN,652.75,300000000.0,notional_at_entry,long,474871.0,long,369546515.49,0
2023-04-06 00:00:00+00:00,368,CORN,643.5,300000000.0,notional_at_entry,long,474871.0,long,365153958.74,0
2023-04-07 00:00:00+00:00,369,CORN,643.5,300000000.0,notional_at_entry,long,474871.0,long,365153958.74,0
2023-04-10 00:00:00+00:00,370,CORN,654.0,300000000.0,notional_at_entry,long,474871.0,long,370140104.24,0
2023-04-11 00:00:00+00:00,371,CORN,651.0,0.0,notional_at_entry,flat,0.0,flat,368715491.24,1
2023-04-12 00:00:00+00:00,372,CORN,656.0,0.0,notional_at_entry,flat,0.0,flat,368715491.24,0
2023-04-13 00:00:00+00:00,373,CORN,652.25,0.0,notional_at_entry,flat,0.0,flat,368715491.24,0
2023-04-14 00:00:00+00:00,374,CORN,666.25,-450000000.0,notional_at_entry,short,-675422.0,short,368715491.24,1
2023-04-17 00:00:00+00:00,375,CORN,676.5,-450000000.0,notional_at_entry,short,-675422.0,short,361792415.74,0
2023-04-18 00:00:00+00:00,376,CORN,677.5,-450000000.0,notional_at_entry,short,-675422.0,short,361116993.74,0
2023-04-19 00:00:00+00:00,377,CORN,672.25,-450000000.0,notional_at_entry,short,-675422.0,short,364662959.24,0
2023-04-20 00:00:00+00:00,378,CORN,663.75,-450000000.0,notional_at_entry,short,-675422.0,short,370404046.24,0
2023-04-21 00:00:00+00:00,379,CORN,663.25,0.0,notional_at_entry,flat,0.0,flat,370741757.24,1
2023-04-24 00:00:00+00:00,380,CORN,651.25,0.0,notional_at_entry,flat,0.0,flat,370741757.24,0
2023-04-25 00:00:00+00:00,381,CORN,646.5,0.0,notional_at_entry,flat,0.0,flat,370741757.24,0
2023-04-26 00:00:00+00:00,382,CORN,641.5,450000000.0,notional_at_entry,long,701480.0,long,370741757.24,1
2023-04-27 00:00:00+00:00,383,CORN,627.0,300000000.0,notional_at_entry,long,701480.0,long,360570297.24,0
2023-04-28 00:00:00+00:00,384,CORN,636.0,300000000.0,notional_at_entry,long,701480.0,long,366883617.24,0
2023-05-01 00:00:00+00:00,385,CORN,639.5,300000000.0,notional_at_entry,long,701480.0,long,369338797.24,0
2023-05-02 00:00:00+00:00,386,CORN,638.0,0.0,notional_at_entry,flat,0.0,flat,368286577.24,1
2023-05-03 00:00:00+00:00,387,CORN,645.25,0.0,notional_at_entry,flat,0.0,flat,368286577.24,0
2023-05-04 00:00:00+00:00,388,CORN,646.5,0.0,notional_at_entry,flat,0.0,flat,368286577.24,0
2023-05-05 00:00:00+00:00,389,CORN,653.25,0.0,notional_at_entry,flat,0.0,flat,368286577.24,0
2023-05-08 00:00:00+00:00,390,CORN,656.5,-450000000.0,notional_at_entry,short,-685453.0,short,368286577.24,1
2023-05-09 00:00:00+00:00,391,CORN,642.25,-450000000.0,notional_at_entry,short,-685453.0,short,378054282.49,0
2023-05-10 00:00:00+00:00,392,CORN,645.5,-450000000.0,notional_at_entry,short,-685453.0,short,375826560.24,0
2023-05-11 00:00:00+00:00,393,CORN,632.5,-450000000.0,notional_at_entry,short,-685453.0,short,384737449.24,0
2023-05-12 00:00:00+00:00,394,CORN,633.25,-450000000.0,notional_at_entry,short,-685453.0,short,384223359.49,0
2023-05-15 00:00:00+00:00,395,CORN,592.5,-450000000.0,notional_at_entry,short,-685453.0,short,412155569.24,0
2023-05-16 00:00:00+00:00,396,CORN,581.25,-450000000.0,notional_at_entry,short,-685453.0,short,419866915.49,0
2023-05-17 00:00:00+00:00,397,CORN,561.5,0.0,notional_at_entry,flat,0.0,flat,433404612.24,1
2023-05-18 00:00:00+00:00,398,CORN,555.25,0.0,notional_at_entry,flat,0.0,flat,433404612.24,0
2023-05-19 00:00:00+00:00,399,CORN,554.5,0.0,notional_at_entry,flat,0.0,flat,433404612.24,0
2023-05-22 00:00:00+00:00,400,CORN,571.0,0.0,notional_at_entry,flat,0.0,flat,433404612.24,0
2023-05-23 00:00:00+00:00,401,CORN,577.5,0.0,notional_at_entry,flat,0.0,flat,433404612.24,0
2023-05-24 00:00:00+00:00,402,CORN,587.25,0.0,notional_at_entry,flat,0.0,flat,433404612.24,0
2023-05-25 00:00:00+00:00,403,CORN,590.75,0.0,notional_at_entry,flat,0.0,flat,433404612.24,0
2023-05-26 00:00:00+00:00,404,CORN,604.0,300000000.0,notional_at_entry,long,496688.0,long,433404612.24,1
2023-05-30 00:00:00+00:00,405,CORN,594.0,300000000.0,notional_at_entry,long,496688.0,long,428437732.24,0
2023-05-31 00:00:00+00:00,406,CORN,594.0,300000000.0,notional_at_entry,long,496688.0,long,428437732.24,0
2023-06-01 00:00:00+00:00,407,CORN,592.5,300000000.0,notional_at_entry,long,496688.0,long,427692700.24,0
2023-06-02 00:00:00+00:00,408,CORN,609.0,300000000.0,notional_at_entry,long,496688.0,long,435888052.24,0
2023-06-05 00:00:00+00:00,409,CORN,597.5,300000000.0,notional_at_entry,long,496688.0,long,430176140.24,0
2023-06-06 00:00:00+00:00,410,CORN,608.0,300000000.0,notional_at_entry,long,496688.0,long,435391364.24,0
2023-06-07 00:00:00+00:00,411,CORN,604.25,300000000.0,notional_at_entry,long,496688.0,long,433528784.24,0
2023-06-08 00:00:00+00:00,412,CORN,610.25,300000000.0,notional_at_entry,long,496688.0,long,436508912.24,0
2023-06-09 00:00:00+00:00,413,CORN,604.25,300000000.0,notional_at_entry,long,496688.0,long,433528784.24,0
2023-06-12 00:00:00+00:00,414,CORN,617.25,300000000.0,notional_at_entry,long,496688.0,long,439985728.24,0
2023-06-13 00:00:00+00:00,415,CORN,612.5,300000000.0,notional_at_entry,long,496688.0,long,437626460.24,0
2023-06-14 00:00:00+00:00,416,CORN,607.75,0.0,notional_at_entry,flat,0.0,flat,435267192.24,1
2023-06-15 00:00:00+00:00,417,CORN,623.25,0.0,notional_at_entry,flat,0.0,flat,435267192.24,0
2023-06-16 00:00:00+00:00,418,CORN,640.25,0.0,notional_at_entry,flat,0.0,flat,435267192.24,0
2023-06-20 00:00:00+00:00,419,CORN,643.75,-450000000.0,notional_at_entry,short,-699029.0,short,435267192.24,1
2023-06-21 00:00:00+00:00,420,CORN,671.0,-450000000.0,notional_at_entry,short,-699029.0,short,416218651.99,0
2023-06-22 00:00:00+00:00,421,CORN,660.5,-450000000.0,notional_at_entry,short,-699029.0,short,423558456.49,0
2023-06-23 00:00:00+00:00,422,CORN,630.75,-450000000.0,notional_at_entry,short,-699029.0,short,444354569.24,0
2023-06-26 00:00:00+00:00,423,CORN,637.25,-450000000.0,notional_at_entry,short,-699029.0,short,439810880.74,0
2023-06-27 00:00:00+00:00,424,CORN,623.0,-450000000.0,notional_at_entry,short,-699029.0,short,449772043.99,0
2023-06-28 00:00:00+00:00,425,CORN,590.0,-450000000.0,notional_at_entry,short,-699029.0,short,472840000.99,0
2023-06-29 00:00:00+00:00,426,CORN,581.0,-450000000.0,notional_at_entry,short,-699029.0,short,479131261.99,0
2023-06-30 00:00:00+00:00,427,CORN,554.5,-450000000.0,notional_at_entry,short,-699029.0,short,497655530.49,0
2023-07-03 00:00:00+00:00,428,CORN,557.25,-450000000.0,notional_at_entry,short,-699029.0,short,495733200.74,0
2023-07-05 00:00:00+00:00,429,CORN,548.25,-450000000.0,notional_at_entry,short,-699029.0,short,502024461.74,0
2023-07-06 00:00:00+00:00,430,CORN,566.75,-450000000.0,notional_at_entry,short,-699029.0,short,489092425.24,0
2023-07-07 00:00:00+00:00,431,CORN,560.5,-450000000.0,notional_at_entry,short,-699029.0,short,493461356.49,0
2023-07-10 00:00:00+00:00,432,CORN,570.75,-450000000.0,notional_at_entry,short,-699029.0,short,486296309.24,0
2023-07-11 00:00:00+00:00,433,CORN,571.75,-450000000.0,notional_at_entry,short,-699029.0,short,485597280.24,0
2023-07-12 00:00:00+00:00,434,CORN,549.75,-450000000.0,notional_at_entry,short,-699029.0,short,500975918.24,0
2023-07-13 00:00:00+00:00,435,CORN,593.5,-450000000.0,notional_at_entry,short,-699029.0,short,470393399.49,0
2023-07-14 00:00:00+00:00,436,CORN,599.75,-450000000.0,notional_at_entry,short,-699029.0,short,466024468.24,0
2023-07-17 00:00:00+00:00,437,CORN,499.25,-450000000.0,notional_at_entry,short,-699029.0,short,536276882.74,0
2023-07-18 00:00:00+00:00,438,CORN,528.75,-450000000.0,notional_at_entry,short,-699029.0,short,515655527.24,0
2023-07-19 00:00:00+00:00,439,CORN,545.5,-450000000.0,notional_at_entry,short,-699029.0,short,503946791.49,0
2023-07-20 00:00:00+00:00,440,CORN,537.25,-450000000.0,notional_at_entry,short,-699029.0,short,509713780.74,0
2023-07-21 00:00:00+00:00,441,CORN,527.0,-450000000.0,notional_at_entry,short,-699029.0,short,516878827.99,0
2023-07-24 00:00:00+00:00,442,CORN,560.5,-450000000.0,notional_at_entry,short,-699029.0,short,493461356.49,0
2023-07-25 00:00:00+00:00,443,CORN,557.5,-450000000.0,notional_at_entry,short,-699029.0,short,495558443.49,0
2023-07-26 00:00:00+00:00,444,CORN,540.25,-450000000.0,notional_at_entry,short,-699029.0,short,507616693.74,0
2023-07-27 00:00:00+00:00,445,CORN,533.25,-450000000.0,notional_at_entry,short,-699029.0,short,512509896.74,0
2023-07-28 00:00:00+00:00,446,CORN,521.0,-450000000.0,notional_at_entry,short,-699029.0,short,521073001.99,0
2023-07-31 00:00:00+00:00,447,CORN,504.0,-450000000.0,notional_at_entry,short,-699029.0,short,532956494.99,0
2023-08-01 00:00:00+00:00,448,CORN,497.0,-450000000.0,notional_at_entry,short,-699029.0,short,537849697.99,0
2023-08-02 00:00:00+00:00,449,CORN,488.25,-450000000.0,notional_at_entry,short,-699029.0,short,543966201.74,0
2023-08-03 00:00:00+00:00,450,CORN,480.75,-450000000.0,notional_at_entry,short,-699029.0,short,549208919.24,0
2023-08-04 00:00:00+00:00,451,CORN,484.25,-450000000.0,notional_at_entry,short,-699029.0,short,546762317.74,0
2023-08-07 00:00:00+00:00,452,CORN,482.25,-450000000.0,notional_at_entry,short,-699029.0,short,548160375.74,0
2023-08-08 00:00:00+00:00,453,CORN,485.75,-450000000.0,notional_at_entry,short,-699029.0,short,545713774.24,0
2023-08-09 00:00:00+00:00,454,CORN,481.0,-450000000.0,notional_at_entry,short,-699029.0,short,549034161.99,0
2023-08-10 00:00:00+00:00,455,CORN,483.25,-450000000.0,notional_at_entry,short,-699029.0,short,547461346.74,0
2023-08-11 00:00:00+00:00,456,CORN,474.5,-450000000.0,notional_at_entry,short,-699029.0,short,553577850.49,0
2023-08-14 00:00:00+00:00,457,CORN,475.75,-450000000.0,notional_at_entry,short,-699029.0,short,552704064.24,0
2023-08-15 00:00:00+00:00,458,CORN,464.0,-450000000.0,notional_at_entry,short,-699029.0,short,560917654.99,0
2023-08-16 00:00:00+00:00,459,CORN,469.5,-450000000.0,notional_at_entry,short,-699029.0,short,557072995.49,0
2023-08-17 00:00:00+00:00,460,CORN,473.0,-450000000.0,notional_at_entry,short,-699029.0,short,554626393.99,0
2023-08-18 00:00:00+00:00,461,CORN,479.5,-450000000.0,notional_at_entry,short,-699029.0,short,550082705.49,0
2023-08-21 00:00:00+00:00,462,CORN,469.25,-450000000.0,notional_at_entry,short,-699029.0,short,557247752.74,0
2023-08-22 00:00:00+00:00,463,CORN,466.5,-450000000.0,notional_at_entry,short,-699029.0,short,559170082.49,0
2023-08-23 00:00:00+00:00,464,CORN,476.25,-450000000.0,notional_at_entry,short,-699029.0,short,552354549.74,0
2023-08-24 00:00:00+00:00,465,CORN,472.25,-450000000.0,notional_at_entry,short,-699029.0,short,555150665.74,0
2023-08-25 00:00:00+00:00,466,CORN,470.75,-450000000.0,notional_at_entry,short,-699029.0,short,556199209.24,0
2023-08-28 00:00:00+00:00,467,CORN,478.5,-450000000.0,notional_at_entry,short,-699029.0,short,550781734.49,0
2023-08-29 00:00:00+00:00,468,CORN,469.5,-450000000.0,notional_at_entry,short,-699029.0,short,557072995.49,0
2023-08-30 00:00:00+00:00,469,CORN,461.75,-450000000.0,notional_at_entry,short,-699029.0,short,562490470.24,0
2023-08-31 00:00:00+00:00,470,CORN,461.0,-450000000.0,notional_at_entry,short,-699029.0,short,563014741.99,0
2023-09-01 00:00:00+00:00,471,CORN,464.75,-450000000.0,notional_at_entry,short,-699029.0,short,560393383.24,0
2023-09-05 00:00:00+00:00,472,CORN,471.0,-450000000.0,notional_at_entry,short,-699029.0,short,556024451.99,0
2023-09-06 00:00:00+00:00,473,CORN,471.5,300000000.0,notional_at_entry,long,636267.0,long,555674937.49,1
2023-09-07 00:00:00+00:00,474,CORN,470.75,300000000.0,notional_at_entry,long,636267.0,long,555197737.24,0
2023-09-08 00:00:00+00:00,475,CORN,468.5,0.0,notional_at_entry,flat,0.0,flat,553766136.49,1
2023-09-11 00:00:00+00:00,476,CORN,471.25,0.0,notional_at_entry,flat,0.0,flat,553766136.49,0
2023-09-12 00:00:00+00:00,477,CORN,463.25,0.0,notional_at_entry,flat,0.0,flat,553766136.49,0
2023-09-13 00:00:00+00:00,478,CORN,464.0,0.0,notional_at_entry,flat,0.0,flat,553766136.49,0
2023-09-14 00:00:00+00:00,479,CORN,462.5,0.0,notional_at_entry,flat,0.0,flat,553766136.49,0
2023-09-15 00:00:00+00:00,480,CORN,476.25,-300000000.0,notional_at_entry,short,-629921.0,short,553766136.49,1
2023-09-18 00:00:00+00:00,481,CORN,471.5,-300000000.0,notional_at_entry,short,-629921.0,short,556758261.24,0
2023-09-19 00:00:00+00:00,482,CORN,476.25,-300000000.0,notional_at_entry,short,-629921.0,short,553766136.49,0
2023-09-20 00:00:00+00:00,483,CORN,482.25,-300000000.0,notional_at_entry,short,-629921.0,short,549986610.49,0
2023-09-21 00:00:00+00:00,484,CORN,475.25,-300000000.0,notional_at_entry,short,-629921.0,short,554396057.49,0
2023-09-22 00:00:00+00:00,485,CORN,477.25,-300000000.0,notional_at_entry,short,-629921.0,short,553136215.49,0
2023-09-25 00:00:00+00:00,486,CORN,481.25,-300000000.0,notional_at_entry,short,-629921.0,short,550616531.49,0
2023-09-26 00:00:00+00:00,487,CORN,479.75,-300000000.0,notional_at_entry,short,-629921.0,short,551561412.99,0
2023-09-27 00:00:00+00:00,488,CORN,483.25,-300000000.0,notional_at_entry,short,-629921.0,short,549356689.49,0
2023-09-28 00:00:00+00:00,489,CORN,488.5,-300000000.0,notional_at_entry,short,-629921.0,short,546049604.24,0
2023-09-29 00:00:00+00:00,490,CORN,476.75,0.0,notional_at_entry,flat,0.0,flat,553451175.99,1
2023-10-02 00:00:00+00:00,491,CORN,488.75,0.0,notional_at_entry,flat,0.0,flat,553451175.99,0
2023-10-03 00:00:00+00:00,492,CORN,487.5,0.0,notional_at_entry,flat,0.0,flat,553451175.99,0
2023-10-04 00:00:00+00:00,493,CORN,486.0,0.0,notional_at_entry,flat,0.0,flat,553451175.99,0
2023-10-05 00:00:00+00:00,494,CORN,497.5,0.0,notional_at_entry,flat,0.0,flat,553451175.99,0
2023-10-06 00:00:00+00:00,495,CORN,492.0,0.0,notional_at_entry,flat,0.0,flat,553451175.99,0
2023-10-09 00:00:00+00:00,496,CORN,488.25,300000000.0,notional_at_entry,long,614439.0,long,553451175.99,1
2023-10-10 00:00:00+00:00,497,CORN,485.5,300000000.0,notional_at_entry,long,614439.0,long,551761468.74,0
2023-10-11 00:00:00+00:00,498,CORN,488.0,300000000.0,notional_at_entry,long,614439.0,long,553297566.24,0
2023-10-12 00:00:00+00:00,499,CORN,496.0,300000000.0,notional_at_entry,long,614439.0,long,558213078.24,0
2023-10-13 00:00:00+00:00,500,CORN,493.25,300000000.0,notional_at_entry,long,614439.0,long,556523370.99,0
2023-10-16 00:00:00+00:00,501,CORN,490.0,300000000.0,notional_at_entry,long,614439.0,long,554526444.24,0
2023-10-17 00:00:00+00:00,502,CORN,489.0,300000000.0,notional_at_entry,long,614439.0,long,553912005.24,0
2023-10-18 00:00:00+00:00,503,CORN,492.0,300000000.0,notional_at_entry,long,614439.0,long,555755322.24,0
2023-10-19 00:00:00+00:00,504,CORN,505.0,300000000.0,notional_at_entry,long,614439.0,long,563743029.24,0
2023-10-20 00:00:00+00:00,505,CORN,495.5,300000000.0,notional_at_entry,long,614439.0,long,557905858.74,0
2023-10-23 00:00:00+00:00,506,CORN,490.25,300000000.0,notional_at_entry,long,614439.0,long,554680053.99,0
2023-10-24 00:00:00+00:00,507,CORN,484.0,0.0,notional_at_entry,flat,0.0,flat,550839810.24,1
2023-10-25 00:00:00+00:00,508,CORN,480.0,0.0,notional_at_entry,flat,0.0,flat,550839810.24,0
2023-10-26 00:00:00+00:00,509,CORN,479.25,0.0,notional_at_entry,flat,0.0,flat,550839810.24,0
2023-10-27 00:00:00+00:00,510,CORN,480.75,0.0,notional_at_entry,flat,0.0,flat,550839810.24,0
2023-10-30 00:00:00+00:00,511,CORN,478.25,0.0,notional_at_entry,flat,0.0,flat,550839810.24,0
2023-10-31 00:00:00+00:00,512,CORN,478.75,0.0,notional_at_entry,flat,0.0,flat,550839810.24,0
2023-11-01 00:00:00+00:00,513,CORN,475.0,0.0,notional_at_entry,flat,0.0,flat,550839810.24,0
2023-11-02 00:00:00+00:00,514,CORN,470.0,0.0,notional_at_entry,flat,0.0,flat,550839810.24,0
2023-11-03 00:00:00+00:00,515,CORN,477.25,0.0,notional_at_entry,flat,0.0,flat,550839810.24,0
2023-11-06 00:00:00+00:00,516,CORN,477.25,0.0,notional_at_entry,flat,0.0,flat,550839810.24,0
2023-11-07 00:00:00+00:00,517,CORN,468.5,300000000.0,notional_at_entry,long,640341.0,long,550839810.24,1
2023-11-08 00:00:00+00:00,518,CORN,476.0,300000000.0,notional_at_entry,long,640341.0,long,555642367.74,0
2023-11-09 00:00:00+00:00,519,CORN,468.0,300000000.0,notional_at_entry,long,640341.0,long,550519639.74,0
2023-11-10 00:00:00+00:00,520,CORN,464.0,300000000.0,notional_at_entry,long,640341.0,long,547958275.74,0
2023-11-13 00:00:00+00:00,521,CORN,477.25,300000000.0,notional_at_entry,long,640341.0,long,556442793.99,0
2023-11-14 00:00:00+00:00,522,CORN,478.25,300000000.0,notional_at_entry,long,640341.0,long,557083134.99,0
2023-11-15 00:00:00+00:00,523,CORN,488.5,300000000.0,notional_at_entry,long,640341.0,long,563646630.24,0
2023-11-16 00:00:00+00:00,524,CORN,493.25,300000000.0,notional_at_entry,long,640341.0,long,566688249.99,0
2023-11-17 00:00:00+00:00,525,CORN,485.25,300000000.0,notional_at_entry,long,640341.0,long,561565521.99,0
2023-11-20 00:00:00+00:00,526,CORN,487.5,300000000.0,notional_at_entry,long,640341.0,long,563006289.24,0
2023-11-21 00:00:00+00:00,527,CORN,489.0,300000000.0,notional_at_entry,long,640341.0,long,563966800.74,0
2023-11-22 00:00:00+00:00,528,CORN,487.75,300000000.0,notional_at_entry,long,640341.0,long,563166374.49,0
2023-11-24 00:00:00+00:00,529,CORN,482.5,300000000.0,notional_at_entry,long,640341.0,long,559804584.24,0
2023-11-27 00:00:00+00:00,530,CORN,475.25,300000000.0,notional_at_entry,long,640341.0,long,555162111.99,0
2023-11-28 00:00:00+00:00,531,CORN,473.5,300000000.0,notional_at_entry,long,640341.0,long,554041515.24,0
2023-11-29 00:00:00+00:00,532,CORN,475.75,300000000.0,notional_at_entry,long,640341.0,long,555482282.49,0
2023-11-30 00:00:00+00:00,533,CORN,482.75,300000000.0,notional_at_entry,long,640341.0,long,559964669.49,0
2023-12-01 00:00:00+00:00,534,CORN,464.5,0.0,notional_at_entry,flat,0.0,flat,548278446.24,1
2023-12-04 00:00:00+00:00,535,CORN,460.25,0.0,notional_at_entry,flat,0.0,flat,548278446.24,0
2023-12-05 00:00:00+00:00,536,CORN,468.5,0.0,notional_at_entry,flat,0.0,flat,548278446.24,0
2023-12-06 00:00:00+00:00,537,CORN,464.75,-300000000.0,notional_at_entry,short,-645508.0,short,548278446.24,1
2023-12-07 00:00:00+00:00,538,CORN,468.25,-300000000.0,notional_at_entry,short,-645508.0,short,546019168.24,0
2023-12-08 00:00:00+00:00,539,CORN,465.75,-300000000.0,notional_at_entry,short,-645508.0,short,547632938.24,0
2023-12-11 00:00:00+00:00,540,CORN,460.5,-300000000.0,notional_at_entry,short,-645508.0,short,551021855.24,0
2023-12-12 00:00:00+00:00,541,CORN,462.5,-300000000.0,notional_at_entry,short,-645508.0,short,549730839.24,0
2023-12-13 00:00:00+00:00,542,CORN,456.75,-300000000.0,notional_at_entry,short,-645508.0,short,553442510.24,0
2023-12-14 00:00:00+00:00,543,CORN,456.75,-300000000.0,notional_at_entry,short,-645508.0,short,553442510.24,0
2023-12-15 00:00:00+00:00,544,CORN,483.0,0.0,notional_at_entry,flat,0.0,flat,536497925.24,1
2023-12-18 00:00:00+00:00,545,CORN,477.0,0.0,notional_at_entry,flat,0.0,flat,536497925.24,0
2023-12-19 00:00:00+00:00,546,CORN,472.75,0.0,notional_at_entry,flat,0.0,flat,536497925.24,0
2023-12-20 00:00:00+00:00,547,CORN,469.75,0.0,notional_at_entry,flat,0.0,flat,536497925.24,0
2023-12-21 00:00:00+00:00,548,CORN,472.5,0.0,notional_at_entry,flat,0.0,flat,536497925.24,0
2023-12-22 00:00:00+00:00,549,CORN,473.0,0.0,notional_at_entry,flat,0.0,flat,536497925.24,0
2023-12-26 00:00:00+00:00,550,CORN,480.25,0.0,notional_at_entry,flat,0.0,flat,536497925.24,0
2023-12-27 00:00:00+00:00,551,CORN,476.5,0.0,notional_at_entry,flat,0.0,flat,536497925.24,0
2023-12-28 00:00:00+00:00,552,CORN,474.25,0.0,notional_at_entry,flat,0.0,flat,536497925.24,0
2023-12-29 00:00:00+00:00,553,CORN,471.25,0.0,notional_at_entry,flat,0.0,flat,536497925.24,0
2024-01-02 00:00:00+00:00,554,CORN,463.75,0.0,notional_at_entry,flat,0.0,flat,536497925.24,0
2024-01-03 00:00:00+00:00,555,CORN,465.25,0.0,notional_at_entry,flat,0.0,flat,536497925.24,0
2024-01-04 00:00:00+00:00,556,CORN,466.5,0.0,notional_at_entry,flat,0.0,flat,536497925.24,0
2024-01-05 00:00:00+00:00,557,CORN,460.75,0.0,notional_at_entry,flat,0.0,flat,536497925.24,0
2024-01-08 00:00:00+00:00,558,CORN,455.0,0.0,notional_at_entry,flat,0.0,flat,536497925.24,0
2024-01-09 00:00:00+00:00,559,CORN,459.25,0.0,notional_at_entry,flat,0.0,flat,536497925.24,0
2024-01-10 00:00:00+00:00,560,CORN,459.5,0.0,notional_at_entry,flat,0.0,flat,536497925.24,0
2024-01-11 00:00:00+00:00,561,CORN,457.75,0.0,notional_at_entry,flat,0.0,flat,536497925.24,0
2024-01-12 00:00:00+00:00,562,CORN,447.0,0.0,notional_at_entry,flat,0.0,flat,536497925.24,0
2024-01-16 00:00:00+00:00,563,CORN,443.5,0.0,notional_at_entry,flat,0.0,flat,536497925.24,0
2024-01-17 00:00:00+00:00,564,CORN,442.25,0.0,notional_at_entry,flat,0.0,flat,536497925.24,0
2024-01-18 00:00:00+00:00,565,CORN,444.0,0.0,notional_at_entry,flat,0.0,flat,536497925.24,0
2024-01-19 00:00:00+00:00,566,CORN,445.5,-300000000.0,notional_at_entry,short,-673400.0,short,536497925.24,1
2024-01-22 00:00:00+00:00,567,CORN,445.75,-300000000.0,notional_at_entry,short,-673400.0,short,536329575.24,0
2024-01-23 00:00:00+00:00,568,CORN,446.5,-300000000.0,notional_at_entry,short,-673400.0,short,535824525.24,0
2024-01-24 00:00:00+00:00,569,CORN,452.25,0.0,notional_at_entry,flat,0.0,flat,531952475.24,1
2024-01-25 00:00:00+00:00,570,CORN,451.75,0.0,notional_at_entry,flat,0.0,flat,531952475.24,0
2024-01-26 00:00:00+00:00,571,CORN,446.25,0.0,notional_at_entry,flat,0.0,flat,531952475.24,0
2024-01-29 00:00:00+00:00,572,CORN,440.25,0.0,notional_at_entry,flat,0.0,flat,531952475.24,0
2024-01-30 00:00:00+00:00,573,CORN,447.75,0.0,notional_at_entry,flat,0.0,flat,531952475.24,0
2024-01-31 00:00:00+00:00,574,CORN,448.25,0.0,notional_at_entry,flat,0.0,flat,531952475.24,0
2024-02-01 00:00:00+00:00,575,CORN,447.25,0.0,notional_at_entry,flat,0.0,flat,531952475.24,0
2024-02-02 00:00:00+00:00,576,CORN,442.75,0.0,notional_at_entry,flat,0.0,flat,531952475.24,0
2024-02-05 00:00:00+00:00,577,CORN,442.75,0.0,notional_at_entry,flat,0.0,flat,531952475.24,0
2024-02-06 00:00:00+00:00,578,CORN,438.75,0.0,notional_at_entry,flat,0.0,flat,531952475.24,0
2024-02-07 00:00:00+00:00,579,CORN,434.25,0.0,notional_at_entry,flat,0.0,flat,531952475.24,0
2024-02-08 00:00:00+00:00,580,CORN,433.25,0.0,notional_at_entry,flat,0.0,flat,531952475.24,0
2024-02-09 00:00:00+00:00,581,CORN,429.0,0.0,notional_at_entry,flat,0.0,flat,531952475.24,0
2024-02-12 00:00:00+00:00,582,CORN,430.5,0.0,notional_at_entry,flat,0.0,flat,531952475.24,0
2024-02-13 00:00:00+00:00,583,CORN,430.75,0.0,notional_at_entry,flat,0.0,flat,531952475.24,0
2024-02-14 00:00:00+00:00,584,CORN,424.25,0.0,notional_at_entry,flat,0.0,flat,531952475.24,0
2024-02-15 00:00:00+00:00,585,CORN,417.75,0.0,notional_at_entry,flat,0.0,flat,531952475.24,0
2024-02-16 00:00:00+00:00,586,CORN,416.5,0.0,notional_at_entry,flat,0.0,flat,531952475.24,0
2024-02-20 00:00:00+00:00,587,CORN,418.75,0.0,notional_at_entry,flat,0.0,flat,531952475.24,0
2024-02-21 00:00:00+00:00,588,CORN,411.0,0.0,notional_at_entry,flat,0.0,flat,531952475.24,0
2024-02-22 00:00:00+00:00,589,CORN,406.0,0.0,notional_at_entry,flat,0.0,flat,531952475.24,0
2024-02-23 00:00:00+00:00,590,CORN,399.75,0.0,notional_at_entry,flat,0.0,flat,531952475.24,0
2024-02-26 00:00:00+00:00,591,CORN,407.0,0.0,notional_at_entry,flat,0.0,flat,531952475.24,0
2024-02-27 00:00:00+00:00,592,CORN,423.5,0.0,notional_at_entry,flat,0.0,flat,531952475.24,0
2024-02-28 00:00:00+00:00,593,CORN,428.5,-300000000.0,notional_at_entry,short,-700116.0,short,531952475.24,1
2024-02-29 00:00:00+00:00,594,CORN,429.5,-300000000.0,notional_at_entry,short,-700116.0,short,531252359.24,0
2024-03-01 00:00:00+00:00,595,CORN,412.25,-300000000.0,notional_at_entry,short,-700116.0,short,543329360.24,0
2024-03-04 00:00:00+00:00,596,CORN,417.5,-300000000.0,notional_at_entry,short,-700116.0,short,539653751.24,0
2024-03-05 00:00:00+00:00,597,CORN,413.5,0.0,notional_at_entry,flat,0.0,flat,542454215.24,1
2024-03-06 00:00:00+00:00,598,CORN,418.0,300000000.0,notional_at_entry,long,717703.0,long,542454215.24,1
2024-03-07 00:00:00+00:00,599,CORN,426.0,300000000.0,notional_at_entry,long,717703.0,long,548195839.24,0
2024-03-08 00:00:00+00:00,600,CORN,426.25,300000000.0,notional_at_entry,long,717703.0,long,548375264.99,0
2024-03-11 00:00:00+00:00,601,CORN,428.25,300000000.0,notional_at_entry,long,717703.0,long,549810670.99,0
2024-03-12 00:00:00+00:00,602,CORN,429.0,300000000.0,notional_at_entry,long,717703.0,long,550348948.24,0
2024-03-13 00:00:00+00:00,603,CORN,426.5,300000000.0,notional_at_entry,long,717703.0,long,548554690.74,0
2024-03-14 00:00:00+00:00,604,CORN,422.5,300000000.0,notional_at_entry,long,717703.0,long,545683878.74,0
2024-03-15 00:00:00+00:00,605,CORN,436.75,0.0,notional_at_entry,flat,0.0,flat,555911146.49,1
2024-03-18 00:00:00+00:00,606,CORN,436.0,0.0,notional_at_entry,flat,0.0,flat,555911146.49,0
2024-03-19 00:00:00+00:00,607,CORN,439.5,0.0,notional_at_entry,flat,0.0,flat,555911146.49,0
2024-03-20 00:00:00+00:00,608,CORN,439.0,-300000000.0,notional_at_entry,short,-683371.0,short,555911146.49,1
2024-03-21 00:00:00+00:00,609,CORN,440.75,-300000000.0,notional_at_entry,short,-683371.0,short,554715247.24,0
2024-03-22 00:00:00+00:00,610,CORN,439.25,-300000000.0,notional_at_entry,short,-683371.0,short,555740303.74,0
2024-03-25 00:00:00+00:00,611,CORN,437.75,-300000000.0,notional_at_entry,short,-683371.0,short,556765360.24,0
2024-03-26 00:00:00+00:00,612,CORN,432.5,-300000000.0,notional_at_entry,short,-683371.0,short,560353057.99,0
2024-03-27 00:00:00+00:00,613,CORN,426.75,-300000000.0,notional_at_entry,short,-683371.0,short,564282441.24,0
2024-03-28 00:00:00+00:00,614,CORN,442.0,0.0,notional_at_entry,flat,0.0,flat,553861033.49,1
2024-03-29 00:00:00+00:00,615,CORN,442.25,0.0,notional_at_entry,flat,0.0,flat,553861033.49,0
2024-04-01 00:00:00+00:00,616,CORN,435.5,0.0,notional_at_entry,flat,0.0,flat,553861033.49,0
2024-04-02 00:00:00+00:00,617,CORN,426.5,-300000000.0,notional_at_entry,short,-703399.0,short,553861033.49,1
2024-04-03 00:00:00+00:00,618,CORN,431.75,-300000000.0,notional_at_entry,short,-703399.0,short,550168188.74,0
2024-04-04 00:00:00+00:00,619,CORN,435.25,0.0,notional_at_entry,flat,0.0,flat,547706292.24,1
2024-04-05 00:00:00+00:00,620,CORN,434.25,0.0,notional_at_entry,flat,0.0,flat,547706292.24,0
2024-04-08 00:00:00+00:00,621,CORN,435.5,0.0,notional_at_entry,flat,0.0,flat,547706292.24,0
2024-04-09 00:00:00+00:00,622,CORN,431.25,0.0,notional_at_entry,flat,0.0,flat,547706292.24,0
2024-04-10 00:00:00+00:00,623,CORN,434.25,0.0,notional_at_entry,flat,0.0,flat,547706292.24,0
2024-04-11 00:00:00+00:00,624,CORN,428.75,0.0,notional_at_entry,flat,0.0,flat,547706292.24,0
2024-04-12 00:00:00+00:00,625,CORN,435.5,0.0,notional_at_entry,flat,0.0,flat,547706292.24,0
2024-04-15 00:00:00+00:00,626,CORN,431.5,0.0,notional_at_entry,flat,0.0,flat,547706292.24,0
2024-04-16 00:00:00+00:00,627,CORN,431.0,0.0,notional_at_entry,flat,0.0,flat,547706292.24,0
2024-04-17 00:00:00+00:00,628,CORN,441.0,-300000000.0,notional_at_entry,short,-680272.0,short,547706292.24,1
2024-04-18 00:00:00+00:00,629,CORN,426.75,-300000000.0,notional_at_entry,short,-680272.0,short,557400168.24,0
2024-04-19 00:00:00+00:00,630,CORN,443.0,-300000000.0,notional_at_entry,short,-680272.0,short,546345748.24,0
2024-04-22 00:00:00+00:00,631,CORN,439.75,-300000000.0,notional_at_entry,short,-680272.0,short,548556632.24,0
2024-04-23 00:00:00+00:00,632,CORN,452.5,-300000000.0,notional_at_entry,short,-680272.0,short,539883164.24,0
2024-04-24 00:00:00+00:00,633,CORN,448.5,-300000000.0,notional_at_entry,short,-680272.0,short,542604252.24,0
2024-04-25 00:00:00+00:00,634,CORN,441.0,-300000000.0,notional_at_entry,short,-680272.0,short,547706292.24,0
2024-04-26 00:00:00+00:00,635,CORN,450.0,-300000000.0,notional_at_entry,short,-680272.0,short,541583844.24,0
2024-04-29 00:00:00+00:00,636,CORN,449.25,0.0,notional_at_entry,flat,0.0,flat,542094048.24,1
2024-04-30 00:00:00+00:00,637,CORN,446.75,450000000.0,notional_at_entry,long,1007274.0,long,542094048.24,1
2024-05-01 00:00:00+00:00,638,CORN,450.75,450000000.0,notional_at_entry,long,1007274.0,long,546123144.24,0
2024-05-02 00:00:00+00:00,639,CORN,459.75,450000000.0,notional_at_entry,long,1007274.0,long,555188610.24,0
2024-05-03 00:00:00+00:00,640,CORN,460.25,450000000.0,notional_at_entry,long,1007274.0,long,555692247.24,0
2024-05-06 00:00:00+00:00,641,CORN,457.0,450000000.0,notional_at_entry,long,1007274.0,long,552418606.74,0
2024-05-07 00:00:00+00:00,642,CORN,453.75,450000000.0,notional_at_entry,long,1007274.0,long,549144966.24,0
2024-05-08 00:00:00+00:00,643,CORN,445.5,450000000.0,notional_at_entry,long,1007274.0,long,540834955.74,0
2024-05-09 00:00:00+00:00,644,CORN,442.75,450000000.0,notional_at_entry,long,1007274.0,long,538064952.24,0
2024-05-10 00:00:00+00:00,645,CORN,455.75,450000000.0,notional_at_entry,long,1007274.0,long,551159514.24,0
2024-05-13 00:00:00+00:00,646,CORN,458.5,450000000.0,notional_at_entry,long,1007274.0,long,553929517.74,0
2024-05-14 00:00:00+00:00,647,CORN,453.75,450000000.0,notional_at_entry,long,1007274.0,long,549144966.24,0
2024-05-15 00:00:00+00:00,648,CORN,462.5,450000000.0,notional_at_entry,long,1007274.0,long,557958613.74,0
2024-05-16 00:00:00+00:00,649,CORN,457.0,450000000.0,notional_at_entry,long,1007274.0,long,552418606.74,0
2024-05-17 00:00:00+00:00,650,CORN,452.5,450000000.0,notional_at_entry,long,1007274.0,long,547885873.74,0
2024-05-20 00:00:00+00:00,651,CORN,460.5,0.0,notional_at_entry,flat,0.0,flat,555944065.74,1
2024-05-21 00:00:00+00:00,652,CORN,458.0,0.0,notional_at_entry,flat,0.0,flat,555944065.74,0
2024-05-22 00:00:00+00:00,653,CORN,461.25,-300000000.0,notional_at_entry,short,-650406.0,short,555944065.74,1
2024-05-23 00:00:00+00:00,654,CORN,464.0,-300000000.0,notional_at_entry,short,-650406.0,short,554155449.24,0
2024-05-24 00:00:00+00:00,655,CORN,464.75,-300000000.0,notional_at_entry,short,-650406.0,short,553667644.74,0
2024-05-28 00:00:00+00:00,656,CORN,462.5,-300000000.0,notional_at_entry,short,-650406.0,short,555131058.24,0
2024-05-29 00:00:00+00:00,657,CORN,455.25,-300000000.0,notional_at_entry,short,-650406.0,short,559846501.74,0
2024-05-30 00:00:00+00:00,658,CORN,448.75,-300000000.0,notional_at_entry,short,-650406.0,short,564074140.74,0
2024-05-31 00:00:00+00:00,659,CORN,446.25,-300000000.0,notional_at_entry,short,-650406.0,short,565700155.74,0
2024-06-03 00:00:00+00:00,660,CORN,443.5,-300000000.0,notional_at_entry,short,-650406.0,short,567488772.24,0
2024-06-04 00:00:00+00:00,661,CORN,442.5,-300000000.0,notional_at_entry,short,-650406.0,short,568139178.24,0
2024-06-05 00:00:00+00:00,662,CORN,439.25,-300000000.0,notional_at_entry,short,-650406.0,short,570252997.74,0
2024-06-06 00:00:00+00:00,663,CORN,452.0,-300000000.0,notional_at_entry,short,-650406.0,short,561960321.24,0
2024-06-07 00:00:00+00:00,664,CORN,448.75,-300000000.0,notional_at_entry,short,-650406.0,short,564074140.74,0
2024-06-10 00:00:00+00:00,665,CORN,451.75,-300000000.0,notional_at_entry,short,-650406.0,short,562122922.74,0
2024-06-11 00:00:00+00:00,666,CORN,449.5,-300000000.0,notional_at_entry,short,-650406.0,short,563586336.24,0
2024-06-12 00:00:00+00:00,667,CORN,454.25,-300000000.0,notional_at_entry,short,-650406.0,short,560496907.74,0
2024-06-13 00:00:00+00:00,668,CORN,458.5,-300000000.0,notional_at_entry,short,-650406.0,short,557732682.24,0
2024-06-14 00:00:00+00:00,669,CORN,450.0,-300000000.0,notional_at_entry,short,-650406.0,short,563261133.24,0
2024-06-17 00:00:00+00:00,670,CORN,450.0,-300000000.0,notional_at_entry,short,-650406.0,short,563261133.24,0
2024-06-18 00:00:00+00:00,671,CORN,455.75,-300000000.0,notional_at_entry,short,-650406.0,short,559521298.74,0
2024-06-20 00:00:00+00:00,672,CORN,444.75,-300000000.0,notional_at_entry,short,-650406.0,short,566675764.74,0
2024-06-21 00:00:00+00:00,673,CORN,440.5,-300000000.0,notional_at_entry,short,-650406.0,short,569439990.24,0
2024-06-24 00:00:00+00:00,674,CORN,439.5,-300000000.0,notional_at_entry,short,-650406.0,short,570090396.24,0
2024-06-25 00:00:00+00:00,675,CORN,431.75,-300000000.0,notional_at_entry,short,-650406.0,short,575131042.74,0
2024-06-26 00:00:00+00:00,676,CORN,425.5,-300000000.0,notional_at_entry,short,-650406.0,short,579196080.24,0
2024-06-27 00:00:00+00:00,677,CORN,422.5,-300000000.0,notional_at_entry,short,-650406.0,short,581147298.24,0
2024-06-28 00:00:00+00:00,678,CORN,407.5,-300000000.0,notional_at_entry,short,-650406.0,short,590903388.24,0
2024-07-01 00:00:00+00:00,679,CORN,407.0,-300000000.0,notional_at_entry,short,-650406.0,short,591228591.24,0
2024-07-02 00:00:00+00:00,680,CORN,408.0,0.0,notional_at_entry,flat,0.0,flat,590578185.24,1
2024-07-03 00:00:00+00:00,681,CORN,405.5,0.0,notional_at_entry,flat,0.0,flat,590578185.24,0
2024-07-05 00:00:00+00:00,682,CORN,410.5,0.0,notional_at_entry,flat,0.0,flat,590578185.24,0
2024-07-08 00:00:00+00:00,683,CORN,393.25,0.0,notional_at_entry,flat,0.0,flat,590578185.24,0
2024-07-09 00:00:00+00:00,684,CORN,394.0,0.0,notional_at_entry,flat,0.0,flat,590578185.24,0
2024-07-10 00:00:00+00:00,685,CORN,395.75,0.0,notional_at_entry,flat,0.0,flat,590578185.24,0
2024-07-11 00:00:00+00:00,686,CORN,400.25,300000000.0,notional_at_entry,long,749531.0,long,590578185.24,1
2024-07-12 00:00:00+00:00,687,CORN,402.0,300000000.0,notional_at_entry,long,749531.0,long,591889864.49,0
2024-07-15 00:00:00+00:00,688,CORN,404.25,300000000.0,notional_at_entry,long,749531.0,long,593576309.24,0
2024-07-16 00:00:00+00:00,689,CORN,408.75,300000000.0,notional_at_entry,long,749531.0,long,596949198.74,0
2024-07-17 00:00:00+00:00,690,CORN,411.75,0.0,notional_at_entry,flat,0.0,flat,599197791.74,1
2024-07-18 00:00:00+00:00,691,CORN,405.0,0.0,notional_at_entry,flat,0.0,flat,599197791.74,0
2024-07-19 00:00:00+00:00,692,CORN,404.75,-300000000.0,notional_at_entry,short,-741198.0,short,599197791.74,1
2024-07-22 00:00:00+00:00,693,CORN,415.0,-300000000.0,notional_at_entry,short,-741198.0,short,591600512.24,0
2024-07-23 00:00:00+00:00,694,CORN,417.25,-300000000.0,notional_at_entry,short,-741198.0,short,589932816.74,0
2024-07-24 00:00:00+00:00,695,CORN,418.0,-300000000.0,notional_at_entry,short,-741198.0,short,589376918.24,0
2024-07-25 00:00:00+00:00,696,CORN,420.75,-300000000.0,notional_at_entry,short,-741198.0,short,587338623.74,0
2024-07-26 00:00:00+00:00,697,CORN,410.0,0.0,notional_at_entry,flat,0.0,flat,595306502.24,1
2024-07-29 00:00:00+00:00,698,CORN,412.25,0.0,notional_at_entry,flat,0.0,flat,595306502.24,0
2024-07-30 00:00:00+00:00,699,CORN,405.0,0.0,notional_at_entry,flat,0.0,flat,595306502.24,0
2024-07-31 00:00:00+00:00,700,CORN,399.75,0.0,notional_at_entry,flat,0.0,flat,595306502.24,0
2024-08-01 00:00:00+00:00,701,CORN,398.5,0.0,notional_at_entry,flat,0.0,flat,595306502.24,0
2024-08-02 00:00:00+00:00,702,CORN,403.25,0.0,notional_at_entry,flat,0.0,flat,595306502.24,0
2024-08-05 00:00:00+00:00,703,CORN,407.0,0.0,notional_at_entry,flat,0.0,flat,595306502.24,0
2024-08-06 00:00:00+00:00,704,CORN,405.25,-300000000.0,notional_at_entry,short,-740283.0,short,595306502.24,1
2024-08-07 00:00:00+00:00,705,CORN,400.75,-300000000.0,notional_at_entry,short,-740283.0,short,598637775.74,0
2024-08-08 00:00:00+00:00,706,CORN,397.0,-300000000.0,notional_at_entry,short,-740283.0,short,601413836.99,0
2024-08-09 00:00:00+00:00,707,CORN,395.0,300000000.0,notional_at_entry,long,759493.0,long,602894402.99,1
2024-08-12 00:00:00+00:00,708,CORN,401.5,300000000.0,notional_at_entry,long,759493.0,long,607831107.49,0
2024-08-13 00:00:00+00:00,709,CORN,397.25,0.0,notional_at_entry,flat,0.0,flat,604603262.24,1
2024-08-14 00:00:00+00:00,710,CORN,400.75,0.0,notional_at_entry,flat,0.0,flat,604603262.24,0
2024-08-15 00:00:00+00:00,711,CORN,397.0,0.0,notional_at_entry,flat,0.0,flat,604603262.24,0
2024-08-16 00:00:00+00:00,712,CORN,392.5,0.0,notional_at_entry,flat,0.0,flat,604603262.24,0
2024-08-19 00:00:00+00:00,713,CORN,400.25,0.0,notional_at_entry,flat,0.0,flat,604603262.24,0
2024-08-20 00:00:00+00:00,714,CORN,398.0,0.0,notional_at_entry,flat,0.0,flat,604603262.24,0
2024-08-21 00:00:00+00:00,715,CORN,398.25,0.0,notional_at_entry,flat,0.0,flat,604603262.24,0
2024-08-22 00:00:00+00:00,716,CORN,393.5,0.0,notional_at_entry,flat,0.0,flat,604603262.24,0
2024-08-23 00:00:00+00:00,717,CORN,391.0,300000000.0,notional_at_entry,long,767263.0,long,604603262.24,1
2024-08-26 00:00:00+00:00,718,CORN,386.5,300000000.0,notional_at_entry,long,767263.0,long,601150578.74,0
2024-08-27 00:00:00+00:00,719,CORN,392.75,300000000.0,notional_at_entry,long,767263.0,long,605945972.49,0
2024-08-28 00:00:00+00:00,720,CORN,390.75,300000000.0,notional_at_entry,long,767263.0,long,604411446.49,0
2024-08-29 00:00:00+00:00,721,CORN,396.0,300000000.0,notional_at_entry,long,767263.0,long,608439577.24,0
2024-08-30 00:00:00+00:00,722,CORN,401.0,300000000.0,notional_at_entry,long,767263.0,long,612275892.24,0
2024-09-03 00:00:00+00:00,723,CORN,409.25,0.0,notional_at_entry,flat,0.0,flat,618605811.99,1
2024-09-04 00:00:00+00:00,724,CORN,412.75,0.0,notional_at_entry,flat,0.0,flat,618605811.99,0
2024-09-05 00:00:00+00:00,725,CORN,410.75,0.0,notional_at_entry,flat,0.0,flat,618605811.99,0
2024-09-06 00:00:00+00:00,726,CORN,406.25,0.0,notional_at_entry,flat,0.0,flat,618605811.99,0
2024-09-09 00:00:00+00:00,727,CORN,384.25,0.0,notional_at_entry,flat,0.0,flat,618605811.99,0
2024-09-10 00:00:00+00:00,728,CORN,379.5,0.0,notional_at_entry,flat,0.0,flat,618605811.99,0
2024-09-11 00:00:00+00:00,729,CORN,380.5,0.0,notional_at_entry,flat,0.0,flat,618605811.99,0
2024-09-12 00:00:00+00:00,730,CORN,386.25,0.0,notional_at_entry,flat,0.0,flat,618605811.99,0
2024-09-13 00:00:00+00:00,731,CORN,390.75,0.0,notional_at_entry,flat,0.0,flat,618605811.99,0
2024-09-16 00:00:00+00:00,732,CORN,410.75,300000000.0,notional_at_entry,long,730371.0,long,618605811.99,1
2024-09-17 00:00:00+00:00,733,CORN,412.5,300000000.0,notional_at_entry,long,730371.0,long,619883961.24,0
2024-09-18 00:00:00+00:00,734,CORN,412.75,0.0,notional_at_entry,flat,0.0,flat,620066553.99,1
2024-09-19 00:00:00+00:00,735,CORN,405.75,0.0,notional_at_entry,flat,0.0,flat,620066553.99,0
2024-09-20 00:00:00+00:00,736,CORN,401.75,0.0,notional_at_entry,flat,0.0,flat,620066553.99,0
2024-09-23 00:00:00+00:00,737,CORN,413.5,0.0,notional_at_entry,flat,0.0,flat,620066553.99,0
2024-09-24 00:00:00+00:00,738,CORN,411.75,0.0,notional_at_entry,flat,0.0,flat,620066553.99,0
2024-09-25 00:00:00+00:00,739,CORN,415.25,0.0,notional_at_entry,flat,0.0,flat,620066553.99,0
2024-09-26 00:00:00+00:00,740,CORN,413.25,0.0,notional_at_entry,flat,0.0,flat,620066553.99,0
2024-09-27 00:00:00+00:00,741,CORN,418.0,0.0,notional_at_entry,flat,0.0,flat,620066553.99,0
2024-09-30 00:00:00+00:00,742,CORN,424.75,0.0,notional_at_entry,flat,0.0,flat,620066553.99,0
2024-10-01 00:00:00+00:00,743,CORN,429.0,0.0,notional_at_entry,flat,0.0,flat,620066553.99,0
2024-10-02 00:00:00+00:00,744,CORN,432.5,0.0,notional_at_entry,flat,0.0,flat,620066553.99,0
2024-10-03 00:00:00+00:00,745,CORN,428.25,0.0,notional_at_entry,flat,0.0,flat,620066553.99,0
2024-10-04 00:00:00+00:00,746,CORN,424.75,0.0,notional_at_entry,flat,0.0,flat,620066553.99,0
2024-10-07 00:00:00+00:00,747,CORN,426.0,0.0,notional_at_entry,flat,0.0,flat,620066553.99,0
2024-10-08 00:00:00+00:00,748,CORN,420.75,0.0,notional_at_entry,flat,0.0,flat,620066553.99,0
2024-10-09 00:00:00+00:00,749,CORN,421.0,-300000000.0,notional_at_entry,short,-712589.0,short,620066553.99,1
2024-10-10 00:00:00+00:00,750,CORN,418.5,-300000000.0,notional_at_entry,short,-712589.0,short,621848026.49,0
2024-10-11 00:00:00+00:00,751,CORN,415.75,-300000000.0,notional_at_entry,short,-712589.0,short,623807646.24,0
2024-10-14 00:00:00+00:00,752,CORN,408.25,-300000000.0,notional_at_entry,short,-712589.0,short,629152063.74,0
2024-10-15 00:00:00+00:00,753,CORN,401.25,-300000000.0,notional_at_entry,short,-712589.0,short,634140186.74,0
2024-10-16 00:00:00+00:00,754,CORN,404.75,-300000000.0,notional_at_entry,short,-712589.0,short,631646125.24,0
2024-10-17 00:00:00+00:00,755,CORN,406.75,0.0,notional_at_entry,flat,0.0,flat,630220947.24,1
2024-10-18 00:00:00+00:00,756,CORN,404.75,0.0,notional_at_entry,flat,0.0,flat,630220947.24,0
2024-10-21 00:00:00+00:00,757,CORN,409.5,0.0,notional_at_entry,flat,0.0,flat,630220947.24,0
2024-10-22 00:00:00+00:00,758,CORN,416.5,0.0,notional_at_entry,flat,0.0,flat,630220947.24,0
2024-10-23 00:00:00+00:00,759,CORN,419.0,0.0,notional_at_entry,flat,0.0,flat,630220947.24,0
2024-10-24 00:00:00+00:00,760,CORN,421.5,0.0,notional_at_entry,flat,0.0,flat,630220947.24,0
2024-10-25 00:00:00+00:00,761,CORN,415.25,0.0,notional_at_entry,flat,0.0,flat,630220947.24,0
2024-10-28 00:00:00+00:00,762,CORN,410.75,0.0,notional_at_entry,flat,0.0,flat,630220947.24,0
2024-10-29 00:00:00+00:00,763,CORN,413.75,0.0,notional_at_entry,flat,0.0,flat,630220947.24,0
2024-10-30 00:00:00+00:00,764,CORN,411.5,300000000.0,notional_at_entry,long,729040.0,long,630220947.24,1
2024-10-31 00:00:00+00:00,765,CORN,410.75,300000000.0,notional_at_entry,long,729040.0,long,629674167.24,0
2024-11-01 00:00:00+00:00,766,CORN,414.5,300000000.0,notional_at_entry,long,729040.0,long,632408067.24,0
2024-11-04 00:00:00+00:00,767,CORN,416.5,300000000.0,notional_at_entry,long,729040.0,long,633866147.24,0
2024-11-05 00:00:00+00:00,768,CORN,418.5,0.0,notional_at_entry,flat,0.0,flat,635324227.24,1
2024-11-06 00:00:00+00:00,769,CORN,426.25,0.0,notional_at_entry,flat,0.0,flat,635324227.24,0
2024-11-07 00:00:00+00:00,770,CORN,427.5,300000000.0,notional_at_entry,long,701754.0,long,635324227.24,1
2024-11-08 00:00:00+00:00,771,CORN,431.0,300000000.0,notional_at_entry,long,701754.0,long,637780366.24,0
2024-11-11 00:00:00+00:00,772,CORN,430.0,0.0,notional_at_entry,flat,0.0,flat,637078612.24,1
2024-11-12 00:00:00+00:00,773,CORN,428.5,0.0,notional_at_entry,flat,0.0,flat,637078612.24,0
2024-11-13 00:00:00+00:00,774,CORN,426.5,0.0,notional_at_entry,flat,0.0,flat,637078612.24,0
2024-11-14 00:00:00+00:00,775,CORN,419.0,0.0,notional_at_entry,flat,0.0,flat,637078612.24,0
2024-11-15 00:00:00+00:00,776,CORN,424.0,0.0,notional_at_entry,flat,0.0,flat,637078612.24,0
2024-11-18 00:00:00+00:00,777,CORN,439.75,0.0,notional_at_entry,flat,0.0,flat,637078612.24,0
2024-11-19 00:00:00+00:00,778,CORN,437.75,0.0,notional_at_entry,flat,0.0,flat,637078612.24,0
2024-11-20 00:00:00+00:00,779,CORN,440.0,-300000000.0,notional_at_entry,short,-681818.0,short,637078612.24,1
2024-11-21 00:00:00+00:00,780,CORN,436.25,-300000000.0,notional_at_entry,short,-681818.0,short,639635429.74,0
2024-11-22 00:00:00+00:00,781,CORN,435.25,0.0,notional_at_entry,flat,0.0,flat,640317247.74,1
2024-11-25 00:00:00+00:00,782,CORN,433.0,0.0,notional_at_entry,flat,0.0,flat,640317247.74,0
2024-11-26 00:00:00+00:00,783,CORN,428.0,0.0,notional_at_entry,flat,0.0,flat,640317247.74,0
2024-11-27 00:00:00+00:00,784,CORN,428.0,0.0,notional_at_entry,flat,0.0,flat,640317247.74,0
2024-11-29 00:00:00+00:00,785,CORN,433.0,0.0,notional_at_entry,flat,0.0,flat,640317247.74,0
2024-12-02 00:00:00+00:00,786,CORN,432.5,0.0,notional_at_entry,flat,0.0,flat,640317247.74,0
2024-12-03 00:00:00+00:00,787,CORN,432.25,0.0,notional_at_entry,flat,0.0,flat,640317247.74,0
2024-12-04 00:00:00+00:00,788,CORN,430.0,0.0,notional_at_entry,flat,0.0,flat,640317247.74,0
2024-12-05 00:00:00+00:00,789,CORN,435.0,0.0,notional_at_entry,flat,0.0,flat,640317247.74,0
2024-12-06 00:00:00+00:00,790,CORN,440.0,0.0,notional_at_entry,flat,0.0,flat,640317247.74,0
2024-12-09 00:00:00+00:00,791,CORN,441.75,0.0,notional_at_entry,flat,0.0,flat,640317247.74,0
2024-12-10 00:00:00+00:00,792,CORN,449.0,300000000.0,notional_at_entry,long,668151.0,long,640317247.74,1
2024-12-11 00:00:00+00:00,793,CORN,448.25,300000000.0,notional_at_entry,long,668151.0,long,639816134.49,0
2024-12-12 00:00:00+00:00,794,CORN,431.75,300000000.0,notional_at_entry,long,668151.0,long,628791642.99,0
2024-12-13 00:00:00+00:00,795,CORN,430.0,300000000.0,notional_at_entry,long,668151.0,long,627622378.74,0
2024-12-16 00:00:00+00:00,796,CORN,445.0,300000000.0,notional_at_entry,long,668151.0,long,637644643.74,0
2024-12-17 00:00:00+00:00,797,CORN,443.5,300000000.0,notional_at_entry,long,668151.0,long,636642417.24,0
2024-12-18 00:00:00+00:00,798,CORN,437.25,300000000.0,notional_at_entry,long,668151.0,long,632466473.49,0
2024-12-19 00:00:00+00:00,799,CORN,440.75,300000000.0,notional_at_entry,long,668151.0,long,634805001.99,0
2024-12-20 00:00:00+00:00,800,CORN,446.25,300000000.0,notional_at_entry,long,668151.0,long,638479832.49,0
2024-12-23 00:00:00+00:00,801,CORN,447.75,300000000.0,notional_at_entry,long,668151.0,long,639482058.99,0
2024-12-24 00:00:00+00:00,802,CORN,448.5,300000000.0,notional_at_entry,long,668151.0,long,639983172.24,0
2024-12-25 00:00:00+00:00,803,CORN,448.5,300000000.0,notional_at_entry,long,668151.0,long,639983172.24,0
2024-12-26 00:00:00+00:00,804,CORN,453.75,300000000.0,notional_at_entry,long,668151.0,long,643490964.99,0
2024-12-27 00:00:00+00:00,805,CORN,454.0,300000000.0,notional_at_entry,long,668151.0,long,643658002.74,0
2024-12-30 00:00:00+00:00,806,CORN,452.25,300000000.0,notional_at_entry,long,668151.0,long,642488738.49,0
2024-12-31 00:00:00+00:00,807,CORN,458.5,300000000.0,notional_at_entry,long,668151.0,long,646664682.24,0
2025-01-01 00:00:00+00:00,808,CORN,458.75,300000000.0,notional_at_entry,long,668151.0,long,646831719.99,0
2025-01-02 00:00:00+00:00,809,CORN,459.5,0.0,notional_at_entry,flat,0.0,flat,647332833.24,1
2025-01-03 00:00:00+00:00,810,CORN,450.75,0.0,notional_at_entry,flat,0.0,flat,647332833.24,0
2025-01-06 00:00:00+00:00,811,CORN,457.75,0.0,notional_at_entry,flat,0.0,flat,647332833.24,0
2025-01-07 00:00:00+00:00,812,CORN,458.0,0.0,notional_at_entry,flat,0.0,flat,647332833.24,0
2025-01-08 00:00:00+00:00,813,CORN,454.0,0.0,notional_at_entry,flat,0.0,flat,647332833.24,0
2025-01-09 00:00:00+00:00,814,CORN,456.0,300000000.0,notional_at_entry,long,657894.0,long,647332833.24,1
2025-01-10 00:00:00+00:00,815,CORN,470.5,300000000.0,notional_at_entry,long,657894.0,long,656872296.24,0
2025-01-13 00:00:00+00:00,816,CORN,476.5,0.0,notional_at_entry,flat,0.0,flat,660819660.24,1
2025-01-14 00:00:00+00:00,817,CORN,474.5,0.0,notional_at_entry,flat,0.0,flat,660819660.24,0
2025-01-15 00:00:00+00:00,818,CORN,478.75,0.0,notional_at_entry,flat,0.0,flat,660819660.24,0
2025-01-16 00:00:00+00:00,819,CORN,474.5,0.0,notional_at_entry,flat,0.0,flat,660819660.24,0
2025-01-17 00:00:00+00:00,820,CORN,484.25,0.0,notional_at_entry,flat,0.0,flat,660819660.24,0
2025-01-21 00:00:00+00:00,821,CORN,490.0,300000000.0,notional_at_entry,long,612244.0,long,660819660.24,1
2025-01-22 00:00:00+00:00,822,CORN,484.25,300000000.0,notional_at_entry,long,612244.0,long,657299257.24,0
2025-01-23 00:00:00+00:00,823,CORN,489.75,300000000.0,notional_at_entry,long,612244.0,long,660666599.24,0
2025-01-24 00:00:00+00:00,824,CORN,486.5,300000000.0,notional_at_entry,long,612244.0,long,658676806.24,0
2025-01-27 00:00:00+00:00,825,CORN,482.0,300000000.0,notional_at_entry,long,612244.0,long,655921708.24,0
2025-01-28 00:00:00+00:00,826,CORN,485.25,300000000.0,notional_at_entry,long,612244.0,long,657911501.24,0
2025-01-29 00:00:00+00:00,827,CORN,497.0,300000000.0,notional_at_entry,long,612244.0,long,665105368.24,0
2025-01-30 00:00:00+00:00,828,CORN,490.25,300000000.0,notional_at_entry,long,612244.0,long,660972721.24,0
2025-01-31 00:00:00+00:00,829,CORN,482.0,300000000.0,notional_at_entry,long,612244.0,long,655921708.24,0
2025-02-03 00:00:00+00:00,830,CORN,488.75,300000000.0,notional_at_entry,long,612244.0,long,660054355.24,0
2025-02-04 00:00:00+00:00,831,CORN,494.5,300000000.0,notional_at_entry,long,612244.0,long,663574758.24,0
2025-02-05 00:00:00+00:00,832,CORN,493.25,300000000.0,notional_at_entry,long,612244.0,long,662809453.24,0
2025-02-06 00:00:00+00:00,833,CORN,495.25,300000000.0,notional_at_entry,long,612244.0,long,664033941.24,0
2025-02-07 00:00:00+00:00,834,CORN,487.5,300000000.0,notional_at_entry,long,612244.0,long,659289050.24,0
2025-02-10 00:00:00+00:00,835,CORN,491.5,300000000.0,notional_at_entry,long,612244.0,long,661738026.24,0
2025-02-11 00:00:00+00:00,836,CORN,484.0,300000000.0,notional_at_entry,long,612244.0,long,657146196.24,0
2025-02-12 00:00:00+00:00,837,CORN,490.25,300000000.0,notional_at_entry,long,612244.0,long,660972721.24,0
2025-02-13 00:00:00+00:00,838,CORN,493.5,300000000.0,notional_at_entry,long,612244.0,long,662962514.24,0
2025-02-14 00:00:00+00:00,839,CORN,496.25,300000000.0,notional_at_entry,long,612244.0,long,664646185.24,0
2025-02-18 00:00:00+00:00,840,CORN,515.75,300000000.0,notional_at_entry,long,612244.0,long,676584943.24,0
2025-02-19 00:00:00+00:00,841,CORN,512.25,300000000.0,notional_at_entry,long,612244.0,long,674442089.24,0
2025-02-20 00:00:00+00:00,842,CORN,512.75,300000000.0,notional_at_entry,long,612244.0,long,674748211.24,0
2025-02-21 00:00:00+00:00,843,CORN,505.0,300000000.0,notional_at_entry,long,612244.0,long,670003320.24,0
2025-02-24 00:00:00+00:00,844,CORN,497.0,300000000.0,notional_at_entry,long,612244.0,long,665105368.24,0
2025-02-25 00:00:00+00:00,845,CORN,494.25,300000000.0,notional_at_entry,long,612244.0,long,663421697.24,0
2025-02-26 00:00:00+00:00,846,CORN,493.5,300000000.0,notional_at_entry,long,612244.0,long,662962514.24,0
2025-02-27 00:00:00+00:00,847,CORN,481.0,300000000.0,notional_at_entry,long,612244.0,long,655309464.24,0
2025-02-28 00:00:00+00:00,848,CORN,469.5,300000000.0,notional_at_entry,long,612244.0,long,648268658.24,0
2025-03-03 00:00:00+00:00,849,CORN,456.25,300000000.0,notional_at_entry,long,612244.0,long,640156425.24,0
2025-03-04 00:00:00+00:00,850,CORN,451.5,0.0,notional_at_entry,flat,0.0,flat,637248266.24,1
2025-03-05 00:00:00+00:00,851,CORN,455.75,0.0,notional_at_entry,flat,0.0,flat,637248266.24,0
2025-03-06 00:00:00+00:00,852,CORN,464.0,0.0,notional_at_entry,flat,0.0,flat,637248266.24,0
2025-03-07 00:00:00+00:00,853,CORN,469.25,0.0,notional_at_entry,flat,0.0,flat,637248266.24,0
2025-03-10 00:00:00+00:00,854,CORN,458.75,0.0,notional_at_entry,flat,0.0,flat,637248266.24,0
2025-03-11 00:00:00+00:00,855,CORN,456.5,0.0,notional_at_entry,flat,0.0,flat,637248266.24,0
2025-03-12 00:00:00+00:00,856,CORN,448.75,-300000000.0,notional_at_entry,short,-668523.0,short,637248266.24,1
2025-03-13 00:00:00+00:00,857,CORN,453.5,-300000000.0,notional_at_entry,short,-668523.0,short,634072781.99,0
2025-03-14 00:00:00+00:00,858,CORN,445.5,-300000000.0,notional_at_entry,short,-668523.0,short,639420965.99,0
2025-03-17 00:00:00+00:00,859,CORN,461.0,-300000000.0,notional_at_entry,short,-668523.0,short,629058859.49,0
2025-03-18 00:00:00+00:00,860,CORN,458.75,-300000000.0,notional_at_entry,short,-668523.0,short,630563036.24,0
2025-03-19 00:00:00+00:00,861,CORN,462.0,-300000000.0,notional_at_entry,short,-668523.0,short,628390336.49,0
2025-03-20 00:00:00+00:00,862,CORN,469.0,-300000000.0,notional_at_entry,short,-668523.0,short,623710675.49,0
2025-03-21 00:00:00+00:00,863,CORN,464.25,-300000000.0,notional_at_entry,short,-668523.0,short,626886159.74,0
2025-03-24 00:00:00+00:00,864,CORN,464.5,-300000000.0,notional_at_entry,short,-668523.0,short,626719028.99,0
2025-03-25 00:00:00+00:00,865,CORN,457.75,-300000000.0,notional_at_entry,short,-668523.0,short,631231559.24,0
2025-03-26 00:00:00+00:00,866,CORN,451.25,-300000000.0,notional_at_entry,short,-668523.0,short,635576958.74,0
2025-03-27 00:00:00+00:00,867,CORN,450.0,-300000000.0,notional_at_entry,short,-668523.0,short,636412612.49,0
2025-03-28 00:00:00+00:00,868,CORN,453.25,-300000000.0,notional_at_entry,short,-668523.0,short,634239912.74,0
2025-03-31 00:00:00+00:00,869,CORN,457.25,-300000000.0,notional_at_entry,short,-668523.0,short,631565820.74,0
2025-04-01 00:00:00+00:00,870,CORN,461.75,-300000000.0,notional_at_entry,short,-668523.0,short,628557467.24,0
2025-04-02 00:00:00+00:00,871,CORN,457.75,-300000000.0,notional_at_entry,short,-668523.0,short,631231559.24,0
2025-04-03 00:00:00+00:00,872,CORN,457.5,-300000000.0,notional_at_entry,short,-668523.0,short,631398689.99,0
2025-04-04 00:00:00+00:00,873,CORN,460.25,-300000000.0,notional_at_entry,short,-668523.0,short,629560251.74,0
2025-04-07 00:00:00+00:00,874,CORN,464.5,0.0,notional_at_entry,flat,0.0,flat,626719028.99,1
2025-04-08 00:00:00+00:00,875,CORN,469.0,0.0,notional_at_entry,flat,0.0,flat,626719028.99,0
2025-04-09 00:00:00+00:00,876,CORN,474.0,0.0,notional_at_entry,flat,0.0,flat,626719028.99,0
2025-04-10 00:00:00+00:00,877,CORN,483.0,0.0,notional_at_entry,flat,0.0,flat,626719028.99,0
2025-04-11 00:00:00+00:00,878,CORN,490.25,0.0,notional_at_entry,flat,0.0,flat,626719028.99,0
2025-04-14 00:00:00+00:00,879,CORN,485.0,0.0,notional_at_entry,flat,0.0,flat,626719028.99,0
2025-04-15 00:00:00+00:00,880,CORN,481.25,0.0,notional_at_entry,flat,0.0,flat,626719028.99,0
2025-04-16 00:00:00+00:00,881,CORN,484.25,-300000000.0,notional_at_entry,short,-619514.0,short,626719028.99,1
2025-04-17 00:00:00+00:00,882,CORN,482.25,-300000000.0,notional_at_entry,short,-619514.0,short,627958056.99,0
2025-04-21 00:00:00+00:00,883,CORN,490.0,-300000000.0,notional_at_entry,short,-619514.0,short,623156823.49,0
2025-04-22 00:00:00+00:00,884,CORN,483.25,-300000000.0,notional_at_entry,short,-619514.0,short,627338542.99,0
2025-04-23 00:00:00+00:00,885,CORN,479.25,-300000000.0,notional_at_entry,short,-619514.0,short,629816598.99,0
2025-04-24 00:00:00+00:00,886,CORN,484.0,0.0,notional_at_entry,flat,0.0,flat,626873907.49,1
2025-04-25 00:00:00+00:00,887,CORN,485.5,0.0,notional_at_entry,flat,0.0,flat,626873907.49,0
2025-04-28 00:00:00+00:00,888,CORN,483.25,0.0,notional_at_entry,flat,0.0,flat,626873907.49,0
2025-04-29 00:00:00+00:00,889,CORN,470.25,0.0,notional_at_entry,flat,0.0,flat,626873907.49,0
2025-04-30 00:00:00+00:00,890,CORN,475.5,0.0,notional_at_entry,flat,0.0,flat,626873907.49,0
2025-05-01 00:00:00+00:00,891,CORN,472.25,0.0,notional_at_entry,flat,0.0,flat,626873907.49,0
2025-05-02 00:00:00+00:00,892,CORN,469.0,0.0,notional_at_entry,flat,0.0,flat,626873907.49,0
2025-05-05 00:00:00+00:00,893,CORN,454.25,-300000000.0,notional_at_entry,short,-660429.0,short,626873907.49,1
2025-05-06 00:00:00+00:00,894,CORN,455.5,-300000000.0,notional_at_entry,short,-660429.0,short,626048371.24,0
2025-05-07 00:00:00+00:00,895,CORN,449.25,-300000000.0,notional_at_entry,short,-660429.0,short,630176052.49,0
2025-05-08 00:00:00+00:00,896,CORN,447.5,-300000000.0,notional_at_entry,short,-660429.0,short,631331803.24,0
2025-05-09 00:00:00+00:00,897,CORN,449.75,-300000000.0,notional_at_entry,short,-660429.0,short,629845837.99,0
2025-05-12 00:00:00+00:00,898,CORN,440.25,-300000000.0,notional_at_entry,short,-660429.0,short,636119913.49,0
2025-05-13 00:00:00+00:00,899,CORN,436.0,-300000000.0,notional_at_entry,short,-660429.0,short,638926736.74,0
2025-05-14 00:00:00+00:00,900,CORN,438.5,-300000000.0,notional_at_entry,short,-660429.0,short,637275664.24,0
2025-05-15 00:00:00+00:00,901,CORN,448.5,-300000000.0,notional_at_entry,short,-660429.0,short,630671374.24,0
2025-05-16 00:00:00+00:00,902,CORN,443.5,0.0,notional_at_entry,flat,0.0,flat,633973519.24,1
2025-05-19 00:00:00+00:00,903,CORN,447.5,450000000.0,notional_at_entry,long,1005586.0,long,633973519.24,1
2025-05-20 00:00:00+00:00,904,CORN,454.5,450000000.0,notional_at_entry,long,1005586.0,long,641012621.24,0
2025-05-21 00:00:00+00:00,905,CORN,461.0,450000000.0,notional_at_entry,long,1005586.0,long,647548930.24,0
2025-05-22 00:00:00+00:00,906,CORN,463.0,450000000.0,notional_at_entry,long,1005586.0,long,649560102.24,0
2025-05-23 00:00:00+00:00,907,CORN,459.5,450000000.0,notional_at_entry,long,1005586.0,long,646040551.24,0
2025-05-26 00:00:00+00:00,908,CORN,459.0,450000000.0,notional_at_entry,long,1005586.0,long,645537758.24,0
2025-05-27 00:00:00+00:00,909,CORN,459.5,0.0,notional_at_entry,flat,0.0,flat,646040551.24,1
2025-05-28 00:00:00+00:00,910,CORN,451.0,-300000000.0,notional_at_entry,short,-665188.0,short,646040551.24,1
2025-05-29 00:00:00+00:00,911,CORN,447.0,-300000000.0,notional_at_entry,short,-665188.0,short,648701303.24,0
2025-05-30 00:00:00+00:00,912,CORN,444.0,-300000000.0,notional_at_entry,short,-665188.0,short,650696867.24,0
2025-06-02 00:00:00+00:00,913,CORN,438.25,-300000000.0,notional_at_entry,short,-665188.0,short,654521698.24,0
2025-06-03 00:00:00+00:00,914,CORN,438.5,-300000000.0,notional_at_entry,short,-665188.0,short,654355401.24,0
2025-06-04 00:00:00+00:00,915,CORN,438.75,0.0,notional_at_entry,flat,0.0,flat,654189104.24,1
2025-06-05 00:00:00+00:00,916,CORN,439.5,0.0,notional_at_entry,flat,0.0,flat,654189104.24,0
2025-06-06 00:00:00+00:00,917,CORN,442.5,0.0,notional_at_entry,flat,0.0,flat,654189104.24,0
2025-06-09 00:00:00+00:00,918,CORN,433.5,0.0,notional_at_entry,flat,0.0,flat,654189104.24,0
2025-06-10 00:00:00+00:00,919,CORN,438.75,300000000.0,notional_at_entry,long,683760.0,long,654189104.24,1
2025-06-11 00:00:00+00:00,920,CORN,437.0,0.0,notional_at_entry,flat,0.0,flat,652992524.24,1
2025-06-12 00:00:00+00:00,921,CORN,438.5,0.0,notional_at_entry,flat,0.0,flat,652992524.24,0
2025-06-13 00:00:00+00:00,922,CORN,444.5,0.0,notional_at_entry,flat,0.0,flat,652992524.24,0
2025-06-16 00:00:00+00:00,923,CORN,434.75,0.0,notional_at_entry,flat,0.0,flat,652992524.24,0
2025-06-17 00:00:00+00:00,924,CORN,431.5,-300000000.0,notional_at_entry,short,-695249.0,short,652992524.24,1
2025-06-18 00:00:00+00:00,925,CORN,433.5,-300000000.0,notional_at_entry,short,-695249.0,short,651602026.24,0
2025-06-19 00:00:00+00:00,926,CORN,433.25,-300000000.0,notional_at_entry,short,-695249.0,short,651775838.49,0
2025-06-20 00:00:00+00:00,927,CORN,428.75,-300000000.0,notional_at_entry,short,-695249.0,short,654904458.99,0
2025-06-23 00:00:00+00:00,928,CORN,417.5,-300000000.0,notional_at_entry,short,-695249.0,short,662726010.24,0
2025-06-24 00:00:00+00:00,929,CORN,412.25,-300000000.0,notional_at_entry,short,-695249.0,short,666376067.49,0
2025-06-25 00:00:00+00:00,930,CORN,405.0,0.0,notional_at_entry,flat,0.0,flat,671416622.74,1
2025-06-26 00:00:00+00:00,931,CORN,404.0,0.0,notional_at_entry,flat,0.0,flat,671416622.74,0
2025-06-27 00:00:00+00:00,932,CORN,411.5,0.0,notional_at_entry,flat,0.0,flat,671416622.74,0
2025-06-30 00:00:00+00:00,933,CORN,425.5,0.0,notional_at_entry,flat,0.0,flat,671416622.74,0
2025-07-01 00:00:00+00:00,934,CORN,422.0,0.0,notional_at_entry,flat,0.0,flat,671416622.74,0
2025-07-02 00:00:00+00:00,935,CORN,433.5,-300000000.0,notional_at_entry,short,-692041.0,short,671416622.74,1
2025-07-03 00:00:00+00:00,936,CORN,437.0,-300000000.0,notional_at_entry,short,-692041.0,short,668994479.24,0
2025-07-07 00:00:00+00:00,937,CORN,420.75,-300000000.0,notional_at_entry,short,-692041.0,short,680240145.49,0
2025-07-08 00:00:00+00:00,938,CORN,414.25,-300000000.0,notional_at_entry,short,-692041.0,short,684738411.99,0
2025-07-09 00:00:00+00:00,939,CORN,415.5,-300000000.0,notional_at_entry,short,-692041.0,short,683873360.74,0
2025-07-10 00:00:00+00:00,940,CORN,416.5,300000000.0,notional_at_entry,long,720288.0,long,683181319.74,1
2025-07-11 00:00:00+00:00,941,CORN,412.25,300000000.0,notional_at_entry,long,720288.0,long,680120095.74,0
2025-07-14 00:00:00+00:00,942,CORN,400.0,300000000.0,notional_at_entry,long,720288.0,long,671296567.74,0
2025-07-15 00:00:00+00:00,943,CORN,419.75,300000000.0,notional_at_entry,long,720288.0,long,685522255.74,0
2025-07-16 00:00:00+00:00,944,CORN,424.0,300000000.0,notional_at_entry,long,720288.0,long,688583479.74,0
2025-07-17 00:00:00+00:00,945,CORN,421.0,0.0,notional_at_entry,flat,0.0,flat,686422615.74,1
2025-07-18 00:00:00+00:00,946,CORN,427.75,0.0,notional_at_entry,flat,0.0,flat,686422615.74,0
2025-07-21 00:00:00+00:00,947,CORN,422.25,0.0,notional_at_entry,flat,0.0,flat,686422615.74,0
2025-07-22 00:00:00+00:00,948,CORN,418.0,0.0,notional_at_entry,flat,0.0,flat,686422615.74,0
2025-07-23 00:00:00+00:00,949,CORN,417.5,0.0,notional_at_entry,flat,0.0,flat,686422615.74,0
2025-07-24 00:00:00+00:00,950,CORN,420.75,0.0,notional_at_entry,flat,0.0,flat,686422615.74,0
2025-07-25 00:00:00+00:00,951,CORN,419.0,0.0,notional_at_entry,flat,0.0,flat,686422615.74,0
2025-07-28 00:00:00+00:00,952,CORN,414.0,0.0,notional_at_entry,flat,0.0,flat,686422615.74,0
2025-07-29 00:00:00+00:00,953,CORN,411.0,0.0,notional_at_entry,flat,0.0,flat,686422615.74,0
2025-07-30 00:00:00+00:00,954,CORN,412.25,0.0,notional_at_entry,flat,0.0,flat,686422615.74,0
2025-07-31 00:00:00+00:00,955,CORN,413.75,300000000.0,notional_at_entry,long,725075.0,long,686422615.74,1
2025-08-01 00:00:00+00:00,956,CORN,410.75,0.0,notional_at_entry,flat,0.0,flat,684247390.74,1
2025-08-04 00:00:00+00:00,957,CORN,407.0,0.0,notional_at_entry,flat,0.0,flat,684247390.74,0
2025-08-05 00:00:00+00:00,958,CORN,402.0,0.0,notional_at_entry,flat,0.0,flat,684247390.74,0
2025-08-06 00:00:00+00:00,959,CORN,401.25,0.0,notional_at_entry,flat,0.0,flat,684247390.74,0
2025-08-07 00:00:00+00:00,960,CORN,407.0,0.0,notional_at_entry,flat,0.0,flat,684247390.74,0
2025-08-08 00:00:00+00:00,961,CORN,405.5,0.0,notional_at_entry,flat,0.0,flat,684247390.74,0
2025-08-11 00:00:00+00:00,962,CORN,407.75,0.0,notional_at_entry,flat,0.0,flat,684247390.74,0
2025-08-12 00:00:00+00:00,963,CORN,394.5,0.0,notional_at_entry,flat,0.0,flat,684247390.74,0
2025-08-13 00:00:00+00:00,964,CORN,397.25,0.0,notional_at_entry,flat,0.0,flat,684247390.74,0
2025-08-14 00:00:00+00:00,965,CORN,397.25,300000000.0,notional_at_entry,long,755191.0,long,684247390.74,1
2025-08-15 00:00:00+00:00,966,CORN,405.25,300000000.0,notional_at_entry,long,755191.0,long,690288918.74,0
2025-08-18 00:00:00+00:00,967,CORN,406.5,0.0,notional_at_entry,flat,0.0,flat,691232907.49,1
2025-08-19 00:00:00+00:00,968,CORN,403.25,0.0,notional_at_entry,flat,0.0,flat,691232907.49,0
2025-08-20 00:00:00+00:00,969,CORN,404.0,0.0,notional_at_entry,flat,0.0,flat,691232907.49,0
2025-08-21 00:00:00+00:00,970,CORN,411.75,300000000.0,notional_at_entry,long,728597.0,long,691232907.49,1
2025-08-22 00:00:00+00:00,971,CORN,411.5,300000000.0,notional_at_entry,long,728597.0,long,691050758.24,0
2025-08-25 00:00:00+00:00,972,CORN,412.25,0.0,notional_at_entry,flat,0.0,flat,691597205.99,1
2025-08-26 00:00:00+00:00,973,CORN,409.5,0.0,notional_at_entry,flat,0.0,flat,691597205.99,0
2025-08-27 00:00:00+00:00,974,CORN,406.0,300000000.0,notional_at_entry,long,738916.0,long,691597205.99,1
2025-08-28 00:00:00+00:00,975,CORN,410.0,300000000.0,notional_at_entry,long,738916.0,long,694552869.99,0
2025-08-29 00:00:00+00:00,976,CORN,420.25,300000000.0,notional_at_entry,long,738916.0,long,702126758.99,0
2025-09-01 00:00:00+00:00,977,CORN,418.0,300000000.0,notional_at_entry,long,738916.0,long,700464197.99,0
2025-09-02 00:00:00+00:00,978,CORN,423.0,0.0,notional_at_entry,flat,0.0,flat,704158777.99,1
2025-09-03 00:00:00+00:00,979,CORN,418.0,0.0,notional_at_entry,flat,0.0,flat,704158777.99,0
2025-09-04 00:00:00+00:00,980,CORN,419.75,0.0,notional_at_entry,flat,0.0,flat,704158777.99,0
2025-09-05 00:00:00+00:00,981,CORN,418.0,0.0,notional_at_entry,flat,0.0,flat,704158777.99,0
2025-09-08 00:00:00+00:00,982,CORN,403.0,0.0,notional_at_entry,flat,0.0,flat,704158777.99,0
2025-09-09 00:00:00+00:00,983,CORN,401.25,0.0,notional_at_entry,flat,0.0,flat,704158777.99,0
2025-09-10 00:00:00+00:00,984,CORN,397.25,0.0,notional_at_entry,flat,0.0,flat,704158777.99,0
2025-09-11 00:00:00+00:00,985,CORN,399.0,0.0,notional_at_entry,flat,0.0,flat,704158777.99,0
2025-09-12 00:00:00+00:00,986,CORN,399.0,0.0,notional_at_entry,flat,0.0,flat,704158777.99,0
2025-09-15 00:00:00+00:00,987,CORN,423.25,0.0,notional_at_entry,flat,0.0,flat,704158777.99,0
2025-09-16 00:00:00+00:00,988,CORN,429.5,-300000000.0,notional_at_entry,short,-698486.0,short,704158777.99,1
2025-09-17 00:00:00+00:00,989,CORN,426.75,-300000000.0,notional_at_entry,short,-698486.0,short,706079614.49,0
2025-09-18 00:00:00+00:00,990,CORN,423.75,-300000000.0,notional_at_entry,short,-698486.0,short,708175072.49,0
2025-09-19 00:00:00+00:00,991,CORN,424.0,-300000000.0,notional_at_entry,short,-698486.0,short,708000450.99,0
2025-09-22 00:00:00+00:00,992,CORN,421.75,-300000000.0,notional_at_entry,short,-698486.0,short,709572044.49,0
2025-09-23 00:00:00+00:00,993,CORN,426.25,-300000000.0,notional_at_entry,short,-698486.0,short,706428857.49,0
2025-09-24 00:00:00+00:00,994,CORN,424.25,-300000000.0,notional_at_entry,short,-698486.0,short,707825829.49,0
2025-09-25 00:00:00+00:00,995,CORN,425.75,0.0,notional_at_entry,flat,0.0,flat,706778100.49,1
2025-09-26 00:00:00+00:00,996,CORN,422.0,0.0,notional_at_entry,flat,0.0,flat,706778100.49,0
2025-09-29 00:00:00+00:00,997,CORN,421.5,0.0,notional_at_entry,flat,0.0,flat,706778100.49,0
2025-09-30 00:00:00+00:00,998,CORN,415.5,0.0,notional_at_entry,flat,0.0,flat,706778100.49,0
2025-10-01 00:00:00+00:00,999,CORN,416.5,-300000000.0,notional_at_entry,short,-720288.0,short,706778100.49,1
2025-10-02 00:00:00+00:00,1000,CORN,421.75,-300000000.0,notional_at_entry,short,-720288.0,short,702996588.49,0
2025-10-03 00:00:00+00:00,1001,CORN,419.0,-300000000.0,notional_at_entry,short,-720288.0,short,704977380.49,0
2025-10-06 00:00:00+00:00,1002,CORN,421.75,-300000000.0,notional_at_entry,short,-720288.0,short,702996588.49,0
2025-10-07 00:00:00+00:00,1003,CORN,419.75,0.0,notional_at_entry,flat,0.0,flat,704437164.49,1
2025-10-08 00:00:00+00:00,1004,CORN,422.0,0.0,notional_at_entry,flat,0.0,flat,704437164.49,0
2025-10-09 00:00:00+00:00,1005,CORN,418.25,0.0,notional_at_entry,flat,0.0,flat,704437164.49,0
2025-10-10 00:00:00+00:00,1006,CORN,413.0,0.0,notional_at_entry,flat,0.0,flat,704437164.49,0
2025-10-13 00:00:00+00:00,1007,CORN,410.75,0.0,notional_at_entry,flat,0.0,flat,704437164.49,0
2025-10-14 00:00:00+00:00,1008,CORN,413.0,0.0,notional_at_entry,flat,0.0,flat,704437164.49,0
2025-10-15 00:00:00+00:00,1009,CORN,416.75,0.0,notional_at_entry,flat,0.0,flat,704437164.49,0
2025-10-16 00:00:00+00:00,1010,CORN,421.75,0.0,notional_at_entry,flat,0.0,flat,704437164.49,0
2025-10-17 00:00:00+00:00,1011,CORN,422.5,0.0,notional_at_entry,flat,0.0,flat,704437164.49,0
2025-10-20 00:00:00+00:00,1012,CORN,423.25,0.0,notional_at_entry,flat,0.0,flat,704437164.49,0
2025-10-21 00:00:00+00:00,1013,CORN,419.75,300000000.0,notional_at_entry,long,714711.0,long,704437164.49,1
2025-10-22 00:00:00+00:00,1014,CORN,423.0,300000000.0,notional_at_entry,long,714711.0,long,706759975.24,0
2025-10-23 00:00:00+00:00,1015,CORN,428.0,300000000.0,notional_at_entry,long,714711.0,long,710333530.24,0
2025-10-24 00:00:00+00:00,1016,CORN,423.25,300000000.0,notional_at_entry,long,714711.0,long,706938652.99,0
2025-10-27 00:00:00+00:00,1017,CORN,428.75,300000000.0,notional_at_entry,long,714711.0,long,710869563.49,0
2025-10-28 00:00:00+00:00,1018,CORN,432.0,300000000.0,notional_at_entry,long,714711.0,long,713192374.24,0
2025-10-29 00:00:00+00:00,1019,CORN,434.0,300000000.0,notional_at_entry,long,714711.0,long,714621796.24,0
2025-10-30 00:00:00+00:00,1020,CORN,430.25,300000000.0,notional_at_entry,long,714711.0,long,711941629.99,0
2025-10-31 00:00:00+00:00,1021,CORN,431.5,300000000.0,notional_at_entry,long,714711.0,long,712835018.74,0
2025-11-03 00:00:00+00:00,1022,CORN,434.25,0.0,notional_at_entry,flat,0.0,flat,714800473.99,1
2025-11-04 00:00:00+00:00,1023,CORN,431.5,0.0,notional_at_entry,flat,0.0,flat,714800473.99,0
2025-11-05 00:00:00+00:00,1024,CORN,435.25,0.0,notional_at_entry,flat,0.0,flat,714800473.99,0
2025-11-06 00:00:00+00:00,1025,CORN,428.75,0.0,notional_at_entry,flat,0.0,flat,714800473.99,0
2025-11-07 00:00:00+00:00,1026,CORN,427.25,-300000000.0,notional_at_entry,short,-702165.0,short,714800473.99,1
2025-11-10 00:00:00+00:00,1027,CORN,429.75,0.0,notional_at_entry,flat,0.0,flat,713045061.49,1
2025-11-11 00:00:00+00:00,1028,CORN,432.0,0.0,notional_at_entry,flat,0.0,flat,713045061.49,0
2025-11-12 00:00:00+00:00,1029,CORN,435.25,0.0,notional_at_entry,flat,0.0,flat,713045061.49,0
2025-11-13 00:00:00+00:00,1030,CORN,441.5,0.0,notional_at_entry,flat,0.0,flat,713045061.49,0
2025-11-14 00:00:00+00:00,1031,CORN,430.25,-300000000.0,notional_at_entry,short,-697269.0,short,713045061.49,1
2025-11-17 00:00:00+00:00,1032,CORN,448.0,-300000000.0,notional_at_entry,short,-697269.0,short,700668536.74,0
2025-11-18 00:00:00+00:00,1033,CORN,449.5,-300000000.0,notional_at_entry,short,-697269.0,short,699622633.24,0
2025-11-19 00:00:00+00:00,1034,CORN,441.5,-300000000.0,notional_at_entry,short,-697269.0,short,705200785.24,0
2025-11-20 00:00:00+00:00,1035,CORN,437.75,-300000000.0,notional_at_entry,short,-697269.0,short,707815543.99,0
2025-11-21 00:00:00+00:00,1036,CORN,437.5,-300000000.0,notional_at_entry,short,-697269.0,short,707989861.24,0
2025-11-24 00:00:00+00:00,1037,CORN,436.75,0.0,notional_at_entry,flat,0.0,flat,708512812.99,1
2025-11-25 00:00:00+00:00,1038,CORN,438.25,0.0,notional_at_entry,flat,0.0,flat,708512812.99,0
2025-11-26 00:00:00+00:00,1039,CORN,445.25,0.0,notional_at_entry,flat,0.0,flat,708512812.99,0
2025-11-27 00:00:00+00:00,1040,CORN,445.0,0.0,notional_at_entry,flat,0.0,flat,708512812.99,0
2025-11-28 00:00:00+00:00,1041,CORN,447.75,300000000.0,notional_at_entry,long,670016.0,long,708512812.99,1
2025-12-01 00:00:00+00:00,1042,CORN,445.0,300000000.0,notional_at_entry,long,670016.0,long,706670268.99,0
2025-12-02 00:00:00+00:00,1043,CORN,450.0,0.0,notional_at_entry,flat,0.0,flat,710020348.99,1
2025-12-03 00:00:00+00:00,1044,CORN,443.5,0.0,notional_at_entry,flat,0.0,flat,710020348.99,0
2025-12-04 00:00:00+00:00,1045,CORN,447.25,-300000000.0,notional_at_entry,short,-670765.0,short,710020348.99,1
2025-12-05 00:00:00+00:00,1046,CORN,444.75,-300000000.0,notional_at_entry,short,-670765.0,short,711697261.49,0
2025-12-08 00:00:00+00:00,1047,CORN,436.25,-300000000.0,notional_at_entry,short,-670765.0,short,717398763.99,0
2025-12-09 00:00:00+00:00,1048,CORN,440.75,0.0,notional_at_entry,flat,0.0,flat,714380321.49,1
2025-12-10 00:00:00+00:00,1049,CORN,434.75,0.0,notional_at_entry,flat,0.0,flat,714380321.49,0
2025-12-11 00:00:00+00:00,1050,CORN,435.25,-300000000.0,notional_at_entry,short,-689259.0,short,714380321.49,1
2025-12-12 00:00:00+00:00,1051,CORN,431.5,-300000000.0,notional_at_entry,short,-689259.0,short,716965042.74,0
2025-12-15 00:00:00+00:00,1052,CORN,439.75,-300000000.0,notional_at_entry,short,-689259.0,short,711278655.99,0
2025-12-16 00:00:00+00:00,1053,CORN,436.5,-300000000.0,notional_at_entry,short,-689259.0,short,713518747.74,0
2025-12-17 00:00:00+00:00,1054,CORN,440.5,-300000000.0,notional_at_entry,short,-689259.0,short,710761711.74,0
2025-12-18 00:00:00+00:00,1055,CORN,444.5,-300000000.0,notional_at_entry,short,-689259.0,short,708004675.74,0
2025-12-19 00:00:00+00:00,1056,CORN,443.75,0.0,notional_at_entry,flat,0.0,flat,708521619.99,1
2025-12-22 00:00:00+00:00,1057,CORN,447.0,0.0,notional_at_entry,flat,0.0,flat,708521619.99,0
2025-12-23 00:00:00+00:00,1058,CORN,447.5,0.0,notional_at_entry,flat,0.0,flat,708521619.99,0
2025-12-24 00:00:00+00:00,1059,CORN,451.0,0.0,notional_at_entry,flat,0.0,flat,708521619.99,0
2025-12-26 00:00:00+00:00,1060,CORN,450.0,0.0,notional_at_entry,flat,0.0,flat,708521619.99,0
2025-12-29 00:00:00+00:00,1061,CORN,442.25,0.0,notional_at_entry,flat,0.0,flat,708521619.99,0
2025-12-30 00:00:00+00:00,1062,CORN,440.5,0.0,notional_at_entry,flat,0.0,flat,708521619.99,0
2025-12-31 00:00:00+00:00,1063,CORN,440.25,0.0,notional_at_entry,flat,0.0,flat,708521619.99,0
2026-01-02 00:00:00+00:00,1064,CORN,437.5,0.0,notional_at_entry,flat,0.0,flat,708521619.99,0
2026-01-05 00:00:00+00:00,1065,CORN,444.5,0.0,notional_at_entry,flat,0.0,flat,708521619.99,0
2026-01-06 00:00:00+00:00,1066,CORN,444.0,0.0,notional_at_entry,flat,0.0,flat,708521619.99,0
2026-01-07 00:00:00+00:00,1067,CORN,446.75,0.0,notional_at_entry,flat,0.0,flat,708521619.99,0
2026-01-08 00:00:00+00:00,1068,CORN,446.0,0.0,notional_at_entry,flat,0.0,flat,708521619.99,0
2026-01-09 00:00:00+00:00,1069,CORN,445.75,0.0,notional_at_entry,flat,0.0,flat,708521619.99,0
2026-01-12 00:00:00+00:00,1070,CORN,421.5,0.0,notional_at_entry,flat,0.0,flat,708521619.99,0
2026-01-13 00:00:00+00:00,1071,CORN,419.75,-300000000.0,notional_at_entry,short,-714711.0,short,708521619.99,1
2026-01-14 00:00:00+00:00,1072,CORN,422.0,-300000000.0,notional_at_entry,short,-714711.0,short,706913520.24,0
2026-01-15 00:00:00+00:00,1073,CORN,420.25,-300000000.0,notional_at_entry,short,-714711.0,short,708164264.49,0
2026-01-16 00:00:00+00:00,1074,CORN,424.75,-300000000.0,notional_at_entry,short,-714711.0,short,704948064.99,0
2026-01-19 00:00:00+00:00,1075,CORN,424.5,-300000000.0,notional_at_entry,short,-714711.0,short,705126742.74,0
2026-01-20 00:00:00+00:00,1076,CORN,423.75,0.0,notional_at_entry,flat,0.0,flat,705662775.99,1
2026-01-21 00:00:00+00:00,1077,CORN,421.75,0.0,notional_at_entry,flat,0.0,flat,705662775.99,0
2026-01-22 00:00:00+00:00,1078,CORN,424.0,300000000.0,notional_at_entry,long,707547.0,long,705662775.99,1
2026-01-23 00:00:00+00:00,1079,CORN,430.5,300000000.0,notional_at_entry,long,707547.0,long,710261831.49,0
2026-01-26 00:00:00+00:00,1080,CORN,428.25,300000000.0,notional_at_entry,long,707547.0,long,708669850.74,0
2026-01-27 00:00:00+00:00,1081,CORN,426.5,300000000.0,notional_at_entry,long,707547.0,long,707431643.49,0
2026-01-28 00:00:00+00:00,1082,CORN,430.0,300000000.0,notional_at_entry,long,707547.0,long,709908057.99,0
2026-01-29 00:00:00+00:00,1083,CORN,430.75,300000000.0,notional_at_entry,long,707547.0,long,710438718.24,0
2026-01-30 00:00:00+00:00,1084,CORN,428.25,300000000.0,notional_at_entry,long,707547.0,long,708669850.74,0
2026-02-02 00:00:00+00:00,1085,CORN,425.75,300000000.0,notional_at_entry,long,707547.0,long,706900983.24,0
2026-02-03 00:00:00+00:00,1086,CORN,428.5,300000000.0,notional_at_entry,long,707547.0,long,708846737.49,0
2026-02-04 00:00:00+00:00,1087,CORN,429.5,300000000.0,notional_at_entry,long,707547.0,long,709554284.49,0
2026-02-05 00:00:00+00:00,1088,CORN,435.0,300000000.0,notional_at_entry,long,707547.0,long,713445792.99,0
2026-02-06 00:00:00+00:00,1089,CORN,430.25,300000000.0,notional_at_entry,long,707547.0,long,710084944.74,0
2026-02-09 00:00:00+00:00,1090,CORN,428.75,300000000.0,notional_at_entry,long,707547.0,long,709023624.24,0
2026-02-10 00:00:00+00:00,1091,CORN,428.75,300000000.0,notional_at_entry,long,707547.0,long,709023624.24,0
2026-02-11 00:00:00+00:00,1092,CORN,427.5,300000000.0,notional_at_entry,long,707547.0,long,708139190.49,0
2026-02-12 00:00:00+00:00,1093,CORN,431.25,300000000.0,notional_at_entry,long,707547.0,long,710792491.74,0
2026-02-13 00:00:00+00:00,1094,CORN,431.75,300000000.0,notional_at_entry,long,707547.0,long,711146265.24,0
2026-02-16 00:00:00+00:00,1095,CORN,431.0,300000000.0,notional_at_entry,long,707547.0,long,710615604.99,0
2026-02-17 00:00:00+00:00,1096,CORN,435.75,300000000.0,notional_at_entry,long,707547.0,long,713976453.24,0
2026-02-18 00:00:00+00:00,1097,CORN,436.75,300000000.0,notional_at_entry,long,707547.0,long,714684000.24,0
2026-02-19 00:00:00+00:00,1098,CORN,436.25,300000000.0,notional_at_entry,long,707547.0,long,714330226.74,0
2026-02-20 00:00:00+00:00,1099,CORN,439.75,300000000.0,notional_at_entry,long,707547.0,long,716806641.24,0
2026-02-23 00:00:00+00:00,1100,CORN,440.25,300000000.0,notional_at_entry,long,707547.0,long,717160414.74,0
2026-02-24 00:00:00+00:00,1101,CORN,438.5,300000000.0,notional_at_entry,long,707547.0,long,715922207.49,0
2026-02-25 00:00:00+00:00,1102,CORN,442.0,300000000.0,notional_at_entry,long,707547.0,long,718398621.99,0
2026-02-26 00:00:00+00:00,1103,CORN,443.5,300000000.0,notional_at_entry,long,707547.0,long,719459942.49,0
2026-02-27 00:00:00+00:00,1104,CORN,448.5,300000000.0,notional_at_entry,long,707547.0,long,722997677.49,0
2026-03-02 00:00:00+00:00,1105,CORN,445.75,300000000.0,notional_at_entry,long,707547.0,long,721051923.24,0
2026-03-03 00:00:00+00:00,1106,CORN,446.5,300000000.0,notional_at_entry,long,707547.0,long,721582583.49,0
2026-03-04 00:00:00+00:00,1107,CORN,443.75,300000000.0,notional_at_entry,long,707547.0,long,719636829.24,0
2026-03-05 00:00:00+00:00,1108,CORN,453.5,300000000.0,notional_at_entry,long,707547.0,long,726535412.49,0
2026-03-06 00:00:00+00:00,1109,CORN,460.5,300000000.0,notional_at_entry,long,707547.0,long,731488241.49,0
2026-03-09 00:00:00+00:00,1110,CORN,437.5,300000000.0,notional_at_entry,long,707547.0,long,715214660.49,0
2026-03-10 00:00:00+00:00,1111,CORN,436.25,300000000.0,notional_at_entry,long,707547.0,long,714330226.74,0
2026-03-11 00:00:00+00:00,1112,CORN,444.25,300000000.0,notional_at_entry,long,707547.0,long,719990602.74,0
2026-03-12 00:00:00+00:00,1113,CORN,448.25,300000000.0,notional_at_entry,long,707547.0,long,722820790.74,0
2026-03-13 00:00:00+00:00,1114,CORN,452.5,300000000.0,notional_at_entry,long,707547.0,long,725827865.49,0
2026-03-16 00:00:00+00:00,1115,CORN,454.0,300000000.0,notional_at_entry,long,707547.0,long,726889185.99,0
2026-03-17 00:00:00+00:00,1116,CORN,454.0,300000000.0,notional_at_entry,long,707547.0,long,726889185.99,0
2026-03-18 00:00:00+00:00,1117,CORN,463.25,300000000.0,notional_at_entry,long,707547.0,long,733433995.74,0
2026-03-19 00:00:00+00:00,1118,CORN,469.75,300000000.0,notional_at_entry,long,707547.0,long,738033051.24,0
2026-03-20 00:00:00+00:00,1119,CORN,465.5,0.0,notional_at_entry,flat,0.0,flat,735025976.49,1
2026-03-23 00:00:00+00:00,1120,CORN,459.5,0.0,notional_at_entry,flat,0.0,flat,735025976.49,0
2026-03-24 00:00:00+00:00,1121,CORN,462.5,0.0,notional_at_entry,flat,0.0,flat,735025976.49,0
2026-03-25 00:00:00+00:00,1122,CORN,467.25,0.0,notional_at_entry,flat,0.0,flat,735025976.49,0
2026-03-26 00:00:00+00:00,1123,CORN,467.0,0.0,notional_at_entry,flat,0.0,flat,735025976.49,0
2026-03-27 00:00:00+00:00,1124,CORN,462.0,0.0,notional_at_entry,flat,0.0,flat,735025976.49,0
2026-03-30 00:00:00+00:00,1125,CORN,455.75,0.0,notional_at_entry,flat,0.0,flat,735025976.49,0
2026-03-31 00:00:00+00:00,1126,CORN,457.75,0.0,notional_at_entry,flat,0.0,flat,735025976.49,0
2026-04-01 00:00:00+00:00,1127,CORN,454.25,-300000000.0,notional_at_entry,short,-660429.0,short,735025976.49,1
2026-04-02 00:00:00+00:00,1128,CORN,452.25,-300000000.0,notional_at_entry,short,-660429.0,short,736346834.49,0
2026-04-03 00:00:00+00:00,1129,CORN,452.25,-300000000.0,notional_at_entry,short,-660429.0,short,736346834.49,0
2026-04-06 00:00:00+00:00,1130,CORN,454.0,-300000000.0,notional_at_entry,short,-660429.0,short,735191083.74,0
2026-04-07 00:00:00+00:00,1131,CORN,449.0,-300000000.0,notional_at_entry,short,-660429.0,short,738493228.74,0
2026-04-08 00:00:00+00:00,1132,CORN,447.25,-300000000.0,notional_at_entry,short,-660429.0,short,739648979.49,0
2026-04-09 00:00:00+00:00,1133,CORN,444.0,-300000000.0,notional_at_entry,short,-660429.0,short,741795373.74,0
2026-04-10 00:00:00+00:00,1134,CORN,441.0,-300000000.0,notional_at_entry,short,-660429.0,short,743776660.74,0
2026-04-13 00:00:00+00:00,1135,CORN,451.0,-300000000.0,notional_at_entry,short,-660429.0,short,737172370.74,0
2026-04-14 00:00:00+00:00,1136,CORN,452.5,-300000000.0,notional_at_entry,short,-660429.0,short,736181727.24,0
2026-04-15 00:00:00+00:00,1137,CORN,460.5,-300000000.0,notional_at_entry,short,-660429.0,short,730898295.24,0
2026-04-16 00:00:00+00:00,1138,CORN,457.75,-300000000.0,notional_at_entry,short,-660429.0,short,732714474.99,0
2026-04-17 00:00:00+00:00,1139,CORN,457.5,-300000000.0,notional_at_entry,short,-660429.0,short,732879582.24,0
2026-04-20 00:00:00+00:00,1140,CORN,460.25,-300000000.0,notional_at_entry,short,-660429.0,short,731063402.49,0
2026-04-21 00:00:00+00:00,1141,CORN,462.0,-300000000.0,notional_at_entry,short,-660429.0,short,729907651.74,0
2026-04-22 00:00:00+00:00,1142,CORN,462.75,-300000000.0,notional_at_entry,short,-660429.0,short,729412329.99,0
2026-04-23 00:00:00+00:00,1143,CORN,463.75,-300000000.0,notional_at_entry,short,-660429.0,short,728751900.99,0
2026-04-24 00:00:00+00:00,1144,CORN,463.5,0.0,notional_at_entry,flat,0.0,flat,728917008.24,1
2026-04-27 00:00:00+00:00,1145,CORN,469.25,300000000.0,notional_at_entry,long,639318.0,long,728917008.24,1
2026-04-28 00:00:00+00:00,1146,CORN,475.5,300000000.0,notional_at_entry,long,639318.0,long,732912745.74,0
2026-04-29 00:00:00+00:00,1147,CORN,477.75,300000000.0,notional_at_entry,long,639318.0,long,734351211.24,0
2026-04-30 00:00:00+00:00,1148,CORN,474.75,300000000.0,notional_at_entry,long,639318.0,long,732433257.24,0
2026-05-01 00:00:00+00:00,1149,CORN,480.25,300000000.0,notional_at_entry,long,639318.0,long,735949506.24,0
2026-05-04 00:00:00+00:00,1150,CORN,485.75,300000000.0,notional_at_entry,long,639318.0,long,739465755.24,0
2026-05-05 00:00:00+00:00,1151,CORN,480.0,300000000.0,notional_at_entry,long,639318.0,long,735789676.74,0
2026-05-06 00:00:00+00:00,1152,CORN,468.5,300000000.0,notional_at_entry,long,639318.0,long,728437519.74,0
2026-05-07 00:00:00+00:00,1153,CORN,467.5,300000000.0,notional_at_entry,long,639318.0,long,727798201.74,0
2026-05-08 00:00:00+00:00,1154,CORN,471.25,300000000.0,notional_at_entry,long,639318.0,long,730195644.24,0
2026-05-11 00:00:00+00:00,1155,CORN,475.25,300000000.0,notional_at_entry,long,639318.0,long,732752916.24,0
2026-05-12 00:00:00+00:00,1156,CORN,480.0,0.0,notional_at_entry,flat,0.0,flat,735789676.74,1
2026-05-13 00:00:00+00:00,1157,CORN,480.75,0.0,notional_at_entry,flat,0.0,flat,735789676.74,0
2026-05-14 00:00:00+00:00,1158,CORN,467.5,300000000.0,notional_at_entry,long,641711.0,long,735789676.74,1
2026-05-15 00:00:00+00:00,1159,CORN,464.38,300000000.0,notional_at_entry,long,641711.0,long,733787538.42,0
