date,rsi
2013-05-01 00:00:00+00:00,
2013-05-02 00:00:00+00:00,
2013-05-03 00:00:00+00:00,
2013-05-06 00:00:00+00:00,
2013-05-07 00:00:00+00:00,
2013-05-08 00:00:00+00:00,
2013-05-09 00:00:00+00:00,
2013-05-10 00:00:00+00:00,
2013-05-13 00:00:00+00:00,
2013-05-14 00:00:00+00:00,
2013-05-15 00:00:00+00:00,
2013-05-16 00:00:00+00:00,
2013-05-17 00:00:00+00:00,
2013-05-20 00:00:00+00:00,
2013-05-21 00:00:00+00:00,
2013-05-22 00:00:00+00:00,26.971353359345983
2013-05-23 00:00:00+00:00,23.376376682117876
2013-05-24 00:00:00+00:00,28.960518070542
2013-05-28 00:00:00+00:00,35.25040649713333
2013-05-29 00:00:00+00:00,33.68674784336302
2013-05-30 00:00:00+00:00,31.767008233209324
2013-05-31 00:00:00+00:00,30.54548086126836
2013-06-03 00:00:00+00:00,27.35871190682004
2013-06-04 00:00:00+00:00,23.54161030350437
2013-06-05 00:00:00+00:00,21.24595517103392
2013-06-06 00:00:00+00:00,20.480736793522034
2013-06-07 00:00:00+00:00,28.554903069764162
2013-06-10 00:00:00+00:00,29.464105383114006
2013-06-11 00:00:00+00:00,28.057697145114076
2013-06-12 00:00:00+00:00,24.85556726222701
2013-06-13 00:00:00+00:00,21.73958718273328
2013-06-14 00:00:00+00:00,23.552951027141702
2013-06-17 00:00:00+00:00,56.10793540693375
2013-06-18 00:00:00+00:00,69.17048513019158
2013-06-19 00:00:00+00:00,66.45195223480563
2013-06-20 00:00:00+00:00,69.32498814031646
2013-06-21 00:00:00+00:00,54.38334858566084
2013-06-24 00:00:00+00:00,54.41737349660444
2013-06-25 00:00:00+00:00,57.82660546465213
2013-06-26 00:00:00+00:00,61.891205188360566
2013-06-27 00:00:00+00:00,62.983398196453386
2013-06-28 00:00:00+00:00,55.556541701190085
2013-07-01 00:00:00+00:00,51.15144091671057
2013-07-02 00:00:00+00:00,45.10827776507749
2013-07-03 00:00:00+00:00,40.28026983721456
2013-07-05 00:00:00+00:00,36.82719054294397
2013-07-08 00:00:00+00:00,33.142683798908976
2013-07-09 00:00:00+00:00,34.26648010980106
2013-07-10 00:00:00+00:00,35.00232507361899
2013-07-11 00:00:00+00:00,33.38989099469114
2013-07-12 00:00:00+00:00,30.018018167280793
2013-07-15 00:00:00+00:00,28.171683686727434
2013-07-16 00:00:00+00:00,32.33396373880801
2013-07-17 00:00:00+00:00,30.219431948661573
2013-07-18 00:00:00+00:00,33.303127149803316
2013-07-19 00:00:00+00:00,38.79720110206707
2013-07-22 00:00:00+00:00,45.08928900901024
2013-07-23 00:00:00+00:00,51.17884825688843
2013-07-24 00:00:00+00:00,50.777188500618884
2013-07-25 00:00:00+00:00,43.76576370067356
2013-07-26 00:00:00+00:00,50.415191471795126
2013-07-29 00:00:00+00:00,54.982606428217316
2013-07-30 00:00:00+00:00,65.8746289839343
2013-07-31 00:00:00+00:00,69.66367754015735
2013-08-01 00:00:00+00:00,71.61849732773202
2013-08-02 00:00:00+00:00,66.10648646199374
2013-08-05 00:00:00+00:00,62.58297482954612
2013-08-06 00:00:00+00:00,52.981275421923996
2013-08-07 00:00:00+00:00,49.452386455944136
2013-08-08 00:00:00+00:00,55.66190291435852
2013-08-09 00:00:00+00:00,58.84209848050538
2013-08-12 00:00:00+00:00,64.0138182531388
2013-08-13 00:00:00+00:00,69.45514538329097
2013-08-14 00:00:00+00:00,72.88440695924025
2013-08-15 00:00:00+00:00,74.02749415116836
2013-08-16 00:00:00+00:00,70.9029328013026
2013-08-19 00:00:00+00:00,58.244236234164205
2013-08-20 00:00:00+00:00,42.9425806387936
2013-08-21 00:00:00+00:00,36.64609780611297
2013-08-22 00:00:00+00:00,31.71529680083701
2013-08-23 00:00:00+00:00,29.346110485793783
2013-08-26 00:00:00+00:00,36.604687572947256
2013-08-27 00:00:00+00:00,43.96374905729462
2013-08-28 00:00:00+00:00,42.230659207155185
2013-08-29 00:00:00+00:00,41.11005254525212
2013-08-30 00:00:00+00:00,38.763044168052836
2013-09-03 00:00:00+00:00,37.115605325246705
2013-09-04 00:00:00+00:00,42.76751608090644
2013-09-05 00:00:00+00:00,41.50382660299176
2013-09-06 00:00:00+00:00,46.83743169324944
2013-09-09 00:00:00+00:00,57.5147797132733
2013-09-10 00:00:00+00:00,65.82483008103813
2013-09-11 00:00:00+00:00,71.49432785555273
2013-09-12 00:00:00+00:00,72.90619131268602
2013-09-13 00:00:00+00:00,73.56862465698904
2013-09-16 00:00:00+00:00,68.82137915942296
2013-09-17 00:00:00+00:00,60.10123917334924
2013-09-18 00:00:00+00:00,51.41566567508723
2013-09-19 00:00:00+00:00,52.25826943692563
2013-09-20 00:00:00+00:00,60.5257138093992
2013-09-23 00:00:00+00:00,72.0146912686113
2013-09-24 00:00:00+00:00,76.06151455441588
2013-09-25 00:00:00+00:00,79.23023650093663
2013-09-26 00:00:00+00:00,82.57322670298328
2013-09-27 00:00:00+00:00,83.68755677028803
2013-09-30 00:00:00+00:00,67.893306162416
2013-10-01 00:00:00+00:00,68.66240525444682
2013-10-02 00:00:00+00:00,71.06956227705031
2013-10-03 00:00:00+00:00,73.93652925264908
2013-10-04 00:00:00+00:00,75.0017635426345
2013-10-07 00:00:00+00:00,73.86608349491152
2013-10-08 00:00:00+00:00,75.00279406562649
2013-10-09 00:00:00+00:00,75.80261958712848
2013-10-10 00:00:00+00:00,74.61169797354339
2013-10-11 00:00:00+00:00,76.369812790157
2013-10-14 00:00:00+00:00,79.78882138489162
2013-10-15 00:00:00+00:00,82.2694618103434
2013-10-16 00:00:00+00:00,68.28745546674281
2013-10-17 00:00:00+00:00,69.10038520699237
2013-10-18 00:00:00+00:00,69.01178076268982
2013-10-21 00:00:00+00:00,75.3377979515767
2013-10-22 00:00:00+00:00,74.66300016688706
2013-10-23 00:00:00+00:00,74.81952637048038
2013-10-24 00:00:00+00:00,68.57396533389772
2013-10-25 00:00:00+00:00,57.410033795661455
2013-10-28 00:00:00+00:00,55.10221984651875
2013-10-29 00:00:00+00:00,51.04541992991305
2013-10-30 00:00:00+00:00,40.34902922601542
2013-10-31 00:00:00+00:00,34.81076252418989
2013-11-01 00:00:00+00:00,32.964673623565496
2013-11-04 00:00:00+00:00,31.150437083386308
2013-11-05 00:00:00+00:00,33.3487812957561
2013-11-06 00:00:00+00:00,32.80116434323254
2013-11-07 00:00:00+00:00,29.469162160629352
2013-11-08 00:00:00+00:00,27.272367786782425
2013-11-11 00:00:00+00:00,28.643531032460274
2013-11-12 00:00:00+00:00,26.78528738732576
2013-11-13 00:00:00+00:00,24.277527678355533
2013-11-14 00:00:00+00:00,22.204816194556173
2013-11-15 00:00:00+00:00,19.059966219330363
2013-11-18 00:00:00+00:00,16.839491915896634
2013-11-19 00:00:00+00:00,27.527068741693054
2013-11-20 00:00:00+00:00,28.807672808115104
2013-11-21 00:00:00+00:00,28.1319747006793
2013-11-22 00:00:00+00:00,25.987700454505024
2013-11-25 00:00:00+00:00,23.1736852794093
2013-11-26 00:00:00+00:00,20.856260768793483
2013-11-27 00:00:00+00:00,19.736561482859415
2013-11-29 00:00:00+00:00,17.98463879939175
2013-12-02 00:00:00+00:00,16.290387459693516
2013-12-03 00:00:00+00:00,13.435530305826266
2013-12-04 00:00:00+00:00,11.008370344516372
2013-12-05 00:00:00+00:00,9.245041300258283
2013-12-06 00:00:00+00:00,9.432176873935784
2013-12-09 00:00:00+00:00,8.690508246737199
2013-12-10 00:00:00+00:00,8.139823193820789
2013-12-11 00:00:00+00:00,14.014649837280128
2013-12-12 00:00:00+00:00,14.272285442509295
2013-12-13 00:00:00+00:00,11.985146941169786
2013-12-16 00:00:00+00:00,10.942411216844926
2013-12-17 00:00:00+00:00,10.594832642059703
2013-12-18 00:00:00+00:00,8.091683653997995
2013-12-19 00:00:00+00:00,6.885862978240569
2013-12-20 00:00:00+00:00,22.536303159389746
2013-12-23 00:00:00+00:00,39.50187820313388
2013-12-24 00:00:00+00:00,39.55946117346539
2013-12-26 00:00:00+00:00,39.10741657359563
2013-12-27 00:00:00+00:00,42.03158459857772
2013-12-30 00:00:00+00:00,47.94633220108791
2013-12-31 00:00:00+00:00,48.193782890862565
2014-01-02 00:00:00+00:00,49.436205764551794
2014-01-03 00:00:00+00:00,45.39948086384274
2014-01-06 00:00:00+00:00,37.96390451363905
2014-01-07 00:00:00+00:00,35.485379063545
2014-01-08 00:00:00+00:00,34.0764394230239
2014-01-09 00:00:00+00:00,26.52702156258135
2014-01-10 00:00:00+00:00,20.550805300828358
2014-01-13 00:00:00+00:00,23.107393364429402
2014-01-14 00:00:00+00:00,25.50041192923691
2014-01-15 00:00:00+00:00,24.27725012015506
2014-01-16 00:00:00+00:00,20.166301199747448
2014-01-17 00:00:00+00:00,28.895272774928557
2014-01-21 00:00:00+00:00,27.791147130372238
2014-01-22 00:00:00+00:00,27.42310524883714
2014-01-23 00:00:00+00:00,24.33317176736013
2014-01-24 00:00:00+00:00,23.8041923884969
2014-01-27 00:00:00+00:00,27.310130010947436
2014-01-28 00:00:00+00:00,23.291400136709097
2014-01-29 00:00:00+00:00,31.314289092090313
2014-01-30 00:00:00+00:00,29.136402185129903
2014-01-31 00:00:00+00:00,36.74332289396191
2014-02-03 00:00:00+00:00,51.479606172626426
2014-02-04 00:00:00+00:00,59.31712576973604
2014-02-05 00:00:00+00:00,66.10343653126749
2014-02-06 00:00:00+00:00,68.84850924557146
2014-02-07 00:00:00+00:00,62.9737303203852
2014-02-10 00:00:00+00:00,58.065694493268325
2014-02-11 00:00:00+00:00,54.226802580623996
2014-02-12 00:00:00+00:00,48.7774881598265
2014-02-13 00:00:00+00:00,54.51127567663855
2014-02-14 00:00:00+00:00,52.8560021530032
2014-02-18 00:00:00+00:00,51.58046886228895
2014-02-19 00:00:00+00:00,60.849784554200596
2014-02-20 00:00:00+00:00,70.98203514207749
2014-02-21 00:00:00+00:00,70.55586776051481
2014-02-24 00:00:00+00:00,73.75880852367565
2014-02-25 00:00:00+00:00,78.71728112186527
2014-02-26 00:00:00+00:00,80.37010532123779
2014-02-27 00:00:00+00:00,80.64789721853465
2014-02-28 00:00:00+00:00,83.1413740250828
2014-03-03 00:00:00+00:00,73.84368539389774
2014-03-04 00:00:00+00:00,72.09263988165745
2014-03-05 00:00:00+00:00,70.02991482236673
2014-03-06 00:00:00+00:00,73.99790073798594
2014-03-07 00:00:00+00:00,76.04350305813833
2014-03-10 00:00:00+00:00,68.97195925207404
2014-03-11 00:00:00+00:00,69.02529869120193
2014-03-12 00:00:00+00:00,64.54957421239757
2014-03-13 00:00:00+00:00,55.80924875862918
2014-03-14 00:00:00+00:00,55.37937901621133
2014-03-17 00:00:00+00:00,46.04553987640915
2014-03-18 00:00:00+00:00,40.42162832623556
2014-03-19 00:00:00+00:00,40.408190318998
2014-03-20 00:00:00+00:00,44.09044086748671
2014-03-21 00:00:00+00:00,41.115512963051515
2014-03-24 00:00:00+00:00,37.13020787396614
2014-03-25 00:00:00+00:00,36.054827142514384
2014-03-26 00:00:00+00:00,39.13505083922304
2014-03-27 00:00:00+00:00,48.67399209595628
2014-03-28 00:00:00+00:00,59.40742106153667
2014-03-31 00:00:00+00:00,64.31433027951958
2014-04-01 00:00:00+00:00,61.057644612682566
2014-04-02 00:00:00+00:00,49.63722627174121
2014-04-03 00:00:00+00:00,43.02112974083563
2014-04-04 00:00:00+00:00,44.78676451963077
2014-04-07 00:00:00+00:00,48.40887834561252
2014-04-08 00:00:00+00:00,43.33698349161872
2014-04-09 00:00:00+00:00,45.71731228342691
2014-04-10 00:00:00+00:00,44.62141366959721
2014-04-11 00:00:00+00:00,45.09494533174643
2014-04-14 00:00:00+00:00,40.64309594871905
2014-04-15 00:00:00+00:00,36.197827986292126
2014-04-16 00:00:00+00:00,34.29641587873489
2014-04-17 00:00:00+00:00,42.66592778674603
2014-04-21 00:00:00+00:00,52.850036185976066
2014-04-22 00:00:00+00:00,59.16678587955381
2014-04-23 00:00:00+00:00,62.550046206172695
2014-04-24 00:00:00+00:00,68.17554531824621
2014-04-25 00:00:00+00:00,64.10267226944309
2014-04-28 00:00:00+00:00,64.30710450490537
2014-04-29 00:00:00+00:00,57.63783110687665
2014-04-30 00:00:00+00:00,55.6019578732958
2014-05-01 00:00:00+00:00,57.809048585972974
2014-05-02 00:00:00+00:00,60.04864970266407
2014-05-05 00:00:00+00:00,52.01178558939147
2014-05-06 00:00:00+00:00,49.81376044222172
2014-05-07 00:00:00+00:00,43.35595272312081
2014-05-08 00:00:00+00:00,42.91381489867989
2014-05-09 00:00:00+00:00,42.309267690013854
2014-05-12 00:00:00+00:00,41.11599296763459
2014-05-13 00:00:00+00:00,44.02790056126432
2014-05-14 00:00:00+00:00,57.750681234720986
2014-05-15 00:00:00+00:00,68.49069644950221
2014-05-16 00:00:00+00:00,70.48903490691173
2014-05-19 00:00:00+00:00,62.7890230202312
2014-05-20 00:00:00+00:00,56.752849403018885
2014-05-21 00:00:00+00:00,50.425655219121936
2014-05-22 00:00:00+00:00,45.4148504970993
2014-05-23 00:00:00+00:00,42.509906730183246
2014-05-27 00:00:00+00:00,41.318401170150196
2014-05-28 00:00:00+00:00,34.244198889853294
2014-05-29 00:00:00+00:00,34.999964959628116
2014-05-30 00:00:00+00:00,45.614090997097435
2014-06-02 00:00:00+00:00,46.804467938415094
2014-06-03 00:00:00+00:00,42.88805623651079
2014-06-04 00:00:00+00:00,41.88736155613465
2014-06-05 00:00:00+00:00,38.321920093622126
2014-06-06 00:00:00+00:00,33.28869467548247
2014-06-09 00:00:00+00:00,34.92276533221265
2014-06-10 00:00:00+00:00,37.68825433929518
2014-06-11 00:00:00+00:00,38.355403853908626
2014-06-12 00:00:00+00:00,34.66574728892151
2014-06-13 00:00:00+00:00,31.105975125619736
2014-06-16 00:00:00+00:00,56.29995554817022
2014-06-17 00:00:00+00:00,65.9958214924313
2014-06-18 00:00:00+00:00,67.59686512247262
2014-06-19 00:00:00+00:00,72.85938190901163
2014-06-20 00:00:00+00:00,77.31655347899712
2014-06-23 00:00:00+00:00,79.24255000463769
2014-06-24 00:00:00+00:00,78.60081089987469
2014-06-25 00:00:00+00:00,77.68063432545243
2014-06-26 00:00:00+00:00,74.37453252550628
2014-06-27 00:00:00+00:00,74.92391770337083
2014-06-30 00:00:00+00:00,61.9840161845341
2014-07-01 00:00:00+00:00,50.84360179674127
2014-07-02 00:00:00+00:00,43.358312998561544
2014-07-03 00:00:00+00:00,42.69259793973467
2014-07-07 00:00:00+00:00,41.267145262898524
2014-07-08 00:00:00+00:00,35.49716748747895
2014-07-09 00:00:00+00:00,38.63041051696443
2014-07-10 00:00:00+00:00,35.26941011619133
2014-07-11 00:00:00+00:00,32.22617283660442
2014-07-14 00:00:00+00:00,28.296305020835153
2014-07-15 00:00:00+00:00,30.991271461306667
2014-07-16 00:00:00+00:00,32.579512982249845
2014-07-17 00:00:00+00:00,30.683324265486252
2014-07-18 00:00:00+00:00,27.716603232992583
2014-07-21 00:00:00+00:00,28.83935103807528
2014-07-22 00:00:00+00:00,40.1931300815141
2014-07-23 00:00:00+00:00,41.11704456077686
2014-07-24 00:00:00+00:00,37.2328231861243
2014-07-25 00:00:00+00:00,39.05129344476586
2014-07-28 00:00:00+00:00,42.70711859339662
2014-07-29 00:00:00+00:00,39.112086607448404
2014-07-30 00:00:00+00:00,32.225199074523026
2014-07-31 00:00:00+00:00,30.314182444372292
2014-08-01 00:00:00+00:00,27.015646028592123
2014-08-04 00:00:00+00:00,24.370965526431803
2014-08-05 00:00:00+00:00,23.06391733130523
2014-08-06 00:00:00+00:00,20.133754415832037
2014-08-07 00:00:00+00:00,27.845354996230068
2014-08-08 00:00:00+00:00,26.05170992821357
2014-08-11 00:00:00+00:00,29.092764138881336
2014-08-12 00:00:00+00:00,34.027224972021095
2014-08-13 00:00:00+00:00,31.890244413802712
2014-08-14 00:00:00+00:00,30.617289591269866
2014-08-15 00:00:00+00:00,28.142238210885957
2014-08-18 00:00:00+00:00,27.83120475462753
2014-08-19 00:00:00+00:00,23.58747071522001
2014-08-20 00:00:00+00:00,19.550293306318718
2014-08-21 00:00:00+00:00,28.463107088064486
2014-08-22 00:00:00+00:00,40.91032052765977
2014-08-25 00:00:00+00:00,37.952471068930805
2014-08-26 00:00:00+00:00,32.799962431609465
2014-08-27 00:00:00+00:00,40.23019218768616
2014-08-28 00:00:00+00:00,40.449757225970345
2014-08-29 00:00:00+00:00,40.16155124683102
2014-09-02 00:00:00+00:00,38.71160591338139
2014-09-03 00:00:00+00:00,47.10499029060011
2014-09-04 00:00:00+00:00,45.47494281302329
2014-09-05 00:00:00+00:00,37.010238171315095
2014-09-08 00:00:00+00:00,32.55746461768907
2014-09-09 00:00:00+00:00,30.30718134051753
2014-09-10 00:00:00+00:00,28.749748211133493
2014-09-11 00:00:00+00:00,24.099774483719216
2014-09-12 00:00:00+00:00,21.08158626256619
2014-09-15 00:00:00+00:00,16.222587067262175
2014-09-16 00:00:00+00:00,14.049798074562322
2014-09-17 00:00:00+00:00,12.722624284106152
2014-09-18 00:00:00+00:00,22.82301567820955
2014-09-19 00:00:00+00:00,25.203562683316676
2014-09-22 00:00:00+00:00,54.228177721983776
2014-09-23 00:00:00+00:00,61.62382734168136
2014-09-24 00:00:00+00:00,64.80531707090451
2014-09-25 00:00:00+00:00,67.27021876015418
2014-09-26 00:00:00+00:00,69.57244674697522
2014-09-29 00:00:00+00:00,73.7921248196744
2014-09-30 00:00:00+00:00,76.67341727616459
2014-10-01 00:00:00+00:00,70.72376840415522
2014-10-02 00:00:00+00:00,61.927373975863716
2014-10-03 00:00:00+00:00,59.113798540020724
2014-10-06 00:00:00+00:00,62.61042023847553
2014-10-07 00:00:00+00:00,68.51105411159992
2014-10-08 00:00:00+00:00,70.87086055951596
2014-10-09 00:00:00+00:00,69.28637089514972
2014-10-10 00:00:00+00:00,64.12846992413404
2014-10-13 00:00:00+00:00,59.404721009495375
2014-10-14 00:00:00+00:00,59.62700453470869
2014-10-15 00:00:00+00:00,61.77324507644743
2014-10-16 00:00:00+00:00,55.64115343606376
2014-10-17 00:00:00+00:00,56.53468548178914
2014-10-20 00:00:00+00:00,55.68206988201116
2014-10-21 00:00:00+00:00,56.58739299728295
2014-10-22 00:00:00+00:00,51.025858882119536
2014-10-23 00:00:00+00:00,50.62788660065587
2014-10-24 00:00:00+00:00,43.27996260228804
2014-10-27 00:00:00+00:00,46.34543516348762
2014-10-28 00:00:00+00:00,41.00320060613046
2014-10-29 00:00:00+00:00,41.73542710013187
2014-10-30 00:00:00+00:00,46.076826037242554
2014-10-31 00:00:00+00:00,47.5239590162565
2014-11-03 00:00:00+00:00,42.37907614738232
2014-11-04 00:00:00+00:00,38.59434226819809
2014-11-05 00:00:00+00:00,33.21101315643255
2014-11-06 00:00:00+00:00,29.06130902245877
2014-11-07 00:00:00+00:00,27.267632782708127
2014-11-10 00:00:00+00:00,34.24575356540976
2014-11-11 00:00:00+00:00,35.95346609879921
2014-11-12 00:00:00+00:00,51.183001327454434
2014-11-13 00:00:00+00:00,58.54379758336522
2014-11-14 00:00:00+00:00,52.54544396227905
2014-11-17 00:00:00+00:00,48.29356014063969
2014-11-18 00:00:00+00:00,44.28054896084349
2014-11-19 00:00:00+00:00,41.7425743260388
2014-11-20 00:00:00+00:00,45.45576522653289
2014-11-21 00:00:00+00:00,52.27046451309873
2014-11-24 00:00:00+00:00,54.25147959546693
2014-11-25 00:00:00+00:00,52.167626320157
2014-11-26 00:00:00+00:00,51.4730085616881
2014-11-28 00:00:00+00:00,54.98395409379896
2014-12-01 00:00:00+00:00,42.27212469716706
2014-12-02 00:00:00+00:00,38.03484823160413
2014-12-03 00:00:00+00:00,30.865350986268446
2014-12-04 00:00:00+00:00,26.55936809549992
2014-12-05 00:00:00+00:00,29.551989064392544
2014-12-08 00:00:00+00:00,29.404169278851665
2014-12-09 00:00:00+00:00,35.30490951627111
2014-12-10 00:00:00+00:00,41.29250425434784
2014-12-11 00:00:00+00:00,44.93918264099215
2014-12-12 00:00:00+00:00,38.5065010446494
2014-12-15 00:00:00+00:00,33.31222812569155
2014-12-16 00:00:00+00:00,31.22999324072194
2014-12-17 00:00:00+00:00,26.57870287576028
2014-12-18 00:00:00+00:00,25.4781284536175
2014-12-19 00:00:00+00:00,35.902497906044694
2014-12-22 00:00:00+00:00,39.12939065150915
2014-12-23 00:00:00+00:00,37.20779433397735
2014-12-24 00:00:00+00:00,35.82869249413213
2014-12-26 00:00:00+00:00,33.60355907310547
2014-12-29 00:00:00+00:00,31.372709237846905
2014-12-30 00:00:00+00:00,28.29348669315347
2014-12-31 00:00:00+00:00,27.904809354517564
2015-01-02 00:00:00+00:00,25.587535652068084
2015-01-05 00:00:00+00:00,19.1991951651785
2015-01-06 00:00:00+00:00,22.222219994001847
2015-01-07 00:00:00+00:00,44.38825100211435
2015-01-08 00:00:00+00:00,49.352162395488236
2015-01-09 00:00:00+00:00,53.47486951040118
2015-01-12 00:00:00+00:00,55.610203856095524
2015-01-13 00:00:00+00:00,51.48746730588375
2015-01-14 00:00:00+00:00,53.37850302173345
2015-01-15 00:00:00+00:00,55.74254944250093
2015-01-16 00:00:00+00:00,65.51726497608075
2015-01-20 00:00:00+00:00,67.98952550022528
2015-01-21 00:00:00+00:00,75.4529486426698
2015-01-22 00:00:00+00:00,78.8069074154522
2015-01-23 00:00:00+00:00,79.50296417175178
2015-01-26 00:00:00+00:00,58.47264496383994
2015-01-27 00:00:00+00:00,54.92986304746441
2015-01-28 00:00:00+00:00,49.93611029513329
2015-01-29 00:00:00+00:00,48.27152604433577
2015-01-30 00:00:00+00:00,41.81798436306121
2015-02-02 00:00:00+00:00,38.6474393173539
2015-02-03 00:00:00+00:00,30.158732587484263
2015-02-04 00:00:00+00:00,33.8001295016194
2015-02-05 00:00:00+00:00,34.73283564191108
2015-02-06 00:00:00+00:00,34.42556992441588
2015-02-09 00:00:00+00:00,37.39033823491435
2015-02-10 00:00:00+00:00,46.47639992011464
2015-02-11 00:00:00+00:00,46.96860108984289
2015-02-12 00:00:00+00:00,45.08083968692519
2015-02-13 00:00:00+00:00,51.660941694814696
2015-02-17 00:00:00+00:00,51.9971657966847
2015-02-18 00:00:00+00:00,57.20906682115963
2015-02-19 00:00:00+00:00,57.13164615103287
2015-02-20 00:00:00+00:00,47.86286144022377
2015-02-23 00:00:00+00:00,39.194884206844335
2015-02-24 00:00:00+00:00,33.60734621011943
2015-02-25 00:00:00+00:00,32.38016893716664
2015-02-26 00:00:00+00:00,27.295171924550644
2015-02-27 00:00:00+00:00,31.768005148175742
2015-03-02 00:00:00+00:00,30.224064241928723
2015-03-03 00:00:00+00:00,28.081447525260174
2015-03-04 00:00:00+00:00,25.17681224660586
2015-03-05 00:00:00+00:00,23.030422173549102
2015-03-06 00:00:00+00:00,26.052376625475674
2015-03-09 00:00:00+00:00,27.059694776102774
2015-03-10 00:00:00+00:00,24.86772540678806
2015-03-11 00:00:00+00:00,21.161167659649326
2015-03-12 00:00:00+00:00,24.949561384249876
2015-03-13 00:00:00+00:00,29.070872587020734
2015-03-16 00:00:00+00:00,23.63785167682053
2015-03-17 00:00:00+00:00,28.582909103698334
2015-03-18 00:00:00+00:00,29.085487933382986
2015-03-19 00:00:00+00:00,27.953843282561103
2015-03-20 00:00:00+00:00,26.026309178590118
2015-03-23 00:00:00+00:00,27.895166241128564
2015-03-24 00:00:00+00:00,31.095880290154646
2015-03-25 00:00:00+00:00,27.131240002379585
2015-03-26 00:00:00+00:00,28.797026130984683
2015-03-27 00:00:00+00:00,26.39699574254928
2015-03-30 00:00:00+00:00,22.803386295708208
2015-03-31 00:00:00+00:00,20.030591347685203
2015-04-01 00:00:00+00:00,18.457427489542418
2015-04-02 00:00:00+00:00,33.27070608718308
2015-04-06 00:00:00+00:00,48.329509511221445
2015-04-07 00:00:00+00:00,48.79669575753793
2015-04-08 00:00:00+00:00,53.65616307051258
2015-04-09 00:00:00+00:00,58.81638190073616
2015-04-10 00:00:00+00:00,56.233527608256175
2015-04-13 00:00:00+00:00,55.99623063772869
2015-04-14 00:00:00+00:00,59.582943445173754
2015-04-15 00:00:00+00:00,63.988684216718916
2015-04-16 00:00:00+00:00,59.68824356634225
2015-04-17 00:00:00+00:00,65.4080351121995
2015-04-20 00:00:00+00:00,60.77161806340762
2015-04-21 00:00:00+00:00,49.44354849828544
2015-04-22 00:00:00+00:00,41.57394088892008
2015-04-23 00:00:00+00:00,43.27453181291287
2015-04-24 00:00:00+00:00,51.26851859042686
2015-04-27 00:00:00+00:00,56.21525944572795
2015-04-28 00:00:00+00:00,60.4552086308407
2015-04-29 00:00:00+00:00,58.40497419544455
2015-04-30 00:00:00+00:00,56.19686291921978
2015-05-01 00:00:00+00:00,56.03409582584744
2015-05-04 00:00:00+00:00,49.84192678063922
2015-05-05 00:00:00+00:00,40.98745220606473
2015-05-06 00:00:00+00:00,43.533677693453434
2015-05-07 00:00:00+00:00,46.92661602312069
2015-05-08 00:00:00+00:00,49.973972619756964
2015-05-11 00:00:00+00:00,58.9544740730805
2015-05-12 00:00:00+00:00,62.81111630035314
2015-05-13 00:00:00+00:00,65.58228894807924
2015-05-14 00:00:00+00:00,52.697139265784415
2015-05-15 00:00:00+00:00,46.427453499096686
2015-05-18 00:00:00+00:00,45.45624272875679
2015-05-19 00:00:00+00:00,43.05641871299477
2015-05-20 00:00:00+00:00,44.3660922148175
2015-05-21 00:00:00+00:00,39.595205351660084
2015-05-22 00:00:00+00:00,36.30776953305245
2015-05-26 00:00:00+00:00,32.36082078101814
2015-05-27 00:00:00+00:00,27.952490999479714
2015-05-28 00:00:00+00:00,24.124315445953755
2015-05-29 00:00:00+00:00,25.42792534751093
2015-06-01 00:00:00+00:00,27.412973372293838
2015-06-02 00:00:00+00:00,37.39678113842698
2015-06-03 00:00:00+00:00,42.82577002667149
2015-06-04 00:00:00+00:00,38.736683764943
2015-06-05 00:00:00+00:00,39.67107235681917
2015-06-08 00:00:00+00:00,38.41534348388174
2015-06-09 00:00:00+00:00,41.94401246868194
2015-06-10 00:00:00+00:00,40.73902429926089
2015-06-11 00:00:00+00:00,38.76901422657951
2015-06-12 00:00:00+00:00,30.74882250142859
2015-06-15 00:00:00+00:00,31.365775562648693
2015-06-16 00:00:00+00:00,35.93200888478588
2015-06-17 00:00:00+00:00,34.1466328584028
2015-06-18 00:00:00+00:00,37.18890701121585
2015-06-19 00:00:00+00:00,36.224283046643194
2015-06-22 00:00:00+00:00,32.73457949088886
2015-06-23 00:00:00+00:00,45.25413297007971
2015-06-24 00:00:00+00:00,44.995727678608176
2015-06-25 00:00:00+00:00,51.460289403984405
2015-06-26 00:00:00+00:00,49.644420718961385
2015-06-29 00:00:00+00:00,51.16643313832662
2015-06-30 00:00:00+00:00,54.76384088017157
2015-07-01 00:00:00+00:00,63.74225128682655
2015-07-02 00:00:00+00:00,65.71122938608409
2015-07-06 00:00:00+00:00,61.60210634526808
2015-07-07 00:00:00+00:00,63.90160872358898
2015-07-08 00:00:00+00:00,59.69327393581344
2015-07-09 00:00:00+00:00,57.630915722951244
2015-07-10 00:00:00+00:00,46.11454798782057
2015-07-13 00:00:00+00:00,53.79744596961697
2015-07-14 00:00:00+00:00,58.86491113482346
2015-07-15 00:00:00+00:00,61.8747914452118
2015-07-16 00:00:00+00:00,57.95202357508887
2015-07-17 00:00:00+00:00,52.04198838937585
2015-07-20 00:00:00+00:00,43.9546038315023
2015-07-21 00:00:00+00:00,34.23927937674462
2015-07-22 00:00:00+00:00,30.776292913327715
2015-07-23 00:00:00+00:00,29.1275566953027
2015-07-24 00:00:00+00:00,32.718373149056085
2015-07-27 00:00:00+00:00,29.99121449211786
2015-07-28 00:00:00+00:00,29.082161606458
2015-07-29 00:00:00+00:00,27.737144270712847
2015-07-30 00:00:00+00:00,37.27633273944205
2015-07-31 00:00:00+00:00,36.719601053857616
2015-08-03 00:00:00+00:00,34.24078014275468
2015-08-04 00:00:00+00:00,29.63439609801472
2015-08-05 00:00:00+00:00,32.2718135292729
2015-08-06 00:00:00+00:00,29.339958442606598
2015-08-07 00:00:00+00:00,27.533946891103817
2015-08-10 00:00:00+00:00,26.34851515737977
2015-08-11 00:00:00+00:00,24.615482954111936
2015-08-12 00:00:00+00:00,26.434095277121486
2015-08-13 00:00:00+00:00,25.59369727322696
2015-08-14 00:00:00+00:00,24.41330658498915
2015-08-17 00:00:00+00:00,33.615429815697816
2015-08-18 00:00:00+00:00,35.312856687173394
2015-08-19 00:00:00+00:00,40.536827775724944
2015-08-20 00:00:00+00:00,37.99130581165764
2015-08-21 00:00:00+00:00,38.62826539097088
2015-08-24 00:00:00+00:00,33.790800488340835
2015-08-25 00:00:00+00:00,30.962083631522397
2015-08-26 00:00:00+00:00,40.268474372594014
2015-08-27 00:00:00+00:00,41.07210316482437
2015-08-28 00:00:00+00:00,56.91118144161255
2015-08-31 00:00:00+00:00,59.08406262404874
2015-09-01 00:00:00+00:00,51.64291652890487
2015-09-02 00:00:00+00:00,49.73001891367258
2015-09-03 00:00:00+00:00,49.71864050410592
2015-09-04 00:00:00+00:00,62.78773185951289
2015-09-08 00:00:00+00:00,64.89562414578872
2015-09-09 00:00:00+00:00,59.5710301755048
2015-09-10 00:00:00+00:00,64.11545804838778
2015-09-11 00:00:00+00:00,62.74131653797434
2015-09-14 00:00:00+00:00,67.2806402442602
2015-09-15 00:00:00+00:00,64.2190488720908
2015-09-16 00:00:00+00:00,60.44716942266321
2015-09-17 00:00:00+00:00,60.57205830150292
2015-09-18 00:00:00+00:00,59.646793536681905
2015-09-21 00:00:00+00:00,64.55022011801128
2015-09-22 00:00:00+00:00,65.08427895311958
2015-09-23 00:00:00+00:00,61.5243161298591
2015-09-24 00:00:00+00:00,59.571594073295735
2015-09-25 00:00:00+00:00,65.93539289669478
2015-09-28 00:00:00+00:00,75.05789236913688
2015-09-29 00:00:00+00:00,76.99688917281395
2015-09-30 00:00:00+00:00,78.51720886293177
2015-10-01 00:00:00+00:00,82.65842137943389
2015-10-02 00:00:00+00:00,86.21598159214733
2015-10-05 00:00:00+00:00,88.5860361172685
2015-10-06 00:00:00+00:00,89.81556791391927
2015-10-07 00:00:00+00:00,89.82440037861139
2015-10-08 00:00:00+00:00,91.25235100492654
2015-10-09 00:00:00+00:00,91.836367162878
2015-10-12 00:00:00+00:00,93.09258160735114
2015-10-13 00:00:00+00:00,89.420784545773
2015-10-14 00:00:00+00:00,74.48958896394703
2015-10-15 00:00:00+00:00,72.70895270511664
2015-10-16 00:00:00+00:00,72.58372934761923
2015-10-19 00:00:00+00:00,74.20296634207305
2015-10-20 00:00:00+00:00,74.37529412208495
2015-10-21 00:00:00+00:00,67.2949883456686
2015-10-22 00:00:00+00:00,67.10351172630519
2015-10-23 00:00:00+00:00,72.84985724336322
2015-10-26 00:00:00+00:00,65.32498907233233
2015-10-27 00:00:00+00:00,67.7835858179285
2015-10-28 00:00:00+00:00,63.11740215907996
2015-10-29 00:00:00+00:00,64.82202014784508
2015-10-30 00:00:00+00:00,63.0776573980413
2015-11-02 00:00:00+00:00,61.41267785669285
2015-11-03 00:00:00+00:00,68.89320698827588
2015-11-04 00:00:00+00:00,74.73855066673147
2015-11-05 00:00:00+00:00,60.14156573783888
2015-11-06 00:00:00+00:00,56.81738906019359
2015-11-09 00:00:00+00:00,51.191055153770286
2015-11-10 00:00:00+00:00,43.49944218669249
2015-11-11 00:00:00+00:00,50.589473193453166
2015-11-12 00:00:00+00:00,52.67996972102739
2015-11-13 00:00:00+00:00,56.705834257632205
2015-11-16 00:00:00+00:00,58.87092304370242
2015-11-17 00:00:00+00:00,61.30100226465627
2015-11-18 00:00:00+00:00,54.90777778401889
2015-11-19 00:00:00+00:00,48.19997459431975
2015-11-20 00:00:00+00:00,52.958872960695075
2015-11-23 00:00:00+00:00,58.61942055040711
2015-11-24 00:00:00+00:00,61.71025015767833
2015-11-25 00:00:00+00:00,55.72511091803473
2015-11-27 00:00:00+00:00,52.3216638511373
2015-11-30 00:00:00+00:00,52.162264895619856
2015-12-01 00:00:00+00:00,51.34284527224893
2015-12-02 00:00:00+00:00,59.02937564120232
2015-12-03 00:00:00+00:00,59.424187136068966
2015-12-04 00:00:00+00:00,62.89944809939675
2015-12-07 00:00:00+00:00,61.65141156354045
2015-12-08 00:00:00+00:00,57.04305722614192
2015-12-09 00:00:00+00:00,49.519547521337245
2015-12-10 00:00:00+00:00,48.93756924612948
2015-12-11 00:00:00+00:00,40.06819254961718
2015-12-14 00:00:00+00:00,37.82837433310145
2015-12-15 00:00:00+00:00,36.038361732751135
2015-12-16 00:00:00+00:00,37.72250587703202
2015-12-17 00:00:00+00:00,38.28388725843962
2015-12-18 00:00:00+00:00,42.01532490510928
2015-12-21 00:00:00+00:00,53.155122470134046
2015-12-22 00:00:00+00:00,53.36612978587698
2015-12-23 00:00:00+00:00,55.054978317912244
2015-12-24 00:00:00+00:00,58.136927088955375
2015-12-28 00:00:00+00:00,56.21324694719202
2015-12-29 00:00:00+00:00,47.4569914004646
2015-12-30 00:00:00+00:00,45.164696973777374
2015-12-31 00:00:00+00:00,54.05669489260103
2016-01-04 00:00:00+00:00,58.8769830899097
2016-01-05 00:00:00+00:00,52.84215310090967
2016-01-06 00:00:00+00:00,42.84188241310203
2016-01-07 00:00:00+00:00,37.15113511481079
2016-01-08 00:00:00+00:00,43.58613144684682
2016-01-11 00:00:00+00:00,40.725751913329745
2016-01-12 00:00:00+00:00,35.47955952672343
2016-01-13 00:00:00+00:00,32.48296429834476
2016-01-14 00:00:00+00:00,41.363970182606984
2016-01-15 00:00:00+00:00,51.30705263710807
2016-01-19 00:00:00+00:00,55.23625892455475
2016-01-20 00:00:00+00:00,53.00199667404034
2016-01-21 00:00:00+00:00,43.173802473620825
2016-01-22 00:00:00+00:00,45.02082467365395
2016-01-25 00:00:00+00:00,45.15992078143754
2016-01-26 00:00:00+00:00,40.39883156209264
2016-01-27 00:00:00+00:00,37.70753975626854
2016-01-28 00:00:00+00:00,31.59897892253057
2016-01-29 00:00:00+00:00,26.60177648216606
2016-02-01 00:00:00+00:00,24.036853026951576
2016-02-02 00:00:00+00:00,20.865358311304966
2016-02-03 00:00:00+00:00,24.254990451969036
2016-02-04 00:00:00+00:00,24.420673834491236
2016-02-05 00:00:00+00:00,24.475901628654903
2016-02-08 00:00:00+00:00,35.400215366918914
2016-02-09 00:00:00+00:00,43.18078230887744
2016-02-10 00:00:00+00:00,44.56749576951782
2016-02-11 00:00:00+00:00,44.810312581698376
2016-02-12 00:00:00+00:00,38.754924812088404
2016-02-16 00:00:00+00:00,38.29560259769317
2016-02-17 00:00:00+00:00,40.71836473466405
2016-02-18 00:00:00+00:00,40.333462516631876
2016-02-19 00:00:00+00:00,34.14862920459367
2016-02-22 00:00:00+00:00,29.3055560165158
2016-02-23 00:00:00+00:00,31.16637538796472
2016-02-24 00:00:00+00:00,54.77829498135834
2016-02-25 00:00:00+00:00,62.20146044947844
2016-02-26 00:00:00+00:00,68.21275466025749
2016-02-29 00:00:00+00:00,65.46625431418286
2016-03-01 00:00:00+00:00,68.63665415107856
2016-03-02 00:00:00+00:00,70.01100542807258
2016-03-03 00:00:00+00:00,73.31635366631308
2016-03-04 00:00:00+00:00,75.95080431855243
2016-03-07 00:00:00+00:00,76.5128433350042
2016-03-08 00:00:00+00:00,71.24651144359908
2016-03-09 00:00:00+00:00,72.11255789295294
2016-03-10 00:00:00+00:00,65.56361348071061
2016-03-11 00:00:00+00:00,66.34113971249637
2016-03-14 00:00:00+00:00,70.59372507989099
2016-03-15 00:00:00+00:00,74.9469234868981
2016-03-16 00:00:00+00:00,73.32288308405245
2016-03-17 00:00:00+00:00,74.48576352312085
2016-03-18 00:00:00+00:00,79.34863748339414
2016-03-21 00:00:00+00:00,80.3319157819591
2016-03-22 00:00:00+00:00,82.91215786227724
2016-03-23 00:00:00+00:00,85.39753476280873
2016-03-24 00:00:00+00:00,86.87856547939907
2016-03-28 00:00:00+00:00,66.86368477246658
2016-03-29 00:00:00+00:00,61.12269571004355
2016-03-30 00:00:00+00:00,57.634387963977986
2016-03-31 00:00:00+00:00,56.64097393122407
2016-04-01 00:00:00+00:00,46.76585958430687
2016-04-04 00:00:00+00:00,41.0486015744024
2016-04-05 00:00:00+00:00,33.032763755619186
2016-04-06 00:00:00+00:00,30.360817816014958
2016-04-07 00:00:00+00:00,29.24810673230806
2016-04-08 00:00:00+00:00,26.75796181573697
2016-04-11 00:00:00+00:00,33.26152270206263
2016-04-12 00:00:00+00:00,29.111196665254447
2016-04-13 00:00:00+00:00,26.969012998357716
2016-04-14 00:00:00+00:00,25.653674532472913
2016-04-15 00:00:00+00:00,34.85428055130268
2016-04-18 00:00:00+00:00,51.517298493920585
2016-04-19 00:00:00+00:00,60.717763304240066
2016-04-20 00:00:00+00:00,61.51664801791125
2016-04-21 00:00:00+00:00,65.89833651535592
2016-04-22 00:00:00+00:00,66.9317310433063
2016-04-25 00:00:00+00:00,60.67460897876386
2016-04-26 00:00:00+00:00,63.696859959459914
2016-04-27 00:00:00+00:00,66.39402198971253
2016-04-28 00:00:00+00:00,62.84414990220563
2016-04-29 00:00:00+00:00,59.00825931431909
2016-05-02 00:00:00+00:00,65.13664815274362
2016-05-03 00:00:00+00:00,64.87612108914496
2016-05-04 00:00:00+00:00,65.2738819109575
2016-05-05 00:00:00+00:00,69.79618017488102
2016-05-06 00:00:00+00:00,56.59404059060193
2016-05-09 00:00:00+00:00,50.8130426916535
2016-05-10 00:00:00+00:00,51.04361463006259
2016-05-11 00:00:00+00:00,53.279677505268985
2016-05-12 00:00:00+00:00,62.80383626054555
2016-05-13 00:00:00+00:00,67.80757023259433
2016-05-16 00:00:00+00:00,64.81209344790979
2016-05-17 00:00:00+00:00,65.43630979201421
2016-05-18 00:00:00+00:00,64.14633287295324
2016-05-19 00:00:00+00:00,63.481430857224
2016-05-20 00:00:00+00:00,60.514536858975035
2016-05-23 00:00:00+00:00,64.99986972782469
2016-05-24 00:00:00+00:00,60.07485478831011
2016-05-25 00:00:00+00:00,54.46627345277342
2016-05-26 00:00:00+00:00,60.80357281488797
2016-05-27 00:00:00+00:00,65.82097510247885
2016-05-31 00:00:00+00:00,68.55925142672191
2016-06-01 00:00:00+00:00,68.67888569094967
2016-06-02 00:00:00+00:00,66.45986647355672
2016-06-03 00:00:00+00:00,73.12511057944747
2016-06-06 00:00:00+00:00,79.55506903412221
2016-06-07 00:00:00+00:00,81.85386090739698
2016-06-08 00:00:00+00:00,83.77454192447817
2016-06-09 00:00:00+00:00,86.89841066473448
2016-06-10 00:00:00+00:00,88.3713289709368
2016-06-13 00:00:00+00:00,87.71293994119145
2016-06-14 00:00:00+00:00,85.62329382599435
2016-06-15 00:00:00+00:00,78.24081237388502
2016-06-16 00:00:00+00:00,79.33293803381136
2016-06-17 00:00:00+00:00,77.15678865723773
2016-06-20 00:00:00+00:00,77.67857969826676
2016-06-21 00:00:00+00:00,73.59116030454379
2016-06-22 00:00:00+00:00,61.76017939542629
2016-06-23 00:00:00+00:00,54.385132338017215
2016-06-24 00:00:00+00:00,52.32911104577168
2016-06-27 00:00:00+00:00,50.94085536037136
2016-06-28 00:00:00+00:00,59.53852414857613
2016-06-29 00:00:00+00:00,66.34036074726004
2016-06-30 00:00:00+00:00,76.6680060113411
2016-07-01 00:00:00+00:00,67.8394653080257
2016-07-05 00:00:00+00:00,68.44156046415992
2016-07-06 00:00:00+00:00,69.3124589273189
2016-07-07 00:00:00+00:00,64.52749256962215
2016-07-08 00:00:00+00:00,52.20958211050362
2016-07-11 00:00:00+00:00,46.465902870005834
2016-07-12 00:00:00+00:00,52.55834355362622
2016-07-13 00:00:00+00:00,48.61984998389939
2016-07-14 00:00:00+00:00,45.03340757037385
2016-07-15 00:00:00+00:00,48.764755355747845
2016-07-18 00:00:00+00:00,44.20519094928137
2016-07-19 00:00:00+00:00,43.43143118981227
2016-07-20 00:00:00+00:00,43.06856290885303
2016-07-21 00:00:00+00:00,42.022520478970804
2016-07-22 00:00:00+00:00,46.14292662792275
2016-07-25 00:00:00+00:00,47.99421767651068
2016-07-26 00:00:00+00:00,53.26123233900324
2016-07-27 00:00:00+00:00,49.00253452864763
2016-07-28 00:00:00+00:00,42.17271267510276
2016-07-29 00:00:00+00:00,36.69644856297392
2016-08-01 00:00:00+00:00,39.5157112460533
2016-08-02 00:00:00+00:00,37.625184131918154
2016-08-03 00:00:00+00:00,41.46918659127769
2016-08-04 00:00:00+00:00,42.60525351850704
2016-08-05 00:00:00+00:00,53.391716246012976
2016-08-08 00:00:00+00:00,63.476717873067386
2016-08-09 00:00:00+00:00,68.4477726238668
2016-08-10 00:00:00+00:00,67.00652801165371
2016-08-11 00:00:00+00:00,55.04534501501201
2016-08-12 00:00:00+00:00,50.548382077674745
2016-08-15 00:00:00+00:00,50.6591521692672
2016-08-16 00:00:00+00:00,54.50219454995208
2016-08-17 00:00:00+00:00,59.29014969581617
2016-08-18 00:00:00+00:00,52.24399316198851
2016-08-19 00:00:00+00:00,53.438798513531395
2016-08-22 00:00:00+00:00,50.69124723802342
2016-08-23 00:00:00+00:00,57.74955518933277
2016-08-24 00:00:00+00:00,63.044464259921
2016-08-25 00:00:00+00:00,57.080797923021294
2016-08-26 00:00:00+00:00,58.625372636558794
2016-08-29 00:00:00+00:00,59.77430653767088
2016-08-30 00:00:00+00:00,60.84651545988754
2016-08-31 00:00:00+00:00,58.36677800358942
2016-09-01 00:00:00+00:00,50.095148274807
2016-09-02 00:00:00+00:00,41.64366215913162
2016-09-06 00:00:00+00:00,47.60888729557141
2016-09-07 00:00:00+00:00,50.12590884676289
2016-09-08 00:00:00+00:00,51.972825392409675
2016-09-09 00:00:00+00:00,51.37815645097807
2016-09-12 00:00:00+00:00,47.292144161960216
2016-09-13 00:00:00+00:00,50.463726897575825
2016-09-14 00:00:00+00:00,54.63375615744692
2016-09-15 00:00:00+00:00,50.3724874093142
2016-09-16 00:00:00+00:00,61.70718458008334
2016-09-19 00:00:00+00:00,73.08741524607048
2016-09-20 00:00:00+00:00,77.99374819288481
2016-09-21 00:00:00+00:00,78.78183649390873
2016-09-22 00:00:00+00:00,79.33896562184468
2016-09-23 00:00:00+00:00,77.66257884167813
2016-09-26 00:00:00+00:00,77.307548304947
2016-09-27 00:00:00+00:00,79.84585931542735
2016-09-28 00:00:00+00:00,82.3505204451202
2016-09-29 00:00:00+00:00,84.69291009684088
2016-09-30 00:00:00+00:00,75.96008537064517
2016-10-03 00:00:00+00:00,66.65815830357721
2016-10-04 00:00:00+00:00,58.34510353816734
2016-10-05 00:00:00+00:00,61.830754508338
2016-10-06 00:00:00+00:00,67.34325145354873
2016-10-07 00:00:00+00:00,59.520165449117755
2016-10-10 00:00:00+00:00,59.715500919520565
2016-10-11 00:00:00+00:00,56.11401346800112
2016-10-12 00:00:00+00:00,56.58266062571066
2016-10-13 00:00:00+00:00,54.770941195329016
2016-10-14 00:00:00+00:00,50.97543516477103
2016-10-17 00:00:00+00:00,49.56640800154208
2016-10-18 00:00:00+00:00,52.90155531337598
2016-10-19 00:00:00+00:00,51.588033299745796
2016-10-20 00:00:00+00:00,49.90419574726046
2016-10-21 00:00:00+00:00,43.943636906019634
2016-10-24 00:00:00+00:00,43.88271598023918
2016-10-25 00:00:00+00:00,52.59936883312954
2016-10-26 00:00:00+00:00,50.63881374368029
2016-10-27 00:00:00+00:00,45.89338370036708
2016-10-28 00:00:00+00:00,43.103039585203625
2016-10-31 00:00:00+00:00,36.50784663899898
2016-11-01 00:00:00+00:00,28.948642896838834
2016-11-02 00:00:00+00:00,23.89074656316543
2016-11-03 00:00:00+00:00,32.077744702563685
2016-11-04 00:00:00+00:00,32.75811167543457
2016-11-07 00:00:00+00:00,37.416844369225316
2016-11-08 00:00:00+00:00,46.882257070586036
2016-11-09 00:00:00+00:00,46.21226266764001
2016-11-10 00:00:00+00:00,48.008392534915906
2016-11-11 00:00:00+00:00,42.94473946355613
2016-11-14 00:00:00+00:00,42.09577023729679
2016-11-15 00:00:00+00:00,40.90477016511463
2016-11-16 00:00:00+00:00,35.028088410370984
2016-11-17 00:00:00+00:00,27.138571142429978
2016-11-18 00:00:00+00:00,23.68672574340878
2016-11-21 00:00:00+00:00,22.10447557645891
2016-11-22 00:00:00+00:00,26.183616828623936
2016-11-23 00:00:00+00:00,23.189302734484393
2016-11-25 00:00:00+00:00,21.18311484928797
2016-11-28 00:00:00+00:00,26.293877479441356
2016-11-29 00:00:00+00:00,30.158801108080027
2016-11-30 00:00:00+00:00,28.724611661389993
2016-12-01 00:00:00+00:00,31.715595630758173
2016-12-02 00:00:00+00:00,28.31546175662597
2016-12-05 00:00:00+00:00,25.266133136810268
2016-12-06 00:00:00+00:00,22.90887411027459
2016-12-07 00:00:00+00:00,34.366833590646294
2016-12-08 00:00:00+00:00,40.32029544469067
2016-12-09 00:00:00+00:00,39.88241482269875
2016-12-12 00:00:00+00:00,37.075437835940605
2016-12-13 00:00:00+00:00,36.37337079445759
2016-12-14 00:00:00+00:00,29.221454484476666
2016-12-15 00:00:00+00:00,23.007341455728735
2016-12-16 00:00:00+00:00,31.20396450322306
2016-12-19 00:00:00+00:00,31.028292996332368
2016-12-20 00:00:00+00:00,31.160154890987663
2016-12-21 00:00:00+00:00,31.633493021553264
2016-12-22 00:00:00+00:00,31.237577365258907
2016-12-23 00:00:00+00:00,30.624036694407643
2016-12-27 00:00:00+00:00,30.286021740608184
2016-12-28 00:00:00+00:00,40.76964307344473
2016-12-29 00:00:00+00:00,52.568530318459956
2016-12-30 00:00:00+00:00,62.77547236583855
2017-01-03 00:00:00+00:00,66.3973327125409
2017-01-04 00:00:00+00:00,75.43439491213802
2017-01-05 00:00:00+00:00,80.29448696334835
2017-01-06 00:00:00+00:00,79.50238233812487
2017-01-09 00:00:00+00:00,78.52906614698126
2017-01-10 00:00:00+00:00,70.6800925899054
2017-01-11 00:00:00+00:00,68.71037095752129
2017-01-12 00:00:00+00:00,68.96963511972679
2017-01-13 00:00:00+00:00,71.28971472349495
2017-01-17 00:00:00+00:00,65.81060990770071
2017-01-18 00:00:00+00:00,66.80596078614155
2017-01-19 00:00:00+00:00,70.0782678329895
2017-01-20 00:00:00+00:00,55.374353120120404
2017-01-23 00:00:00+00:00,50.473048215815595
2017-01-24 00:00:00+00:00,55.72768914885757
2017-01-25 00:00:00+00:00,56.359582648672585
2017-01-26 00:00:00+00:00,52.177099145633164
2017-01-27 00:00:00+00:00,51.147380134771296
2017-01-30 00:00:00+00:00,50.182070150187
2017-01-31 00:00:00+00:00,49.40151820137092
2017-02-01 00:00:00+00:00,52.53128907896304
2017-02-02 00:00:00+00:00,60.94929658751899
2017-02-03 00:00:00+00:00,56.371478868907616
2017-02-06 00:00:00+00:00,63.19630715208457
2017-02-07 00:00:00+00:00,66.30623820815048
2017-02-08 00:00:00+00:00,57.39951455750075
2017-02-09 00:00:00+00:00,55.10113528892269
2017-02-10 00:00:00+00:00,52.07080059175132
2017-02-13 00:00:00+00:00,46.65365290601781
2017-02-14 00:00:00+00:00,38.56719292080834
2017-02-15 00:00:00+00:00,45.264475277925825
2017-02-16 00:00:00+00:00,47.67521908199245
2017-02-17 00:00:00+00:00,45.32697520295148
2017-02-21 00:00:00+00:00,43.83851955514837
2017-02-22 00:00:00+00:00,52.72956178892873
2017-02-23 00:00:00+00:00,54.391868625698024
2017-02-24 00:00:00+00:00,45.24706668657049
2017-02-27 00:00:00+00:00,38.15673658352037
2017-02-28 00:00:00+00:00,29.793804920654118
2017-03-01 00:00:00+00:00,28.73026877837047
2017-03-02 00:00:00+00:00,33.66275531634081
2017-03-03 00:00:00+00:00,38.85443828308752
2017-03-06 00:00:00+00:00,38.67967341280928
2017-03-07 00:00:00+00:00,34.18687586955795
2017-03-08 00:00:00+00:00,26.613067912800112
2017-03-09 00:00:00+00:00,24.088465260540886
2017-03-10 00:00:00+00:00,20.723632713516814
2017-03-13 00:00:00+00:00,24.696454120346665
2017-03-14 00:00:00+00:00,25.678545255430496
2017-03-15 00:00:00+00:00,25.816222349107015
2017-03-16 00:00:00+00:00,27.921403005375623
2017-03-17 00:00:00+00:00,29.25887383490836
2017-03-20 00:00:00+00:00,28.55092812118516
2017-03-21 00:00:00+00:00,23.057511586356327
2017-03-22 00:00:00+00:00,18.274051592549096
2017-03-23 00:00:00+00:00,17.01833135437316
2017-03-24 00:00:00+00:00,26.16359982710225
2017-03-27 00:00:00+00:00,32.30938247684817
2017-03-28 00:00:00+00:00,34.1947262305857
2017-03-29 00:00:00+00:00,32.48784390166712
2017-03-30 00:00:00+00:00,26.358203577524854
2017-03-31 00:00:00+00:00,21.59548532224084
2017-04-03 00:00:00+00:00,19.607340963371094
2017-04-04 00:00:00+00:00,17.258465483631152
2017-04-05 00:00:00+00:00,14.20761065613918
2017-04-06 00:00:00+00:00,12.87983464052435
2017-04-07 00:00:00+00:00,23.957060202856205
2017-04-10 00:00:00+00:00,35.66785634614167
2017-04-11 00:00:00+00:00,37.39582947582426
2017-04-12 00:00:00+00:00,40.218739631215186
2017-04-13 00:00:00+00:00,40.78019579839931
2017-04-17 00:00:00+00:00,38.44307378389667
2017-04-18 00:00:00+00:00,36.69601795230741
2017-04-19 00:00:00+00:00,45.368704342256734
2017-04-20 00:00:00+00:00,41.691409438328165
2017-04-21 00:00:00+00:00,38.488905996195264
2017-04-24 00:00:00+00:00,40.440435925311085
2017-04-25 00:00:00+00:00,37.3688862492107
2017-04-26 00:00:00+00:00,35.5945659668076
2017-04-27 00:00:00+00:00,25.996991541292108
2017-04-28 00:00:00+00:00,21.658174361239443
2017-05-01 00:00:00+00:00,37.14317475811637
2017-05-02 00:00:00+00:00,43.22724246930637
2017-05-03 00:00:00+00:00,40.72513686892408
2017-05-04 00:00:00+00:00,38.36544787632694
2017-05-05 00:00:00+00:00,32.76572773032388
2017-05-08 00:00:00+00:00,30.255658490894398
2017-05-09 00:00:00+00:00,31.368136717553785
2017-05-10 00:00:00+00:00,33.498734822385565
2017-05-11 00:00:00+00:00,44.15766199986338
2017-05-12 00:00:00+00:00,43.739659425895404
2017-05-15 00:00:00+00:00,41.48541486043425
2017-05-16 00:00:00+00:00,43.31456485718421
2017-05-17 00:00:00+00:00,50.12796335360959
2017-05-18 00:00:00+00:00,59.48562617119133
2017-05-19 00:00:00+00:00,56.44975036521956
2017-05-22 00:00:00+00:00,60.717193429993344
2017-05-23 00:00:00+00:00,63.858721304306926
2017-05-24 00:00:00+00:00,52.65522584137806
2017-05-25 00:00:00+00:00,46.06111429302315
2017-05-26 00:00:00+00:00,43.71533647421625
2017-05-30 00:00:00+00:00,35.406435972421505
2017-05-31 00:00:00+00:00,32.330585989252526
2017-06-01 00:00:00+00:00,29.714791732751785
2017-06-02 00:00:00+00:00,23.64998563678015
2017-06-05 00:00:00+00:00,18.96868188397974
2017-06-06 00:00:00+00:00,20.932394945827582
2017-06-07 00:00:00+00:00,23.755996942191103
2017-06-08 00:00:00+00:00,28.59087656336651
2017-06-09 00:00:00+00:00,34.81633596018166
2017-06-12 00:00:00+00:00,35.916024153879356
2017-06-13 00:00:00+00:00,32.97543030264826
2017-06-14 00:00:00+00:00,29.366961288606447
2017-06-15 00:00:00+00:00,26.407489253583897
2017-06-16 00:00:00+00:00,23.95979670760928
2017-06-19 00:00:00+00:00,28.13049929521589
2017-06-20 00:00:00+00:00,30.772912496894037
2017-06-21 00:00:00+00:00,36.33568431081375
2017-06-22 00:00:00+00:00,30.20573552209617
2017-06-23 00:00:00+00:00,26.152483853251898
2017-06-26 00:00:00+00:00,28.102784321581645
2017-06-27 00:00:00+00:00,25.29645632992045
2017-06-28 00:00:00+00:00,25.621288349002157
2017-06-29 00:00:00+00:00,24.277663842912784
2017-06-30 00:00:00+00:00,41.89080820787102
2017-07-03 00:00:00+00:00,52.53240802103602
2017-07-05 00:00:00+00:00,57.64148897100875
2017-07-06 00:00:00+00:00,55.18915574929126
2017-07-07 00:00:00+00:00,57.619343497676496
2017-07-10 00:00:00+00:00,61.780080669680785
2017-07-11 00:00:00+00:00,51.945079101340085
2017-07-12 00:00:00+00:00,46.85672721323549
2017-07-13 00:00:00+00:00,46.15393173139016
2017-07-14 00:00:00+00:00,56.19719853913789
2017-07-17 00:00:00+00:00,61.46052151272785
2017-07-18 00:00:00+00:00,58.94125082641726
2017-07-19 00:00:00+00:00,58.254230944249215
2017-07-20 00:00:00+00:00,63.591970438817555
2017-07-21 00:00:00+00:00,63.22707995840335
2017-07-24 00:00:00+00:00,62.847981035692484
2017-07-25 00:00:00+00:00,62.721614728092945
2017-07-26 00:00:00+00:00,50.74334448088989
2017-07-27 00:00:00+00:00,53.28119171286487
2017-07-28 00:00:00+00:00,57.44140035716202
2017-07-31 00:00:00+00:00,57.39379773560994
2017-08-01 00:00:00+00:00,65.08054994381499
2017-08-02 00:00:00+00:00,66.86547553781725
2017-08-03 00:00:00+00:00,64.9840557188879
2017-08-04 00:00:00+00:00,53.663419727944415
2017-08-07 00:00:00+00:00,46.94423967215077
2017-08-08 00:00:00+00:00,40.54491152745817
2017-08-09 00:00:00+00:00,37.124255565317405
2017-08-10 00:00:00+00:00,33.996198455466015
2017-08-11 00:00:00+00:00,28.290994372492584
2017-08-14 00:00:00+00:00,25.98136056707179
2017-08-15 00:00:00+00:00,33.77742927184817
2017-08-16 00:00:00+00:00,31.49973638740284
2017-08-17 00:00:00+00:00,28.670193046139637
2017-08-18 00:00:00+00:00,36.31975089357745
2017-08-21 00:00:00+00:00,41.46013515549857
2017-08-22 00:00:00+00:00,45.549700593945936
2017-08-23 00:00:00+00:00,46.70434172141358
2017-08-24 00:00:00+00:00,50.860007718445786
2017-08-25 00:00:00+00:00,58.880906567091344
2017-08-28 00:00:00+00:00,61.72421669135093
2017-08-29 00:00:00+00:00,67.09390535188939
2017-08-30 00:00:00+00:00,56.57108545322426
2017-08-31 00:00:00+00:00,54.77203358929136
2017-09-01 00:00:00+00:00,61.75907181404554
2017-09-05 00:00:00+00:00,52.24654234804916
2017-09-06 00:00:00+00:00,53.21254969773363
2017-09-07 00:00:00+00:00,56.974482831553274
2017-09-08 00:00:00+00:00,53.79599283634131
2017-09-11 00:00:00+00:00,53.65831427005723
2017-09-12 00:00:00+00:00,56.6839795558588
2017-09-13 00:00:00+00:00,52.539349361242046
2017-09-14 00:00:00+00:00,56.05883866554156
2017-09-15 00:00:00+00:00,56.00678331538403
2017-09-18 00:00:00+00:00,66.34014244634064
2017-09-19 00:00:00+00:00,64.98426893942806
2017-09-20 00:00:00+00:00,55.87110729224145
2017-09-21 00:00:00+00:00,56.78269282105685
2017-09-22 00:00:00+00:00,57.44244635337948
2017-09-25 00:00:00+00:00,56.081495737325056
2017-09-26 00:00:00+00:00,50.77821851349285
2017-09-27 00:00:00+00:00,43.060193782039036
2017-09-28 00:00:00+00:00,39.51777282192738
2017-09-29 00:00:00+00:00,40.81908439221961
2017-10-02 00:00:00+00:00,44.324255544634546
2017-10-03 00:00:00+00:00,49.51366078698618
2017-10-04 00:00:00+00:00,46.339828298650716
2017-10-05 00:00:00+00:00,49.3880125275456
2017-10-06 00:00:00+00:00,52.96615160626072
2017-10-09 00:00:00+00:00,46.57971846204244
2017-10-10 00:00:00+00:00,44.88277906691518
2017-10-11 00:00:00+00:00,48.04956559457972
2017-10-12 00:00:00+00:00,51.80478136415424
2017-10-13 00:00:00+00:00,52.557669382674185
2017-10-16 00:00:00+00:00,55.75277958360607
2017-10-17 00:00:00+00:00,50.720767257353174
2017-10-18 00:00:00+00:00,45.62950572862317
2017-10-19 00:00:00+00:00,45.40826326706438
2017-10-20 00:00:00+00:00,46.88659886275214
2017-10-23 00:00:00+00:00,43.81487395675432
2017-10-24 00:00:00+00:00,39.80626228302621
2017-10-25 00:00:00+00:00,50.389107336111465
2017-10-26 00:00:00+00:00,51.099495633249845
2017-10-27 00:00:00+00:00,49.37277562058169
2017-10-30 00:00:00+00:00,60.02328603432275
2017-10-31 00:00:00+00:00,65.12250916776951
2017-11-01 00:00:00+00:00,66.98615754468915
2017-11-02 00:00:00+00:00,63.01064158362524
2017-11-03 00:00:00+00:00,51.382530970419594
2017-11-06 00:00:00+00:00,51.227287341173806
2017-11-07 00:00:00+00:00,55.19052973721254
2017-11-08 00:00:00+00:00,59.68948671705128
2017-11-09 00:00:00+00:00,63.399031713172405
2017-11-10 00:00:00+00:00,65.37941033214418
2017-11-13 00:00:00+00:00,67.57266387477364
2017-11-14 00:00:00+00:00,71.27844777280711
2017-11-15 00:00:00+00:00,71.15244539939516
2017-11-16 00:00:00+00:00,70.61165254187974
2017-11-17 00:00:00+00:00,73.78806234134393
2017-11-20 00:00:00+00:00,76.67785128324684
2017-11-21 00:00:00+00:00,61.42965634950835
2017-11-22 00:00:00+00:00,53.34852868962207
2017-11-24 00:00:00+00:00,59.99824871807325
2017-11-27 00:00:00+00:00,65.10960799157161
2017-11-28 00:00:00+00:00,64.75738627911727
2017-11-29 00:00:00+00:00,54.60661189934373
2017-11-30 00:00:00+00:00,51.97396038825441
2017-12-01 00:00:00+00:00,51.3737394298506
2017-12-04 00:00:00+00:00,48.18129817162823
2017-12-05 00:00:00+00:00,49.76563826807549
2017-12-06 00:00:00+00:00,45.39641837876535
2017-12-07 00:00:00+00:00,34.76897175627316
2017-12-08 00:00:00+00:00,29.229773469873138
2017-12-11 00:00:00+00:00,24.252136634943845
2017-12-12 00:00:00+00:00,21.542806074879028
2017-12-13 00:00:00+00:00,18.895501003219827
2017-12-14 00:00:00+00:00,21.40695193969775
2017-12-15 00:00:00+00:00,21.247999383926988
2017-12-18 00:00:00+00:00,19.870171358393247
2017-12-19 00:00:00+00:00,24.199034184453687
2017-12-20 00:00:00+00:00,45.16301032353844
2017-12-21 00:00:00+00:00,55.12607680257709
2017-12-22 00:00:00+00:00,61.789231048563835
2017-12-26 00:00:00+00:00,59.28702795138008
2017-12-27 00:00:00+00:00,60.35967527423669
2017-12-28 00:00:00+00:00,64.6779951726952
2017-12-29 00:00:00+00:00,67.22714029336875
2018-01-02 00:00:00+00:00,70.51101405557061
2018-01-03 00:00:00+00:00,73.89633947324779
2018-01-04 00:00:00+00:00,74.20239685168488
2018-01-05 00:00:00+00:00,71.67779334113403
2018-01-08 00:00:00+00:00,63.961285536707464
2018-01-09 00:00:00+00:00,52.25279298338878
2018-01-10 00:00:00+00:00,47.06243580273362
2018-01-11 00:00:00+00:00,43.235567899803705
2018-01-12 00:00:00+00:00,33.08986253860347
2018-01-16 00:00:00+00:00,29.707960751522094
2018-01-17 00:00:00+00:00,22.127060373616317
2018-01-18 00:00:00+00:00,18.351303877504378
2018-01-19 00:00:00+00:00,15.015061145363902
2018-01-22 00:00:00+00:00,19.541864149368056
2018-01-23 00:00:00+00:00,20.325723660781147
2018-01-24 00:00:00+00:00,21.329660633962014
2018-01-25 00:00:00+00:00,21.32197983215378
2018-01-26 00:00:00+00:00,24.827939473205724
2018-01-29 00:00:00+00:00,31.031573695465696
2018-01-30 00:00:00+00:00,43.328780218506786
2018-01-31 00:00:00+00:00,48.81463081415841
2018-02-01 00:00:00+00:00,39.79545969772645
2018-02-02 00:00:00+00:00,40.81971999853408
2018-02-05 00:00:00+00:00,47.633358488755896
2018-02-06 00:00:00+00:00,55.262530089916986
2018-02-07 00:00:00+00:00,56.22935643419741
2018-02-08 00:00:00+00:00,59.688814740919995
2018-02-09 00:00:00+00:00,50.772320129539835
2018-02-12 00:00:00+00:00,49.83326824397355
2018-02-13 00:00:00+00:00,50.92068359086248
2018-02-14 00:00:00+00:00,44.88670146089744
2018-02-15 00:00:00+00:00,40.441756763598896
2018-02-16 00:00:00+00:00,44.4346054837584
2018-02-20 00:00:00+00:00,41.162295337105036
2018-02-21 00:00:00+00:00,40.367252684936915
2018-02-22 00:00:00+00:00,39.66284266572127
2018-02-23 00:00:00+00:00,48.57470812619411
2018-02-26 00:00:00+00:00,48.33099420256154
2018-02-27 00:00:00+00:00,47.436011686975135
2018-02-28 00:00:00+00:00,36.15146680720776
2018-03-01 00:00:00+00:00,44.77841629030051
2018-03-02 00:00:00+00:00,53.2574003404989
2018-03-05 00:00:00+00:00,50.63180335888937
2018-03-06 00:00:00+00:00,52.21506609439436
2018-03-07 00:00:00+00:00,50.57552437442464
2018-03-08 00:00:00+00:00,40.20890426001541
2018-03-09 00:00:00+00:00,38.86564394141465
2018-03-12 00:00:00+00:00,37.727602702042276
2018-03-13 00:00:00+00:00,39.56123077586126
2018-03-14 00:00:00+00:00,35.52710840082917
2018-03-15 00:00:00+00:00,37.79936618736801
2018-03-16 00:00:00+00:00,38.21552937204394
2018-03-19 00:00:00+00:00,36.73197921245179
2018-03-20 00:00:00+00:00,43.141271101116644
2018-03-21 00:00:00+00:00,39.01486692928877
2018-03-22 00:00:00+00:00,40.652404782232175
2018-03-23 00:00:00+00:00,43.902823562354094
2018-03-26 00:00:00+00:00,40.8352340692943
2018-03-27 00:00:00+00:00,37.06353855226436
2018-03-28 00:00:00+00:00,39.58912164356021
2018-03-29 00:00:00+00:00,34.55500739377497
2018-04-02 00:00:00+00:00,37.16770626262295
2018-04-03 00:00:00+00:00,42.803044720204184
2018-04-04 00:00:00+00:00,43.53862699360527
2018-04-05 00:00:00+00:00,39.492748592935584
2018-04-06 00:00:00+00:00,40.76235636228501
2018-04-09 00:00:00+00:00,40.940137859873495
2018-04-10 00:00:00+00:00,41.782580098020986
2018-04-11 00:00:00+00:00,36.22534563290945
2018-04-12 00:00:00+00:00,32.871980041839365
2018-04-13 00:00:00+00:00,31.5281178696154
2018-04-16 00:00:00+00:00,38.32091423693967
2018-04-17 00:00:00+00:00,39.62124195141208
2018-04-18 00:00:00+00:00,31.569082154151687
2018-04-19 00:00:00+00:00,32.990455951955994
2018-04-20 00:00:00+00:00,35.29335175403614
2018-04-23 00:00:00+00:00,33.96137443316123
2018-04-24 00:00:00+00:00,25.367172888831494
2018-04-25 00:00:00+00:00,22.256012098854086
2018-04-26 00:00:00+00:00,18.36567975728128
2018-04-27 00:00:00+00:00,27.718558279935188
2018-04-30 00:00:00+00:00,35.579346496076525
2018-05-01 00:00:00+00:00,44.85321367788793
2018-05-02 00:00:00+00:00,46.39764122496702
2018-05-03 00:00:00+00:00,48.703626357032114
2018-05-04 00:00:00+00:00,47.64656239790817
2018-05-07 00:00:00+00:00,42.31596190659896
2018-05-08 00:00:00+00:00,36.29648102986933
2018-05-09 00:00:00+00:00,42.656419441099196
2018-05-10 00:00:00+00:00,38.825118836718126
2018-05-11 00:00:00+00:00,37.148907347191006
2018-05-14 00:00:00+00:00,35.518033522396045
2018-05-15 00:00:00+00:00,36.668562187304275
2018-05-16 00:00:00+00:00,46.434834998433374
2018-05-17 00:00:00+00:00,52.33502652461243
2018-05-18 00:00:00+00:00,52.48858936492392
2018-05-21 00:00:00+00:00,55.73622994656233
2018-05-22 00:00:00+00:00,66.3984398501641
2018-05-23 00:00:00+00:00,70.74277454085428
2018-05-24 00:00:00+00:00,75.09531572935387
2018-05-25 00:00:00+00:00,76.95276539580696
2018-05-29 00:00:00+00:00,78.68666708202505
2018-05-30 00:00:00+00:00,79.26463431070712
2018-05-31 00:00:00+00:00,81.46563351375968
2018-06-01 00:00:00+00:00,84.36126856429593
2018-06-04 00:00:00+00:00,72.0541522380239
2018-06-05 00:00:00+00:00,51.32523818156443
2018-06-06 00:00:00+00:00,47.45593214685748
2018-06-07 00:00:00+00:00,50.4131690546054
2018-06-08 00:00:00+00:00,42.44989062909346
2018-06-11 00:00:00+00:00,49.90599012578544
2018-06-12 00:00:00+00:00,53.97972750656541
2018-06-13 00:00:00+00:00,59.976317631462756
2018-06-14 00:00:00+00:00,63.169579360466415
2018-06-15 00:00:00+00:00,59.50858574160498
2018-06-18 00:00:00+00:00,53.82456267988796
2018-06-19 00:00:00+00:00,50.490485112353255
2018-06-20 00:00:00+00:00,46.32055922146428
2018-06-21 00:00:00+00:00,46.46178481228416
2018-06-22 00:00:00+00:00,47.059509341369896
2018-06-25 00:00:00+00:00,52.52492597535565
2018-06-26 00:00:00+00:00,51.70749971931954
2018-06-27 00:00:00+00:00,54.86879828440381
2018-06-28 00:00:00+00:00,45.72077788134213
2018-06-29 00:00:00+00:00,47.934057234615025
2018-07-02 00:00:00+00:00,48.67181701901427
2018-07-03 00:00:00+00:00,36.60149887124555
2018-07-05 00:00:00+00:00,30.623841974647007
2018-07-06 00:00:00+00:00,31.27703503239502
2018-07-09 00:00:00+00:00,32.42789886511985
2018-07-10 00:00:00+00:00,31.073722164855276
2018-07-11 00:00:00+00:00,31.00000797596364
2018-07-12 00:00:00+00:00,28.902661938575456
2018-07-13 00:00:00+00:00,25.09796553719697
2018-07-16 00:00:00+00:00,22.30709154535139
2018-07-17 00:00:00+00:00,28.991419776321955
2018-07-18 00:00:00+00:00,31.023669577446547
2018-07-19 00:00:00+00:00,30.64679753774641
2018-07-20 00:00:00+00:00,28.279431719647846
2018-07-23 00:00:00+00:00,34.62500433541714
2018-07-24 00:00:00+00:00,35.661143330995216
2018-07-25 00:00:00+00:00,41.053440944025596
2018-07-26 00:00:00+00:00,42.85087348166644
2018-07-27 00:00:00+00:00,38.08603385392118
2018-07-30 00:00:00+00:00,32.57963173866516
2018-07-31 00:00:00+00:00,29.352580455245132
2018-08-01 00:00:00+00:00,23.38258706064307
2018-08-02 00:00:00+00:00,20.403768370728457
2018-08-03 00:00:00+00:00,25.65483608591161
2018-08-06 00:00:00+00:00,38.77595038520512
2018-08-07 00:00:00+00:00,47.50951366278871
2018-08-08 00:00:00+00:00,47.1294482373542
2018-08-09 00:00:00+00:00,44.788880111477326
2018-08-10 00:00:00+00:00,45.267538645369015
2018-08-13 00:00:00+00:00,37.02937686758362
2018-08-14 00:00:00+00:00,29.85214505943243
2018-08-15 00:00:00+00:00,29.280762318925085
2018-08-16 00:00:00+00:00,27.074475137101846
2018-08-17 00:00:00+00:00,29.81822790141924
2018-08-20 00:00:00+00:00,28.20943198137841
2018-08-21 00:00:00+00:00,25.95180119599877
2018-08-22 00:00:00+00:00,29.577201664795105
2018-08-23 00:00:00+00:00,31.349421829412368
2018-08-24 00:00:00+00:00,30.26543717667542
2018-08-27 00:00:00+00:00,36.48020487341327
2018-08-28 00:00:00+00:00,50.228979480373624
2018-08-29 00:00:00+00:00,47.52607124554809
2018-08-30 00:00:00+00:00,48.834715506671714
2018-08-31 00:00:00+00:00,55.669255064301346
2018-09-04 00:00:00+00:00,58.807853010199665
2018-09-05 00:00:00+00:00,61.06556973820377
2018-09-06 00:00:00+00:00,68.03747324870668
2018-09-07 00:00:00+00:00,65.9666704282393
2018-09-10 00:00:00+00:00,69.88888894178822
2018-09-11 00:00:00+00:00,74.37604392727923
2018-09-12 00:00:00+00:00,74.85138822125535
2018-09-13 00:00:00+00:00,80.96685959854358
2018-09-14 00:00:00+00:00,83.0937126930087
2018-09-17 00:00:00+00:00,86.3775754773782
2018-09-18 00:00:00+00:00,71.92136835295976
2018-09-19 00:00:00+00:00,64.85159539138425
2018-09-20 00:00:00+00:00,64.93256760975254
2018-09-21 00:00:00+00:00,64.30128104801544
2018-09-24 00:00:00+00:00,65.27991669534663
2018-09-25 00:00:00+00:00,52.54007952849774
2018-09-26 00:00:00+00:00,46.536259904956694
2018-09-27 00:00:00+00:00,39.784125759263794
2018-09-28 00:00:00+00:00,37.53341437734725
2018-10-01 00:00:00+00:00,45.487055891966705
2018-10-02 00:00:00+00:00,56.530463848153296
2018-10-03 00:00:00+00:00,66.33582304357193
2018-10-04 00:00:00+00:00,71.28744634386499
2018-10-05 00:00:00+00:00,73.97000483794605
2018-10-08 00:00:00+00:00,77.63354438379618
2018-10-09 00:00:00+00:00,81.1240083911666
2018-10-10 00:00:00+00:00,82.49310389165616
2018-10-11 00:00:00+00:00,78.73276783796013
2018-10-12 00:00:00+00:00,78.2238837192421
2018-10-15 00:00:00+00:00,79.60630129002155
2018-10-16 00:00:00+00:00,83.01875161023854
2018-10-17 00:00:00+00:00,77.72862203862863
2018-10-18 00:00:00+00:00,80.24263711517725
2018-10-19 00:00:00+00:00,82.05560498584033
2018-10-22 00:00:00+00:00,82.80465445169979
2018-10-23 00:00:00+00:00,80.36516593290759
2018-10-24 00:00:00+00:00,79.13752783736543
2018-10-25 00:00:00+00:00,80.90771837347437
2018-10-26 00:00:00+00:00,79.66436204083098
2018-10-29 00:00:00+00:00,73.39964815220998
2018-10-30 00:00:00+00:00,59.639514987497904
2018-10-31 00:00:00+00:00,50.44502150142115
2018-11-01 00:00:00+00:00,44.39767899846121
2018-11-02 00:00:00+00:00,42.381898164117565
2018-11-05 00:00:00+00:00,49.40361143640757
2018-11-06 00:00:00+00:00,44.443509774070826
2018-11-07 00:00:00+00:00,39.03661760834811
2018-11-08 00:00:00+00:00,38.88062101540791
2018-11-09 00:00:00+00:00,35.44049320202706
2018-11-12 00:00:00+00:00,32.308703523646486
2018-11-13 00:00:00+00:00,38.72326957162769
2018-11-14 00:00:00+00:00,34.57542789714452
2018-11-15 00:00:00+00:00,34.55224009464819
2018-11-16 00:00:00+00:00,34.54451082712953
2018-11-19 00:00:00+00:00,36.19850567270493
2018-11-20 00:00:00+00:00,41.224700625500176
2018-11-21 00:00:00+00:00,34.924402664551266
2018-11-23 00:00:00+00:00,40.47661198434421
2018-11-26 00:00:00+00:00,37.85573515254323
2018-11-27 00:00:00+00:00,37.33613743798339
2018-11-28 00:00:00+00:00,34.24406504725819
2018-11-29 00:00:00+00:00,47.805985425939554
2018-11-30 00:00:00+00:00,52.98709086880095
2018-12-03 00:00:00+00:00,53.81283210052243
2018-12-04 00:00:00+00:00,55.94700135211035
2018-12-06 00:00:00+00:00,51.44038663368363
2018-12-07 00:00:00+00:00,46.745531422964945
2018-12-10 00:00:00+00:00,52.176974190121705
2018-12-11 00:00:00+00:00,49.47418925186779
2018-12-12 00:00:00+00:00,51.8131359481785
2018-12-13 00:00:00+00:00,49.74793612730481
2018-12-14 00:00:00+00:00,49.405669682171705
2018-12-17 00:00:00+00:00,45.88773517223291
2018-12-18 00:00:00+00:00,40.0256345253335
2018-12-19 00:00:00+00:00,33.67329770087865
2018-12-20 00:00:00+00:00,38.6859612362573
2018-12-21 00:00:00+00:00,39.26565174415014
2018-12-24 00:00:00+00:00,37.01422845257722
2018-12-26 00:00:00+00:00,39.08347861446171
2018-12-27 00:00:00+00:00,39.44131239261497
2018-12-28 00:00:00+00:00,35.18472370040895
2018-12-31 00:00:00+00:00,40.87052913165842
2019-01-02 00:00:00+00:00,33.47743750422673
2019-01-03 00:00:00+00:00,29.188791368762182
2019-01-04 00:00:00+00:00,24.129950467661793
2019-01-07 00:00:00+00:00,32.21885463261279
2019-01-08 00:00:00+00:00,51.516534687666834
2019-01-09 00:00:00+00:00,59.602449472603965
2019-01-10 00:00:00+00:00,63.94631438497142
2019-01-11 00:00:00+00:00,59.935673973650594
2019-01-14 00:00:00+00:00,60.6242767448929
2019-01-15 00:00:00+00:00,59.95902572368469
2019-01-16 00:00:00+00:00,66.62406262104618
2019-01-17 00:00:00+00:00,68.98757880011088
2019-01-18 00:00:00+00:00,60.1524349441751
2019-01-22 00:00:00+00:00,60.65405545469622
2019-01-23 00:00:00+00:00,58.01814270647794
2019-01-24 00:00:00+00:00,58.02265260647063
2019-01-25 00:00:00+00:00,58.26664436414281
2019-01-28 00:00:00+00:00,44.78462639925117
2019-01-29 00:00:00+00:00,48.76433890329608
2019-01-30 00:00:00+00:00,47.966570322551505
2019-01-31 00:00:00+00:00,44.43493765055918
2019-02-01 00:00:00+00:00,48.159451624419745
2019-02-04 00:00:00+00:00,46.50025569894739
2019-02-05 00:00:00+00:00,51.76009185569324
2019-02-06 00:00:00+00:00,52.73247018958175
2019-02-07 00:00:00+00:00,54.97748322311739
2019-02-08 00:00:00+00:00,50.85946471808573
2019-02-11 00:00:00+00:00,48.927413252733004
2019-02-12 00:00:00+00:00,47.07431717654636
2019-02-13 00:00:00+00:00,52.301757501096084
2019-02-14 00:00:00+00:00,50.61432152555068
2019-02-15 00:00:00+00:00,41.38896055823997
2019-02-19 00:00:00+00:00,52.81385109907755
2019-02-20 00:00:00+00:00,60.35146431240114
2019-02-21 00:00:00+00:00,65.04903693426846
2019-02-22 00:00:00+00:00,61.61260774486018
2019-02-25 00:00:00+00:00,62.23229559042887
2019-02-26 00:00:00+00:00,54.74311101196798
2019-02-27 00:00:00+00:00,49.00294364219748
2019-02-28 00:00:00+00:00,49.97077995386354
2019-03-01 00:00:00+00:00,46.02911694364556
2019-03-04 00:00:00+00:00,41.521243037334926
2019-03-05 00:00:00+00:00,35.62020774136913
2019-03-06 00:00:00+00:00,36.15730803571911
2019-03-07 00:00:00+00:00,31.90603606234064
2019-03-08 00:00:00+00:00,30.197606755958013
2019-03-11 00:00:00+00:00,31.156802759929935
2019-03-12 00:00:00+00:00,35.69477889645502
2019-03-13 00:00:00+00:00,38.73930055794035
2019-03-14 00:00:00+00:00,40.97962570479332
2019-03-15 00:00:00+00:00,43.86356577322191
2019-03-18 00:00:00+00:00,49.28054820703409
2019-03-19 00:00:00+00:00,60.3330169506155
2019-03-20 00:00:00+00:00,61.45755499375775
2019-03-21 00:00:00+00:00,60.074009254726306
2019-03-22 00:00:00+00:00,50.67463730174075
2019-03-25 00:00:00+00:00,50.06240124743432
2019-03-26 00:00:00+00:00,46.76498030860283
2019-03-27 00:00:00+00:00,49.88268032511756
2019-03-28 00:00:00+00:00,50.51613670315521
2019-03-29 00:00:00+00:00,48.58110750758047
2019-04-01 00:00:00+00:00,47.93609777567627
2019-04-02 00:00:00+00:00,54.28873830092968
2019-04-03 00:00:00+00:00,55.827066680976344
2019-04-04 00:00:00+00:00,45.27958644867146
2019-04-05 00:00:00+00:00,53.288967425406746
2019-04-08 00:00:00+00:00,57.48847983928056
2019-04-09 00:00:00+00:00,51.37255436595241
2019-04-10 00:00:00+00:00,55.98011952908931
2019-04-11 00:00:00+00:00,58.365033664525164
2019-04-12 00:00:00+00:00,59.46997608988006
2019-04-15 00:00:00+00:00,62.93341667455819
2019-04-16 00:00:00+00:00,57.74423277006129
2019-04-17 00:00:00+00:00,51.073992607829084
2019-04-18 00:00:00+00:00,44.01481994486117
2019-04-22 00:00:00+00:00,55.87460965539574
2019-04-23 00:00:00+00:00,53.21872711015874
2019-04-24 00:00:00+00:00,55.602213064628046
2019-04-25 00:00:00+00:00,56.39670838275056
2019-04-26 00:00:00+00:00,49.96067737946403
2019-04-29 00:00:00+00:00,46.659334956717096
2019-04-30 00:00:00+00:00,37.95936425914846
2019-05-01 00:00:00+00:00,35.456134371478754
2019-05-02 00:00:00+00:00,31.941690108654434
2019-05-03 00:00:00+00:00,31.712541807289135
2019-05-06 00:00:00+00:00,27.362328462390135
2019-05-07 00:00:00+00:00,23.888839502175436
2019-05-08 00:00:00+00:00,26.313885440440664
2019-05-09 00:00:00+00:00,22.485103743678195
2019-05-10 00:00:00+00:00,27.098458204800597
2019-05-13 00:00:00+00:00,27.54989318531893
2019-05-14 00:00:00+00:00,33.113610370402554
2019-05-15 00:00:00+00:00,39.10148284076203
2019-05-16 00:00:00+00:00,38.558278761909634
2019-05-17 00:00:00+00:00,36.477201170866984
2019-05-20 00:00:00+00:00,30.622509424622585
2019-05-21 00:00:00+00:00,32.075057219361355
2019-05-22 00:00:00+00:00,40.60963817361434
2019-05-23 00:00:00+00:00,38.35707282877499
2019-05-24 00:00:00+00:00,36.39635634259736
2019-05-28 00:00:00+00:00,39.66671954179146
2019-05-29 00:00:00+00:00,44.448170279725616
2019-05-30 00:00:00+00:00,50.496044253898404
2019-05-31 00:00:00+00:00,48.36088637828941
2019-06-03 00:00:00+00:00,57.883809463636545
2019-06-04 00:00:00+00:00,63.074778286770666
2019-06-05 00:00:00+00:00,69.18270289476034
2019-06-06 00:00:00+00:00,63.20607256734863
2019-06-07 00:00:00+00:00,66.87929981242108
2019-06-10 00:00:00+00:00,67.73392132755012
2019-06-11 00:00:00+00:00,64.18082752392611
2019-06-12 00:00:00+00:00,70.3481406010902
2019-06-13 00:00:00+00:00,72.8086877338948
2019-06-14 00:00:00+00:00,74.35082602929727
2019-06-17 00:00:00+00:00,75.0215135616502
2019-06-18 00:00:00+00:00,71.25184645202972
2019-06-19 00:00:00+00:00,69.47606915301034
2019-06-20 00:00:00+00:00,64.15023586571353
2019-06-21 00:00:00+00:00,59.377977595316125
2019-06-24 00:00:00+00:00,49.51021609722285
2019-06-25 00:00:00+00:00,45.85557443171979
2019-06-26 00:00:00+00:00,49.234717881453605
2019-06-27 00:00:00+00:00,41.521868684705794
2019-06-28 00:00:00+00:00,53.65355470132548
2019-07-01 00:00:00+00:00,52.78851936284988
2019-07-02 00:00:00+00:00,51.02798181809889
2019-07-03 00:00:00+00:00,44.591126344484266
2019-07-05 00:00:00+00:00,48.201726518415946
2019-07-08 00:00:00+00:00,44.820409402667366
2019-07-09 00:00:00+00:00,46.45570196094733
2019-07-10 00:00:00+00:00,44.33187037229336
2019-07-11 00:00:00+00:00,48.41844209549544
2019-07-12 00:00:00+00:00,46.28642945287845
2019-07-15 00:00:00+00:00,43.36498184250125
2019-07-16 00:00:00+00:00,36.77841809252926
2019-07-17 00:00:00+00:00,33.18171164339064
2019-07-18 00:00:00+00:00,28.424072090831626
2019-07-19 00:00:00+00:00,23.553915641151725
2019-07-22 00:00:00+00:00,23.759276878827556
2019-07-23 00:00:00+00:00,23.367279530594562
2019-07-24 00:00:00+00:00,39.44883814590821
2019-07-25 00:00:00+00:00,47.06597665502837
2019-07-26 00:00:00+00:00,47.82915709455552
2019-07-29 00:00:00+00:00,48.75876611699104
2019-07-30 00:00:00+00:00,50.860000213850455
2019-07-31 00:00:00+00:00,54.38899341099072
2019-08-01 00:00:00+00:00,57.62049089588916
2019-08-02 00:00:00+00:00,54.449895443688135
2019-08-05 00:00:00+00:00,49.157733683241396
2019-08-06 00:00:00+00:00,40.711773919476954
2019-08-07 00:00:00+00:00,35.469524010990845
2019-08-08 00:00:00+00:00,26.480245602963834
2019-08-09 00:00:00+00:00,27.656015413892124
2019-08-12 00:00:00+00:00,42.61930163613939
2019-08-13 00:00:00+00:00,41.08018372711734
2019-08-14 00:00:00+00:00,44.80235826579599
2019-08-15 00:00:00+00:00,43.64236651802378
2019-08-16 00:00:00+00:00,43.85478121316271
2019-08-19 00:00:00+00:00,44.25950246672374
2019-08-20 00:00:00+00:00,40.00873427410509
2019-08-21 00:00:00+00:00,37.860012971237886
2019-08-22 00:00:00+00:00,35.86105539130227
2019-08-23 00:00:00+00:00,43.233076158277456
2019-08-26 00:00:00+00:00,42.27744542880221
2019-08-27 00:00:00+00:00,40.75010056807939
2019-08-28 00:00:00+00:00,35.160047324302
2019-08-29 00:00:00+00:00,39.145257407775624
2019-08-30 00:00:00+00:00,36.24204556398298
2019-09-03 00:00:00+00:00,33.6131197875289
2019-09-04 00:00:00+00:00,35.2299283422405
2019-09-05 00:00:00+00:00,31.319823018127856
2019-09-06 00:00:00+00:00,29.13713083749848
2019-09-09 00:00:00+00:00,31.302046889008437
2019-09-10 00:00:00+00:00,29.408527449543577
2019-09-11 00:00:00+00:00,27.781792526069538
2019-09-12 00:00:00+00:00,25.53207194841169
2019-09-13 00:00:00+00:00,55.772651042756735
2019-09-16 00:00:00+00:00,67.09231149321252
2019-09-17 00:00:00+00:00,74.3053638867649
2019-09-18 00:00:00+00:00,71.63806292342694
2019-09-19 00:00:00+00:00,69.7883940323157
2019-09-20 00:00:00+00:00,66.79283564700613
2019-09-23 00:00:00+00:00,67.0879201714526
2019-09-24 00:00:00+00:00,69.66145015375268
2019-09-25 00:00:00+00:00,73.54305048550837
2019-09-26 00:00:00+00:00,77.81742632327786
2019-09-27 00:00:00+00:00,77.52214097214642
2019-09-30 00:00:00+00:00,77.42371252172171
2019-10-01 00:00:00+00:00,77.85310497659876
2019-10-02 00:00:00+00:00,81.09100460246634
2019-10-03 00:00:00+00:00,82.29027168887899
2019-10-04 00:00:00+00:00,74.32337799766718
2019-10-07 00:00:00+00:00,72.11365641387894
2019-10-08 00:00:00+00:00,60.19479870242661
2019-10-09 00:00:00+00:00,53.93588429470243
2019-10-10 00:00:00+00:00,49.925944315574846
2019-10-11 00:00:00+00:00,48.58929765582417
2019-10-14 00:00:00+00:00,48.14374876919322
2019-10-15 00:00:00+00:00,53.45275236730302
2019-10-16 00:00:00+00:00,58.224434310219294
2019-10-17 00:00:00+00:00,48.229191982048
2019-10-18 00:00:00+00:00,41.134011075712436
2019-10-21 00:00:00+00:00,42.84277934873164
2019-10-22 00:00:00+00:00,41.50825901062818
2019-10-23 00:00:00+00:00,37.83633546289224
2019-10-24 00:00:00+00:00,35.575520009401146
2019-10-25 00:00:00+00:00,43.47464095802824
2019-10-28 00:00:00+00:00,48.56592367621455
2019-10-29 00:00:00+00:00,57.872389598574486
2019-10-30 00:00:00+00:00,51.83415644685829
2019-10-31 00:00:00+00:00,52.57307453579348
2019-11-01 00:00:00+00:00,55.466585470331516
2019-11-04 00:00:00+00:00,56.43108911512525
2019-11-05 00:00:00+00:00,58.04817288901434
2019-11-06 00:00:00+00:00,65.60234036826407
2019-11-07 00:00:00+00:00,59.803929058750676
2019-11-08 00:00:00+00:00,50.70503759137353
2019-11-11 00:00:00+00:00,54.350683398872505
2019-11-12 00:00:00+00:00,55.565898667994595
2019-11-13 00:00:00+00:00,56.739132288552554
2019-11-14 00:00:00+00:00,65.12141187832427
2019-11-15 00:00:00+00:00,65.74079770954009
2019-11-18 00:00:00+00:00,61.67050162510911
2019-11-19 00:00:00+00:00,61.38909074518752
2019-11-20 00:00:00+00:00,57.36307136903744
2019-11-21 00:00:00+00:00,58.58707220257325
2019-11-22 00:00:00+00:00,51.61843060523749
2019-11-25 00:00:00+00:00,57.98536968816009
2019-11-26 00:00:00+00:00,59.58215546118201
2019-11-27 00:00:00+00:00,57.87490288253228
2019-11-29 00:00:00+00:00,57.75414390475788
2019-12-02 00:00:00+00:00,63.67912910176126
2019-12-03 00:00:00+00:00,55.24001644123971
2019-12-04 00:00:00+00:00,56.81132067334558
2019-12-05 00:00:00+00:00,63.501663000626806
2019-12-06 00:00:00+00:00,66.26938997734277
2019-12-09 00:00:00+00:00,69.82353940646358
2019-12-10 00:00:00+00:00,75.13747970002167
2019-12-11 00:00:00+00:00,78.2509338250171
2019-12-12 00:00:00+00:00,76.66811455032791
2019-12-13 00:00:00+00:00,78.12453796889353
2019-12-16 00:00:00+00:00,77.16831733672367
2019-12-17 00:00:00+00:00,64.18998301722137
2019-12-18 00:00:00+00:00,58.85435191956485
2019-12-19 00:00:00+00:00,62.728053839734606
2019-12-20 00:00:00+00:00,67.37067188468107
2019-12-23 00:00:00+00:00,68.297104085775
2019-12-24 00:00:00+00:00,63.06471457031782
2019-12-26 00:00:00+00:00,56.91312010733924
2019-12-27 00:00:00+00:00,57.89660630202617
2019-12-30 00:00:00+00:00,62.070525550255766
2019-12-31 00:00:00+00:00,62.79469276661327
2020-01-02 00:00:00+00:00,56.133500000627855
2020-01-03 00:00:00+00:00,42.27421257154823
2020-01-06 00:00:00+00:00,45.843265654084334
2020-01-07 00:00:00+00:00,58.773381795720866
2020-01-08 00:00:00+00:00,58.14474718777494
2020-01-09 00:00:00+00:00,54.07595838348442
2020-01-10 00:00:00+00:00,58.67290273248952
2020-01-13 00:00:00+00:00,66.50089388516
2020-01-14 00:00:00+00:00,70.38558416694569
2020-01-15 00:00:00+00:00,73.8226965849745
2020-01-16 00:00:00+00:00,77.28846970897632
2020-01-17 00:00:00+00:00,74.85165482346713
2020-01-21 00:00:00+00:00,74.33859617125533
2020-01-22 00:00:00+00:00,75.69927326735721
2020-01-23 00:00:00+00:00,77.73174208346236
2020-01-24 00:00:00+00:00,73.90904379309745
2020-01-27 00:00:00+00:00,64.77113808640684
2020-01-28 00:00:00+00:00,55.39560419017071
2020-01-29 00:00:00+00:00,60.43209879886135
2020-01-30 00:00:00+00:00,60.38047598759801
2020-01-31 00:00:00+00:00,62.63972844968926
2020-02-03 00:00:00+00:00,63.85914870591478
2020-02-04 00:00:00+00:00,69.85600808438267
2020-02-05 00:00:00+00:00,64.67781557084682
2020-02-06 00:00:00+00:00,63.417273011905735
2020-02-07 00:00:00+00:00,63.255485262534386
2020-02-10 00:00:00+00:00,67.53353598976261
2020-02-11 00:00:00+00:00,71.35558968802175
2020-02-12 00:00:00+00:00,77.87973834291408
2020-02-13 00:00:00+00:00,66.98824586075685
2020-02-14 00:00:00+00:00,55.93605274333791
2020-02-18 00:00:00+00:00,47.37346744646041
2020-02-19 00:00:00+00:00,51.634072075360784
2020-02-20 00:00:00+00:00,56.85508098517416
2020-02-21 00:00:00+00:00,55.19079823005357
2020-02-24 00:00:00+00:00,58.04549550861445
2020-02-25 00:00:00+00:00,50.38549809344813
2020-02-26 00:00:00+00:00,48.05750558927478
2020-02-27 00:00:00+00:00,43.333015892469696
2020-02-28 00:00:00+00:00,36.37636313636254
2020-03-02 00:00:00+00:00,33.21924459279652
2020-03-03 00:00:00+00:00,28.08094103760585
2020-03-04 00:00:00+00:00,25.816215145060383
2020-03-05 00:00:00+00:00,22.148043862765192
2020-03-06 00:00:00+00:00,20.46882755988058
2020-03-09 00:00:00+00:00,16.826222174883494
2020-03-10 00:00:00+00:00,13.448497992775636
2020-03-11 00:00:00+00:00,12.22918829241593
2020-03-12 00:00:00+00:00,10.401701910391573
2020-03-13 00:00:00+00:00,7.964102575156278
2020-03-16 00:00:00+00:00,9.617075312475384
2020-03-17 00:00:00+00:00,8.379917165537357
2020-03-18 00:00:00+00:00,7.513297099930713
2020-03-19 00:00:00+00:00,6.75529113742491
2020-03-20 00:00:00+00:00,6.334001369965366
2020-03-23 00:00:00+00:00,15.800389847046404
2020-03-24 00:00:00+00:00,22.480312575179557
2020-03-25 00:00:00+00:00,30.57049034298695
2020-03-26 00:00:00+00:00,36.588609377032114
2020-03-27 00:00:00+00:00,37.343298512263985
2020-03-30 00:00:00+00:00,34.20599842070173
2020-03-31 00:00:00+00:00,28.839827149964258
2020-04-01 00:00:00+00:00,24.265300579452408
2020-04-02 00:00:00+00:00,20.060939095116808
2020-04-03 00:00:00+00:00,25.270932988640183
2020-04-06 00:00:00+00:00,27.533194826068208
2020-04-07 00:00:00+00:00,32.11165950885832
2020-04-08 00:00:00+00:00,32.63024783215538
2020-04-09 00:00:00+00:00,32.646957082890545
2020-04-13 00:00:00+00:00,34.74294641565137
2020-04-14 00:00:00+00:00,30.970607727586067
2020-04-15 00:00:00+00:00,32.63575709671773
2020-04-16 00:00:00+00:00,34.335588231191046
2020-04-17 00:00:00+00:00,36.92691680768587
2020-04-20 00:00:00+00:00,45.056453087651725
2020-04-21 00:00:00+00:00,40.75989700395209
2020-04-22 00:00:00+00:00,34.57569136218096
2020-04-23 00:00:00+00:00,32.514289481572874
2020-04-24 00:00:00+00:00,31.827155521349944
2020-04-27 00:00:00+00:00,27.80680321985249
2020-04-28 00:00:00+00:00,21.180054107170577
2020-04-29 00:00:00+00:00,24.591351339325314
2020-04-30 00:00:00+00:00,38.06262511183381
2020-05-01 00:00:00+00:00,51.53241716936795
2020-05-04 00:00:00+00:00,63.562979390494775
2020-05-05 00:00:00+00:00,57.02693329540968
2020-05-06 00:00:00+00:00,59.3999183392454
2020-05-07 00:00:00+00:00,52.73262847824162
2020-05-08 00:00:00+00:00,51.32743050571774
2020-05-11 00:00:00+00:00,50.24737497477
2020-05-12 00:00:00+00:00,47.20630232332394
2020-05-13 00:00:00+00:00,48.58380304892836
2020-05-14 00:00:00+00:00,49.23816927925834
2020-05-15 00:00:00+00:00,53.375208569981666
2020-05-18 00:00:00+00:00,52.884414536345766
2020-05-19 00:00:00+00:00,60.07270207484266
2020-05-20 00:00:00+00:00,63.21258543627755
2020-05-21 00:00:00+00:00,68.78256911892446
2020-05-22 00:00:00+00:00,64.92741305167321
2020-05-26 00:00:00+00:00,62.31735359786282
2020-05-27 00:00:00+00:00,63.517318735064755
2020-05-28 00:00:00+00:00,57.10400104944428
2020-05-29 00:00:00+00:00,54.96622848754461
2020-06-01 00:00:00+00:00,56.83281025483734
2020-06-02 00:00:00+00:00,59.50357273165557
2020-06-03 00:00:00+00:00,64.80400487192074
2020-06-04 00:00:00+00:00,72.20805468491808
2020-06-05 00:00:00+00:00,75.88846215999305
2020-06-08 00:00:00+00:00,79.86661025059992
2020-06-09 00:00:00+00:00,78.18053481493185
2020-06-10 00:00:00+00:00,78.30102002417527
2020-06-11 00:00:00+00:00,80.72448177866065
2020-06-12 00:00:00+00:00,76.26494942375865
2020-06-15 00:00:00+00:00,72.38948259467692
2020-06-16 00:00:00+00:00,72.60692972519045
2020-06-17 00:00:00+00:00,74.99589079981655
2020-06-18 00:00:00+00:00,74.82527382836776
2020-06-19 00:00:00+00:00,65.14666980908083
2020-06-22 00:00:00+00:00,65.1791006770301
2020-06-23 00:00:00+00:00,60.511223338704575
2020-06-24 00:00:00+00:00,54.087238010652435
2020-06-25 00:00:00+00:00,49.376428404473586
2020-06-26 00:00:00+00:00,50.6204713132791
2020-06-29 00:00:00+00:00,42.33887301066126
2020-06-30 00:00:00+00:00,44.81055583920272
2020-07-01 00:00:00+00:00,51.220014123557945
2020-07-02 00:00:00+00:00,58.338991267190416
2020-07-06 00:00:00+00:00,62.20551127828338
2020-07-07 00:00:00+00:00,53.687946338865494
2020-07-08 00:00:00+00:00,56.73152282158313
2020-07-09 00:00:00+00:00,54.87709316896317
2020-07-10 00:00:00+00:00,48.19904510090463
2020-07-13 00:00:00+00:00,44.16923007683572
2020-07-14 00:00:00+00:00,39.0526004853361
2020-07-15 00:00:00+00:00,32.93281318053773
2020-07-16 00:00:00+00:00,44.220814179931025
2020-07-17 00:00:00+00:00,47.346089333729424
2020-07-20 00:00:00+00:00,47.0188814382163
2020-07-21 00:00:00+00:00,46.66198647792036
2020-07-22 00:00:00+00:00,45.199040622923626
2020-07-23 00:00:00+00:00,50.57915481108708
2020-07-24 00:00:00+00:00,49.566237814844115
2020-07-27 00:00:00+00:00,42.054765722174274
2020-07-28 00:00:00+00:00,54.38469161913841
2020-07-29 00:00:00+00:00,55.78487514052627
2020-07-30 00:00:00+00:00,56.251602980962616
2020-07-31 00:00:00+00:00,58.54882698550583
2020-08-03 00:00:00+00:00,67.61672983139611
2020-08-04 00:00:00+00:00,71.57892653833017
2020-08-05 00:00:00+00:00,73.63245668562857
2020-08-06 00:00:00+00:00,66.36831245515418
2020-08-07 00:00:00+00:00,69.7411821184177
2020-08-10 00:00:00+00:00,63.604125085648874
2020-08-11 00:00:00+00:00,58.65727742449619
2020-08-12 00:00:00+00:00,60.37073094822195
2020-08-13 00:00:00+00:00,62.61568284226247
2020-08-14 00:00:00+00:00,67.38997465754233
2020-08-17 00:00:00+00:00,68.65578479004616
2020-08-18 00:00:00+00:00,67.64542312036775
2020-08-19 00:00:00+00:00,61.44984274280925
2020-08-20 00:00:00+00:00,65.92238913950435
2020-08-21 00:00:00+00:00,60.58529424790479
2020-08-24 00:00:00+00:00,54.23176159766675
2020-08-25 00:00:00+00:00,49.29588860972001
2020-08-26 00:00:00+00:00,48.995150329974265
2020-08-27 00:00:00+00:00,44.4992023206166
2020-08-28 00:00:00+00:00,48.39198382261307
2020-08-31 00:00:00+00:00,45.48593366551876
2020-09-01 00:00:00+00:00,46.311765206872664
2020-09-02 00:00:00+00:00,44.964059320233304
2020-09-03 00:00:00+00:00,40.468769070519144
2020-09-04 00:00:00+00:00,32.1958562634317
2020-09-08 00:00:00+00:00,27.509333464218543
2020-09-09 00:00:00+00:00,30.175061283657698
2020-09-10 00:00:00+00:00,30.880305200890017
2020-09-11 00:00:00+00:00,28.889495361790726
2020-09-14 00:00:00+00:00,28.71036953496818
2020-09-15 00:00:00+00:00,25.68147218579432
2020-09-16 00:00:00+00:00,50.63737994493631
2020-09-17 00:00:00+00:00,61.7801749983081
2020-09-18 00:00:00+00:00,69.02726499019006
2020-09-21 00:00:00+00:00,72.94470533519993
2020-09-22 00:00:00+00:00,67.47873199369204
2020-09-23 00:00:00+00:00,69.13298237460427
2020-09-24 00:00:00+00:00,67.53563509704092
2020-09-25 00:00:00+00:00,67.57200833211789
2020-09-28 00:00:00+00:00,69.59475926422265
2020-09-29 00:00:00+00:00,58.0800457877823
2020-09-30 00:00:00+00:00,60.35315541363505
2020-10-01 00:00:00+00:00,62.41348760829865
2020-10-02 00:00:00+00:00,64.1519752372142
2020-10-05 00:00:00+00:00,63.8342083451316
2020-10-06 00:00:00+00:00,64.82227226479617
2020-10-07 00:00:00+00:00,69.51088736209059
2020-10-08 00:00:00+00:00,74.29784487422346
2020-10-09 00:00:00+00:00,76.2377957718482
2020-10-12 00:00:00+00:00,77.61688330406979
2020-10-13 00:00:00+00:00,64.31206311476873
2020-10-14 00:00:00+00:00,63.154279060271264
2020-10-15 00:00:00+00:00,65.99047799005908
2020-10-16 00:00:00+00:00,66.2483764937237
2020-10-19 00:00:00+00:00,70.35455506664205
2020-10-20 00:00:00+00:00,75.25686460393659
2020-10-21 00:00:00+00:00,70.6782842684079
2020-10-22 00:00:00+00:00,67.80452727143233
2020-10-23 00:00:00+00:00,71.13439077612021
2020-10-26 00:00:00+00:00,70.07309134188219
2020-10-27 00:00:00+00:00,70.54911497616658
2020-10-28 00:00:00+00:00,71.74135542149428
2020-10-29 00:00:00+00:00,73.1933369954004
2020-10-30 00:00:00+00:00,56.528582191572625
2020-11-02 00:00:00+00:00,49.96332381366026
2020-11-03 00:00:00+00:00,60.3589540821546
2020-11-04 00:00:00+00:00,57.60796124147448
2020-11-05 00:00:00+00:00,55.0589840546252
2020-11-06 00:00:00+00:00,50.34397173917283
2020-11-09 00:00:00+00:00,57.01082947627555
2020-11-10 00:00:00+00:00,58.48518063902266
2020-11-11 00:00:00+00:00,54.07793198604598
2020-11-12 00:00:00+00:00,48.503237930764044
2020-11-13 00:00:00+00:00,55.14677792173501
2020-11-16 00:00:00+00:00,58.03594958133881
2020-11-17 00:00:00+00:00,66.07707089389594
2020-11-18 00:00:00+00:00,64.74416400041379
2020-11-19 00:00:00+00:00,66.19385625216705
2020-11-20 00:00:00+00:00,62.264955025929495
2020-11-23 00:00:00+00:00,59.16757100698441
2020-11-24 00:00:00+00:00,56.5315799658473
2020-11-25 00:00:00+00:00,52.69234150527657
2020-11-27 00:00:00+00:00,45.1814701081631
2020-11-30 00:00:00+00:00,44.14217905228523
2020-12-01 00:00:00+00:00,37.690617431336904
2020-12-02 00:00:00+00:00,35.540096891003
2020-12-03 00:00:00+00:00,38.044758292931704
2020-12-04 00:00:00+00:00,42.65851538933974
2020-12-07 00:00:00+00:00,37.97408871992677
2020-12-08 00:00:00+00:00,36.78635842148031
2020-12-09 00:00:00+00:00,35.03065061167908
2020-12-10 00:00:00+00:00,51.28951461230916
2020-12-11 00:00:00+00:00,49.187524455555135
2020-12-14 00:00:00+00:00,44.03660207617695
2020-12-15 00:00:00+00:00,37.45446530555043
2020-12-16 00:00:00+00:00,37.68226312357717
2020-12-17 00:00:00+00:00,44.55966976173356
2020-12-18 00:00:00+00:00,50.764075770346466
2020-12-21 00:00:00+00:00,47.80184180637169
2020-12-22 00:00:00+00:00,48.841146749132974
2020-12-23 00:00:00+00:00,49.42863358856803
2020-12-24 00:00:00+00:00,56.03865282431004
2020-12-28 00:00:00+00:00,59.601074568078815
2020-12-29 00:00:00+00:00,62.371025497713305
2020-12-30 00:00:00+00:00,64.50366268693277
2020-12-31 00:00:00+00:00,69.48834588628486
2021-01-04 00:00:00+00:00,74.0820060754513
2021-01-05 00:00:00+00:00,78.56460654045783
2021-01-06 00:00:00+00:00,82.90142837242783
2021-01-07 00:00:00+00:00,85.18293370306642
2021-01-08 00:00:00+00:00,67.28173501087716
2021-01-11 00:00:00+00:00,61.31466878012523
2021-01-12 00:00:00+00:00,60.53744638346108
2021-01-13 00:00:00+00:00,55.06129959030156
2021-01-14 00:00:00+00:00,59.97469353461609
2021-01-15 00:00:00+00:00,70.28032102143405
2021-01-19 00:00:00+00:00,68.94369024385023
2021-01-20 00:00:00+00:00,61.80079707283204
2021-01-21 00:00:00+00:00,61.52257033731003
2021-01-22 00:00:00+00:00,57.31878924671928
2021-01-25 00:00:00+00:00,52.756547041995276
2021-01-26 00:00:00+00:00,49.00863013791438
2021-01-27 00:00:00+00:00,47.759324503202464
2021-01-28 00:00:00+00:00,48.695102150913215
2021-01-29 00:00:00+00:00,44.646231122125684
2021-02-01 00:00:00+00:00,48.959929688089275
2021-02-02 00:00:00+00:00,56.396634242984945
2021-02-03 00:00:00+00:00,61.1165623602285
2021-02-04 00:00:00+00:00,56.47937779106428
2021-02-05 00:00:00+00:00,55.13730604419669
2021-02-08 00:00:00+00:00,61.36364654620606
2021-02-09 00:00:00+00:00,59.46542390241216
2021-02-10 00:00:00+00:00,61.79000776027567
2021-02-11 00:00:00+00:00,66.57954000125227
2021-02-12 00:00:00+00:00,50.351899166476144
2021-02-16 00:00:00+00:00,43.045832259794764
2021-02-17 00:00:00+00:00,45.6873642474451
2021-02-18 00:00:00+00:00,49.70468322014859
2021-02-19 00:00:00+00:00,57.61236964669109
2021-02-22 00:00:00+00:00,63.50768089139507
2021-02-23 00:00:00+00:00,70.17894632322628
2021-02-24 00:00:00+00:00,64.64583426146187
2021-02-25 00:00:00+00:00,64.40407748734921
2021-02-26 00:00:00+00:00,58.77766837519221
2021-03-01 00:00:00+00:00,51.35127329904452
2021-03-02 00:00:00+00:00,45.8674713442338
2021-03-03 00:00:00+00:00,47.462498532322314
2021-03-04 00:00:00+00:00,44.14240081213103
2021-03-05 00:00:00+00:00,45.090325818139064
2021-03-08 00:00:00+00:00,47.8261302419631
2021-03-09 00:00:00+00:00,45.51826632199953
2021-03-10 00:00:00+00:00,40.488305954779534
2021-03-11 00:00:00+00:00,40.12983279300604
2021-03-12 00:00:00+00:00,47.83341124838085
2021-03-15 00:00:00+00:00,46.48001465542333
2021-03-16 00:00:00+00:00,45.85718213165441
2021-03-17 00:00:00+00:00,49.413432462323485
2021-03-18 00:00:00+00:00,44.81481967273457
2021-03-19 00:00:00+00:00,41.615130165861615
2021-03-22 00:00:00+00:00,38.40506266860727
2021-03-23 00:00:00+00:00,33.9062392721897
2021-03-24 00:00:00+00:00,31.036170719456074
2021-03-25 00:00:00+00:00,36.14521676259224
2021-03-26 00:00:00+00:00,30.492545681111903
2021-03-29 00:00:00+00:00,31.352482206642325
2021-03-30 00:00:00+00:00,28.47427761106877
2021-03-31 00:00:00+00:00,27.514876079199524
2021-04-01 00:00:00+00:00,25.432629724768333
2021-04-05 00:00:00+00:00,24.042747313875786
2021-04-06 00:00:00+00:00,28.475180033603195
2021-04-07 00:00:00+00:00,39.76201562633244
2021-04-08 00:00:00+00:00,43.07212912328811
2021-04-09 00:00:00+00:00,45.39208414717383
2021-04-12 00:00:00+00:00,53.610337931086846
2021-04-13 00:00:00+00:00,53.049579896738635
2021-04-14 00:00:00+00:00,54.957855840389655
2021-04-15 00:00:00+00:00,64.39992399545221
2021-04-16 00:00:00+00:00,72.6222864640819
2021-04-19 00:00:00+00:00,77.62086003118058
2021-04-20 00:00:00+00:00,69.28728325361396
2021-04-21 00:00:00+00:00,71.91817950744132
2021-04-22 00:00:00+00:00,74.24763907268893
2021-04-23 00:00:00+00:00,74.75051026063801
2021-04-26 00:00:00+00:00,74.91813398992326
2021-04-27 00:00:00+00:00,77.13863324212016
2021-04-28 00:00:00+00:00,82.49178546082842
2021-04-29 00:00:00+00:00,69.995696573748
2021-04-30 00:00:00+00:00,62.00358388148716
2021-05-03 00:00:00+00:00,60.00907193726293
2021-05-04 00:00:00+00:00,54.614190409647875
2021-05-05 00:00:00+00:00,58.47426010671378
2021-05-06 00:00:00+00:00,64.37970644488028
2021-05-07 00:00:00+00:00,66.55857419697361
2021-05-10 00:00:00+00:00,65.83903663902379
2021-05-11 00:00:00+00:00,65.5991907863472
2021-05-12 00:00:00+00:00,72.39106887200907
2021-05-13 00:00:00+00:00,68.23930492341411
2021-05-14 00:00:00+00:00,54.08586184325713
2021-05-17 00:00:00+00:00,47.373086176784625
2021-05-18 00:00:00+00:00,45.67074731099356
2021-05-19 00:00:00+00:00,49.05046806532093
2021-05-20 00:00:00+00:00,45.89529989690193
2021-05-21 00:00:00+00:00,46.613788415387624
2021-05-24 00:00:00+00:00,41.121265287974836
2021-05-25 00:00:00+00:00,42.698553761314116
2021-05-26 00:00:00+00:00,47.39361540867108
2021-05-27 00:00:00+00:00,44.46911533288694
2021-05-28 00:00:00+00:00,49.88836727881952
2021-06-01 00:00:00+00:00,55.47216185366126
2021-06-02 00:00:00+00:00,61.73331745167299
2021-06-03 00:00:00+00:00,63.58484226175105
2021-06-04 00:00:00+00:00,58.41057946261958
2021-06-07 00:00:00+00:00,61.015877357110355
2021-06-08 00:00:00+00:00,55.016834957689966
2021-06-09 00:00:00+00:00,58.09999066476446
2021-06-10 00:00:00+00:00,59.420603065812415
2021-06-11 00:00:00+00:00,59.860807199470145
2021-06-14 00:00:00+00:00,58.36892714666327
2021-06-15 00:00:00+00:00,50.9911236976438
2021-06-16 00:00:00+00:00,44.68586576819961
2021-06-17 00:00:00+00:00,42.58411312503123
2021-06-18 00:00:00+00:00,33.82085123664082
2021-06-21 00:00:00+00:00,30.255189850000587
2021-06-22 00:00:00+00:00,40.28916660107887
2021-06-23 00:00:00+00:00,38.25869578631414
2021-06-24 00:00:00+00:00,43.55062177722313
2021-06-25 00:00:00+00:00,49.68889516713801
2021-06-28 00:00:00+00:00,53.01656915078276
2021-06-29 00:00:00+00:00,59.146780621311976
2021-06-30 00:00:00+00:00,59.430182550810585
2021-07-01 00:00:00+00:00,64.78473156693495
2021-07-02 00:00:00+00:00,67.23942172205973
2021-07-06 00:00:00+00:00,70.77136803144224
2021-07-07 00:00:00+00:00,63.999898702859014
2021-07-08 00:00:00+00:00,58.73181740852556
2021-07-09 00:00:00+00:00,50.41157098209351
2021-07-12 00:00:00+00:00,44.490946333015366
2021-07-13 00:00:00+00:00,37.92231413170679
2021-07-14 00:00:00+00:00,38.15517616021141
2021-07-15 00:00:00+00:00,35.7897758159671
2021-07-16 00:00:00+00:00,44.84918991781278
2021-07-19 00:00:00+00:00,54.5156123064004
2021-07-20 00:00:00+00:00,46.86160335627016
2021-07-21 00:00:00+00:00,49.74193314510723
2021-07-22 00:00:00+00:00,54.3181064651307
2021-07-23 00:00:00+00:00,54.94393445782849
2021-07-26 00:00:00+00:00,62.03028335696496
2021-07-27 00:00:00+00:00,66.8473890204768
2021-07-28 00:00:00+00:00,66.92500978666418
2021-07-29 00:00:00+00:00,69.66391377914346
2021-07-30 00:00:00+00:00,63.770468773842325
2021-08-02 00:00:00+00:00,54.86147913742312
2021-08-03 00:00:00+00:00,52.54246112516192
2021-08-04 00:00:00+00:00,52.30710660638063
2021-08-05 00:00:00+00:00,51.16297835216234
2021-08-06 00:00:00+00:00,61.5106386409461
2021-08-09 00:00:00+00:00,65.65625988864817
2021-08-10 00:00:00+00:00,62.00621594095722
2021-08-11 00:00:00+00:00,71.5273921374299
2021-08-12 00:00:00+00:00,72.30092832562684
2021-08-13 00:00:00+00:00,73.11417018369343
2021-08-16 00:00:00+00:00,76.37845286300885
2021-08-17 00:00:00+00:00,78.000649147101
2021-08-18 00:00:00+00:00,78.26933099767075
2021-08-19 00:00:00+00:00,79.53267478685291
2021-08-20 00:00:00+00:00,69.74812269544869
2021-08-23 00:00:00+00:00,61.83307156904927
2021-08-24 00:00:00+00:00,59.1947211935602
2021-08-25 00:00:00+00:00,58.315271068371345
2021-08-26 00:00:00+00:00,60.913042368520266
2021-08-27 00:00:00+00:00,60.2138718899259
2021-08-30 00:00:00+00:00,66.32068398300171
2021-08-31 00:00:00+00:00,70.79103189259251
2021-09-01 00:00:00+00:00,61.40369577259902
2021-09-02 00:00:00+00:00,54.398537005438016
2021-09-03 00:00:00+00:00,56.542810701671435
2021-09-07 00:00:00+00:00,51.114729137005845
2021-09-08 00:00:00+00:00,46.60347357099674
2021-09-09 00:00:00+00:00,45.351607869729136
2021-09-10 00:00:00+00:00,40.090187189767384
2021-09-13 00:00:00+00:00,45.300488250896905
2021-09-14 00:00:00+00:00,50.95802052043132
2021-09-15 00:00:00+00:00,52.08902184228445
2021-09-16 00:00:00+00:00,62.71965786417881
2021-09-17 00:00:00+00:00,62.88632954988424
2021-09-20 00:00:00+00:00,56.637351019734886
2021-09-21 00:00:00+00:00,49.328234913797374
2021-09-22 00:00:00+00:00,50.16074144582356
2021-09-23 00:00:00+00:00,56.07311258925026
2021-09-24 00:00:00+00:00,61.27937025652679
2021-09-27 00:00:00+00:00,55.29128845360705
2021-09-28 00:00:00+00:00,48.90853088384873
2021-09-29 00:00:00+00:00,49.83068229840746
2021-09-30 00:00:00+00:00,47.87935815364544
2021-10-01 00:00:00+00:00,57.302573475782715
2021-10-04 00:00:00+00:00,55.14880414562356
2021-10-05 00:00:00+00:00,48.58865886044636
2021-10-06 00:00:00+00:00,49.105737196208764
2021-10-07 00:00:00+00:00,47.94025353545956
2021-10-08 00:00:00+00:00,48.922714069486254
2021-10-11 00:00:00+00:00,56.770669987368905
2021-10-12 00:00:00+00:00,59.967120920895795
2021-10-13 00:00:00+00:00,55.2329117837956
2021-10-14 00:00:00+00:00,49.58820510521163
2021-10-15 00:00:00+00:00,43.186948823041504
2021-10-18 00:00:00+00:00,45.620261561841474
2021-10-19 00:00:00+00:00,39.609513768172874
2021-10-20 00:00:00+00:00,32.47357553380894
2021-10-21 00:00:00+00:00,32.35515573965444
2021-10-22 00:00:00+00:00,31.969317130219792
2021-10-25 00:00:00+00:00,35.434644246475685
2021-10-26 00:00:00+00:00,43.57013266830924
2021-10-27 00:00:00+00:00,51.24849097614617
2021-10-28 00:00:00+00:00,54.512234288396044
2021-10-29 00:00:00+00:00,53.690433440910546
2021-11-01 00:00:00+00:00,46.196894828924215
2021-11-02 00:00:00+00:00,46.086934780872255
2021-11-03 00:00:00+00:00,49.931533304671106
2021-11-04 00:00:00+00:00,47.61887514753147
2021-11-05 00:00:00+00:00,52.436923321178426
2021-11-08 00:00:00+00:00,59.50985737023863
2021-11-09 00:00:00+00:00,61.312123621388054
2021-11-10 00:00:00+00:00,61.2958653978762
2021-11-11 00:00:00+00:00,52.987819140606476
2021-11-12 00:00:00+00:00,60.008509700691974
2021-11-15 00:00:00+00:00,59.601158489542996
2021-11-16 00:00:00+00:00,53.36780532428179
2021-11-17 00:00:00+00:00,55.937098933842876
2021-11-18 00:00:00+00:00,62.95216095664702
2021-11-19 00:00:00+00:00,59.92627902427448
2021-11-22 00:00:00+00:00,55.073038267754846
2021-11-23 00:00:00+00:00,49.23760447338455
2021-11-24 00:00:00+00:00,53.47871434160237
2021-11-26 00:00:00+00:00,51.47376353619313
2021-11-29 00:00:00+00:00,42.274675506475205
2021-11-30 00:00:00+00:00,37.34928316607362
2021-12-01 00:00:00+00:00,30.177731807460027
2021-12-02 00:00:00+00:00,27.787214687914005
2021-12-03 00:00:00+00:00,27.500181682313887
2021-12-06 00:00:00+00:00,30.882999093425884
2021-12-07 00:00:00+00:00,41.25469614239514
2021-12-08 00:00:00+00:00,50.246554066628406
2021-12-09 00:00:00+00:00,58.02317079268171
2021-12-10 00:00:00+00:00,57.94337089297469
2021-12-13 00:00:00+00:00,58.2326171048648
2021-12-14 00:00:00+00:00,56.6525101124833
2021-12-15 00:00:00+00:00,56.33131358443397
2021-12-16 00:00:00+00:00,47.86579648785258
2021-12-17 00:00:00+00:00,47.76118470902669
2021-12-20 00:00:00+00:00,42.036498052546875
2021-12-21 00:00:00+00:00,33.12249974403375
2021-12-22 00:00:00+00:00,34.01512972687975
2021-12-23 00:00:00+00:00,44.95248001628373
2021-12-27 00:00:00+00:00,48.24226812995523
2021-12-28 00:00:00+00:00,48.745816739109785
2021-12-29 00:00:00+00:00,44.171628398952706
2021-12-30 00:00:00+00:00,45.94055061914523
2021-12-31 00:00:00+00:00,40.8576009370547
2022-01-03 00:00:00+00:00,41.66944440200035
2022-01-04 00:00:00+00:00,39.44789484829369
2022-01-05 00:00:00+00:00,39.003382594260344
2022-01-06 00:00:00+00:00,32.332772644957494
2022-01-07 00:00:00+00:00,28.26465730307828
2022-01-10 00:00:00+00:00,25.293220388605715
2022-01-11 00:00:00+00:00,22.044293126940275
2022-01-12 00:00:00+00:00,30.05899885376522
2022-01-13 00:00:00+00:00,38.82550159708671
2022-01-14 00:00:00+00:00,37.51496606334757
2022-01-18 00:00:00+00:00,42.497745065730356
2022-01-19 00:00:00+00:00,51.11531754360077
2022-01-20 00:00:00+00:00,60.0062078496817
2022-01-21 00:00:00+00:00,59.82271167461943
2022-01-24 00:00:00+00:00,59.05985872330597
2022-01-25 00:00:00+00:00,56.57683201775957
2022-01-26 00:00:00+00:00,54.96549350826145
2022-01-27 00:00:00+00:00,47.56534317514242
2022-01-28 00:00:00+00:00,43.44526285184835
2022-01-31 00:00:00+00:00,38.070872838738815
2022-02-01 00:00:00+00:00,36.94878523520002
2022-02-02 00:00:00+00:00,44.52891261707878
2022-02-03 00:00:00+00:00,37.00591610304679
2022-02-04 00:00:00+00:00,36.16446754229965
2022-02-07 00:00:00+00:00,42.14431571896358
2022-02-08 00:00:00+00:00,40.7880459700001
2022-02-09 00:00:00+00:00,41.16497395514335
2022-02-10 00:00:00+00:00,50.68775582549938
2022-02-11 00:00:00+00:00,49.795361155438556
2022-02-14 00:00:00+00:00,41.109036821789665
2022-02-15 00:00:00+00:00,36.206146410519494
2022-02-16 00:00:00+00:00,33.37525513897872
2022-02-17 00:00:00+00:00,32.28872094044815
2022-02-18 00:00:00+00:00,37.44354891852727
2022-02-22 00:00:00+00:00,36.90557317679724
2022-02-23 00:00:00+00:00,44.27127484337932
2022-02-24 00:00:00+00:00,46.48662250575125
2022-02-25 00:00:00+00:00,48.101344747727616
2022-02-28 00:00:00+00:00,41.18870591447853
2022-03-01 00:00:00+00:00,42.10991476470943
2022-03-02 00:00:00+00:00,56.29087945214977
2022-03-03 00:00:00+00:00,64.98656593229141
2022-03-04 00:00:00+00:00,70.99778482041842
2022-03-07 00:00:00+00:00,76.48997573277896
2022-03-08 00:00:00+00:00,76.10328920250984
2022-03-09 00:00:00+00:00,77.3804218832741
2022-03-10 00:00:00+00:00,65.60662929136672
2022-03-11 00:00:00+00:00,63.84330376494515
2022-03-14 00:00:00+00:00,65.09482013141732
2022-03-15 00:00:00+00:00,62.765122453683794
2022-03-16 00:00:00+00:00,53.50028402607749
2022-03-17 00:00:00+00:00,47.43970479950825
2022-03-18 00:00:00+00:00,48.15629142004482
2022-03-21 00:00:00+00:00,53.02212662253361
2022-03-22 00:00:00+00:00,60.09210231816209
2022-03-23 00:00:00+00:00,59.38410426485178
2022-03-24 00:00:00+00:00,60.625012672175956
2022-03-25 00:00:00+00:00,61.388647938713476
2022-03-28 00:00:00+00:00,67.0763217389084
2022-03-29 00:00:00+00:00,68.33217934238984
2022-03-30 00:00:00+00:00,56.17342990079874
2022-03-31 00:00:00+00:00,58.44037393790933
2022-04-01 00:00:00+00:00,59.51718871546092
2022-04-04 00:00:00+00:00,56.85163849410128
2022-04-05 00:00:00+00:00,60.3294987199194
2022-04-06 00:00:00+00:00,62.17866642048641
2022-04-07 00:00:00+00:00,60.915488406382266
2022-04-08 00:00:00+00:00,65.13937503426588
2022-04-11 00:00:00+00:00,73.39652018227991
2022-04-12 00:00:00+00:00,73.0903787859388
2022-04-13 00:00:00+00:00,70.19841032859546
2022-04-14 00:00:00+00:00,65.54923553946364
2022-04-18 00:00:00+00:00,61.855186782753904
2022-04-19 00:00:00+00:00,63.92263701815027
2022-04-20 00:00:00+00:00,51.36211214046264
2022-04-21 00:00:00+00:00,44.970355397939
2022-04-22 00:00:00+00:00,48.807293009698
2022-04-25 00:00:00+00:00,40.33048226622998
2022-04-26 00:00:00+00:00,33.811468093007186
2022-04-27 00:00:00+00:00,32.83721970445359
2022-04-28 00:00:00+00:00,32.136246052130225
2022-04-29 00:00:00+00:00,40.081937256746215
2022-05-02 00:00:00+00:00,41.336429000178455
2022-05-03 00:00:00+00:00,37.025591441349164
2022-05-04 00:00:00+00:00,32.589725528577375
2022-05-05 00:00:00+00:00,31.11110355764047
2022-05-06 00:00:00+00:00,35.48830651979301
2022-05-09 00:00:00+00:00,46.15672604203959
2022-05-10 00:00:00+00:00,41.131473866399034
2022-05-11 00:00:00+00:00,37.80432416877421
2022-05-12 00:00:00+00:00,36.95386711263585
2022-05-13 00:00:00+00:00,39.158582766553735
2022-05-16 00:00:00+00:00,51.18579838242872
2022-05-17 00:00:00+00:00,61.977321943109686
2022-05-18 00:00:00+00:00,68.74210424703148
2022-05-19 00:00:00+00:00,67.09101950863597
2022-05-20 00:00:00+00:00,65.13903863095521
2022-05-23 00:00:00+00:00,66.83229303304682
2022-05-24 00:00:00+00:00,62.84784288179105
2022-05-25 00:00:00+00:00,61.00686056584166
2022-05-26 00:00:00+00:00,58.465280487860994
2022-05-27 00:00:00+00:00,53.83921029222565
2022-05-31 00:00:00+00:00,54.02921139426874
2022-06-01 00:00:00+00:00,48.491257976853234
2022-06-02 00:00:00+00:00,47.82808927681276
2022-06-03 00:00:00+00:00,45.15186908049612
2022-06-06 00:00:00+00:00,42.63048861808241
2022-06-07 00:00:00+00:00,50.50333365510534
2022-06-08 00:00:00+00:00,40.14839008917692
2022-06-09 00:00:00+00:00,36.99499332429239
2022-06-10 00:00:00+00:00,44.3812764869752
2022-06-13 00:00:00+00:00,39.38226935030098
2022-06-14 00:00:00+00:00,35.45312450202705
2022-06-15 00:00:00+00:00,36.62011087307476
2022-06-16 00:00:00+00:00,33.53046550039562
2022-06-17 00:00:00+00:00,35.454721385945305
2022-06-21 00:00:00+00:00,37.90887439767762
2022-06-22 00:00:00+00:00,40.31483725956965
2022-06-23 00:00:00+00:00,35.4157737760992
2022-06-24 00:00:00+00:00,31.684976227958135
2022-06-27 00:00:00+00:00,29.640879081797642
2022-06-28 00:00:00+00:00,28.120125296181396
2022-06-29 00:00:00+00:00,37.02840647694899
2022-06-30 00:00:00+00:00,40.355695899424695
2022-07-01 00:00:00+00:00,41.17416100601661
2022-07-05 00:00:00+00:00,32.085622868869116
2022-07-06 00:00:00+00:00,25.474680203440315
2022-07-07 00:00:00+00:00,30.306926205624663
2022-07-08 00:00:00+00:00,45.4545350866741
2022-07-11 00:00:00+00:00,58.1919237556935
2022-07-12 00:00:00+00:00,58.89158467849168
2022-07-13 00:00:00+00:00,55.53291453587991
2022-07-14 00:00:00+00:00,61.051328800283024
2022-07-15 00:00:00+00:00,59.26557149300663
2022-07-18 00:00:00+00:00,62.50659990594822
2022-07-19 00:00:00+00:00,65.5671717744524
2022-07-20 00:00:00+00:00,55.30939225800451
2022-07-21 00:00:00+00:00,49.242723009468065
2022-07-22 00:00:00+00:00,42.73889969188476
2022-07-25 00:00:00+00:00,35.49303504386856
2022-07-26 00:00:00+00:00,29.517716199159736
2022-07-27 00:00:00+00:00,27.5259432509154
2022-07-28 00:00:00+00:00,26.23960070720435
2022-07-29 00:00:00+00:00,33.51422394444711
2022-08-01 00:00:00+00:00,33.69081245922884
2022-08-02 00:00:00+00:00,35.22530036372327
2022-08-03 00:00:00+00:00,38.04937482281665
2022-08-04 00:00:00+00:00,41.096753202237664
2022-08-05 00:00:00+00:00,38.109233055591304
2022-08-08 00:00:00+00:00,46.49688017752579
2022-08-09 00:00:00+00:00,49.71509209367571
2022-08-10 00:00:00+00:00,51.25739628712151
2022-08-11 00:00:00+00:00,58.127946276318085
2022-08-12 00:00:00+00:00,63.933596767848215
2022-08-15 00:00:00+00:00,67.54678300240673
2022-08-16 00:00:00+00:00,66.66253159784563
2022-08-17 00:00:00+00:00,58.04499042119898
2022-08-18 00:00:00+00:00,54.334910147776654
2022-08-19 00:00:00+00:00,42.774174294478456
2022-08-22 00:00:00+00:00,46.76421781398194
2022-08-23 00:00:00+00:00,45.138149966376844
2022-08-24 00:00:00+00:00,43.60668737745069
2022-08-25 00:00:00+00:00,47.02030419463834
2022-08-26 00:00:00+00:00,44.943086503861615
2022-08-29 00:00:00+00:00,56.04249545705576
2022-08-30 00:00:00+00:00,58.97801102908349
2022-08-31 00:00:00+00:00,52.12862729124441
2022-09-01 00:00:00+00:00,45.930166907290044
2022-09-02 00:00:00+00:00,46.21112628609152
2022-09-06 00:00:00+00:00,49.924696956519
2022-09-07 00:00:00+00:00,47.38425772750317
2022-09-08 00:00:00+00:00,48.29709613105821
2022-09-09 00:00:00+00:00,45.7553747619519
2022-09-12 00:00:00+00:00,52.11565852114478
2022-09-13 00:00:00+00:00,56.9394354878325
2022-09-14 00:00:00+00:00,49.53186989990148
2022-09-15 00:00:00+00:00,46.849163052336394
2022-09-16 00:00:00+00:00,43.920340650478714
2022-09-19 00:00:00+00:00,36.88274712387498
2022-09-20 00:00:00+00:00,31.71475762822089
2022-09-21 00:00:00+00:00,41.665838708160244
2022-09-22 00:00:00+00:00,45.21494578727007
2022-09-23 00:00:00+00:00,50.78329916240025
2022-09-26 00:00:00+00:00,45.07594009686266
2022-09-27 00:00:00+00:00,42.7999961037671
2022-09-28 00:00:00+00:00,41.42362445568149
2022-09-29 00:00:00+00:00,44.61110506151598
2022-09-30 00:00:00+00:00,47.470149507638894
2022-10-03 00:00:00+00:00,45.84503106812166
2022-10-04 00:00:00+00:00,39.087523967993555
2022-10-05 00:00:00+00:00,50.05367447726715
2022-10-06 00:00:00+00:00,54.53809332222323
2022-10-07 00:00:00+00:00,64.37540307695997
2022-10-10 00:00:00+00:00,70.21152286971224
2022-10-11 00:00:00+00:00,70.03863387057216
2022-10-12 00:00:00+00:00,71.67233066403816
2022-10-13 00:00:00+00:00,70.1564349811825
2022-10-14 00:00:00+00:00,71.59931825016598
2022-10-17 00:00:00+00:00,72.53360282534136
2022-10-18 00:00:00+00:00,69.8528204317507
2022-10-19 00:00:00+00:00,64.79259388300383
2022-10-20 00:00:00+00:00,62.25803536115602
2022-10-21 00:00:00+00:00,51.9469566681034
2022-10-24 00:00:00+00:00,48.19393857861178
2022-10-25 00:00:00+00:00,40.012015274341806
2022-10-26 00:00:00+00:00,36.80314252340311
2022-10-27 00:00:00+00:00,30.496755681417106
2022-10-28 00:00:00+00:00,25.975299262879417
2022-10-31 00:00:00+00:00,22.631347199151485
2022-11-01 00:00:00+00:00,36.52730185937054
2022-11-02 00:00:00+00:00,51.61460512891135
2022-11-03 00:00:00+00:00,57.37431438883584
2022-11-04 00:00:00+00:00,59.29421747544654
2022-11-07 00:00:00+00:00,64.53801871852961
2022-11-08 00:00:00+00:00,65.20154601203976
2022-11-09 00:00:00+00:00,70.66050691608667
2022-11-10 00:00:00+00:00,76.67156425944546
2022-11-11 00:00:00+00:00,78.95804332775555
2022-11-14 00:00:00+00:00,81.77120049135698
2022-11-15 00:00:00+00:00,84.13738486572058
2022-11-16 00:00:00+00:00,87.47634356995204
2022-11-17 00:00:00+00:00,87.82962441608203
2022-11-18 00:00:00+00:00,71.35110355710921
2022-11-21 00:00:00+00:00,69.81203224430718
2022-11-22 00:00:00+00:00,64.7714192128513
2022-11-23 00:00:00+00:00,60.339980599388525
2022-11-25 00:00:00+00:00,54.712340898175356
2022-11-28 00:00:00+00:00,48.54118755506829
2022-11-29 00:00:00+00:00,47.620042130999366
2022-11-30 00:00:00+00:00,50.72087934608888
2022-12-01 00:00:00+00:00,53.938791841856855
2022-12-02 00:00:00+00:00,54.723160859301416
2022-12-05 00:00:00+00:00,50.91508352481749
2022-12-06 00:00:00+00:00,51.66901857957001
2022-12-07 00:00:00+00:00,47.251374126426576
2022-12-08 00:00:00+00:00,48.69586398700516
2022-12-09 00:00:00+00:00,54.849050128139936
2022-12-12 00:00:00+00:00,54.14290431419495
2022-12-13 00:00:00+00:00,47.33546011603502
2022-12-14 00:00:00+00:00,54.99665417521196
2022-12-15 00:00:00+00:00,65.71607568450992
2022-12-16 00:00:00+00:00,61.42938458927746
2022-12-19 00:00:00+00:00,61.7112296716522
2022-12-20 00:00:00+00:00,62.611463383210236
2022-12-21 00:00:00+00:00,68.86510073652984
2022-12-22 00:00:00+00:00,72.75067023535334
2022-12-23 00:00:00+00:00,75.44997336249047
2022-12-27 00:00:00+00:00,77.24098306601768
2022-12-28 00:00:00+00:00,60.874039895476685
2022-12-29 00:00:00+00:00,52.51131004441517
2022-12-30 00:00:00+00:00,52.18197389864346
2023-01-03 00:00:00+00:00,47.37057594890249
2023-01-04 00:00:00+00:00,40.54933774544597
2023-01-05 00:00:00+00:00,36.156339606993974
2023-01-06 00:00:00+00:00,32.22527023185899
2023-01-09 00:00:00+00:00,27.055311465752467
2023-01-10 00:00:00+00:00,30.76050108425507
2023-01-11 00:00:00+00:00,41.70606091025711
2023-01-12 00:00:00+00:00,45.538696754730175
2023-01-13 00:00:00+00:00,45.72125035414355
2023-01-17 00:00:00+00:00,48.83460035839455
2023-01-18 00:00:00+00:00,57.163598728695334
2023-01-19 00:00:00+00:00,53.22111594881507
2023-01-20 00:00:00+00:00,49.31276387517967
2023-01-23 00:00:00+00:00,48.85901283908785
2023-01-24 00:00:00+00:00,48.265663477630284
2023-01-25 00:00:00+00:00,52.334564481326105
2023-01-26 00:00:00+00:00,58.323108331398615
2023-01-27 00:00:00+00:00,68.0900057416159
2023-01-30 00:00:00+00:00,73.95260123734971
2023-01-31 00:00:00+00:00,77.88936027972042
2023-02-01 00:00:00+00:00,82.48350747828175
2023-02-02 00:00:00+00:00,74.67100935150185
2023-02-03 00:00:00+00:00,74.46772714663928
2023-02-06 00:00:00+00:00,66.00352373139872
2023-02-07 00:00:00+00:00,54.49646452348945
2023-02-08 00:00:00+00:00,53.039122799628274
2023-02-09 00:00:00+00:00,56.91699547457074
2023-02-10 00:00:00+00:00,60.90400410424882
2023-02-13 00:00:00+00:00,45.97648513687432
2023-02-14 00:00:00+00:00,38.39131179202556
2023-02-15 00:00:00+00:00,39.943109398581
2023-02-16 00:00:00+00:00,38.13742198244375
2023-02-17 00:00:00+00:00,38.2537316237642
2023-02-21 00:00:00+00:00,38.770901637732
2023-02-22 00:00:00+00:00,41.15739709356616
2023-02-23 00:00:00+00:00,41.55303039686054
2023-02-24 00:00:00+00:00,49.13495214925672
2023-02-27 00:00:00+00:00,42.830670175000904
2023-02-28 00:00:00+00:00,49.14629957646311
2023-03-01 00:00:00+00:00,48.523375732343126
2023-03-02 00:00:00+00:00,54.146893870275974
2023-03-03 00:00:00+00:00,52.55769719125328
2023-03-06 00:00:00+00:00,58.347512511829294
2023-03-07 00:00:00+00:00,59.53942977718503
2023-03-08 00:00:00+00:00,61.48770292140421
2023-03-09 00:00:00+00:00,59.69688960568878
2023-03-10 00:00:00+00:00,62.24169147082097
2023-03-13 00:00:00+00:00,63.207163248133234
2023-03-14 00:00:00+00:00,56.504121048436275
2023-03-15 00:00:00+00:00,52.16881146974846
2023-03-16 00:00:00+00:00,47.64819960193577
2023-03-17 00:00:00+00:00,50.95360221422682
2023-03-20 00:00:00+00:00,50.3126933905983
2023-03-21 00:00:00+00:00,46.53111606522154
2023-03-22 00:00:00+00:00,51.57621094650583
2023-03-23 00:00:00+00:00,58.51571835312528
2023-03-24 00:00:00+00:00,55.61512974123174
2023-03-27 00:00:00+00:00,53.24694198008217
2023-03-28 00:00:00+00:00,54.539736345383
2023-03-29 00:00:00+00:00,61.083304522966415
2023-03-30 00:00:00+00:00,61.73688134824461
2023-03-31 00:00:00+00:00,70.1748028884968
2023-04-03 00:00:00+00:00,75.23624047529141
2023-04-04 00:00:00+00:00,77.99421854255715
2023-04-05 00:00:00+00:00,79.42373632203267
2023-04-06 00:00:00+00:00,82.88291085324627
2023-04-10 00:00:00+00:00,86.71787384438599
2023-04-11 00:00:00+00:00,86.68827988738681
2023-04-12 00:00:00+00:00,89.2609072372157
2023-04-13 00:00:00+00:00,83.11520810175668
2023-04-14 00:00:00+00:00,69.60774301520505
2023-04-17 00:00:00+00:00,65.73348842485316
2023-04-18 00:00:00+00:00,67.42138333235332
2023-04-19 00:00:00+00:00,69.14550807248169
2023-04-20 00:00:00+00:00,67.91070650128438
2023-04-21 00:00:00+00:00,74.14235586966547
2023-04-24 00:00:00+00:00,69.24998542157545
2023-04-25 00:00:00+00:00,73.70026097131603
2023-04-26 00:00:00+00:00,77.95037050800266
2023-04-27 00:00:00+00:00,76.46026881400837
2023-04-28 00:00:00+00:00,78.51055537500656
2023-05-01 00:00:00+00:00,79.19398422865589
2023-05-02 00:00:00+00:00,67.43819361445286
2023-05-03 00:00:00+00:00,58.87704549042436
2023-05-04 00:00:00+00:00,56.314004726857846
2023-05-05 00:00:00+00:00,58.86241766921472
2023-05-08 00:00:00+00:00,65.78966772298756
2023-05-09 00:00:00+00:00,64.87193217544996
2023-05-10 00:00:00+00:00,65.36229396590609
2023-05-11 00:00:00+00:00,69.0279383758556
2023-05-12 00:00:00+00:00,61.177091501782144
2023-05-15 00:00:00+00:00,60.38942952485188
2023-05-16 00:00:00+00:00,60.79448207180648
2023-05-17 00:00:00+00:00,57.57485707188851
2023-05-18 00:00:00+00:00,54.107551093985634
2023-05-19 00:00:00+00:00,48.73111729018632
2023-05-22 00:00:00+00:00,49.55053725696867
2023-05-23 00:00:00+00:00,52.92504118300397
2023-05-24 00:00:00+00:00,51.010946185699694
2023-05-25 00:00:00+00:00,45.53447553400945
2023-05-26 00:00:00+00:00,36.44160135663414
2023-05-30 00:00:00+00:00,42.144546650706864
2023-05-31 00:00:00+00:00,43.5648580851122
2023-06-01 00:00:00+00:00,40.791078129532934
2023-06-02 00:00:00+00:00,37.83488216305088
2023-06-05 00:00:00+00:00,35.18672926381135
2023-06-06 00:00:00+00:00,30.98299285115899
2023-06-07 00:00:00+00:00,33.564474225523995
2023-06-08 00:00:00+00:00,33.47408512523744
2023-06-09 00:00:00+00:00,49.6088203850101
2023-06-12 00:00:00+00:00,53.4203769952653
2023-06-13 00:00:00+00:00,55.88886027416423
2023-06-14 00:00:00+00:00,46.68180250797961
2023-06-15 00:00:00+00:00,51.5321420952052
2023-06-16 00:00:00+00:00,55.97908993106546
2023-06-20 00:00:00+00:00,61.84000268162991
2023-06-21 00:00:00+00:00,62.8053328900056
2023-06-22 00:00:00+00:00,60.05709533499066
2023-06-23 00:00:00+00:00,47.83320461620945
2023-06-26 00:00:00+00:00,38.10257003305229
2023-06-27 00:00:00+00:00,30.93335839802883
2023-06-28 00:00:00+00:00,25.273643785343463
2023-06-29 00:00:00+00:00,21.849365526690555
2023-06-30 00:00:00+00:00,18.849023201263144
2023-07-03 00:00:00+00:00,27.63922581248644
2023-07-05 00:00:00+00:00,36.53348991040661
2023-07-06 00:00:00+00:00,41.71158381202961
2023-07-07 00:00:00+00:00,41.10589378158522
2023-07-10 00:00:00+00:00,44.17017607882342
2023-07-11 00:00:00+00:00,44.29262686623895
2023-07-12 00:00:00+00:00,45.543579656501876
2023-07-13 00:00:00+00:00,50.841218245635375
2023-07-14 00:00:00+00:00,53.82549950427935
2023-07-17 00:00:00+00:00,58.460484287406125
2023-07-18 00:00:00+00:00,52.314853630212056
2023-07-19 00:00:00+00:00,51.092582448302906
2023-07-20 00:00:00+00:00,55.306794001266425
2023-07-21 00:00:00+00:00,61.64430265120063
2023-07-24 00:00:00+00:00,66.75902637080961
2023-07-25 00:00:00+00:00,66.74145069424254
2023-07-26 00:00:00+00:00,62.36785718952025
2023-07-27 00:00:00+00:00,55.78792200171711
2023-07-28 00:00:00+00:00,54.198922131016644
2023-07-31 00:00:00+00:00,45.923280094643616
2023-08-01 00:00:00+00:00,46.45500205943656
2023-08-02 00:00:00+00:00,51.070253667942694
2023-08-03 00:00:00+00:00,49.4651655085419
2023-08-04 00:00:00+00:00,46.098157216873545
2023-08-07 00:00:00+00:00,40.39751007042046
2023-08-08 00:00:00+00:00,39.58297987716969
2023-08-09 00:00:00+00:00,35.46247485998245
2023-08-10 00:00:00+00:00,39.913766855190545
2023-08-11 00:00:00+00:00,46.08715342567285
2023-08-14 00:00:00+00:00,54.25505775196808
2023-08-15 00:00:00+00:00,51.85037029648865
2023-08-16 00:00:00+00:00,46.6276418576598
2023-08-17 00:00:00+00:00,51.72857165760841
2023-08-18 00:00:00+00:00,50.29621485245957
2023-08-21 00:00:00+00:00,46.146821963925134
2023-08-22 00:00:00+00:00,40.0633682185504
2023-08-23 00:00:00+00:00,38.03555030341296
2023-08-24 00:00:00+00:00,46.05461940254992
2023-08-25 00:00:00+00:00,54.983930998794094
2023-08-28 00:00:00+00:00,63.59982483895109
2023-08-29 00:00:00+00:00,71.74029577537567
2023-08-30 00:00:00+00:00,72.2479280395652
2023-08-31 00:00:00+00:00,70.30373319325534
2023-09-01 00:00:00+00:00,64.43984784197093
2023-09-05 00:00:00+00:00,69.07380647489977
2023-09-06 00:00:00+00:00,75.33614431202584
2023-09-07 00:00:00+00:00,70.8106008328102
2023-09-08 00:00:00+00:00,72.10898388715732
2023-09-11 00:00:00+00:00,67.22691450189892
2023-09-12 00:00:00+00:00,66.29350877573142
2023-09-13 00:00:00+00:00,69.1485201489084
2023-09-14 00:00:00+00:00,69.75515840363869
2023-09-15 00:00:00+00:00,72.88399044025128
2023-09-18 00:00:00+00:00,72.73901739514766
2023-09-19 00:00:00+00:00,74.21334393778095
2023-09-20 00:00:00+00:00,77.15430368743763
2023-09-21 00:00:00+00:00,67.14026367564254
2023-09-22 00:00:00+00:00,64.91844126161196
2023-09-25 00:00:00+00:00,64.39749631276595
2023-09-26 00:00:00+00:00,52.809736925007286
2023-09-27 00:00:00+00:00,44.901955183693794
2023-09-28 00:00:00+00:00,44.367672168107035
2023-09-29 00:00:00+00:00,52.27081352934362
2023-10-02 00:00:00+00:00,48.61604508711541
2023-10-03 00:00:00+00:00,45.85776310987035
2023-10-04 00:00:00+00:00,38.180966345305755
2023-10-05 00:00:00+00:00,39.58608855735947
2023-10-06 00:00:00+00:00,43.39343228857873
2023-10-09 00:00:00+00:00,51.76207026449926
2023-10-10 00:00:00+00:00,58.79276408859877
2023-10-11 00:00:00+00:00,59.20501672930075
2023-10-12 00:00:00+00:00,51.02837095280373
2023-10-13 00:00:00+00:00,47.73580517607094
2023-10-16 00:00:00+00:00,54.53588018632212
2023-10-17 00:00:00+00:00,57.00818468110875
2023-10-18 00:00:00+00:00,62.16528420761736
2023-10-19 00:00:00+00:00,63.71051389876646
2023-10-20 00:00:00+00:00,60.76900357514148
2023-10-23 00:00:00+00:00,52.85195902615325
2023-10-24 00:00:00+00:00,57.81334697991011
2023-10-25 00:00:00+00:00,59.99211650336402
2023-10-26 00:00:00+00:00,61.84351137069599
2023-10-27 00:00:00+00:00,52.993002172165795
2023-10-30 00:00:00+00:00,54.02708059932921
2023-10-31 00:00:00+00:00,46.84155567169027
2023-11-01 00:00:00+00:00,48.98713167321358
2023-11-02 00:00:00+00:00,54.52610501488891
2023-11-03 00:00:00+00:00,55.92593403931011
2023-11-06 00:00:00+00:00,59.69965086837479
2023-11-07 00:00:00+00:00,62.87927630923903
2023-11-08 00:00:00+00:00,57.64656235291359
2023-11-09 00:00:00+00:00,50.39531961707313
2023-11-10 00:00:00+00:00,55.24109596329392
2023-11-13 00:00:00+00:00,50.420635080649134
2023-11-14 00:00:00+00:00,53.69699997544711
2023-11-15 00:00:00+00:00,48.55933180801081
2023-11-16 00:00:00+00:00,46.51544726529422
2023-11-17 00:00:00+00:00,46.42282844964693
2023-11-20 00:00:00+00:00,46.24950872462763
2023-11-21 00:00:00+00:00,52.17583744241743
2023-11-22 00:00:00+00:00,56.75278970140087
2023-11-24 00:00:00+00:00,49.73307180039026
2023-11-27 00:00:00+00:00,44.28059641037096
2023-11-28 00:00:00+00:00,46.19158059839115
2023-11-29 00:00:00+00:00,43.85759321768804
2023-11-30 00:00:00+00:00,41.29565543643314
2023-12-01 00:00:00+00:00,32.1392287468703
2023-12-04 00:00:00+00:00,23.725110458785647
2023-12-05 00:00:00+00:00,31.746164363322606
2023-12-06 00:00:00+00:00,29.319130476799245
2023-12-07 00:00:00+00:00,21.7541136575557
2023-12-08 00:00:00+00:00,19.57519941145519
2023-12-11 00:00:00+00:00,22.81809170578724
2023-12-12 00:00:00+00:00,20.90507624190281
2023-12-13 00:00:00+00:00,21.736944997277504
2023-12-14 00:00:00+00:00,19.94877476713819
2023-12-15 00:00:00+00:00,22.124126817878267
2023-12-18 00:00:00+00:00,22.068924050466286
2023-12-19 00:00:00+00:00,19.53800002719288
2023-12-20 00:00:00+00:00,20.510629406861433
2023-12-21 00:00:00+00:00,18.88420644908155
2023-12-22 00:00:00+00:00,16.231950771504756
2023-12-26 00:00:00+00:00,21.055283169057116
2023-12-27 00:00:00+00:00,22.248317981250032
2023-12-28 00:00:00+00:00,23.830180476832215
2023-12-29 00:00:00+00:00,39.615486338484764
