date,equity
2013-08-29 00:00:00+00:00,300000000.0
2013-08-30 00:00:00+00:00,300000000.0
2013-09-03 00:00:00+00:00,300000000.0
2013-09-04 00:00:00+00:00,300000000.0
2013-09-05 00:00:00+00:00,302380851.20000005
2013-09-06 00:00:00+00:00,307508838.4
2013-09-09 00:00:00+00:00,311537971.20000005
2013-09-10 00:00:00+00:00,314651392.0
2013-09-11 00:00:00+00:00,314468249.6
2013-09-12 00:00:00+00:00,314651392.0
2013-09-13 00:00:00+00:00,313003110.40000004
2013-09-16 00:00:00+00:00,310255974.40000004
2013-09-17 00:00:00+00:00,307508838.4
2013-09-18 00:00:00+00:00,309340262.40000004
2013-09-19 00:00:00+00:00,314468249.6
2013-09-20 00:00:00+00:00,324907366.4
2013-09-23 00:00:00+00:00,325273651.20000005
2013-09-24 00:00:00+00:00,328387072.0
2013-09-25 00:00:00+00:00,333148774.40000004
2013-09-26 00:00:00+00:00,333148774.40000004
2013-09-27 00:00:00+00:00,324907366.4
2013-09-30 00:00:00+00:00,332233062.40000004
2013-10-01 00:00:00+00:00,335529625.6
2013-10-02 00:00:00+00:00,339009331.20000005
2013-10-03 00:00:00+00:00,339192473.6
2013-10-04 00:00:00+00:00,338459904.0
2013-10-07 00:00:00+00:00,340474470.40000004
2013-10-08 00:00:00+00:00,341023897.6
2013-10-09 00:00:00+00:00,340474470.40000004
2013-10-10 00:00:00+00:00,342855321.6
2013-10-11 00:00:00+00:00,346701312.0
2013-10-14 00:00:00+00:00,348899020.8
2013-10-15 00:00:00+00:00,342489036.8
2013-10-16 00:00:00+00:00,348166451.20000005
2013-10-17 00:00:00+00:00,347983308.8
2013-10-18 00:00:00+00:00,357140428.8
2013-10-21 00:00:00+00:00,355675289.6
2013-10-22 00:00:00+00:00,356224716.8
2013-10-23 00:00:00+00:00,353111296.00000006
2013-10-24 00:00:00+00:00,347433881.6
2013-10-25 00:00:00+00:00,348532736.00000006
2013-10-28 00:00:00+00:00,350424416.00000006
2013-10-29 00:00:00+00:00,357675856.0000001
2013-10-30 00:00:00+00:00,359725176.00000006
2013-10-31 00:00:00+00:00,359725176.00000006
2013-11-01 00:00:00+00:00,360828656.00000006
2013-11-04 00:00:00+00:00,359725176.00000006
2013-11-05 00:00:00+00:00,360671016.00000006
2013-11-06 00:00:00+00:00,363193256.00000006
2013-11-07 00:00:00+00:00,364139096.0000001
2013-11-08 00:00:00+00:00,363508536.0000001
2013-11-11 00:00:00+00:00,365242576.0000001
2013-11-12 00:00:00+00:00,366818976.00000006
2013-11-13 00:00:00+00:00,367922456.00000006
2013-11-14 00:00:00+00:00,370444696.00000006
2013-11-15 00:00:00+00:00,371863456.00000006
2013-11-18 00:00:00+00:00,368710656.00000006
2013-11-19 00:00:00+00:00,370287056.0000001
2013-11-20 00:00:00+00:00,371075256.00000006
2013-11-21 00:00:00+00:00,372494016.00000006
2013-11-22 00:00:00+00:00,374228056.0000001
2013-11-25 00:00:00+00:00,375489176.00000006
2013-11-26 00:00:00+00:00,375804456.00000006
2013-11-27 00:00:00+00:00,377065576.0000001
2013-11-29 00:00:00+00:00,378169056.0000001
2013-12-02 00:00:00+00:00,381006576.0000001
2013-12-03 00:00:00+00:00,383528816.0000001
2013-12-04 00:00:00+00:00,385578136.00000006
2013-12-05 00:00:00+00:00,385420496.00000006
2013-12-06 00:00:00+00:00,386996896.00000006
2013-12-09 00:00:00+00:00,387627456.00000006
2013-12-10 00:00:00+00:00,386523976.00000006
2013-12-11 00:00:00+00:00,388258016.00000006
2013-12-12 00:00:00+00:00,391568456.00000006
2013-12-13 00:00:00+00:00,392041376.00000006
2013-12-16 00:00:00+00:00,392041376.00000006
2013-12-17 00:00:00+00:00,396928216.00000006
2013-12-18 00:00:00+00:00,398031696.00000006
2013-12-19 00:00:00+00:00,393933056.0000001
2013-12-20 00:00:00+00:00,389203856.0000001
2013-12-23 00:00:00+00:00,392671936.00000006
2013-12-24 00:00:00+00:00,392302268.8000001
2013-12-26 00:00:00+00:00,393780937.6
2013-12-27 00:00:00+00:00,396368608.00000006
2013-12-30 00:00:00+00:00,395444440.00000006
2013-12-31 00:00:00+00:00,395998940.8000001
2014-01-02 00:00:00+00:00,393780937.6
2014-01-03 00:00:00+00:00,389899432.0
2014-01-06 00:00:00+00:00,389899432.0
2014-01-07 00:00:00+00:00,389529764.8
2014-01-08 00:00:00+00:00,383615089.6000001
2014-01-09 00:00:00+00:00,378809416.00000006
2014-01-10 00:00:00+00:00,380472918.40000004
2014-01-13 00:00:00+00:00,381027419.20000005
2014-01-14 00:00:00+00:00,378994249.6000001
2014-01-15 00:00:00+00:00,374188576.00000006
2014-01-16 00:00:00+00:00,378254915.20000005
2014-01-17 00:00:00+00:00,374003742.4000001
2014-01-21 00:00:00+00:00,374003742.4000001
2014-01-22 00:00:00+00:00,370491904.00000006
2014-01-23 00:00:00+00:00,370676737.6
2014-01-24 00:00:00+00:00,371970572.8000001
2014-01-27 00:00:00+00:00,366240731.20000005
2014-01-28 00:00:00+00:00,370307070.40000004
2014-01-29 00:00:00+00:00,365131729.6
2014-01-30 00:00:00+00:00,369752569.6
2014-01-31 00:00:00+00:00,380103251.20000005
2014-02-03 00:00:00+00:00,383615089.6000001
2014-02-04 00:00:00+00:00,389529764.8
2014-02-05 00:00:00+00:00,390269099.2000001
2014-02-06 00:00:00+00:00,385648259.20000005
2014-02-07 00:00:00+00:00,383430256.00000006
2014-02-10 00:00:00+00:00,381766753.6000001
2014-02-11 00:00:00+00:00,378439748.8000001
2014-02-12 00:00:00+00:00,384908924.8000001
2014-02-13 00:00:00+00:00,382136420.8000001
2014-02-14 00:00:00+00:00,381581920.00000006
2014-02-18 00:00:00+00:00,391378100.8000001
2014-02-19 00:00:00+00:00,404131619.2000001
2014-02-20 00:00:00+00:00,401174281.6000001
2014-02-21 00:00:00+00:00,408197958.40000004
2014-02-24 00:00:00+00:00,419472808.00000006
2014-02-25 00:00:00+00:00,419472808.00000006
2014-02-26 00:00:00+00:00,419287974.4000001
2014-02-27 00:00:00+00:00,426681318.40000004
2014-02-28 00:00:00+00:00,419103140.8000001
2014-03-03 00:00:00+00:00,421690811.20000005
2014-03-04 00:00:00+00:00,420581809.6
2014-03-05 00:00:00+00:00,429638656.00000006
2014-03-06 00:00:00+00:00,431302158.40000004
2014-03-07 00:00:00+00:00,425572316.8000001
2014-03-10 00:00:00+00:00,429453822.40000004
2014-03-11 00:00:00+00:00,425941984.00000006
2014-03-12 00:00:00+00:00,419287974.4000001
2014-03-13 00:00:00+00:00,422060478.40000004
2014-03-14 00:00:00+00:00,411524963.20000005
2014-03-17 00:00:00+00:00,407828291.20000005
2014-03-18 00:00:00+00:00,409491793.6000001
2014-03-19 00:00:00+00:00,412818798.40000004
2014-03-20 00:00:00+00:00,407828291.20000005
2014-03-21 00:00:00+00:00,403761952.0
2014-03-24 00:00:00+00:00,403946785.6
2014-03-25 00:00:00+00:00,406349622.40000004
2014-03-26 00:00:00+00:00,413558132.8000001
2014-03-27 00:00:00+00:00,422984646.4000001
2014-03-28 00:00:00+00:00,425017816.00000006
2014-03-31 00:00:00+00:00,421136310.40000004
2014-04-01 00:00:00+00:00,410231128.00000006
2014-04-02 00:00:00+00:00,406349622.40000004
2014-04-03 00:00:00+00:00,410231128.00000006
2014-04-04 00:00:00+00:00,413373299.20000005
2014-04-07 00:00:00+00:00,405795121.6000001
2014-04-08 00:00:00+00:00,409861460.8000001
2014-04-09 00:00:00+00:00,407643457.6
2014-04-10 00:00:00+00:00,408382792.0
2014-04-11 00:00:00+00:00,403207451.20000005
2014-04-14 00:00:00+00:00,399325945.6
2014-04-15 00:00:00+00:00,398771444.8
2014-04-16 00:00:00+00:00,405425454.4000001
2014-04-17 00:00:00+00:00,413003632.0
2014-04-21 00:00:00+00:00,416700304.00000006
2014-04-22 00:00:00+00:00,418363806.4000001
2014-04-23 00:00:00+00:00,425017816.00000006
2014-04-24 00:00:00+00:00,420581809.6
2014-04-25 00:00:00+00:00,422614979.20000005
2014-04-28 00:00:00+00:00,417254804.8
2014-04-29 00:00:00+00:00,417439638.40000004
2014-04-30 00:00:00+00:00,420212142.40000004
2014-05-01 00:00:00+00:00,421690811.20000005
2014-05-02 00:00:00+00:00,415221635.20000005
2014-05-05 00:00:00+00:00,415591302.40000004
2014-05-06 00:00:00+00:00,410600795.20000005
2014-05-07 00:00:00+00:00,411709796.8000001
2014-05-08 00:00:00+00:00,411340129.6
2014-05-09 00:00:00+00:00,410600795.20000005
2014-05-12 00:00:00+00:00,412264297.6
2014-05-13 00:00:00+00:00,421690811.20000005
2014-05-14 00:00:00+00:00,430008323.20000005
2014-05-15 00:00:00+00:00,429084155.20000005
2014-05-16 00:00:00+00:00,423723980.8000001
2014-05-19 00:00:00+00:00,421136310.40000004
2014-05-20 00:00:00+00:00,424343844.8000001
2014-05-21 00:00:00+00:00,426707291.2
2014-05-22 00:00:00+00:00,427720196.8000001
2014-05-23 00:00:00+00:00,427889014.40000004
2014-05-27 00:00:00+00:00,433797630.40000004
2014-05-28 00:00:00+00:00,432278272.00000006
2014-05-29 00:00:00+00:00,426032020.8
2014-05-30 00:00:00+00:00,427720196.8000001
2014-06-02 00:00:00+00:00,431096548.8
2014-06-03 00:00:00+00:00,430927731.2
2014-06-04 00:00:00+00:00,433459995.20000005
2014-06-05 00:00:00+00:00,437005164.8000001
2014-06-06 00:00:00+00:00,435485806.4
2014-06-09 00:00:00+00:00,434472900.8
2014-06-10 00:00:00+00:00,434641718.40000004
2014-06-11 00:00:00+00:00,437342800.00000006
2014-06-12 00:00:00+00:00,439199793.6
2014-06-13 00:00:00+00:00,419785769.6
2014-06-16 00:00:00+00:00,417759958.40000004
2014-06-17 00:00:00+00:00,416758342.40000004
2014-06-18 00:00:00+00:00,424103526.4000001
2014-06-19 00:00:00+00:00,429779350.4000001
2014-06-20 00:00:00+00:00,430780966.40000004
2014-06-23 00:00:00+00:00,430113222.4000001
2014-06-24 00:00:00+00:00,429779350.4000001
2014-06-25 00:00:00+00:00,428443862.40000004
2014-06-26 00:00:00+00:00,430447094.40000004
2014-06-27 00:00:00+00:00,423602718.40000004
2014-06-30 00:00:00+00:00,418427702.4000001
2014-07-01 00:00:00+00:00,414922046.4000001
2014-07-02 00:00:00+00:00,416090598.4000001
2014-07-03 00:00:00+00:00,415088982.40000004
2014-07-07 00:00:00+00:00,410080902.4000001
2014-07-08 00:00:00+00:00,412918814.40000004
2014-07-09 00:00:00+00:00,408578478.4000001
2014-07-10 00:00:00+00:00,406408310.40000004
2014-07-11 00:00:00+00:00,402735718.40000004
2014-07-14 00:00:00+00:00,404738950.4000001
2014-07-15 00:00:00+00:00,405072822.4000001
2014-07-16 00:00:00+00:00,402735718.40000004
2014-07-17 00:00:00+00:00,400231678.4000001
2014-07-18 00:00:00+00:00,401066358.40000004
2014-07-21 00:00:00+00:00,406241374.4000001
2014-07-22 00:00:00+00:00,404238142.40000004
2014-07-23 00:00:00+00:00,400899422.4000001
2014-07-24 00:00:00+00:00,402401846.4000001
2014-07-25 00:00:00+00:00,403904270.4000001
2014-07-28 00:00:00+00:00,400565550.4000001
2014-07-29 00:00:00+00:00,395223598.4000001
2014-07-30 00:00:00+00:00,395390534.40000004
2014-07-31 00:00:00+00:00,392552622.4000001
2014-08-01 00:00:00+00:00,390716326.4000001
2014-08-04 00:00:00+00:00,390215518.40000004
2014-08-05 00:00:00+00:00,387043734.40000004
2014-08-06 00:00:00+00:00,390215518.40000004
2014-08-07 00:00:00+00:00,385708246.4000001
2014-08-08 00:00:00+00:00,387210670.40000004
2014-08-11 00:00:00+00:00,388880030.40000004
2014-08-12 00:00:00+00:00,385708246.4000001
2014-08-13 00:00:00+00:00,385207438.40000004
2014-08-14 00:00:00+00:00,383371142.40000004
2014-08-15 00:00:00+00:00,383538078.40000004
2014-08-18 00:00:00+00:00,379531614.40000004
2014-08-19 00:00:00+00:00,376025958.4000001
2014-08-20 00:00:00+00:00,379865486.40000004
2014-08-21 00:00:00+00:00,384706630.40000004
2014-08-22 00:00:00+00:00,378863870.4000001
2014-08-25 00:00:00+00:00,374189662.40000004
2014-08-26 00:00:00+00:00,380032422.4000001
2014-08-27 00:00:00+00:00,377862254.40000004
2014-08-28 00:00:00+00:00,377528382.4000001
2014-08-29 00:00:00+00:00,376359830.40000004
2014-09-02 00:00:00+00:00,381868718.40000004
2014-09-03 00:00:00+00:00,378529998.40000004
2014-09-04 00:00:00+00:00,370350134.4000001
2014-09-05 00:00:00+00:00,368179966.40000004
2014-09-08 00:00:00+00:00,367178350.40000004
2014-09-09 00:00:00+00:00,366176734.4000001
2014-09-10 00:00:00+00:00,360167038.40000004
2014-09-11 00:00:00+00:00,357496062.40000004
2014-09-12 00:00:00+00:00,347813774.40000004
2014-09-15 00:00:00+00:00,345977478.40000004
2014-09-16 00:00:00+00:00,343974246.4000001
2014-09-17 00:00:00+00:00,349483134.4000001
2014-09-18 00:00:00+00:00,347980710.40000004
2014-09-19 00:00:00+00:00,381534846.4000001
2014-09-22 00:00:00+00:00,378863870.4000001
2014-09-23 00:00:00+00:00,380366294.4000001
2014-09-24 00:00:00+00:00,383204206.4000001
2014-09-25 00:00:00+00:00,386209054.40000004
2014-09-26 00:00:00+00:00,394221982.40000004
2014-09-29 00:00:00+00:00,398228446.4000001
2014-09-30 00:00:00+00:00,392385686.40000004
2014-10-01 00:00:00+00:00,385541310.40000004
2014-10-02 00:00:00+00:00,385708246.4000001
2014-10-03 00:00:00+00:00,392218750.4000001
2014-10-06 00:00:00+00:00,401233294.40000004
2014-10-07 00:00:00+00:00,402067974.4000001
2014-10-08 00:00:00+00:00,400231678.4000001
2014-10-09 00:00:00+00:00,396559086.40000004
2014-10-10 00:00:00+00:00,394055046.4000001
2014-10-13 00:00:00+00:00,396058278.4000001
2014-10-14 00:00:00+00:00,398395382.40000004
2014-10-15 00:00:00+00:00,393220366.40000004
2014-10-16 00:00:00+00:00,396058278.4000001
2014-10-17 00:00:00+00:00,395223598.4000001
2014-10-20 00:00:00+00:00,396225214.40000004
2014-10-21 00:00:00+00:00,392218750.4000001
2014-10-22 00:00:00+00:00,393220366.40000004
2014-10-23 00:00:00+00:00,387544542.40000004
2014-10-24 00:00:00+00:00,391217134.40000004
2014-10-27 00:00:00+00:00,385374374.4000001
2014-10-28 00:00:00+00:00,387043734.40000004
2014-10-29 00:00:00+00:00,389881646.4000001
2014-10-30 00:00:00+00:00,389881646.4000001
2014-10-31 00:00:00+00:00,385541310.40000004
2014-11-03 00:00:00+00:00,383705014.40000004
2014-11-04 00:00:00+00:00,379531614.40000004
2014-11-05 00:00:00+00:00,376693702.40000004
2014-11-06 00:00:00+00:00,376192894.4000001
2014-11-07 00:00:00+00:00,379698550.40000004
2014-11-10 00:00:00+00:00,379197742.40000004
2014-11-11 00:00:00+00:00,388713094.40000004
2014-11-12 00:00:00+00:00,390883262.40000004
2014-11-13 00:00:00+00:00,385040502.4000001
2014-11-14 00:00:00+00:00,383204206.4000001
2014-11-17 00:00:00+00:00,381034038.40000004
2014-11-18 00:00:00+00:00,380032422.4000001
2014-11-19 00:00:00+00:00,382703398.40000004
2014-11-20 00:00:00+00:00,386542926.4000001
2014-11-21 00:00:00+00:00,386375990.40000004
2014-11-24 00:00:00+00:00,384873566.40000004
2014-11-25 00:00:00+00:00,384873566.40000004
2014-11-26 00:00:00+00:00,386876798.4000001
2014-11-28 00:00:00+00:00,378029190.40000004
2014-12-01 00:00:00+00:00,378029190.40000004
2014-12-02 00:00:00+00:00,372186430.40000004
2014-12-03 00:00:00+00:00,369682390.40000004
2014-12-04 00:00:00+00:00,371685622.4000001
2014-12-05 00:00:00+00:00,370517070.4000001
2014-12-08 00:00:00+00:00,373188046.4000001
2014-12-09 00:00:00+00:00,375191278.40000004
2014-12-10 00:00:00+00:00,376025958.4000001
2014-12-11 00:00:00+00:00,370684006.4000001
2014-12-12 00:00:00+00:00,367846094.4000001
2014-12-15 00:00:00+00:00,367512222.4000001
2014-12-16 00:00:00+00:00,363338822.4000001
2014-12-17 00:00:00+00:00,363505758.4000001
2014-12-18 00:00:00+00:00,368013030.40000004
2014-12-19 00:00:00+00:00,367846094.4000001
2014-12-22 00:00:00+00:00,365842862.40000004
2014-12-23 00:00:00+00:00,365342054.40000004
2014-12-24 00:00:00+00:00,364173502.40000004
2014-12-26 00:00:00+00:00,363171886.40000004
2014-12-29 00:00:00+00:00,361502526.40000004
2014-12-30 00:00:00+00:00,361669462.40000004
2014-12-31 00:00:00+00:00,360167038.40000004
2015-01-02 00:00:00+00:00,354324278.40000004
2015-01-05 00:00:00+00:00,355826702.40000004
2015-01-06 00:00:00+00:00,366009798.40000004
2015-01-07 00:00:00+00:00,364507374.40000004
2015-01-08 00:00:00+00:00,366176734.4000001
2015-01-09 00:00:00+00:00,366677542.40000004
2015-01-12 00:00:00+00:00,364173502.40000004
2015-01-13 00:00:00+00:00,366009798.40000004
2015-01-14 00:00:00+00:00,367011414.40000004
2015-01-15 00:00:00+00:00,374022726.40000004
2015-01-16 00:00:00+00:00,373688854.40000004
2015-01-20 00:00:00+00:00,382035654.40000004
2015-01-21 00:00:00+00:00,383538078.40000004
2015-01-22 00:00:00+00:00,383371142.40000004
2015-01-23 00:00:00+00:00,371017878.40000004
2015-01-26 00:00:00+00:00,374022726.40000004
2015-01-27 00:00:00+00:00,377735873.6
2015-01-28 00:00:00+00:00,377735873.6
2015-01-29 00:00:00+00:00,383794166.40000004
2015-01-30 00:00:00+00:00,384966739.20000005
2015-02-02 00:00:00+00:00,396106180.8
2015-02-03 00:00:00+00:00,391220460.8
2015-02-04 00:00:00+00:00,391611318.40000004
2015-02-05 00:00:00+00:00,392393033.6
2015-02-06 00:00:00+00:00,390438745.6
2015-02-09 00:00:00+00:00,384380452.8
2015-02-10 00:00:00+00:00,386530169.6
2015-02-11 00:00:00+00:00,388289028.8000001
2015-02-12 00:00:00+00:00,382621593.6
2015-02-13 00:00:00+00:00,383989595.20000005
2015-02-17 00:00:00+00:00,379494732.8
2015-02-18 00:00:00+00:00,380667305.6
2015-02-19 00:00:00+00:00,387898171.20000005
2015-02-20 00:00:00+00:00,394151892.8
2015-02-23 00:00:00+00:00,397865040.0
2015-02-24 00:00:00+00:00,397474182.40000004
2015-02-25 00:00:00+00:00,404509619.20000005
2015-02-26 00:00:00+00:00,400601043.20000005
2015-02-27 00:00:00+00:00,404900476.8
2015-03-02 00:00:00+00:00,407441051.20000005
2015-03-03 00:00:00+00:00,411154198.40000004
2015-03-04 00:00:00+00:00,413303915.20000005
2015-03-05 00:00:00+00:00,411349627.20000005
2015-03-06 00:00:00+00:00,411349627.20000005
2015-03-09 00:00:00+00:00,414671916.8
2015-03-10 00:00:00+00:00,419557636.8
2015-03-11 00:00:00+00:00,417212491.20000005
2015-03-12 00:00:00+00:00,415844489.6
2015-03-13 00:00:00+00:00,425811358.40000004
2015-03-16 00:00:00+00:00,421902782.40000004
2015-03-17 00:00:00+00:00,423466212.8
2015-03-18 00:00:00+00:00,425225072.0
2015-03-19 00:00:00+00:00,427374788.8000001
2015-03-20 00:00:00+00:00,426202216.00000006
2015-03-23 00:00:00+00:00,425029643.20000005
2015-03-24 00:00:00+00:00,430697078.40000004
2015-03-25 00:00:00+00:00,429329076.8
2015-03-26 00:00:00+00:00,432846795.20000005
2015-03-27 00:00:00+00:00,436950800.0
2015-03-30 00:00:00+00:00,439686803.20000005
2015-03-31 00:00:00+00:00,440859376.00000006
2015-04-01 00:00:00+00:00,433237652.8
2015-04-02 00:00:00+00:00,425029643.20000005
2015-04-06 00:00:00+00:00,428938219.20000005
2015-04-07 00:00:00+00:00,434440555.20000005
2015-04-08 00:00:00+00:00,439225195.2000001
2015-04-09 00:00:00+00:00,435158251.2000001
2015-04-10 00:00:00+00:00,435875947.20000005
2015-04-13 00:00:00+00:00,440182123.20000005
2015-04-14 00:00:00+00:00,444488299.20000005
2015-04-15 00:00:00+00:00,439942891.20000005
2015-04-16 00:00:00+00:00,450229867.20000005
2015-04-17 00:00:00+00:00,444249067.20000005
2015-04-20 00:00:00+00:00,432048235.20000005
2015-04-21 00:00:00+00:00,425110507.2000001
2015-04-22 00:00:00+00:00,430134379.20000005
2015-04-23 00:00:00+00:00,440660587.20000005
2015-04-24 00:00:00+00:00,444488299.20000005
2015-04-27 00:00:00+00:00,449033707.2000001
2015-04-28 00:00:00+00:00,445205995.2000001
2015-04-29 00:00:00+00:00,443531371.20000005
2015-04-30 00:00:00+00:00,444249067.20000005
2015-05-01 00:00:00+00:00,437789803.20000005
2015-05-04 00:00:00+00:00,428220523.20000005
2015-05-05 00:00:00+00:00,433962091.20000005
2015-05-06 00:00:00+00:00,436832875.20000005
2015-05-07 00:00:00+00:00,438985963.2000001
2015-05-08 00:00:00+00:00,449990635.20000005
2015-05-11 00:00:00+00:00,451426027.20000005
2015-05-12 00:00:00+00:00,453818347.20000005
2015-05-13 00:00:00+00:00,438985963.2000001
2015-05-14 00:00:00+00:00,436115179.20000005
2015-05-15 00:00:00+00:00,434946963.20000005
2015-05-18 00:00:00+00:00,437517038.40000004
2015-05-19 00:00:00+00:00,435647892.8000001
2015-05-20 00:00:00+00:00,441956259.20000005
2015-05-21 00:00:00+00:00,444292691.20000005
2015-05-22 00:00:00+00:00,448498268.8
2015-05-26 00:00:00+00:00,453872062.40000004
2015-05-27 00:00:00+00:00,458778569.6000001
2015-05-28 00:00:00+00:00,457143067.20000005
2015-05-29 00:00:00+00:00,456208494.40000004
2015-06-01 00:00:00+00:00,449900128.00000006
2015-06-02 00:00:00+00:00,448264625.6
2015-06-03 00:00:00+00:00,454572992.0
2015-06-04 00:00:00+00:00,456315667.2
2015-06-05 00:00:00+00:00,454572992.0
2015-06-08 00:00:00+00:00,457311481.59999996
2015-06-09 00:00:00+00:00,455070899.2
2015-06-10 00:00:00+00:00,453577177.59999996
2015-06-11 00:00:00+00:00,444365894.4
2015-06-12 00:00:00+00:00,446357523.2
2015-06-15 00:00:00+00:00,449096012.8
2015-06-16 00:00:00+00:00,445361708.79999995
2015-06-17 00:00:00+00:00,447602291.2
2015-06-18 00:00:00+00:00,445610662.4
2015-06-19 00:00:00+00:00,442125312.0
2015-06-22 00:00:00+00:00,451834502.4
2015-06-23 00:00:00+00:00,447602291.2
2015-06-24 00:00:00+00:00,453826131.2
2015-06-25 00:00:00+00:00,450091827.2
2015-06-26 00:00:00+00:00,452083455.99999994
2015-06-29 00:00:00+00:00,455070899.2
2015-06-30 00:00:00+00:00,465029043.2
2015-07-01 00:00:00+00:00,464282182.4
2015-07-02 00:00:00+00:00,460796832.0
2015-07-06 00:00:00+00:00,465277996.8
2015-07-07 00:00:00+00:00,468883612.8
2015-07-08 00:00:00+00:00,469364361.6
2015-07-09 00:00:00+00:00,479219712.0
2015-07-10 00:00:00+00:00,466960617.6
2015-07-13 00:00:00+00:00,463355001.6
2015-07-14 00:00:00+00:00,461432006.40000004
2015-07-15 00:00:00+00:00,465758745.6
2015-07-16 00:00:00+00:00,470325859.20000005
2015-07-17 00:00:00+00:00,477777465.6
2015-07-20 00:00:00+00:00,490276934.40000004
2015-07-21 00:00:00+00:00,490757683.20000005
2015-07-22 00:00:00+00:00,491719180.8
2015-07-23 00:00:00+00:00,488594313.6
2015-07-24 00:00:00+00:00,495084422.40000004
2015-07-27 00:00:00+00:00,495084422.40000004
2015-07-28 00:00:00+00:00,493216150.40000004
2015-07-29 00:00:00+00:00,500956134.40000004
2015-07-30 00:00:00+00:00,495885110.40000004
2015-07-31 00:00:00+00:00,492415462.40000004
2015-08-03 00:00:00+00:00,485743062.40000004
2015-08-04 00:00:00+00:00,488945814.40000004
2015-08-05 00:00:00+00:00,482273414.40000004
2015-08-06 00:00:00+00:00,480672038.40000004
2015-08-07 00:00:00+00:00,479604454.40000004
2015-08-10 00:00:00+00:00,477202390.40000004
2015-08-11 00:00:00+00:00,478536870.40000004
2015-08-12 00:00:00+00:00,476401702.4
2015-08-13 00:00:00+00:00,475067222.40000004
2015-08-14 00:00:00+00:00,480138246.40000004
2015-08-17 00:00:00+00:00,478803766.40000004
2015-08-18 00:00:00+00:00,481472726.40000004
2015-08-19 00:00:00+00:00,477736182.40000004
2015-08-20 00:00:00+00:00,478536870.40000004
2015-08-21 00:00:00+00:00,473732742.40000004
2015-08-24 00:00:00+00:00,472398262.40000004
2015-08-25 00:00:00+00:00,478003078.40000004
2015-08-26 00:00:00+00:00,476134806.40000004
2015-08-27 00:00:00+00:00,490280294.40000004
2015-08-28 00:00:00+00:00,487878230.40000004
2015-08-31 00:00:00+00:00,480405142.40000004
2015-09-01 00:00:00+00:00,480938934.40000004
2015-09-02 00:00:00+00:00,481472726.40000004
2015-09-03 00:00:00+00:00,497753382.40000004
2015-09-04 00:00:00+00:00,495885110.40000004
2015-09-08 00:00:00+00:00,490547190.40000004
2015-09-09 00:00:00+00:00,500155446.40000004
2015-09-10 00:00:00+00:00,497486486.40000004
2015-09-11 00:00:00+00:00,506294054.40000004
2015-09-14 00:00:00+00:00,502023718.40000004
2015-09-15 00:00:00+00:00,499354758.40000004
2015-09-16 00:00:00+00:00,501223030.40000004
2015-09-17 00:00:00+00:00,500422342.40000004
2015-09-18 00:00:00+00:00,507361638.40000004
2015-09-21 00:00:00+00:00,506560950.40000004
2015-09-22 00:00:00+00:00,503891990.40000004
2015-09-23 00:00:00+00:00,503358198.40000004
2015-09-24 00:00:00+00:00,511631974.40000004
2015-09-25 00:00:00+00:00,526311254.40000004
2015-09-28 00:00:00+00:00,525510566.40000004
2015-09-29 00:00:00+00:00,527645734.40000004
2015-09-30 00:00:00+00:00,538855366.4000001
2015-10-01 00:00:00+00:00,548997414.4
2015-10-02 00:00:00+00:00,556203606.4
2015-10-05 00:00:00+00:00,559139462.4000001
2015-10-06 00:00:00+00:00,558872566.4000001
2015-10-07 00:00:00+00:00,568213926.4000001
2015-10-08 00:00:00+00:00,569014614.4
2015-10-09 00:00:00+00:00,577822182.4
2015-10-12 00:00:00+00:00,575153222.4000001
2015-10-13 00:00:00+00:00,564210486.4000001
2015-10-14 00:00:00+00:00,571149782.4
2015-10-15 00:00:00+00:00,572217366.4000001
2015-10-16 00:00:00+00:00,575953910.4
2015-10-19 00:00:00+00:00,575687014.4
2015-10-20 00:00:00+00:00,570349094.4000001
2015-10-21 00:00:00+00:00,573551846.4
2015-10-22 00:00:00+00:00,584761478.4
2015-10-23 00:00:00+00:00,576220806.4
2015-10-26 00:00:00+00:00,585829062.4000001
2015-10-27 00:00:00+00:00,579957350.4000001
2015-10-28 00:00:00+00:00,586095958.4000001
2015-10-29 00:00:00+00:00,587938884.8000001
2015-10-30 00:00:00+00:00,588757963.2000002
2015-11-02 00:00:00+00:00,576676556.8000001
2015-11-03 00:00:00+00:00,568895312.0000001
2015-11-04 00:00:00+00:00,586300728.0000001
2015-11-05 00:00:00+00:00,583843492.8000001
2015-11-06 00:00:00+00:00,589986580.8000001
2015-11-09 00:00:00+00:00,599610752.0000001
2015-11-10 00:00:00+00:00,584867340.8000001
2015-11-11 00:00:00+00:00,585276880.0000001
2015-11-12 00:00:00+00:00,579543331.2
2015-11-13 00:00:00+00:00,578109944.0000001
2015-11-16 00:00:00+00:00,575243169.6000001
2015-11-17 00:00:00+00:00,583433953.6000001
2015-11-18 00:00:00+00:00,589781811.2
2015-11-19 00:00:00+00:00,579952870.4000001
2015-11-20 00:00:00+00:00,572785934.4000001
2015-11-23 00:00:00+00:00,570533468.8000001
2015-11-24 00:00:00+00:00,578929022.4000001
2015-11-25 00:00:00+00:00,580771948.8000001
2015-11-27 00:00:00+00:00,579543331.2
2015-11-30 00:00:00+00:00,580362409.6000001
2015-12-01 00:00:00+00:00,569919160.0000001
2015-12-02 00:00:00+00:00,571966856.0000001
2015-12-03 00:00:00+00:00,567052385.6000001
2015-12-04 00:00:00+00:00,569100081.6000001
2015-12-07 00:00:00+00:00,572785934.4000001
2015-12-08 00:00:00+00:00,578929022.4000001
2015-12-09 00:00:00+00:00,577086096.0000001
2015-12-10 00:00:00+00:00,588143654.4000001
2015-12-11 00:00:00+00:00,587529345.6000001
2015-12-14 00:00:00+00:00,588962732.8000001
2015-12-15 00:00:00+00:00,587324576.0000001
2015-12-16 00:00:00+00:00,587324576.0000001
2015-12-17 00:00:00+00:00,585072110.4000001
2015-12-18 00:00:00+00:00,576881326.4000001
2015-12-21 00:00:00+00:00,579543331.2
2015-12-22 00:00:00+00:00,578109944.0000001
2015-12-23 00:00:00+00:00,575857478.4000001
2015-12-24 00:00:00+00:00,577700404.8000001
2015-12-28 00:00:00+00:00,583843492.8000001
2015-12-29 00:00:00+00:00,583433953.6000001
2015-12-30 00:00:00+00:00,575857478.4000001
2015-12-31 00:00:00+00:00,574014552.0000001
2016-01-04 00:00:00+00:00,579543331.2
2016-01-05 00:00:00+00:00,587734115.2
2016-01-06 00:00:00+00:00,590805659.2
2016-01-07 00:00:00+00:00,584048262.4000001
2016-01-08 00:00:00+00:00,589986580.8000001
2016-01-11 00:00:00+00:00,596334438.4000001
2016-01-12 00:00:00+00:00,598382134.4000001
2016-01-13 00:00:00+00:00,589781811.2
2016-01-14 00:00:00+00:00,581386257.6000001
2016-01-15 00:00:00+00:00,580567179.2
2016-01-19 00:00:00+00:00,584048262.4000001
2016-01-20 00:00:00+00:00,595720129.6000001
2016-01-21 00:00:00+00:00,590191350.4000001
2016-01-22 00:00:00+00:00,590805659.2
2016-01-25 00:00:00+00:00,597358286.4000001
2016-01-26 00:00:00+00:00,598996443.2000002
2016-01-27 00:00:00+00:00,608006305.6000001
2016-01-28 00:00:00+00:00,614763702.4000001
2016-01-29 00:00:00+00:00,617016168.0000001
2016-02-01 00:00:00+00:00,623364025.6000001
2016-02-02 00:00:00+00:00,620087712.0000001
2016-02-03 00:00:00+00:00,622135408.0000001
2016-02-04 00:00:00+00:00,622135408.0000001
2016-02-05 00:00:00+00:00,614354163.2000002
2016-02-08 00:00:00+00:00,610668310.4000001
2016-02-09 00:00:00+00:00,611896928.0000001
2016-02-10 00:00:00+00:00,611672883.2000002
2016-02-11 00:00:00+00:00,604727494.4000001
2016-02-12 00:00:00+00:00,605847718.4000001
2016-02-16 00:00:00+00:00,607640076.8000001
2016-02-17 00:00:00+00:00,606519852.8000001
2016-02-18 00:00:00+00:00,599798508.8000001
2016-02-19 00:00:00+00:00,595765702.4000001
2016-02-22 00:00:00+00:00,597782105.6000001
2016-02-23 00:00:00+00:00,623323212.8000001
2016-02-24 00:00:00+00:00,622875123.2000002
2016-02-25 00:00:00+00:00,630044556.8000001
2016-02-26 00:00:00+00:00,625563660.8000001
2016-02-29 00:00:00+00:00,633629273.6000001
2016-03-01 00:00:00+00:00,634301408.0000001
2016-03-02 00:00:00+00:00,640574662.4000001
2016-03-03 00:00:00+00:00,644383424.0000001
2016-03-04 00:00:00+00:00,644159379.2000002
2016-03-07 00:00:00+00:00,640350617.6000001
2016-03-08 00:00:00+00:00,644831513.6000001
2016-03-09 00:00:00+00:00,639678483.2000002
2016-03-10 00:00:00+00:00,643935334.4000001
2016-03-11 00:00:00+00:00,650880723.2000002
2016-03-14 00:00:00+00:00,657378022.4000001
2016-03-15 00:00:00+00:00,655137574.4000001
2016-03-16 00:00:00+00:00,658498246.4000001
2016-03-17 00:00:00+00:00,670148576.0000001
2016-03-18 00:00:00+00:00,669700486.4000001
2016-03-21 00:00:00+00:00,676869920.0000001
2016-03-22 00:00:00+00:00,683367219.2
2016-03-23 00:00:00+00:00,686279801.6000001
2016-03-24 00:00:00+00:00,667460038.4000001
2016-03-28 00:00:00+00:00,669028352.0000001
2016-03-29 00:00:00+00:00,667235993.6000001
2016-03-30 00:00:00+00:00,667046848.0000001
2016-03-31 00:00:00+00:00,676882419.2000002
2016-04-01 00:00:00+00:00,680097894.4000001
2016-04-04 00:00:00+00:00,690311756.8000001
2016-04-05 00:00:00+00:00,690311756.8000001
2016-04-06 00:00:00+00:00,690690048.0000001
2016-04-07 00:00:00+00:00,694283814.4000001
2016-04-08 00:00:00+00:00,689366028.8000002
2016-04-11 00:00:00+00:00,699579891.2000002
2016-04-12 00:00:00+00:00,697883852.8000002
2016-04-13 00:00:00+00:00,696611824.0000001
2016-04-14 00:00:00+00:00,704243996.8000002
2016-04-15 00:00:00+00:00,721840395.2000002
2016-04-18 00:00:00+00:00,729048558.4000001
2016-04-19 00:00:00+00:00,726504500.8000002
2016-04-20 00:00:00+00:00,734772688.0000001
2016-04-21 00:00:00+00:00,734348678.4000001
2016-04-22 00:00:00+00:00,727564524.8000002
2016-04-25 00:00:00+00:00,736468726.4000002
2016-04-26 00:00:00+00:00,739860803.2000002
2016-04-27 00:00:00+00:00,735408702.4000001
2016-04-28 00:00:00+00:00,732652640.0000001
2016-04-29 00:00:00+00:00,745584932.8000002
2016-05-02 00:00:00+00:00,743252880.0000002
2016-05-03 00:00:00+00:00,744100899.2000002
2016-05-04 00:00:00+00:00,752581091.2000002
2016-05-05 00:00:00+00:00,735408702.4000001
2016-05-06 00:00:00+00:00,733288654.4000002
2016-05-09 00:00:00+00:00,736256721.6000001
2016-05-10 00:00:00+00:00,739224788.8000002
2016-05-11 00:00:00+00:00,755125148.8000002
2016-05-12 00:00:00+00:00,759577249.6000001
2016-05-13 00:00:00+00:00,754489134.4000001
2016-05-16 00:00:00+00:00,757669206.4000002
2016-05-17 00:00:00+00:00,756185172.8000002
2016-05-18 00:00:00+00:00,755973168.0000001
2016-05-19 00:00:00+00:00,753641115.2000002
2016-05-20 00:00:00+00:00,761485292.8000002
2016-05-23 00:00:00+00:00,755761163.2000002
2016-05-24 00:00:00+00:00,751733072.0000001
2016-05-25 00:00:00+00:00,763393336.0000001
2016-05-26 00:00:00+00:00,768905460.8000002
2016-05-27 00:00:00+00:00,771025508.8000002
2016-05-31 00:00:00+00:00,770389494.4000001
2016-06-01 00:00:00+00:00,768693456.0000001
2016-06-02 00:00:00+00:00,782897777.6000001
2016-06-03 00:00:00+00:00,797102099.2000002
2016-06-06 00:00:00+00:00,797738113.6000001
2016-06-07 00:00:00+00:00,802402219.2000002
2016-06-08 00:00:00+00:00,815334512.0000001
2016-06-09 00:00:00+00:00,818090574.4000001
2016-06-10 00:00:00+00:00,817242555.2000002
2016-06-13 00:00:00+00:00,815970526.4000002
2016-06-14 00:00:00+00:00,811306420.8000002
2016-06-15 00:00:00+00:00,820422627.2000002
2016-06-16 00:00:00+00:00,818514584.0000002
2016-06-17 00:00:00+00:00,821482651.2000002
2016-06-20 00:00:00+00:00,818514584.0000002
2016-06-21 00:00:00+00:00,809610382.4000001
2016-06-22 00:00:00+00:00,806006300.8000002
2016-06-23 00:00:00+00:00,806430310.4000002
2016-06-24 00:00:00+00:00,805794296.0000001
2016-06-27 00:00:00+00:00,815970526.4000002
2016-06-28 00:00:00+00:00,822330670.4000002
2016-06-29 00:00:00+00:00,845015184.0000002
2016-06-30 00:00:00+00:00,830598857.6000001
2016-07-01 00:00:00+00:00,840139073.6000001
2016-07-05 00:00:00+00:00,842047116.8000002
2016-07-06 00:00:00+00:00,835686972.8000002
2016-07-07 00:00:00+00:00,817878569.6000001
2016-07-08 00:00:00+00:00,820311388.8000002
2016-07-11 00:00:00+00:00,809515753.6000001
2016-07-12 00:00:00+00:00,818030620.8000002
2016-07-13 00:00:00+00:00,821679849.6000001
2016-07-14 00:00:00+00:00,815141648.0000001
2016-07-15 00:00:00+00:00,824264720.0000001
2016-07-18 00:00:00+00:00,823352412.8000002
2016-07-19 00:00:00+00:00,823504464.0000001
2016-07-20 00:00:00+00:00,824720873.6000001
2016-07-21 00:00:00+00:00,820463440.0000001
2016-07-22 00:00:00+00:00,820007286.4000001
2016-07-25 00:00:00+00:00,815445750.4000001
2016-07-26 00:00:00+00:00,821071644.8000002
2016-07-27 00:00:00+00:00,827457795.2000002
2016-07-28 00:00:00+00:00,832019331.2000002
2016-07-29 00:00:00+00:00,828218051.2000002
2016-08-01 00:00:00+00:00,831867280.0000001
2016-08-02 00:00:00+00:00,828218051.2000002
2016-08-03 00:00:00+00:00,828370102.4000002
2016-08-04 00:00:00+00:00,838769168.0000002
2016-08-05 00:00:00+00:00,849010672.0000002
2016-08-08 00:00:00+00:00,852161904.0000002
2016-08-09 00:00:00+00:00,849640918.4000002
2016-08-10 00:00:00+00:00,837823798.4000002
2016-08-11 00:00:00+00:00,837193552.0000002
2016-08-12 00:00:00+00:00,838926729.6000003
2016-08-15 00:00:00+00:00,843180892.8000002
2016-08-16 00:00:00+00:00,847592617.6000003
2016-08-17 00:00:00+00:00,839084291.2000002
2016-08-18 00:00:00+00:00,843180892.8000002
2016-08-19 00:00:00+00:00,839872099.2000002
2016-08-22 00:00:00+00:00,850113603.2000003
2016-08-23 00:00:00+00:00,854998012.8000002
2016-08-24 00:00:00+00:00,846962371.2000002
2016-08-25 00:00:00+00:00,852161904.0000002
2016-08-26 00:00:00+00:00,853107273.6000003
2016-08-29 00:00:00+00:00,854052643.2000003
2016-08-30 00:00:00+00:00,851689219.2000002
2016-08-31 00:00:00+00:00,844441385.6000003
2016-09-01 00:00:00+00:00,837035990.4000002
2016-09-02 00:00:00+00:00,846332124.8000002
2016-09-06 00:00:00+00:00,846962371.2000002
2016-09-07 00:00:00+00:00,848065302.4000002
2016-09-08 00:00:00+00:00,846962371.2000002
2016-09-09 00:00:00+00:00,843338454.4000002
2016-09-12 00:00:00+00:00,847277494.4000002
2016-09-13 00:00:00+00:00,850271164.8000002
2016-09-14 00:00:00+00:00,845544316.8000002
2016-09-15 00:00:00+00:00,861773161.6000003
2016-09-16 00:00:00+00:00,882413731.2000002
2016-09-19 00:00:00+00:00,886825456.0000002
2016-09-20 00:00:00+00:00,886037648.0000002
2016-09-21 00:00:00+00:00,886983017.6000003
2016-09-22 00:00:00+00:00,885564963.2000003
2016-09-23 00:00:00+00:00,886037648.0000002
2016-09-26 00:00:00+00:00,892655235.2000003
2016-09-27 00:00:00+00:00,897697206.4000002
2016-09-28 00:00:00+00:00,903054300.8000002
2016-09-29 00:00:00+00:00,896279152.0000002
2016-09-30 00:00:00+00:00,890764496.0000002
2016-10-03 00:00:00+00:00,885564963.2000003
2016-10-04 00:00:00+00:00,894861097.6000003
2016-10-05 00:00:00+00:00,887767857.6000003
2016-10-06 00:00:00+00:00,896795617.6000003
2016-10-07 00:00:00+00:00,892797609.6000003
2016-10-10 00:00:00+00:00,896537681.6000003
2016-10-11 00:00:00+00:00,894474193.6000003
2016-10-12 00:00:00+00:00,896279745.6000003
2016-10-13 00:00:00+00:00,899246009.6000003
2016-10-14 00:00:00+00:00,899374977.6000003
2016-10-17 00:00:00+00:00,896150777.6000003
2016-10-18 00:00:00+00:00,897956329.6000003
2016-10-19 00:00:00+00:00,898859105.6000003
2016-10-20 00:00:00+00:00,903115049.6000003
2016-10-21 00:00:00+00:00,901954337.6000003
2016-10-24 00:00:00+00:00,895634905.6000003
2016-10-25 00:00:00+00:00,899117041.6000003
2016-10-26 00:00:00+00:00,902470209.6000003
2016-10-27 00:00:00+00:00,903501953.6000003
2016-10-28 00:00:00+00:00,909047577.6000003
2016-10-31 00:00:00+00:00,916656689.6000003
2016-11-01 00:00:00+00:00,921557473.6000003
2016-11-02 00:00:00+00:00,914980105.6000003
2016-11-03 00:00:00+00:00,917817401.6000003
2016-11-04 00:00:00+00:00,914593201.6000003
2016-11-07 00:00:00+00:00,907628929.6000003
2016-11-08 00:00:00+00:00,911497969.6000003
2016-11-09 00:00:00+00:00,909692417.6000003
2016-11-10 00:00:00+00:00,915624945.6000003
2016-11-11 00:00:00+00:00,914980105.6000003
2016-11-14 00:00:00+00:00,915882881.6000003
2016-11-15 00:00:00+00:00,922073345.6000003
2016-11-16 00:00:00+00:00,932261817.6000003
2016-11-17 00:00:00+00:00,934067369.6000003
2016-11-18 00:00:00+00:00,934970145.6000003
2016-11-21 00:00:00+00:00,932390785.6000003
2016-11-22 00:00:00+00:00,940128865.6000003
2016-11-23 00:00:00+00:00,942321321.6000003
2016-11-25 00:00:00+00:00,938968153.6000003
2016-11-28 00:00:00+00:00,937678473.6000003
2016-11-29 00:00:00+00:00,941289577.6000003
2016-11-30 00:00:00+00:00,939355057.6000003
2016-12-01 00:00:00+00:00,945158617.6000003
2016-12-02 00:00:00+00:00,948253849.6000003
2016-12-05 00:00:00+00:00,950575273.6000003
2016-12-06 00:00:00+00:00,943224097.6000003
2016-12-07 00:00:00+00:00,941676481.6000003
2016-12-08 00:00:00+00:00,943997905.6000003
2016-12-09 00:00:00+00:00,946706233.6000003
2016-12-12 00:00:00+00:00,946577265.6000003
2016-12-13 00:00:00+00:00,954960185.6000003
2016-12-14 00:00:00+00:00,962311361.6000003
2016-12-15 00:00:00+00:00,955476057.6000003
2016-12-16 00:00:00+00:00,959860969.6000003
2016-12-19 00:00:00+00:00,959732001.6000003
2016-12-20 00:00:00+00:00,959474065.6000003
2016-12-21 00:00:00+00:00,960118905.6000003
2016-12-22 00:00:00+00:00,960634777.6000003
2016-12-23 00:00:00+00:00,960763745.6000003
2016-12-27 00:00:00+00:00,955733993.6000003
2016-12-28 00:00:00+00:00,949930433.6000003
2016-12-29 00:00:00+00:00,943482033.6000003
2016-12-30 00:00:00+00:00,943224097.6000003
2017-01-03 00:00:00+00:00,930327297.6000003
2017-01-04 00:00:00+00:00,925426513.6000003
2017-01-05 00:00:00+00:00,926845161.6000003
2017-01-06 00:00:00+00:00,927232065.6000003
2017-01-09 00:00:00+00:00,931488009.6000003
2017-01-10 00:00:00+00:00,930714201.6000003
2017-01-11 00:00:00+00:00,929682457.6000003
2017-01-12 00:00:00+00:00,927103097.6000003
2017-01-13 00:00:00+00:00,930198329.6000003
2017-01-17 00:00:00+00:00,927490001.6000003
2017-01-18 00:00:00+00:00,924265801.6000003
2017-01-19 00:00:00+00:00,934583241.6000003
2017-01-20 00:00:00+00:00,934583241.6000003
2017-01-23 00:00:00+00:00,928650713.6000003
2017-01-24 00:00:00+00:00,929424521.6000003
2017-01-25 00:00:00+00:00,932519753.6000003
2017-01-26 00:00:00+00:00,932261817.6000003
2017-01-27 00:00:00+00:00,932648721.6000003
2017-01-30 00:00:00+00:00,932906657.6000003
2017-01-31 00:00:00+00:00,931101105.6000003
2017-02-01 00:00:00+00:00,926071353.6000003
2017-02-02 00:00:00+00:00,929811425.6000003
2017-02-03 00:00:00+00:00,922589217.6000003
2017-02-06 00:00:00+00:00,921686441.6000003
2017-02-07 00:00:00+00:00,927618969.6000003
2017-02-08 00:00:00+00:00,927103097.6000003
2017-02-09 00:00:00+00:00,928521745.6000003
2017-02-10 00:00:00+00:00,931488009.6000003
2017-02-13 00:00:00+00:00,936904665.6000003
2017-02-14 00:00:00+00:00,930843169.6000003
2017-02-15 00:00:00+00:00,930714201.6000003
2017-02-16 00:00:00+00:00,933035625.6000003
2017-02-17 00:00:00+00:00,933551497.6000003
2017-02-21 00:00:00+00:00,927361033.6000003
2017-02-22 00:00:00+00:00,928134841.6000003
2017-02-23 00:00:00+00:00,935228081.6000003
2017-02-24 00:00:00+00:00,939355057.6000003
2017-02-27 00:00:00+00:00,947866945.6000003
2017-02-28 00:00:00+00:00,946835201.6000003
2017-03-01 00:00:00+00:00,943611001.6000003
2017-03-02 00:00:00+00:00,941289577.6000003
2017-03-03 00:00:00+00:00,943095129.6000003
2017-03-06 00:00:00+00:00,947866945.6000003
2017-03-07 00:00:00+00:00,957539545.6000003
2017-03-08 00:00:00+00:00,957539545.6000003
2017-03-09 00:00:00+00:00,962698265.6000003
2017-03-10 00:00:00+00:00,959860969.6000003
2017-03-13 00:00:00+00:00,960376841.6000003
2017-03-14 00:00:00+00:00,960634777.6000003
2017-03-15 00:00:00+00:00,959732001.6000003
2017-03-16 00:00:00+00:00,959474065.6000003
2017-03-17 00:00:00+00:00,960505809.6000003
2017-03-20 00:00:00+00:00,966567305.6000003
2017-03-21 00:00:00+00:00,971854993.6000003
2017-03-22 00:00:00+00:00,971726025.6000003
2017-03-23 00:00:00+00:00,967856985.6000003
2017-03-24 00:00:00+00:00,966438337.6000003
2017-03-27 00:00:00+00:00,966567305.6000003
2017-03-28 00:00:00+00:00,968372857.6000003
2017-03-29 00:00:00+00:00,974047449.6000003
2017-03-30 00:00:00+00:00,978045457.6000003
2017-03-31 00:00:00+00:00,978690297.6000003
2017-04-03 00:00:00+00:00,981527593.6000003
2017-04-04 00:00:00+00:00,986428377.6000003
2017-04-05 00:00:00+00:00,987202185.6000003
2017-04-06 00:00:00+00:00,982688305.6000003
2017-04-07 00:00:00+00:00,978561329.6000003
2017-04-10 00:00:00+00:00,980366881.6000003
2017-04-11 00:00:00+00:00,979206169.6000003
2017-04-12 00:00:00+00:00,979464105.6000003
2017-04-13 00:00:00+00:00,981140689.6000003
2017-04-17 00:00:00+00:00,981785529.6000003
2017-04-18 00:00:00+00:00,977787521.6000003
2017-04-19 00:00:00+00:00,981785529.6000003
2017-04-20 00:00:00+00:00,983204177.6000003
2017-04-21 00:00:00+00:00,981914497.6000003
2017-04-24 00:00:00+00:00,984364889.6000003
2017-04-25 00:00:00+00:00,984880761.6000003
2017-04-26 00:00:00+00:00,994037489.6000003
2017-04-27 00:00:00+00:00,995843041.6000003
2017-04-28 00:00:00+00:00,986815281.6000003
2017-05-01 00:00:00+00:00,986170441.6000003
2017-05-02 00:00:00+00:00,990039481.6000003
2017-05-03 00:00:00+00:00,991458129.6000003
2017-05-04 00:00:00+00:00,996616849.6000003
2017-05-05 00:00:00+00:00,997390657.6000003
2017-05-08 00:00:00+00:00,996487881.6000003
2017-05-09 00:00:00+00:00,995714073.6000003
2017-05-10 00:00:00+00:00,990555353.6000003
2017-05-11 00:00:00+00:00,993263681.6000003
2017-05-12 00:00:00+00:00,994811297.6000003
2017-05-15 00:00:00+00:00,993521617.6000003
2017-05-16 00:00:00+00:00,990039481.6000003
2017-05-17 00:00:00+00:00,984622825.6000003
2017-05-18 00:00:00+00:00,988104961.6000003
2017-05-19 00:00:00+00:00,983591081.6000003
2017-05-22 00:00:00+00:00,981914497.6000003
2017-05-23 00:00:00+00:00,990168449.6000003
2017-05-24 00:00:00+00:00,992747809.6000003
2017-05-25 00:00:00+00:00,992876777.6000003
2017-05-26 00:00:00+00:00,1000743825.6000003
2017-05-30 00:00:00+00:00,1001130729.6000003
2017-05-31 00:00:00+00:00,1003065249.6000003
2017-06-01 00:00:00+00:00,1011319201.6000003
2017-06-02 00:00:00+00:00,1017638633.6000003
2017-06-05 00:00:00+00:00,1015704113.6000003
2017-06-06 00:00:00+00:00,1014543401.6000003
2017-06-07 00:00:00+00:00,1012479913.6000003
2017-06-08 00:00:00+00:00,1009900553.6000003
2017-06-09 00:00:00+00:00,1010803329.6000003
2017-06-12 00:00:00+00:00,1014027529.6000003
2017-06-13 00:00:00+00:00,1016993793.6000003
2017-06-14 00:00:00+00:00,1019186249.6000003
2017-06-15 00:00:00+00:00,1021120769.6000003
2017-06-16 00:00:00+00:00,1019057281.6000003
2017-06-19 00:00:00+00:00,1018541409.6000003
2017-06-20 00:00:00+00:00,1016606889.6000003
2017-06-21 00:00:00+00:00,1023829097.6000003
2017-06-22 00:00:00+00:00,1026408457.6000003
2017-06-23 00:00:00+00:00,1024989809.6000003
2017-06-26 00:00:00+00:00,1029116785.6000003
2017-06-27 00:00:00+00:00,1028600913.6000003
2017-06-28 00:00:00+00:00,1030277497.6000003
2017-06-29 00:00:00+00:00,1020733865.6000003
2017-06-30 00:00:00+00:00,1016735857.6000003
2017-07-03 00:00:00+00:00,1019125321.6000003
2017-07-05 00:00:00+00:00,1014780841.6000003
2017-07-06 00:00:00+00:00,1019125321.6000003
2017-07-07 00:00:00+00:00,1024121473.6000003
2017-07-10 00:00:00+00:00,1011305257.6000003
2017-07-11 00:00:00+00:00,1008698569.6000003
2017-07-12 00:00:00+00:00,1009784689.6000003
2017-07-13 00:00:00+00:00,1023904249.6000003
2017-07-14 00:00:00+00:00,1027379833.6000003
2017-07-17 00:00:00+00:00,1022818129.6000003
2017-07-18 00:00:00+00:00,1023035353.6000003
2017-07-19 00:00:00+00:00,1031724313.6000003
2017-07-20 00:00:00+00:00,1029769297.6000003
2017-07-21 00:00:00+00:00,1029552073.6000003
2017-07-24 00:00:00+00:00,1029552073.6000003
2017-07-25 00:00:00+00:00,1018690873.6000003
2017-07-26 00:00:00+00:00,1025859265.6000003
2017-07-27 00:00:00+00:00,1030203745.6000003
2017-07-28 00:00:00+00:00,1028900401.6000003
2017-07-31 00:00:00+00:00,1040630497.6000003
2017-08-01 00:00:00+00:00,1039978825.6000003
2017-08-02 00:00:00+00:00,1038023809.6000003
2017-08-03 00:00:00+00:00,1027597057.6000003
2017-08-04 00:00:00+00:00,1031160964.8000003
2017-08-07 00:00:00+00:00,1036821288.0000002
2017-08-08 00:00:00+00:00,1038708062.4000003
2017-08-09 00:00:00+00:00,1041643044.8000003
2017-08-10 00:00:00+00:00,1050028708.8000003
2017-08-11 00:00:00+00:00,1050867275.2000003
2017-08-14 00:00:00+00:00,1044578027.2000003
2017-08-15 00:00:00+00:00,1052334766.4000002
2017-08-16 00:00:00+00:00,1047993646.4000002
2017-08-17 00:00:00+00:00,1055990446.4000002
2017-08-18 00:00:00+00:00,1058732206.4000002
2017-08-21 00:00:00+00:00,1061245486.4000002
2017-08-22 00:00:00+00:00,1061017006.4000002
2017-08-23 00:00:00+00:00,1064672686.4000002
2017-08-24 00:00:00+00:00,1072669486.4000002
2017-08-25 00:00:00+00:00,1072897966.4000002
2017-08-28 00:00:00+00:00,1079295406.4
2017-08-29 00:00:00+00:00,1068099886.4000002
2017-08-30 00:00:00+00:00,1070156206.4000002
2017-08-31 00:00:00+00:00,1081351726.4
2017-09-01 00:00:00+00:00,1066500526.4000002
2017-09-05 00:00:00+00:00,1072897966.4000002
2017-09-06 00:00:00+00:00,1078838446.4
2017-09-07 00:00:00+00:00,1072897966.4000002
2017-09-08 00:00:00+00:00,1074268846.4
2017-09-11 00:00:00+00:00,1078838446.4
2017-09-12 00:00:00+00:00,1072669486.4000002
2017-09-13 00:00:00+00:00,1079752366.4
2017-09-14 00:00:00+00:00,1078381486.4
2017-09-15 00:00:00+00:00,1098944686.4
2017-09-18 00:00:00+00:00,1093232686.4
2017-09-19 00:00:00+00:00,1080666286.4
2017-09-20 00:00:00+00:00,1088206126.4
2017-09-21 00:00:00+00:00,1088891566.4
2017-09-22 00:00:00+00:00,1086835246.4
2017-09-25 00:00:00+00:00,1080209326.4
2017-09-26 00:00:00+00:00,1070156206.4000002
2017-09-27 00:00:00+00:00,1068328366.4000002
2017-09-28 00:00:00+00:00,1071070126.4000002
2017-09-29 00:00:00+00:00,1074497326.4
2017-10-02 00:00:00+00:00,1079295406.4
2017-10-03 00:00:00+00:00,1073126446.4000002
2017-10-04 00:00:00+00:00,1077924526.4
2017-10-05 00:00:00+00:00,1081123246.4
2017-10-06 00:00:00+00:00,1071755566.4000002
2017-10-09 00:00:00+00:00,1072212526.4000002
2017-10-10 00:00:00+00:00,1076096686.4
2017-10-11 00:00:00+00:00,1079066926.4
2017-10-12 00:00:00+00:00,1078609966.4
2017-10-13 00:00:00+00:00,1081580206.4
2017-10-16 00:00:00+00:00,1076325166.4
2017-10-17 00:00:00+00:00,1072897966.4000002
2017-10-18 00:00:00+00:00,1074040366.4
2017-10-19 00:00:00+00:00,1075182766.4
2017-10-20 00:00:00+00:00,1072212526.4000002
2017-10-23 00:00:00+00:00,1069470766.4000002
2017-10-24 00:00:00+00:00,1078609966.4
2017-10-25 00:00:00+00:00,1076325166.4
2017-10-26 00:00:00+00:00,1074725806.4
2017-10-27 00:00:00+00:00,1086606766.4
2017-10-30 00:00:00+00:00,1088891566.4
2017-10-31 00:00:00+00:00,1089120046.4
2017-11-01 00:00:00+00:00,1086149806.4
2017-11-02 00:00:00+00:00,1077467566.4
2017-11-03 00:00:00+00:00,1080894766.4
2017-11-06 00:00:00+00:00,1085007406.4
2017-11-07 00:00:00+00:00,1088663086.4
2017-11-08 00:00:00+00:00,1091404846.4
2017-11-09 00:00:00+00:00,1092318766.4
2017-11-10 00:00:00+00:00,1094146606.4
2017-11-13 00:00:00+00:00,1098030766.4
2017-11-14 00:00:00+00:00,1097345326.4
2017-11-15 00:00:00+00:00,1097116846.4
2017-11-16 00:00:00+00:00,1101001006.4
2017-11-17 00:00:00+00:00,1103514286.4
2017-11-20 00:00:00+00:00,1094603566.4
2017-11-21 00:00:00+00:00,1092318766.4
2017-11-22 00:00:00+00:00,1101457966.4
2017-11-24 00:00:00+00:00,1105342126.4
2017-11-27 00:00:00+00:00,1103971246.4
2017-11-28 00:00:00+00:00,1095974446.4
2017-11-29 00:00:00+00:00,1096659886.4
2017-11-30 00:00:00+00:00,1096888366.4
2017-12-01 00:00:00+00:00,1094603566.4
2017-12-04 00:00:00+00:00,1096431406.4
2017-12-05 00:00:00+00:00,1092775726.4
2017-12-06 00:00:00+00:00,1082494126.4
2017-12-07 00:00:00+00:00,1079295406.4
2017-12-08 00:00:00+00:00,1073354926.4000002
2017-12-11 00:00:00+00:00,1071070126.4000002
2017-12-12 00:00:00+00:00,1066957486.4000002
2017-12-13 00:00:00+00:00,1068785326.4000002
2017-12-14 00:00:00+00:00,1066957486.4000002
2017-12-15 00:00:00+00:00,1064444206.4000002
2017-12-18 00:00:00+00:00,1066729006.4000002
2017-12-19 00:00:00+00:00,1081580206.4
2017-12-20 00:00:00+00:00,1085235886.4
2017-12-21 00:00:00+00:00,1089805486.4
2017-12-22 00:00:00+00:00,1085921326.4
2017-12-26 00:00:00+00:00,1088206126.4
2017-12-27 00:00:00+00:00,1093461166.4
2017-12-28 00:00:00+00:00,1095060526.4
2017-12-29 00:00:00+00:00,1098716206.4
2018-01-02 00:00:00+00:00,1102600366.4
2018-01-03 00:00:00+00:00,1102143406.4
2018-01-04 00:00:00+00:00,1100772526.4
2018-01-05 00:00:00+00:00,1096888366.4
2018-01-08 00:00:00+00:00,1090033966.4
2018-01-09 00:00:00+00:00,1091048798.4
2018-01-10 00:00:00+00:00,1092672529.6000001
2018-01-11 00:00:00+00:00,1102211950.4
2018-01-12 00:00:00+00:00,1102211950.4
2018-01-16 00:00:00+00:00,1114186968.0
2018-01-17 00:00:00+00:00,1117637396.8000002
2018-01-18 00:00:00+00:00,1124538254.4
2018-01-19 00:00:00+00:00,1121087825.6000001
2018-01-22 00:00:00+00:00,1122711556.8000002
2018-01-23 00:00:00+00:00,1122305624.0
2018-01-24 00:00:00+00:00,1122914523.2
2018-01-25 00:00:00+00:00,1121290792.0
2018-01-26 00:00:00+00:00,1118855195.2
2018-01-29 00:00:00+00:00,1112563236.8000002
2018-01-30 00:00:00+00:00,1113660500.8000002
2018-01-31 00:00:00+00:00,1102907313.6000001
2018-02-01 00:00:00+00:00,1105979652.8000002
2018-02-02 00:00:00+00:00,1111685425.6000001
2018-02-05 00:00:00+00:00,1117610651.2000003
2018-02-06 00:00:00+00:00,1116293934.4
2018-02-07 00:00:00+00:00,1119805179.2000003
2018-02-08 00:00:00+00:00,1110588161.6000001
2018-02-09 00:00:00+00:00,1112563236.8000002
2018-02-12 00:00:00+00:00,1113879953.6000001
2018-02-13 00:00:00+00:00,1107515822.4
2018-02-14 00:00:00+00:00,1104662936.0000002
2018-02-15 00:00:00+00:00,1109051992.0000002
2018-02-16 00:00:00+00:00,1104004577.6000001
2018-02-20 00:00:00+00:00,1104224030.4
2018-02-21 00:00:00+00:00,1103785124.8000002
2018-02-22 00:00:00+00:00,1110588161.6000001
2018-02-23 00:00:00+00:00,1107954728.0000002
2018-02-26 00:00:00+00:00,1107296369.6000001
2018-02-27 00:00:00+00:00,1095007012.8000002
2018-02-28 00:00:00+00:00,1106199105.6000001
2018-03-01 00:00:00+00:00,1113441048.0000002
2018-03-02 00:00:00+00:00,1107076916.8000002
2018-03-05 00:00:00+00:00,1110149256.0000002
2018-03-06 00:00:00+00:00,1107735275.2000003
2018-03-07 00:00:00+00:00,1093251390.4
2018-03-08 00:00:00+00:00,1095445918.4
2018-03-09 00:00:00+00:00,1094348654.4
2018-03-12 00:00:00+00:00,1096323729.6000001
2018-03-13 00:00:00+00:00,1089520692.8000002
2018-03-14 00:00:00+00:00,1092593032.0000002
2018-03-15 00:00:00+00:00,1092154126.4
2018-03-16 00:00:00+00:00,1090179051.2000003
2018-03-19 00:00:00+00:00,1095445918.4
2018-03-20 00:00:00+00:00,1088203976.0000002
2018-03-21 00:00:00+00:00,1090617956.8000002
2018-03-22 00:00:00+00:00,1092812484.8000002
2018-03-23 00:00:00+00:00,1088423428.8000002
2018-03-26 00:00:00+00:00,1085131636.8000002
2018-03-27 00:00:00+00:00,1087765070.4
2018-03-28 00:00:00+00:00,1080523128.0000002
2018-03-29 00:00:00+00:00,1083595467.2000003
2018-04-02 00:00:00+00:00,1087326164.8000002
2018-04-03 00:00:00+00:00,1086228900.8000002
2018-04-04 00:00:00+00:00,1081839844.8000002
2018-04-05 00:00:00+00:00,1083595467.2000003
2018-04-06 00:00:00+00:00,1083376014.4
2018-04-09 00:00:00+00:00,1083814920.0000002
2018-04-10 00:00:00+00:00,1078767505.6000001
2018-04-11 00:00:00+00:00,1077231336.0000002
2018-04-12 00:00:00+00:00,1077011883.2000003
2018-04-13 00:00:00+00:00,1080303675.2000003
2018-04-16 00:00:00+00:00,1079645316.8000002
2018-04-17 00:00:00+00:00,1071964468.8000002
2018-04-18 00:00:00+00:00,1073939544.0000002
2018-04-19 00:00:00+00:00,1074817355.2000003
2018-04-20 00:00:00+00:00,1073061732.8000002
2018-04-23 00:00:00+00:00,1062747451.2000002
2018-04-24 00:00:00+00:00,1062308545.6000003
2018-04-25 00:00:00+00:00,1056602772.8000002
2018-04-26 00:00:00+00:00,1062308545.6000003
2018-04-27 00:00:00+00:00,1065380884.8000002
2018-04-30 00:00:00+00:00,1070428299.2000002
2018-05-01 00:00:00+00:00,1069111582.4000002
2018-05-02 00:00:00+00:00,1070428299.2000002
2018-05-03 00:00:00+00:00,1069111582.4000002
2018-05-04 00:00:00+00:00,1065161432.0000002
2018-05-07 00:00:00+00:00,1060991828.8000002
2018-05-08 00:00:00+00:00,1066258696.0000002
2018-05-09 00:00:00+00:00,1060333470.4000002
2018-05-10 00:00:00+00:00,1059894564.8000002
2018-05-11 00:00:00+00:00,1058797300.8000002
2018-05-14 00:00:00+00:00,1059675112.0000002
2018-05-15 00:00:00+00:00,1065380884.8000002
2018-05-16 00:00:00+00:00,1067355960.0000002
2018-05-17 00:00:00+00:00,1066258696.0000002
2018-05-18 00:00:00+00:00,1068453224.0000002
2018-05-21 00:00:00+00:00,1078109147.2000003
2018-05-22 00:00:00+00:00,1079206411.2000003
2018-05-23 00:00:00+00:00,1083595467.2000003
2018-05-24 00:00:00+00:00,1084253825.6000001
2018-05-25 00:00:00+00:00,1086009448.0000002
2018-05-29 00:00:00+00:00,1086009448.0000002
2018-05-30 00:00:00+00:00,1089081787.2000003
2018-05-31 00:00:00+00:00,1093251390.4
2018-06-01 00:00:00+00:00,1087326164.8000002
2018-06-04 00:00:00+00:00,1073720091.2000002
2018-06-05 00:00:00+00:00,1076353524.8000002
2018-06-06 00:00:00+00:00,1080303675.2000003
2018-06-07 00:00:00+00:00,1069989393.6000001
2018-06-08 00:00:00+00:00,1081400939.2000003
2018-06-11 00:00:00+00:00,1083595467.2000003
2018-06-12 00:00:00+00:00,1090617956.8000002
2018-06-13 00:00:00+00:00,1092593032.0000002
2018-06-14 00:00:00+00:00,1088203976.0000002
2018-06-15 00:00:00+00:00,1083595467.2000003
2018-06-18 00:00:00+00:00,1082059297.6000001
2018-06-19 00:00:00+00:00,1078767505.6000001
2018-06-20 00:00:00+00:00,1080084222.4
2018-06-21 00:00:00+00:00,1080523128.0000002
2018-06-22 00:00:00+00:00,1084912184.0000002
2018-06-25 00:00:00+00:00,1082937108.8000002
2018-06-26 00:00:00+00:00,1085789995.2000003
2018-06-27 00:00:00+00:00,1077011883.2000003
2018-06-28 00:00:00+00:00,1081400939.2000003
2018-06-29 00:00:00+00:00,1081400939.2000003
2018-07-02 00:00:00+00:00,1066258696.0000002
2018-07-03 00:00:00+00:00,1062527998.4000002
2018-07-05 00:00:00+00:00,1064503073.6000001
2018-07-06 00:00:00+00:00,1065161432.0000002
2018-07-09 00:00:00+00:00,1062747451.2000002
2018-07-10 00:00:00+00:00,1062966904.0000002
2018-07-11 00:00:00+00:00,1060333470.4000002
2018-07-12 00:00:00+00:00,1055724961.6000001
2018-07-13 00:00:00+00:00,1053091528.0000002
2018-07-16 00:00:00+00:00,1057041678.4000002
2018-07-17 00:00:00+00:00,1056822225.6000003
2018-07-18 00:00:00+00:00,1055724961.6000001
2018-07-19 00:00:00+00:00,1053310980.8000002
2018-07-20 00:00:00+00:00,1056602772.8000002
2018-07-23 00:00:00+00:00,1055724961.6000001
2018-07-24 00:00:00+00:00,1058138942.4000002
2018-07-25 00:00:00+00:00,1058138942.4000002
2018-07-26 00:00:00+00:00,1054627697.6000001
2018-07-27 00:00:00+00:00,1051335905.6000003
2018-07-30 00:00:00+00:00,1050019188.8000002
2018-07-31 00:00:00+00:00,1044093963.2000002
2018-08-01 00:00:00+00:00,1042557793.6000001
2018-08-02 00:00:00+00:00,1044971774.4000002
2018-08-03 00:00:00+00:00,1050677547.2000002
2018-08-06 00:00:00+00:00,1053530433.6000001
2018-08-07 00:00:00+00:00,1051335905.6000003
2018-08-08 00:00:00+00:00,1049799736.0000002
2018-08-09 00:00:00+00:00,1050458094.4000002
2018-08-10 00:00:00+00:00,1043874510.4000002
2018-08-13 00:00:00+00:00,1038607643.2000002
2018-08-14 00:00:00+00:00,1039485454.4000002
2018-08-15 00:00:00+00:00,1037071473.6000001
2018-08-16 00:00:00+00:00,1038607643.2000002
2018-08-17 00:00:00+00:00,1035974209.6000001
2018-08-20 00:00:00+00:00,1033999134.4000002
2018-08-21 00:00:00+00:00,1035754756.8000002
2018-08-22 00:00:00+00:00,1035974209.6000001
2018-08-23 00:00:00+00:00,1034657492.8000002
2018-08-24 00:00:00+00:00,1037071473.6000001
2018-08-27 00:00:00+00:00,1043216152.0000002
2018-08-28 00:00:00+00:00,1038827096.0000002
2018-08-29 00:00:00+00:00,1040143812.8000002
2018-08-30 00:00:00+00:00,1044532868.8000002
2018-08-31 00:00:00+00:00,1045191227.2000002
2018-09-04 00:00:00+00:00,1046069038.4000002
2018-09-05 00:00:00+00:00,1051555358.4000002
2018-09-06 00:00:00+00:00,1049580283.2000002
2018-09-07 00:00:00+00:00,1054188792.0000002
2018-09-10 00:00:00+00:00,1058358395.2000002
2018-09-11 00:00:00+00:00,1057919489.6000001
2018-09-12 00:00:00+00:00,1068672676.8000002
2018-09-13 00:00:00+00:00,1068892129.6000001
2018-09-14 00:00:00+00:00,1076353524.8000002
2018-09-17 00:00:00+00:00,1066697601.6000001
2018-09-18 00:00:00+00:00,1064941979.2000002
2018-09-19 00:00:00+00:00,1068014318.4000002
2018-09-20 00:00:00+00:00,1068529764.8000002
2018-09-21 00:00:00+00:00,1066983425.6000003
2018-09-24 00:00:00+00:00,1078580969.6000001
2018-09-25 00:00:00+00:00,1080642755.2000003
2018-09-26 00:00:00+00:00,1086828112.0000002
2018-09-27 00:00:00+00:00,1086828112.0000002
2018-09-28 00:00:00+00:00,1079354139.2000003
2018-10-01 00:00:00+00:00,1068787488.0000002
2018-10-02 00:00:00+00:00,1080673667.2000003
2018-10-03 00:00:00+00:00,1084807990.4000003
2018-10-04 00:00:00+00:00,1087391942.4000003
2018-10-05 00:00:00+00:00,1095143798.4000003
2018-10-08 00:00:00+00:00,1103154049.6000001
2018-10-09 00:00:00+00:00,1103929235.2000003
2018-10-10 00:00:00+00:00,1100828492.8000002
2018-10-11 00:00:00+00:00,1102637259.2000003
2018-10-12 00:00:00+00:00,1106513187.2000003
2018-10-15 00:00:00+00:00,1115815414.4000003
2018-10-16 00:00:00+00:00,1111164300.8000002
2018-10-17 00:00:00+00:00,1123567270.4000003
2018-10-18 00:00:00+00:00,1127184803.2000003
2018-10-19 00:00:00+00:00,1127701593.6000004
2018-10-22 00:00:00+00:00,1125892827.2000003
2018-10-23 00:00:00+00:00,1125634432.0000002
2018-10-24 00:00:00+00:00,1130802336.0000002
2018-10-25 00:00:00+00:00,1129768755.2000003
2018-10-26 00:00:00+00:00,1126409617.6000001
2018-10-29 00:00:00+00:00,1117624180.8000002
2018-10-30 00:00:00+00:00,1112973067.2000003
2018-10-31 00:00:00+00:00,1109613929.6000001
2018-11-01 00:00:00+00:00,1109613929.6000001
2018-11-02 00:00:00+00:00,1116073809.6000001
2018-11-05 00:00:00+00:00,1108580348.8000002
2018-11-06 00:00:00+00:00,1103670840.0000002
2018-11-07 00:00:00+00:00,1104962816.0000002
2018-11-08 00:00:00+00:00,1100570097.6000001
2018-11-09 00:00:00+00:00,1097727750.4000003
2018-11-12 00:00:00+00:00,1103154049.6000001
2018-11-13 00:00:00+00:00,1094627008.0000002
2018-11-14 00:00:00+00:00,1095660588.8000002
2018-11-15 00:00:00+00:00,1095660588.8000002
2018-11-16 00:00:00+00:00,1096694169.6000001
2018-11-19 00:00:00+00:00,1099536516.8000002
2018-11-20 00:00:00+00:00,1090751080.0000002
2018-11-21 00:00:00+00:00,1096435774.4000003
2018-11-23 00:00:00+00:00,1091009475.2000003
2018-11-26 00:00:00+00:00,1091267870.4000003
2018-11-27 00:00:00+00:00,1087650337.6000001
2018-11-28 00:00:00+00:00,1100570097.6000001
2018-11-29 00:00:00+00:00,1101345283.2000003
2018-11-30 00:00:00+00:00,1100570097.6000001
2018-12-03 00:00:00+00:00,1102378864.0000002
2018-12-04 00:00:00+00:00,1098244540.8000002
2018-12-06 00:00:00+00:00,1095402193.6000004
2018-12-07 00:00:00+00:00,1101345283.2000003
2018-12-10 00:00:00+00:00,1097469355.2000003
2018-12-11 00:00:00+00:00,1100311702.4000003
2018-12-12 00:00:00+00:00,1097986145.6000001
2018-12-13 00:00:00+00:00,1098244540.8000002
2018-12-14 00:00:00+00:00,1095660588.8000002
2018-12-17 00:00:00+00:00,1091526265.6000001
2018-12-18 00:00:00+00:00,1086616756.8000002
2018-12-19 00:00:00+00:00,1091009475.2000003
2018-12-20 00:00:00+00:00,1089975894.4000003
2018-12-21 00:00:00+00:00,1087650337.6000001
2018-12-24 00:00:00+00:00,1089200708.8000002
2018-12-26 00:00:00+00:00,1088942313.6000004
2018-12-27 00:00:00+00:00,1085324780.8000002
2018-12-28 00:00:00+00:00,1088942313.6000004
2018-12-31 00:00:00+00:00,1079640086.4000003
2019-01-02 00:00:00+00:00,1077056134.4000003
2019-01-03 00:00:00+00:00,1070854649.6000003
2019-01-04 00:00:00+00:00,1077056134.4000003
2019-01-07 00:00:00+00:00,1095660588.8000002
2019-01-08 00:00:00+00:00,1098502936.0000002
2019-01-09 00:00:00+00:00,1101345283.2000003
2019-01-10 00:00:00+00:00,1096177379.2000003
2019-01-11 00:00:00+00:00,1099019726.4000003
2019-01-14 00:00:00+00:00,1098244540.8000002
2019-01-15 00:00:00+00:00,1108838744.0000002
2019-01-16 00:00:00+00:00,1109097139.2000003
2019-01-17 00:00:00+00:00,1100828492.8000002
2019-01-18 00:00:00+00:00,1105479606.4000003
2019-01-22 00:00:00+00:00,1107781878.4000003
2019-01-23 00:00:00+00:00,1106860969.6000004
2019-01-24 00:00:00+00:00,1106630742.4000003
2019-01-25 00:00:00+00:00,1119063011.2000003
2019-01-28 00:00:00+00:00,1111005059.2000003
2019-01-29 00:00:00+00:00,1113307331.2000003
2019-01-30 00:00:00+00:00,1116990966.4000003
2019-01-31 00:00:00+00:00,1112386422.4000003
2019-02-01 00:00:00+00:00,1115379376.0000002
2019-02-04 00:00:00+00:00,1109623696.0000002
2019-02-05 00:00:00+00:00,1110314377.6000004
2019-02-06 00:00:00+00:00,1108472560.0000002
2019-02-07 00:00:00+00:00,1112386422.4000003
2019-02-08 00:00:00+00:00,1112846876.8000002
2019-02-11 00:00:00+00:00,1113767785.6000004
2019-02-12 00:00:00+00:00,1109623696.0000002
2019-02-13 00:00:00+00:00,1111925968.0000002
2019-02-14 00:00:00+00:00,1119523465.6000004
2019-02-15 00:00:00+00:00,1106170288.0000002
2019-02-19 00:00:00+00:00,1100875062.4000003
2019-02-20 00:00:00+00:00,1097421654.4000003
2019-02-21 00:00:00+00:00,1101565744.0000002
2019-02-22 00:00:00+00:00,1099263472.0000002
2019-02-25 00:00:00+00:00,1106170288.0000002
2019-02-26 00:00:00+00:00,1109623696.0000002
2019-02-27 00:00:00+00:00,1106860969.6000004
2019-02-28 00:00:00+00:00,1111235286.4000003
2019-03-01 00:00:00+00:00,1114918921.6000004
2019-03-04 00:00:00+00:00,1120904828.8000004
2019-03-05 00:00:00+00:00,1119063011.2000003
2019-03-06 00:00:00+00:00,1125509372.8000004
2019-03-07 00:00:00+00:00,1125969827.2000003
2019-03-08 00:00:00+00:00,1125048918.4000003
2019-03-11 00:00:00+00:00,1122516419.2000003
2019-03-12 00:00:00+00:00,1121595510.4000003
2019-03-13 00:00:00+00:00,1120904828.8000004
2019-03-14 00:00:00+00:00,1119753692.8000004
2019-03-15 00:00:00+00:00,1122412718.4000003
2019-03-18 00:00:00+00:00,1130148065.6000004
2019-03-19 00:00:00+00:00,1128697688.0000005
2019-03-20 00:00:00+00:00,1127730769.6000004
2019-03-21 00:00:00+00:00,1121929259.2000005
2019-03-22 00:00:00+00:00,1123621366.4000003
2019-03-25 00:00:00+00:00,1121445800.0000005
2019-03-26 00:00:00+00:00,1124104825.6000004
2019-03-27 00:00:00+00:00,1123863096.0000005
2019-03-28 00:00:00+00:00,1122654448.0000005
2019-03-29 00:00:00+00:00,1122654448.0000005
2019-04-01 00:00:00+00:00,1126038662.4000003
2019-04-02 00:00:00+00:00,1125796932.8000004
2019-04-03 00:00:00+00:00,1119995422.4000003
2019-04-04 00:00:00+00:00,1127005580.8000004
2019-04-05 00:00:00+00:00,1128214228.8000004
2019-04-08 00:00:00+00:00,1123621366.4000003
2019-04-09 00:00:00+00:00,1128697688.0000005
2019-04-10 00:00:00+00:00,1129422876.8000004
2019-04-11 00:00:00+00:00,1129664606.4000003
2019-04-12 00:00:00+00:00,1132081902.4000003
2019-04-15 00:00:00+00:00,1128939417.6000004
2019-04-16 00:00:00+00:00,1126038662.4000003
2019-04-17 00:00:00+00:00,1122654448.0000005
2019-04-18 00:00:00+00:00,1133532280.0000005
2019-04-22 00:00:00+00:00,1128455958.4000003
2019-04-23 00:00:00+00:00,1131598443.2000005
2019-04-24 00:00:00+00:00,1131598443.2000005
2019-04-25 00:00:00+00:00,1126522121.6000004
2019-04-26 00:00:00+00:00,1125555203.2000005
2019-04-29 00:00:00+00:00,1117819856.0000005
2019-04-30 00:00:00+00:00,1118061585.6000004
2019-05-01 00:00:00+00:00,1114919100.8000004
2019-05-02 00:00:00+00:00,1115402560.0000005
2019-05-03 00:00:00+00:00,1110084508.8000004
2019-05-06 00:00:00+00:00,1106942024.0000005
2019-05-07 00:00:00+00:00,1108634131.2000005
2019-05-08 00:00:00+00:00,1101382243.2000005
2019-05-09 00:00:00+00:00,1104524728.0000005
2019-05-10 00:00:00+00:00,1103074350.4000003
2019-05-13 00:00:00+00:00,1105975105.6000004
2019-05-14 00:00:00+00:00,1108392401.6000004
2019-05-15 00:00:00+00:00,1106216835.2000005
2019-05-16 00:00:00+00:00,1104524728.0000005
2019-05-17 00:00:00+00:00,1098964947.2000005
2019-05-20 00:00:00+00:00,1100657054.4000003
2019-05-21 00:00:00+00:00,1105249916.8000004
2019-05-22 00:00:00+00:00,1100657054.4000003
2019-05-23 00:00:00+00:00,1099448406.4000003
2019-05-24 00:00:00+00:00,1101623972.8000004
2019-05-28 00:00:00+00:00,1103799539.2000005
2019-05-29 00:00:00+00:00,1106700294.4000003
2019-05-30 00:00:00+00:00,1104041268.8000004
2019-05-31 00:00:00+00:00,1112260075.2000005
2019-06-03 00:00:00+00:00,1114435641.6000004
2019-06-04 00:00:00+00:00,1119995422.4000003
2019-06-05 00:00:00+00:00,1114919100.8000004
2019-06-06 00:00:00+00:00,1122170988.8000004
2019-06-07 00:00:00+00:00,1122410792.0000005
2019-06-10 00:00:00+00:00,1124808824.0000005
2019-06-11 00:00:00+00:00,1114497286.4000003
2019-06-12 00:00:00+00:00,1113777876.8000004
2019-06-13 00:00:00+00:00,1112578860.8000004
2019-06-14 00:00:00+00:00,1112339057.6000004
2019-06-17 00:00:00+00:00,1114257483.2000005
2019-06-18 00:00:00+00:00,1114497286.4000003
2019-06-19 00:00:00+00:00,1116655515.2000005
2019-06-20 00:00:00+00:00,1118094334.4000003
2019-06-21 00:00:00+00:00,1122890398.4000003
2019-06-24 00:00:00+00:00,1123130201.6000004
2019-06-25 00:00:00+00:00,1120732169.6000004
2019-06-26 00:00:00+00:00,1126727249.6000004
2019-06-27 00:00:00+00:00,1115696302.4000003
2019-06-28 00:00:00+00:00,1119533153.6000004
2019-07-01 00:00:00+00:00,1120732169.6000004
2019-07-02 00:00:00+00:00,1126007840.0000005
2019-07-03 00:00:00+00:00,1121451579.2000005
2019-07-05 00:00:00+00:00,1125768036.8000004
2019-07-08 00:00:00+00:00,1123609808.0000005
2019-07-09 00:00:00+00:00,1126007840.0000005
2019-07-10 00:00:00+00:00,1122410792.0000005
2019-07-11 00:00:00+00:00,1125288430.4000003
2019-07-12 00:00:00+00:00,1127206856.0000005
2019-07-15 00:00:00+00:00,1132962132.8000004
2019-07-16 00:00:00+00:00,1134640755.2000005
2019-07-17 00:00:00+00:00,1139436819.2000005
2019-07-18 00:00:00+00:00,1145192096.0000005
2019-07-19 00:00:00+00:00,1144232883.2000005
2019-07-22 00:00:00+00:00,1144952292.8000004
2019-07-23 00:00:00+00:00,1134880558.4000003
2019-07-24 00:00:00+00:00,1132962132.8000004
2019-07-25 00:00:00+00:00,1134400952.0000005
2019-07-26 00:00:00+00:00,1134900942.4000006
2019-07-29 00:00:00+00:00,1136150918.4000006
2019-07-30 00:00:00+00:00,1138150880.0000005
2019-07-31 00:00:00+00:00,1139650851.2000005
2019-08-01 00:00:00+00:00,1137400894.4000006
2019-08-02 00:00:00+00:00,1134900942.4000006
2019-08-05 00:00:00+00:00,1129901038.4000006
2019-08-06 00:00:00+00:00,1127651081.6000004
2019-08-07 00:00:00+00:00,1117901268.8000004
2019-08-08 00:00:00+00:00,1120151225.6000004
2019-08-09 00:00:00+00:00,1130901019.2000005
2019-08-12 00:00:00+00:00,1123401163.2000005
2019-08-13 00:00:00+00:00,1127401086.4000006
2019-08-14 00:00:00+00:00,1124651139.2000005
2019-08-15 00:00:00+00:00,1125151129.6000004
2019-08-16 00:00:00+00:00,1125401124.8000004
2019-08-19 00:00:00+00:00,1121151206.4000006
2019-08-20 00:00:00+00:00,1120401220.8000004
2019-08-21 00:00:00+00:00,1119151244.8000004
2019-08-22 00:00:00+00:00,1123901153.6000004
2019-08-23 00:00:00+00:00,1121151206.4000006
2019-08-26 00:00:00+00:00,1120151225.6000004
2019-08-27 00:00:00+00:00,1115401316.8000004
2019-08-28 00:00:00+00:00,1118651254.4000006
2019-08-29 00:00:00+00:00,1114651331.2000005
2019-08-30 00:00:00+00:00,1112901364.8000004
2019-09-03 00:00:00+00:00,1114151340.8000004
2019-09-04 00:00:00+00:00,1109651427.2000005
2019-09-05 00:00:00+00:00,1108651446.4000006
2019-09-06 00:00:00+00:00,1109901422.4000006
2019-09-09 00:00:00+00:00,1107401470.4000006
2019-09-10 00:00:00+00:00,1106401489.6000004
2019-09-11 00:00:00+00:00,1104651523.2000005
2019-09-12 00:00:00+00:00,1130401028.8000004
2019-09-13 00:00:00+00:00,1132900980.8000004
2019-09-16 00:00:00+00:00,1140900827.2000005
2019-09-17 00:00:00+00:00,1136900904.0000005
2019-09-18 00:00:00+00:00,1136150918.4000006
2019-09-19 00:00:00+00:00,1134400952.0000005
2019-09-20 00:00:00+00:00,1136150918.4000006
2019-09-23 00:00:00+00:00,1139650851.2000005
2019-09-24 00:00:00+00:00,1144650755.2000005
2019-09-25 00:00:00+00:00,1150900635.2000005
2019-09-26 00:00:00+00:00,1149900654.4000006
2019-09-27 00:00:00+00:00,1149900654.4000006
2019-09-30 00:00:00+00:00,1150650640.0000005
2019-10-01 00:00:00+00:00,1156400529.6000004
2019-10-02 00:00:00+00:00,1156650524.8000004
2019-10-03 00:00:00+00:00,1152900596.8000004
2019-10-04 00:00:00+00:00,1153400587.2000005
2019-10-07 00:00:00+00:00,1147400702.4000006
2019-10-08 00:00:00+00:00,1145900731.2000005
2019-10-09 00:00:00+00:00,1144650755.2000005
2019-10-10 00:00:00+00:00,1144650755.2000005
2019-10-11 00:00:00+00:00,1144650755.2000005
2019-10-14 00:00:00+00:00,1147400702.4000006
2019-10-15 00:00:00+00:00,1149150668.8000004
2019-10-16 00:00:00+00:00,1143150784.0000005
2019-10-17 00:00:00+00:00,1140400836.8000004
2019-10-18 00:00:00+00:00,1142400798.4000006
2019-10-21 00:00:00+00:00,1141150822.4000006
2019-10-22 00:00:00+00:00,1138900865.6000004
2019-10-23 00:00:00+00:00,1138150880.0000005
2019-10-24 00:00:00+00:00,1141900808.0000005
2019-10-25 00:00:00+00:00,1143150784.0000005
2019-10-28 00:00:00+00:00,1147900692.8000004
2019-10-29 00:00:00+00:00,1142900788.8000004
2019-10-30 00:00:00+00:00,1144650755.2000005
2019-10-31 00:00:00+00:00,1146400721.6000004
2019-11-01 00:00:00+00:00,1146400721.6000004
2019-11-04 00:00:00+00:00,1147150707.2000005
2019-11-05 00:00:00+00:00,1152150611.2000005
2019-11-06 00:00:00+00:00,1148400683.2000005
2019-11-07 00:00:00+00:00,1144150764.8000004
2019-11-08 00:00:00+00:00,1148650678.4000006
2019-11-11 00:00:00+00:00,1148650678.4000006
2019-11-12 00:00:00+00:00,1149150668.8000004
2019-11-13 00:00:00+00:00,1155650544.0000005
2019-11-14 00:00:00+00:00,1154650563.2000005
2019-11-15 00:00:00+00:00,1152650601.6000004
2019-11-18 00:00:00+00:00,1153400587.2000005
2019-11-19 00:00:00+00:00,1151650620.8000004
2019-11-20 00:00:00+00:00,1153150592.0000005
2019-11-21 00:00:00+00:00,1149650659.2000005
2019-11-22 00:00:00+00:00,1155150553.6000004
2019-11-25 00:00:00+00:00,1154900558.4000006
2019-11-26 00:00:00+00:00,1153900577.6000004
2019-11-27 00:00:00+00:00,1154150572.8000004
2019-11-29 00:00:00+00:00,1157900500.8000004
2019-12-02 00:00:00+00:00,1153150592.0000005
2019-12-03 00:00:00+00:00,1155900539.2000005
2019-12-04 00:00:00+00:00,1160900443.2000005
2019-12-05 00:00:00+00:00,1161400433.6000004
2019-12-06 00:00:00+00:00,1163900385.6000004
2019-12-09 00:00:00+00:00,1168900289.6000004
2019-12-10 00:00:00+00:00,1170900251.2000005
2019-12-11 00:00:00+00:00,1169900270.4000006
2019-12-12 00:00:00+00:00,1172400222.4000006
2019-12-13 00:00:00+00:00,1171900232.0000005
2019-12-16 00:00:00+00:00,1166650332.8000004
2019-12-17 00:00:00+00:00,1166150342.4000006
2019-12-18 00:00:00+00:00,1170150265.6000004
2019-12-19 00:00:00+00:00,1173150208.0000005
2019-12-20 00:00:00+00:00,1172900212.8000004
2019-12-23 00:00:00+00:00,1170650256.0000005
2019-12-24 00:00:00+00:00,1168650294.4000006
2019-12-26 00:00:00+00:00,1170400260.8000004
2019-12-27 00:00:00+00:00,1172900212.8000004
2019-12-30 00:00:00+00:00,1172650217.6000004
2019-12-31 00:00:00+00:00,1169900270.4000006
2020-01-02 00:00:00+00:00,1162650409.6000004
2020-01-03 00:00:00+00:00,1167150323.2000005
2020-01-06 00:00:00+00:00,1177650121.6000004
2020-01-07 00:00:00+00:00,1174150188.8000004
2020-01-08 00:00:00+00:00,1171150246.4000006
2020-01-09 00:00:00+00:00,1177150131.2000005
2020-01-10 00:00:00+00:00,1186149958.4000006
2020-01-13 00:00:00+00:00,1188399915.2000005
2020-01-14 00:00:00+00:00,1192399838.4000006
2020-01-15 00:00:00+00:00,1197399742.4000006
2020-01-16 00:00:00+00:00,1195149785.6000004
2020-01-17 00:00:00+00:00,1195649776.0000005
2020-01-21 00:00:00+00:00,1198149728.0000005
2020-01-22 00:00:00+00:00,1200899675.2000005
2020-01-23 00:00:00+00:00,1198649718.4000006
2020-01-24 00:00:00+00:00,1194149804.8000004
2020-01-27 00:00:00+00:00,1189649891.2000005
2020-01-28 00:00:00+00:00,1197899732.8000004
2020-01-29 00:00:00+00:00,1196649756.8000004
2020-01-30 00:00:00+00:00,1199149708.8000004
2020-01-31 00:00:00+00:00,1199649699.2000005
2020-02-03 00:00:00+00:00,1206649564.8000004
2020-02-04 00:00:00+00:00,1202149651.2000005
2020-02-05 00:00:00+00:00,1202649641.6000004
2020-02-06 00:00:00+00:00,1202445980.8000004
2020-02-07 00:00:00+00:00,1198780086.4000003
2020-02-10 00:00:00+00:00,1196336156.8000004
2020-02-11 00:00:00+00:00,1188800707.2000003
2020-02-12 00:00:00+00:00,1195928835.2000003
2020-02-13 00:00:00+00:00,1201631337.6000004
2020-02-14 00:00:00+00:00,1206315536.0000005
2020-02-18 00:00:00+00:00,1199798390.4000003
2020-02-19 00:00:00+00:00,1195521513.6000004
2020-02-20 00:00:00+00:00,1198372764.8000004
2020-02-21 00:00:00+00:00,1194706870.4000003
2020-02-24 00:00:00+00:00,1202649641.6000004
2020-02-25 00:00:00+00:00,1202445980.8000004
2020-02-26 00:00:00+00:00,1206519196.8000004
2020-02-27 00:00:00+00:00,1213443664.0000005
2020-02-28 00:00:00+00:00,1214665628.8000004
2020-03-02 00:00:00+00:00,1221386435.2000003
2020-03-03 00:00:00+00:00,1222404739.2000003
2020-03-04 00:00:00+00:00,1228310902.4000003
2020-03-05 00:00:00+00:00,1229329206.4000003
2020-03-06 00:00:00+00:00,1237475638.4000003
2020-03-09 00:00:00+00:00,1245825731.2000003
2020-03-10 00:00:00+00:00,1246233052.8000004
2020-03-11 00:00:00+00:00,1252953859.2000003
2020-03-12 00:00:00+00:00,1265988150.4000003
2020-03-13 00:00:00+00:00,1264358864.0000005
2020-03-16 00:00:00+00:00,1276782172.8000004
2020-03-17 00:00:00+00:00,1280855388.8000004
2020-03-18 00:00:00+00:00,1285335926.4000003
2020-03-19 00:00:00+00:00,1286965212.8000004
2020-03-20 00:00:00+00:00,1280448067.2000003
2020-03-23 00:00:00+00:00,1277800476.8000004
2020-03-24 00:00:00+00:00,1273116278.4000003
2020-03-25 00:00:00+00:00,1270265027.2000003
2020-03-26 00:00:00+00:00,1271894313.6000004
2020-03-27 00:00:00+00:00,1276578512.0000005
2020-03-30 00:00:00+00:00,1284113961.6000004
2020-03-31 00:00:00+00:00,1290427446.4000003
2020-04-01 00:00:00+00:00,1298166556.8000004
2020-04-02 00:00:00+00:00,1293075036.8000004
2020-04-03 00:00:00+00:00,1292667715.2000003
2020-04-06 00:00:00+00:00,1289816464.0000005
2020-04-07 00:00:00+00:00,1291242089.6000004
2020-04-08 00:00:00+00:00,1291445750.4000003
2020-04-09 00:00:00+00:00,1290223785.6000004
2020-04-13 00:00:00+00:00,1295518966.4000003
2020-04-14 00:00:00+00:00,1293889680.0000005
2020-04-15 00:00:00+00:00,1293278697.6000004
2020-04-16 00:00:00+00:00,1292260393.6000004
2020-04-17 00:00:00+00:00,1288187177.6000004
2020-04-20 00:00:00+00:00,1293686019.2000003
2020-04-21 00:00:00+00:00,1286376339.2000003
2020-04-22 00:00:00+00:00,1286376339.2000003
2020-04-23 00:00:00+00:00,1286376339.2000003
2020-04-24 00:00:00+00:00,1280528595.2000003
2020-04-27 00:00:00+00:00,1267955945.6000004
2020-04-28 00:00:00+00:00,1272049366.4000003
2020-04-29 00:00:00+00:00,1283744854.4000003
2020-04-30 00:00:00+00:00,1296902278.4000003
2020-05-01 00:00:00+00:00,1314445510.4000003
2020-05-04 00:00:00+00:00,1297779440.0000002
2020-05-05 00:00:00+00:00,1308890153.6000004
2020-05-06 00:00:00+00:00,1293978406.4000003
2020-05-07 00:00:00+00:00,1295732729.6000004
2020-05-08 00:00:00+00:00,1294563180.8000002
2020-05-11 00:00:00+00:00,1289592598.4000003
2020-05-12 00:00:00+00:00,1293393632.0000002
2020-05-13 00:00:00+00:00,1293686019.2000003
2020-05-14 00:00:00+00:00,1299533763.2000003
2020-05-15 00:00:00+00:00,1297194665.6000004
2020-05-18 00:00:00+00:00,1309474928.0000002
2020-05-19 00:00:00+00:00,1310936864.0000002
2020-05-20 00:00:00+00:00,1320878028.8000002
2020-05-21 00:00:00+00:00,1314737897.6000004
2020-05-22 00:00:00+00:00,1313275961.6000004
2020-05-26 00:00:00+00:00,1316784608.0000002
2020-05-27 00:00:00+00:00,1309474928.0000002
2020-05-28 00:00:00+00:00,1309474928.0000002
2020-05-29 00:00:00+00:00,1312691187.2000003
2020-06-01 00:00:00+00:00,1315322672.0000002
2020-06-02 00:00:00+00:00,1321755190.4000003
2020-06-03 00:00:00+00:00,1333450678.4000003
2020-06-04 00:00:00+00:00,1336666937.6000004
2020-06-05 00:00:00+00:00,1345146166.4000003
2020-06-08 00:00:00+00:00,1342807068.8000002
2020-06-09 00:00:00+00:00,1344561392.0000002
2020-06-10 00:00:00+00:00,1351286297.6000004
2020-06-11 00:00:00+00:00,1347485264.0000002
2020-06-12 00:00:00+00:00,1345730940.8000002
2020-06-15 00:00:00+00:00,1348362425.6000004
2020-06-16 00:00:00+00:00,1352748233.6000004
2020-06-17 00:00:00+00:00,1352163459.2000003
2020-06-18 00:00:00+00:00,1345730940.8000002
2020-06-19 00:00:00+00:00,1349824361.6000004
2020-06-22 00:00:00+00:00,1346315715.2000003
2020-06-23 00:00:00+00:00,1342222294.4000003
2020-06-24 00:00:00+00:00,1339883196.8000002
2020-06-25 00:00:00+00:00,1342222294.4000003
2020-06-26 00:00:00+00:00,1333450678.4000003
2020-06-29 00:00:00+00:00,1337836486.4000003
2020-06-30 00:00:00+00:00,1343391843.2000003
2020-07-01 00:00:00+00:00,1349531974.4000003
2020-07-02 00:00:00+00:00,1351578684.8000002
2020-07-06 00:00:00+00:00,1342514681.6000004
2020-07-07 00:00:00+00:00,1349824361.6000004
2020-07-08 00:00:00+00:00,1346900489.6000004
2020-07-09 00:00:00+00:00,1339883196.8000002
2020-07-10 00:00:00+00:00,1337544099.2000003
2020-07-13 00:00:00+00:00,1332281129.6000004
2020-07-14 00:00:00+00:00,1324679062.4000003
2020-07-15 00:00:00+00:00,1339298422.4000003
2020-07-16 00:00:00+00:00,1338421260.8000002
2020-07-17 00:00:00+00:00,1336666937.6000004
2020-07-20 00:00:00+00:00,1336374550.4000003
2020-07-21 00:00:00+00:00,1334912614.4000003
2020-07-22 00:00:00+00:00,1340467971.2000003
2020-07-23 00:00:00+00:00,1337836486.4000003
2020-07-24 00:00:00+00:00,1329649644.8000002
2020-07-27 00:00:00+00:00,1348070038.4000003
2020-07-28 00:00:00+00:00,1344853779.2000003
2020-07-29 00:00:00+00:00,1344853779.2000003
2020-07-30 00:00:00+00:00,1347777651.2000003
2020-07-31 00:00:00+00:00,1363274172.8000002
2020-08-03 00:00:00+00:00,1365613270.4000003
2020-08-04 00:00:00+00:00,1367367593.6000004
2020-08-05 00:00:00+00:00,1360350300.8000002
2020-08-06 00:00:00+00:00,1372045788.8000002
2020-08-07 00:00:00+00:00,1364151334.4000003
2020-08-10 00:00:00+00:00,1360642688.0000002
2020-08-11 00:00:00+00:00,1366198044.8000002
2020-08-12 00:00:00+00:00,1369121916.8000002
2020-08-13 00:00:00+00:00,1377016371.2000003
2020-08-14 00:00:00+00:00,1376723984.0000002
2020-08-17 00:00:00+00:00,1375554435.2000003
2020-08-18 00:00:00+00:00,1370583852.8000002
2020-08-19 00:00:00+00:00,1380817404.8000002
2020-08-20 00:00:00+00:00,1374092499.2000003
2020-08-21 00:00:00+00:00,1368829529.6000004
2020-08-24 00:00:00+00:00,1365320883.2000003
2020-08-25 00:00:00+00:00,1366782819.2000003
2020-08-26 00:00:00+00:00,1361519849.6000004
2020-08-27 00:00:00+00:00,1367075206.4000003
2020-08-28 00:00:00+00:00,1362104624.0000002
2020-08-31 00:00:00+00:00,1363858947.2000003
2020-09-01 00:00:00+00:00,1362104624.0000002
2020-09-02 00:00:00+00:00,1357426428.8000002
2020-09-03 00:00:00+00:00,1346608102.4000003
2020-09-04 00:00:00+00:00,1342514681.6000004
2020-09-08 00:00:00+00:00,1345730940.8000002
2020-09-09 00:00:00+00:00,1345438553.6000004
2020-09-10 00:00:00+00:00,1341929907.2000003
2020-09-11 00:00:00+00:00,1342222294.4000003
2020-09-14 00:00:00+00:00,1337544099.2000003
2020-09-15 00:00:00+00:00,1365320883.2000003
2020-09-16 00:00:00+00:00,1371461014.4000003
2020-09-17 00:00:00+00:00,1380525017.6000004
2020-09-18 00:00:00+00:00,1384910825.6000004
2020-09-21 00:00:00+00:00,1377601145.6000004
2020-09-22 00:00:00+00:00,1385787987.2000003
2020-09-23 00:00:00+00:00,1383448889.6000004
2020-09-24 00:00:00+00:00,1384618438.4000003
2020-09-25 00:00:00+00:00,1388711859.2000003
2020-09-28 00:00:00+00:00,1375262048.0000002
2020-09-29 00:00:00+00:00,1386080374.4000003
2020-09-30 00:00:00+00:00,1388711859.2000003
2020-10-01 00:00:00+00:00,1390758569.6000004
2020-10-02 00:00:00+00:00,1389881408.0000002
2020-10-05 00:00:00+00:00,1391635731.2000003
2020-10-06 00:00:00+00:00,1399530185.6000004
2020-10-07 00:00:00+00:00,1407132252.8000002
2020-10-08 00:00:00+00:00,1408009414.4000003
2020-10-09 00:00:00+00:00,1409763737.6000004
2020-10-12 00:00:00+00:00,1398360636.8000002
2020-10-13 00:00:00+00:00,1403331219.2000003
2020-10-14 00:00:00+00:00,1408886576.0000002
2020-10-15 00:00:00+00:00,1408301801.6000004
2020-10-16 00:00:00+00:00,1415611481.6000004
2020-10-19 00:00:00+00:00,1424090710.4000003
2020-10-20 00:00:00+00:00,1418827740.8000002
2020-10-21 00:00:00+00:00,1417658192.0000002
2020-10-22 00:00:00+00:00,1425845033.6000004
2020-10-23 00:00:00+00:00,1424090710.4000003
2020-10-26 00:00:00+00:00,1425552646.4000003
2020-10-27 00:00:00+00:00,1427306969.6000004
2020-10-28 00:00:00+00:00,1429061292.8000002
2020-10-29 00:00:00+00:00,1414734320.0000002
2020-10-30 00:00:00+00:00,1413564771.2000003
2020-11-02 00:00:00+00:00,1431400390.4000003
2020-11-03 00:00:00+00:00,1424090710.4000003
2020-11-04 00:00:00+00:00,1422044000.0000002
2020-11-05 00:00:00+00:00,1417073417.6000004
2020-11-06 00:00:00+00:00,1429646067.2000003
2020-11-09 00:00:00+00:00,1428768905.6000004
2020-11-10 00:00:00+00:00,1422921161.6000004
2020-11-11 00:00:00+00:00,1417365804.8000002
2020-11-12 00:00:00+00:00,1429938454.4000003
2020-11-13 00:00:00+00:00,1431108003.2000003
2020-11-16 00:00:00+00:00,1446019750.4000003
2020-11-17 00:00:00+00:00,1441341555.2000003
2020-11-18 00:00:00+00:00,1445434976.0000002
2020-11-19 00:00:00+00:00,1440464393.6000004
2020-11-20 00:00:00+00:00,1438417683.2000003
2020-11-23 00:00:00+00:00,1436663360.0000002
2020-11-24 00:00:00+00:00,1433447100.8000002
2020-11-25 00:00:00+00:00,1425552646.4000003
2020-11-27 00:00:00+00:00,1427014582.4000003
2020-11-30 00:00:00+00:00,1417950579.2000003
2020-12-01 00:00:00+00:00,1417950579.2000003
2020-12-02 00:00:00+00:00,1420582064.0000002
2020-12-03 00:00:00+00:00,1423798323.2000003
2020-12-04 00:00:00+00:00,1415903868.8000002
2020-12-07 00:00:00+00:00,1416196256.0000002
2020-12-08 00:00:00+00:00,1414441932.8000002
2020-12-09 00:00:00+00:00,1431400390.4000003
2020-12-10 00:00:00+00:00,1422336387.2000003
2020-12-11 00:00:00+00:00,1415611481.6000004
2020-12-14 00:00:00+00:00,1406547478.4000003
2020-12-15 00:00:00+00:00,1409178963.2000003
2020-12-16 00:00:00+00:00,1417365804.8000002
2020-12-17 00:00:00+00:00,1422921161.6000004
2020-12-18 00:00:00+00:00,1415903868.8000002
2020-12-21 00:00:00+00:00,1418535353.6000004
2020-12-22 00:00:00+00:00,1418827740.8000002
2020-12-23 00:00:00+00:00,1427306969.6000004
2020-12-24 00:00:00+00:00,1429353680.0000002
2020-12-28 00:00:00+00:00,1431692777.6000004
2020-12-29 00:00:00+00:00,1433447100.8000002
2020-12-30 00:00:00+00:00,1440464393.6000004
2020-12-31 00:00:00+00:00,1446604524.8000002
2021-01-04 00:00:00+00:00,1454498979.2000003
2021-01-05 00:00:00+00:00,1465024918.4000003
2021-01-06 00:00:00+00:00,1468825952.0000002
2021-01-07 00:00:00+00:00,1449820784.0000002
2021-01-08 00:00:00+00:00,1449820784.0000002
2021-01-11 00:00:00+00:00,1451867494.4000003
2021-01-12 00:00:00+00:00,1445727363.2000003
2021-01-13 00:00:00+00:00,1456838076.8000002
2021-01-14 00:00:00+00:00,1481106214.4000003
2021-01-15 00:00:00+00:00,1474673696.0000002
2021-01-19 00:00:00+00:00,1464440144.0000002
2021-01-20 00:00:00+00:00,1469410726.4000003
2021-01-21 00:00:00+00:00,1462978208.0000002
2021-01-22 00:00:00+00:00,1457715238.4000003
2021-01-25 00:00:00+00:00,1453914204.8000002
2021-01-26 00:00:00+00:00,1453914204.8000002
2021-01-27 00:00:00+00:00,1455668528.0000002
2021-01-28 00:00:00+00:00,1449528396.8000002
2021-01-29 00:00:00+00:00,1456545689.6000004
2021-02-01 00:00:00+00:00,1465902080.0000002
2021-02-02 00:00:00+00:00,1469995500.8000002
2021-02-03 00:00:00+00:00,1462685820.8000002
2021-02-04 00:00:00+00:00,1462978208.0000002
2021-02-05 00:00:00+00:00,1473796534.4000003
2021-02-08 00:00:00+00:00,1469410726.4000003
2021-02-09 00:00:00+00:00,1474381308.8000004
2021-02-10 00:00:00+00:00,1482275763.2000003
2021-02-11 00:00:00+00:00,1455376140.8000002
2021-02-12 00:00:00+00:00,1450990332.8000002
2021-02-16 00:00:00+00:00,1459177174.4000003
2021-02-17 00:00:00+00:00,1464732531.2000003
2021-02-18 00:00:00+00:00,1478767116.8000002
2021-02-19 00:00:00+00:00,1487538732.8000002
2021-02-22 00:00:00+00:00,1503620028.8000004
2021-02-23 00:00:00+00:00,1491047379.2000003
2021-02-24 00:00:00+00:00,1495725574.4000003
2021-02-25 00:00:00+00:00,1486076796.8000002
2021-02-26 00:00:00+00:00,1474673696.0000002
2021-03-01 00:00:00+00:00,1467656403.2000003
2021-03-02 00:00:00+00:00,1474088921.6000004
2021-03-03 00:00:00+00:00,1465609692.8000002
2021-03-04 00:00:00+00:00,1469118339.2000003
2021-03-05 00:00:00+00:00,1473211760.0000002
2021-03-08 00:00:00+00:00,1467364016.0000002
2021-03-09 00:00:00+00:00,1458592400.0000002
2021-03-10 00:00:00+00:00,1460346723.2000003
2021-03-11 00:00:00+00:00,1472042211.2000003
2021-03-12 00:00:00+00:00,1465317305.6000004
2021-03-15 00:00:00+00:00,1465024918.4000003
2021-03-16 00:00:00+00:00,1470287888.0000002
2021-03-17 00:00:00+00:00,1461223884.8000002
2021-03-18 00:00:00+00:00,1458300012.8000002
2021-03-19 00:00:00+00:00,1454498979.2000003
2021-03-22 00:00:00+00:00,1447774073.6000004
2021-03-23 00:00:00+00:00,1444850201.6000004
2021-03-24 00:00:00+00:00,1450697945.6000004
2021-03-25 00:00:00+00:00,1434909036.8000002
2021-03-26 00:00:00+00:00,1437832908.8000002
2021-03-29 00:00:00+00:00,1429938454.4000003
2021-03-30 00:00:00+00:00,1429938454.4000003
2021-03-31 00:00:00+00:00,1425552646.4000003
2021-04-01 00:00:00+00:00,1423798323.2000003
2021-04-05 00:00:00+00:00,1427599356.8000002
2021-04-06 00:00:00+00:00,1436955747.2000003
2021-04-07 00:00:00+00:00,1436370972.8000002
2021-04-08 00:00:00+00:00,1437540521.6000004
2021-04-09 00:00:00+00:00,1445727363.2000003
2021-04-12 00:00:00+00:00,1442511104.0000002
2021-04-13 00:00:00+00:00,1444850201.6000004
2021-04-14 00:00:00+00:00,1458007625.6000004
2021-04-15 00:00:00+00:00,1470580275.2000003
2021-04-16 00:00:00+00:00,1478182342.4000003
2021-04-19 00:00:00+00:00,1467656403.2000003
2021-04-20 00:00:00+00:00,1482568150.4000003
2021-04-21 00:00:00+00:00,1487538732.8000002
2021-04-22 00:00:00+00:00,1487246345.6000004
2021-04-23 00:00:00+00:00,1487246345.6000004
2021-04-26 00:00:00+00:00,1493386476.8000002
2021-04-27 00:00:00+00:00,1512684032.0000002
2021-04-28 00:00:00+00:00,1494848412.8000002
2021-04-29 00:00:00+00:00,1488708281.6000004
2021-04-30 00:00:00+00:00,1490170217.6000004
2021-05-03 00:00:00+00:00,1494586937.6000004
2021-05-04 00:00:00+00:00,1487696854.4000003
2021-05-05 00:00:00+00:00,1480453433.6000004
2021-05-06 00:00:00+00:00,1480100096.0000005
2021-05-07 00:00:00+00:00,1481160108.8000004
2021-05-10 00:00:00+00:00,1481160108.8000004
2021-05-11 00:00:00+00:00,1470383312.0000005
2021-05-12 00:00:00+00:00,1474976700.8000004
2021-05-13 00:00:00+00:00,1487873523.2000003
2021-05-14 00:00:00+00:00,1490523555.2000003
2021-05-17 00:00:00+00:00,1489993548.8000004
2021-05-18 00:00:00+00:00,1486106835.2000003
2021-05-19 00:00:00+00:00,1490700224.0000005
2021-05-20 00:00:00+00:00,1489110204.8000004
2021-05-21 00:00:00+00:00,1495646950.4000003
2021-05-24 00:00:00+00:00,1492820249.6000004
2021-05-25 00:00:00+00:00,1489110204.8000004
2021-05-26 00:00:00+00:00,1493703593.6000004
2021-05-27 00:00:00+00:00,1487696854.4000003
2021-05-28 00:00:00+00:00,1483456803.2000003
2021-06-01 00:00:00+00:00,1477626732.8000004
2021-06-02 00:00:00+00:00,1477803401.6000004
2021-06-03 00:00:00+00:00,1482220121.6000004
2021-06-04 00:00:00+00:00,1477273395.2000003
2021-06-07 00:00:00+00:00,1483103465.6000004
2021-06-08 00:00:00+00:00,1477273395.2000003
2021-06-09 00:00:00+00:00,1476920057.6000004
2021-06-10 00:00:00+00:00,1476920057.6000004
2021-06-11 00:00:00+00:00,1477980070.4000003
2021-06-14 00:00:00+00:00,1482926796.8000004
2021-06-15 00:00:00+00:00,1486283504.0000005
2021-06-16 00:00:00+00:00,1486283504.0000005
2021-06-17 00:00:00+00:00,1494940275.2000003
2021-06-18 00:00:00+00:00,1495823619.2000003
2021-06-21 00:00:00+00:00,1488580198.4000003
2021-06-22 00:00:00+00:00,1494410268.8000004
2021-06-23 00:00:00+00:00,1499248971.2000005
2021-06-24 00:00:00+00:00,1503370828.8000004
2021-06-25 00:00:00+00:00,1504625307.2000005
2021-06-28 00:00:00+00:00,1510001643.2000005
2021-06-29 00:00:00+00:00,1508747164.8000004
2021-06-30 00:00:00+00:00,1515019556.8000004
2021-07-01 00:00:00+00:00,1515915612.8000004
2021-07-02 00:00:00+00:00,1519679048.0000005
2021-07-06 00:00:00+00:00,1514661134.4000006
2021-07-07 00:00:00+00:00,1512510600.0000005
2021-07-08 00:00:00+00:00,1507134264.0000005
2021-07-09 00:00:00+00:00,1504087673.6000004
2021-07-12 00:00:00+00:00,1498890548.8000004
2021-07-13 00:00:00+00:00,1500503449.6000004
2021-07-14 00:00:00+00:00,1497815281.6000004
2021-07-15 00:00:00+00:00,1504983729.6000004
2021-07-16 00:00:00+00:00,1511793755.2000005
2021-07-19 00:00:00+00:00,1500324238.4000006
2021-07-20 00:00:00+00:00,1506417419.2000005
2021-07-21 00:00:00+00:00,1511076910.4000006
2021-07-22 00:00:00+00:00,1510180854.4000006
2021-07-23 00:00:00+00:00,1520037470.4000006
2021-07-26 00:00:00+00:00,1524517750.4000006
2021-07-27 00:00:00+00:00,1523263272.0000005
2021-07-28 00:00:00+00:00,1527922763.2000005
2021-07-29 00:00:00+00:00,1522367216.0000005
2021-07-30 00:00:00+00:00,1515377979.2000005
2021-08-02 00:00:00+00:00,1516094824.0000005
2021-08-03 00:00:00+00:00,1516632457.6000004
2021-08-04 00:00:00+00:00,1515736401.6000004
2021-08-05 00:00:00+00:00,1528101974.4000006
2021-08-06 00:00:00+00:00,1529177241.6000004
2021-08-09 00:00:00+00:00,1525413806.4000003
2021-08-10 00:00:00+00:00,1545485460.8000004
2021-08-11 00:00:00+00:00,1543334926.4000003
2021-08-12 00:00:00+00:00,1544589404.8000004
2021-08-13 00:00:00+00:00,1551937064.0000005
2021-08-16 00:00:00+00:00,1553370753.6000004
2021-08-17 00:00:00+00:00,1553191542.4000006
2021-08-18 00:00:00+00:00,1555879710.4000006
2021-08-19 00:00:00+00:00,1549069684.8000004
2021-08-20 00:00:00+00:00,1545306249.6000004
2021-08-23 00:00:00+00:00,1545306249.6000004
2021-08-24 00:00:00+00:00,1545306249.6000004
2021-08-25 00:00:00+00:00,1547994417.6000004
2021-08-26 00:00:00+00:00,1547098361.6000004
2021-08-27 00:00:00+00:00,1553549964.8000004
2021-08-30 00:00:00+00:00,1556775766.4000003
2021-08-31 00:00:00+00:00,1549965740.8000004
2021-09-01 00:00:00+00:00,1546919150.4000006
2021-09-02 00:00:00+00:00,1551041008.0000005
2021-09-03 00:00:00+00:00,1546023094.4000006
2021-09-07 00:00:00+00:00,1543514137.6000004
2021-09-08 00:00:00+00:00,1543693348.8000004
2021-09-09 00:00:00+00:00,1539213068.8000004
2021-09-10 00:00:00+00:00,1544051771.2000005
2021-09-13 00:00:00+00:00,1547277572.8000004
2021-09-14 00:00:00+00:00,1546739939.2000005
2021-09-15 00:00:00+00:00,1557492611.2000005
2021-09-16 00:00:00+00:00,1555162865.6000004
2021-09-17 00:00:00+00:00,1550324163.2000005
2021-09-20 00:00:00+00:00,1545485460.8000004
2021-09-21 00:00:00+00:00,1548352840.0000005
2021-09-22 00:00:00+00:00,1554087598.4000006
2021-09-23 00:00:00+00:00,1558030244.8000004
2021-09-24 00:00:00+00:00,1551578641.6000004
2021-09-27 00:00:00+00:00,1547098361.6000004
2021-09-28 00:00:00+00:00,1549965740.8000004
2021-09-29 00:00:00+00:00,1547815206.4000003
2021-09-30 00:00:00+00:00,1558926300.8000004
2021-10-01 00:00:00+00:00,1553908387.2000005
2021-10-04 00:00:00+00:00,1547277572.8000004
2021-10-05 00:00:00+00:00,1550144952.0000005
2021-10-06 00:00:00+00:00,1548711262.4000006
2021-10-07 00:00:00+00:00,1549965740.8000004
2021-10-08 00:00:00+00:00,1558030244.8000004
2021-10-11 00:00:00+00:00,1558747089.6000004
2021-10-12 00:00:00+00:00,1554087598.4000006
2021-10-13 00:00:00+00:00,1550324163.2000005
2021-10-14 00:00:00+00:00,1545485460.8000004
2021-10-15 00:00:00+00:00,1549248896.0000005
2021-10-18 00:00:00+00:00,1541184392.0000005
2021-10-19 00:00:00+00:00,1532582254.4000006
2021-10-20 00:00:00+00:00,1534374366.4000003
2021-10-21 00:00:00+00:00,1533836732.8000004
2021-10-22 00:00:00+00:00,1536345689.6000004
2021-10-25 00:00:00+00:00,1541901236.8000004
2021-10-26 00:00:00+00:00,1546739939.2000005
2021-10-27 00:00:00+00:00,1547456784.0000005
2021-10-28 00:00:00+00:00,1546023094.4000006
2021-10-29 00:00:00+00:00,1539750702.4000006
2021-11-01 00:00:00+00:00,1541542814.4000006
2021-11-02 00:00:00+00:00,1544589404.8000004
2021-11-03 00:00:00+00:00,1541722025.6000004
2021-11-04 00:00:00+00:00,1546202305.6000004
2021-11-05 00:00:00+00:00,1551757852.8000004
2021-11-08 00:00:00+00:00,1551399430.4000006
2021-11-09 00:00:00+00:00,1551041008.0000005
2021-11-10 00:00:00+00:00,1545664672.0000005
2021-11-11 00:00:00+00:00,1554983654.4000006
2021-11-12 00:00:00+00:00,1553012331.2000005
2021-11-15 00:00:00+00:00,1548173628.8000004
2021-11-16 00:00:00+00:00,1552653908.8000004
2021-11-17 00:00:00+00:00,1560359990.4000006
2021-11-18 00:00:00+00:00,1556058921.6000004
2021-11-19 00:00:00+00:00,1552653908.8000004
2021-11-22 00:00:00+00:00,1548532051.2000005
2021-11-23 00:00:00+00:00,1554804443.2000005
2021-11-24 00:00:00+00:00,1551578641.6000004
2021-11-26 00:00:00+00:00,1541184392.0000005
2021-11-29 00:00:00+00:00,1538317012.8000004
2021-11-30 00:00:00+00:00,1527743552.0000005
2021-12-01 00:00:00+00:00,1527743552.0000005
2021-12-02 00:00:00+00:00,1528101974.4000006
2021-12-03 00:00:00+00:00,1530431720.0000005
2021-12-06 00:00:00+00:00,1537779379.2000005
2021-12-07 00:00:00+00:00,1543514137.6000004
2021-12-08 00:00:00+00:00,1549607318.4000006
2021-12-09 00:00:00+00:00,1547277572.8000004
2021-12-10 00:00:00+00:00,1547635995.2000005
2021-12-13 00:00:00+00:00,1546381516.8000004
2021-12-14 00:00:00+00:00,1546560728.0000005
2021-12-15 00:00:00+00:00,1540109124.8000004
2021-12-16 00:00:00+00:00,1542080448.0000005
2021-12-17 00:00:00+00:00,1536883323.2000005
2021-12-20 00:00:00+00:00,1527564340.8000004
2021-12-21 00:00:00+00:00,1530252508.8000004
2021-12-22 00:00:00+00:00,1539571491.2000005
2021-12-23 00:00:00+00:00,1539213068.8000004
2021-12-27 00:00:00+00:00,1538675435.2000005
2021-12-28 00:00:00+00:00,1534195155.2000005
2021-12-29 00:00:00+00:00,1536704112.0000005
2021-12-30 00:00:00+00:00,1530969353.6000004
2021-12-31 00:00:00+00:00,1532761465.6000004
2022-01-03 00:00:00+00:00,1530252508.8000004
2022-01-04 00:00:00+00:00,1530431720.0000005
2022-01-05 00:00:00+00:00,1523084060.8000004
2022-01-06 00:00:00+00:00,1520395892.8000004
2022-01-07 00:00:00+00:00,1517886936.0000005
2022-01-10 00:00:00+00:00,1513944289.6000004
2022-01-11 00:00:00+00:00,1518962203.2000005
2022-01-12 00:00:00+00:00,1523084060.8000004
2022-01-13 00:00:00+00:00,1518603780.8000004
2022-01-14 00:00:00+00:00,1522546427.2000005
2022-01-18 00:00:00+00:00,1528818819.2000005
2022-01-19 00:00:00+00:00,1536166478.4000006
2022-01-20 00:00:00+00:00,1533657521.6000004
2022-01-21 00:00:00+00:00,1533119888.0000005
2022-01-24 00:00:00+00:00,1531506987.2000005
2022-01-25 00:00:00+00:00,1530969353.6000004
2022-01-26 00:00:00+00:00,1525772228.8000004
2022-01-27 00:00:00+00:00,1524338539.2000005
2022-01-28 00:00:00+00:00,1520575104.0000005
2022-01-31 00:00:00+00:00,1520933526.4000003
2022-02-01 00:00:00+00:00,1525593017.6000004
2022-02-02 00:00:00+00:00,1515736401.6000004
2022-02-03 00:00:00+00:00,1516811668.8000004
2022-02-04 00:00:00+00:00,1521112737.6000004
2022-02-07 00:00:00+00:00,1517886936.0000005
2022-02-08 00:00:00+00:00,1518424569.6000004
2022-02-09 00:00:00+00:00,1525593017.6000004
2022-02-10 00:00:00+00:00,1522367216.0000005
2022-02-11 00:00:00+00:00,1513585867.2000005
2022-02-14 00:00:00+00:00,1510897699.2000005
2022-02-15 00:00:00+00:00,1509284798.4000006
2022-02-16 00:00:00+00:00,1509105587.2000005
2022-02-17 00:00:00+00:00,1512331388.8000004
2022-02-18 00:00:00+00:00,1510180854.4000006
2022-02-22 00:00:00+00:00,1515019556.8000004
2022-02-23 00:00:00+00:00,1514840345.6000004
2022-02-24 00:00:00+00:00,1515377979.2000005
2022-02-25 00:00:00+00:00,1509822432.0000005
2022-02-28 00:00:00+00:00,1511614544.0000005
2022-03-01 00:00:00+00:00,1523084060.8000004
2022-03-02 00:00:00+00:00,1528460396.8000004
2022-03-03 00:00:00+00:00,1533657521.6000004
2022-03-04 00:00:00+00:00,1541184392.0000005
2022-03-07 00:00:00+00:00,1539750702.4000006
2022-03-08 00:00:00+00:00,1542618081.6000004
2022-03-09 00:00:00+00:00,1533836732.8000004
2022-03-10 00:00:00+00:00,1536704112.0000005
2022-03-11 00:00:00+00:00,1539213068.8000004
2022-03-14 00:00:00+00:00,1537241745.6000004
2022-03-15 00:00:00+00:00,1530073297.6000004
2022-03-16 00:00:00+00:00,1527026707.2000005
2022-03-17 00:00:00+00:00,1529356452.8000004
2022-03-18 00:00:00+00:00,1533657521.6000004
2022-03-21 00:00:00+00:00,1539929913.6000004
2022-03-22 00:00:00+00:00,1537600168.0000005
2022-03-23 00:00:00+00:00,1539213068.8000004
2022-03-24 00:00:00+00:00,1539571491.2000005
2022-03-25 00:00:00+00:00,1545843883.2000005
2022-03-28 00:00:00+00:00,1545485460.8000004
2022-03-29 00:00:00+00:00,1536883323.2000005
2022-03-30 00:00:00+00:00,1543334926.4000003
2022-03-31 00:00:00+00:00,1543693348.8000004
2022-04-01 00:00:00+00:00,1541542814.4000006
2022-04-04 00:00:00+00:00,1545843883.2000005
2022-04-05 00:00:00+00:00,1546560728.0000005
2022-04-06 00:00:00+00:00,1545485460.8000004
2022-04-07 00:00:00+00:00,1549965740.8000004
2022-04-08 00:00:00+00:00,1560180779.2000005
2022-04-11 00:00:00+00:00,1558388667.2000005
2022-04-12 00:00:00+00:00,1556775766.4000003
2022-04-13 00:00:00+00:00,1554625232.0000005
2022-04-14 00:00:00+00:00,1553370753.6000004
2022-04-18 00:00:00+00:00,1556417344.0000005
2022-04-19 00:00:00+00:00,1564288480.0000005
2022-04-20 00:00:00+00:00,1566070624.0000005
2022-04-21 00:00:00+00:00,1562209312.0000005
2022-04-22 00:00:00+00:00,1571120032.0000005
2022-04-25 00:00:00+00:00,1576020928.0000005
2022-04-26 00:00:00+00:00,1575278368.0000005
2022-04-27 00:00:00+00:00,1575723904.0000005
2022-04-28 00:00:00+00:00,1570823008.0000005
2022-04-29 00:00:00+00:00,1572011104.0000005
2022-05-02 00:00:00+00:00,1576466464.0000005
2022-05-03 00:00:00+00:00,1579882240.0000005
2022-05-04 00:00:00+00:00,1579882240.0000005
2022-05-05 00:00:00+00:00,1577506048.0000005
2022-05-06 00:00:00+00:00,1571862592.0000005
2022-05-09 00:00:00+00:00,1579288192.0000005
2022-05-10 00:00:00+00:00,1581070336.0000005
2022-05-11 00:00:00+00:00,1580921824.0000005
2022-05-12 00:00:00+00:00,1579585216.0000005
2022-05-13 00:00:00+00:00,1571714080.0000005
2022-05-16 00:00:00+00:00,1564139968.0000005
2022-05-17 00:00:00+00:00,1559387584.0000005
2022-05-18 00:00:00+00:00,1561912288.0000005
2022-05-19 00:00:00+00:00,1562803360.0000005
2022-05-20 00:00:00+00:00,1560130144.0000005
2022-05-23 00:00:00+00:00,1562803360.0000005
2022-05-24 00:00:00+00:00,1563100384.0000005
2022-05-25 00:00:00+00:00,1564139968.0000005
2022-05-26 00:00:00+00:00,1566219136.0000005
2022-05-27 00:00:00+00:00,1565179552.0000005
2022-05-31 00:00:00+00:00,1568298304.0000005
2022-06-01 00:00:00+00:00,1567704256.0000005
2022-06-02 00:00:00+00:00,1569040864.0000005
2022-06-03 00:00:00+00:00,1569931936.0000005
2022-06-06 00:00:00+00:00,1565922112.0000005
2022-06-07 00:00:00+00:00,1574684320.0000005
2022-06-08 00:00:00+00:00,1574535808.0000005
2022-06-09 00:00:00+00:00,1569931936.0000005
2022-06-10 00:00:00+00:00,1576169440.0000005
2022-06-13 00:00:00+00:00,1578545632.0000005
2022-06-14 00:00:00+00:00,1577209024.0000005
2022-06-15 00:00:00+00:00,1580624800.0000005
2022-06-16 00:00:00+00:00,1579139680.0000005
2022-06-17 00:00:00+00:00,1578248608.0000005
2022-06-21 00:00:00+00:00,1577506048.0000005
2022-06-22 00:00:00+00:00,1581812896.0000005
2022-06-23 00:00:00+00:00,1583743552.0000005
2022-06-24 00:00:00+00:00,1584486112.0000005
2022-06-27 00:00:00+00:00,1585228672.0000005
2022-06-28 00:00:00+00:00,1581664384.0000005
2022-06-29 00:00:00+00:00,1581515872.0000005
2022-06-30 00:00:00+00:00,1581664384.0000005
2022-07-01 00:00:00+00:00,1588050400.0000005
2022-07-05 00:00:00+00:00,1592060224.0000005
2022-07-06 00:00:00+00:00,1589238496.0000005
2022-07-07 00:00:00+00:00,1581367360.0000005
2022-07-08 00:00:00+00:00,1573941760.0000005
2022-07-11 00:00:00+00:00,1576317952.0000005
2022-07-12 00:00:00+00:00,1578842656.0000005
2022-07-13 00:00:00+00:00,1572159616.0000005
2022-07-14 00:00:00+00:00,1574684320.0000005
2022-07-15 00:00:00+00:00,1570525984.0000005
2022-07-18 00:00:00+00:00,1568149792.0000005
2022-07-19 00:00:00+00:00,1576614976.0000005
2022-07-20 00:00:00+00:00,1579139680.0000005
2022-07-21 00:00:00+00:00,1583892064.0000005
2022-07-22 00:00:00+00:00,1590723616.0000005
2022-07-25 00:00:00+00:00,1596961120.0000005
2022-07-26 00:00:00+00:00,1596961120.0000005
2022-07-27 00:00:00+00:00,1598000704.0000005
2022-07-28 00:00:00+00:00,1593248320.0000005
2022-07-29 00:00:00+00:00,1595921536.0000005
2022-08-01 00:00:00+00:00,1595030464.0000005
2022-08-02 00:00:00+00:00,1593693856.0000005
2022-08-03 00:00:00+00:00,1592505760.0000005
2022-08-04 00:00:00+00:00,1595773024.0000005
2022-08-05 00:00:00+00:00,1589981056.0000005
2022-08-08 00:00:00+00:00,1589684032.0000005
2022-08-09 00:00:00+00:00,1589387008.0000005
2022-08-10 00:00:00+00:00,1584931648.0000005
2022-08-11 00:00:00+00:00,1581812896.0000005
2022-08-12 00:00:00+00:00,1580179264.0000005
2022-08-15 00:00:00+00:00,1581070336.0000005
2022-08-16 00:00:00+00:00,1585080160.0000005
2022-08-17 00:00:00+00:00,1585525696.0000005
2022-08-18 00:00:00+00:00,1592505760.0000005
2022-08-19 00:00:00+00:00,1587753376.0000005
2022-08-22 00:00:00+00:00,1589981056.0000005
2022-08-23 00:00:00+00:00,1590723616.0000005
2022-08-24 00:00:00+00:00,1588495936.0000005
2022-08-25 00:00:00+00:00,1590575104.0000005
2022-08-26 00:00:00+00:00,1582109920.0000005
2022-08-29 00:00:00+00:00,1582555456.0000005
2022-08-30 00:00:00+00:00,1587604864.0000005
2022-08-31 00:00:00+00:00,1590723616.0000005
2022-09-01 00:00:00+00:00,1589238496.0000005
2022-09-02 00:00:00+00:00,1586862304.0000005
2022-09-06 00:00:00+00:00,1589387008.0000005
2022-09-07 00:00:00+00:00,1588347424.0000005
2022-09-08 00:00:00+00:00,1590129568.0000005
2022-09-09 00:00:00+00:00,1585822720.0000005
2022-09-12 00:00:00+00:00,1583892064.0000005
2022-09-13 00:00:00+00:00,1589387008.0000005
2022-09-14 00:00:00+00:00,1589535520.0000005
2022-09-15 00:00:00+00:00,1590872128.0000005
2022-09-16 00:00:00+00:00,1595624512.0000005
2022-09-19 00:00:00+00:00,1598446240.0000005
2022-09-20 00:00:00+00:00,1592060224.0000005
2022-09-21 00:00:00+00:00,1591911712.0000005
2022-09-22 00:00:00+00:00,1589089984.0000005
2022-09-23 00:00:00+00:00,1594436416.0000005
2022-09-26 00:00:00+00:00,1594733440.0000005
2022-09-27 00:00:00+00:00,1595178976.0000005
2022-09-28 00:00:00+00:00,1593396832.0000005
2022-09-29 00:00:00+00:00,1592505760.0000005
2022-09-30 00:00:00+00:00,1593842368.0000005
2022-10-03 00:00:00+00:00,1597703680.0000005
2022-10-04 00:00:00+00:00,1590426592.0000005
2022-10-05 00:00:00+00:00,1589832544.0000005
2022-10-06 00:00:00+00:00,1582258432.0000005
2022-10-07 00:00:00+00:00,1578991168.0000005
2022-10-10 00:00:00+00:00,1580030752.0000005
2022-10-11 00:00:00+00:00,1578100096.0000005
2022-10-12 00:00:00+00:00,1578991168.0000005
2022-10-13 00:00:00+00:00,1577060512.0000005
2022-10-14 00:00:00+00:00,1576614976.0000005
2022-10-17 00:00:00+00:00,1577654560.0000005
2022-10-18 00:00:00+00:00,1579139680.0000005
2022-10-19 00:00:00+00:00,1579436704.0000005
2022-10-20 00:00:00+00:00,1583298016.0000005
2022-10-21 00:00:00+00:00,1583446528.0000005
2022-10-24 00:00:00+00:00,1587159328.0000005
2022-10-25 00:00:00+00:00,1587456352.0000005
2022-10-26 00:00:00+00:00,1591169152.0000005
2022-10-27 00:00:00+00:00,1593396832.0000005
2022-10-28 00:00:00+00:00,1595327488.0000005
2022-10-31 00:00:00+00:00,1589535520.0000005
2022-11-01 00:00:00+00:00,1582703968.0000005
2022-11-02 00:00:00+00:00,1583355046.4000006
2022-11-03 00:00:00+00:00,1583355046.4000006
2022-11-04 00:00:00+00:00,1587261516.8000004
2022-11-07 00:00:00+00:00,1586773208.0000005
2022-11-08 00:00:00+00:00,1591981835.2000005
2022-11-09 00:00:00+00:00,1598167080.0000005
2022-11-10 00:00:00+00:00,1598655388.8000004
2022-11-11 00:00:00+00:00,1602399089.6000004
2022-11-14 00:00:00+00:00,1605491712.0000005
2022-11-15 00:00:00+00:00,1612979113.6000004
2022-11-16 00:00:00+00:00,1612653574.4000006
2022-11-17 00:00:00+00:00,1603864016.0000005
2022-11-18 00:00:00+00:00,1609072643.2000005
2022-11-21 00:00:00+00:00,1605980020.8000004
2022-11-22 00:00:00+00:00,1604026785.6000004
2022-11-23 00:00:00+00:00,1606914268.8000004
2022-11-25 00:00:00+00:00,1610257670.4000003
2022-11-28 00:00:00+00:00,1609497806.4000003
2022-11-29 00:00:00+00:00,1607218214.4000003
2022-11-30 00:00:00+00:00,1605698486.4000003
2022-12-01 00:00:00+00:00,1605850459.2000003
2022-12-02 00:00:00+00:00,1607978078.4000003
2022-12-05 00:00:00+00:00,1606914268.8000004
2022-12-06 00:00:00+00:00,1609345833.6000004
2022-12-07 00:00:00+00:00,1607978078.4000003
2022-12-08 00:00:00+00:00,1604938622.4000003
2022-12-09 00:00:00+00:00,1606154404.8000004
2022-12-12 00:00:00+00:00,1609497806.4000003
2022-12-13 00:00:00+00:00,1603722840.0000002
2022-12-14 00:00:00+00:00,1595668281.6000004
2022-12-15 00:00:00+00:00,1600379438.4000003
2022-12-16 00:00:00+00:00,1598707737.6000004
2022-12-19 00:00:00+00:00,1597947873.6000004
2022-12-20 00:00:00+00:00,1591261070.4000003
2022-12-21 00:00:00+00:00,1588677532.8000004
2022-12-22 00:00:00+00:00,1586549913.6000004
2022-12-23 00:00:00+00:00,1585182158.4000003
2022-12-27 00:00:00+00:00,1595212363.2000003
2022-12-28 00:00:00+00:00,1597643928.0000002
2022-12-29 00:00:00+00:00,1595668281.6000004
2022-12-30 00:00:00+00:00,1599467601.6000004
2023-01-03 00:00:00+00:00,1604634676.8000004
2023-01-04 00:00:00+00:00,1607066241.6000004
2023-01-05 00:00:00+00:00,1610105697.6000004
2023-01-06 00:00:00+00:00,1615880664.0000002
2023-01-09 00:00:00+00:00,1612689235.2000003
2023-01-10 00:00:00+00:00,1605546513.6000004
2023-01-11 00:00:00+00:00,1605699259.2000003
2023-01-12 00:00:00+00:00,1604782785.6000004
2023-01-13 00:00:00+00:00,1606921224.0000005
2023-01-17 00:00:00+00:00,1613183793.6000004
2023-01-18 00:00:00+00:00,1608295934.4000003
2023-01-19 00:00:00+00:00,1606157496.0000005
2023-01-20 00:00:00+00:00,1606768478.4000003
2023-01-23 00:00:00+00:00,1606462987.2000003
2023-01-24 00:00:00+00:00,1609212408.0000005
2023-01-25 00:00:00+00:00,1612725556.8000004
2023-01-26 00:00:00+00:00,1621432056.0000005
2023-01-27 00:00:00+00:00,1625708932.8000004
2023-01-30 00:00:00+00:00,1629527572.8000004
2023-01-31 00:00:00+00:00,1637928580.8000004
2023-02-01 00:00:00+00:00,1631971502.4000003
2023-02-02 00:00:00+00:00,1636401124.8000004
2023-02-03 00:00:00+00:00,1629985809.6000004
2023-02-06 00:00:00+00:00,1621126564.8000004
2023-02-07 00:00:00+00:00,1623875985.6000004
2023-02-08 00:00:00+00:00,1629374827.2000003
2023-02-09 00:00:00+00:00,1633193467.2000003
2023-02-10 00:00:00+00:00,1611656337.6000004
2023-02-13 00:00:00+00:00,1606157496.0000005
2023-02-14 00:00:00+00:00,1611045355.2000003
2023-02-15 00:00:00+00:00,1606768478.4000003
2023-02-16 00:00:00+00:00,1607532206.4000003
2023-02-17 00:00:00+00:00,1607990443.2000003
2023-02-21 00:00:00+00:00,1609976136.0000005
2023-02-22 00:00:00+00:00,1609517899.2000003
2023-02-23 00:00:00+00:00,1616238705.6000004
2023-02-24 00:00:00+00:00,1606004750.4000003
2023-02-27 00:00:00+00:00,1615474977.6000004
2023-02-28 00:00:00+00:00,1612114574.4000003
2023-03-01 00:00:00+00:00,1619751854.4000003
2023-03-02 00:00:00+00:00,1615780468.8000004
2023-03-03 00:00:00+00:00,1625097950.4000003
2023-03-06 00:00:00+00:00,1624334222.4000003
2023-03-07 00:00:00+00:00,1626625406.4000003
2023-03-08 00:00:00+00:00,1624486968.0000005
2023-03-09 00:00:00+00:00,1628611099.2000003
2023-03-10 00:00:00+00:00,1628763844.8000004
2023-03-13 00:00:00+00:00,1623265003.2000003
2023-03-14 00:00:00+00:00,1621432056.0000005
2023-03-15 00:00:00+00:00,1618682635.2000003
2023-03-16 00:00:00+00:00,1622654020.8000004
2023-03-17 00:00:00+00:00,1621279310.4000003
2023-03-20 00:00:00+00:00,1618377144.0000005
2023-03-21 00:00:00+00:00,1623265003.2000003
2023-03-22 00:00:00+00:00,1628458353.6000004
2023-03-23 00:00:00+00:00,1624639713.6000004
2023-03-24 00:00:00+00:00,1623570494.4000003
2023-03-27 00:00:00+00:00,1625250696.0000005
2023-03-28 00:00:00+00:00,1631055028.8000004
2023-03-29 00:00:00+00:00,1630138555.2000003
2023-03-30 00:00:00+00:00,1640983492.8000004
2023-03-31 00:00:00+00:00,1645413115.2000003
2023-04-03 00:00:00+00:00,1647704299.2000003
2023-04-04 00:00:00+00:00,1648773518.4000003
2023-04-05 00:00:00+00:00,1656105307.2000003
2023-04-06 00:00:00+00:00,1666186516.8000004
2023-04-10 00:00:00+00:00,1665422788.8000004
2023-04-11 00:00:00+00:00,1677795182.4000003
2023-04-12 00:00:00+00:00,1672907323.2000003
2023-04-13 00:00:00+00:00,1662826113.6000004
2023-04-14 00:00:00+00:00,1663895332.8000004
2023-04-17 00:00:00+00:00,1669088683.2000003
2023-04-18 00:00:00+00:00,1671227121.6000004
2023-04-19 00:00:00+00:00,1669852411.2000003
2023-04-20 00:00:00+00:00,1683446769.6000004
2023-04-21 00:00:00+00:00,1677336945.6000004
2023-04-24 00:00:00+00:00,1692306014.4000003
2023-04-25 00:00:00+00:00,1702234478.4000003
2023-04-26 00:00:00+00:00,1699332312.0000005
2023-04-27 00:00:00+00:00,1708038811.2000003
2023-04-28 00:00:00+00:00,1708038811.2000003
2023-05-01 00:00:00+00:00,1695666417.6000004
2023-05-02 00:00:00+00:00,1689556593.6000004
2023-05-03 00:00:00+00:00,1690014830.4000003
2023-05-04 00:00:00+00:00,1685843558.4000003
2023-05-05 00:00:00+00:00,1676309222.4000003
2023-05-08 00:00:00+00:00,1679050344.0000002
2023-05-09 00:00:00+00:00,1677858552.0000002
2023-05-10 00:00:00+00:00,1672257129.6000004
2023-05-11 00:00:00+00:00,1679884598.4000003
2023-05-12 00:00:00+00:00,1677501014.4000003
2023-05-15 00:00:00+00:00,1676666760.0000005
2023-05-16 00:00:00+00:00,1679288702.4000003
2023-05-17 00:00:00+00:00,1681195569.6000004
2023-05-18 00:00:00+00:00,1684770945.6000004
2023-05-19 00:00:00+00:00,1682744899.2000003
2023-05-22 00:00:00+00:00,1680242136.0000005
2023-05-23 00:00:00+00:00,1682387361.6000004
2023-05-24 00:00:00+00:00,1686201096.0000005
2023-05-25 00:00:00+00:00,1694066923.2000003
2023-05-26 00:00:00+00:00,1687631246.4000003
2023-05-30 00:00:00+00:00,1688107963.2000003
2023-05-31 00:00:00+00:00,1691325801.6000004
2023-06-01 00:00:00+00:00,1693471027.2000003
2023-06-02 00:00:00+00:00,1695258715.2000003
2023-06-05 00:00:00+00:00,1699191628.8000004
2023-06-06 00:00:00+00:00,1697046403.2000003
2023-06-07 00:00:00+00:00,1697999836.8000004
2023-06-08 00:00:00+00:00,1686320275.2000003
2023-06-09 00:00:00+00:00,1687512067.2000003
2023-06-12 00:00:00+00:00,1686439454.4000003
2023-06-13 00:00:00+00:00,1694781998.4000003
2023-06-14 00:00:00+00:00,1687631246.4000003
2023-06-15 00:00:00+00:00,1684532587.2000003
2023-06-16 00:00:00+00:00,1679050344.0000002
2023-06-20 00:00:00+00:00,1679765419.2000003
2023-06-21 00:00:00+00:00,1681910644.8000004
2023-06-22 00:00:00+00:00,1692398414.4000003
2023-06-23 00:00:00+00:00,1700502600.0000005
2023-06-26 00:00:00+00:00,1708010889.6000004
2023-06-27 00:00:00+00:00,1716115075.2000003
2023-06-28 00:00:00+00:00,1720643884.8000004
2023-06-29 00:00:00+00:00,1726841203.2000003
2023-06-30 00:00:00+00:00,1718379480.0000005
2023-07-03 00:00:00+00:00,1712062982.4000003
2023-07-05 00:00:00+00:00,1709560219.2000003
2023-07-06 00:00:00+00:00,1705990510.4000003
2023-07-07 00:00:00+00:00,1709560219.2000003
2023-07-10 00:00:00+00:00,1708412812.8000002
2023-07-11 00:00:00+00:00,1709560219.2000003
2023-07-12 00:00:00+00:00,1714404824.0000002
2023-07-13 00:00:00+00:00,1715679720.0000002
2023-07-14 00:00:00+00:00,1719631897.6000004
2023-07-17 00:00:00+00:00,1713002438.4000003
2023-07-18 00:00:00+00:00,1713767376.0000002
2023-07-19 00:00:00+00:00,1718229512.0000002
2023-07-20 00:00:00+00:00,1724094033.6000004
2023-07-21 00:00:00+00:00,1728428680.0000002
2023-07-24 00:00:00+00:00,1727281273.6000004
2023-07-25 00:00:00+00:00,1724349012.8000002
2023-07-26 00:00:00+00:00,1720524324.8000002
2023-07-27 00:00:00+00:00,1721034283.2000003
2023-07-28 00:00:00+00:00,1714532313.6000004
2023-07-31 00:00:00+00:00,1716954616.0000002
2023-08-01 00:00:00+00:00,1720524324.8000002
2023-08-02 00:00:00+00:00,1718102022.4000003
2023-08-03 00:00:00+00:00,1715807209.6000004
2023-08-04 00:00:00+00:00,1711600052.8000002
2023-08-07 00:00:00+00:00,1712237500.8000002
2023-08-08 00:00:00+00:00,1708540302.4000003
2023-08-09 00:00:00+00:00,1711855032.0000002
2023-08-10 00:00:00+00:00,1714914782.4000003
2023-08-11 00:00:00+00:00,1719759387.2000003
2023-08-14 00:00:00+00:00,1716189678.4000003
2023-08-15 00:00:00+00:00,1712619969.6000004
2023-08-16 00:00:00+00:00,1717974532.8000002
2023-08-17 00:00:00+00:00,1715552230.4000003
2023-08-18 00:00:00+00:00,1712492480.0000002
2023-08-21 00:00:00+00:00,1707902854.4000003
2023-08-22 00:00:00+00:00,1707902854.4000003
2023-08-23 00:00:00+00:00,1713639886.4000003
2023-08-24 00:00:00+00:00,1719249428.8000002
2023-08-25 00:00:00+00:00,1726133867.2000003
2023-08-28 00:00:00+00:00,1735568097.6000004
2023-08-29 00:00:00+00:00,1734038222.4000003
2023-08-30 00:00:00+00:00,1732635836.8000002
2023-08-31 00:00:00+00:00,1729066128.0000002
2023-09-01 00:00:00+00:00,1738627848.0000002
2023-09-05 00:00:00+00:00,1749336974.4000003
2023-09-06 00:00:00+00:00,1743854921.6000001
2023-09-07 00:00:00+00:00,1749719443.2000003
2023-09-08 00:00:00+00:00,1745002328.0000002
2023-09-11 00:00:00+00:00,1746149734.4000003
2023-09-12 00:00:00+00:00,1751631787.2000003
2023-09-13 00:00:00+00:00,1751376808.0000002
2023-09-14 00:00:00+00:00,1756603881.6000001
2023-09-15 00:00:00+00:00,1755838944.0000002
2023-09-18 00:00:00+00:00,1758388736.0000002
2023-09-19 00:00:00+00:00,1762978361.6000001
2023-09-20 00:00:00+00:00,1755711454.4000003
2023-09-21 00:00:00+00:00,1757113840.0000002
2023-09-22 00:00:00+00:00,1757368819.2000003
2023-09-25 00:00:00+00:00,1765066131.2000003
2023-09-26 00:00:00+00:00,1768804825.6000004
2023-09-27 00:00:00+00:00,1767375324.8000002
2023-09-28 00:00:00+00:00,1760887590.4000003
2023-09-29 00:00:00+00:00,1766165747.2000003
2023-10-02 00:00:00+00:00,1767595248.0000002
2023-10-03 00:00:00+00:00,1775072636.8000002
2023-10-04 00:00:00+00:00,1772213635.2000003
2023-10-05 00:00:00+00:00,1769684518.4000003
2023-10-06 00:00:00+00:00,1763306745.6000004
2023-10-09 00:00:00+00:00,1768243123.2000003
2023-10-10 00:00:00+00:00,1766784648.0000005
2023-10-11 00:00:00+00:00,1759492272.0000005
2023-10-12 00:00:00+00:00,1758931320.0000005
2023-10-13 00:00:00+00:00,1766560267.2000005
2023-10-16 00:00:00+00:00,1766784648.0000005
2023-10-17 00:00:00+00:00,1771721025.6000004
2023-10-18 00:00:00+00:00,1771608835.2000003
2023-10-19 00:00:00+00:00,1769477217.6000004
2023-10-20 00:00:00+00:00,1764540840.0000005
2023-10-23 00:00:00+00:00,1771608835.2000003
2023-10-24 00:00:00+00:00,1772169787.2000005
2023-10-25 00:00:00+00:00,1773291691.2000003
2023-10-26 00:00:00+00:00,1766672457.6000004
2023-10-27 00:00:00+00:00,1770038169.6000004
2023-10-30 00:00:00+00:00,1763418936.0000005
2023-10-31 00:00:00+00:00,1767233409.6000004
2023-11-01 00:00:00+00:00,1771945406.4000003
2023-11-02 00:00:00+00:00,1771608835.2000003
2023-11-03 00:00:00+00:00,1774862356.8000004
2023-11-06 00:00:00+00:00,1776881784.0000005
2023-11-07 00:00:00+00:00,1772842929.6000004
2023-11-08 00:00:00+00:00,1768579694.4000003
2023-11-09 00:00:00+00:00,1774974547.2000005
2023-11-10 00:00:00+00:00,1769477217.6000004
2023-11-13 00:00:00+00:00,1774189214.4000003
2023-11-14 00:00:00+00:00,1768243123.2000003
2023-11-15 00:00:00+00:00,1767906552.0000005
2023-11-16 00:00:00+00:00,1768355313.6000004
2023-11-17 00:00:00+00:00,1768243123.2000003
2023-11-20 00:00:00+00:00,1772506358.4000003
2023-11-21 00:00:00+00:00,1774637976.0000005
2023-11-22 00:00:00+00:00,1768691884.8000004
2023-11-24 00:00:00+00:00,1765999315.2000003
2023-11-27 00:00:00+00:00,1768467504.0000005
2023-11-28 00:00:00+00:00,1766111505.6000004
2023-11-29 00:00:00+00:00,1764653030.4000003
2023-11-30 00:00:00+00:00,1755453417.6000004
2023-12-01 00:00:00+00:00,1744795329.6000004
