timestamp,bar_index,instrument_key,price,target_value,target_unit,target_side,position_quantity,position_side,equity,n_fills
2013-08-29 00:00:00+00:00,0,SB11,16.37,0.0,notional_at_entry,flat,0.0,flat,300000000.0,0
2013-08-30 00:00:00+00:00,1,SB11,16.34,0.0,notional_at_entry,flat,0.0,flat,300000000.0,0
2013-09-03 00:00:00+00:00,2,SB11,16.47,0.0,notional_at_entry,flat,0.0,flat,300000000.0,0
2013-09-04 00:00:00+00:00,3,SB11,16.38,300000000.0,notional_at_entry,long,16352.0,long,300000000.0,1
2013-09-05 00:00:00+00:00,4,SB11,16.51,300000000.0,notional_at_entry,long,16352.0,long,302380851.20000005,0
2013-09-06 00:00:00+00:00,5,SB11,16.79,300000000.0,notional_at_entry,long,16352.0,long,307508838.4,0
2013-09-09 00:00:00+00:00,6,SB11,17.01,300000000.0,notional_at_entry,long,16352.0,long,311537971.20000005,0
2013-09-10 00:00:00+00:00,7,SB11,17.18,300000000.0,notional_at_entry,long,16352.0,long,314651392.0,0
2013-09-11 00:00:00+00:00,8,SB11,17.17,300000000.0,notional_at_entry,long,16352.0,long,314468249.6,0
2013-09-12 00:00:00+00:00,9,SB11,17.18,300000000.0,notional_at_entry,long,16352.0,long,314651392.0,0
2013-09-13 00:00:00+00:00,10,SB11,17.09,300000000.0,notional_at_entry,long,16352.0,long,313003110.40000004,0
2013-09-16 00:00:00+00:00,11,SB11,16.94,300000000.0,notional_at_entry,long,16352.0,long,310255974.40000004,0
2013-09-17 00:00:00+00:00,12,SB11,16.79,300000000.0,notional_at_entry,long,16352.0,long,307508838.4,0
2013-09-18 00:00:00+00:00,13,SB11,16.89,300000000.0,notional_at_entry,long,16352.0,long,309340262.40000004,0
2013-09-19 00:00:00+00:00,14,SB11,17.17,300000000.0,notional_at_entry,long,16352.0,long,314468249.6,0
2013-09-20 00:00:00+00:00,15,SB11,17.74,300000000.0,notional_at_entry,long,16352.0,long,324907366.4,0
2013-09-23 00:00:00+00:00,16,SB11,17.76,300000000.0,notional_at_entry,long,16352.0,long,325273651.20000005,0
2013-09-24 00:00:00+00:00,17,SB11,17.93,300000000.0,notional_at_entry,long,16352.0,long,328387072.0,0
2013-09-25 00:00:00+00:00,18,SB11,18.19,300000000.0,notional_at_entry,long,16352.0,long,333148774.40000004,0
2013-09-26 00:00:00+00:00,19,SB11,18.19,300000000.0,notional_at_entry,long,16352.0,long,333148774.40000004,0
2013-09-27 00:00:00+00:00,20,SB11,17.74,300000000.0,notional_at_entry,long,16352.0,long,324907366.4,0
2013-09-30 00:00:00+00:00,21,SB11,18.14,300000000.0,notional_at_entry,long,16352.0,long,332233062.40000004,0
2013-10-01 00:00:00+00:00,22,SB11,18.32,300000000.0,notional_at_entry,long,16352.0,long,335529625.6,0
2013-10-02 00:00:00+00:00,23,SB11,18.51,300000000.0,notional_at_entry,long,16352.0,long,339009331.20000005,0
2013-10-03 00:00:00+00:00,24,SB11,18.52,300000000.0,notional_at_entry,long,16352.0,long,339192473.6,0
2013-10-04 00:00:00+00:00,25,SB11,18.48,300000000.0,notional_at_entry,long,16352.0,long,338459904.0,0
2013-10-07 00:00:00+00:00,26,SB11,18.59,300000000.0,notional_at_entry,long,16352.0,long,340474470.40000004,0
2013-10-08 00:00:00+00:00,27,SB11,18.62,300000000.0,notional_at_entry,long,16352.0,long,341023897.6,0
2013-10-09 00:00:00+00:00,28,SB11,18.59,300000000.0,notional_at_entry,long,16352.0,long,340474470.40000004,0
2013-10-10 00:00:00+00:00,29,SB11,18.72,300000000.0,notional_at_entry,long,16352.0,long,342855321.6,0
2013-10-11 00:00:00+00:00,30,SB11,18.93,300000000.0,notional_at_entry,long,16352.0,long,346701312.0,0
2013-10-14 00:00:00+00:00,31,SB11,19.05,300000000.0,notional_at_entry,long,16352.0,long,348899020.8,0
2013-10-15 00:00:00+00:00,32,SB11,18.7,300000000.0,notional_at_entry,long,16352.0,long,342489036.8,0
2013-10-16 00:00:00+00:00,33,SB11,19.01,300000000.0,notional_at_entry,long,16352.0,long,348166451.20000005,0
2013-10-17 00:00:00+00:00,34,SB11,19.0,300000000.0,notional_at_entry,long,16352.0,long,347983308.8,0
2013-10-18 00:00:00+00:00,35,SB11,19.5,300000000.0,notional_at_entry,long,16352.0,long,357140428.8,0
2013-10-21 00:00:00+00:00,36,SB11,19.42,300000000.0,notional_at_entry,long,16352.0,long,355675289.6,0
2013-10-22 00:00:00+00:00,37,SB11,19.45,300000000.0,notional_at_entry,long,16352.0,long,356224716.8,0
2013-10-23 00:00:00+00:00,38,SB11,19.28,300000000.0,notional_at_entry,long,16352.0,long,353111296.00000006,0
2013-10-24 00:00:00+00:00,39,SB11,18.97,300000000.0,notional_at_entry,long,16352.0,long,347433881.6,0
2013-10-25 00:00:00+00:00,40,SB11,19.03,-300000000.0,notional_at_entry,short,-14075.0,short,348532736.00000006,1
2013-10-28 00:00:00+00:00,41,SB11,18.91,-300000000.0,notional_at_entry,short,-14075.0,short,350424416.00000006,0
2013-10-29 00:00:00+00:00,42,SB11,18.45,-300000000.0,notional_at_entry,short,-14075.0,short,357675856.0000001,0
2013-10-30 00:00:00+00:00,43,SB11,18.32,-300000000.0,notional_at_entry,short,-14075.0,short,359725176.00000006,0
2013-10-31 00:00:00+00:00,44,SB11,18.32,-300000000.0,notional_at_entry,short,-14075.0,short,359725176.00000006,0
2013-11-01 00:00:00+00:00,45,SB11,18.25,-300000000.0,notional_at_entry,short,-14075.0,short,360828656.00000006,0
2013-11-04 00:00:00+00:00,46,SB11,18.32,-300000000.0,notional_at_entry,short,-14075.0,short,359725176.00000006,0
2013-11-05 00:00:00+00:00,47,SB11,18.26,-300000000.0,notional_at_entry,short,-14075.0,short,360671016.00000006,0
2013-11-06 00:00:00+00:00,48,SB11,18.1,-300000000.0,notional_at_entry,short,-14075.0,short,363193256.00000006,0
2013-11-07 00:00:00+00:00,49,SB11,18.04,-300000000.0,notional_at_entry,short,-14075.0,short,364139096.0000001,0
2013-11-08 00:00:00+00:00,50,SB11,18.08,-300000000.0,notional_at_entry,short,-14075.0,short,363508536.0000001,0
2013-11-11 00:00:00+00:00,51,SB11,17.97,-300000000.0,notional_at_entry,short,-14075.0,short,365242576.0000001,0
2013-11-12 00:00:00+00:00,52,SB11,17.87,-300000000.0,notional_at_entry,short,-14075.0,short,366818976.00000006,0
2013-11-13 00:00:00+00:00,53,SB11,17.8,-300000000.0,notional_at_entry,short,-14075.0,short,367922456.00000006,0
2013-11-14 00:00:00+00:00,54,SB11,17.64,-300000000.0,notional_at_entry,short,-14075.0,short,370444696.00000006,0
2013-11-15 00:00:00+00:00,55,SB11,17.55,-300000000.0,notional_at_entry,short,-14075.0,short,371863456.00000006,0
2013-11-18 00:00:00+00:00,56,SB11,17.75,-300000000.0,notional_at_entry,short,-14075.0,short,368710656.00000006,0
2013-11-19 00:00:00+00:00,57,SB11,17.65,-300000000.0,notional_at_entry,short,-14075.0,short,370287056.0000001,0
2013-11-20 00:00:00+00:00,58,SB11,17.6,-300000000.0,notional_at_entry,short,-14075.0,short,371075256.00000006,0
2013-11-21 00:00:00+00:00,59,SB11,17.51,-300000000.0,notional_at_entry,short,-14075.0,short,372494016.00000006,0
2013-11-22 00:00:00+00:00,60,SB11,17.4,-300000000.0,notional_at_entry,short,-14075.0,short,374228056.0000001,0
2013-11-25 00:00:00+00:00,61,SB11,17.32,-300000000.0,notional_at_entry,short,-14075.0,short,375489176.00000006,0
2013-11-26 00:00:00+00:00,62,SB11,17.3,-300000000.0,notional_at_entry,short,-14075.0,short,375804456.00000006,0
2013-11-27 00:00:00+00:00,63,SB11,17.22,-300000000.0,notional_at_entry,short,-14075.0,short,377065576.0000001,0
2013-11-29 00:00:00+00:00,64,SB11,17.15,-300000000.0,notional_at_entry,short,-14075.0,short,378169056.0000001,0
2013-12-02 00:00:00+00:00,65,SB11,16.97,-300000000.0,notional_at_entry,short,-14075.0,short,381006576.0000001,0
2013-12-03 00:00:00+00:00,66,SB11,16.81,-300000000.0,notional_at_entry,short,-14075.0,short,383528816.0000001,0
2013-12-04 00:00:00+00:00,67,SB11,16.68,-300000000.0,notional_at_entry,short,-14075.0,short,385578136.00000006,0
2013-12-05 00:00:00+00:00,68,SB11,16.69,-300000000.0,notional_at_entry,short,-14075.0,short,385420496.00000006,0
2013-12-06 00:00:00+00:00,69,SB11,16.59,-300000000.0,notional_at_entry,short,-14075.0,short,386996896.00000006,0
2013-12-09 00:00:00+00:00,70,SB11,16.55,-300000000.0,notional_at_entry,short,-14075.0,short,387627456.00000006,0
2013-12-10 00:00:00+00:00,71,SB11,16.62,-300000000.0,notional_at_entry,short,-14075.0,short,386523976.00000006,0
2013-12-11 00:00:00+00:00,72,SB11,16.51,-300000000.0,notional_at_entry,short,-14075.0,short,388258016.00000006,0
2013-12-12 00:00:00+00:00,73,SB11,16.3,-300000000.0,notional_at_entry,short,-14075.0,short,391568456.00000006,0
2013-12-13 00:00:00+00:00,74,SB11,16.27,-300000000.0,notional_at_entry,short,-14075.0,short,392041376.00000006,0
2013-12-16 00:00:00+00:00,75,SB11,16.27,-300000000.0,notional_at_entry,short,-14075.0,short,392041376.00000006,0
2013-12-17 00:00:00+00:00,76,SB11,15.96,-300000000.0,notional_at_entry,short,-14075.0,short,396928216.00000006,0
2013-12-18 00:00:00+00:00,77,SB11,15.89,-300000000.0,notional_at_entry,short,-14075.0,short,398031696.00000006,0
2013-12-19 00:00:00+00:00,78,SB11,16.15,-300000000.0,notional_at_entry,short,-14075.0,short,393933056.0000001,0
2013-12-20 00:00:00+00:00,79,SB11,16.45,-300000000.0,notional_at_entry,short,-14075.0,short,389203856.0000001,0
2013-12-23 00:00:00+00:00,80,SB11,16.23,300000000.0,notional_at_entry,long,16503.0,long,392671936.00000006,1
2013-12-24 00:00:00+00:00,81,SB11,16.21,300000000.0,notional_at_entry,long,16503.0,long,392302268.8000001,0
2013-12-26 00:00:00+00:00,82,SB11,16.29,300000000.0,notional_at_entry,long,16503.0,long,393780937.6,0
2013-12-27 00:00:00+00:00,83,SB11,16.43,300000000.0,notional_at_entry,long,16503.0,long,396368608.00000006,0
2013-12-30 00:00:00+00:00,84,SB11,16.38,300000000.0,notional_at_entry,long,16503.0,long,395444440.00000006,0
2013-12-31 00:00:00+00:00,85,SB11,16.41,300000000.0,notional_at_entry,long,16503.0,long,395998940.8000001,0
2014-01-02 00:00:00+00:00,86,SB11,16.29,300000000.0,notional_at_entry,long,16503.0,long,393780937.6,0
2014-01-03 00:00:00+00:00,87,SB11,16.08,300000000.0,notional_at_entry,long,16503.0,long,389899432.0,0
2014-01-06 00:00:00+00:00,88,SB11,16.08,300000000.0,notional_at_entry,long,16503.0,long,389899432.0,0
2014-01-07 00:00:00+00:00,89,SB11,16.06,300000000.0,notional_at_entry,long,16503.0,long,389529764.8,0
2014-01-08 00:00:00+00:00,90,SB11,15.74,300000000.0,notional_at_entry,long,16503.0,long,383615089.6000001,0
2014-01-09 00:00:00+00:00,91,SB11,15.48,300000000.0,notional_at_entry,long,16503.0,long,378809416.00000006,0
2014-01-10 00:00:00+00:00,92,SB11,15.57,300000000.0,notional_at_entry,long,16503.0,long,380472918.40000004,0
2014-01-13 00:00:00+00:00,93,SB11,15.6,300000000.0,notional_at_entry,long,16503.0,long,381027419.20000005,0
2014-01-14 00:00:00+00:00,94,SB11,15.49,300000000.0,notional_at_entry,long,16503.0,long,378994249.6000001,0
2014-01-15 00:00:00+00:00,95,SB11,15.23,300000000.0,notional_at_entry,long,16503.0,long,374188576.00000006,0
2014-01-16 00:00:00+00:00,96,SB11,15.45,300000000.0,notional_at_entry,long,16503.0,long,378254915.20000005,0
2014-01-17 00:00:00+00:00,97,SB11,15.22,300000000.0,notional_at_entry,long,16503.0,long,374003742.4000001,0
2014-01-21 00:00:00+00:00,98,SB11,15.22,300000000.0,notional_at_entry,long,16503.0,long,374003742.4000001,0
2014-01-22 00:00:00+00:00,99,SB11,15.03,300000000.0,notional_at_entry,long,16503.0,long,370491904.00000006,0
2014-01-23 00:00:00+00:00,100,SB11,15.04,300000000.0,notional_at_entry,long,16503.0,long,370676737.6,0
2014-01-24 00:00:00+00:00,101,SB11,15.11,300000000.0,notional_at_entry,long,16503.0,long,371970572.8000001,0
2014-01-27 00:00:00+00:00,102,SB11,14.8,300000000.0,notional_at_entry,long,16503.0,long,366240731.20000005,0
2014-01-28 00:00:00+00:00,103,SB11,15.02,300000000.0,notional_at_entry,long,16503.0,long,370307070.40000004,0
2014-01-29 00:00:00+00:00,104,SB11,14.74,300000000.0,notional_at_entry,long,16503.0,long,365131729.6,0
2014-01-30 00:00:00+00:00,105,SB11,14.99,300000000.0,notional_at_entry,long,16503.0,long,369752569.6,0
2014-01-31 00:00:00+00:00,106,SB11,15.55,300000000.0,notional_at_entry,long,16503.0,long,380103251.20000005,0
2014-02-03 00:00:00+00:00,107,SB11,15.74,300000000.0,notional_at_entry,long,16503.0,long,383615089.6000001,0
2014-02-04 00:00:00+00:00,108,SB11,16.06,300000000.0,notional_at_entry,long,16503.0,long,389529764.8,0
2014-02-05 00:00:00+00:00,109,SB11,16.1,300000000.0,notional_at_entry,long,16503.0,long,390269099.2000001,0
2014-02-06 00:00:00+00:00,110,SB11,15.85,300000000.0,notional_at_entry,long,16503.0,long,385648259.20000005,0
2014-02-07 00:00:00+00:00,111,SB11,15.73,300000000.0,notional_at_entry,long,16503.0,long,383430256.00000006,0
2014-02-10 00:00:00+00:00,112,SB11,15.64,300000000.0,notional_at_entry,long,16503.0,long,381766753.6000001,0
2014-02-11 00:00:00+00:00,113,SB11,15.46,300000000.0,notional_at_entry,long,16503.0,long,378439748.8000001,0
2014-02-12 00:00:00+00:00,114,SB11,15.81,300000000.0,notional_at_entry,long,16503.0,long,384908924.8000001,0
2014-02-13 00:00:00+00:00,115,SB11,15.66,300000000.0,notional_at_entry,long,16503.0,long,382136420.8000001,0
2014-02-14 00:00:00+00:00,116,SB11,15.63,300000000.0,notional_at_entry,long,16503.0,long,381581920.00000006,0
2014-02-18 00:00:00+00:00,117,SB11,16.16,300000000.0,notional_at_entry,long,16503.0,long,391378100.8000001,0
2014-02-19 00:00:00+00:00,118,SB11,16.85,300000000.0,notional_at_entry,long,16503.0,long,404131619.2000001,0
2014-02-20 00:00:00+00:00,119,SB11,16.69,300000000.0,notional_at_entry,long,16503.0,long,401174281.6000001,0
2014-02-21 00:00:00+00:00,120,SB11,17.07,300000000.0,notional_at_entry,long,16503.0,long,408197958.40000004,0
2014-02-24 00:00:00+00:00,121,SB11,17.68,300000000.0,notional_at_entry,long,16503.0,long,419472808.00000006,0
2014-02-25 00:00:00+00:00,122,SB11,17.68,300000000.0,notional_at_entry,long,16503.0,long,419472808.00000006,0
2014-02-26 00:00:00+00:00,123,SB11,17.67,300000000.0,notional_at_entry,long,16503.0,long,419287974.4000001,0
2014-02-27 00:00:00+00:00,124,SB11,18.07,300000000.0,notional_at_entry,long,16503.0,long,426681318.40000004,0
2014-02-28 00:00:00+00:00,125,SB11,17.66,300000000.0,notional_at_entry,long,16503.0,long,419103140.8000001,0
2014-03-03 00:00:00+00:00,126,SB11,17.8,300000000.0,notional_at_entry,long,16503.0,long,421690811.20000005,0
2014-03-04 00:00:00+00:00,127,SB11,17.74,300000000.0,notional_at_entry,long,16503.0,long,420581809.6,0
2014-03-05 00:00:00+00:00,128,SB11,18.23,300000000.0,notional_at_entry,long,16503.0,long,429638656.00000006,0
2014-03-06 00:00:00+00:00,129,SB11,18.32,300000000.0,notional_at_entry,long,16503.0,long,431302158.40000004,0
2014-03-07 00:00:00+00:00,130,SB11,18.01,300000000.0,notional_at_entry,long,16503.0,long,425572316.8000001,0
2014-03-10 00:00:00+00:00,131,SB11,18.22,300000000.0,notional_at_entry,long,16503.0,long,429453822.40000004,0
2014-03-11 00:00:00+00:00,132,SB11,18.03,300000000.0,notional_at_entry,long,16503.0,long,425941984.00000006,0
2014-03-12 00:00:00+00:00,133,SB11,17.67,300000000.0,notional_at_entry,long,16503.0,long,419287974.4000001,0
2014-03-13 00:00:00+00:00,134,SB11,17.82,300000000.0,notional_at_entry,long,16503.0,long,422060478.40000004,0
2014-03-14 00:00:00+00:00,135,SB11,17.25,300000000.0,notional_at_entry,long,16503.0,long,411524963.20000005,0
2014-03-17 00:00:00+00:00,136,SB11,17.05,300000000.0,notional_at_entry,long,16503.0,long,407828291.20000005,0
2014-03-18 00:00:00+00:00,137,SB11,17.14,300000000.0,notional_at_entry,long,16503.0,long,409491793.6000001,0
2014-03-19 00:00:00+00:00,138,SB11,17.32,300000000.0,notional_at_entry,long,16503.0,long,412818798.40000004,0
2014-03-20 00:00:00+00:00,139,SB11,17.05,300000000.0,notional_at_entry,long,16503.0,long,407828291.20000005,0
2014-03-21 00:00:00+00:00,140,SB11,16.83,300000000.0,notional_at_entry,long,16503.0,long,403761952.0,0
2014-03-24 00:00:00+00:00,141,SB11,16.84,300000000.0,notional_at_entry,long,16503.0,long,403946785.6,0
2014-03-25 00:00:00+00:00,142,SB11,16.97,300000000.0,notional_at_entry,long,16503.0,long,406349622.40000004,0
2014-03-26 00:00:00+00:00,143,SB11,17.36,300000000.0,notional_at_entry,long,16503.0,long,413558132.8000001,0
2014-03-27 00:00:00+00:00,144,SB11,17.87,300000000.0,notional_at_entry,long,16503.0,long,422984646.4000001,0
2014-03-28 00:00:00+00:00,145,SB11,17.98,300000000.0,notional_at_entry,long,16503.0,long,425017816.00000006,0
2014-03-31 00:00:00+00:00,146,SB11,17.77,300000000.0,notional_at_entry,long,16503.0,long,421136310.40000004,0
2014-04-01 00:00:00+00:00,147,SB11,17.18,300000000.0,notional_at_entry,long,16503.0,long,410231128.00000006,0
2014-04-02 00:00:00+00:00,148,SB11,16.97,300000000.0,notional_at_entry,long,16503.0,long,406349622.40000004,0
2014-04-03 00:00:00+00:00,149,SB11,17.18,300000000.0,notional_at_entry,long,16503.0,long,410231128.00000006,0
2014-04-04 00:00:00+00:00,150,SB11,17.35,300000000.0,notional_at_entry,long,16503.0,long,413373299.20000005,0
2014-04-07 00:00:00+00:00,151,SB11,16.94,300000000.0,notional_at_entry,long,16503.0,long,405795121.6000001,0
2014-04-08 00:00:00+00:00,152,SB11,17.16,300000000.0,notional_at_entry,long,16503.0,long,409861460.8000001,0
2014-04-09 00:00:00+00:00,153,SB11,17.04,300000000.0,notional_at_entry,long,16503.0,long,407643457.6,0
2014-04-10 00:00:00+00:00,154,SB11,17.08,300000000.0,notional_at_entry,long,16503.0,long,408382792.0,0
2014-04-11 00:00:00+00:00,155,SB11,16.8,300000000.0,notional_at_entry,long,16503.0,long,403207451.20000005,0
2014-04-14 00:00:00+00:00,156,SB11,16.59,300000000.0,notional_at_entry,long,16503.0,long,399325945.6,0
2014-04-15 00:00:00+00:00,157,SB11,16.56,300000000.0,notional_at_entry,long,16503.0,long,398771444.8,0
2014-04-16 00:00:00+00:00,158,SB11,16.92,300000000.0,notional_at_entry,long,16503.0,long,405425454.4000001,0
2014-04-17 00:00:00+00:00,159,SB11,17.33,300000000.0,notional_at_entry,long,16503.0,long,413003632.0,0
2014-04-21 00:00:00+00:00,160,SB11,17.53,300000000.0,notional_at_entry,long,16503.0,long,416700304.00000006,0
2014-04-22 00:00:00+00:00,161,SB11,17.62,300000000.0,notional_at_entry,long,16503.0,long,418363806.4000001,0
2014-04-23 00:00:00+00:00,162,SB11,17.98,300000000.0,notional_at_entry,long,16503.0,long,425017816.00000006,0
2014-04-24 00:00:00+00:00,163,SB11,17.74,300000000.0,notional_at_entry,long,16503.0,long,420581809.6,0
2014-04-25 00:00:00+00:00,164,SB11,17.85,300000000.0,notional_at_entry,long,16503.0,long,422614979.20000005,0
2014-04-28 00:00:00+00:00,165,SB11,17.56,300000000.0,notional_at_entry,long,16503.0,long,417254804.8,0
2014-04-29 00:00:00+00:00,166,SB11,17.57,300000000.0,notional_at_entry,long,16503.0,long,417439638.40000004,0
2014-04-30 00:00:00+00:00,167,SB11,17.72,300000000.0,notional_at_entry,long,16503.0,long,420212142.40000004,0
2014-05-01 00:00:00+00:00,168,SB11,17.8,300000000.0,notional_at_entry,long,16503.0,long,421690811.20000005,0
2014-05-02 00:00:00+00:00,169,SB11,17.45,300000000.0,notional_at_entry,long,16503.0,long,415221635.20000005,0
2014-05-05 00:00:00+00:00,170,SB11,17.47,300000000.0,notional_at_entry,long,16503.0,long,415591302.40000004,0
2014-05-06 00:00:00+00:00,171,SB11,17.2,300000000.0,notional_at_entry,long,16503.0,long,410600795.20000005,0
2014-05-07 00:00:00+00:00,172,SB11,17.26,300000000.0,notional_at_entry,long,16503.0,long,411709796.8000001,0
2014-05-08 00:00:00+00:00,173,SB11,17.24,300000000.0,notional_at_entry,long,16503.0,long,411340129.6,0
2014-05-09 00:00:00+00:00,174,SB11,17.2,300000000.0,notional_at_entry,long,16503.0,long,410600795.20000005,0
2014-05-12 00:00:00+00:00,175,SB11,17.29,300000000.0,notional_at_entry,long,16503.0,long,412264297.6,0
2014-05-13 00:00:00+00:00,176,SB11,17.8,300000000.0,notional_at_entry,long,16503.0,long,421690811.20000005,0
2014-05-14 00:00:00+00:00,177,SB11,18.25,300000000.0,notional_at_entry,long,16503.0,long,430008323.20000005,0
2014-05-15 00:00:00+00:00,178,SB11,18.2,300000000.0,notional_at_entry,long,16503.0,long,429084155.20000005,0
2014-05-16 00:00:00+00:00,179,SB11,17.91,300000000.0,notional_at_entry,long,16503.0,long,423723980.8000001,0
2014-05-19 00:00:00+00:00,180,SB11,17.77,-300000000.0,notional_at_entry,short,-15073.0,short,421136310.40000004,1
2014-05-20 00:00:00+00:00,181,SB11,17.58,-300000000.0,notional_at_entry,short,-15073.0,short,424343844.8000001,0
2014-05-21 00:00:00+00:00,182,SB11,17.44,-300000000.0,notional_at_entry,short,-15073.0,short,426707291.2,0
2014-05-22 00:00:00+00:00,183,SB11,17.38,-300000000.0,notional_at_entry,short,-15073.0,short,427720196.8000001,0
2014-05-23 00:00:00+00:00,184,SB11,17.37,-300000000.0,notional_at_entry,short,-15073.0,short,427889014.40000004,0
2014-05-27 00:00:00+00:00,185,SB11,17.02,-300000000.0,notional_at_entry,short,-15073.0,short,433797630.40000004,0
2014-05-28 00:00:00+00:00,186,SB11,17.11,-300000000.0,notional_at_entry,short,-15073.0,short,432278272.00000006,0
2014-05-29 00:00:00+00:00,187,SB11,17.48,-300000000.0,notional_at_entry,short,-15073.0,short,426032020.8,0
2014-05-30 00:00:00+00:00,188,SB11,17.38,-300000000.0,notional_at_entry,short,-15073.0,short,427720196.8000001,0
2014-06-02 00:00:00+00:00,189,SB11,17.18,-300000000.0,notional_at_entry,short,-15073.0,short,431096548.8,0
2014-06-03 00:00:00+00:00,190,SB11,17.19,-300000000.0,notional_at_entry,short,-15073.0,short,430927731.2,0
2014-06-04 00:00:00+00:00,191,SB11,17.04,-300000000.0,notional_at_entry,short,-15073.0,short,433459995.20000005,0
2014-06-05 00:00:00+00:00,192,SB11,16.83,-300000000.0,notional_at_entry,short,-15073.0,short,437005164.8000001,0
2014-06-06 00:00:00+00:00,193,SB11,16.92,-300000000.0,notional_at_entry,short,-15073.0,short,435485806.4,0
2014-06-09 00:00:00+00:00,194,SB11,16.98,-300000000.0,notional_at_entry,short,-15073.0,short,434472900.8,0
2014-06-10 00:00:00+00:00,195,SB11,16.97,-300000000.0,notional_at_entry,short,-15073.0,short,434641718.40000004,0
2014-06-11 00:00:00+00:00,196,SB11,16.81,-300000000.0,notional_at_entry,short,-15073.0,short,437342800.00000006,0
2014-06-12 00:00:00+00:00,197,SB11,16.7,-300000000.0,notional_at_entry,short,-15073.0,short,439199793.6,0
2014-06-13 00:00:00+00:00,198,SB11,17.85,-300000000.0,notional_at_entry,short,-15073.0,short,419785769.6,0
2014-06-16 00:00:00+00:00,199,SB11,17.97,300000000.0,notional_at_entry,long,14905.0,long,417759958.40000004,1
2014-06-17 00:00:00+00:00,200,SB11,17.91,300000000.0,notional_at_entry,long,14905.0,long,416758342.40000004,0
2014-06-18 00:00:00+00:00,201,SB11,18.35,300000000.0,notional_at_entry,long,14905.0,long,424103526.4000001,0
2014-06-19 00:00:00+00:00,202,SB11,18.69,300000000.0,notional_at_entry,long,14905.0,long,429779350.4000001,0
2014-06-20 00:00:00+00:00,203,SB11,18.75,300000000.0,notional_at_entry,long,14905.0,long,430780966.40000004,0
2014-06-23 00:00:00+00:00,204,SB11,18.71,300000000.0,notional_at_entry,long,14905.0,long,430113222.4000001,0
2014-06-24 00:00:00+00:00,205,SB11,18.69,300000000.0,notional_at_entry,long,14905.0,long,429779350.4000001,0
2014-06-25 00:00:00+00:00,206,SB11,18.61,300000000.0,notional_at_entry,long,14905.0,long,428443862.40000004,0
2014-06-26 00:00:00+00:00,207,SB11,18.73,300000000.0,notional_at_entry,long,14905.0,long,430447094.40000004,0
2014-06-27 00:00:00+00:00,208,SB11,18.32,300000000.0,notional_at_entry,long,14905.0,long,423602718.40000004,0
2014-06-30 00:00:00+00:00,209,SB11,18.01,300000000.0,notional_at_entry,long,14905.0,long,418427702.4000001,0
2014-07-01 00:00:00+00:00,210,SB11,17.8,300000000.0,notional_at_entry,long,14905.0,long,414922046.4000001,0
2014-07-02 00:00:00+00:00,211,SB11,17.87,300000000.0,notional_at_entry,long,14905.0,long,416090598.4000001,0
2014-07-03 00:00:00+00:00,212,SB11,17.81,300000000.0,notional_at_entry,long,14905.0,long,415088982.40000004,0
2014-07-07 00:00:00+00:00,213,SB11,17.51,300000000.0,notional_at_entry,long,14905.0,long,410080902.4000001,0
2014-07-08 00:00:00+00:00,214,SB11,17.68,300000000.0,notional_at_entry,long,14905.0,long,412918814.40000004,0
2014-07-09 00:00:00+00:00,215,SB11,17.42,300000000.0,notional_at_entry,long,14905.0,long,408578478.4000001,0
2014-07-10 00:00:00+00:00,216,SB11,17.29,300000000.0,notional_at_entry,long,14905.0,long,406408310.40000004,0
2014-07-11 00:00:00+00:00,217,SB11,17.07,300000000.0,notional_at_entry,long,14905.0,long,402735718.40000004,0
2014-07-14 00:00:00+00:00,218,SB11,17.19,300000000.0,notional_at_entry,long,14905.0,long,404738950.4000001,0
2014-07-15 00:00:00+00:00,219,SB11,17.21,300000000.0,notional_at_entry,long,14905.0,long,405072822.4000001,0
2014-07-16 00:00:00+00:00,220,SB11,17.07,300000000.0,notional_at_entry,long,14905.0,long,402735718.40000004,0
2014-07-17 00:00:00+00:00,221,SB11,16.92,300000000.0,notional_at_entry,long,14905.0,long,400231678.4000001,0
2014-07-18 00:00:00+00:00,222,SB11,16.97,300000000.0,notional_at_entry,long,14905.0,long,401066358.40000004,0
2014-07-21 00:00:00+00:00,223,SB11,17.28,300000000.0,notional_at_entry,long,14905.0,long,406241374.4000001,0
2014-07-22 00:00:00+00:00,224,SB11,17.16,300000000.0,notional_at_entry,long,14905.0,long,404238142.40000004,0
2014-07-23 00:00:00+00:00,225,SB11,16.96,300000000.0,notional_at_entry,long,14905.0,long,400899422.4000001,0
2014-07-24 00:00:00+00:00,226,SB11,17.05,300000000.0,notional_at_entry,long,14905.0,long,402401846.4000001,0
2014-07-25 00:00:00+00:00,227,SB11,17.14,300000000.0,notional_at_entry,long,14905.0,long,403904270.4000001,0
2014-07-28 00:00:00+00:00,228,SB11,16.94,300000000.0,notional_at_entry,long,14905.0,long,400565550.4000001,0
2014-07-29 00:00:00+00:00,229,SB11,16.62,300000000.0,notional_at_entry,long,14905.0,long,395223598.4000001,0
2014-07-30 00:00:00+00:00,230,SB11,16.63,300000000.0,notional_at_entry,long,14905.0,long,395390534.40000004,0
2014-07-31 00:00:00+00:00,231,SB11,16.46,300000000.0,notional_at_entry,long,14905.0,long,392552622.4000001,0
2014-08-01 00:00:00+00:00,232,SB11,16.35,300000000.0,notional_at_entry,long,14905.0,long,390716326.4000001,0
2014-08-04 00:00:00+00:00,233,SB11,16.32,300000000.0,notional_at_entry,long,14905.0,long,390215518.40000004,0
2014-08-05 00:00:00+00:00,234,SB11,16.13,300000000.0,notional_at_entry,long,14905.0,long,387043734.40000004,0
2014-08-06 00:00:00+00:00,235,SB11,16.32,300000000.0,notional_at_entry,long,14905.0,long,390215518.40000004,0
2014-08-07 00:00:00+00:00,236,SB11,16.05,300000000.0,notional_at_entry,long,14905.0,long,385708246.4000001,0
2014-08-08 00:00:00+00:00,237,SB11,16.14,300000000.0,notional_at_entry,long,14905.0,long,387210670.40000004,0
2014-08-11 00:00:00+00:00,238,SB11,16.24,300000000.0,notional_at_entry,long,14905.0,long,388880030.40000004,0
2014-08-12 00:00:00+00:00,239,SB11,16.05,300000000.0,notional_at_entry,long,14905.0,long,385708246.4000001,0
2014-08-13 00:00:00+00:00,240,SB11,16.02,300000000.0,notional_at_entry,long,14905.0,long,385207438.40000004,0
2014-08-14 00:00:00+00:00,241,SB11,15.91,300000000.0,notional_at_entry,long,14905.0,long,383371142.40000004,0
2014-08-15 00:00:00+00:00,242,SB11,15.92,300000000.0,notional_at_entry,long,14905.0,long,383538078.40000004,0
2014-08-18 00:00:00+00:00,243,SB11,15.68,300000000.0,notional_at_entry,long,14905.0,long,379531614.40000004,0
2014-08-19 00:00:00+00:00,244,SB11,15.47,300000000.0,notional_at_entry,long,14905.0,long,376025958.4000001,0
2014-08-20 00:00:00+00:00,245,SB11,15.7,300000000.0,notional_at_entry,long,14905.0,long,379865486.40000004,0
2014-08-21 00:00:00+00:00,246,SB11,15.99,300000000.0,notional_at_entry,long,14905.0,long,384706630.40000004,0
2014-08-22 00:00:00+00:00,247,SB11,15.64,300000000.0,notional_at_entry,long,14905.0,long,378863870.4000001,0
2014-08-25 00:00:00+00:00,248,SB11,15.36,300000000.0,notional_at_entry,long,14905.0,long,374189662.40000004,0
2014-08-26 00:00:00+00:00,249,SB11,15.71,300000000.0,notional_at_entry,long,14905.0,long,380032422.4000001,0
2014-08-27 00:00:00+00:00,250,SB11,15.58,300000000.0,notional_at_entry,long,14905.0,long,377862254.40000004,0
2014-08-28 00:00:00+00:00,251,SB11,15.56,300000000.0,notional_at_entry,long,14905.0,long,377528382.4000001,0
2014-08-29 00:00:00+00:00,252,SB11,15.49,300000000.0,notional_at_entry,long,14905.0,long,376359830.40000004,0
2014-09-02 00:00:00+00:00,253,SB11,15.82,300000000.0,notional_at_entry,long,14905.0,long,381868718.40000004,0
2014-09-03 00:00:00+00:00,254,SB11,15.62,300000000.0,notional_at_entry,long,14905.0,long,378529998.40000004,0
2014-09-04 00:00:00+00:00,255,SB11,15.13,300000000.0,notional_at_entry,long,14905.0,long,370350134.4000001,0
2014-09-05 00:00:00+00:00,256,SB11,15.0,300000000.0,notional_at_entry,long,14905.0,long,368179966.40000004,0
2014-09-08 00:00:00+00:00,257,SB11,14.94,300000000.0,notional_at_entry,long,14905.0,long,367178350.40000004,0
2014-09-09 00:00:00+00:00,258,SB11,14.88,300000000.0,notional_at_entry,long,14905.0,long,366176734.4000001,0
2014-09-10 00:00:00+00:00,259,SB11,14.52,300000000.0,notional_at_entry,long,14905.0,long,360167038.40000004,0
2014-09-11 00:00:00+00:00,260,SB11,14.36,300000000.0,notional_at_entry,long,14905.0,long,357496062.40000004,0
2014-09-12 00:00:00+00:00,261,SB11,13.78,300000000.0,notional_at_entry,long,14905.0,long,347813774.40000004,0
2014-09-15 00:00:00+00:00,262,SB11,13.67,300000000.0,notional_at_entry,long,14905.0,long,345977478.40000004,0
2014-09-16 00:00:00+00:00,263,SB11,13.55,300000000.0,notional_at_entry,long,14905.0,long,343974246.4000001,0
2014-09-17 00:00:00+00:00,264,SB11,13.88,300000000.0,notional_at_entry,long,14905.0,long,349483134.4000001,0
2014-09-18 00:00:00+00:00,265,SB11,13.79,300000000.0,notional_at_entry,long,14905.0,long,347980710.40000004,0
2014-09-19 00:00:00+00:00,266,SB11,15.8,300000000.0,notional_at_entry,long,14905.0,long,381534846.4000001,0
2014-09-22 00:00:00+00:00,267,SB11,15.64,300000000.0,notional_at_entry,long,14905.0,long,378863870.4000001,0
2014-09-23 00:00:00+00:00,268,SB11,15.73,300000000.0,notional_at_entry,long,14905.0,long,380366294.4000001,0
2014-09-24 00:00:00+00:00,269,SB11,15.9,300000000.0,notional_at_entry,long,14905.0,long,383204206.4000001,0
2014-09-25 00:00:00+00:00,270,SB11,16.08,300000000.0,notional_at_entry,long,14905.0,long,386209054.40000004,0
2014-09-26 00:00:00+00:00,271,SB11,16.56,300000000.0,notional_at_entry,long,14905.0,long,394221982.40000004,0
2014-09-29 00:00:00+00:00,272,SB11,16.8,300000000.0,notional_at_entry,long,14905.0,long,398228446.4000001,0
2014-09-30 00:00:00+00:00,273,SB11,16.45,300000000.0,notional_at_entry,long,14905.0,long,392385686.40000004,0
2014-10-01 00:00:00+00:00,274,SB11,16.04,300000000.0,notional_at_entry,long,14905.0,long,385541310.40000004,0
2014-10-02 00:00:00+00:00,275,SB11,16.05,300000000.0,notional_at_entry,long,14905.0,long,385708246.4000001,0
2014-10-03 00:00:00+00:00,276,SB11,16.44,300000000.0,notional_at_entry,long,14905.0,long,392218750.4000001,0
2014-10-06 00:00:00+00:00,277,SB11,16.98,300000000.0,notional_at_entry,long,14905.0,long,401233294.40000004,0
2014-10-07 00:00:00+00:00,278,SB11,17.03,300000000.0,notional_at_entry,long,14905.0,long,402067974.4000001,0
2014-10-08 00:00:00+00:00,279,SB11,16.92,300000000.0,notional_at_entry,long,14905.0,long,400231678.4000001,0
2014-10-09 00:00:00+00:00,280,SB11,16.7,300000000.0,notional_at_entry,long,14905.0,long,396559086.40000004,0
2014-10-10 00:00:00+00:00,281,SB11,16.55,300000000.0,notional_at_entry,long,14905.0,long,394055046.4000001,0
2014-10-13 00:00:00+00:00,282,SB11,16.67,300000000.0,notional_at_entry,long,14905.0,long,396058278.4000001,0
2014-10-14 00:00:00+00:00,283,SB11,16.81,300000000.0,notional_at_entry,long,14905.0,long,398395382.40000004,0
2014-10-15 00:00:00+00:00,284,SB11,16.5,300000000.0,notional_at_entry,long,14905.0,long,393220366.40000004,0
2014-10-16 00:00:00+00:00,285,SB11,16.67,300000000.0,notional_at_entry,long,14905.0,long,396058278.4000001,0
2014-10-17 00:00:00+00:00,286,SB11,16.62,300000000.0,notional_at_entry,long,14905.0,long,395223598.4000001,0
2014-10-20 00:00:00+00:00,287,SB11,16.68,300000000.0,notional_at_entry,long,14905.0,long,396225214.40000004,0
2014-10-21 00:00:00+00:00,288,SB11,16.44,300000000.0,notional_at_entry,long,14905.0,long,392218750.4000001,0
2014-10-22 00:00:00+00:00,289,SB11,16.5,300000000.0,notional_at_entry,long,14905.0,long,393220366.40000004,0
2014-10-23 00:00:00+00:00,290,SB11,16.16,300000000.0,notional_at_entry,long,14905.0,long,387544542.40000004,0
2014-10-24 00:00:00+00:00,291,SB11,16.38,300000000.0,notional_at_entry,long,14905.0,long,391217134.40000004,0
2014-10-27 00:00:00+00:00,292,SB11,16.03,300000000.0,notional_at_entry,long,14905.0,long,385374374.4000001,0
2014-10-28 00:00:00+00:00,293,SB11,16.13,300000000.0,notional_at_entry,long,14905.0,long,387043734.40000004,0
2014-10-29 00:00:00+00:00,294,SB11,16.3,300000000.0,notional_at_entry,long,14905.0,long,389881646.4000001,0
2014-10-30 00:00:00+00:00,295,SB11,16.3,300000000.0,notional_at_entry,long,14905.0,long,389881646.4000001,0
2014-10-31 00:00:00+00:00,296,SB11,16.04,300000000.0,notional_at_entry,long,14905.0,long,385541310.40000004,0
2014-11-03 00:00:00+00:00,297,SB11,15.93,300000000.0,notional_at_entry,long,14905.0,long,383705014.40000004,0
2014-11-04 00:00:00+00:00,298,SB11,15.68,300000000.0,notional_at_entry,long,14905.0,long,379531614.40000004,0
2014-11-05 00:00:00+00:00,299,SB11,15.51,300000000.0,notional_at_entry,long,14905.0,long,376693702.40000004,0
2014-11-06 00:00:00+00:00,300,SB11,15.48,300000000.0,notional_at_entry,long,14905.0,long,376192894.4000001,0
2014-11-07 00:00:00+00:00,301,SB11,15.69,300000000.0,notional_at_entry,long,14905.0,long,379698550.40000004,0
2014-11-10 00:00:00+00:00,302,SB11,15.66,300000000.0,notional_at_entry,long,14905.0,long,379197742.40000004,0
2014-11-11 00:00:00+00:00,303,SB11,16.23,300000000.0,notional_at_entry,long,14905.0,long,388713094.40000004,0
2014-11-12 00:00:00+00:00,304,SB11,16.36,300000000.0,notional_at_entry,long,14905.0,long,390883262.40000004,0
2014-11-13 00:00:00+00:00,305,SB11,16.01,300000000.0,notional_at_entry,long,14905.0,long,385040502.4000001,0
2014-11-14 00:00:00+00:00,306,SB11,15.9,300000000.0,notional_at_entry,long,14905.0,long,383204206.4000001,0
2014-11-17 00:00:00+00:00,307,SB11,15.77,300000000.0,notional_at_entry,long,14905.0,long,381034038.40000004,0
2014-11-18 00:00:00+00:00,308,SB11,15.71,300000000.0,notional_at_entry,long,14905.0,long,380032422.4000001,0
2014-11-19 00:00:00+00:00,309,SB11,15.87,300000000.0,notional_at_entry,long,14905.0,long,382703398.40000004,0
2014-11-20 00:00:00+00:00,310,SB11,16.1,300000000.0,notional_at_entry,long,14905.0,long,386542926.4000001,0
2014-11-21 00:00:00+00:00,311,SB11,16.09,300000000.0,notional_at_entry,long,14905.0,long,386375990.40000004,0
2014-11-24 00:00:00+00:00,312,SB11,16.0,300000000.0,notional_at_entry,long,14905.0,long,384873566.40000004,0
2014-11-25 00:00:00+00:00,313,SB11,16.0,300000000.0,notional_at_entry,long,14905.0,long,384873566.40000004,0
2014-11-26 00:00:00+00:00,314,SB11,16.12,300000000.0,notional_at_entry,long,14905.0,long,386876798.4000001,0
2014-11-28 00:00:00+00:00,315,SB11,15.59,300000000.0,notional_at_entry,long,14905.0,long,378029190.40000004,0
2014-12-01 00:00:00+00:00,316,SB11,15.59,300000000.0,notional_at_entry,long,14905.0,long,378029190.40000004,0
2014-12-02 00:00:00+00:00,317,SB11,15.24,300000000.0,notional_at_entry,long,14905.0,long,372186430.40000004,0
2014-12-03 00:00:00+00:00,318,SB11,15.09,300000000.0,notional_at_entry,long,14905.0,long,369682390.40000004,0
2014-12-04 00:00:00+00:00,319,SB11,15.21,300000000.0,notional_at_entry,long,14905.0,long,371685622.4000001,0
2014-12-05 00:00:00+00:00,320,SB11,15.14,300000000.0,notional_at_entry,long,14905.0,long,370517070.4000001,0
2014-12-08 00:00:00+00:00,321,SB11,15.3,300000000.0,notional_at_entry,long,14905.0,long,373188046.4000001,0
2014-12-09 00:00:00+00:00,322,SB11,15.42,300000000.0,notional_at_entry,long,14905.0,long,375191278.40000004,0
2014-12-10 00:00:00+00:00,323,SB11,15.47,300000000.0,notional_at_entry,long,14905.0,long,376025958.4000001,0
2014-12-11 00:00:00+00:00,324,SB11,15.15,300000000.0,notional_at_entry,long,14905.0,long,370684006.4000001,0
2014-12-12 00:00:00+00:00,325,SB11,14.98,300000000.0,notional_at_entry,long,14905.0,long,367846094.4000001,0
2014-12-15 00:00:00+00:00,326,SB11,14.96,300000000.0,notional_at_entry,long,14905.0,long,367512222.4000001,0
2014-12-16 00:00:00+00:00,327,SB11,14.71,300000000.0,notional_at_entry,long,14905.0,long,363338822.4000001,0
2014-12-17 00:00:00+00:00,328,SB11,14.72,300000000.0,notional_at_entry,long,14905.0,long,363505758.4000001,0
2014-12-18 00:00:00+00:00,329,SB11,14.99,300000000.0,notional_at_entry,long,14905.0,long,368013030.40000004,0
2014-12-19 00:00:00+00:00,330,SB11,14.98,300000000.0,notional_at_entry,long,14905.0,long,367846094.4000001,0
2014-12-22 00:00:00+00:00,331,SB11,14.86,300000000.0,notional_at_entry,long,14905.0,long,365842862.40000004,0
2014-12-23 00:00:00+00:00,332,SB11,14.83,300000000.0,notional_at_entry,long,14905.0,long,365342054.40000004,0
2014-12-24 00:00:00+00:00,333,SB11,14.76,300000000.0,notional_at_entry,long,14905.0,long,364173502.40000004,0
2014-12-26 00:00:00+00:00,334,SB11,14.7,300000000.0,notional_at_entry,long,14905.0,long,363171886.40000004,0
2014-12-29 00:00:00+00:00,335,SB11,14.6,300000000.0,notional_at_entry,long,14905.0,long,361502526.40000004,0
2014-12-30 00:00:00+00:00,336,SB11,14.61,300000000.0,notional_at_entry,long,14905.0,long,361669462.40000004,0
2014-12-31 00:00:00+00:00,337,SB11,14.52,300000000.0,notional_at_entry,long,14905.0,long,360167038.40000004,0
2015-01-02 00:00:00+00:00,338,SB11,14.17,300000000.0,notional_at_entry,long,14905.0,long,354324278.40000004,0
2015-01-05 00:00:00+00:00,339,SB11,14.26,300000000.0,notional_at_entry,long,14905.0,long,355826702.40000004,0
2015-01-06 00:00:00+00:00,340,SB11,14.87,300000000.0,notional_at_entry,long,14905.0,long,366009798.40000004,0
2015-01-07 00:00:00+00:00,341,SB11,14.78,300000000.0,notional_at_entry,long,14905.0,long,364507374.40000004,0
2015-01-08 00:00:00+00:00,342,SB11,14.88,300000000.0,notional_at_entry,long,14905.0,long,366176734.4000001,0
2015-01-09 00:00:00+00:00,343,SB11,14.91,300000000.0,notional_at_entry,long,14905.0,long,366677542.40000004,0
2015-01-12 00:00:00+00:00,344,SB11,14.76,300000000.0,notional_at_entry,long,14905.0,long,364173502.40000004,0
2015-01-13 00:00:00+00:00,345,SB11,14.87,300000000.0,notional_at_entry,long,14905.0,long,366009798.40000004,0
2015-01-14 00:00:00+00:00,346,SB11,14.93,300000000.0,notional_at_entry,long,14905.0,long,367011414.40000004,0
2015-01-15 00:00:00+00:00,347,SB11,15.35,300000000.0,notional_at_entry,long,14905.0,long,374022726.40000004,0
2015-01-16 00:00:00+00:00,348,SB11,15.33,300000000.0,notional_at_entry,long,14905.0,long,373688854.40000004,0
2015-01-20 00:00:00+00:00,349,SB11,15.83,300000000.0,notional_at_entry,long,14905.0,long,382035654.40000004,0
2015-01-21 00:00:00+00:00,350,SB11,15.92,300000000.0,notional_at_entry,long,14905.0,long,383538078.40000004,0
2015-01-22 00:00:00+00:00,351,SB11,15.91,300000000.0,notional_at_entry,long,14905.0,long,383371142.40000004,0
2015-01-23 00:00:00+00:00,352,SB11,15.17,300000000.0,notional_at_entry,long,14905.0,long,371017878.40000004,0
2015-01-26 00:00:00+00:00,353,SB11,15.35,-300000000.0,notional_at_entry,short,-17449.0,short,374022726.40000004,1
2015-01-27 00:00:00+00:00,354,SB11,15.16,-300000000.0,notional_at_entry,short,-17449.0,short,377735873.6,0
2015-01-28 00:00:00+00:00,355,SB11,15.16,-300000000.0,notional_at_entry,short,-17449.0,short,377735873.6,0
2015-01-29 00:00:00+00:00,356,SB11,14.85,-300000000.0,notional_at_entry,short,-17449.0,short,383794166.40000004,0
2015-01-30 00:00:00+00:00,357,SB11,14.79,-300000000.0,notional_at_entry,short,-17449.0,short,384966739.20000005,0
2015-02-02 00:00:00+00:00,358,SB11,14.22,-300000000.0,notional_at_entry,short,-17449.0,short,396106180.8,0
2015-02-03 00:00:00+00:00,359,SB11,14.47,-300000000.0,notional_at_entry,short,-17449.0,short,391220460.8,0
2015-02-04 00:00:00+00:00,360,SB11,14.45,-300000000.0,notional_at_entry,short,-17449.0,short,391611318.40000004,0
2015-02-05 00:00:00+00:00,361,SB11,14.41,-300000000.0,notional_at_entry,short,-17449.0,short,392393033.6,0
2015-02-06 00:00:00+00:00,362,SB11,14.51,-300000000.0,notional_at_entry,short,-17449.0,short,390438745.6,0
2015-02-09 00:00:00+00:00,363,SB11,14.82,-300000000.0,notional_at_entry,short,-17449.0,short,384380452.8,0
2015-02-10 00:00:00+00:00,364,SB11,14.71,-300000000.0,notional_at_entry,short,-17449.0,short,386530169.6,0
2015-02-11 00:00:00+00:00,365,SB11,14.62,-300000000.0,notional_at_entry,short,-17449.0,short,388289028.8000001,0
2015-02-12 00:00:00+00:00,366,SB11,14.91,-300000000.0,notional_at_entry,short,-17449.0,short,382621593.6,0
2015-02-13 00:00:00+00:00,367,SB11,14.84,-300000000.0,notional_at_entry,short,-17449.0,short,383989595.20000005,0
2015-02-17 00:00:00+00:00,368,SB11,15.07,-300000000.0,notional_at_entry,short,-17449.0,short,379494732.8,0
2015-02-18 00:00:00+00:00,369,SB11,15.01,-300000000.0,notional_at_entry,short,-17449.0,short,380667305.6,0
2015-02-19 00:00:00+00:00,370,SB11,14.64,-300000000.0,notional_at_entry,short,-17449.0,short,387898171.20000005,0
2015-02-20 00:00:00+00:00,371,SB11,14.32,-300000000.0,notional_at_entry,short,-17449.0,short,394151892.8,0
2015-02-23 00:00:00+00:00,372,SB11,14.13,-300000000.0,notional_at_entry,short,-17449.0,short,397865040.0,0
2015-02-24 00:00:00+00:00,373,SB11,14.15,-300000000.0,notional_at_entry,short,-17449.0,short,397474182.40000004,0
2015-02-25 00:00:00+00:00,374,SB11,13.79,-300000000.0,notional_at_entry,short,-17449.0,short,404509619.20000005,0
2015-02-26 00:00:00+00:00,375,SB11,13.99,-300000000.0,notional_at_entry,short,-17449.0,short,400601043.20000005,0
2015-02-27 00:00:00+00:00,376,SB11,13.77,-300000000.0,notional_at_entry,short,-17449.0,short,404900476.8,0
2015-03-02 00:00:00+00:00,377,SB11,13.64,-300000000.0,notional_at_entry,short,-17449.0,short,407441051.20000005,0
2015-03-03 00:00:00+00:00,378,SB11,13.45,-300000000.0,notional_at_entry,short,-17449.0,short,411154198.40000004,0
2015-03-04 00:00:00+00:00,379,SB11,13.34,-300000000.0,notional_at_entry,short,-17449.0,short,413303915.20000005,0
2015-03-05 00:00:00+00:00,380,SB11,13.44,-300000000.0,notional_at_entry,short,-17449.0,short,411349627.20000005,0
2015-03-06 00:00:00+00:00,381,SB11,13.44,-300000000.0,notional_at_entry,short,-17449.0,short,411349627.20000005,0
2015-03-09 00:00:00+00:00,382,SB11,13.27,-300000000.0,notional_at_entry,short,-17449.0,short,414671916.8,0
2015-03-10 00:00:00+00:00,383,SB11,13.02,-300000000.0,notional_at_entry,short,-17449.0,short,419557636.8,0
2015-03-11 00:00:00+00:00,384,SB11,13.14,-300000000.0,notional_at_entry,short,-17449.0,short,417212491.20000005,0
2015-03-12 00:00:00+00:00,385,SB11,13.21,-300000000.0,notional_at_entry,short,-17449.0,short,415844489.6,0
2015-03-13 00:00:00+00:00,386,SB11,12.7,-300000000.0,notional_at_entry,short,-17449.0,short,425811358.40000004,0
2015-03-16 00:00:00+00:00,387,SB11,12.9,-300000000.0,notional_at_entry,short,-17449.0,short,421902782.40000004,0
2015-03-17 00:00:00+00:00,388,SB11,12.82,-300000000.0,notional_at_entry,short,-17449.0,short,423466212.8,0
2015-03-18 00:00:00+00:00,389,SB11,12.73,-300000000.0,notional_at_entry,short,-17449.0,short,425225072.0,0
2015-03-19 00:00:00+00:00,390,SB11,12.62,-300000000.0,notional_at_entry,short,-17449.0,short,427374788.8000001,0
2015-03-20 00:00:00+00:00,391,SB11,12.68,-300000000.0,notional_at_entry,short,-17449.0,short,426202216.00000006,0
2015-03-23 00:00:00+00:00,392,SB11,12.74,-300000000.0,notional_at_entry,short,-17449.0,short,425029643.20000005,0
2015-03-24 00:00:00+00:00,393,SB11,12.45,-300000000.0,notional_at_entry,short,-17449.0,short,430697078.40000004,0
2015-03-25 00:00:00+00:00,394,SB11,12.52,-300000000.0,notional_at_entry,short,-17449.0,short,429329076.8,0
2015-03-26 00:00:00+00:00,395,SB11,12.34,-300000000.0,notional_at_entry,short,-17449.0,short,432846795.20000005,0
2015-03-27 00:00:00+00:00,396,SB11,12.13,-300000000.0,notional_at_entry,short,-17449.0,short,436950800.0,0
2015-03-30 00:00:00+00:00,397,SB11,11.99,-300000000.0,notional_at_entry,short,-17449.0,short,439686803.20000005,0
2015-03-31 00:00:00+00:00,398,SB11,11.93,-300000000.0,notional_at_entry,short,-17449.0,short,440859376.00000006,0
2015-04-01 00:00:00+00:00,399,SB11,12.32,-300000000.0,notional_at_entry,short,-17449.0,short,433237652.8,0
2015-04-02 00:00:00+00:00,400,SB11,12.74,-300000000.0,notional_at_entry,short,-17449.0,short,425029643.20000005,0
2015-04-06 00:00:00+00:00,401,SB11,12.54,300000000.0,notional_at_entry,long,21360.0,long,428938219.20000005,1
2015-04-07 00:00:00+00:00,402,SB11,12.77,300000000.0,notional_at_entry,long,21360.0,long,434440555.20000005,0
2015-04-08 00:00:00+00:00,403,SB11,12.97,300000000.0,notional_at_entry,long,21360.0,long,439225195.2000001,0
2015-04-09 00:00:00+00:00,404,SB11,12.8,300000000.0,notional_at_entry,long,21360.0,long,435158251.2000001,0
2015-04-10 00:00:00+00:00,405,SB11,12.83,300000000.0,notional_at_entry,long,21360.0,long,435875947.20000005,0
2015-04-13 00:00:00+00:00,406,SB11,13.01,300000000.0,notional_at_entry,long,21360.0,long,440182123.20000005,0
2015-04-14 00:00:00+00:00,407,SB11,13.19,300000000.0,notional_at_entry,long,21360.0,long,444488299.20000005,0
2015-04-15 00:00:00+00:00,408,SB11,13.0,300000000.0,notional_at_entry,long,21360.0,long,439942891.20000005,0
2015-04-16 00:00:00+00:00,409,SB11,13.43,300000000.0,notional_at_entry,long,21360.0,long,450229867.20000005,0
2015-04-17 00:00:00+00:00,410,SB11,13.18,300000000.0,notional_at_entry,long,21360.0,long,444249067.20000005,0
2015-04-20 00:00:00+00:00,411,SB11,12.67,300000000.0,notional_at_entry,long,21360.0,long,432048235.20000005,0
2015-04-21 00:00:00+00:00,412,SB11,12.38,300000000.0,notional_at_entry,long,21360.0,long,425110507.2000001,0
2015-04-22 00:00:00+00:00,413,SB11,12.59,300000000.0,notional_at_entry,long,21360.0,long,430134379.20000005,0
2015-04-23 00:00:00+00:00,414,SB11,13.03,300000000.0,notional_at_entry,long,21360.0,long,440660587.20000005,0
2015-04-24 00:00:00+00:00,415,SB11,13.19,300000000.0,notional_at_entry,long,21360.0,long,444488299.20000005,0
2015-04-27 00:00:00+00:00,416,SB11,13.38,300000000.0,notional_at_entry,long,21360.0,long,449033707.2000001,0
2015-04-28 00:00:00+00:00,417,SB11,13.22,300000000.0,notional_at_entry,long,21360.0,long,445205995.2000001,0
2015-04-29 00:00:00+00:00,418,SB11,13.15,300000000.0,notional_at_entry,long,21360.0,long,443531371.20000005,0
2015-04-30 00:00:00+00:00,419,SB11,13.18,300000000.0,notional_at_entry,long,21360.0,long,444249067.20000005,0
2015-05-01 00:00:00+00:00,420,SB11,12.91,300000000.0,notional_at_entry,long,21360.0,long,437789803.20000005,0
2015-05-04 00:00:00+00:00,421,SB11,12.51,300000000.0,notional_at_entry,long,21360.0,long,428220523.20000005,0
2015-05-05 00:00:00+00:00,422,SB11,12.75,300000000.0,notional_at_entry,long,21360.0,long,433962091.20000005,0
2015-05-06 00:00:00+00:00,423,SB11,12.87,300000000.0,notional_at_entry,long,21360.0,long,436832875.20000005,0
2015-05-07 00:00:00+00:00,424,SB11,12.96,300000000.0,notional_at_entry,long,21360.0,long,438985963.2000001,0
2015-05-08 00:00:00+00:00,425,SB11,13.42,300000000.0,notional_at_entry,long,21360.0,long,449990635.20000005,0
2015-05-11 00:00:00+00:00,426,SB11,13.48,300000000.0,notional_at_entry,long,21360.0,long,451426027.20000005,0
2015-05-12 00:00:00+00:00,427,SB11,13.58,300000000.0,notional_at_entry,long,21360.0,long,453818347.20000005,0
2015-05-13 00:00:00+00:00,428,SB11,12.96,300000000.0,notional_at_entry,long,21360.0,long,438985963.2000001,0
2015-05-14 00:00:00+00:00,429,SB11,12.84,-300000000.0,notional_at_entry,short,-20861.0,short,436115179.20000005,1
2015-05-15 00:00:00+00:00,430,SB11,12.89,-300000000.0,notional_at_entry,short,-20861.0,short,434946963.20000005,0
2015-05-18 00:00:00+00:00,431,SB11,12.78,-300000000.0,notional_at_entry,short,-20861.0,short,437517038.40000004,0
2015-05-19 00:00:00+00:00,432,SB11,12.86,-300000000.0,notional_at_entry,short,-20861.0,short,435647892.8000001,0
2015-05-20 00:00:00+00:00,433,SB11,12.59,-300000000.0,notional_at_entry,short,-20861.0,short,441956259.20000005,0
2015-05-21 00:00:00+00:00,434,SB11,12.49,-300000000.0,notional_at_entry,short,-20861.0,short,444292691.20000005,0
2015-05-22 00:00:00+00:00,435,SB11,12.31,-300000000.0,notional_at_entry,short,-20861.0,short,448498268.8,0
2015-05-26 00:00:00+00:00,436,SB11,12.08,-300000000.0,notional_at_entry,short,-20861.0,short,453872062.40000004,0
2015-05-27 00:00:00+00:00,437,SB11,11.87,-300000000.0,notional_at_entry,short,-20861.0,short,458778569.6000001,0
2015-05-28 00:00:00+00:00,438,SB11,11.94,-300000000.0,notional_at_entry,short,-20861.0,short,457143067.20000005,0
2015-05-29 00:00:00+00:00,439,SB11,11.98,-300000000.0,notional_at_entry,short,-20861.0,short,456208494.40000004,0
2015-06-01 00:00:00+00:00,440,SB11,12.25,-300000000.0,notional_at_entry,short,-20861.0,short,449900128.00000006,0
2015-06-02 00:00:00+00:00,441,SB11,12.32,-300000000.0,notional_at_entry,short,-20861.0,short,448264625.6,0
2015-06-03 00:00:00+00:00,442,SB11,12.05,300000000.0,notional_at_entry,long,22228.0,long,454572992.0,1
2015-06-04 00:00:00+00:00,443,SB11,12.12,300000000.0,notional_at_entry,long,22228.0,long,456315667.2,0
2015-06-05 00:00:00+00:00,444,SB11,12.05,300000000.0,notional_at_entry,long,22228.0,long,454572992.0,0
2015-06-08 00:00:00+00:00,445,SB11,12.16,300000000.0,notional_at_entry,long,22228.0,long,457311481.59999996,0
2015-06-09 00:00:00+00:00,446,SB11,12.07,300000000.0,notional_at_entry,long,22228.0,long,455070899.2,0
2015-06-10 00:00:00+00:00,447,SB11,12.01,300000000.0,notional_at_entry,long,22228.0,long,453577177.59999996,0
2015-06-11 00:00:00+00:00,448,SB11,11.64,300000000.0,notional_at_entry,long,22228.0,long,444365894.4,0
2015-06-12 00:00:00+00:00,449,SB11,11.72,300000000.0,notional_at_entry,long,22228.0,long,446357523.2,0
2015-06-15 00:00:00+00:00,450,SB11,11.83,300000000.0,notional_at_entry,long,22228.0,long,449096012.8,0
2015-06-16 00:00:00+00:00,451,SB11,11.68,300000000.0,notional_at_entry,long,22228.0,long,445361708.79999995,0
2015-06-17 00:00:00+00:00,452,SB11,11.77,300000000.0,notional_at_entry,long,22228.0,long,447602291.2,0
2015-06-18 00:00:00+00:00,453,SB11,11.69,300000000.0,notional_at_entry,long,22228.0,long,445610662.4,0
2015-06-19 00:00:00+00:00,454,SB11,11.55,300000000.0,notional_at_entry,long,22228.0,long,442125312.0,0
2015-06-22 00:00:00+00:00,455,SB11,11.94,300000000.0,notional_at_entry,long,22228.0,long,451834502.4,0
2015-06-23 00:00:00+00:00,456,SB11,11.77,300000000.0,notional_at_entry,long,22228.0,long,447602291.2,0
2015-06-24 00:00:00+00:00,457,SB11,12.02,300000000.0,notional_at_entry,long,22228.0,long,453826131.2,0
2015-06-25 00:00:00+00:00,458,SB11,11.87,300000000.0,notional_at_entry,long,22228.0,long,450091827.2,0
2015-06-26 00:00:00+00:00,459,SB11,11.95,300000000.0,notional_at_entry,long,22228.0,long,452083455.99999994,0
2015-06-29 00:00:00+00:00,460,SB11,12.07,300000000.0,notional_at_entry,long,22228.0,long,455070899.2,0
2015-06-30 00:00:00+00:00,461,SB11,12.47,300000000.0,notional_at_entry,long,22228.0,long,465029043.2,0
2015-07-01 00:00:00+00:00,462,SB11,12.44,300000000.0,notional_at_entry,long,22228.0,long,464282182.4,0
2015-07-02 00:00:00+00:00,463,SB11,12.3,300000000.0,notional_at_entry,long,22228.0,long,460796832.0,0
2015-07-06 00:00:00+00:00,464,SB11,12.48,-300000000.0,notional_at_entry,short,-21462.0,short,465277996.8,1
2015-07-07 00:00:00+00:00,465,SB11,12.33,-300000000.0,notional_at_entry,short,-21462.0,short,468883612.8,0
2015-07-08 00:00:00+00:00,466,SB11,12.31,-300000000.0,notional_at_entry,short,-21462.0,short,469364361.6,0
2015-07-09 00:00:00+00:00,467,SB11,11.9,-300000000.0,notional_at_entry,short,-21462.0,short,479219712.0,0
2015-07-10 00:00:00+00:00,468,SB11,12.41,-300000000.0,notional_at_entry,short,-21462.0,short,466960617.6,0
2015-07-13 00:00:00+00:00,469,SB11,12.56,-300000000.0,notional_at_entry,short,-21462.0,short,463355001.6,0
2015-07-14 00:00:00+00:00,470,SB11,12.64,-300000000.0,notional_at_entry,short,-21462.0,short,461432006.40000004,0
2015-07-15 00:00:00+00:00,471,SB11,12.46,-300000000.0,notional_at_entry,short,-21462.0,short,465758745.6,0
2015-07-16 00:00:00+00:00,472,SB11,12.27,-300000000.0,notional_at_entry,short,-21462.0,short,470325859.20000005,0
2015-07-17 00:00:00+00:00,473,SB11,11.96,-300000000.0,notional_at_entry,short,-21462.0,short,477777465.6,0
2015-07-20 00:00:00+00:00,474,SB11,11.44,-300000000.0,notional_at_entry,short,-21462.0,short,490276934.40000004,0
2015-07-21 00:00:00+00:00,475,SB11,11.42,-300000000.0,notional_at_entry,short,-21462.0,short,490757683.20000005,0
2015-07-22 00:00:00+00:00,476,SB11,11.38,-300000000.0,notional_at_entry,short,-21462.0,short,491719180.8,0
2015-07-23 00:00:00+00:00,477,SB11,11.51,-300000000.0,notional_at_entry,short,-21462.0,short,488594313.6,0
2015-07-24 00:00:00+00:00,478,SB11,11.24,300000000.0,notional_at_entry,long,23830.0,long,495084422.40000004,1
2015-07-27 00:00:00+00:00,479,SB11,11.24,300000000.0,notional_at_entry,long,23830.0,long,495084422.40000004,0
2015-07-28 00:00:00+00:00,480,SB11,11.17,300000000.0,notional_at_entry,long,23830.0,long,493216150.40000004,0
2015-07-29 00:00:00+00:00,481,SB11,11.46,300000000.0,notional_at_entry,long,23830.0,long,500956134.40000004,0
2015-07-30 00:00:00+00:00,482,SB11,11.27,300000000.0,notional_at_entry,long,23830.0,long,495885110.40000004,0
2015-07-31 00:00:00+00:00,483,SB11,11.14,300000000.0,notional_at_entry,long,23830.0,long,492415462.40000004,0
2015-08-03 00:00:00+00:00,484,SB11,10.89,300000000.0,notional_at_entry,long,23830.0,long,485743062.40000004,0
2015-08-04 00:00:00+00:00,485,SB11,11.01,300000000.0,notional_at_entry,long,23830.0,long,488945814.40000004,0
2015-08-05 00:00:00+00:00,486,SB11,10.76,300000000.0,notional_at_entry,long,23830.0,long,482273414.40000004,0
2015-08-06 00:00:00+00:00,487,SB11,10.7,300000000.0,notional_at_entry,long,23830.0,long,480672038.40000004,0
2015-08-07 00:00:00+00:00,488,SB11,10.66,300000000.0,notional_at_entry,long,23830.0,long,479604454.40000004,0
2015-08-10 00:00:00+00:00,489,SB11,10.57,300000000.0,notional_at_entry,long,23830.0,long,477202390.40000004,0
2015-08-11 00:00:00+00:00,490,SB11,10.62,300000000.0,notional_at_entry,long,23830.0,long,478536870.40000004,0
2015-08-12 00:00:00+00:00,491,SB11,10.54,300000000.0,notional_at_entry,long,23830.0,long,476401702.4,0
2015-08-13 00:00:00+00:00,492,SB11,10.49,300000000.0,notional_at_entry,long,23830.0,long,475067222.40000004,0
2015-08-14 00:00:00+00:00,493,SB11,10.68,300000000.0,notional_at_entry,long,23830.0,long,480138246.40000004,0
2015-08-17 00:00:00+00:00,494,SB11,10.63,300000000.0,notional_at_entry,long,23830.0,long,478803766.40000004,0
2015-08-18 00:00:00+00:00,495,SB11,10.73,300000000.0,notional_at_entry,long,23830.0,long,481472726.40000004,0
2015-08-19 00:00:00+00:00,496,SB11,10.59,300000000.0,notional_at_entry,long,23830.0,long,477736182.40000004,0
2015-08-20 00:00:00+00:00,497,SB11,10.62,300000000.0,notional_at_entry,long,23830.0,long,478536870.40000004,0
2015-08-21 00:00:00+00:00,498,SB11,10.44,300000000.0,notional_at_entry,long,23830.0,long,473732742.40000004,0
2015-08-24 00:00:00+00:00,499,SB11,10.39,300000000.0,notional_at_entry,long,23830.0,long,472398262.40000004,0
2015-08-25 00:00:00+00:00,500,SB11,10.6,300000000.0,notional_at_entry,long,23830.0,long,478003078.40000004,0
2015-08-26 00:00:00+00:00,501,SB11,10.53,300000000.0,notional_at_entry,long,23830.0,long,476134806.40000004,0
2015-08-27 00:00:00+00:00,502,SB11,11.06,300000000.0,notional_at_entry,long,23830.0,long,490280294.40000004,0
2015-08-28 00:00:00+00:00,503,SB11,10.97,300000000.0,notional_at_entry,long,23830.0,long,487878230.40000004,0
2015-08-31 00:00:00+00:00,504,SB11,10.69,300000000.0,notional_at_entry,long,23830.0,long,480405142.40000004,0
2015-09-01 00:00:00+00:00,505,SB11,10.71,300000000.0,notional_at_entry,long,23830.0,long,480938934.40000004,0
2015-09-02 00:00:00+00:00,506,SB11,10.73,300000000.0,notional_at_entry,long,23830.0,long,481472726.40000004,0
2015-09-03 00:00:00+00:00,507,SB11,11.34,300000000.0,notional_at_entry,long,23830.0,long,497753382.40000004,0
2015-09-04 00:00:00+00:00,508,SB11,11.27,300000000.0,notional_at_entry,long,23830.0,long,495885110.40000004,0
2015-09-08 00:00:00+00:00,509,SB11,11.07,300000000.0,notional_at_entry,long,23830.0,long,490547190.40000004,0
2015-09-09 00:00:00+00:00,510,SB11,11.43,300000000.0,notional_at_entry,long,23830.0,long,500155446.40000004,0
2015-09-10 00:00:00+00:00,511,SB11,11.33,300000000.0,notional_at_entry,long,23830.0,long,497486486.40000004,0
2015-09-11 00:00:00+00:00,512,SB11,11.66,300000000.0,notional_at_entry,long,23830.0,long,506294054.40000004,0
2015-09-14 00:00:00+00:00,513,SB11,11.5,300000000.0,notional_at_entry,long,23830.0,long,502023718.40000004,0
2015-09-15 00:00:00+00:00,514,SB11,11.4,300000000.0,notional_at_entry,long,23830.0,long,499354758.40000004,0
2015-09-16 00:00:00+00:00,515,SB11,11.47,300000000.0,notional_at_entry,long,23830.0,long,501223030.40000004,0
2015-09-17 00:00:00+00:00,516,SB11,11.44,300000000.0,notional_at_entry,long,23830.0,long,500422342.40000004,0
2015-09-18 00:00:00+00:00,517,SB11,11.7,300000000.0,notional_at_entry,long,23830.0,long,507361638.40000004,0
2015-09-21 00:00:00+00:00,518,SB11,11.67,300000000.0,notional_at_entry,long,23830.0,long,506560950.40000004,0
2015-09-22 00:00:00+00:00,519,SB11,11.57,300000000.0,notional_at_entry,long,23830.0,long,503891990.40000004,0
2015-09-23 00:00:00+00:00,520,SB11,11.55,300000000.0,notional_at_entry,long,23830.0,long,503358198.40000004,0
2015-09-24 00:00:00+00:00,521,SB11,11.86,300000000.0,notional_at_entry,long,23830.0,long,511631974.40000004,0
2015-09-25 00:00:00+00:00,522,SB11,12.41,300000000.0,notional_at_entry,long,23830.0,long,526311254.40000004,0
2015-09-28 00:00:00+00:00,523,SB11,12.38,300000000.0,notional_at_entry,long,23830.0,long,525510566.40000004,0
2015-09-29 00:00:00+00:00,524,SB11,12.46,300000000.0,notional_at_entry,long,23830.0,long,527645734.40000004,0
2015-09-30 00:00:00+00:00,525,SB11,12.88,300000000.0,notional_at_entry,long,23830.0,long,538855366.4000001,0
2015-10-01 00:00:00+00:00,526,SB11,13.26,300000000.0,notional_at_entry,long,23830.0,long,548997414.4,0
2015-10-02 00:00:00+00:00,527,SB11,13.53,300000000.0,notional_at_entry,long,23830.0,long,556203606.4,0
2015-10-05 00:00:00+00:00,528,SB11,13.64,300000000.0,notional_at_entry,long,23830.0,long,559139462.4000001,0
2015-10-06 00:00:00+00:00,529,SB11,13.63,300000000.0,notional_at_entry,long,23830.0,long,558872566.4000001,0
2015-10-07 00:00:00+00:00,530,SB11,13.98,300000000.0,notional_at_entry,long,23830.0,long,568213926.4000001,0
2015-10-08 00:00:00+00:00,531,SB11,14.01,300000000.0,notional_at_entry,long,23830.0,long,569014614.4,0
2015-10-09 00:00:00+00:00,532,SB11,14.34,300000000.0,notional_at_entry,long,23830.0,long,577822182.4,0
2015-10-12 00:00:00+00:00,533,SB11,14.24,300000000.0,notional_at_entry,long,23830.0,long,575153222.4000001,0
2015-10-13 00:00:00+00:00,534,SB11,13.83,300000000.0,notional_at_entry,long,23830.0,long,564210486.4000001,0
2015-10-14 00:00:00+00:00,535,SB11,14.09,300000000.0,notional_at_entry,long,23830.0,long,571149782.4,0
2015-10-15 00:00:00+00:00,536,SB11,14.13,300000000.0,notional_at_entry,long,23830.0,long,572217366.4000001,0
2015-10-16 00:00:00+00:00,537,SB11,14.27,300000000.0,notional_at_entry,long,23830.0,long,575953910.4,0
2015-10-19 00:00:00+00:00,538,SB11,14.26,300000000.0,notional_at_entry,long,23830.0,long,575687014.4,0
2015-10-20 00:00:00+00:00,539,SB11,14.06,300000000.0,notional_at_entry,long,23830.0,long,570349094.4000001,0
2015-10-21 00:00:00+00:00,540,SB11,14.18,300000000.0,notional_at_entry,long,23830.0,long,573551846.4,0
2015-10-22 00:00:00+00:00,541,SB11,14.6,300000000.0,notional_at_entry,long,23830.0,long,584761478.4,0
2015-10-23 00:00:00+00:00,542,SB11,14.28,300000000.0,notional_at_entry,long,23830.0,long,576220806.4,0
2015-10-26 00:00:00+00:00,543,SB11,14.64,300000000.0,notional_at_entry,long,23830.0,long,585829062.4000001,0
2015-10-27 00:00:00+00:00,544,SB11,14.42,300000000.0,notional_at_entry,long,23830.0,long,579957350.4000001,0
2015-10-28 00:00:00+00:00,545,SB11,14.65,-300000000.0,notional_at_entry,short,-18283.0,short,586095958.4000001,1
2015-10-29 00:00:00+00:00,546,SB11,14.56,-300000000.0,notional_at_entry,short,-18283.0,short,587938884.8000001,0
2015-10-30 00:00:00+00:00,547,SB11,14.52,-300000000.0,notional_at_entry,short,-18283.0,short,588757963.2000002,0
2015-11-02 00:00:00+00:00,548,SB11,15.11,-300000000.0,notional_at_entry,short,-18283.0,short,576676556.8000001,0
2015-11-03 00:00:00+00:00,549,SB11,15.49,-300000000.0,notional_at_entry,short,-18283.0,short,568895312.0000001,0
2015-11-04 00:00:00+00:00,550,SB11,14.64,-300000000.0,notional_at_entry,short,-18283.0,short,586300728.0000001,0
2015-11-05 00:00:00+00:00,551,SB11,14.76,-300000000.0,notional_at_entry,short,-18283.0,short,583843492.8000001,0
2015-11-06 00:00:00+00:00,552,SB11,14.46,-300000000.0,notional_at_entry,short,-18283.0,short,589986580.8000001,0
2015-11-09 00:00:00+00:00,553,SB11,13.99,-300000000.0,notional_at_entry,short,-18283.0,short,599610752.0000001,0
2015-11-10 00:00:00+00:00,554,SB11,14.71,-300000000.0,notional_at_entry,short,-18283.0,short,584867340.8000001,0
2015-11-11 00:00:00+00:00,555,SB11,14.69,-300000000.0,notional_at_entry,short,-18283.0,short,585276880.0000001,0
2015-11-12 00:00:00+00:00,556,SB11,14.97,-300000000.0,notional_at_entry,short,-18283.0,short,579543331.2,0
2015-11-13 00:00:00+00:00,557,SB11,15.04,-300000000.0,notional_at_entry,short,-18283.0,short,578109944.0000001,0
2015-11-16 00:00:00+00:00,558,SB11,15.18,-300000000.0,notional_at_entry,short,-18283.0,short,575243169.6000001,0
2015-11-17 00:00:00+00:00,559,SB11,14.78,-300000000.0,notional_at_entry,short,-18283.0,short,583433953.6000001,0
2015-11-18 00:00:00+00:00,560,SB11,14.47,-300000000.0,notional_at_entry,short,-18283.0,short,589781811.2,0
2015-11-19 00:00:00+00:00,561,SB11,14.95,-300000000.0,notional_at_entry,short,-18283.0,short,579952870.4000001,0
2015-11-20 00:00:00+00:00,562,SB11,15.3,-300000000.0,notional_at_entry,short,-18283.0,short,572785934.4000001,0
2015-11-23 00:00:00+00:00,563,SB11,15.41,-300000000.0,notional_at_entry,short,-18283.0,short,570533468.8000001,0
2015-11-24 00:00:00+00:00,564,SB11,15.0,-300000000.0,notional_at_entry,short,-18283.0,short,578929022.4000001,0
2015-11-25 00:00:00+00:00,565,SB11,14.91,-300000000.0,notional_at_entry,short,-18283.0,short,580771948.8000001,0
2015-11-27 00:00:00+00:00,566,SB11,14.97,-300000000.0,notional_at_entry,short,-18283.0,short,579543331.2,0
2015-11-30 00:00:00+00:00,567,SB11,14.93,-300000000.0,notional_at_entry,short,-18283.0,short,580362409.6000001,0
2015-12-01 00:00:00+00:00,568,SB11,15.44,-300000000.0,notional_at_entry,short,-18283.0,short,569919160.0000001,0
2015-12-02 00:00:00+00:00,569,SB11,15.34,-300000000.0,notional_at_entry,short,-18283.0,short,571966856.0000001,0
2015-12-03 00:00:00+00:00,570,SB11,15.58,-300000000.0,notional_at_entry,short,-18283.0,short,567052385.6000001,0
2015-12-04 00:00:00+00:00,571,SB11,15.48,-300000000.0,notional_at_entry,short,-18283.0,short,569100081.6000001,0
2015-12-07 00:00:00+00:00,572,SB11,15.3,-300000000.0,notional_at_entry,short,-18283.0,short,572785934.4000001,0
2015-12-08 00:00:00+00:00,573,SB11,15.0,-300000000.0,notional_at_entry,short,-18283.0,short,578929022.4000001,0
2015-12-09 00:00:00+00:00,574,SB11,15.09,-300000000.0,notional_at_entry,short,-18283.0,short,577086096.0000001,0
2015-12-10 00:00:00+00:00,575,SB11,14.55,-300000000.0,notional_at_entry,short,-18283.0,short,588143654.4000001,0
2015-12-11 00:00:00+00:00,576,SB11,14.58,-300000000.0,notional_at_entry,short,-18283.0,short,587529345.6000001,0
2015-12-14 00:00:00+00:00,577,SB11,14.51,-300000000.0,notional_at_entry,short,-18283.0,short,588962732.8000001,0
2015-12-15 00:00:00+00:00,578,SB11,14.59,-300000000.0,notional_at_entry,short,-18283.0,short,587324576.0000001,0
2015-12-16 00:00:00+00:00,579,SB11,14.59,-300000000.0,notional_at_entry,short,-18283.0,short,587324576.0000001,0
2015-12-17 00:00:00+00:00,580,SB11,14.7,-300000000.0,notional_at_entry,short,-18283.0,short,585072110.4000001,0
2015-12-18 00:00:00+00:00,581,SB11,15.1,-300000000.0,notional_at_entry,short,-18283.0,short,576881326.4000001,0
2015-12-21 00:00:00+00:00,582,SB11,14.97,-300000000.0,notional_at_entry,short,-18283.0,short,579543331.2,0
2015-12-22 00:00:00+00:00,583,SB11,15.04,-300000000.0,notional_at_entry,short,-18283.0,short,578109944.0000001,0
2015-12-23 00:00:00+00:00,584,SB11,15.15,-300000000.0,notional_at_entry,short,-18283.0,short,575857478.4000001,0
2015-12-24 00:00:00+00:00,585,SB11,15.06,-300000000.0,notional_at_entry,short,-18283.0,short,577700404.8000001,0
2015-12-28 00:00:00+00:00,586,SB11,14.76,-300000000.0,notional_at_entry,short,-18283.0,short,583843492.8000001,0
2015-12-29 00:00:00+00:00,587,SB11,14.78,-300000000.0,notional_at_entry,short,-18283.0,short,583433953.6000001,0
2015-12-30 00:00:00+00:00,588,SB11,15.15,-300000000.0,notional_at_entry,short,-18283.0,short,575857478.4000001,0
2015-12-31 00:00:00+00:00,589,SB11,15.24,-300000000.0,notional_at_entry,short,-18283.0,short,574014552.0000001,0
2016-01-04 00:00:00+00:00,590,SB11,14.97,-300000000.0,notional_at_entry,short,-18283.0,short,579543331.2,0
2016-01-05 00:00:00+00:00,591,SB11,14.57,-300000000.0,notional_at_entry,short,-18283.0,short,587734115.2,0
2016-01-06 00:00:00+00:00,592,SB11,14.42,-300000000.0,notional_at_entry,short,-18283.0,short,590805659.2,0
2016-01-07 00:00:00+00:00,593,SB11,14.75,-300000000.0,notional_at_entry,short,-18283.0,short,584048262.4000001,0
2016-01-08 00:00:00+00:00,594,SB11,14.46,-300000000.0,notional_at_entry,short,-18283.0,short,589986580.8000001,0
2016-01-11 00:00:00+00:00,595,SB11,14.15,-300000000.0,notional_at_entry,short,-18283.0,short,596334438.4000001,0
2016-01-12 00:00:00+00:00,596,SB11,14.05,-300000000.0,notional_at_entry,short,-18283.0,short,598382134.4000001,0
2016-01-13 00:00:00+00:00,597,SB11,14.47,-300000000.0,notional_at_entry,short,-18283.0,short,589781811.2,0
2016-01-14 00:00:00+00:00,598,SB11,14.88,-300000000.0,notional_at_entry,short,-18283.0,short,581386257.6000001,0
2016-01-15 00:00:00+00:00,599,SB11,14.92,-300000000.0,notional_at_entry,short,-18283.0,short,580567179.2,0
2016-01-19 00:00:00+00:00,600,SB11,14.75,-300000000.0,notional_at_entry,short,-18283.0,short,584048262.4000001,0
2016-01-20 00:00:00+00:00,601,SB11,14.18,-300000000.0,notional_at_entry,short,-18283.0,short,595720129.6000001,0
2016-01-21 00:00:00+00:00,602,SB11,14.45,-300000000.0,notional_at_entry,short,-18283.0,short,590191350.4000001,0
2016-01-22 00:00:00+00:00,603,SB11,14.42,-300000000.0,notional_at_entry,short,-18283.0,short,590805659.2,0
2016-01-25 00:00:00+00:00,604,SB11,14.1,-300000000.0,notional_at_entry,short,-18283.0,short,597358286.4000001,0
2016-01-26 00:00:00+00:00,605,SB11,14.02,-300000000.0,notional_at_entry,short,-18283.0,short,598996443.2000002,0
2016-01-27 00:00:00+00:00,606,SB11,13.58,-300000000.0,notional_at_entry,short,-18283.0,short,608006305.6000001,0
2016-01-28 00:00:00+00:00,607,SB11,13.25,-300000000.0,notional_at_entry,short,-18283.0,short,614763702.4000001,0
2016-01-29 00:00:00+00:00,608,SB11,13.14,-300000000.0,notional_at_entry,short,-18283.0,short,617016168.0000001,0
2016-02-01 00:00:00+00:00,609,SB11,12.83,-300000000.0,notional_at_entry,short,-18283.0,short,623364025.6000001,0
2016-02-02 00:00:00+00:00,610,SB11,12.99,-300000000.0,notional_at_entry,short,-18283.0,short,620087712.0000001,0
2016-02-03 00:00:00+00:00,611,SB11,12.89,-300000000.0,notional_at_entry,short,-18283.0,short,622135408.0000001,0
2016-02-04 00:00:00+00:00,612,SB11,12.89,-300000000.0,notional_at_entry,short,-18283.0,short,622135408.0000001,0
2016-02-05 00:00:00+00:00,613,SB11,13.27,-300000000.0,notional_at_entry,short,-18283.0,short,614354163.2000002,0
2016-02-08 00:00:00+00:00,614,SB11,13.45,-300000000.0,notional_at_entry,short,-18283.0,short,610668310.4000001,0
2016-02-09 00:00:00+00:00,615,SB11,13.39,300000000.0,notional_at_entry,long,20004.0,long,611896928.0000001,1
2016-02-10 00:00:00+00:00,616,SB11,13.38,300000000.0,notional_at_entry,long,20004.0,long,611672883.2000002,0
2016-02-11 00:00:00+00:00,617,SB11,13.07,300000000.0,notional_at_entry,long,20004.0,long,604727494.4000001,0
2016-02-12 00:00:00+00:00,618,SB11,13.12,300000000.0,notional_at_entry,long,20004.0,long,605847718.4000001,0
2016-02-16 00:00:00+00:00,619,SB11,13.2,300000000.0,notional_at_entry,long,20004.0,long,607640076.8000001,0
2016-02-17 00:00:00+00:00,620,SB11,13.15,300000000.0,notional_at_entry,long,20004.0,long,606519852.8000001,0
2016-02-18 00:00:00+00:00,621,SB11,12.85,300000000.0,notional_at_entry,long,20004.0,long,599798508.8000001,0
2016-02-19 00:00:00+00:00,622,SB11,12.67,300000000.0,notional_at_entry,long,20004.0,long,595765702.4000001,0
2016-02-22 00:00:00+00:00,623,SB11,12.76,300000000.0,notional_at_entry,long,20004.0,long,597782105.6000001,0
2016-02-23 00:00:00+00:00,624,SB11,13.9,300000000.0,notional_at_entry,long,20004.0,long,623323212.8000001,0
2016-02-24 00:00:00+00:00,625,SB11,13.88,300000000.0,notional_at_entry,long,20004.0,long,622875123.2000002,0
2016-02-25 00:00:00+00:00,626,SB11,14.2,300000000.0,notional_at_entry,long,20004.0,long,630044556.8000001,0
2016-02-26 00:00:00+00:00,627,SB11,14.0,300000000.0,notional_at_entry,long,20004.0,long,625563660.8000001,0
2016-02-29 00:00:00+00:00,628,SB11,14.36,300000000.0,notional_at_entry,long,20004.0,long,633629273.6000001,0
2016-03-01 00:00:00+00:00,629,SB11,14.39,300000000.0,notional_at_entry,long,20004.0,long,634301408.0000001,0
2016-03-02 00:00:00+00:00,630,SB11,14.67,300000000.0,notional_at_entry,long,20004.0,long,640574662.4000001,0
2016-03-03 00:00:00+00:00,631,SB11,14.84,300000000.0,notional_at_entry,long,20004.0,long,644383424.0000001,0
2016-03-04 00:00:00+00:00,632,SB11,14.83,300000000.0,notional_at_entry,long,20004.0,long,644159379.2000002,0
2016-03-07 00:00:00+00:00,633,SB11,14.66,300000000.0,notional_at_entry,long,20004.0,long,640350617.6000001,0
2016-03-08 00:00:00+00:00,634,SB11,14.86,300000000.0,notional_at_entry,long,20004.0,long,644831513.6000001,0
2016-03-09 00:00:00+00:00,635,SB11,14.63,300000000.0,notional_at_entry,long,20004.0,long,639678483.2000002,0
2016-03-10 00:00:00+00:00,636,SB11,14.82,300000000.0,notional_at_entry,long,20004.0,long,643935334.4000001,0
2016-03-11 00:00:00+00:00,637,SB11,15.13,300000000.0,notional_at_entry,long,20004.0,long,650880723.2000002,0
2016-03-14 00:00:00+00:00,638,SB11,15.42,300000000.0,notional_at_entry,long,20004.0,long,657378022.4000001,0
2016-03-15 00:00:00+00:00,639,SB11,15.32,300000000.0,notional_at_entry,long,20004.0,long,655137574.4000001,0
2016-03-16 00:00:00+00:00,640,SB11,15.47,300000000.0,notional_at_entry,long,20004.0,long,658498246.4000001,0
2016-03-17 00:00:00+00:00,641,SB11,15.99,300000000.0,notional_at_entry,long,20004.0,long,670148576.0000001,0
2016-03-18 00:00:00+00:00,642,SB11,15.97,300000000.0,notional_at_entry,long,20004.0,long,669700486.4000001,0
2016-03-21 00:00:00+00:00,643,SB11,16.29,300000000.0,notional_at_entry,long,20004.0,long,676869920.0000001,0
2016-03-22 00:00:00+00:00,644,SB11,16.58,300000000.0,notional_at_entry,long,20004.0,long,683367219.2,0
2016-03-23 00:00:00+00:00,645,SB11,16.71,300000000.0,notional_at_entry,long,20004.0,long,686279801.6000001,0
2016-03-24 00:00:00+00:00,646,SB11,15.87,300000000.0,notional_at_entry,long,20004.0,long,667460038.4000001,0
2016-03-28 00:00:00+00:00,647,SB11,15.94,300000000.0,notional_at_entry,long,20004.0,long,669028352.0000001,0
2016-03-29 00:00:00+00:00,648,SB11,15.86,-300000000.0,notional_at_entry,short,-16888.0,short,667235993.6000001,1
2016-03-30 00:00:00+00:00,649,SB11,15.87,-300000000.0,notional_at_entry,short,-16888.0,short,667046848.0000001,0
2016-03-31 00:00:00+00:00,650,SB11,15.35,-300000000.0,notional_at_entry,short,-16888.0,short,676882419.2000002,0
2016-04-01 00:00:00+00:00,651,SB11,15.18,-300000000.0,notional_at_entry,short,-16888.0,short,680097894.4000001,0
2016-04-04 00:00:00+00:00,652,SB11,14.64,-300000000.0,notional_at_entry,short,-16888.0,short,690311756.8000001,0
2016-04-05 00:00:00+00:00,653,SB11,14.64,-300000000.0,notional_at_entry,short,-16888.0,short,690311756.8000001,0
2016-04-06 00:00:00+00:00,654,SB11,14.62,-300000000.0,notional_at_entry,short,-16888.0,short,690690048.0000001,0
2016-04-07 00:00:00+00:00,655,SB11,14.43,-300000000.0,notional_at_entry,short,-16888.0,short,694283814.4000001,0
2016-04-08 00:00:00+00:00,656,SB11,14.69,-300000000.0,notional_at_entry,short,-16888.0,short,689366028.8000002,0
2016-04-11 00:00:00+00:00,657,SB11,14.15,300000000.0,notional_at_entry,long,18929.0,long,699579891.2000002,1
2016-04-12 00:00:00+00:00,658,SB11,14.07,300000000.0,notional_at_entry,long,18929.0,long,697883852.8000002,0
2016-04-13 00:00:00+00:00,659,SB11,14.01,300000000.0,notional_at_entry,long,18929.0,long,696611824.0000001,0
2016-04-14 00:00:00+00:00,660,SB11,14.37,300000000.0,notional_at_entry,long,18929.0,long,704243996.8000002,0
2016-04-15 00:00:00+00:00,661,SB11,15.2,300000000.0,notional_at_entry,long,18929.0,long,721840395.2000002,0
2016-04-18 00:00:00+00:00,662,SB11,15.54,300000000.0,notional_at_entry,long,18929.0,long,729048558.4000001,0
2016-04-19 00:00:00+00:00,663,SB11,15.42,300000000.0,notional_at_entry,long,18929.0,long,726504500.8000002,0
2016-04-20 00:00:00+00:00,664,SB11,15.81,300000000.0,notional_at_entry,long,18929.0,long,734772688.0000001,0
2016-04-21 00:00:00+00:00,665,SB11,15.79,300000000.0,notional_at_entry,long,18929.0,long,734348678.4000001,0
2016-04-22 00:00:00+00:00,666,SB11,15.47,300000000.0,notional_at_entry,long,18929.0,long,727564524.8000002,0
2016-04-25 00:00:00+00:00,667,SB11,15.89,300000000.0,notional_at_entry,long,18929.0,long,736468726.4000002,0
2016-04-26 00:00:00+00:00,668,SB11,16.05,300000000.0,notional_at_entry,long,18929.0,long,739860803.2000002,0
2016-04-27 00:00:00+00:00,669,SB11,15.84,300000000.0,notional_at_entry,long,18929.0,long,735408702.4000001,0
2016-04-28 00:00:00+00:00,670,SB11,15.71,300000000.0,notional_at_entry,long,18929.0,long,732652640.0000001,0
2016-04-29 00:00:00+00:00,671,SB11,16.32,300000000.0,notional_at_entry,long,18929.0,long,745584932.8000002,0
2016-05-02 00:00:00+00:00,672,SB11,16.21,300000000.0,notional_at_entry,long,18929.0,long,743252880.0000002,0
2016-05-03 00:00:00+00:00,673,SB11,16.25,300000000.0,notional_at_entry,long,18929.0,long,744100899.2000002,0
2016-05-04 00:00:00+00:00,674,SB11,16.65,300000000.0,notional_at_entry,long,18929.0,long,752581091.2000002,0
2016-05-05 00:00:00+00:00,675,SB11,15.84,300000000.0,notional_at_entry,long,18929.0,long,735408702.4000001,0
2016-05-06 00:00:00+00:00,676,SB11,15.74,300000000.0,notional_at_entry,long,18929.0,long,733288654.4000002,0
2016-05-09 00:00:00+00:00,677,SB11,15.88,300000000.0,notional_at_entry,long,18929.0,long,736256721.6000001,0
2016-05-10 00:00:00+00:00,678,SB11,16.02,300000000.0,notional_at_entry,long,18929.0,long,739224788.8000002,0
2016-05-11 00:00:00+00:00,679,SB11,16.77,300000000.0,notional_at_entry,long,18929.0,long,755125148.8000002,0
2016-05-12 00:00:00+00:00,680,SB11,16.98,300000000.0,notional_at_entry,long,18929.0,long,759577249.6000001,0
2016-05-13 00:00:00+00:00,681,SB11,16.74,300000000.0,notional_at_entry,long,18929.0,long,754489134.4000001,0
2016-05-16 00:00:00+00:00,682,SB11,16.89,300000000.0,notional_at_entry,long,18929.0,long,757669206.4000002,0
2016-05-17 00:00:00+00:00,683,SB11,16.82,300000000.0,notional_at_entry,long,18929.0,long,756185172.8000002,0
2016-05-18 00:00:00+00:00,684,SB11,16.81,300000000.0,notional_at_entry,long,18929.0,long,755973168.0000001,0
2016-05-19 00:00:00+00:00,685,SB11,16.7,300000000.0,notional_at_entry,long,18929.0,long,753641115.2000002,0
2016-05-20 00:00:00+00:00,686,SB11,17.07,300000000.0,notional_at_entry,long,18929.0,long,761485292.8000002,0
2016-05-23 00:00:00+00:00,687,SB11,16.8,300000000.0,notional_at_entry,long,18929.0,long,755761163.2000002,0
2016-05-24 00:00:00+00:00,688,SB11,16.61,300000000.0,notional_at_entry,long,18929.0,long,751733072.0000001,0
2016-05-25 00:00:00+00:00,689,SB11,17.16,300000000.0,notional_at_entry,long,18929.0,long,763393336.0000001,0
2016-05-26 00:00:00+00:00,690,SB11,17.42,300000000.0,notional_at_entry,long,18929.0,long,768905460.8000002,0
2016-05-27 00:00:00+00:00,691,SB11,17.52,300000000.0,notional_at_entry,long,18929.0,long,771025508.8000002,0
2016-05-31 00:00:00+00:00,692,SB11,17.49,300000000.0,notional_at_entry,long,18929.0,long,770389494.4000001,0
2016-06-01 00:00:00+00:00,693,SB11,17.41,300000000.0,notional_at_entry,long,18929.0,long,768693456.0000001,0
2016-06-02 00:00:00+00:00,694,SB11,18.08,300000000.0,notional_at_entry,long,18929.0,long,782897777.6000001,0
2016-06-03 00:00:00+00:00,695,SB11,18.75,300000000.0,notional_at_entry,long,18929.0,long,797102099.2000002,0
2016-06-06 00:00:00+00:00,696,SB11,18.78,300000000.0,notional_at_entry,long,18929.0,long,797738113.6000001,0
2016-06-07 00:00:00+00:00,697,SB11,19.0,300000000.0,notional_at_entry,long,18929.0,long,802402219.2000002,0
2016-06-08 00:00:00+00:00,698,SB11,19.61,300000000.0,notional_at_entry,long,18929.0,long,815334512.0000001,0
2016-06-09 00:00:00+00:00,699,SB11,19.74,300000000.0,notional_at_entry,long,18929.0,long,818090574.4000001,0
2016-06-10 00:00:00+00:00,700,SB11,19.7,300000000.0,notional_at_entry,long,18929.0,long,817242555.2000002,0
2016-06-13 00:00:00+00:00,701,SB11,19.64,300000000.0,notional_at_entry,long,18929.0,long,815970526.4000002,0
2016-06-14 00:00:00+00:00,702,SB11,19.42,300000000.0,notional_at_entry,long,18929.0,long,811306420.8000002,0
2016-06-15 00:00:00+00:00,703,SB11,19.85,300000000.0,notional_at_entry,long,18929.0,long,820422627.2000002,0
2016-06-16 00:00:00+00:00,704,SB11,19.76,300000000.0,notional_at_entry,long,18929.0,long,818514584.0000002,0
2016-06-17 00:00:00+00:00,705,SB11,19.9,300000000.0,notional_at_entry,long,18929.0,long,821482651.2000002,0
2016-06-20 00:00:00+00:00,706,SB11,19.76,300000000.0,notional_at_entry,long,18929.0,long,818514584.0000002,0
2016-06-21 00:00:00+00:00,707,SB11,19.34,300000000.0,notional_at_entry,long,18929.0,long,809610382.4000001,0
2016-06-22 00:00:00+00:00,708,SB11,19.17,300000000.0,notional_at_entry,long,18929.0,long,806006300.8000002,0
2016-06-23 00:00:00+00:00,709,SB11,19.19,300000000.0,notional_at_entry,long,18929.0,long,806430310.4000002,0
2016-06-24 00:00:00+00:00,710,SB11,19.16,300000000.0,notional_at_entry,long,18929.0,long,805794296.0000001,0
2016-06-27 00:00:00+00:00,711,SB11,19.64,300000000.0,notional_at_entry,long,18929.0,long,815970526.4000002,0
2016-06-28 00:00:00+00:00,712,SB11,19.94,300000000.0,notional_at_entry,long,18929.0,long,822330670.4000002,0
2016-06-29 00:00:00+00:00,713,SB11,21.01,300000000.0,notional_at_entry,long,18929.0,long,845015184.0000002,0
2016-06-30 00:00:00+00:00,714,SB11,20.33,300000000.0,notional_at_entry,long,18929.0,long,830598857.6000001,0
2016-07-01 00:00:00+00:00,715,SB11,20.78,300000000.0,notional_at_entry,long,18929.0,long,840139073.6000001,0
2016-07-05 00:00:00+00:00,716,SB11,20.87,300000000.0,notional_at_entry,long,18929.0,long,842047116.8000002,0
2016-07-06 00:00:00+00:00,717,SB11,20.57,300000000.0,notional_at_entry,long,18929.0,long,835686972.8000002,0
2016-07-07 00:00:00+00:00,718,SB11,19.73,-300000000.0,notional_at_entry,short,-13576.0,short,817878569.6000001,1
2016-07-08 00:00:00+00:00,719,SB11,19.57,-300000000.0,notional_at_entry,short,-13576.0,short,820311388.8000002,0
2016-07-11 00:00:00+00:00,720,SB11,20.28,-300000000.0,notional_at_entry,short,-13576.0,short,809515753.6000001,0
2016-07-12 00:00:00+00:00,721,SB11,19.72,-300000000.0,notional_at_entry,short,-13576.0,short,818030620.8000002,0
2016-07-13 00:00:00+00:00,722,SB11,19.48,-300000000.0,notional_at_entry,short,-13576.0,short,821679849.6000001,0
2016-07-14 00:00:00+00:00,723,SB11,19.91,-300000000.0,notional_at_entry,short,-13576.0,short,815141648.0000001,0
2016-07-15 00:00:00+00:00,724,SB11,19.31,-300000000.0,notional_at_entry,short,-13576.0,short,824264720.0000001,0
2016-07-18 00:00:00+00:00,725,SB11,19.37,-300000000.0,notional_at_entry,short,-13576.0,short,823352412.8000002,0
2016-07-19 00:00:00+00:00,726,SB11,19.36,-300000000.0,notional_at_entry,short,-13576.0,short,823504464.0000001,0
2016-07-20 00:00:00+00:00,727,SB11,19.28,-300000000.0,notional_at_entry,short,-13576.0,short,824720873.6000001,0
2016-07-21 00:00:00+00:00,728,SB11,19.56,-300000000.0,notional_at_entry,short,-13576.0,short,820463440.0000001,0
2016-07-22 00:00:00+00:00,729,SB11,19.59,-300000000.0,notional_at_entry,short,-13576.0,short,820007286.4000001,0
2016-07-25 00:00:00+00:00,730,SB11,19.89,-300000000.0,notional_at_entry,short,-13576.0,short,815445750.4000001,0
2016-07-26 00:00:00+00:00,731,SB11,19.52,-300000000.0,notional_at_entry,short,-13576.0,short,821071644.8000002,0
2016-07-27 00:00:00+00:00,732,SB11,19.1,-300000000.0,notional_at_entry,short,-13576.0,short,827457795.2000002,0
2016-07-28 00:00:00+00:00,733,SB11,18.8,-300000000.0,notional_at_entry,short,-13576.0,short,832019331.2000002,0
2016-07-29 00:00:00+00:00,734,SB11,19.05,-300000000.0,notional_at_entry,short,-13576.0,short,828218051.2000002,0
2016-08-01 00:00:00+00:00,735,SB11,18.81,-300000000.0,notional_at_entry,short,-13576.0,short,831867280.0000001,0
2016-08-02 00:00:00+00:00,736,SB11,19.05,-300000000.0,notional_at_entry,short,-13576.0,short,828218051.2000002,0
2016-08-03 00:00:00+00:00,737,SB11,19.04,300000000.0,notional_at_entry,long,14068.0,long,828370102.4000002,1
2016-08-04 00:00:00+00:00,738,SB11,19.7,300000000.0,notional_at_entry,long,14068.0,long,838769168.0000002,0
2016-08-05 00:00:00+00:00,739,SB11,20.35,300000000.0,notional_at_entry,long,14068.0,long,849010672.0000002,0
2016-08-08 00:00:00+00:00,740,SB11,20.55,300000000.0,notional_at_entry,long,14068.0,long,852161904.0000002,0
2016-08-09 00:00:00+00:00,741,SB11,20.39,300000000.0,notional_at_entry,long,14068.0,long,849640918.4000002,0
2016-08-10 00:00:00+00:00,742,SB11,19.64,300000000.0,notional_at_entry,long,14068.0,long,837823798.4000002,0
2016-08-11 00:00:00+00:00,743,SB11,19.6,300000000.0,notional_at_entry,long,14068.0,long,837193552.0000002,0
2016-08-12 00:00:00+00:00,744,SB11,19.71,300000000.0,notional_at_entry,long,14068.0,long,838926729.6000003,0
2016-08-15 00:00:00+00:00,745,SB11,19.98,300000000.0,notional_at_entry,long,14068.0,long,843180892.8000002,0
2016-08-16 00:00:00+00:00,746,SB11,20.26,300000000.0,notional_at_entry,long,14068.0,long,847592617.6000003,0
2016-08-17 00:00:00+00:00,747,SB11,19.72,300000000.0,notional_at_entry,long,14068.0,long,839084291.2000002,0
2016-08-18 00:00:00+00:00,748,SB11,19.98,300000000.0,notional_at_entry,long,14068.0,long,843180892.8000002,0
2016-08-19 00:00:00+00:00,749,SB11,19.77,300000000.0,notional_at_entry,long,14068.0,long,839872099.2000002,0
2016-08-22 00:00:00+00:00,750,SB11,20.42,300000000.0,notional_at_entry,long,14068.0,long,850113603.2000003,0
2016-08-23 00:00:00+00:00,751,SB11,20.73,300000000.0,notional_at_entry,long,14068.0,long,854998012.8000002,0
2016-08-24 00:00:00+00:00,752,SB11,20.22,300000000.0,notional_at_entry,long,14068.0,long,846962371.2000002,0
2016-08-25 00:00:00+00:00,753,SB11,20.55,300000000.0,notional_at_entry,long,14068.0,long,852161904.0000002,0
2016-08-26 00:00:00+00:00,754,SB11,20.61,300000000.0,notional_at_entry,long,14068.0,long,853107273.6000003,0
2016-08-29 00:00:00+00:00,755,SB11,20.67,300000000.0,notional_at_entry,long,14068.0,long,854052643.2000003,0
2016-08-30 00:00:00+00:00,756,SB11,20.52,300000000.0,notional_at_entry,long,14068.0,long,851689219.2000002,0
2016-08-31 00:00:00+00:00,757,SB11,20.06,300000000.0,notional_at_entry,long,14068.0,long,844441385.6000003,0
2016-09-01 00:00:00+00:00,758,SB11,19.59,300000000.0,notional_at_entry,long,14068.0,long,837035990.4000002,0
2016-09-02 00:00:00+00:00,759,SB11,20.18,300000000.0,notional_at_entry,long,14068.0,long,846332124.8000002,0
2016-09-06 00:00:00+00:00,760,SB11,20.22,300000000.0,notional_at_entry,long,14068.0,long,846962371.2000002,0
2016-09-07 00:00:00+00:00,761,SB11,20.29,300000000.0,notional_at_entry,long,14068.0,long,848065302.4000002,0
2016-09-08 00:00:00+00:00,762,SB11,20.22,300000000.0,notional_at_entry,long,14068.0,long,846962371.2000002,0
2016-09-09 00:00:00+00:00,763,SB11,19.99,300000000.0,notional_at_entry,long,14068.0,long,843338454.4000002,0
2016-09-12 00:00:00+00:00,764,SB11,20.24,300000000.0,notional_at_entry,long,14068.0,long,847277494.4000002,0
2016-09-13 00:00:00+00:00,765,SB11,20.43,300000000.0,notional_at_entry,long,14068.0,long,850271164.8000002,0
2016-09-14 00:00:00+00:00,766,SB11,20.13,300000000.0,notional_at_entry,long,14068.0,long,845544316.8000002,0
2016-09-15 00:00:00+00:00,767,SB11,21.16,300000000.0,notional_at_entry,long,14068.0,long,861773161.6000003,0
2016-09-16 00:00:00+00:00,768,SB11,22.47,300000000.0,notional_at_entry,long,14068.0,long,882413731.2000002,0
2016-09-19 00:00:00+00:00,769,SB11,22.75,300000000.0,notional_at_entry,long,14068.0,long,886825456.0000002,0
2016-09-20 00:00:00+00:00,770,SB11,22.7,300000000.0,notional_at_entry,long,14068.0,long,886037648.0000002,0
2016-09-21 00:00:00+00:00,771,SB11,22.76,300000000.0,notional_at_entry,long,14068.0,long,886983017.6000003,0
2016-09-22 00:00:00+00:00,772,SB11,22.67,300000000.0,notional_at_entry,long,14068.0,long,885564963.2000003,0
2016-09-23 00:00:00+00:00,773,SB11,22.7,300000000.0,notional_at_entry,long,14068.0,long,886037648.0000002,0
2016-09-26 00:00:00+00:00,774,SB11,23.12,300000000.0,notional_at_entry,long,14068.0,long,892655235.2000003,0
2016-09-27 00:00:00+00:00,775,SB11,23.44,300000000.0,notional_at_entry,long,14068.0,long,897697206.4000002,0
2016-09-28 00:00:00+00:00,776,SB11,23.78,300000000.0,notional_at_entry,long,14068.0,long,903054300.8000002,0
2016-09-29 00:00:00+00:00,777,SB11,23.35,300000000.0,notional_at_entry,long,14068.0,long,896279152.0000002,0
2016-09-30 00:00:00+00:00,778,SB11,23.0,300000000.0,notional_at_entry,long,14068.0,long,890764496.0000002,0
2016-10-03 00:00:00+00:00,779,SB11,22.67,300000000.0,notional_at_entry,long,14068.0,long,885564963.2000003,0
2016-10-04 00:00:00+00:00,780,SB11,23.26,-300000000.0,notional_at_entry,short,-11515.0,short,894861097.6000003,1
2016-10-05 00:00:00+00:00,781,SB11,23.81,-300000000.0,notional_at_entry,short,-11515.0,short,887767857.6000003,0
2016-10-06 00:00:00+00:00,782,SB11,23.11,-300000000.0,notional_at_entry,short,-11515.0,short,896795617.6000003,0
2016-10-07 00:00:00+00:00,783,SB11,23.42,-300000000.0,notional_at_entry,short,-11515.0,short,892797609.6000003,0
2016-10-10 00:00:00+00:00,784,SB11,23.13,-300000000.0,notional_at_entry,short,-11515.0,short,896537681.6000003,0
2016-10-11 00:00:00+00:00,785,SB11,23.29,-300000000.0,notional_at_entry,short,-11515.0,short,894474193.6000003,0
2016-10-12 00:00:00+00:00,786,SB11,23.15,-300000000.0,notional_at_entry,short,-11515.0,short,896279745.6000003,0
2016-10-13 00:00:00+00:00,787,SB11,22.92,-300000000.0,notional_at_entry,short,-11515.0,short,899246009.6000003,0
2016-10-14 00:00:00+00:00,788,SB11,22.91,-300000000.0,notional_at_entry,short,-11515.0,short,899374977.6000003,0
2016-10-17 00:00:00+00:00,789,SB11,23.16,-300000000.0,notional_at_entry,short,-11515.0,short,896150777.6000003,0
2016-10-18 00:00:00+00:00,790,SB11,23.02,-300000000.0,notional_at_entry,short,-11515.0,short,897956329.6000003,0
2016-10-19 00:00:00+00:00,791,SB11,22.95,-300000000.0,notional_at_entry,short,-11515.0,short,898859105.6000003,0
2016-10-20 00:00:00+00:00,792,SB11,22.62,-300000000.0,notional_at_entry,short,-11515.0,short,903115049.6000003,0
2016-10-21 00:00:00+00:00,793,SB11,22.71,-300000000.0,notional_at_entry,short,-11515.0,short,901954337.6000003,0
2016-10-24 00:00:00+00:00,794,SB11,23.2,-300000000.0,notional_at_entry,short,-11515.0,short,895634905.6000003,0
2016-10-25 00:00:00+00:00,795,SB11,22.93,-300000000.0,notional_at_entry,short,-11515.0,short,899117041.6000003,0
2016-10-26 00:00:00+00:00,796,SB11,22.67,-300000000.0,notional_at_entry,short,-11515.0,short,902470209.6000003,0
2016-10-27 00:00:00+00:00,797,SB11,22.59,-300000000.0,notional_at_entry,short,-11515.0,short,903501953.6000003,0
2016-10-28 00:00:00+00:00,798,SB11,22.16,-300000000.0,notional_at_entry,short,-11515.0,short,909047577.6000003,0
2016-10-31 00:00:00+00:00,799,SB11,21.57,-300000000.0,notional_at_entry,short,-11515.0,short,916656689.6000003,0
2016-11-01 00:00:00+00:00,800,SB11,21.19,-300000000.0,notional_at_entry,short,-11515.0,short,921557473.6000003,0
2016-11-02 00:00:00+00:00,801,SB11,21.7,-300000000.0,notional_at_entry,short,-11515.0,short,914980105.6000003,0
2016-11-03 00:00:00+00:00,802,SB11,21.48,-300000000.0,notional_at_entry,short,-11515.0,short,917817401.6000003,0
2016-11-04 00:00:00+00:00,803,SB11,21.73,-300000000.0,notional_at_entry,short,-11515.0,short,914593201.6000003,0
2016-11-07 00:00:00+00:00,804,SB11,22.27,-300000000.0,notional_at_entry,short,-11515.0,short,907628929.6000003,0
2016-11-08 00:00:00+00:00,805,SB11,21.97,-300000000.0,notional_at_entry,short,-11515.0,short,911497969.6000003,0
2016-11-09 00:00:00+00:00,806,SB11,22.11,-300000000.0,notional_at_entry,short,-11515.0,short,909692417.6000003,0
2016-11-10 00:00:00+00:00,807,SB11,21.65,-300000000.0,notional_at_entry,short,-11515.0,short,915624945.6000003,0
2016-11-11 00:00:00+00:00,808,SB11,21.7,-300000000.0,notional_at_entry,short,-11515.0,short,914980105.6000003,0
2016-11-14 00:00:00+00:00,809,SB11,21.63,-300000000.0,notional_at_entry,short,-11515.0,short,915882881.6000003,0
2016-11-15 00:00:00+00:00,810,SB11,21.15,-300000000.0,notional_at_entry,short,-11515.0,short,922073345.6000003,0
2016-11-16 00:00:00+00:00,811,SB11,20.36,-300000000.0,notional_at_entry,short,-11515.0,short,932261817.6000003,0
2016-11-17 00:00:00+00:00,812,SB11,20.22,-300000000.0,notional_at_entry,short,-11515.0,short,934067369.6000003,0
2016-11-18 00:00:00+00:00,813,SB11,20.15,-300000000.0,notional_at_entry,short,-11515.0,short,934970145.6000003,0
2016-11-21 00:00:00+00:00,814,SB11,20.35,-300000000.0,notional_at_entry,short,-11515.0,short,932390785.6000003,0
2016-11-22 00:00:00+00:00,815,SB11,19.75,-300000000.0,notional_at_entry,short,-11515.0,short,940128865.6000003,0
2016-11-23 00:00:00+00:00,816,SB11,19.58,-300000000.0,notional_at_entry,short,-11515.0,short,942321321.6000003,0
2016-11-25 00:00:00+00:00,817,SB11,19.84,-300000000.0,notional_at_entry,short,-11515.0,short,938968153.6000003,0
2016-11-28 00:00:00+00:00,818,SB11,19.94,-300000000.0,notional_at_entry,short,-11515.0,short,937678473.6000003,0
2016-11-29 00:00:00+00:00,819,SB11,19.66,-300000000.0,notional_at_entry,short,-11515.0,short,941289577.6000003,0
2016-11-30 00:00:00+00:00,820,SB11,19.81,-300000000.0,notional_at_entry,short,-11515.0,short,939355057.6000003,0
2016-12-01 00:00:00+00:00,821,SB11,19.36,-300000000.0,notional_at_entry,short,-11515.0,short,945158617.6000003,0
2016-12-02 00:00:00+00:00,822,SB11,19.12,-300000000.0,notional_at_entry,short,-11515.0,short,948253849.6000003,0
2016-12-05 00:00:00+00:00,823,SB11,18.94,-300000000.0,notional_at_entry,short,-11515.0,short,950575273.6000003,0
2016-12-06 00:00:00+00:00,824,SB11,19.51,-300000000.0,notional_at_entry,short,-11515.0,short,943224097.6000003,0
2016-12-07 00:00:00+00:00,825,SB11,19.63,-300000000.0,notional_at_entry,short,-11515.0,short,941676481.6000003,0
2016-12-08 00:00:00+00:00,826,SB11,19.45,-300000000.0,notional_at_entry,short,-11515.0,short,943997905.6000003,0
2016-12-09 00:00:00+00:00,827,SB11,19.24,-300000000.0,notional_at_entry,short,-11515.0,short,946706233.6000003,0
2016-12-12 00:00:00+00:00,828,SB11,19.25,-300000000.0,notional_at_entry,short,-11515.0,short,946577265.6000003,0
2016-12-13 00:00:00+00:00,829,SB11,18.6,-300000000.0,notional_at_entry,short,-11515.0,short,954960185.6000003,0
2016-12-14 00:00:00+00:00,830,SB11,18.03,-300000000.0,notional_at_entry,short,-11515.0,short,962311361.6000003,0
2016-12-15 00:00:00+00:00,831,SB11,18.56,-300000000.0,notional_at_entry,short,-11515.0,short,955476057.6000003,0
2016-12-16 00:00:00+00:00,832,SB11,18.22,-300000000.0,notional_at_entry,short,-11515.0,short,959860969.6000003,0
2016-12-19 00:00:00+00:00,833,SB11,18.23,-300000000.0,notional_at_entry,short,-11515.0,short,959732001.6000003,0
2016-12-20 00:00:00+00:00,834,SB11,18.25,-300000000.0,notional_at_entry,short,-11515.0,short,959474065.6000003,0
2016-12-21 00:00:00+00:00,835,SB11,18.2,-300000000.0,notional_at_entry,short,-11515.0,short,960118905.6000003,0
2016-12-22 00:00:00+00:00,836,SB11,18.16,-300000000.0,notional_at_entry,short,-11515.0,short,960634777.6000003,0
2016-12-23 00:00:00+00:00,837,SB11,18.15,-300000000.0,notional_at_entry,short,-11515.0,short,960763745.6000003,0
2016-12-27 00:00:00+00:00,838,SB11,18.54,-300000000.0,notional_at_entry,short,-11515.0,short,955733993.6000003,0
2016-12-28 00:00:00+00:00,839,SB11,18.99,-300000000.0,notional_at_entry,short,-11515.0,short,949930433.6000003,0
2016-12-29 00:00:00+00:00,840,SB11,19.49,-300000000.0,notional_at_entry,short,-11515.0,short,943482033.6000003,0
2016-12-30 00:00:00+00:00,841,SB11,19.51,-300000000.0,notional_at_entry,short,-11515.0,short,943224097.6000003,0
2017-01-03 00:00:00+00:00,842,SB11,20.51,-300000000.0,notional_at_entry,short,-11515.0,short,930327297.6000003,0
2017-01-04 00:00:00+00:00,843,SB11,20.89,-300000000.0,notional_at_entry,short,-11515.0,short,925426513.6000003,0
2017-01-05 00:00:00+00:00,844,SB11,20.78,-300000000.0,notional_at_entry,short,-11515.0,short,926845161.6000003,0
2017-01-06 00:00:00+00:00,845,SB11,20.75,-300000000.0,notional_at_entry,short,-11515.0,short,927232065.6000003,0
2017-01-09 00:00:00+00:00,846,SB11,20.42,-300000000.0,notional_at_entry,short,-11515.0,short,931488009.6000003,0
2017-01-10 00:00:00+00:00,847,SB11,20.48,-300000000.0,notional_at_entry,short,-11515.0,short,930714201.6000003,0
2017-01-11 00:00:00+00:00,848,SB11,20.56,-300000000.0,notional_at_entry,short,-11515.0,short,929682457.6000003,0
2017-01-12 00:00:00+00:00,849,SB11,20.76,-300000000.0,notional_at_entry,short,-11515.0,short,927103097.6000003,0
2017-01-13 00:00:00+00:00,850,SB11,20.52,-300000000.0,notional_at_entry,short,-11515.0,short,930198329.6000003,0
2017-01-17 00:00:00+00:00,851,SB11,20.73,-300000000.0,notional_at_entry,short,-11515.0,short,927490001.6000003,0
2017-01-18 00:00:00+00:00,852,SB11,20.98,-300000000.0,notional_at_entry,short,-11515.0,short,924265801.6000003,0
2017-01-19 00:00:00+00:00,853,SB11,20.18,-300000000.0,notional_at_entry,short,-11515.0,short,934583241.6000003,0
2017-01-20 00:00:00+00:00,854,SB11,20.18,-300000000.0,notional_at_entry,short,-11515.0,short,934583241.6000003,0
2017-01-23 00:00:00+00:00,855,SB11,20.64,-300000000.0,notional_at_entry,short,-11515.0,short,928650713.6000003,0
2017-01-24 00:00:00+00:00,856,SB11,20.58,-300000000.0,notional_at_entry,short,-11515.0,short,929424521.6000003,0
2017-01-25 00:00:00+00:00,857,SB11,20.34,-300000000.0,notional_at_entry,short,-11515.0,short,932519753.6000003,0
2017-01-26 00:00:00+00:00,858,SB11,20.36,-300000000.0,notional_at_entry,short,-11515.0,short,932261817.6000003,0
2017-01-27 00:00:00+00:00,859,SB11,20.33,-300000000.0,notional_at_entry,short,-11515.0,short,932648721.6000003,0
2017-01-30 00:00:00+00:00,860,SB11,20.31,-300000000.0,notional_at_entry,short,-11515.0,short,932906657.6000003,0
2017-01-31 00:00:00+00:00,861,SB11,20.45,-300000000.0,notional_at_entry,short,-11515.0,short,931101105.6000003,0
2017-02-01 00:00:00+00:00,862,SB11,20.84,-300000000.0,notional_at_entry,short,-11515.0,short,926071353.6000003,0
2017-02-02 00:00:00+00:00,863,SB11,20.55,-300000000.0,notional_at_entry,short,-11515.0,short,929811425.6000003,0
2017-02-03 00:00:00+00:00,864,SB11,21.11,-300000000.0,notional_at_entry,short,-11515.0,short,922589217.6000003,0
2017-02-06 00:00:00+00:00,865,SB11,21.18,-300000000.0,notional_at_entry,short,-11515.0,short,921686441.6000003,0
2017-02-07 00:00:00+00:00,866,SB11,20.72,-300000000.0,notional_at_entry,short,-11515.0,short,927618969.6000003,0
2017-02-08 00:00:00+00:00,867,SB11,20.76,-300000000.0,notional_at_entry,short,-11515.0,short,927103097.6000003,0
2017-02-09 00:00:00+00:00,868,SB11,20.65,-300000000.0,notional_at_entry,short,-11515.0,short,928521745.6000003,0
2017-02-10 00:00:00+00:00,869,SB11,20.42,-300000000.0,notional_at_entry,short,-11515.0,short,931488009.6000003,0
2017-02-13 00:00:00+00:00,870,SB11,20.0,-300000000.0,notional_at_entry,short,-11515.0,short,936904665.6000003,0
2017-02-14 00:00:00+00:00,871,SB11,20.47,-300000000.0,notional_at_entry,short,-11515.0,short,930843169.6000003,0
2017-02-15 00:00:00+00:00,872,SB11,20.48,-300000000.0,notional_at_entry,short,-11515.0,short,930714201.6000003,0
2017-02-16 00:00:00+00:00,873,SB11,20.3,-300000000.0,notional_at_entry,short,-11515.0,short,933035625.6000003,0
2017-02-17 00:00:00+00:00,874,SB11,20.26,-300000000.0,notional_at_entry,short,-11515.0,short,933551497.6000003,0
2017-02-21 00:00:00+00:00,875,SB11,20.74,-300000000.0,notional_at_entry,short,-11515.0,short,927361033.6000003,0
2017-02-22 00:00:00+00:00,876,SB11,20.68,-300000000.0,notional_at_entry,short,-11515.0,short,928134841.6000003,0
2017-02-23 00:00:00+00:00,877,SB11,20.13,-300000000.0,notional_at_entry,short,-11515.0,short,935228081.6000003,0
2017-02-24 00:00:00+00:00,878,SB11,19.81,-300000000.0,notional_at_entry,short,-11515.0,short,939355057.6000003,0
2017-02-27 00:00:00+00:00,879,SB11,19.15,-300000000.0,notional_at_entry,short,-11515.0,short,947866945.6000003,0
2017-02-28 00:00:00+00:00,880,SB11,19.23,-300000000.0,notional_at_entry,short,-11515.0,short,946835201.6000003,0
2017-03-01 00:00:00+00:00,881,SB11,19.48,-300000000.0,notional_at_entry,short,-11515.0,short,943611001.6000003,0
2017-03-02 00:00:00+00:00,882,SB11,19.66,-300000000.0,notional_at_entry,short,-11515.0,short,941289577.6000003,0
2017-03-03 00:00:00+00:00,883,SB11,19.52,-300000000.0,notional_at_entry,short,-11515.0,short,943095129.6000003,0
2017-03-06 00:00:00+00:00,884,SB11,19.15,-300000000.0,notional_at_entry,short,-11515.0,short,947866945.6000003,0
2017-03-07 00:00:00+00:00,885,SB11,18.4,-300000000.0,notional_at_entry,short,-11515.0,short,957539545.6000003,0
2017-03-08 00:00:00+00:00,886,SB11,18.4,-300000000.0,notional_at_entry,short,-11515.0,short,957539545.6000003,0
2017-03-09 00:00:00+00:00,887,SB11,18.0,-300000000.0,notional_at_entry,short,-11515.0,short,962698265.6000003,0
2017-03-10 00:00:00+00:00,888,SB11,18.22,-300000000.0,notional_at_entry,short,-11515.0,short,959860969.6000003,0
2017-03-13 00:00:00+00:00,889,SB11,18.18,-300000000.0,notional_at_entry,short,-11515.0,short,960376841.6000003,0
2017-03-14 00:00:00+00:00,890,SB11,18.16,-300000000.0,notional_at_entry,short,-11515.0,short,960634777.6000003,0
2017-03-15 00:00:00+00:00,891,SB11,18.23,-300000000.0,notional_at_entry,short,-11515.0,short,959732001.6000003,0
2017-03-16 00:00:00+00:00,892,SB11,18.25,-300000000.0,notional_at_entry,short,-11515.0,short,959474065.6000003,0
2017-03-17 00:00:00+00:00,893,SB11,18.17,-300000000.0,notional_at_entry,short,-11515.0,short,960505809.6000003,0
2017-03-20 00:00:00+00:00,894,SB11,17.7,-300000000.0,notional_at_entry,short,-11515.0,short,966567305.6000003,0
2017-03-21 00:00:00+00:00,895,SB11,17.29,-300000000.0,notional_at_entry,short,-11515.0,short,971854993.6000003,0
2017-03-22 00:00:00+00:00,896,SB11,17.3,-300000000.0,notional_at_entry,short,-11515.0,short,971726025.6000003,0
2017-03-23 00:00:00+00:00,897,SB11,17.6,-300000000.0,notional_at_entry,short,-11515.0,short,967856985.6000003,0
2017-03-24 00:00:00+00:00,898,SB11,17.71,-300000000.0,notional_at_entry,short,-11515.0,short,966438337.6000003,0
2017-03-27 00:00:00+00:00,899,SB11,17.7,-300000000.0,notional_at_entry,short,-11515.0,short,966567305.6000003,0
2017-03-28 00:00:00+00:00,900,SB11,17.56,-300000000.0,notional_at_entry,short,-11515.0,short,968372857.6000003,0
2017-03-29 00:00:00+00:00,901,SB11,17.12,-300000000.0,notional_at_entry,short,-11515.0,short,974047449.6000003,0
2017-03-30 00:00:00+00:00,902,SB11,16.81,-300000000.0,notional_at_entry,short,-11515.0,short,978045457.6000003,0
2017-03-31 00:00:00+00:00,903,SB11,16.76,-300000000.0,notional_at_entry,short,-11515.0,short,978690297.6000003,0
2017-04-03 00:00:00+00:00,904,SB11,16.54,-300000000.0,notional_at_entry,short,-11515.0,short,981527593.6000003,0
2017-04-04 00:00:00+00:00,905,SB11,16.16,-300000000.0,notional_at_entry,short,-11515.0,short,986428377.6000003,0
2017-04-05 00:00:00+00:00,906,SB11,16.1,-300000000.0,notional_at_entry,short,-11515.0,short,987202185.6000003,0
2017-04-06 00:00:00+00:00,907,SB11,16.45,-300000000.0,notional_at_entry,short,-11515.0,short,982688305.6000003,0
2017-04-07 00:00:00+00:00,908,SB11,16.77,-300000000.0,notional_at_entry,short,-11515.0,short,978561329.6000003,0
2017-04-10 00:00:00+00:00,909,SB11,16.63,-300000000.0,notional_at_entry,short,-11515.0,short,980366881.6000003,0
2017-04-11 00:00:00+00:00,910,SB11,16.72,-300000000.0,notional_at_entry,short,-11515.0,short,979206169.6000003,0
2017-04-12 00:00:00+00:00,911,SB11,16.7,-300000000.0,notional_at_entry,short,-11515.0,short,979464105.6000003,0
2017-04-13 00:00:00+00:00,912,SB11,16.57,-300000000.0,notional_at_entry,short,-11515.0,short,981140689.6000003,0
2017-04-17 00:00:00+00:00,913,SB11,16.52,-300000000.0,notional_at_entry,short,-11515.0,short,981785529.6000003,0
2017-04-18 00:00:00+00:00,914,SB11,16.83,-300000000.0,notional_at_entry,short,-11515.0,short,977787521.6000003,0
2017-04-19 00:00:00+00:00,915,SB11,16.52,-300000000.0,notional_at_entry,short,-11515.0,short,981785529.6000003,0
2017-04-20 00:00:00+00:00,916,SB11,16.41,-300000000.0,notional_at_entry,short,-11515.0,short,983204177.6000003,0
2017-04-21 00:00:00+00:00,917,SB11,16.51,-300000000.0,notional_at_entry,short,-11515.0,short,981914497.6000003,0
2017-04-24 00:00:00+00:00,918,SB11,16.32,-300000000.0,notional_at_entry,short,-11515.0,short,984364889.6000003,0
2017-04-25 00:00:00+00:00,919,SB11,16.28,-300000000.0,notional_at_entry,short,-11515.0,short,984880761.6000003,0
2017-04-26 00:00:00+00:00,920,SB11,15.57,-300000000.0,notional_at_entry,short,-11515.0,short,994037489.6000003,0
2017-04-27 00:00:00+00:00,921,SB11,15.43,-300000000.0,notional_at_entry,short,-11515.0,short,995843041.6000003,0
2017-04-28 00:00:00+00:00,922,SB11,16.13,-300000000.0,notional_at_entry,short,-11515.0,short,986815281.6000003,0
2017-05-01 00:00:00+00:00,923,SB11,16.18,-300000000.0,notional_at_entry,short,-11515.0,short,986170441.6000003,0
2017-05-02 00:00:00+00:00,924,SB11,15.88,-300000000.0,notional_at_entry,short,-11515.0,short,990039481.6000003,0
2017-05-03 00:00:00+00:00,925,SB11,15.77,-300000000.0,notional_at_entry,short,-11515.0,short,991458129.6000003,0
2017-05-04 00:00:00+00:00,926,SB11,15.37,-300000000.0,notional_at_entry,short,-11515.0,short,996616849.6000003,0
2017-05-05 00:00:00+00:00,927,SB11,15.31,-300000000.0,notional_at_entry,short,-11515.0,short,997390657.6000003,0
2017-05-08 00:00:00+00:00,928,SB11,15.38,-300000000.0,notional_at_entry,short,-11515.0,short,996487881.6000003,0
2017-05-09 00:00:00+00:00,929,SB11,15.44,-300000000.0,notional_at_entry,short,-11515.0,short,995714073.6000003,0
2017-05-10 00:00:00+00:00,930,SB11,15.84,-300000000.0,notional_at_entry,short,-11515.0,short,990555353.6000003,0
2017-05-11 00:00:00+00:00,931,SB11,15.63,-300000000.0,notional_at_entry,short,-11515.0,short,993263681.6000003,0
2017-05-12 00:00:00+00:00,932,SB11,15.51,-300000000.0,notional_at_entry,short,-11515.0,short,994811297.6000003,0
2017-05-15 00:00:00+00:00,933,SB11,15.61,-300000000.0,notional_at_entry,short,-11515.0,short,993521617.6000003,0
2017-05-16 00:00:00+00:00,934,SB11,15.88,-300000000.0,notional_at_entry,short,-11515.0,short,990039481.6000003,0
2017-05-17 00:00:00+00:00,935,SB11,16.3,-300000000.0,notional_at_entry,short,-11515.0,short,984622825.6000003,0
2017-05-18 00:00:00+00:00,936,SB11,16.03,-300000000.0,notional_at_entry,short,-11515.0,short,988104961.6000003,0
2017-05-19 00:00:00+00:00,937,SB11,16.38,-300000000.0,notional_at_entry,short,-11515.0,short,983591081.6000003,0
2017-05-22 00:00:00+00:00,938,SB11,16.51,-300000000.0,notional_at_entry,short,-11515.0,short,981914497.6000003,0
2017-05-23 00:00:00+00:00,939,SB11,15.87,-300000000.0,notional_at_entry,short,-11515.0,short,990168449.6000003,0
2017-05-24 00:00:00+00:00,940,SB11,15.67,-300000000.0,notional_at_entry,short,-11515.0,short,992747809.6000003,0
2017-05-25 00:00:00+00:00,941,SB11,15.66,-300000000.0,notional_at_entry,short,-11515.0,short,992876777.6000003,0
2017-05-26 00:00:00+00:00,942,SB11,15.05,-300000000.0,notional_at_entry,short,-11515.0,short,1000743825.6000003,0
2017-05-30 00:00:00+00:00,943,SB11,15.02,-300000000.0,notional_at_entry,short,-11515.0,short,1001130729.6000003,0
2017-05-31 00:00:00+00:00,944,SB11,14.87,-300000000.0,notional_at_entry,short,-11515.0,short,1003065249.6000003,0
2017-06-01 00:00:00+00:00,945,SB11,14.23,-300000000.0,notional_at_entry,short,-11515.0,short,1011319201.6000003,0
2017-06-02 00:00:00+00:00,946,SB11,13.74,-300000000.0,notional_at_entry,short,-11515.0,short,1017638633.6000003,0
2017-06-05 00:00:00+00:00,947,SB11,13.89,-300000000.0,notional_at_entry,short,-11515.0,short,1015704113.6000003,0
2017-06-06 00:00:00+00:00,948,SB11,13.98,-300000000.0,notional_at_entry,short,-11515.0,short,1014543401.6000003,0
2017-06-07 00:00:00+00:00,949,SB11,14.14,-300000000.0,notional_at_entry,short,-11515.0,short,1012479913.6000003,0
2017-06-08 00:00:00+00:00,950,SB11,14.34,-300000000.0,notional_at_entry,short,-11515.0,short,1009900553.6000003,0
2017-06-09 00:00:00+00:00,951,SB11,14.27,-300000000.0,notional_at_entry,short,-11515.0,short,1010803329.6000003,0
2017-06-12 00:00:00+00:00,952,SB11,14.02,-300000000.0,notional_at_entry,short,-11515.0,short,1014027529.6000003,0
2017-06-13 00:00:00+00:00,953,SB11,13.79,-300000000.0,notional_at_entry,short,-11515.0,short,1016993793.6000003,0
2017-06-14 00:00:00+00:00,954,SB11,13.62,-300000000.0,notional_at_entry,short,-11515.0,short,1019186249.6000003,0
2017-06-15 00:00:00+00:00,955,SB11,13.47,-300000000.0,notional_at_entry,short,-11515.0,short,1021120769.6000003,0
2017-06-16 00:00:00+00:00,956,SB11,13.63,-300000000.0,notional_at_entry,short,-11515.0,short,1019057281.6000003,0
2017-06-19 00:00:00+00:00,957,SB11,13.67,-300000000.0,notional_at_entry,short,-11515.0,short,1018541409.6000003,0
2017-06-20 00:00:00+00:00,958,SB11,13.82,-300000000.0,notional_at_entry,short,-11515.0,short,1016606889.6000003,0
2017-06-21 00:00:00+00:00,959,SB11,13.26,-300000000.0,notional_at_entry,short,-11515.0,short,1023829097.6000003,0
2017-06-22 00:00:00+00:00,960,SB11,13.06,-300000000.0,notional_at_entry,short,-11515.0,short,1026408457.6000003,0
2017-06-23 00:00:00+00:00,961,SB11,13.17,-300000000.0,notional_at_entry,short,-11515.0,short,1024989809.6000003,0
2017-06-26 00:00:00+00:00,962,SB11,12.85,-300000000.0,notional_at_entry,short,-11515.0,short,1029116785.6000003,0
2017-06-27 00:00:00+00:00,963,SB11,12.89,-300000000.0,notional_at_entry,short,-11515.0,short,1028600913.6000003,0
2017-06-28 00:00:00+00:00,964,SB11,12.76,-300000000.0,notional_at_entry,short,-11515.0,short,1030277497.6000003,0
2017-06-29 00:00:00+00:00,965,SB11,13.5,-300000000.0,notional_at_entry,short,-11515.0,short,1020733865.6000003,0
2017-06-30 00:00:00+00:00,966,SB11,13.81,300000000.0,notional_at_entry,long,19395.0,long,1016735857.6000003,1
2017-07-03 00:00:00+00:00,967,SB11,13.92,300000000.0,notional_at_entry,long,19395.0,long,1019125321.6000003,0
2017-07-05 00:00:00+00:00,968,SB11,13.72,300000000.0,notional_at_entry,long,19395.0,long,1014780841.6000003,0
2017-07-06 00:00:00+00:00,969,SB11,13.92,300000000.0,notional_at_entry,long,19395.0,long,1019125321.6000003,0
2017-07-07 00:00:00+00:00,970,SB11,14.15,300000000.0,notional_at_entry,long,19395.0,long,1024121473.6000003,0
2017-07-10 00:00:00+00:00,971,SB11,13.56,300000000.0,notional_at_entry,long,19395.0,long,1011305257.6000003,0
2017-07-11 00:00:00+00:00,972,SB11,13.44,300000000.0,notional_at_entry,long,19395.0,long,1008698569.6000003,0
2017-07-12 00:00:00+00:00,973,SB11,13.49,300000000.0,notional_at_entry,long,19395.0,long,1009784689.6000003,0
2017-07-13 00:00:00+00:00,974,SB11,14.14,300000000.0,notional_at_entry,long,19395.0,long,1023904249.6000003,0
2017-07-14 00:00:00+00:00,975,SB11,14.3,300000000.0,notional_at_entry,long,19395.0,long,1027379833.6000003,0
2017-07-17 00:00:00+00:00,976,SB11,14.09,300000000.0,notional_at_entry,long,19395.0,long,1022818129.6000003,0
2017-07-18 00:00:00+00:00,977,SB11,14.1,300000000.0,notional_at_entry,long,19395.0,long,1023035353.6000003,0
2017-07-19 00:00:00+00:00,978,SB11,14.5,300000000.0,notional_at_entry,long,19395.0,long,1031724313.6000003,0
2017-07-20 00:00:00+00:00,979,SB11,14.41,300000000.0,notional_at_entry,long,19395.0,long,1029769297.6000003,0
2017-07-21 00:00:00+00:00,980,SB11,14.4,300000000.0,notional_at_entry,long,19395.0,long,1029552073.6000003,0
2017-07-24 00:00:00+00:00,981,SB11,14.4,300000000.0,notional_at_entry,long,19395.0,long,1029552073.6000003,0
2017-07-25 00:00:00+00:00,982,SB11,13.9,300000000.0,notional_at_entry,long,19395.0,long,1018690873.6000003,0
2017-07-26 00:00:00+00:00,983,SB11,14.23,300000000.0,notional_at_entry,long,19395.0,long,1025859265.6000003,0
2017-07-27 00:00:00+00:00,984,SB11,14.43,300000000.0,notional_at_entry,long,19395.0,long,1030203745.6000003,0
2017-07-28 00:00:00+00:00,985,SB11,14.37,300000000.0,notional_at_entry,long,19395.0,long,1028900401.6000003,0
2017-07-31 00:00:00+00:00,986,SB11,14.91,300000000.0,notional_at_entry,long,19395.0,long,1040630497.6000003,0
2017-08-01 00:00:00+00:00,987,SB11,14.88,300000000.0,notional_at_entry,long,19395.0,long,1039978825.6000003,0
2017-08-02 00:00:00+00:00,988,SB11,14.79,300000000.0,notional_at_entry,long,19395.0,long,1038023809.6000003,0
2017-08-03 00:00:00+00:00,989,SB11,14.31,-300000000.0,notional_at_entry,short,-18718.0,short,1027597057.6000003,1
2017-08-04 00:00:00+00:00,990,SB11,14.14,-300000000.0,notional_at_entry,short,-18718.0,short,1031160964.8000003,0
2017-08-07 00:00:00+00:00,991,SB11,13.87,-300000000.0,notional_at_entry,short,-18718.0,short,1036821288.0000002,0
2017-08-08 00:00:00+00:00,992,SB11,13.78,-300000000.0,notional_at_entry,short,-18718.0,short,1038708062.4000003,0
2017-08-09 00:00:00+00:00,993,SB11,13.64,-300000000.0,notional_at_entry,short,-18718.0,short,1041643044.8000003,0
2017-08-10 00:00:00+00:00,994,SB11,13.24,-300000000.0,notional_at_entry,short,-18718.0,short,1050028708.8000003,0
2017-08-11 00:00:00+00:00,995,SB11,13.2,-300000000.0,notional_at_entry,short,-18718.0,short,1050867275.2000003,0
2017-08-14 00:00:00+00:00,996,SB11,13.5,-300000000.0,notional_at_entry,short,-18718.0,short,1044578027.2000003,0
2017-08-15 00:00:00+00:00,997,SB11,13.13,300000000.0,notional_at_entry,long,20400.0,long,1052334766.4000002,1
2017-08-16 00:00:00+00:00,998,SB11,12.94,300000000.0,notional_at_entry,long,20400.0,long,1047993646.4000002,0
2017-08-17 00:00:00+00:00,999,SB11,13.29,300000000.0,notional_at_entry,long,20400.0,long,1055990446.4000002,0
2017-08-18 00:00:00+00:00,1000,SB11,13.41,300000000.0,notional_at_entry,long,20400.0,long,1058732206.4000002,0
2017-08-21 00:00:00+00:00,1001,SB11,13.52,300000000.0,notional_at_entry,long,20400.0,long,1061245486.4000002,0
2017-08-22 00:00:00+00:00,1002,SB11,13.51,300000000.0,notional_at_entry,long,20400.0,long,1061017006.4000002,0
2017-08-23 00:00:00+00:00,1003,SB11,13.67,300000000.0,notional_at_entry,long,20400.0,long,1064672686.4000002,0
2017-08-24 00:00:00+00:00,1004,SB11,14.02,300000000.0,notional_at_entry,long,20400.0,long,1072669486.4000002,0
2017-08-25 00:00:00+00:00,1005,SB11,14.03,300000000.0,notional_at_entry,long,20400.0,long,1072897966.4000002,0
2017-08-28 00:00:00+00:00,1006,SB11,14.31,300000000.0,notional_at_entry,long,20400.0,long,1079295406.4,0
2017-08-29 00:00:00+00:00,1007,SB11,13.82,300000000.0,notional_at_entry,long,20400.0,long,1068099886.4000002,0
2017-08-30 00:00:00+00:00,1008,SB11,13.91,300000000.0,notional_at_entry,long,20400.0,long,1070156206.4000002,0
2017-08-31 00:00:00+00:00,1009,SB11,14.4,300000000.0,notional_at_entry,long,20400.0,long,1081351726.4,0
2017-09-01 00:00:00+00:00,1010,SB11,13.75,300000000.0,notional_at_entry,long,20400.0,long,1066500526.4000002,0
2017-09-05 00:00:00+00:00,1011,SB11,14.03,300000000.0,notional_at_entry,long,20400.0,long,1072897966.4000002,0
2017-09-06 00:00:00+00:00,1012,SB11,14.29,300000000.0,notional_at_entry,long,20400.0,long,1078838446.4,0
2017-09-07 00:00:00+00:00,1013,SB11,14.03,300000000.0,notional_at_entry,long,20400.0,long,1072897966.4000002,0
2017-09-08 00:00:00+00:00,1014,SB11,14.09,300000000.0,notional_at_entry,long,20400.0,long,1074268846.4,0
2017-09-11 00:00:00+00:00,1015,SB11,14.29,300000000.0,notional_at_entry,long,20400.0,long,1078838446.4,0
2017-09-12 00:00:00+00:00,1016,SB11,14.02,300000000.0,notional_at_entry,long,20400.0,long,1072669486.4000002,0
2017-09-13 00:00:00+00:00,1017,SB11,14.33,300000000.0,notional_at_entry,long,20400.0,long,1079752366.4,0
2017-09-14 00:00:00+00:00,1018,SB11,14.27,300000000.0,notional_at_entry,long,20400.0,long,1078381486.4,0
2017-09-15 00:00:00+00:00,1019,SB11,15.17,300000000.0,notional_at_entry,long,20400.0,long,1098944686.4,0
2017-09-18 00:00:00+00:00,1020,SB11,14.92,300000000.0,notional_at_entry,long,20400.0,long,1093232686.4,0
2017-09-19 00:00:00+00:00,1021,SB11,14.37,300000000.0,notional_at_entry,long,20400.0,long,1080666286.4,0
2017-09-20 00:00:00+00:00,1022,SB11,14.7,300000000.0,notional_at_entry,long,20400.0,long,1088206126.4,0
2017-09-21 00:00:00+00:00,1023,SB11,14.73,300000000.0,notional_at_entry,long,20400.0,long,1088891566.4,0
2017-09-22 00:00:00+00:00,1024,SB11,14.64,300000000.0,notional_at_entry,long,20400.0,long,1086835246.4,0
2017-09-25 00:00:00+00:00,1025,SB11,14.35,300000000.0,notional_at_entry,long,20400.0,long,1080209326.4,0
2017-09-26 00:00:00+00:00,1026,SB11,13.91,300000000.0,notional_at_entry,long,20400.0,long,1070156206.4000002,0
2017-09-27 00:00:00+00:00,1027,SB11,13.83,300000000.0,notional_at_entry,long,20400.0,long,1068328366.4000002,0
2017-09-28 00:00:00+00:00,1028,SB11,13.95,300000000.0,notional_at_entry,long,20400.0,long,1071070126.4000002,0
2017-09-29 00:00:00+00:00,1029,SB11,14.1,300000000.0,notional_at_entry,long,20400.0,long,1074497326.4,0
2017-10-02 00:00:00+00:00,1030,SB11,14.31,300000000.0,notional_at_entry,long,20400.0,long,1079295406.4,0
2017-10-03 00:00:00+00:00,1031,SB11,14.04,300000000.0,notional_at_entry,long,20400.0,long,1073126446.4000002,0
2017-10-04 00:00:00+00:00,1032,SB11,14.25,300000000.0,notional_at_entry,long,20400.0,long,1077924526.4,0
2017-10-05 00:00:00+00:00,1033,SB11,14.39,300000000.0,notional_at_entry,long,20400.0,long,1081123246.4,0
2017-10-06 00:00:00+00:00,1034,SB11,13.98,300000000.0,notional_at_entry,long,20400.0,long,1071755566.4000002,0
2017-10-09 00:00:00+00:00,1035,SB11,14.0,300000000.0,notional_at_entry,long,20400.0,long,1072212526.4000002,0
2017-10-10 00:00:00+00:00,1036,SB11,14.17,300000000.0,notional_at_entry,long,20400.0,long,1076096686.4,0
2017-10-11 00:00:00+00:00,1037,SB11,14.3,300000000.0,notional_at_entry,long,20400.0,long,1079066926.4,0
2017-10-12 00:00:00+00:00,1038,SB11,14.28,300000000.0,notional_at_entry,long,20400.0,long,1078609966.4,0
2017-10-13 00:00:00+00:00,1039,SB11,14.41,300000000.0,notional_at_entry,long,20400.0,long,1081580206.4,0
2017-10-16 00:00:00+00:00,1040,SB11,14.18,300000000.0,notional_at_entry,long,20400.0,long,1076325166.4,0
2017-10-17 00:00:00+00:00,1041,SB11,14.03,300000000.0,notional_at_entry,long,20400.0,long,1072897966.4000002,0
2017-10-18 00:00:00+00:00,1042,SB11,14.08,300000000.0,notional_at_entry,long,20400.0,long,1074040366.4,0
2017-10-19 00:00:00+00:00,1043,SB11,14.13,300000000.0,notional_at_entry,long,20400.0,long,1075182766.4,0
2017-10-20 00:00:00+00:00,1044,SB11,14.0,300000000.0,notional_at_entry,long,20400.0,long,1072212526.4000002,0
2017-10-23 00:00:00+00:00,1045,SB11,13.88,300000000.0,notional_at_entry,long,20400.0,long,1069470766.4000002,0
2017-10-24 00:00:00+00:00,1046,SB11,14.28,300000000.0,notional_at_entry,long,20400.0,long,1078609966.4,0
2017-10-25 00:00:00+00:00,1047,SB11,14.18,300000000.0,notional_at_entry,long,20400.0,long,1076325166.4,0
2017-10-26 00:00:00+00:00,1048,SB11,14.11,300000000.0,notional_at_entry,long,20400.0,long,1074725806.4,0
2017-10-27 00:00:00+00:00,1049,SB11,14.63,300000000.0,notional_at_entry,long,20400.0,long,1086606766.4,0
2017-10-30 00:00:00+00:00,1050,SB11,14.73,300000000.0,notional_at_entry,long,20400.0,long,1088891566.4,0
2017-10-31 00:00:00+00:00,1051,SB11,14.74,300000000.0,notional_at_entry,long,20400.0,long,1089120046.4,0
2017-11-01 00:00:00+00:00,1052,SB11,14.61,300000000.0,notional_at_entry,long,20400.0,long,1086149806.4,0
2017-11-02 00:00:00+00:00,1053,SB11,14.23,300000000.0,notional_at_entry,long,20400.0,long,1077467566.4,0
2017-11-03 00:00:00+00:00,1054,SB11,14.38,300000000.0,notional_at_entry,long,20400.0,long,1080894766.4,0
2017-11-06 00:00:00+00:00,1055,SB11,14.56,300000000.0,notional_at_entry,long,20400.0,long,1085007406.4,0
2017-11-07 00:00:00+00:00,1056,SB11,14.72,300000000.0,notional_at_entry,long,20400.0,long,1088663086.4,0
2017-11-08 00:00:00+00:00,1057,SB11,14.84,300000000.0,notional_at_entry,long,20400.0,long,1091404846.4,0
2017-11-09 00:00:00+00:00,1058,SB11,14.88,300000000.0,notional_at_entry,long,20400.0,long,1092318766.4,0
2017-11-10 00:00:00+00:00,1059,SB11,14.96,300000000.0,notional_at_entry,long,20400.0,long,1094146606.4,0
2017-11-13 00:00:00+00:00,1060,SB11,15.13,300000000.0,notional_at_entry,long,20400.0,long,1098030766.4,0
2017-11-14 00:00:00+00:00,1061,SB11,15.1,300000000.0,notional_at_entry,long,20400.0,long,1097345326.4,0
2017-11-15 00:00:00+00:00,1062,SB11,15.09,300000000.0,notional_at_entry,long,20400.0,long,1097116846.4,0
2017-11-16 00:00:00+00:00,1063,SB11,15.26,300000000.0,notional_at_entry,long,20400.0,long,1101001006.4,0
2017-11-17 00:00:00+00:00,1064,SB11,15.37,300000000.0,notional_at_entry,long,20400.0,long,1103514286.4,0
2017-11-20 00:00:00+00:00,1065,SB11,14.98,300000000.0,notional_at_entry,long,20400.0,long,1094603566.4,0
2017-11-21 00:00:00+00:00,1066,SB11,14.88,300000000.0,notional_at_entry,long,20400.0,long,1092318766.4,0
2017-11-22 00:00:00+00:00,1067,SB11,15.28,300000000.0,notional_at_entry,long,20400.0,long,1101457966.4,0
2017-11-24 00:00:00+00:00,1068,SB11,15.45,300000000.0,notional_at_entry,long,20400.0,long,1105342126.4,0
2017-11-27 00:00:00+00:00,1069,SB11,15.39,300000000.0,notional_at_entry,long,20400.0,long,1103971246.4,0
2017-11-28 00:00:00+00:00,1070,SB11,15.04,300000000.0,notional_at_entry,long,20400.0,long,1095974446.4,0
2017-11-29 00:00:00+00:00,1071,SB11,15.07,300000000.0,notional_at_entry,long,20400.0,long,1096659886.4,0
2017-11-30 00:00:00+00:00,1072,SB11,15.08,300000000.0,notional_at_entry,long,20400.0,long,1096888366.4,0
2017-12-01 00:00:00+00:00,1073,SB11,14.98,300000000.0,notional_at_entry,long,20400.0,long,1094603566.4,0
2017-12-04 00:00:00+00:00,1074,SB11,15.06,300000000.0,notional_at_entry,long,20400.0,long,1096431406.4,0
2017-12-05 00:00:00+00:00,1075,SB11,14.9,300000000.0,notional_at_entry,long,20400.0,long,1092775726.4,0
2017-12-06 00:00:00+00:00,1076,SB11,14.45,300000000.0,notional_at_entry,long,20400.0,long,1082494126.4,0
2017-12-07 00:00:00+00:00,1077,SB11,14.31,300000000.0,notional_at_entry,long,20400.0,long,1079295406.4,0
2017-12-08 00:00:00+00:00,1078,SB11,14.05,300000000.0,notional_at_entry,long,20400.0,long,1073354926.4000002,0
2017-12-11 00:00:00+00:00,1079,SB11,13.95,300000000.0,notional_at_entry,long,20400.0,long,1071070126.4000002,0
2017-12-12 00:00:00+00:00,1080,SB11,13.77,300000000.0,notional_at_entry,long,20400.0,long,1066957486.4000002,0
2017-12-13 00:00:00+00:00,1081,SB11,13.85,300000000.0,notional_at_entry,long,20400.0,long,1068785326.4000002,0
2017-12-14 00:00:00+00:00,1082,SB11,13.77,300000000.0,notional_at_entry,long,20400.0,long,1066957486.4000002,0
2017-12-15 00:00:00+00:00,1083,SB11,13.66,300000000.0,notional_at_entry,long,20400.0,long,1064444206.4000002,0
2017-12-18 00:00:00+00:00,1084,SB11,13.76,300000000.0,notional_at_entry,long,20400.0,long,1066729006.4000002,0
2017-12-19 00:00:00+00:00,1085,SB11,14.41,300000000.0,notional_at_entry,long,20400.0,long,1081580206.4,0
2017-12-20 00:00:00+00:00,1086,SB11,14.57,300000000.0,notional_at_entry,long,20400.0,long,1085235886.4,0
2017-12-21 00:00:00+00:00,1087,SB11,14.77,300000000.0,notional_at_entry,long,20400.0,long,1089805486.4,0
2017-12-22 00:00:00+00:00,1088,SB11,14.6,300000000.0,notional_at_entry,long,20400.0,long,1085921326.4,0
2017-12-26 00:00:00+00:00,1089,SB11,14.7,300000000.0,notional_at_entry,long,20400.0,long,1088206126.4,0
2017-12-27 00:00:00+00:00,1090,SB11,14.93,300000000.0,notional_at_entry,long,20400.0,long,1093461166.4,0
2017-12-28 00:00:00+00:00,1091,SB11,15.0,300000000.0,notional_at_entry,long,20400.0,long,1095060526.4,0
2017-12-29 00:00:00+00:00,1092,SB11,15.16,300000000.0,notional_at_entry,long,20400.0,long,1098716206.4,0
2018-01-02 00:00:00+00:00,1093,SB11,15.33,300000000.0,notional_at_entry,long,20400.0,long,1102600366.4,0
2018-01-03 00:00:00+00:00,1094,SB11,15.31,300000000.0,notional_at_entry,long,20400.0,long,1102143406.4,0
2018-01-04 00:00:00+00:00,1095,SB11,15.25,300000000.0,notional_at_entry,long,20400.0,long,1100772526.4,0
2018-01-05 00:00:00+00:00,1096,SB11,15.08,300000000.0,notional_at_entry,long,20400.0,long,1096888366.4,0
2018-01-08 00:00:00+00:00,1097,SB11,14.78,-300000000.0,notional_at_entry,short,-18122.0,short,1090033966.4,1
2018-01-09 00:00:00+00:00,1098,SB11,14.73,-300000000.0,notional_at_entry,short,-18122.0,short,1091048798.4,0
2018-01-10 00:00:00+00:00,1099,SB11,14.65,-300000000.0,notional_at_entry,short,-18122.0,short,1092672529.6000001,0
2018-01-11 00:00:00+00:00,1100,SB11,14.18,-300000000.0,notional_at_entry,short,-18122.0,short,1102211950.4,0
2018-01-12 00:00:00+00:00,1101,SB11,14.18,-300000000.0,notional_at_entry,short,-18122.0,short,1102211950.4,0
2018-01-16 00:00:00+00:00,1102,SB11,13.59,-300000000.0,notional_at_entry,short,-18122.0,short,1114186968.0,0
2018-01-17 00:00:00+00:00,1103,SB11,13.42,-300000000.0,notional_at_entry,short,-18122.0,short,1117637396.8000002,0
2018-01-18 00:00:00+00:00,1104,SB11,13.08,-300000000.0,notional_at_entry,short,-18122.0,short,1124538254.4,0
2018-01-19 00:00:00+00:00,1105,SB11,13.25,-300000000.0,notional_at_entry,short,-18122.0,short,1121087825.6000001,0
2018-01-22 00:00:00+00:00,1106,SB11,13.17,-300000000.0,notional_at_entry,short,-18122.0,short,1122711556.8000002,0
2018-01-23 00:00:00+00:00,1107,SB11,13.19,-300000000.0,notional_at_entry,short,-18122.0,short,1122305624.0,0
2018-01-24 00:00:00+00:00,1108,SB11,13.16,-300000000.0,notional_at_entry,short,-18122.0,short,1122914523.2,0
2018-01-25 00:00:00+00:00,1109,SB11,13.24,-300000000.0,notional_at_entry,short,-18122.0,short,1121290792.0,0
2018-01-26 00:00:00+00:00,1110,SB11,13.36,-300000000.0,notional_at_entry,short,-18122.0,short,1118855195.2,0
2018-01-29 00:00:00+00:00,1111,SB11,13.67,300000000.0,notional_at_entry,long,19594.0,long,1112563236.8000002,1
2018-01-30 00:00:00+00:00,1112,SB11,13.72,300000000.0,notional_at_entry,long,19594.0,long,1113660500.8000002,0
2018-01-31 00:00:00+00:00,1113,SB11,13.23,300000000.0,notional_at_entry,long,19594.0,long,1102907313.6000001,0
2018-02-01 00:00:00+00:00,1114,SB11,13.37,300000000.0,notional_at_entry,long,19594.0,long,1105979652.8000002,0
2018-02-02 00:00:00+00:00,1115,SB11,13.63,300000000.0,notional_at_entry,long,19594.0,long,1111685425.6000001,0
2018-02-05 00:00:00+00:00,1116,SB11,13.9,300000000.0,notional_at_entry,long,19594.0,long,1117610651.2000003,0
2018-02-06 00:00:00+00:00,1117,SB11,13.84,300000000.0,notional_at_entry,long,19594.0,long,1116293934.4,0
2018-02-07 00:00:00+00:00,1118,SB11,14.0,300000000.0,notional_at_entry,long,19594.0,long,1119805179.2000003,0
2018-02-08 00:00:00+00:00,1119,SB11,13.58,300000000.0,notional_at_entry,long,19594.0,long,1110588161.6000001,0
2018-02-09 00:00:00+00:00,1120,SB11,13.67,300000000.0,notional_at_entry,long,19594.0,long,1112563236.8000002,0
2018-02-12 00:00:00+00:00,1121,SB11,13.73,300000000.0,notional_at_entry,long,19594.0,long,1113879953.6000001,0
2018-02-13 00:00:00+00:00,1122,SB11,13.44,300000000.0,notional_at_entry,long,19594.0,long,1107515822.4,0
2018-02-14 00:00:00+00:00,1123,SB11,13.31,300000000.0,notional_at_entry,long,19594.0,long,1104662936.0000002,0
2018-02-15 00:00:00+00:00,1124,SB11,13.51,300000000.0,notional_at_entry,long,19594.0,long,1109051992.0000002,0
2018-02-16 00:00:00+00:00,1125,SB11,13.28,300000000.0,notional_at_entry,long,19594.0,long,1104004577.6000001,0
2018-02-20 00:00:00+00:00,1126,SB11,13.29,300000000.0,notional_at_entry,long,19594.0,long,1104224030.4,0
2018-02-21 00:00:00+00:00,1127,SB11,13.27,300000000.0,notional_at_entry,long,19594.0,long,1103785124.8000002,0
2018-02-22 00:00:00+00:00,1128,SB11,13.58,300000000.0,notional_at_entry,long,19594.0,long,1110588161.6000001,0
2018-02-23 00:00:00+00:00,1129,SB11,13.46,300000000.0,notional_at_entry,long,19594.0,long,1107954728.0000002,0
2018-02-26 00:00:00+00:00,1130,SB11,13.43,300000000.0,notional_at_entry,long,19594.0,long,1107296369.6000001,0
2018-02-27 00:00:00+00:00,1131,SB11,12.87,300000000.0,notional_at_entry,long,19594.0,long,1095007012.8000002,0
2018-02-28 00:00:00+00:00,1132,SB11,13.38,300000000.0,notional_at_entry,long,19594.0,long,1106199105.6000001,0
2018-03-01 00:00:00+00:00,1133,SB11,13.71,300000000.0,notional_at_entry,long,19594.0,long,1113441048.0000002,0
2018-03-02 00:00:00+00:00,1134,SB11,13.42,300000000.0,notional_at_entry,long,19594.0,long,1107076916.8000002,0
2018-03-05 00:00:00+00:00,1135,SB11,13.56,300000000.0,notional_at_entry,long,19594.0,long,1110149256.0000002,0
2018-03-06 00:00:00+00:00,1136,SB11,13.45,300000000.0,notional_at_entry,long,19594.0,long,1107735275.2000003,0
2018-03-07 00:00:00+00:00,1137,SB11,12.79,300000000.0,notional_at_entry,long,19594.0,long,1093251390.4,0
2018-03-08 00:00:00+00:00,1138,SB11,12.89,300000000.0,notional_at_entry,long,19594.0,long,1095445918.4,0
2018-03-09 00:00:00+00:00,1139,SB11,12.84,300000000.0,notional_at_entry,long,19594.0,long,1094348654.4,0
2018-03-12 00:00:00+00:00,1140,SB11,12.93,300000000.0,notional_at_entry,long,19594.0,long,1096323729.6000001,0
2018-03-13 00:00:00+00:00,1141,SB11,12.62,300000000.0,notional_at_entry,long,19594.0,long,1089520692.8000002,0
2018-03-14 00:00:00+00:00,1142,SB11,12.76,300000000.0,notional_at_entry,long,19594.0,long,1092593032.0000002,0
2018-03-15 00:00:00+00:00,1143,SB11,12.74,300000000.0,notional_at_entry,long,19594.0,long,1092154126.4,0
2018-03-16 00:00:00+00:00,1144,SB11,12.65,300000000.0,notional_at_entry,long,19594.0,long,1090179051.2000003,0
2018-03-19 00:00:00+00:00,1145,SB11,12.89,300000000.0,notional_at_entry,long,19594.0,long,1095445918.4,0
2018-03-20 00:00:00+00:00,1146,SB11,12.56,300000000.0,notional_at_entry,long,19594.0,long,1088203976.0000002,0
2018-03-21 00:00:00+00:00,1147,SB11,12.67,300000000.0,notional_at_entry,long,19594.0,long,1090617956.8000002,0
2018-03-22 00:00:00+00:00,1148,SB11,12.77,300000000.0,notional_at_entry,long,19594.0,long,1092812484.8000002,0
2018-03-23 00:00:00+00:00,1149,SB11,12.57,300000000.0,notional_at_entry,long,19594.0,long,1088423428.8000002,0
2018-03-26 00:00:00+00:00,1150,SB11,12.42,300000000.0,notional_at_entry,long,19594.0,long,1085131636.8000002,0
2018-03-27 00:00:00+00:00,1151,SB11,12.54,300000000.0,notional_at_entry,long,19594.0,long,1087765070.4,0
2018-03-28 00:00:00+00:00,1152,SB11,12.21,300000000.0,notional_at_entry,long,19594.0,long,1080523128.0000002,0
2018-03-29 00:00:00+00:00,1153,SB11,12.35,300000000.0,notional_at_entry,long,19594.0,long,1083595467.2000003,0
2018-04-02 00:00:00+00:00,1154,SB11,12.52,300000000.0,notional_at_entry,long,19594.0,long,1087326164.8000002,0
2018-04-03 00:00:00+00:00,1155,SB11,12.47,300000000.0,notional_at_entry,long,19594.0,long,1086228900.8000002,0
2018-04-04 00:00:00+00:00,1156,SB11,12.27,300000000.0,notional_at_entry,long,19594.0,long,1081839844.8000002,0
2018-04-05 00:00:00+00:00,1157,SB11,12.35,300000000.0,notional_at_entry,long,19594.0,long,1083595467.2000003,0
2018-04-06 00:00:00+00:00,1158,SB11,12.34,300000000.0,notional_at_entry,long,19594.0,long,1083376014.4,0
2018-04-09 00:00:00+00:00,1159,SB11,12.36,300000000.0,notional_at_entry,long,19594.0,long,1083814920.0000002,0
2018-04-10 00:00:00+00:00,1160,SB11,12.13,300000000.0,notional_at_entry,long,19594.0,long,1078767505.6000001,0
2018-04-11 00:00:00+00:00,1161,SB11,12.06,300000000.0,notional_at_entry,long,19594.0,long,1077231336.0000002,0
2018-04-12 00:00:00+00:00,1162,SB11,12.05,300000000.0,notional_at_entry,long,19594.0,long,1077011883.2000003,0
2018-04-13 00:00:00+00:00,1163,SB11,12.2,300000000.0,notional_at_entry,long,19594.0,long,1080303675.2000003,0
2018-04-16 00:00:00+00:00,1164,SB11,12.17,300000000.0,notional_at_entry,long,19594.0,long,1079645316.8000002,0
2018-04-17 00:00:00+00:00,1165,SB11,11.82,300000000.0,notional_at_entry,long,19594.0,long,1071964468.8000002,0
2018-04-18 00:00:00+00:00,1166,SB11,11.91,300000000.0,notional_at_entry,long,19594.0,long,1073939544.0000002,0
2018-04-19 00:00:00+00:00,1167,SB11,11.95,300000000.0,notional_at_entry,long,19594.0,long,1074817355.2000003,0
2018-04-20 00:00:00+00:00,1168,SB11,11.87,300000000.0,notional_at_entry,long,19594.0,long,1073061732.8000002,0
2018-04-23 00:00:00+00:00,1169,SB11,11.4,300000000.0,notional_at_entry,long,19594.0,long,1062747451.2000002,0
2018-04-24 00:00:00+00:00,1170,SB11,11.38,300000000.0,notional_at_entry,long,19594.0,long,1062308545.6000003,0
2018-04-25 00:00:00+00:00,1171,SB11,11.12,300000000.0,notional_at_entry,long,19594.0,long,1056602772.8000002,0
2018-04-26 00:00:00+00:00,1172,SB11,11.38,300000000.0,notional_at_entry,long,19594.0,long,1062308545.6000003,0
2018-04-27 00:00:00+00:00,1173,SB11,11.52,300000000.0,notional_at_entry,long,19594.0,long,1065380884.8000002,0
2018-04-30 00:00:00+00:00,1174,SB11,11.75,300000000.0,notional_at_entry,long,19594.0,long,1070428299.2000002,0
2018-05-01 00:00:00+00:00,1175,SB11,11.69,300000000.0,notional_at_entry,long,19594.0,long,1069111582.4000002,0
2018-05-02 00:00:00+00:00,1176,SB11,11.75,300000000.0,notional_at_entry,long,19594.0,long,1070428299.2000002,0
2018-05-03 00:00:00+00:00,1177,SB11,11.69,300000000.0,notional_at_entry,long,19594.0,long,1069111582.4000002,0
2018-05-04 00:00:00+00:00,1178,SB11,11.51,300000000.0,notional_at_entry,long,19594.0,long,1065161432.0000002,0
2018-05-07 00:00:00+00:00,1179,SB11,11.32,300000000.0,notional_at_entry,long,19594.0,long,1060991828.8000002,0
2018-05-08 00:00:00+00:00,1180,SB11,11.56,300000000.0,notional_at_entry,long,19594.0,long,1066258696.0000002,0
2018-05-09 00:00:00+00:00,1181,SB11,11.29,300000000.0,notional_at_entry,long,19594.0,long,1060333470.4000002,0
2018-05-10 00:00:00+00:00,1182,SB11,11.27,300000000.0,notional_at_entry,long,19594.0,long,1059894564.8000002,0
2018-05-11 00:00:00+00:00,1183,SB11,11.22,300000000.0,notional_at_entry,long,19594.0,long,1058797300.8000002,0
2018-05-14 00:00:00+00:00,1184,SB11,11.26,300000000.0,notional_at_entry,long,19594.0,long,1059675112.0000002,0
2018-05-15 00:00:00+00:00,1185,SB11,11.52,300000000.0,notional_at_entry,long,19594.0,long,1065380884.8000002,0
2018-05-16 00:00:00+00:00,1186,SB11,11.61,300000000.0,notional_at_entry,long,19594.0,long,1067355960.0000002,0
2018-05-17 00:00:00+00:00,1187,SB11,11.56,300000000.0,notional_at_entry,long,19594.0,long,1066258696.0000002,0
2018-05-18 00:00:00+00:00,1188,SB11,11.66,300000000.0,notional_at_entry,long,19594.0,long,1068453224.0000002,0
2018-05-21 00:00:00+00:00,1189,SB11,12.1,300000000.0,notional_at_entry,long,19594.0,long,1078109147.2000003,0
2018-05-22 00:00:00+00:00,1190,SB11,12.15,300000000.0,notional_at_entry,long,19594.0,long,1079206411.2000003,0
2018-05-23 00:00:00+00:00,1191,SB11,12.35,300000000.0,notional_at_entry,long,19594.0,long,1083595467.2000003,0
2018-05-24 00:00:00+00:00,1192,SB11,12.38,300000000.0,notional_at_entry,long,19594.0,long,1084253825.6000001,0
2018-05-25 00:00:00+00:00,1193,SB11,12.46,300000000.0,notional_at_entry,long,19594.0,long,1086009448.0000002,0
2018-05-29 00:00:00+00:00,1194,SB11,12.46,300000000.0,notional_at_entry,long,19594.0,long,1086009448.0000002,0
2018-05-30 00:00:00+00:00,1195,SB11,12.6,300000000.0,notional_at_entry,long,19594.0,long,1089081787.2000003,0
2018-05-31 00:00:00+00:00,1196,SB11,12.79,300000000.0,notional_at_entry,long,19594.0,long,1093251390.4,0
2018-06-01 00:00:00+00:00,1197,SB11,12.52,300000000.0,notional_at_entry,long,19594.0,long,1087326164.8000002,0
2018-06-04 00:00:00+00:00,1198,SB11,11.9,300000000.0,notional_at_entry,long,19594.0,long,1073720091.2000002,0
2018-06-05 00:00:00+00:00,1199,SB11,12.02,300000000.0,notional_at_entry,long,19594.0,long,1076353524.8000002,0
2018-06-06 00:00:00+00:00,1200,SB11,12.2,300000000.0,notional_at_entry,long,19594.0,long,1080303675.2000003,0
2018-06-07 00:00:00+00:00,1201,SB11,11.73,300000000.0,notional_at_entry,long,19594.0,long,1069989393.6000001,0
2018-06-08 00:00:00+00:00,1202,SB11,12.25,300000000.0,notional_at_entry,long,19594.0,long,1081400939.2000003,0
2018-06-11 00:00:00+00:00,1203,SB11,12.35,300000000.0,notional_at_entry,long,19594.0,long,1083595467.2000003,0
2018-06-12 00:00:00+00:00,1204,SB11,12.67,300000000.0,notional_at_entry,long,19594.0,long,1090617956.8000002,0
2018-06-13 00:00:00+00:00,1205,SB11,12.76,300000000.0,notional_at_entry,long,19594.0,long,1092593032.0000002,0
2018-06-14 00:00:00+00:00,1206,SB11,12.56,300000000.0,notional_at_entry,long,19594.0,long,1088203976.0000002,0
2018-06-15 00:00:00+00:00,1207,SB11,12.35,300000000.0,notional_at_entry,long,19594.0,long,1083595467.2000003,0
2018-06-18 00:00:00+00:00,1208,SB11,12.28,300000000.0,notional_at_entry,long,19594.0,long,1082059297.6000001,0
2018-06-19 00:00:00+00:00,1209,SB11,12.13,300000000.0,notional_at_entry,long,19594.0,long,1078767505.6000001,0
2018-06-20 00:00:00+00:00,1210,SB11,12.19,300000000.0,notional_at_entry,long,19594.0,long,1080084222.4,0
2018-06-21 00:00:00+00:00,1211,SB11,12.21,300000000.0,notional_at_entry,long,19594.0,long,1080523128.0000002,0
2018-06-22 00:00:00+00:00,1212,SB11,12.41,300000000.0,notional_at_entry,long,19594.0,long,1084912184.0000002,0
2018-06-25 00:00:00+00:00,1213,SB11,12.32,300000000.0,notional_at_entry,long,19594.0,long,1082937108.8000002,0
2018-06-26 00:00:00+00:00,1214,SB11,12.45,300000000.0,notional_at_entry,long,19594.0,long,1085789995.2000003,0
2018-06-27 00:00:00+00:00,1215,SB11,12.05,300000000.0,notional_at_entry,long,19594.0,long,1077011883.2000003,0
2018-06-28 00:00:00+00:00,1216,SB11,12.25,300000000.0,notional_at_entry,long,19594.0,long,1081400939.2000003,0
2018-06-29 00:00:00+00:00,1217,SB11,12.25,300000000.0,notional_at_entry,long,19594.0,long,1081400939.2000003,0
2018-07-02 00:00:00+00:00,1218,SB11,11.56,300000000.0,notional_at_entry,long,19594.0,long,1066258696.0000002,0
2018-07-03 00:00:00+00:00,1219,SB11,11.39,300000000.0,notional_at_entry,long,19594.0,long,1062527998.4000002,0
2018-07-05 00:00:00+00:00,1220,SB11,11.48,300000000.0,notional_at_entry,long,19594.0,long,1064503073.6000001,0
2018-07-06 00:00:00+00:00,1221,SB11,11.51,300000000.0,notional_at_entry,long,19594.0,long,1065161432.0000002,0
2018-07-09 00:00:00+00:00,1222,SB11,11.4,300000000.0,notional_at_entry,long,19594.0,long,1062747451.2000002,0
2018-07-10 00:00:00+00:00,1223,SB11,11.41,300000000.0,notional_at_entry,long,19594.0,long,1062966904.0000002,0
2018-07-11 00:00:00+00:00,1224,SB11,11.29,300000000.0,notional_at_entry,long,19594.0,long,1060333470.4000002,0
2018-07-12 00:00:00+00:00,1225,SB11,11.08,300000000.0,notional_at_entry,long,19594.0,long,1055724961.6000001,0
2018-07-13 00:00:00+00:00,1226,SB11,10.96,300000000.0,notional_at_entry,long,19594.0,long,1053091528.0000002,0
2018-07-16 00:00:00+00:00,1227,SB11,11.14,300000000.0,notional_at_entry,long,19594.0,long,1057041678.4000002,0
2018-07-17 00:00:00+00:00,1228,SB11,11.13,300000000.0,notional_at_entry,long,19594.0,long,1056822225.6000003,0
2018-07-18 00:00:00+00:00,1229,SB11,11.08,300000000.0,notional_at_entry,long,19594.0,long,1055724961.6000001,0
2018-07-19 00:00:00+00:00,1230,SB11,10.97,300000000.0,notional_at_entry,long,19594.0,long,1053310980.8000002,0
2018-07-20 00:00:00+00:00,1231,SB11,11.12,300000000.0,notional_at_entry,long,19594.0,long,1056602772.8000002,0
2018-07-23 00:00:00+00:00,1232,SB11,11.08,300000000.0,notional_at_entry,long,19594.0,long,1055724961.6000001,0
2018-07-24 00:00:00+00:00,1233,SB11,11.19,300000000.0,notional_at_entry,long,19594.0,long,1058138942.4000002,0
2018-07-25 00:00:00+00:00,1234,SB11,11.19,300000000.0,notional_at_entry,long,19594.0,long,1058138942.4000002,0
2018-07-26 00:00:00+00:00,1235,SB11,11.03,300000000.0,notional_at_entry,long,19594.0,long,1054627697.6000001,0
2018-07-27 00:00:00+00:00,1236,SB11,10.88,300000000.0,notional_at_entry,long,19594.0,long,1051335905.6000003,0
2018-07-30 00:00:00+00:00,1237,SB11,10.82,300000000.0,notional_at_entry,long,19594.0,long,1050019188.8000002,0
2018-07-31 00:00:00+00:00,1238,SB11,10.55,300000000.0,notional_at_entry,long,19594.0,long,1044093963.2000002,0
2018-08-01 00:00:00+00:00,1239,SB11,10.48,300000000.0,notional_at_entry,long,19594.0,long,1042557793.6000001,0
2018-08-02 00:00:00+00:00,1240,SB11,10.59,300000000.0,notional_at_entry,long,19594.0,long,1044971774.4000002,0
2018-08-03 00:00:00+00:00,1241,SB11,10.85,300000000.0,notional_at_entry,long,19594.0,long,1050677547.2000002,0
2018-08-06 00:00:00+00:00,1242,SB11,10.98,300000000.0,notional_at_entry,long,19594.0,long,1053530433.6000001,0
2018-08-07 00:00:00+00:00,1243,SB11,10.88,300000000.0,notional_at_entry,long,19594.0,long,1051335905.6000003,0
2018-08-08 00:00:00+00:00,1244,SB11,10.81,300000000.0,notional_at_entry,long,19594.0,long,1049799736.0000002,0
2018-08-09 00:00:00+00:00,1245,SB11,10.84,300000000.0,notional_at_entry,long,19594.0,long,1050458094.4000002,0
2018-08-10 00:00:00+00:00,1246,SB11,10.54,300000000.0,notional_at_entry,long,19594.0,long,1043874510.4000002,0
2018-08-13 00:00:00+00:00,1247,SB11,10.3,300000000.0,notional_at_entry,long,19594.0,long,1038607643.2000002,0
2018-08-14 00:00:00+00:00,1248,SB11,10.34,300000000.0,notional_at_entry,long,19594.0,long,1039485454.4000002,0
2018-08-15 00:00:00+00:00,1249,SB11,10.23,300000000.0,notional_at_entry,long,19594.0,long,1037071473.6000001,0
2018-08-16 00:00:00+00:00,1250,SB11,10.3,300000000.0,notional_at_entry,long,19594.0,long,1038607643.2000002,0
2018-08-17 00:00:00+00:00,1251,SB11,10.18,300000000.0,notional_at_entry,long,19594.0,long,1035974209.6000001,0
2018-08-20 00:00:00+00:00,1252,SB11,10.09,300000000.0,notional_at_entry,long,19594.0,long,1033999134.4000002,0
2018-08-21 00:00:00+00:00,1253,SB11,10.17,300000000.0,notional_at_entry,long,19594.0,long,1035754756.8000002,0
2018-08-22 00:00:00+00:00,1254,SB11,10.18,300000000.0,notional_at_entry,long,19594.0,long,1035974209.6000001,0
2018-08-23 00:00:00+00:00,1255,SB11,10.12,300000000.0,notional_at_entry,long,19594.0,long,1034657492.8000002,0
2018-08-24 00:00:00+00:00,1256,SB11,10.23,300000000.0,notional_at_entry,long,19594.0,long,1037071473.6000001,0
2018-08-27 00:00:00+00:00,1257,SB11,10.51,300000000.0,notional_at_entry,long,19594.0,long,1043216152.0000002,0
2018-08-28 00:00:00+00:00,1258,SB11,10.31,300000000.0,notional_at_entry,long,19594.0,long,1038827096.0000002,0
2018-08-29 00:00:00+00:00,1259,SB11,10.37,300000000.0,notional_at_entry,long,19594.0,long,1040143812.8000002,0
2018-08-30 00:00:00+00:00,1260,SB11,10.57,300000000.0,notional_at_entry,long,19594.0,long,1044532868.8000002,0
2018-08-31 00:00:00+00:00,1261,SB11,10.6,300000000.0,notional_at_entry,long,19594.0,long,1045191227.2000002,0
2018-09-04 00:00:00+00:00,1262,SB11,10.64,300000000.0,notional_at_entry,long,19594.0,long,1046069038.4000002,0
2018-09-05 00:00:00+00:00,1263,SB11,10.89,300000000.0,notional_at_entry,long,19594.0,long,1051555358.4000002,0
2018-09-06 00:00:00+00:00,1264,SB11,10.8,300000000.0,notional_at_entry,long,19594.0,long,1049580283.2000002,0
2018-09-07 00:00:00+00:00,1265,SB11,11.01,300000000.0,notional_at_entry,long,19594.0,long,1054188792.0000002,0
2018-09-10 00:00:00+00:00,1266,SB11,11.2,300000000.0,notional_at_entry,long,19594.0,long,1058358395.2000002,0
2018-09-11 00:00:00+00:00,1267,SB11,11.18,300000000.0,notional_at_entry,long,19594.0,long,1057919489.6000001,0
2018-09-12 00:00:00+00:00,1268,SB11,11.67,300000000.0,notional_at_entry,long,19594.0,long,1068672676.8000002,0
2018-09-13 00:00:00+00:00,1269,SB11,11.68,300000000.0,notional_at_entry,long,19594.0,long,1068892129.6000001,0
2018-09-14 00:00:00+00:00,1270,SB11,12.02,300000000.0,notional_at_entry,long,19594.0,long,1076353524.8000002,0
2018-09-17 00:00:00+00:00,1271,SB11,11.58,300000000.0,notional_at_entry,long,19594.0,long,1066697601.6000001,0
2018-09-18 00:00:00+00:00,1272,SB11,11.5,300000000.0,notional_at_entry,long,19594.0,long,1064941979.2000002,0
2018-09-19 00:00:00+00:00,1273,SB11,11.64,-300000000.0,notional_at_entry,short,-23011.0,short,1068014318.4000002,1
2018-09-20 00:00:00+00:00,1274,SB11,11.62,-300000000.0,notional_at_entry,short,-23011.0,short,1068529764.8000002,0
2018-09-21 00:00:00+00:00,1275,SB11,11.68,-300000000.0,notional_at_entry,short,-23011.0,short,1066983425.6000003,0
2018-09-24 00:00:00+00:00,1276,SB11,11.23,-300000000.0,notional_at_entry,short,-23011.0,short,1078580969.6000001,0
2018-09-25 00:00:00+00:00,1277,SB11,11.15,-300000000.0,notional_at_entry,short,-23011.0,short,1080642755.2000003,0
2018-09-26 00:00:00+00:00,1278,SB11,10.91,-300000000.0,notional_at_entry,short,-23011.0,short,1086828112.0000002,0
2018-09-27 00:00:00+00:00,1279,SB11,10.91,-300000000.0,notional_at_entry,short,-23011.0,short,1086828112.0000002,0
2018-09-28 00:00:00+00:00,1280,SB11,11.2,-300000000.0,notional_at_entry,short,-23011.0,short,1079354139.2000003,0
2018-10-01 00:00:00+00:00,1281,SB11,11.61,300000000.0,notional_at_entry,long,23071.0,long,1068787488.0000002,1
2018-10-02 00:00:00+00:00,1282,SB11,12.07,300000000.0,notional_at_entry,long,23071.0,long,1080673667.2000003,0
2018-10-03 00:00:00+00:00,1283,SB11,12.23,300000000.0,notional_at_entry,long,23071.0,long,1084807990.4000003,0
2018-10-04 00:00:00+00:00,1284,SB11,12.33,300000000.0,notional_at_entry,long,23071.0,long,1087391942.4000003,0
2018-10-05 00:00:00+00:00,1285,SB11,12.63,300000000.0,notional_at_entry,long,23071.0,long,1095143798.4000003,0
2018-10-08 00:00:00+00:00,1286,SB11,12.94,300000000.0,notional_at_entry,long,23071.0,long,1103154049.6000001,0
2018-10-09 00:00:00+00:00,1287,SB11,12.97,300000000.0,notional_at_entry,long,23071.0,long,1103929235.2000003,0
2018-10-10 00:00:00+00:00,1288,SB11,12.85,300000000.0,notional_at_entry,long,23071.0,long,1100828492.8000002,0
2018-10-11 00:00:00+00:00,1289,SB11,12.92,300000000.0,notional_at_entry,long,23071.0,long,1102637259.2000003,0
2018-10-12 00:00:00+00:00,1290,SB11,13.07,300000000.0,notional_at_entry,long,23071.0,long,1106513187.2000003,0
2018-10-15 00:00:00+00:00,1291,SB11,13.43,300000000.0,notional_at_entry,long,23071.0,long,1115815414.4000003,0
2018-10-16 00:00:00+00:00,1292,SB11,13.25,300000000.0,notional_at_entry,long,23071.0,long,1111164300.8000002,0
2018-10-17 00:00:00+00:00,1293,SB11,13.73,300000000.0,notional_at_entry,long,23071.0,long,1123567270.4000003,0
2018-10-18 00:00:00+00:00,1294,SB11,13.87,300000000.0,notional_at_entry,long,23071.0,long,1127184803.2000003,0
2018-10-19 00:00:00+00:00,1295,SB11,13.89,300000000.0,notional_at_entry,long,23071.0,long,1127701593.6000004,0
2018-10-22 00:00:00+00:00,1296,SB11,13.82,300000000.0,notional_at_entry,long,23071.0,long,1125892827.2000003,0
2018-10-23 00:00:00+00:00,1297,SB11,13.81,300000000.0,notional_at_entry,long,23071.0,long,1125634432.0000002,0
2018-10-24 00:00:00+00:00,1298,SB11,14.01,300000000.0,notional_at_entry,long,23071.0,long,1130802336.0000002,0
2018-10-25 00:00:00+00:00,1299,SB11,13.97,300000000.0,notional_at_entry,long,23071.0,long,1129768755.2000003,0
2018-10-26 00:00:00+00:00,1300,SB11,13.84,300000000.0,notional_at_entry,long,23071.0,long,1126409617.6000001,0
2018-10-29 00:00:00+00:00,1301,SB11,13.5,300000000.0,notional_at_entry,long,23071.0,long,1117624180.8000002,0
2018-10-30 00:00:00+00:00,1302,SB11,13.32,300000000.0,notional_at_entry,long,23071.0,long,1112973067.2000003,0
2018-10-31 00:00:00+00:00,1303,SB11,13.19,300000000.0,notional_at_entry,long,23071.0,long,1109613929.6000001,0
2018-11-01 00:00:00+00:00,1304,SB11,13.19,300000000.0,notional_at_entry,long,23071.0,long,1109613929.6000001,0
2018-11-02 00:00:00+00:00,1305,SB11,13.44,300000000.0,notional_at_entry,long,23071.0,long,1116073809.6000001,0
2018-11-05 00:00:00+00:00,1306,SB11,13.15,300000000.0,notional_at_entry,long,23071.0,long,1108580348.8000002,0
2018-11-06 00:00:00+00:00,1307,SB11,12.96,300000000.0,notional_at_entry,long,23071.0,long,1103670840.0000002,0
2018-11-07 00:00:00+00:00,1308,SB11,13.01,300000000.0,notional_at_entry,long,23071.0,long,1104962816.0000002,0
2018-11-08 00:00:00+00:00,1309,SB11,12.84,300000000.0,notional_at_entry,long,23071.0,long,1100570097.6000001,0
2018-11-09 00:00:00+00:00,1310,SB11,12.73,300000000.0,notional_at_entry,long,23071.0,long,1097727750.4000003,0
2018-11-12 00:00:00+00:00,1311,SB11,12.94,300000000.0,notional_at_entry,long,23071.0,long,1103154049.6000001,0
2018-11-13 00:00:00+00:00,1312,SB11,12.61,300000000.0,notional_at_entry,long,23071.0,long,1094627008.0000002,0
2018-11-14 00:00:00+00:00,1313,SB11,12.65,300000000.0,notional_at_entry,long,23071.0,long,1095660588.8000002,0
2018-11-15 00:00:00+00:00,1314,SB11,12.65,300000000.0,notional_at_entry,long,23071.0,long,1095660588.8000002,0
2018-11-16 00:00:00+00:00,1315,SB11,12.69,300000000.0,notional_at_entry,long,23071.0,long,1096694169.6000001,0
2018-11-19 00:00:00+00:00,1316,SB11,12.8,300000000.0,notional_at_entry,long,23071.0,long,1099536516.8000002,0
2018-11-20 00:00:00+00:00,1317,SB11,12.46,300000000.0,notional_at_entry,long,23071.0,long,1090751080.0000002,0
2018-11-21 00:00:00+00:00,1318,SB11,12.68,300000000.0,notional_at_entry,long,23071.0,long,1096435774.4000003,0
2018-11-23 00:00:00+00:00,1319,SB11,12.47,300000000.0,notional_at_entry,long,23071.0,long,1091009475.2000003,0
2018-11-26 00:00:00+00:00,1320,SB11,12.48,300000000.0,notional_at_entry,long,23071.0,long,1091267870.4000003,0
2018-11-27 00:00:00+00:00,1321,SB11,12.34,300000000.0,notional_at_entry,long,23071.0,long,1087650337.6000001,0
2018-11-28 00:00:00+00:00,1322,SB11,12.84,300000000.0,notional_at_entry,long,23071.0,long,1100570097.6000001,0
2018-11-29 00:00:00+00:00,1323,SB11,12.87,300000000.0,notional_at_entry,long,23071.0,long,1101345283.2000003,0
2018-11-30 00:00:00+00:00,1324,SB11,12.84,300000000.0,notional_at_entry,long,23071.0,long,1100570097.6000001,0
2018-12-03 00:00:00+00:00,1325,SB11,12.91,300000000.0,notional_at_entry,long,23071.0,long,1102378864.0000002,0
2018-12-04 00:00:00+00:00,1326,SB11,12.75,300000000.0,notional_at_entry,long,23071.0,long,1098244540.8000002,0
2018-12-06 00:00:00+00:00,1327,SB11,12.64,300000000.0,notional_at_entry,long,23071.0,long,1095402193.6000004,0
2018-12-07 00:00:00+00:00,1328,SB11,12.87,300000000.0,notional_at_entry,long,23071.0,long,1101345283.2000003,0
2018-12-10 00:00:00+00:00,1329,SB11,12.72,300000000.0,notional_at_entry,long,23071.0,long,1097469355.2000003,0
2018-12-11 00:00:00+00:00,1330,SB11,12.83,300000000.0,notional_at_entry,long,23071.0,long,1100311702.4000003,0
2018-12-12 00:00:00+00:00,1331,SB11,12.74,300000000.0,notional_at_entry,long,23071.0,long,1097986145.6000001,0
2018-12-13 00:00:00+00:00,1332,SB11,12.75,300000000.0,notional_at_entry,long,23071.0,long,1098244540.8000002,0
2018-12-14 00:00:00+00:00,1333,SB11,12.65,300000000.0,notional_at_entry,long,23071.0,long,1095660588.8000002,0
2018-12-17 00:00:00+00:00,1334,SB11,12.49,300000000.0,notional_at_entry,long,23071.0,long,1091526265.6000001,0
2018-12-18 00:00:00+00:00,1335,SB11,12.3,300000000.0,notional_at_entry,long,23071.0,long,1086616756.8000002,0
2018-12-19 00:00:00+00:00,1336,SB11,12.47,300000000.0,notional_at_entry,long,23071.0,long,1091009475.2000003,0
2018-12-20 00:00:00+00:00,1337,SB11,12.43,300000000.0,notional_at_entry,long,23071.0,long,1089975894.4000003,0
2018-12-21 00:00:00+00:00,1338,SB11,12.34,300000000.0,notional_at_entry,long,23071.0,long,1087650337.6000001,0
2018-12-24 00:00:00+00:00,1339,SB11,12.4,300000000.0,notional_at_entry,long,23071.0,long,1089200708.8000002,0
2018-12-26 00:00:00+00:00,1340,SB11,12.39,300000000.0,notional_at_entry,long,23071.0,long,1088942313.6000004,0
2018-12-27 00:00:00+00:00,1341,SB11,12.25,300000000.0,notional_at_entry,long,23071.0,long,1085324780.8000002,0
2018-12-28 00:00:00+00:00,1342,SB11,12.39,300000000.0,notional_at_entry,long,23071.0,long,1088942313.6000004,0
2018-12-31 00:00:00+00:00,1343,SB11,12.03,300000000.0,notional_at_entry,long,23071.0,long,1079640086.4000003,0
2019-01-02 00:00:00+00:00,1344,SB11,11.93,300000000.0,notional_at_entry,long,23071.0,long,1077056134.4000003,0
2019-01-03 00:00:00+00:00,1345,SB11,11.69,300000000.0,notional_at_entry,long,23071.0,long,1070854649.6000003,0
2019-01-04 00:00:00+00:00,1346,SB11,11.93,300000000.0,notional_at_entry,long,23071.0,long,1077056134.4000003,0
2019-01-07 00:00:00+00:00,1347,SB11,12.65,300000000.0,notional_at_entry,long,23071.0,long,1095660588.8000002,0
2019-01-08 00:00:00+00:00,1348,SB11,12.76,300000000.0,notional_at_entry,long,23071.0,long,1098502936.0000002,0
2019-01-09 00:00:00+00:00,1349,SB11,12.87,300000000.0,notional_at_entry,long,23071.0,long,1101345283.2000003,0
2019-01-10 00:00:00+00:00,1350,SB11,12.67,300000000.0,notional_at_entry,long,23071.0,long,1096177379.2000003,0
2019-01-11 00:00:00+00:00,1351,SB11,12.78,300000000.0,notional_at_entry,long,23071.0,long,1099019726.4000003,0
2019-01-14 00:00:00+00:00,1352,SB11,12.75,300000000.0,notional_at_entry,long,23071.0,long,1098244540.8000002,0
2019-01-15 00:00:00+00:00,1353,SB11,13.16,300000000.0,notional_at_entry,long,23071.0,long,1108838744.0000002,0
2019-01-16 00:00:00+00:00,1354,SB11,13.17,300000000.0,notional_at_entry,long,23071.0,long,1109097139.2000003,0
2019-01-17 00:00:00+00:00,1355,SB11,12.85,300000000.0,notional_at_entry,long,23071.0,long,1100828492.8000002,0
2019-01-18 00:00:00+00:00,1356,SB11,13.03,-300000000.0,notional_at_entry,short,-20556.0,short,1105479606.4000003,1
2019-01-22 00:00:00+00:00,1357,SB11,12.93,-300000000.0,notional_at_entry,short,-20556.0,short,1107781878.4000003,0
2019-01-23 00:00:00+00:00,1358,SB11,12.97,-300000000.0,notional_at_entry,short,-20556.0,short,1106860969.6000004,0
2019-01-24 00:00:00+00:00,1359,SB11,12.98,-300000000.0,notional_at_entry,short,-20556.0,short,1106630742.4000003,0
2019-01-25 00:00:00+00:00,1360,SB11,12.44,-300000000.0,notional_at_entry,short,-20556.0,short,1119063011.2000003,0
2019-01-28 00:00:00+00:00,1361,SB11,12.79,-300000000.0,notional_at_entry,short,-20556.0,short,1111005059.2000003,0
2019-01-29 00:00:00+00:00,1362,SB11,12.69,-300000000.0,notional_at_entry,short,-20556.0,short,1113307331.2000003,0
2019-01-30 00:00:00+00:00,1363,SB11,12.53,-300000000.0,notional_at_entry,short,-20556.0,short,1116990966.4000003,0
2019-01-31 00:00:00+00:00,1364,SB11,12.73,-300000000.0,notional_at_entry,short,-20556.0,short,1112386422.4000003,0
2019-02-01 00:00:00+00:00,1365,SB11,12.6,-300000000.0,notional_at_entry,short,-20556.0,short,1115379376.0000002,0
2019-02-04 00:00:00+00:00,1366,SB11,12.85,-300000000.0,notional_at_entry,short,-20556.0,short,1109623696.0000002,0
2019-02-05 00:00:00+00:00,1367,SB11,12.82,-300000000.0,notional_at_entry,short,-20556.0,short,1110314377.6000004,0
2019-02-06 00:00:00+00:00,1368,SB11,12.9,-300000000.0,notional_at_entry,short,-20556.0,short,1108472560.0000002,0
2019-02-07 00:00:00+00:00,1369,SB11,12.73,-300000000.0,notional_at_entry,short,-20556.0,short,1112386422.4000003,0
2019-02-08 00:00:00+00:00,1370,SB11,12.71,-300000000.0,notional_at_entry,short,-20556.0,short,1112846876.8000002,0
2019-02-11 00:00:00+00:00,1371,SB11,12.67,-300000000.0,notional_at_entry,short,-20556.0,short,1113767785.6000004,0
2019-02-12 00:00:00+00:00,1372,SB11,12.85,-300000000.0,notional_at_entry,short,-20556.0,short,1109623696.0000002,0
2019-02-13 00:00:00+00:00,1373,SB11,12.75,-300000000.0,notional_at_entry,short,-20556.0,short,1111925968.0000002,0
2019-02-14 00:00:00+00:00,1374,SB11,12.42,-300000000.0,notional_at_entry,short,-20556.0,short,1119523465.6000004,0
2019-02-15 00:00:00+00:00,1375,SB11,13.0,-300000000.0,notional_at_entry,short,-20556.0,short,1106170288.0000002,0
2019-02-19 00:00:00+00:00,1376,SB11,13.23,-300000000.0,notional_at_entry,short,-20556.0,short,1100875062.4000003,0
2019-02-20 00:00:00+00:00,1377,SB11,13.38,-300000000.0,notional_at_entry,short,-20556.0,short,1097421654.4000003,0
2019-02-21 00:00:00+00:00,1378,SB11,13.2,-300000000.0,notional_at_entry,short,-20556.0,short,1101565744.0000002,0
2019-02-22 00:00:00+00:00,1379,SB11,13.3,-300000000.0,notional_at_entry,short,-20556.0,short,1099263472.0000002,0
2019-02-25 00:00:00+00:00,1380,SB11,13.0,-300000000.0,notional_at_entry,short,-20556.0,short,1106170288.0000002,0
2019-02-26 00:00:00+00:00,1381,SB11,12.85,-300000000.0,notional_at_entry,short,-20556.0,short,1109623696.0000002,0
2019-02-27 00:00:00+00:00,1382,SB11,12.97,-300000000.0,notional_at_entry,short,-20556.0,short,1106860969.6000004,0
2019-02-28 00:00:00+00:00,1383,SB11,12.78,-300000000.0,notional_at_entry,short,-20556.0,short,1111235286.4000003,0
2019-03-01 00:00:00+00:00,1384,SB11,12.62,-300000000.0,notional_at_entry,short,-20556.0,short,1114918921.6000004,0
2019-03-04 00:00:00+00:00,1385,SB11,12.36,-300000000.0,notional_at_entry,short,-20556.0,short,1120904828.8000004,0
2019-03-05 00:00:00+00:00,1386,SB11,12.44,-300000000.0,notional_at_entry,short,-20556.0,short,1119063011.2000003,0
2019-03-06 00:00:00+00:00,1387,SB11,12.16,-300000000.0,notional_at_entry,short,-20556.0,short,1125509372.8000004,0
2019-03-07 00:00:00+00:00,1388,SB11,12.14,-300000000.0,notional_at_entry,short,-20556.0,short,1125969827.2000003,0
2019-03-08 00:00:00+00:00,1389,SB11,12.18,-300000000.0,notional_at_entry,short,-20556.0,short,1125048918.4000003,0
2019-03-11 00:00:00+00:00,1390,SB11,12.29,-300000000.0,notional_at_entry,short,-20556.0,short,1122516419.2000003,0
2019-03-12 00:00:00+00:00,1391,SB11,12.33,-300000000.0,notional_at_entry,short,-20556.0,short,1121595510.4000003,0
2019-03-13 00:00:00+00:00,1392,SB11,12.36,-300000000.0,notional_at_entry,short,-20556.0,short,1120904828.8000004,0
2019-03-14 00:00:00+00:00,1393,SB11,12.41,300000000.0,notional_at_entry,long,21583.0,long,1119753692.8000004,1
2019-03-15 00:00:00+00:00,1394,SB11,12.52,300000000.0,notional_at_entry,long,21583.0,long,1122412718.4000003,0
2019-03-18 00:00:00+00:00,1395,SB11,12.84,300000000.0,notional_at_entry,long,21583.0,long,1130148065.6000004,0
2019-03-19 00:00:00+00:00,1396,SB11,12.78,300000000.0,notional_at_entry,long,21583.0,long,1128697688.0000005,0
2019-03-20 00:00:00+00:00,1397,SB11,12.74,300000000.0,notional_at_entry,long,21583.0,long,1127730769.6000004,0
2019-03-21 00:00:00+00:00,1398,SB11,12.5,300000000.0,notional_at_entry,long,21583.0,long,1121929259.2000005,0
2019-03-22 00:00:00+00:00,1399,SB11,12.57,300000000.0,notional_at_entry,long,21583.0,long,1123621366.4000003,0
2019-03-25 00:00:00+00:00,1400,SB11,12.48,300000000.0,notional_at_entry,long,21583.0,long,1121445800.0000005,0
2019-03-26 00:00:00+00:00,1401,SB11,12.59,300000000.0,notional_at_entry,long,21583.0,long,1124104825.6000004,0
2019-03-27 00:00:00+00:00,1402,SB11,12.58,300000000.0,notional_at_entry,long,21583.0,long,1123863096.0000005,0
2019-03-28 00:00:00+00:00,1403,SB11,12.53,300000000.0,notional_at_entry,long,21583.0,long,1122654448.0000005,0
2019-03-29 00:00:00+00:00,1404,SB11,12.53,300000000.0,notional_at_entry,long,21583.0,long,1122654448.0000005,0
2019-04-01 00:00:00+00:00,1405,SB11,12.67,300000000.0,notional_at_entry,long,21583.0,long,1126038662.4000003,0
2019-04-02 00:00:00+00:00,1406,SB11,12.66,300000000.0,notional_at_entry,long,21583.0,long,1125796932.8000004,0
2019-04-03 00:00:00+00:00,1407,SB11,12.42,300000000.0,notional_at_entry,long,21583.0,long,1119995422.4000003,0
2019-04-04 00:00:00+00:00,1408,SB11,12.71,300000000.0,notional_at_entry,long,21583.0,long,1127005580.8000004,0
2019-04-05 00:00:00+00:00,1409,SB11,12.76,300000000.0,notional_at_entry,long,21583.0,long,1128214228.8000004,0
2019-04-08 00:00:00+00:00,1410,SB11,12.57,300000000.0,notional_at_entry,long,21583.0,long,1123621366.4000003,0
2019-04-09 00:00:00+00:00,1411,SB11,12.78,300000000.0,notional_at_entry,long,21583.0,long,1128697688.0000005,0
2019-04-10 00:00:00+00:00,1412,SB11,12.81,300000000.0,notional_at_entry,long,21583.0,long,1129422876.8000004,0
2019-04-11 00:00:00+00:00,1413,SB11,12.82,300000000.0,notional_at_entry,long,21583.0,long,1129664606.4000003,0
2019-04-12 00:00:00+00:00,1414,SB11,12.92,300000000.0,notional_at_entry,long,21583.0,long,1132081902.4000003,0
2019-04-15 00:00:00+00:00,1415,SB11,12.79,300000000.0,notional_at_entry,long,21583.0,long,1128939417.6000004,0
2019-04-16 00:00:00+00:00,1416,SB11,12.67,300000000.0,notional_at_entry,long,21583.0,long,1126038662.4000003,0
2019-04-17 00:00:00+00:00,1417,SB11,12.53,300000000.0,notional_at_entry,long,21583.0,long,1122654448.0000005,0
2019-04-18 00:00:00+00:00,1418,SB11,12.98,300000000.0,notional_at_entry,long,21583.0,long,1133532280.0000005,0
2019-04-22 00:00:00+00:00,1419,SB11,12.77,300000000.0,notional_at_entry,long,21583.0,long,1128455958.4000003,0
2019-04-23 00:00:00+00:00,1420,SB11,12.9,300000000.0,notional_at_entry,long,21583.0,long,1131598443.2000005,0
2019-04-24 00:00:00+00:00,1421,SB11,12.9,300000000.0,notional_at_entry,long,21583.0,long,1131598443.2000005,0
2019-04-25 00:00:00+00:00,1422,SB11,12.69,300000000.0,notional_at_entry,long,21583.0,long,1126522121.6000004,0
2019-04-26 00:00:00+00:00,1423,SB11,12.65,300000000.0,notional_at_entry,long,21583.0,long,1125555203.2000005,0
2019-04-29 00:00:00+00:00,1424,SB11,12.33,300000000.0,notional_at_entry,long,21583.0,long,1117819856.0000005,0
2019-04-30 00:00:00+00:00,1425,SB11,12.34,300000000.0,notional_at_entry,long,21583.0,long,1118061585.6000004,0
2019-05-01 00:00:00+00:00,1426,SB11,12.21,300000000.0,notional_at_entry,long,21583.0,long,1114919100.8000004,0
2019-05-02 00:00:00+00:00,1427,SB11,12.23,300000000.0,notional_at_entry,long,21583.0,long,1115402560.0000005,0
2019-05-03 00:00:00+00:00,1428,SB11,12.01,300000000.0,notional_at_entry,long,21583.0,long,1110084508.8000004,0
2019-05-06 00:00:00+00:00,1429,SB11,11.88,300000000.0,notional_at_entry,long,21583.0,long,1106942024.0000005,0
2019-05-07 00:00:00+00:00,1430,SB11,11.95,300000000.0,notional_at_entry,long,21583.0,long,1108634131.2000005,0
2019-05-08 00:00:00+00:00,1431,SB11,11.65,300000000.0,notional_at_entry,long,21583.0,long,1101382243.2000005,0
2019-05-09 00:00:00+00:00,1432,SB11,11.78,300000000.0,notional_at_entry,long,21583.0,long,1104524728.0000005,0
2019-05-10 00:00:00+00:00,1433,SB11,11.72,300000000.0,notional_at_entry,long,21583.0,long,1103074350.4000003,0
2019-05-13 00:00:00+00:00,1434,SB11,11.84,300000000.0,notional_at_entry,long,21583.0,long,1105975105.6000004,0
2019-05-14 00:00:00+00:00,1435,SB11,11.94,300000000.0,notional_at_entry,long,21583.0,long,1108392401.6000004,0
2019-05-15 00:00:00+00:00,1436,SB11,11.85,300000000.0,notional_at_entry,long,21583.0,long,1106216835.2000005,0
2019-05-16 00:00:00+00:00,1437,SB11,11.78,300000000.0,notional_at_entry,long,21583.0,long,1104524728.0000005,0
2019-05-17 00:00:00+00:00,1438,SB11,11.55,300000000.0,notional_at_entry,long,21583.0,long,1098964947.2000005,0
2019-05-20 00:00:00+00:00,1439,SB11,11.62,300000000.0,notional_at_entry,long,21583.0,long,1100657054.4000003,0
2019-05-21 00:00:00+00:00,1440,SB11,11.81,300000000.0,notional_at_entry,long,21583.0,long,1105249916.8000004,0
2019-05-22 00:00:00+00:00,1441,SB11,11.62,300000000.0,notional_at_entry,long,21583.0,long,1100657054.4000003,0
2019-05-23 00:00:00+00:00,1442,SB11,11.57,300000000.0,notional_at_entry,long,21583.0,long,1099448406.4000003,0
2019-05-24 00:00:00+00:00,1443,SB11,11.66,300000000.0,notional_at_entry,long,21583.0,long,1101623972.8000004,0
2019-05-28 00:00:00+00:00,1444,SB11,11.75,300000000.0,notional_at_entry,long,21583.0,long,1103799539.2000005,0
2019-05-29 00:00:00+00:00,1445,SB11,11.87,300000000.0,notional_at_entry,long,21583.0,long,1106700294.4000003,0
2019-05-30 00:00:00+00:00,1446,SB11,11.76,300000000.0,notional_at_entry,long,21583.0,long,1104041268.8000004,0
2019-05-31 00:00:00+00:00,1447,SB11,12.1,300000000.0,notional_at_entry,long,21583.0,long,1112260075.2000005,0
2019-06-03 00:00:00+00:00,1448,SB11,12.19,300000000.0,notional_at_entry,long,21583.0,long,1114435641.6000004,0
2019-06-04 00:00:00+00:00,1449,SB11,12.42,300000000.0,notional_at_entry,long,21583.0,long,1119995422.4000003,0
2019-06-05 00:00:00+00:00,1450,SB11,12.21,300000000.0,notional_at_entry,long,21583.0,long,1114919100.8000004,0
2019-06-06 00:00:00+00:00,1451,SB11,12.51,-300000000.0,notional_at_entry,short,-21411.0,short,1122170988.8000004,1
2019-06-07 00:00:00+00:00,1452,SB11,12.5,-300000000.0,notional_at_entry,short,-21411.0,short,1122410792.0000005,0
2019-06-10 00:00:00+00:00,1453,SB11,12.4,-300000000.0,notional_at_entry,short,-21411.0,short,1124808824.0000005,0
2019-06-11 00:00:00+00:00,1454,SB11,12.83,-300000000.0,notional_at_entry,short,-21411.0,short,1114497286.4000003,0
2019-06-12 00:00:00+00:00,1455,SB11,12.86,-300000000.0,notional_at_entry,short,-21411.0,short,1113777876.8000004,0
2019-06-13 00:00:00+00:00,1456,SB11,12.91,-300000000.0,notional_at_entry,short,-21411.0,short,1112578860.8000004,0
2019-06-14 00:00:00+00:00,1457,SB11,12.92,-300000000.0,notional_at_entry,short,-21411.0,short,1112339057.6000004,0
2019-06-17 00:00:00+00:00,1458,SB11,12.84,-300000000.0,notional_at_entry,short,-21411.0,short,1114257483.2000005,0
2019-06-18 00:00:00+00:00,1459,SB11,12.83,-300000000.0,notional_at_entry,short,-21411.0,short,1114497286.4000003,0
2019-06-19 00:00:00+00:00,1460,SB11,12.74,-300000000.0,notional_at_entry,short,-21411.0,short,1116655515.2000005,0
2019-06-20 00:00:00+00:00,1461,SB11,12.68,-300000000.0,notional_at_entry,short,-21411.0,short,1118094334.4000003,0
2019-06-21 00:00:00+00:00,1462,SB11,12.48,-300000000.0,notional_at_entry,short,-21411.0,short,1122890398.4000003,0
2019-06-24 00:00:00+00:00,1463,SB11,12.47,-300000000.0,notional_at_entry,short,-21411.0,short,1123130201.6000004,0
2019-06-25 00:00:00+00:00,1464,SB11,12.57,-300000000.0,notional_at_entry,short,-21411.0,short,1120732169.6000004,0
2019-06-26 00:00:00+00:00,1465,SB11,12.32,-300000000.0,notional_at_entry,short,-21411.0,short,1126727249.6000004,0
2019-06-27 00:00:00+00:00,1466,SB11,12.78,-300000000.0,notional_at_entry,short,-21411.0,short,1115696302.4000003,0
2019-06-28 00:00:00+00:00,1467,SB11,12.62,-300000000.0,notional_at_entry,short,-21411.0,short,1119533153.6000004,0
2019-07-01 00:00:00+00:00,1468,SB11,12.57,-300000000.0,notional_at_entry,short,-21411.0,short,1120732169.6000004,0
2019-07-02 00:00:00+00:00,1469,SB11,12.35,-300000000.0,notional_at_entry,short,-21411.0,short,1126007840.0000005,0
2019-07-03 00:00:00+00:00,1470,SB11,12.54,-300000000.0,notional_at_entry,short,-21411.0,short,1121451579.2000005,0
2019-07-05 00:00:00+00:00,1471,SB11,12.36,-300000000.0,notional_at_entry,short,-21411.0,short,1125768036.8000004,0
2019-07-08 00:00:00+00:00,1472,SB11,12.45,-300000000.0,notional_at_entry,short,-21411.0,short,1123609808.0000005,0
2019-07-09 00:00:00+00:00,1473,SB11,12.35,-300000000.0,notional_at_entry,short,-21411.0,short,1126007840.0000005,0
2019-07-10 00:00:00+00:00,1474,SB11,12.5,-300000000.0,notional_at_entry,short,-21411.0,short,1122410792.0000005,0
2019-07-11 00:00:00+00:00,1475,SB11,12.38,-300000000.0,notional_at_entry,short,-21411.0,short,1125288430.4000003,0
2019-07-12 00:00:00+00:00,1476,SB11,12.3,-300000000.0,notional_at_entry,short,-21411.0,short,1127206856.0000005,0
2019-07-15 00:00:00+00:00,1477,SB11,12.06,-300000000.0,notional_at_entry,short,-21411.0,short,1132962132.8000004,0
2019-07-16 00:00:00+00:00,1478,SB11,11.99,-300000000.0,notional_at_entry,short,-21411.0,short,1134640755.2000005,0
2019-07-17 00:00:00+00:00,1479,SB11,11.79,-300000000.0,notional_at_entry,short,-21411.0,short,1139436819.2000005,0
2019-07-18 00:00:00+00:00,1480,SB11,11.55,-300000000.0,notional_at_entry,short,-21411.0,short,1145192096.0000005,0
2019-07-19 00:00:00+00:00,1481,SB11,11.59,-300000000.0,notional_at_entry,short,-21411.0,short,1144232883.2000005,0
2019-07-22 00:00:00+00:00,1482,SB11,11.56,-300000000.0,notional_at_entry,short,-21411.0,short,1144952292.8000004,0
2019-07-23 00:00:00+00:00,1483,SB11,11.98,-300000000.0,notional_at_entry,short,-21411.0,short,1134880558.4000003,0
2019-07-24 00:00:00+00:00,1484,SB11,12.06,-300000000.0,notional_at_entry,short,-21411.0,short,1132962132.8000004,0
2019-07-25 00:00:00+00:00,1485,SB11,12.0,300000000.0,notional_at_entry,long,22321.0,long,1134400952.0000005,1
2019-07-26 00:00:00+00:00,1486,SB11,12.02,300000000.0,notional_at_entry,long,22321.0,long,1134900942.4000006,0
2019-07-29 00:00:00+00:00,1487,SB11,12.07,300000000.0,notional_at_entry,long,22321.0,long,1136150918.4000006,0
2019-07-30 00:00:00+00:00,1488,SB11,12.15,300000000.0,notional_at_entry,long,22321.0,long,1138150880.0000005,0
2019-07-31 00:00:00+00:00,1489,SB11,12.21,300000000.0,notional_at_entry,long,22321.0,long,1139650851.2000005,0
2019-08-01 00:00:00+00:00,1490,SB11,12.12,300000000.0,notional_at_entry,long,22321.0,long,1137400894.4000006,0
2019-08-02 00:00:00+00:00,1491,SB11,12.02,300000000.0,notional_at_entry,long,22321.0,long,1134900942.4000006,0
2019-08-05 00:00:00+00:00,1492,SB11,11.82,300000000.0,notional_at_entry,long,22321.0,long,1129901038.4000006,0
2019-08-06 00:00:00+00:00,1493,SB11,11.73,300000000.0,notional_at_entry,long,22321.0,long,1127651081.6000004,0
2019-08-07 00:00:00+00:00,1494,SB11,11.34,300000000.0,notional_at_entry,long,22321.0,long,1117901268.8000004,0
2019-08-08 00:00:00+00:00,1495,SB11,11.43,300000000.0,notional_at_entry,long,22321.0,long,1120151225.6000004,0
2019-08-09 00:00:00+00:00,1496,SB11,11.86,300000000.0,notional_at_entry,long,22321.0,long,1130901019.2000005,0
2019-08-12 00:00:00+00:00,1497,SB11,11.56,300000000.0,notional_at_entry,long,22321.0,long,1123401163.2000005,0
2019-08-13 00:00:00+00:00,1498,SB11,11.72,300000000.0,notional_at_entry,long,22321.0,long,1127401086.4000006,0
2019-08-14 00:00:00+00:00,1499,SB11,11.61,300000000.0,notional_at_entry,long,22321.0,long,1124651139.2000005,0
2019-08-15 00:00:00+00:00,1500,SB11,11.63,300000000.0,notional_at_entry,long,22321.0,long,1125151129.6000004,0
2019-08-16 00:00:00+00:00,1501,SB11,11.64,300000000.0,notional_at_entry,long,22321.0,long,1125401124.8000004,0
2019-08-19 00:00:00+00:00,1502,SB11,11.47,300000000.0,notional_at_entry,long,22321.0,long,1121151206.4000006,0
2019-08-20 00:00:00+00:00,1503,SB11,11.44,300000000.0,notional_at_entry,long,22321.0,long,1120401220.8000004,0
2019-08-21 00:00:00+00:00,1504,SB11,11.39,300000000.0,notional_at_entry,long,22321.0,long,1119151244.8000004,0
2019-08-22 00:00:00+00:00,1505,SB11,11.58,300000000.0,notional_at_entry,long,22321.0,long,1123901153.6000004,0
2019-08-23 00:00:00+00:00,1506,SB11,11.47,300000000.0,notional_at_entry,long,22321.0,long,1121151206.4000006,0
2019-08-26 00:00:00+00:00,1507,SB11,11.43,300000000.0,notional_at_entry,long,22321.0,long,1120151225.6000004,0
2019-08-27 00:00:00+00:00,1508,SB11,11.24,300000000.0,notional_at_entry,long,22321.0,long,1115401316.8000004,0
2019-08-28 00:00:00+00:00,1509,SB11,11.37,300000000.0,notional_at_entry,long,22321.0,long,1118651254.4000006,0
2019-08-29 00:00:00+00:00,1510,SB11,11.21,300000000.0,notional_at_entry,long,22321.0,long,1114651331.2000005,0
2019-08-30 00:00:00+00:00,1511,SB11,11.14,300000000.0,notional_at_entry,long,22321.0,long,1112901364.8000004,0
2019-09-03 00:00:00+00:00,1512,SB11,11.19,300000000.0,notional_at_entry,long,22321.0,long,1114151340.8000004,0
2019-09-04 00:00:00+00:00,1513,SB11,11.01,300000000.0,notional_at_entry,long,22321.0,long,1109651427.2000005,0
2019-09-05 00:00:00+00:00,1514,SB11,10.97,300000000.0,notional_at_entry,long,22321.0,long,1108651446.4000006,0
2019-09-06 00:00:00+00:00,1515,SB11,11.02,300000000.0,notional_at_entry,long,22321.0,long,1109901422.4000006,0
2019-09-09 00:00:00+00:00,1516,SB11,10.92,300000000.0,notional_at_entry,long,22321.0,long,1107401470.4000006,0
2019-09-10 00:00:00+00:00,1517,SB11,10.88,300000000.0,notional_at_entry,long,22321.0,long,1106401489.6000004,0
2019-09-11 00:00:00+00:00,1518,SB11,10.81,300000000.0,notional_at_entry,long,22321.0,long,1104651523.2000005,0
2019-09-12 00:00:00+00:00,1519,SB11,11.84,300000000.0,notional_at_entry,long,22321.0,long,1130401028.8000004,0
2019-09-13 00:00:00+00:00,1520,SB11,11.94,300000000.0,notional_at_entry,long,22321.0,long,1132900980.8000004,0
2019-09-16 00:00:00+00:00,1521,SB11,12.26,300000000.0,notional_at_entry,long,22321.0,long,1140900827.2000005,0
2019-09-17 00:00:00+00:00,1522,SB11,12.1,300000000.0,notional_at_entry,long,22321.0,long,1136900904.0000005,0
2019-09-18 00:00:00+00:00,1523,SB11,12.07,300000000.0,notional_at_entry,long,22321.0,long,1136150918.4000006,0
2019-09-19 00:00:00+00:00,1524,SB11,12.0,300000000.0,notional_at_entry,long,22321.0,long,1134400952.0000005,0
2019-09-20 00:00:00+00:00,1525,SB11,12.07,300000000.0,notional_at_entry,long,22321.0,long,1136150918.4000006,0
2019-09-23 00:00:00+00:00,1526,SB11,12.21,300000000.0,notional_at_entry,long,22321.0,long,1139650851.2000005,0
2019-09-24 00:00:00+00:00,1527,SB11,12.41,300000000.0,notional_at_entry,long,22321.0,long,1144650755.2000005,0
2019-09-25 00:00:00+00:00,1528,SB11,12.66,300000000.0,notional_at_entry,long,22321.0,long,1150900635.2000005,0
2019-09-26 00:00:00+00:00,1529,SB11,12.62,300000000.0,notional_at_entry,long,22321.0,long,1149900654.4000006,0
2019-09-27 00:00:00+00:00,1530,SB11,12.62,300000000.0,notional_at_entry,long,22321.0,long,1149900654.4000006,0
2019-09-30 00:00:00+00:00,1531,SB11,12.65,300000000.0,notional_at_entry,long,22321.0,long,1150650640.0000005,0
2019-10-01 00:00:00+00:00,1532,SB11,12.88,300000000.0,notional_at_entry,long,22321.0,long,1156400529.6000004,0
2019-10-02 00:00:00+00:00,1533,SB11,12.89,300000000.0,notional_at_entry,long,22321.0,long,1156650524.8000004,0
2019-10-03 00:00:00+00:00,1534,SB11,12.74,300000000.0,notional_at_entry,long,22321.0,long,1152900596.8000004,0
2019-10-04 00:00:00+00:00,1535,SB11,12.76,300000000.0,notional_at_entry,long,22321.0,long,1153400587.2000005,0
2019-10-07 00:00:00+00:00,1536,SB11,12.52,300000000.0,notional_at_entry,long,22321.0,long,1147400702.4000006,0
2019-10-08 00:00:00+00:00,1537,SB11,12.46,300000000.0,notional_at_entry,long,22321.0,long,1145900731.2000005,0
2019-10-09 00:00:00+00:00,1538,SB11,12.41,300000000.0,notional_at_entry,long,22321.0,long,1144650755.2000005,0
2019-10-10 00:00:00+00:00,1539,SB11,12.41,300000000.0,notional_at_entry,long,22321.0,long,1144650755.2000005,0
2019-10-11 00:00:00+00:00,1540,SB11,12.41,300000000.0,notional_at_entry,long,22321.0,long,1144650755.2000005,0
2019-10-14 00:00:00+00:00,1541,SB11,12.52,300000000.0,notional_at_entry,long,22321.0,long,1147400702.4000006,0
2019-10-15 00:00:00+00:00,1542,SB11,12.59,300000000.0,notional_at_entry,long,22321.0,long,1149150668.8000004,0
2019-10-16 00:00:00+00:00,1543,SB11,12.35,300000000.0,notional_at_entry,long,22321.0,long,1143150784.0000005,0
2019-10-17 00:00:00+00:00,1544,SB11,12.24,300000000.0,notional_at_entry,long,22321.0,long,1140400836.8000004,0
2019-10-18 00:00:00+00:00,1545,SB11,12.32,300000000.0,notional_at_entry,long,22321.0,long,1142400798.4000006,0
2019-10-21 00:00:00+00:00,1546,SB11,12.27,300000000.0,notional_at_entry,long,22321.0,long,1141150822.4000006,0
2019-10-22 00:00:00+00:00,1547,SB11,12.18,300000000.0,notional_at_entry,long,22321.0,long,1138900865.6000004,0
2019-10-23 00:00:00+00:00,1548,SB11,12.15,300000000.0,notional_at_entry,long,22321.0,long,1138150880.0000005,0
2019-10-24 00:00:00+00:00,1549,SB11,12.3,300000000.0,notional_at_entry,long,22321.0,long,1141900808.0000005,0
2019-10-25 00:00:00+00:00,1550,SB11,12.35,300000000.0,notional_at_entry,long,22321.0,long,1143150784.0000005,0
2019-10-28 00:00:00+00:00,1551,SB11,12.54,300000000.0,notional_at_entry,long,22321.0,long,1147900692.8000004,0
2019-10-29 00:00:00+00:00,1552,SB11,12.34,300000000.0,notional_at_entry,long,22321.0,long,1142900788.8000004,0
2019-10-30 00:00:00+00:00,1553,SB11,12.41,300000000.0,notional_at_entry,long,22321.0,long,1144650755.2000005,0
2019-10-31 00:00:00+00:00,1554,SB11,12.48,300000000.0,notional_at_entry,long,22321.0,long,1146400721.6000004,0
2019-11-01 00:00:00+00:00,1555,SB11,12.48,300000000.0,notional_at_entry,long,22321.0,long,1146400721.6000004,0
2019-11-04 00:00:00+00:00,1556,SB11,12.51,300000000.0,notional_at_entry,long,22321.0,long,1147150707.2000005,0
2019-11-05 00:00:00+00:00,1557,SB11,12.71,300000000.0,notional_at_entry,long,22321.0,long,1152150611.2000005,0
2019-11-06 00:00:00+00:00,1558,SB11,12.56,300000000.0,notional_at_entry,long,22321.0,long,1148400683.2000005,0
2019-11-07 00:00:00+00:00,1559,SB11,12.39,300000000.0,notional_at_entry,long,22321.0,long,1144150764.8000004,0
2019-11-08 00:00:00+00:00,1560,SB11,12.57,300000000.0,notional_at_entry,long,22321.0,long,1148650678.4000006,0
2019-11-11 00:00:00+00:00,1561,SB11,12.57,300000000.0,notional_at_entry,long,22321.0,long,1148650678.4000006,0
2019-11-12 00:00:00+00:00,1562,SB11,12.59,300000000.0,notional_at_entry,long,22321.0,long,1149150668.8000004,0
2019-11-13 00:00:00+00:00,1563,SB11,12.85,300000000.0,notional_at_entry,long,22321.0,long,1155650544.0000005,0
2019-11-14 00:00:00+00:00,1564,SB11,12.81,300000000.0,notional_at_entry,long,22321.0,long,1154650563.2000005,0
2019-11-15 00:00:00+00:00,1565,SB11,12.73,300000000.0,notional_at_entry,long,22321.0,long,1152650601.6000004,0
2019-11-18 00:00:00+00:00,1566,SB11,12.76,300000000.0,notional_at_entry,long,22321.0,long,1153400587.2000005,0
2019-11-19 00:00:00+00:00,1567,SB11,12.69,300000000.0,notional_at_entry,long,22321.0,long,1151650620.8000004,0
2019-11-20 00:00:00+00:00,1568,SB11,12.75,300000000.0,notional_at_entry,long,22321.0,long,1153150592.0000005,0
2019-11-21 00:00:00+00:00,1569,SB11,12.61,300000000.0,notional_at_entry,long,22321.0,long,1149650659.2000005,0
2019-11-22 00:00:00+00:00,1570,SB11,12.83,300000000.0,notional_at_entry,long,22321.0,long,1155150553.6000004,0
2019-11-25 00:00:00+00:00,1571,SB11,12.82,300000000.0,notional_at_entry,long,22321.0,long,1154900558.4000006,0
2019-11-26 00:00:00+00:00,1572,SB11,12.78,300000000.0,notional_at_entry,long,22321.0,long,1153900577.6000004,0
2019-11-27 00:00:00+00:00,1573,SB11,12.79,300000000.0,notional_at_entry,long,22321.0,long,1154150572.8000004,0
2019-11-29 00:00:00+00:00,1574,SB11,12.94,300000000.0,notional_at_entry,long,22321.0,long,1157900500.8000004,0
2019-12-02 00:00:00+00:00,1575,SB11,12.75,300000000.0,notional_at_entry,long,22321.0,long,1153150592.0000005,0
2019-12-03 00:00:00+00:00,1576,SB11,12.86,300000000.0,notional_at_entry,long,22321.0,long,1155900539.2000005,0
2019-12-04 00:00:00+00:00,1577,SB11,13.06,300000000.0,notional_at_entry,long,22321.0,long,1160900443.2000005,0
2019-12-05 00:00:00+00:00,1578,SB11,13.08,300000000.0,notional_at_entry,long,22321.0,long,1161400433.6000004,0
2019-12-06 00:00:00+00:00,1579,SB11,13.18,300000000.0,notional_at_entry,long,22321.0,long,1163900385.6000004,0
2019-12-09 00:00:00+00:00,1580,SB11,13.38,300000000.0,notional_at_entry,long,22321.0,long,1168900289.6000004,0
2019-12-10 00:00:00+00:00,1581,SB11,13.46,300000000.0,notional_at_entry,long,22321.0,long,1170900251.2000005,0
2019-12-11 00:00:00+00:00,1582,SB11,13.42,300000000.0,notional_at_entry,long,22321.0,long,1169900270.4000006,0
2019-12-12 00:00:00+00:00,1583,SB11,13.52,300000000.0,notional_at_entry,long,22321.0,long,1172400222.4000006,0
2019-12-13 00:00:00+00:00,1584,SB11,13.5,300000000.0,notional_at_entry,long,22321.0,long,1171900232.0000005,0
2019-12-16 00:00:00+00:00,1585,SB11,13.29,300000000.0,notional_at_entry,long,22321.0,long,1166650332.8000004,0
2019-12-17 00:00:00+00:00,1586,SB11,13.27,300000000.0,notional_at_entry,long,22321.0,long,1166150342.4000006,0
2019-12-18 00:00:00+00:00,1587,SB11,13.43,300000000.0,notional_at_entry,long,22321.0,long,1170150265.6000004,0
2019-12-19 00:00:00+00:00,1588,SB11,13.55,300000000.0,notional_at_entry,long,22321.0,long,1173150208.0000005,0
2019-12-20 00:00:00+00:00,1589,SB11,13.54,300000000.0,notional_at_entry,long,22321.0,long,1172900212.8000004,0
2019-12-23 00:00:00+00:00,1590,SB11,13.45,300000000.0,notional_at_entry,long,22321.0,long,1170650256.0000005,0
2019-12-24 00:00:00+00:00,1591,SB11,13.37,300000000.0,notional_at_entry,long,22321.0,long,1168650294.4000006,0
2019-12-26 00:00:00+00:00,1592,SB11,13.44,300000000.0,notional_at_entry,long,22321.0,long,1170400260.8000004,0
2019-12-27 00:00:00+00:00,1593,SB11,13.54,300000000.0,notional_at_entry,long,22321.0,long,1172900212.8000004,0
2019-12-30 00:00:00+00:00,1594,SB11,13.53,300000000.0,notional_at_entry,long,22321.0,long,1172650217.6000004,0
2019-12-31 00:00:00+00:00,1595,SB11,13.42,300000000.0,notional_at_entry,long,22321.0,long,1169900270.4000006,0
2020-01-02 00:00:00+00:00,1596,SB11,13.13,300000000.0,notional_at_entry,long,22321.0,long,1162650409.6000004,0
2020-01-03 00:00:00+00:00,1597,SB11,13.31,300000000.0,notional_at_entry,long,22321.0,long,1167150323.2000005,0
2020-01-06 00:00:00+00:00,1598,SB11,13.73,300000000.0,notional_at_entry,long,22321.0,long,1177650121.6000004,0
2020-01-07 00:00:00+00:00,1599,SB11,13.59,300000000.0,notional_at_entry,long,22321.0,long,1174150188.8000004,0
2020-01-08 00:00:00+00:00,1600,SB11,13.47,300000000.0,notional_at_entry,long,22321.0,long,1171150246.4000006,0
2020-01-09 00:00:00+00:00,1601,SB11,13.71,300000000.0,notional_at_entry,long,22321.0,long,1177150131.2000005,0
2020-01-10 00:00:00+00:00,1602,SB11,14.07,300000000.0,notional_at_entry,long,22321.0,long,1186149958.4000006,0
2020-01-13 00:00:00+00:00,1603,SB11,14.16,300000000.0,notional_at_entry,long,22321.0,long,1188399915.2000005,0
2020-01-14 00:00:00+00:00,1604,SB11,14.32,300000000.0,notional_at_entry,long,22321.0,long,1192399838.4000006,0
2020-01-15 00:00:00+00:00,1605,SB11,14.52,300000000.0,notional_at_entry,long,22321.0,long,1197399742.4000006,0
2020-01-16 00:00:00+00:00,1606,SB11,14.43,300000000.0,notional_at_entry,long,22321.0,long,1195149785.6000004,0
2020-01-17 00:00:00+00:00,1607,SB11,14.45,300000000.0,notional_at_entry,long,22321.0,long,1195649776.0000005,0
2020-01-21 00:00:00+00:00,1608,SB11,14.55,300000000.0,notional_at_entry,long,22321.0,long,1198149728.0000005,0
2020-01-22 00:00:00+00:00,1609,SB11,14.66,300000000.0,notional_at_entry,long,22321.0,long,1200899675.2000005,0
2020-01-23 00:00:00+00:00,1610,SB11,14.57,300000000.0,notional_at_entry,long,22321.0,long,1198649718.4000006,0
2020-01-24 00:00:00+00:00,1611,SB11,14.39,300000000.0,notional_at_entry,long,22321.0,long,1194149804.8000004,0
2020-01-27 00:00:00+00:00,1612,SB11,14.21,300000000.0,notional_at_entry,long,22321.0,long,1189649891.2000005,0
2020-01-28 00:00:00+00:00,1613,SB11,14.54,300000000.0,notional_at_entry,long,22321.0,long,1197899732.8000004,0
2020-01-29 00:00:00+00:00,1614,SB11,14.49,300000000.0,notional_at_entry,long,22321.0,long,1196649756.8000004,0
2020-01-30 00:00:00+00:00,1615,SB11,14.59,300000000.0,notional_at_entry,long,22321.0,long,1199149708.8000004,0
2020-01-31 00:00:00+00:00,1616,SB11,14.61,300000000.0,notional_at_entry,long,22321.0,long,1199649699.2000005,0
2020-02-03 00:00:00+00:00,1617,SB11,14.89,300000000.0,notional_at_entry,long,22321.0,long,1206649564.8000004,0
2020-02-04 00:00:00+00:00,1618,SB11,14.71,300000000.0,notional_at_entry,long,22321.0,long,1202149651.2000005,0
2020-02-05 00:00:00+00:00,1619,SB11,14.73,-300000000.0,notional_at_entry,short,-18184.0,short,1202649641.6000004,1
2020-02-06 00:00:00+00:00,1620,SB11,14.74,-300000000.0,notional_at_entry,short,-18184.0,short,1202445980.8000004,0
2020-02-07 00:00:00+00:00,1621,SB11,14.92,-300000000.0,notional_at_entry,short,-18184.0,short,1198780086.4000003,0
2020-02-10 00:00:00+00:00,1622,SB11,15.04,-300000000.0,notional_at_entry,short,-18184.0,short,1196336156.8000004,0
2020-02-11 00:00:00+00:00,1623,SB11,15.41,-300000000.0,notional_at_entry,short,-18184.0,short,1188800707.2000003,0
2020-02-12 00:00:00+00:00,1624,SB11,15.06,-300000000.0,notional_at_entry,short,-18184.0,short,1195928835.2000003,0
2020-02-13 00:00:00+00:00,1625,SB11,14.78,-300000000.0,notional_at_entry,short,-18184.0,short,1201631337.6000004,0
2020-02-14 00:00:00+00:00,1626,SB11,14.55,-300000000.0,notional_at_entry,short,-18184.0,short,1206315536.0000005,0
2020-02-18 00:00:00+00:00,1627,SB11,14.87,-300000000.0,notional_at_entry,short,-18184.0,short,1199798390.4000003,0
2020-02-19 00:00:00+00:00,1628,SB11,15.08,-300000000.0,notional_at_entry,short,-18184.0,short,1195521513.6000004,0
2020-02-20 00:00:00+00:00,1629,SB11,14.94,-300000000.0,notional_at_entry,short,-18184.0,short,1198372764.8000004,0
2020-02-21 00:00:00+00:00,1630,SB11,15.12,-300000000.0,notional_at_entry,short,-18184.0,short,1194706870.4000003,0
2020-02-24 00:00:00+00:00,1631,SB11,14.73,-300000000.0,notional_at_entry,short,-18184.0,short,1202649641.6000004,0
2020-02-25 00:00:00+00:00,1632,SB11,14.74,-300000000.0,notional_at_entry,short,-18184.0,short,1202445980.8000004,0
2020-02-26 00:00:00+00:00,1633,SB11,14.54,-300000000.0,notional_at_entry,short,-18184.0,short,1206519196.8000004,0
2020-02-27 00:00:00+00:00,1634,SB11,14.2,-300000000.0,notional_at_entry,short,-18184.0,short,1213443664.0000005,0
2020-02-28 00:00:00+00:00,1635,SB11,14.14,-300000000.0,notional_at_entry,short,-18184.0,short,1214665628.8000004,0
2020-03-02 00:00:00+00:00,1636,SB11,13.81,-300000000.0,notional_at_entry,short,-18184.0,short,1221386435.2000003,0
2020-03-03 00:00:00+00:00,1637,SB11,13.76,-300000000.0,notional_at_entry,short,-18184.0,short,1222404739.2000003,0
2020-03-04 00:00:00+00:00,1638,SB11,13.47,-300000000.0,notional_at_entry,short,-18184.0,short,1228310902.4000003,0
2020-03-05 00:00:00+00:00,1639,SB11,13.42,-300000000.0,notional_at_entry,short,-18184.0,short,1229329206.4000003,0
2020-03-06 00:00:00+00:00,1640,SB11,13.02,-300000000.0,notional_at_entry,short,-18184.0,short,1237475638.4000003,0
2020-03-09 00:00:00+00:00,1641,SB11,12.61,-300000000.0,notional_at_entry,short,-18184.0,short,1245825731.2000003,0
2020-03-10 00:00:00+00:00,1642,SB11,12.59,-300000000.0,notional_at_entry,short,-18184.0,short,1246233052.8000004,0
2020-03-11 00:00:00+00:00,1643,SB11,12.26,-300000000.0,notional_at_entry,short,-18184.0,short,1252953859.2000003,0
2020-03-12 00:00:00+00:00,1644,SB11,11.62,-300000000.0,notional_at_entry,short,-18184.0,short,1265988150.4000003,0
2020-03-13 00:00:00+00:00,1645,SB11,11.7,-300000000.0,notional_at_entry,short,-18184.0,short,1264358864.0000005,0
2020-03-16 00:00:00+00:00,1646,SB11,11.09,-300000000.0,notional_at_entry,short,-18184.0,short,1276782172.8000004,0
2020-03-17 00:00:00+00:00,1647,SB11,10.89,-300000000.0,notional_at_entry,short,-18184.0,short,1280855388.8000004,0
2020-03-18 00:00:00+00:00,1648,SB11,10.67,-300000000.0,notional_at_entry,short,-18184.0,short,1285335926.4000003,0
2020-03-19 00:00:00+00:00,1649,SB11,10.59,-300000000.0,notional_at_entry,short,-18184.0,short,1286965212.8000004,0
2020-03-20 00:00:00+00:00,1650,SB11,10.91,-300000000.0,notional_at_entry,short,-18184.0,short,1280448067.2000003,0
2020-03-23 00:00:00+00:00,1651,SB11,11.04,-300000000.0,notional_at_entry,short,-18184.0,short,1277800476.8000004,0
2020-03-24 00:00:00+00:00,1652,SB11,11.27,-300000000.0,notional_at_entry,short,-18184.0,short,1273116278.4000003,0
2020-03-25 00:00:00+00:00,1653,SB11,11.41,-300000000.0,notional_at_entry,short,-18184.0,short,1270265027.2000003,0
2020-03-26 00:00:00+00:00,1654,SB11,11.33,-300000000.0,notional_at_entry,short,-18184.0,short,1271894313.6000004,0
2020-03-27 00:00:00+00:00,1655,SB11,11.1,-300000000.0,notional_at_entry,short,-18184.0,short,1276578512.0000005,0
2020-03-30 00:00:00+00:00,1656,SB11,10.73,-300000000.0,notional_at_entry,short,-18184.0,short,1284113961.6000004,0
2020-03-31 00:00:00+00:00,1657,SB11,10.42,-300000000.0,notional_at_entry,short,-18184.0,short,1290427446.4000003,0
2020-04-01 00:00:00+00:00,1658,SB11,10.04,-300000000.0,notional_at_entry,short,-18184.0,short,1298166556.8000004,0
2020-04-02 00:00:00+00:00,1659,SB11,10.29,-300000000.0,notional_at_entry,short,-18184.0,short,1293075036.8000004,0
2020-04-03 00:00:00+00:00,1660,SB11,10.31,-300000000.0,notional_at_entry,short,-18184.0,short,1292667715.2000003,0
2020-04-06 00:00:00+00:00,1661,SB11,10.45,-300000000.0,notional_at_entry,short,-18184.0,short,1289816464.0000005,0
2020-04-07 00:00:00+00:00,1662,SB11,10.38,-300000000.0,notional_at_entry,short,-18184.0,short,1291242089.6000004,0
2020-04-08 00:00:00+00:00,1663,SB11,10.37,-300000000.0,notional_at_entry,short,-18184.0,short,1291445750.4000003,0
2020-04-09 00:00:00+00:00,1664,SB11,10.43,-300000000.0,notional_at_entry,short,-18184.0,short,1290223785.6000004,0
2020-04-13 00:00:00+00:00,1665,SB11,10.17,-300000000.0,notional_at_entry,short,-18184.0,short,1295518966.4000003,0
2020-04-14 00:00:00+00:00,1666,SB11,10.25,-300000000.0,notional_at_entry,short,-18184.0,short,1293889680.0000005,0
2020-04-15 00:00:00+00:00,1667,SB11,10.28,-300000000.0,notional_at_entry,short,-18184.0,short,1293278697.6000004,0
2020-04-16 00:00:00+00:00,1668,SB11,10.33,-300000000.0,notional_at_entry,short,-18184.0,short,1292260393.6000004,0
2020-04-17 00:00:00+00:00,1669,SB11,10.53,-300000000.0,notional_at_entry,short,-18184.0,short,1288187177.6000004,0
2020-04-20 00:00:00+00:00,1670,SB11,10.26,300000000.0,notional_at_entry,long,26106.0,long,1293686019.2000003,1
2020-04-21 00:00:00+00:00,1671,SB11,10.01,300000000.0,notional_at_entry,long,26106.0,long,1286376339.2000003,0
2020-04-22 00:00:00+00:00,1672,SB11,10.01,300000000.0,notional_at_entry,long,26106.0,long,1286376339.2000003,0
2020-04-23 00:00:00+00:00,1673,SB11,10.01,300000000.0,notional_at_entry,long,26106.0,long,1286376339.2000003,0
2020-04-24 00:00:00+00:00,1674,SB11,9.81,300000000.0,notional_at_entry,long,26106.0,long,1280528595.2000003,0
2020-04-27 00:00:00+00:00,1675,SB11,9.38,300000000.0,notional_at_entry,long,26106.0,long,1267955945.6000004,0
2020-04-28 00:00:00+00:00,1676,SB11,9.52,300000000.0,notional_at_entry,long,26106.0,long,1272049366.4000003,0
2020-04-29 00:00:00+00:00,1677,SB11,9.92,300000000.0,notional_at_entry,long,26106.0,long,1283744854.4000003,0
2020-04-30 00:00:00+00:00,1678,SB11,10.37,300000000.0,notional_at_entry,long,26106.0,long,1296902278.4000003,0
2020-05-01 00:00:00+00:00,1679,SB11,10.97,300000000.0,notional_at_entry,long,26106.0,long,1314445510.4000003,0
2020-05-04 00:00:00+00:00,1680,SB11,10.4,300000000.0,notional_at_entry,long,26106.0,long,1297779440.0000002,0
2020-05-05 00:00:00+00:00,1681,SB11,10.78,300000000.0,notional_at_entry,long,26106.0,long,1308890153.6000004,0
2020-05-06 00:00:00+00:00,1682,SB11,10.27,300000000.0,notional_at_entry,long,26106.0,long,1293978406.4000003,0
2020-05-07 00:00:00+00:00,1683,SB11,10.33,300000000.0,notional_at_entry,long,26106.0,long,1295732729.6000004,0
2020-05-08 00:00:00+00:00,1684,SB11,10.29,300000000.0,notional_at_entry,long,26106.0,long,1294563180.8000002,0
2020-05-11 00:00:00+00:00,1685,SB11,10.12,300000000.0,notional_at_entry,long,26106.0,long,1289592598.4000003,0
2020-05-12 00:00:00+00:00,1686,SB11,10.25,300000000.0,notional_at_entry,long,26106.0,long,1293393632.0000002,0
2020-05-13 00:00:00+00:00,1687,SB11,10.26,300000000.0,notional_at_entry,long,26106.0,long,1293686019.2000003,0
2020-05-14 00:00:00+00:00,1688,SB11,10.46,300000000.0,notional_at_entry,long,26106.0,long,1299533763.2000003,0
2020-05-15 00:00:00+00:00,1689,SB11,10.38,300000000.0,notional_at_entry,long,26106.0,long,1297194665.6000004,0
2020-05-18 00:00:00+00:00,1690,SB11,10.8,300000000.0,notional_at_entry,long,26106.0,long,1309474928.0000002,0
2020-05-19 00:00:00+00:00,1691,SB11,10.85,300000000.0,notional_at_entry,long,26106.0,long,1310936864.0000002,0
2020-05-20 00:00:00+00:00,1692,SB11,11.19,300000000.0,notional_at_entry,long,26106.0,long,1320878028.8000002,0
2020-05-21 00:00:00+00:00,1693,SB11,10.98,300000000.0,notional_at_entry,long,26106.0,long,1314737897.6000004,0
2020-05-22 00:00:00+00:00,1694,SB11,10.93,300000000.0,notional_at_entry,long,26106.0,long,1313275961.6000004,0
2020-05-26 00:00:00+00:00,1695,SB11,11.05,300000000.0,notional_at_entry,long,26106.0,long,1316784608.0000002,0
2020-05-27 00:00:00+00:00,1696,SB11,10.8,300000000.0,notional_at_entry,long,26106.0,long,1309474928.0000002,0
2020-05-28 00:00:00+00:00,1697,SB11,10.8,300000000.0,notional_at_entry,long,26106.0,long,1309474928.0000002,0
2020-05-29 00:00:00+00:00,1698,SB11,10.91,300000000.0,notional_at_entry,long,26106.0,long,1312691187.2000003,0
2020-06-01 00:00:00+00:00,1699,SB11,11.0,300000000.0,notional_at_entry,long,26106.0,long,1315322672.0000002,0
2020-06-02 00:00:00+00:00,1700,SB11,11.22,300000000.0,notional_at_entry,long,26106.0,long,1321755190.4000003,0
2020-06-03 00:00:00+00:00,1701,SB11,11.62,300000000.0,notional_at_entry,long,26106.0,long,1333450678.4000003,0
2020-06-04 00:00:00+00:00,1702,SB11,11.73,300000000.0,notional_at_entry,long,26106.0,long,1336666937.6000004,0
2020-06-05 00:00:00+00:00,1703,SB11,12.02,300000000.0,notional_at_entry,long,26106.0,long,1345146166.4000003,0
2020-06-08 00:00:00+00:00,1704,SB11,11.94,300000000.0,notional_at_entry,long,26106.0,long,1342807068.8000002,0
2020-06-09 00:00:00+00:00,1705,SB11,12.0,300000000.0,notional_at_entry,long,26106.0,long,1344561392.0000002,0
2020-06-10 00:00:00+00:00,1706,SB11,12.23,300000000.0,notional_at_entry,long,26106.0,long,1351286297.6000004,0
2020-06-11 00:00:00+00:00,1707,SB11,12.1,300000000.0,notional_at_entry,long,26106.0,long,1347485264.0000002,0
2020-06-12 00:00:00+00:00,1708,SB11,12.04,300000000.0,notional_at_entry,long,26106.0,long,1345730940.8000002,0
2020-06-15 00:00:00+00:00,1709,SB11,12.13,300000000.0,notional_at_entry,long,26106.0,long,1348362425.6000004,0
2020-06-16 00:00:00+00:00,1710,SB11,12.28,300000000.0,notional_at_entry,long,26106.0,long,1352748233.6000004,0
2020-06-17 00:00:00+00:00,1711,SB11,12.26,300000000.0,notional_at_entry,long,26106.0,long,1352163459.2000003,0
2020-06-18 00:00:00+00:00,1712,SB11,12.04,300000000.0,notional_at_entry,long,26106.0,long,1345730940.8000002,0
2020-06-19 00:00:00+00:00,1713,SB11,12.18,300000000.0,notional_at_entry,long,26106.0,long,1349824361.6000004,0
2020-06-22 00:00:00+00:00,1714,SB11,12.06,300000000.0,notional_at_entry,long,26106.0,long,1346315715.2000003,0
2020-06-23 00:00:00+00:00,1715,SB11,11.92,300000000.0,notional_at_entry,long,26106.0,long,1342222294.4000003,0
2020-06-24 00:00:00+00:00,1716,SB11,11.84,300000000.0,notional_at_entry,long,26106.0,long,1339883196.8000002,0
2020-06-25 00:00:00+00:00,1717,SB11,11.92,300000000.0,notional_at_entry,long,26106.0,long,1342222294.4000003,0
2020-06-26 00:00:00+00:00,1718,SB11,11.62,300000000.0,notional_at_entry,long,26106.0,long,1333450678.4000003,0
2020-06-29 00:00:00+00:00,1719,SB11,11.77,300000000.0,notional_at_entry,long,26106.0,long,1337836486.4000003,0
2020-06-30 00:00:00+00:00,1720,SB11,11.96,300000000.0,notional_at_entry,long,26106.0,long,1343391843.2000003,0
2020-07-01 00:00:00+00:00,1721,SB11,12.17,300000000.0,notional_at_entry,long,26106.0,long,1349531974.4000003,0
2020-07-02 00:00:00+00:00,1722,SB11,12.24,300000000.0,notional_at_entry,long,26106.0,long,1351578684.8000002,0
2020-07-06 00:00:00+00:00,1723,SB11,11.93,300000000.0,notional_at_entry,long,26106.0,long,1342514681.6000004,0
2020-07-07 00:00:00+00:00,1724,SB11,12.18,300000000.0,notional_at_entry,long,26106.0,long,1349824361.6000004,0
2020-07-08 00:00:00+00:00,1725,SB11,12.08,300000000.0,notional_at_entry,long,26106.0,long,1346900489.6000004,0
2020-07-09 00:00:00+00:00,1726,SB11,11.84,300000000.0,notional_at_entry,long,26106.0,long,1339883196.8000002,0
2020-07-10 00:00:00+00:00,1727,SB11,11.76,300000000.0,notional_at_entry,long,26106.0,long,1337544099.2000003,0
2020-07-13 00:00:00+00:00,1728,SB11,11.58,300000000.0,notional_at_entry,long,26106.0,long,1332281129.6000004,0
2020-07-14 00:00:00+00:00,1729,SB11,11.32,300000000.0,notional_at_entry,long,26106.0,long,1324679062.4000003,0
2020-07-15 00:00:00+00:00,1730,SB11,11.82,300000000.0,notional_at_entry,long,26106.0,long,1339298422.4000003,0
2020-07-16 00:00:00+00:00,1731,SB11,11.79,300000000.0,notional_at_entry,long,26106.0,long,1338421260.8000002,0
2020-07-17 00:00:00+00:00,1732,SB11,11.73,300000000.0,notional_at_entry,long,26106.0,long,1336666937.6000004,0
2020-07-20 00:00:00+00:00,1733,SB11,11.72,300000000.0,notional_at_entry,long,26106.0,long,1336374550.4000003,0
2020-07-21 00:00:00+00:00,1734,SB11,11.67,300000000.0,notional_at_entry,long,26106.0,long,1334912614.4000003,0
2020-07-22 00:00:00+00:00,1735,SB11,11.86,300000000.0,notional_at_entry,long,26106.0,long,1340467971.2000003,0
2020-07-23 00:00:00+00:00,1736,SB11,11.77,300000000.0,notional_at_entry,long,26106.0,long,1337836486.4000003,0
2020-07-24 00:00:00+00:00,1737,SB11,11.49,300000000.0,notional_at_entry,long,26106.0,long,1329649644.8000002,0
2020-07-27 00:00:00+00:00,1738,SB11,12.12,300000000.0,notional_at_entry,long,26106.0,long,1348070038.4000003,0
2020-07-28 00:00:00+00:00,1739,SB11,12.01,300000000.0,notional_at_entry,long,26106.0,long,1344853779.2000003,0
2020-07-29 00:00:00+00:00,1740,SB11,12.01,300000000.0,notional_at_entry,long,26106.0,long,1344853779.2000003,0
2020-07-30 00:00:00+00:00,1741,SB11,12.11,300000000.0,notional_at_entry,long,26106.0,long,1347777651.2000003,0
2020-07-31 00:00:00+00:00,1742,SB11,12.64,300000000.0,notional_at_entry,long,26106.0,long,1363274172.8000002,0
2020-08-03 00:00:00+00:00,1743,SB11,12.72,300000000.0,notional_at_entry,long,26106.0,long,1365613270.4000003,0
2020-08-04 00:00:00+00:00,1744,SB11,12.78,300000000.0,notional_at_entry,long,26106.0,long,1367367593.6000004,0
2020-08-05 00:00:00+00:00,1745,SB11,12.54,300000000.0,notional_at_entry,long,26106.0,long,1360350300.8000002,0
2020-08-06 00:00:00+00:00,1746,SB11,12.94,300000000.0,notional_at_entry,long,26106.0,long,1372045788.8000002,0
2020-08-07 00:00:00+00:00,1747,SB11,12.67,300000000.0,notional_at_entry,long,26106.0,long,1364151334.4000003,0
2020-08-10 00:00:00+00:00,1748,SB11,12.55,300000000.0,notional_at_entry,long,26106.0,long,1360642688.0000002,0
2020-08-11 00:00:00+00:00,1749,SB11,12.74,300000000.0,notional_at_entry,long,26106.0,long,1366198044.8000002,0
2020-08-12 00:00:00+00:00,1750,SB11,12.84,300000000.0,notional_at_entry,long,26106.0,long,1369121916.8000002,0
2020-08-13 00:00:00+00:00,1751,SB11,13.11,300000000.0,notional_at_entry,long,26106.0,long,1377016371.2000003,0
2020-08-14 00:00:00+00:00,1752,SB11,13.1,300000000.0,notional_at_entry,long,26106.0,long,1376723984.0000002,0
2020-08-17 00:00:00+00:00,1753,SB11,13.06,300000000.0,notional_at_entry,long,26106.0,long,1375554435.2000003,0
2020-08-18 00:00:00+00:00,1754,SB11,12.89,300000000.0,notional_at_entry,long,26106.0,long,1370583852.8000002,0
2020-08-19 00:00:00+00:00,1755,SB11,13.24,300000000.0,notional_at_entry,long,26106.0,long,1380817404.8000002,0
2020-08-20 00:00:00+00:00,1756,SB11,13.01,300000000.0,notional_at_entry,long,26106.0,long,1374092499.2000003,0
2020-08-21 00:00:00+00:00,1757,SB11,12.83,300000000.0,notional_at_entry,long,26106.0,long,1368829529.6000004,0
2020-08-24 00:00:00+00:00,1758,SB11,12.71,300000000.0,notional_at_entry,long,26106.0,long,1365320883.2000003,0
2020-08-25 00:00:00+00:00,1759,SB11,12.76,300000000.0,notional_at_entry,long,26106.0,long,1366782819.2000003,0
2020-08-26 00:00:00+00:00,1760,SB11,12.58,300000000.0,notional_at_entry,long,26106.0,long,1361519849.6000004,0
2020-08-27 00:00:00+00:00,1761,SB11,12.77,300000000.0,notional_at_entry,long,26106.0,long,1367075206.4000003,0
2020-08-28 00:00:00+00:00,1762,SB11,12.6,300000000.0,notional_at_entry,long,26106.0,long,1362104624.0000002,0
2020-08-31 00:00:00+00:00,1763,SB11,12.66,300000000.0,notional_at_entry,long,26106.0,long,1363858947.2000003,0
2020-09-01 00:00:00+00:00,1764,SB11,12.6,300000000.0,notional_at_entry,long,26106.0,long,1362104624.0000002,0
2020-09-02 00:00:00+00:00,1765,SB11,12.44,300000000.0,notional_at_entry,long,26106.0,long,1357426428.8000002,0
2020-09-03 00:00:00+00:00,1766,SB11,12.07,300000000.0,notional_at_entry,long,26106.0,long,1346608102.4000003,0
2020-09-04 00:00:00+00:00,1767,SB11,11.93,300000000.0,notional_at_entry,long,26106.0,long,1342514681.6000004,0
2020-09-08 00:00:00+00:00,1768,SB11,12.04,300000000.0,notional_at_entry,long,26106.0,long,1345730940.8000002,0
2020-09-09 00:00:00+00:00,1769,SB11,12.03,300000000.0,notional_at_entry,long,26106.0,long,1345438553.6000004,0
2020-09-10 00:00:00+00:00,1770,SB11,11.91,300000000.0,notional_at_entry,long,26106.0,long,1341929907.2000003,0
2020-09-11 00:00:00+00:00,1771,SB11,11.92,300000000.0,notional_at_entry,long,26106.0,long,1342222294.4000003,0
2020-09-14 00:00:00+00:00,1772,SB11,11.76,300000000.0,notional_at_entry,long,26106.0,long,1337544099.2000003,0
2020-09-15 00:00:00+00:00,1773,SB11,12.71,300000000.0,notional_at_entry,long,26106.0,long,1365320883.2000003,0
2020-09-16 00:00:00+00:00,1774,SB11,12.92,300000000.0,notional_at_entry,long,26106.0,long,1371461014.4000003,0
2020-09-17 00:00:00+00:00,1775,SB11,13.23,300000000.0,notional_at_entry,long,26106.0,long,1380525017.6000004,0
2020-09-18 00:00:00+00:00,1776,SB11,13.38,300000000.0,notional_at_entry,long,26106.0,long,1384910825.6000004,0
2020-09-21 00:00:00+00:00,1777,SB11,13.13,300000000.0,notional_at_entry,long,26106.0,long,1377601145.6000004,0
2020-09-22 00:00:00+00:00,1778,SB11,13.41,300000000.0,notional_at_entry,long,26106.0,long,1385787987.2000003,0
2020-09-23 00:00:00+00:00,1779,SB11,13.33,300000000.0,notional_at_entry,long,26106.0,long,1383448889.6000004,0
2020-09-24 00:00:00+00:00,1780,SB11,13.37,300000000.0,notional_at_entry,long,26106.0,long,1384618438.4000003,0
2020-09-25 00:00:00+00:00,1781,SB11,13.51,300000000.0,notional_at_entry,long,26106.0,long,1388711859.2000003,0
2020-09-28 00:00:00+00:00,1782,SB11,13.05,300000000.0,notional_at_entry,long,26106.0,long,1375262048.0000002,0
2020-09-29 00:00:00+00:00,1783,SB11,13.42,300000000.0,notional_at_entry,long,26106.0,long,1386080374.4000003,0
2020-09-30 00:00:00+00:00,1784,SB11,13.51,300000000.0,notional_at_entry,long,26106.0,long,1388711859.2000003,0
2020-10-01 00:00:00+00:00,1785,SB11,13.58,300000000.0,notional_at_entry,long,26106.0,long,1390758569.6000004,0
2020-10-02 00:00:00+00:00,1786,SB11,13.55,300000000.0,notional_at_entry,long,26106.0,long,1389881408.0000002,0
2020-10-05 00:00:00+00:00,1787,SB11,13.61,300000000.0,notional_at_entry,long,26106.0,long,1391635731.2000003,0
2020-10-06 00:00:00+00:00,1788,SB11,13.88,300000000.0,notional_at_entry,long,26106.0,long,1399530185.6000004,0
2020-10-07 00:00:00+00:00,1789,SB11,14.14,300000000.0,notional_at_entry,long,26106.0,long,1407132252.8000002,0
2020-10-08 00:00:00+00:00,1790,SB11,14.17,300000000.0,notional_at_entry,long,26106.0,long,1408009414.4000003,0
2020-10-09 00:00:00+00:00,1791,SB11,14.23,300000000.0,notional_at_entry,long,26106.0,long,1409763737.6000004,0
2020-10-12 00:00:00+00:00,1792,SB11,13.84,300000000.0,notional_at_entry,long,26106.0,long,1398360636.8000002,0
2020-10-13 00:00:00+00:00,1793,SB11,14.01,300000000.0,notional_at_entry,long,26106.0,long,1403331219.2000003,0
2020-10-14 00:00:00+00:00,1794,SB11,14.2,300000000.0,notional_at_entry,long,26106.0,long,1408886576.0000002,0
2020-10-15 00:00:00+00:00,1795,SB11,14.18,300000000.0,notional_at_entry,long,26106.0,long,1408301801.6000004,0
2020-10-16 00:00:00+00:00,1796,SB11,14.43,300000000.0,notional_at_entry,long,26106.0,long,1415611481.6000004,0
2020-10-19 00:00:00+00:00,1797,SB11,14.72,300000000.0,notional_at_entry,long,26106.0,long,1424090710.4000003,0
2020-10-20 00:00:00+00:00,1798,SB11,14.54,300000000.0,notional_at_entry,long,26106.0,long,1418827740.8000002,0
2020-10-21 00:00:00+00:00,1799,SB11,14.5,300000000.0,notional_at_entry,long,26106.0,long,1417658192.0000002,0
2020-10-22 00:00:00+00:00,1800,SB11,14.78,300000000.0,notional_at_entry,long,26106.0,long,1425845033.6000004,0
2020-10-23 00:00:00+00:00,1801,SB11,14.72,300000000.0,notional_at_entry,long,26106.0,long,1424090710.4000003,0
2020-10-26 00:00:00+00:00,1802,SB11,14.77,300000000.0,notional_at_entry,long,26106.0,long,1425552646.4000003,0
2020-10-27 00:00:00+00:00,1803,SB11,14.83,300000000.0,notional_at_entry,long,26106.0,long,1427306969.6000004,0
2020-10-28 00:00:00+00:00,1804,SB11,14.89,300000000.0,notional_at_entry,long,26106.0,long,1429061292.8000002,0
2020-10-29 00:00:00+00:00,1805,SB11,14.4,300000000.0,notional_at_entry,long,26106.0,long,1414734320.0000002,0
2020-10-30 00:00:00+00:00,1806,SB11,14.36,300000000.0,notional_at_entry,long,26106.0,long,1413564771.2000003,0
2020-11-02 00:00:00+00:00,1807,SB11,14.97,300000000.0,notional_at_entry,long,26106.0,long,1431400390.4000003,0
2020-11-03 00:00:00+00:00,1808,SB11,14.72,300000000.0,notional_at_entry,long,26106.0,long,1424090710.4000003,0
2020-11-04 00:00:00+00:00,1809,SB11,14.65,300000000.0,notional_at_entry,long,26106.0,long,1422044000.0000002,0
2020-11-05 00:00:00+00:00,1810,SB11,14.48,300000000.0,notional_at_entry,long,26106.0,long,1417073417.6000004,0
2020-11-06 00:00:00+00:00,1811,SB11,14.91,300000000.0,notional_at_entry,long,26106.0,long,1429646067.2000003,0
2020-11-09 00:00:00+00:00,1812,SB11,14.88,300000000.0,notional_at_entry,long,26106.0,long,1428768905.6000004,0
2020-11-10 00:00:00+00:00,1813,SB11,14.68,300000000.0,notional_at_entry,long,26106.0,long,1422921161.6000004,0
2020-11-11 00:00:00+00:00,1814,SB11,14.49,300000000.0,notional_at_entry,long,26106.0,long,1417365804.8000002,0
2020-11-12 00:00:00+00:00,1815,SB11,14.92,300000000.0,notional_at_entry,long,26106.0,long,1429938454.4000003,0
2020-11-13 00:00:00+00:00,1816,SB11,14.96,300000000.0,notional_at_entry,long,26106.0,long,1431108003.2000003,0
2020-11-16 00:00:00+00:00,1817,SB11,15.47,300000000.0,notional_at_entry,long,26106.0,long,1446019750.4000003,0
2020-11-17 00:00:00+00:00,1818,SB11,15.31,300000000.0,notional_at_entry,long,26106.0,long,1441341555.2000003,0
2020-11-18 00:00:00+00:00,1819,SB11,15.45,300000000.0,notional_at_entry,long,26106.0,long,1445434976.0000002,0
2020-11-19 00:00:00+00:00,1820,SB11,15.28,300000000.0,notional_at_entry,long,26106.0,long,1440464393.6000004,0
2020-11-20 00:00:00+00:00,1821,SB11,15.21,300000000.0,notional_at_entry,long,26106.0,long,1438417683.2000003,0
2020-11-23 00:00:00+00:00,1822,SB11,15.15,300000000.0,notional_at_entry,long,26106.0,long,1436663360.0000002,0
2020-11-24 00:00:00+00:00,1823,SB11,15.04,300000000.0,notional_at_entry,long,26106.0,long,1433447100.8000002,0
2020-11-25 00:00:00+00:00,1824,SB11,14.77,300000000.0,notional_at_entry,long,26106.0,long,1425552646.4000003,0
2020-11-27 00:00:00+00:00,1825,SB11,14.82,300000000.0,notional_at_entry,long,26106.0,long,1427014582.4000003,0
2020-11-30 00:00:00+00:00,1826,SB11,14.51,300000000.0,notional_at_entry,long,26106.0,long,1417950579.2000003,0
2020-12-01 00:00:00+00:00,1827,SB11,14.51,300000000.0,notional_at_entry,long,26106.0,long,1417950579.2000003,0
2020-12-02 00:00:00+00:00,1828,SB11,14.6,300000000.0,notional_at_entry,long,26106.0,long,1420582064.0000002,0
2020-12-03 00:00:00+00:00,1829,SB11,14.71,300000000.0,notional_at_entry,long,26106.0,long,1423798323.2000003,0
2020-12-04 00:00:00+00:00,1830,SB11,14.44,300000000.0,notional_at_entry,long,26106.0,long,1415903868.8000002,0
2020-12-07 00:00:00+00:00,1831,SB11,14.45,300000000.0,notional_at_entry,long,26106.0,long,1416196256.0000002,0
2020-12-08 00:00:00+00:00,1832,SB11,14.39,300000000.0,notional_at_entry,long,26106.0,long,1414441932.8000002,0
2020-12-09 00:00:00+00:00,1833,SB11,14.97,300000000.0,notional_at_entry,long,26106.0,long,1431400390.4000003,0
2020-12-10 00:00:00+00:00,1834,SB11,14.66,300000000.0,notional_at_entry,long,26106.0,long,1422336387.2000003,0
2020-12-11 00:00:00+00:00,1835,SB11,14.43,300000000.0,notional_at_entry,long,26106.0,long,1415611481.6000004,0
2020-12-14 00:00:00+00:00,1836,SB11,14.12,300000000.0,notional_at_entry,long,26106.0,long,1406547478.4000003,0
2020-12-15 00:00:00+00:00,1837,SB11,14.21,300000000.0,notional_at_entry,long,26106.0,long,1409178963.2000003,0
2020-12-16 00:00:00+00:00,1838,SB11,14.49,300000000.0,notional_at_entry,long,26106.0,long,1417365804.8000002,0
2020-12-17 00:00:00+00:00,1839,SB11,14.68,300000000.0,notional_at_entry,long,26106.0,long,1422921161.6000004,0
2020-12-18 00:00:00+00:00,1840,SB11,14.44,300000000.0,notional_at_entry,long,26106.0,long,1415903868.8000002,0
2020-12-21 00:00:00+00:00,1841,SB11,14.53,300000000.0,notional_at_entry,long,26106.0,long,1418535353.6000004,0
2020-12-22 00:00:00+00:00,1842,SB11,14.54,300000000.0,notional_at_entry,long,26106.0,long,1418827740.8000002,0
2020-12-23 00:00:00+00:00,1843,SB11,14.83,300000000.0,notional_at_entry,long,26106.0,long,1427306969.6000004,0
2020-12-24 00:00:00+00:00,1844,SB11,14.9,300000000.0,notional_at_entry,long,26106.0,long,1429353680.0000002,0
2020-12-28 00:00:00+00:00,1845,SB11,14.98,300000000.0,notional_at_entry,long,26106.0,long,1431692777.6000004,0
2020-12-29 00:00:00+00:00,1846,SB11,15.04,300000000.0,notional_at_entry,long,26106.0,long,1433447100.8000002,0
2020-12-30 00:00:00+00:00,1847,SB11,15.28,300000000.0,notional_at_entry,long,26106.0,long,1440464393.6000004,0
2020-12-31 00:00:00+00:00,1848,SB11,15.49,300000000.0,notional_at_entry,long,26106.0,long,1446604524.8000002,0
2021-01-04 00:00:00+00:00,1849,SB11,15.76,300000000.0,notional_at_entry,long,26106.0,long,1454498979.2000003,0
2021-01-05 00:00:00+00:00,1850,SB11,16.12,300000000.0,notional_at_entry,long,26106.0,long,1465024918.4000003,0
2021-01-06 00:00:00+00:00,1851,SB11,16.25,300000000.0,notional_at_entry,long,26106.0,long,1468825952.0000002,0
2021-01-07 00:00:00+00:00,1852,SB11,15.6,300000000.0,notional_at_entry,long,26106.0,long,1449820784.0000002,0
2021-01-08 00:00:00+00:00,1853,SB11,15.6,300000000.0,notional_at_entry,long,26106.0,long,1449820784.0000002,0
2021-01-11 00:00:00+00:00,1854,SB11,15.67,300000000.0,notional_at_entry,long,26106.0,long,1451867494.4000003,0
2021-01-12 00:00:00+00:00,1855,SB11,15.46,300000000.0,notional_at_entry,long,26106.0,long,1445727363.2000003,0
2021-01-13 00:00:00+00:00,1856,SB11,15.84,300000000.0,notional_at_entry,long,26106.0,long,1456838076.8000002,0
2021-01-14 00:00:00+00:00,1857,SB11,16.67,300000000.0,notional_at_entry,long,26106.0,long,1481106214.4000003,0
2021-01-15 00:00:00+00:00,1858,SB11,16.45,300000000.0,notional_at_entry,long,26106.0,long,1474673696.0000002,0
2021-01-19 00:00:00+00:00,1859,SB11,16.1,300000000.0,notional_at_entry,long,26106.0,long,1464440144.0000002,0
2021-01-20 00:00:00+00:00,1860,SB11,16.27,300000000.0,notional_at_entry,long,26106.0,long,1469410726.4000003,0
2021-01-21 00:00:00+00:00,1861,SB11,16.05,300000000.0,notional_at_entry,long,26106.0,long,1462978208.0000002,0
2021-01-22 00:00:00+00:00,1862,SB11,15.87,300000000.0,notional_at_entry,long,26106.0,long,1457715238.4000003,0
2021-01-25 00:00:00+00:00,1863,SB11,15.74,300000000.0,notional_at_entry,long,26106.0,long,1453914204.8000002,0
2021-01-26 00:00:00+00:00,1864,SB11,15.74,300000000.0,notional_at_entry,long,26106.0,long,1453914204.8000002,0
2021-01-27 00:00:00+00:00,1865,SB11,15.8,300000000.0,notional_at_entry,long,26106.0,long,1455668528.0000002,0
2021-01-28 00:00:00+00:00,1866,SB11,15.59,300000000.0,notional_at_entry,long,26106.0,long,1449528396.8000002,0
2021-01-29 00:00:00+00:00,1867,SB11,15.83,300000000.0,notional_at_entry,long,26106.0,long,1456545689.6000004,0
2021-02-01 00:00:00+00:00,1868,SB11,16.15,300000000.0,notional_at_entry,long,26106.0,long,1465902080.0000002,0
2021-02-02 00:00:00+00:00,1869,SB11,16.29,300000000.0,notional_at_entry,long,26106.0,long,1469995500.8000002,0
2021-02-03 00:00:00+00:00,1870,SB11,16.04,300000000.0,notional_at_entry,long,26106.0,long,1462685820.8000002,0
2021-02-04 00:00:00+00:00,1871,SB11,16.05,300000000.0,notional_at_entry,long,26106.0,long,1462978208.0000002,0
2021-02-05 00:00:00+00:00,1872,SB11,16.42,300000000.0,notional_at_entry,long,26106.0,long,1473796534.4000003,0
2021-02-08 00:00:00+00:00,1873,SB11,16.27,300000000.0,notional_at_entry,long,26106.0,long,1469410726.4000003,0
2021-02-09 00:00:00+00:00,1874,SB11,16.44,300000000.0,notional_at_entry,long,26106.0,long,1474381308.8000004,0
2021-02-10 00:00:00+00:00,1875,SB11,16.71,300000000.0,notional_at_entry,long,26106.0,long,1482275763.2000003,0
2021-02-11 00:00:00+00:00,1876,SB11,15.79,300000000.0,notional_at_entry,long,26106.0,long,1455376140.8000002,0
2021-02-12 00:00:00+00:00,1877,SB11,15.64,300000000.0,notional_at_entry,long,26106.0,long,1450990332.8000002,0
2021-02-16 00:00:00+00:00,1878,SB11,15.92,300000000.0,notional_at_entry,long,26106.0,long,1459177174.4000003,0
2021-02-17 00:00:00+00:00,1879,SB11,16.11,300000000.0,notional_at_entry,long,26106.0,long,1464732531.2000003,0
2021-02-18 00:00:00+00:00,1880,SB11,16.59,300000000.0,notional_at_entry,long,26106.0,long,1478767116.8000002,0
2021-02-19 00:00:00+00:00,1881,SB11,16.89,300000000.0,notional_at_entry,long,26106.0,long,1487538732.8000002,0
2021-02-22 00:00:00+00:00,1882,SB11,17.44,300000000.0,notional_at_entry,long,26106.0,long,1503620028.8000004,0
2021-02-23 00:00:00+00:00,1883,SB11,17.01,300000000.0,notional_at_entry,long,26106.0,long,1491047379.2000003,0
2021-02-24 00:00:00+00:00,1884,SB11,17.17,300000000.0,notional_at_entry,long,26106.0,long,1495725574.4000003,0
2021-02-25 00:00:00+00:00,1885,SB11,16.84,300000000.0,notional_at_entry,long,26106.0,long,1486076796.8000002,0
2021-02-26 00:00:00+00:00,1886,SB11,16.45,300000000.0,notional_at_entry,long,26106.0,long,1474673696.0000002,0
2021-03-01 00:00:00+00:00,1887,SB11,16.21,300000000.0,notional_at_entry,long,26106.0,long,1467656403.2000003,0
2021-03-02 00:00:00+00:00,1888,SB11,16.43,300000000.0,notional_at_entry,long,26106.0,long,1474088921.6000004,0
2021-03-03 00:00:00+00:00,1889,SB11,16.14,300000000.0,notional_at_entry,long,26106.0,long,1465609692.8000002,0
2021-03-04 00:00:00+00:00,1890,SB11,16.26,300000000.0,notional_at_entry,long,26106.0,long,1469118339.2000003,0
2021-03-05 00:00:00+00:00,1891,SB11,16.4,300000000.0,notional_at_entry,long,26106.0,long,1473211760.0000002,0
2021-03-08 00:00:00+00:00,1892,SB11,16.2,300000000.0,notional_at_entry,long,26106.0,long,1467364016.0000002,0
2021-03-09 00:00:00+00:00,1893,SB11,15.9,300000000.0,notional_at_entry,long,26106.0,long,1458592400.0000002,0
2021-03-10 00:00:00+00:00,1894,SB11,15.96,300000000.0,notional_at_entry,long,26106.0,long,1460346723.2000003,0
2021-03-11 00:00:00+00:00,1895,SB11,16.36,300000000.0,notional_at_entry,long,26106.0,long,1472042211.2000003,0
2021-03-12 00:00:00+00:00,1896,SB11,16.13,300000000.0,notional_at_entry,long,26106.0,long,1465317305.6000004,0
2021-03-15 00:00:00+00:00,1897,SB11,16.12,300000000.0,notional_at_entry,long,26106.0,long,1465024918.4000003,0
2021-03-16 00:00:00+00:00,1898,SB11,16.3,300000000.0,notional_at_entry,long,26106.0,long,1470287888.0000002,0
2021-03-17 00:00:00+00:00,1899,SB11,15.99,300000000.0,notional_at_entry,long,26106.0,long,1461223884.8000002,0
2021-03-18 00:00:00+00:00,1900,SB11,15.89,300000000.0,notional_at_entry,long,26106.0,long,1458300012.8000002,0
2021-03-19 00:00:00+00:00,1901,SB11,15.76,300000000.0,notional_at_entry,long,26106.0,long,1454498979.2000003,0
2021-03-22 00:00:00+00:00,1902,SB11,15.53,300000000.0,notional_at_entry,long,26106.0,long,1447774073.6000004,0
2021-03-23 00:00:00+00:00,1903,SB11,15.43,300000000.0,notional_at_entry,long,26106.0,long,1444850201.6000004,0
2021-03-24 00:00:00+00:00,1904,SB11,15.63,300000000.0,notional_at_entry,long,26106.0,long,1450697945.6000004,0
2021-03-25 00:00:00+00:00,1905,SB11,15.09,300000000.0,notional_at_entry,long,26106.0,long,1434909036.8000002,0
2021-03-26 00:00:00+00:00,1906,SB11,15.19,300000000.0,notional_at_entry,long,26106.0,long,1437832908.8000002,0
2021-03-29 00:00:00+00:00,1907,SB11,14.92,300000000.0,notional_at_entry,long,26106.0,long,1429938454.4000003,0
2021-03-30 00:00:00+00:00,1908,SB11,14.92,300000000.0,notional_at_entry,long,26106.0,long,1429938454.4000003,0
2021-03-31 00:00:00+00:00,1909,SB11,14.77,300000000.0,notional_at_entry,long,26106.0,long,1425552646.4000003,0
2021-04-01 00:00:00+00:00,1910,SB11,14.71,300000000.0,notional_at_entry,long,26106.0,long,1423798323.2000003,0
2021-04-05 00:00:00+00:00,1911,SB11,14.84,300000000.0,notional_at_entry,long,26106.0,long,1427599356.8000002,0
2021-04-06 00:00:00+00:00,1912,SB11,15.16,300000000.0,notional_at_entry,long,26106.0,long,1436955747.2000003,0
2021-04-07 00:00:00+00:00,1913,SB11,15.14,300000000.0,notional_at_entry,long,26106.0,long,1436370972.8000002,0
2021-04-08 00:00:00+00:00,1914,SB11,15.18,300000000.0,notional_at_entry,long,26106.0,long,1437540521.6000004,0
2021-04-09 00:00:00+00:00,1915,SB11,15.46,300000000.0,notional_at_entry,long,26106.0,long,1445727363.2000003,0
2021-04-12 00:00:00+00:00,1916,SB11,15.35,300000000.0,notional_at_entry,long,26106.0,long,1442511104.0000002,0
2021-04-13 00:00:00+00:00,1917,SB11,15.43,300000000.0,notional_at_entry,long,26106.0,long,1444850201.6000004,0
2021-04-14 00:00:00+00:00,1918,SB11,15.88,300000000.0,notional_at_entry,long,26106.0,long,1458007625.6000004,0
2021-04-15 00:00:00+00:00,1919,SB11,16.31,300000000.0,notional_at_entry,long,26106.0,long,1470580275.2000003,0
2021-04-16 00:00:00+00:00,1920,SB11,16.57,300000000.0,notional_at_entry,long,26106.0,long,1478182342.4000003,0
2021-04-19 00:00:00+00:00,1921,SB11,16.21,300000000.0,notional_at_entry,long,26106.0,long,1467656403.2000003,0
2021-04-20 00:00:00+00:00,1922,SB11,16.72,300000000.0,notional_at_entry,long,26106.0,long,1482568150.4000003,0
2021-04-21 00:00:00+00:00,1923,SB11,16.89,300000000.0,notional_at_entry,long,26106.0,long,1487538732.8000002,0
2021-04-22 00:00:00+00:00,1924,SB11,16.88,300000000.0,notional_at_entry,long,26106.0,long,1487246345.6000004,0
2021-04-23 00:00:00+00:00,1925,SB11,16.88,300000000.0,notional_at_entry,long,26106.0,long,1487246345.6000004,0
2021-04-26 00:00:00+00:00,1926,SB11,17.09,300000000.0,notional_at_entry,long,26106.0,long,1493386476.8000002,0
2021-04-27 00:00:00+00:00,1927,SB11,17.75,300000000.0,notional_at_entry,long,26106.0,long,1512684032.0000002,0
2021-04-28 00:00:00+00:00,1928,SB11,17.14,300000000.0,notional_at_entry,long,26106.0,long,1494848412.8000002,0
2021-04-29 00:00:00+00:00,1929,SB11,16.93,300000000.0,notional_at_entry,long,26106.0,long,1488708281.6000004,0
2021-04-30 00:00:00+00:00,1930,SB11,16.98,-300000000.0,notional_at_entry,short,-15774.0,short,1490170217.6000004,1
2021-05-03 00:00:00+00:00,1931,SB11,16.73,-300000000.0,notional_at_entry,short,-15774.0,short,1494586937.6000004,0
2021-05-04 00:00:00+00:00,1932,SB11,17.12,-300000000.0,notional_at_entry,short,-15774.0,short,1487696854.4000003,0
2021-05-05 00:00:00+00:00,1933,SB11,17.53,-300000000.0,notional_at_entry,short,-15774.0,short,1480453433.6000004,0
2021-05-06 00:00:00+00:00,1934,SB11,17.55,-300000000.0,notional_at_entry,short,-15774.0,short,1480100096.0000005,0
2021-05-07 00:00:00+00:00,1935,SB11,17.49,-300000000.0,notional_at_entry,short,-15774.0,short,1481160108.8000004,0
2021-05-10 00:00:00+00:00,1936,SB11,17.49,-300000000.0,notional_at_entry,short,-15774.0,short,1481160108.8000004,0
2021-05-11 00:00:00+00:00,1937,SB11,18.1,-300000000.0,notional_at_entry,short,-15774.0,short,1470383312.0000005,0
2021-05-12 00:00:00+00:00,1938,SB11,17.84,-300000000.0,notional_at_entry,short,-15774.0,short,1474976700.8000004,0
2021-05-13 00:00:00+00:00,1939,SB11,17.11,-300000000.0,notional_at_entry,short,-15774.0,short,1487873523.2000003,0
2021-05-14 00:00:00+00:00,1940,SB11,16.96,-300000000.0,notional_at_entry,short,-15774.0,short,1490523555.2000003,0
2021-05-17 00:00:00+00:00,1941,SB11,16.99,-300000000.0,notional_at_entry,short,-15774.0,short,1489993548.8000004,0
2021-05-18 00:00:00+00:00,1942,SB11,17.21,-300000000.0,notional_at_entry,short,-15774.0,short,1486106835.2000003,0
2021-05-19 00:00:00+00:00,1943,SB11,16.95,-300000000.0,notional_at_entry,short,-15774.0,short,1490700224.0000005,0
2021-05-20 00:00:00+00:00,1944,SB11,17.04,-300000000.0,notional_at_entry,short,-15774.0,short,1489110204.8000004,0
2021-05-21 00:00:00+00:00,1945,SB11,16.67,-300000000.0,notional_at_entry,short,-15774.0,short,1495646950.4000003,0
2021-05-24 00:00:00+00:00,1946,SB11,16.83,-300000000.0,notional_at_entry,short,-15774.0,short,1492820249.6000004,0
2021-05-25 00:00:00+00:00,1947,SB11,17.04,-300000000.0,notional_at_entry,short,-15774.0,short,1489110204.8000004,0
2021-05-26 00:00:00+00:00,1948,SB11,16.78,-300000000.0,notional_at_entry,short,-15774.0,short,1493703593.6000004,0
2021-05-27 00:00:00+00:00,1949,SB11,17.12,-300000000.0,notional_at_entry,short,-15774.0,short,1487696854.4000003,0
2021-05-28 00:00:00+00:00,1950,SB11,17.36,-300000000.0,notional_at_entry,short,-15774.0,short,1483456803.2000003,0
2021-06-01 00:00:00+00:00,1951,SB11,17.69,-300000000.0,notional_at_entry,short,-15774.0,short,1477626732.8000004,0
2021-06-02 00:00:00+00:00,1952,SB11,17.68,-300000000.0,notional_at_entry,short,-15774.0,short,1477803401.6000004,0
2021-06-03 00:00:00+00:00,1953,SB11,17.43,-300000000.0,notional_at_entry,short,-15774.0,short,1482220121.6000004,0
2021-06-04 00:00:00+00:00,1954,SB11,17.71,-300000000.0,notional_at_entry,short,-15774.0,short,1477273395.2000003,0
2021-06-07 00:00:00+00:00,1955,SB11,17.38,-300000000.0,notional_at_entry,short,-15774.0,short,1483103465.6000004,0
2021-06-08 00:00:00+00:00,1956,SB11,17.71,-300000000.0,notional_at_entry,short,-15774.0,short,1477273395.2000003,0
2021-06-09 00:00:00+00:00,1957,SB11,17.73,-300000000.0,notional_at_entry,short,-15774.0,short,1476920057.6000004,0
2021-06-10 00:00:00+00:00,1958,SB11,17.73,-300000000.0,notional_at_entry,short,-15774.0,short,1476920057.6000004,0
2021-06-11 00:00:00+00:00,1959,SB11,17.67,-300000000.0,notional_at_entry,short,-15774.0,short,1477980070.4000003,0
2021-06-14 00:00:00+00:00,1960,SB11,17.39,-300000000.0,notional_at_entry,short,-15774.0,short,1482926796.8000004,0
2021-06-15 00:00:00+00:00,1961,SB11,17.2,-300000000.0,notional_at_entry,short,-15774.0,short,1486283504.0000005,0
2021-06-16 00:00:00+00:00,1962,SB11,17.2,-300000000.0,notional_at_entry,short,-15774.0,short,1486283504.0000005,0
2021-06-17 00:00:00+00:00,1963,SB11,16.71,-300000000.0,notional_at_entry,short,-15774.0,short,1494940275.2000003,0
2021-06-18 00:00:00+00:00,1964,SB11,16.66,-300000000.0,notional_at_entry,short,-15774.0,short,1495823619.2000003,0
2021-06-21 00:00:00+00:00,1965,SB11,17.07,-300000000.0,notional_at_entry,short,-15774.0,short,1488580198.4000003,0
2021-06-22 00:00:00+00:00,1966,SB11,16.74,300000000.0,notional_at_entry,long,16001.0,long,1494410268.8000004,1
2021-06-23 00:00:00+00:00,1967,SB11,17.01,300000000.0,notional_at_entry,long,16001.0,long,1499248971.2000005,0
2021-06-24 00:00:00+00:00,1968,SB11,17.24,300000000.0,notional_at_entry,long,16001.0,long,1503370828.8000004,0
2021-06-25 00:00:00+00:00,1969,SB11,17.31,300000000.0,notional_at_entry,long,16001.0,long,1504625307.2000005,0
2021-06-28 00:00:00+00:00,1970,SB11,17.61,300000000.0,notional_at_entry,long,16001.0,long,1510001643.2000005,0
2021-06-29 00:00:00+00:00,1971,SB11,17.54,300000000.0,notional_at_entry,long,16001.0,long,1508747164.8000004,0
2021-06-30 00:00:00+00:00,1972,SB11,17.89,300000000.0,notional_at_entry,long,16001.0,long,1515019556.8000004,0
2021-07-01 00:00:00+00:00,1973,SB11,17.94,300000000.0,notional_at_entry,long,16001.0,long,1515915612.8000004,0
2021-07-02 00:00:00+00:00,1974,SB11,18.15,300000000.0,notional_at_entry,long,16001.0,long,1519679048.0000005,0
2021-07-06 00:00:00+00:00,1975,SB11,17.87,300000000.0,notional_at_entry,long,16001.0,long,1514661134.4000006,0
2021-07-07 00:00:00+00:00,1976,SB11,17.75,300000000.0,notional_at_entry,long,16001.0,long,1512510600.0000005,0
2021-07-08 00:00:00+00:00,1977,SB11,17.45,300000000.0,notional_at_entry,long,16001.0,long,1507134264.0000005,0
2021-07-09 00:00:00+00:00,1978,SB11,17.28,300000000.0,notional_at_entry,long,16001.0,long,1504087673.6000004,0
2021-07-12 00:00:00+00:00,1979,SB11,16.99,300000000.0,notional_at_entry,long,16001.0,long,1498890548.8000004,0
2021-07-13 00:00:00+00:00,1980,SB11,17.08,300000000.0,notional_at_entry,long,16001.0,long,1500503449.6000004,0
2021-07-14 00:00:00+00:00,1981,SB11,16.93,300000000.0,notional_at_entry,long,16001.0,long,1497815281.6000004,0
2021-07-15 00:00:00+00:00,1982,SB11,17.33,300000000.0,notional_at_entry,long,16001.0,long,1504983729.6000004,0
2021-07-16 00:00:00+00:00,1983,SB11,17.71,300000000.0,notional_at_entry,long,16001.0,long,1511793755.2000005,0
2021-07-19 00:00:00+00:00,1984,SB11,17.07,300000000.0,notional_at_entry,long,16001.0,long,1500324238.4000006,0
2021-07-20 00:00:00+00:00,1985,SB11,17.41,300000000.0,notional_at_entry,long,16001.0,long,1506417419.2000005,0
2021-07-21 00:00:00+00:00,1986,SB11,17.67,300000000.0,notional_at_entry,long,16001.0,long,1511076910.4000006,0
2021-07-22 00:00:00+00:00,1987,SB11,17.62,300000000.0,notional_at_entry,long,16001.0,long,1510180854.4000006,0
2021-07-23 00:00:00+00:00,1988,SB11,18.17,300000000.0,notional_at_entry,long,16001.0,long,1520037470.4000006,0
2021-07-26 00:00:00+00:00,1989,SB11,18.42,300000000.0,notional_at_entry,long,16001.0,long,1524517750.4000006,0
2021-07-27 00:00:00+00:00,1990,SB11,18.35,300000000.0,notional_at_entry,long,16001.0,long,1523263272.0000005,0
2021-07-28 00:00:00+00:00,1991,SB11,18.61,300000000.0,notional_at_entry,long,16001.0,long,1527922763.2000005,0
2021-07-29 00:00:00+00:00,1992,SB11,18.3,300000000.0,notional_at_entry,long,16001.0,long,1522367216.0000005,0
2021-07-30 00:00:00+00:00,1993,SB11,17.91,300000000.0,notional_at_entry,long,16001.0,long,1515377979.2000005,0
2021-08-02 00:00:00+00:00,1994,SB11,17.95,300000000.0,notional_at_entry,long,16001.0,long,1516094824.0000005,0
2021-08-03 00:00:00+00:00,1995,SB11,17.98,300000000.0,notional_at_entry,long,16001.0,long,1516632457.6000004,0
2021-08-04 00:00:00+00:00,1996,SB11,17.93,300000000.0,notional_at_entry,long,16001.0,long,1515736401.6000004,0
2021-08-05 00:00:00+00:00,1997,SB11,18.62,300000000.0,notional_at_entry,long,16001.0,long,1528101974.4000006,0
2021-08-06 00:00:00+00:00,1998,SB11,18.68,300000000.0,notional_at_entry,long,16001.0,long,1529177241.6000004,0
2021-08-09 00:00:00+00:00,1999,SB11,18.47,300000000.0,notional_at_entry,long,16001.0,long,1525413806.4000003,0
2021-08-10 00:00:00+00:00,2000,SB11,19.59,300000000.0,notional_at_entry,long,16001.0,long,1545485460.8000004,0
2021-08-11 00:00:00+00:00,2001,SB11,19.47,300000000.0,notional_at_entry,long,16001.0,long,1543334926.4000003,0
2021-08-12 00:00:00+00:00,2002,SB11,19.54,300000000.0,notional_at_entry,long,16001.0,long,1544589404.8000004,0
2021-08-13 00:00:00+00:00,2003,SB11,19.95,300000000.0,notional_at_entry,long,16001.0,long,1551937064.0000005,0
2021-08-16 00:00:00+00:00,2004,SB11,20.03,300000000.0,notional_at_entry,long,16001.0,long,1553370753.6000004,0
2021-08-17 00:00:00+00:00,2005,SB11,20.02,300000000.0,notional_at_entry,long,16001.0,long,1553191542.4000006,0
2021-08-18 00:00:00+00:00,2006,SB11,20.17,300000000.0,notional_at_entry,long,16001.0,long,1555879710.4000006,0
2021-08-19 00:00:00+00:00,2007,SB11,19.79,300000000.0,notional_at_entry,long,16001.0,long,1549069684.8000004,0
2021-08-20 00:00:00+00:00,2008,SB11,19.58,300000000.0,notional_at_entry,long,16001.0,long,1545306249.6000004,0
2021-08-23 00:00:00+00:00,2009,SB11,19.58,300000000.0,notional_at_entry,long,16001.0,long,1545306249.6000004,0
2021-08-24 00:00:00+00:00,2010,SB11,19.58,300000000.0,notional_at_entry,long,16001.0,long,1545306249.6000004,0
2021-08-25 00:00:00+00:00,2011,SB11,19.73,300000000.0,notional_at_entry,long,16001.0,long,1547994417.6000004,0
2021-08-26 00:00:00+00:00,2012,SB11,19.68,300000000.0,notional_at_entry,long,16001.0,long,1547098361.6000004,0
2021-08-27 00:00:00+00:00,2013,SB11,20.04,300000000.0,notional_at_entry,long,16001.0,long,1553549964.8000004,0
2021-08-30 00:00:00+00:00,2014,SB11,20.22,300000000.0,notional_at_entry,long,16001.0,long,1556775766.4000003,0
2021-08-31 00:00:00+00:00,2015,SB11,19.84,300000000.0,notional_at_entry,long,16001.0,long,1549965740.8000004,0
2021-09-01 00:00:00+00:00,2016,SB11,19.67,300000000.0,notional_at_entry,long,16001.0,long,1546919150.4000006,0
2021-09-02 00:00:00+00:00,2017,SB11,19.9,300000000.0,notional_at_entry,long,16001.0,long,1551041008.0000005,0
2021-09-03 00:00:00+00:00,2018,SB11,19.62,300000000.0,notional_at_entry,long,16001.0,long,1546023094.4000006,0
2021-09-07 00:00:00+00:00,2019,SB11,19.48,300000000.0,notional_at_entry,long,16001.0,long,1543514137.6000004,0
2021-09-08 00:00:00+00:00,2020,SB11,19.49,300000000.0,notional_at_entry,long,16001.0,long,1543693348.8000004,0
2021-09-09 00:00:00+00:00,2021,SB11,19.24,300000000.0,notional_at_entry,long,16001.0,long,1539213068.8000004,0
2021-09-10 00:00:00+00:00,2022,SB11,19.51,300000000.0,notional_at_entry,long,16001.0,long,1544051771.2000005,0
2021-09-13 00:00:00+00:00,2023,SB11,19.69,300000000.0,notional_at_entry,long,16001.0,long,1547277572.8000004,0
2021-09-14 00:00:00+00:00,2024,SB11,19.66,300000000.0,notional_at_entry,long,16001.0,long,1546739939.2000005,0
2021-09-15 00:00:00+00:00,2025,SB11,20.26,300000000.0,notional_at_entry,long,16001.0,long,1557492611.2000005,0
2021-09-16 00:00:00+00:00,2026,SB11,20.13,300000000.0,notional_at_entry,long,16001.0,long,1555162865.6000004,0
2021-09-17 00:00:00+00:00,2027,SB11,19.86,300000000.0,notional_at_entry,long,16001.0,long,1550324163.2000005,0
2021-09-20 00:00:00+00:00,2028,SB11,19.59,300000000.0,notional_at_entry,long,16001.0,long,1545485460.8000004,0
2021-09-21 00:00:00+00:00,2029,SB11,19.75,300000000.0,notional_at_entry,long,16001.0,long,1548352840.0000005,0
2021-09-22 00:00:00+00:00,2030,SB11,20.07,300000000.0,notional_at_entry,long,16001.0,long,1554087598.4000006,0
2021-09-23 00:00:00+00:00,2031,SB11,20.29,300000000.0,notional_at_entry,long,16001.0,long,1558030244.8000004,0
2021-09-24 00:00:00+00:00,2032,SB11,19.93,300000000.0,notional_at_entry,long,16001.0,long,1551578641.6000004,0
2021-09-27 00:00:00+00:00,2033,SB11,19.68,300000000.0,notional_at_entry,long,16001.0,long,1547098361.6000004,0
2021-09-28 00:00:00+00:00,2034,SB11,19.84,300000000.0,notional_at_entry,long,16001.0,long,1549965740.8000004,0
2021-09-29 00:00:00+00:00,2035,SB11,19.72,300000000.0,notional_at_entry,long,16001.0,long,1547815206.4000003,0
2021-09-30 00:00:00+00:00,2036,SB11,20.34,300000000.0,notional_at_entry,long,16001.0,long,1558926300.8000004,0
2021-10-01 00:00:00+00:00,2037,SB11,20.06,300000000.0,notional_at_entry,long,16001.0,long,1553908387.2000005,0
2021-10-04 00:00:00+00:00,2038,SB11,19.69,300000000.0,notional_at_entry,long,16001.0,long,1547277572.8000004,0
2021-10-05 00:00:00+00:00,2039,SB11,19.85,300000000.0,notional_at_entry,long,16001.0,long,1550144952.0000005,0
2021-10-06 00:00:00+00:00,2040,SB11,19.77,300000000.0,notional_at_entry,long,16001.0,long,1548711262.4000006,0
2021-10-07 00:00:00+00:00,2041,SB11,19.84,300000000.0,notional_at_entry,long,16001.0,long,1549965740.8000004,0
2021-10-08 00:00:00+00:00,2042,SB11,20.29,300000000.0,notional_at_entry,long,16001.0,long,1558030244.8000004,0
2021-10-11 00:00:00+00:00,2043,SB11,20.33,300000000.0,notional_at_entry,long,16001.0,long,1558747089.6000004,0
2021-10-12 00:00:00+00:00,2044,SB11,20.07,300000000.0,notional_at_entry,long,16001.0,long,1554087598.4000006,0
2021-10-13 00:00:00+00:00,2045,SB11,19.86,300000000.0,notional_at_entry,long,16001.0,long,1550324163.2000005,0
2021-10-14 00:00:00+00:00,2046,SB11,19.59,300000000.0,notional_at_entry,long,16001.0,long,1545485460.8000004,0
2021-10-15 00:00:00+00:00,2047,SB11,19.8,300000000.0,notional_at_entry,long,16001.0,long,1549248896.0000005,0
2021-10-18 00:00:00+00:00,2048,SB11,19.35,300000000.0,notional_at_entry,long,16001.0,long,1541184392.0000005,0
2021-10-19 00:00:00+00:00,2049,SB11,18.87,300000000.0,notional_at_entry,long,16001.0,long,1532582254.4000006,0
2021-10-20 00:00:00+00:00,2050,SB11,18.97,300000000.0,notional_at_entry,long,16001.0,long,1534374366.4000003,0
2021-10-21 00:00:00+00:00,2051,SB11,18.94,300000000.0,notional_at_entry,long,16001.0,long,1533836732.8000004,0
2021-10-22 00:00:00+00:00,2052,SB11,19.08,300000000.0,notional_at_entry,long,16001.0,long,1536345689.6000004,0
2021-10-25 00:00:00+00:00,2053,SB11,19.39,300000000.0,notional_at_entry,long,16001.0,long,1541901236.8000004,0
2021-10-26 00:00:00+00:00,2054,SB11,19.66,300000000.0,notional_at_entry,long,16001.0,long,1546739939.2000005,0
2021-10-27 00:00:00+00:00,2055,SB11,19.7,300000000.0,notional_at_entry,long,16001.0,long,1547456784.0000005,0
2021-10-28 00:00:00+00:00,2056,SB11,19.62,300000000.0,notional_at_entry,long,16001.0,long,1546023094.4000006,0
2021-10-29 00:00:00+00:00,2057,SB11,19.27,300000000.0,notional_at_entry,long,16001.0,long,1539750702.4000006,0
2021-11-01 00:00:00+00:00,2058,SB11,19.37,300000000.0,notional_at_entry,long,16001.0,long,1541542814.4000006,0
2021-11-02 00:00:00+00:00,2059,SB11,19.54,300000000.0,notional_at_entry,long,16001.0,long,1544589404.8000004,0
2021-11-03 00:00:00+00:00,2060,SB11,19.38,300000000.0,notional_at_entry,long,16001.0,long,1541722025.6000004,0
2021-11-04 00:00:00+00:00,2061,SB11,19.63,300000000.0,notional_at_entry,long,16001.0,long,1546202305.6000004,0
2021-11-05 00:00:00+00:00,2062,SB11,19.94,300000000.0,notional_at_entry,long,16001.0,long,1551757852.8000004,0
2021-11-08 00:00:00+00:00,2063,SB11,19.92,300000000.0,notional_at_entry,long,16001.0,long,1551399430.4000006,0
2021-11-09 00:00:00+00:00,2064,SB11,19.9,300000000.0,notional_at_entry,long,16001.0,long,1551041008.0000005,0
2021-11-10 00:00:00+00:00,2065,SB11,19.6,300000000.0,notional_at_entry,long,16001.0,long,1545664672.0000005,0
2021-11-11 00:00:00+00:00,2066,SB11,20.12,300000000.0,notional_at_entry,long,16001.0,long,1554983654.4000006,0
2021-11-12 00:00:00+00:00,2067,SB11,20.01,300000000.0,notional_at_entry,long,16001.0,long,1553012331.2000005,0
2021-11-15 00:00:00+00:00,2068,SB11,19.74,300000000.0,notional_at_entry,long,16001.0,long,1548173628.8000004,0
2021-11-16 00:00:00+00:00,2069,SB11,19.99,300000000.0,notional_at_entry,long,16001.0,long,1552653908.8000004,0
2021-11-17 00:00:00+00:00,2070,SB11,20.42,300000000.0,notional_at_entry,long,16001.0,long,1560359990.4000006,0
2021-11-18 00:00:00+00:00,2071,SB11,20.18,300000000.0,notional_at_entry,long,16001.0,long,1556058921.6000004,0
2021-11-19 00:00:00+00:00,2072,SB11,19.99,300000000.0,notional_at_entry,long,16001.0,long,1552653908.8000004,0
2021-11-22 00:00:00+00:00,2073,SB11,19.76,300000000.0,notional_at_entry,long,16001.0,long,1548532051.2000005,0
2021-11-23 00:00:00+00:00,2074,SB11,20.11,300000000.0,notional_at_entry,long,16001.0,long,1554804443.2000005,0
2021-11-24 00:00:00+00:00,2075,SB11,19.93,300000000.0,notional_at_entry,long,16001.0,long,1551578641.6000004,0
2021-11-26 00:00:00+00:00,2076,SB11,19.35,300000000.0,notional_at_entry,long,16001.0,long,1541184392.0000005,0
2021-11-29 00:00:00+00:00,2077,SB11,19.19,300000000.0,notional_at_entry,long,16001.0,long,1538317012.8000004,0
2021-11-30 00:00:00+00:00,2078,SB11,18.6,300000000.0,notional_at_entry,long,16001.0,long,1527743552.0000005,0
2021-12-01 00:00:00+00:00,2079,SB11,18.6,300000000.0,notional_at_entry,long,16001.0,long,1527743552.0000005,0
2021-12-02 00:00:00+00:00,2080,SB11,18.62,300000000.0,notional_at_entry,long,16001.0,long,1528101974.4000006,0
2021-12-03 00:00:00+00:00,2081,SB11,18.75,300000000.0,notional_at_entry,long,16001.0,long,1530431720.0000005,0
2021-12-06 00:00:00+00:00,2082,SB11,19.16,300000000.0,notional_at_entry,long,16001.0,long,1537779379.2000005,0
2021-12-07 00:00:00+00:00,2083,SB11,19.48,300000000.0,notional_at_entry,long,16001.0,long,1543514137.6000004,0
2021-12-08 00:00:00+00:00,2084,SB11,19.82,300000000.0,notional_at_entry,long,16001.0,long,1549607318.4000006,0
2021-12-09 00:00:00+00:00,2085,SB11,19.69,300000000.0,notional_at_entry,long,16001.0,long,1547277572.8000004,0
2021-12-10 00:00:00+00:00,2086,SB11,19.71,300000000.0,notional_at_entry,long,16001.0,long,1547635995.2000005,0
2021-12-13 00:00:00+00:00,2087,SB11,19.64,300000000.0,notional_at_entry,long,16001.0,long,1546381516.8000004,0
2021-12-14 00:00:00+00:00,2088,SB11,19.65,300000000.0,notional_at_entry,long,16001.0,long,1546560728.0000005,0
2021-12-15 00:00:00+00:00,2089,SB11,19.29,300000000.0,notional_at_entry,long,16001.0,long,1540109124.8000004,0
2021-12-16 00:00:00+00:00,2090,SB11,19.4,300000000.0,notional_at_entry,long,16001.0,long,1542080448.0000005,0
2021-12-17 00:00:00+00:00,2091,SB11,19.11,300000000.0,notional_at_entry,long,16001.0,long,1536883323.2000005,0
2021-12-20 00:00:00+00:00,2092,SB11,18.59,300000000.0,notional_at_entry,long,16001.0,long,1527564340.8000004,0
2021-12-21 00:00:00+00:00,2093,SB11,18.74,300000000.0,notional_at_entry,long,16001.0,long,1530252508.8000004,0
2021-12-22 00:00:00+00:00,2094,SB11,19.26,300000000.0,notional_at_entry,long,16001.0,long,1539571491.2000005,0
2021-12-23 00:00:00+00:00,2095,SB11,19.24,300000000.0,notional_at_entry,long,16001.0,long,1539213068.8000004,0
2021-12-27 00:00:00+00:00,2096,SB11,19.21,300000000.0,notional_at_entry,long,16001.0,long,1538675435.2000005,0
2021-12-28 00:00:00+00:00,2097,SB11,18.96,300000000.0,notional_at_entry,long,16001.0,long,1534195155.2000005,0
2021-12-29 00:00:00+00:00,2098,SB11,19.1,300000000.0,notional_at_entry,long,16001.0,long,1536704112.0000005,0
2021-12-30 00:00:00+00:00,2099,SB11,18.78,300000000.0,notional_at_entry,long,16001.0,long,1530969353.6000004,0
2021-12-31 00:00:00+00:00,2100,SB11,18.88,300000000.0,notional_at_entry,long,16001.0,long,1532761465.6000004,0
2022-01-03 00:00:00+00:00,2101,SB11,18.74,300000000.0,notional_at_entry,long,16001.0,long,1530252508.8000004,0
2022-01-04 00:00:00+00:00,2102,SB11,18.75,300000000.0,notional_at_entry,long,16001.0,long,1530431720.0000005,0
2022-01-05 00:00:00+00:00,2103,SB11,18.34,300000000.0,notional_at_entry,long,16001.0,long,1523084060.8000004,0
2022-01-06 00:00:00+00:00,2104,SB11,18.19,300000000.0,notional_at_entry,long,16001.0,long,1520395892.8000004,0
2022-01-07 00:00:00+00:00,2105,SB11,18.05,300000000.0,notional_at_entry,long,16001.0,long,1517886936.0000005,0
2022-01-10 00:00:00+00:00,2106,SB11,17.83,300000000.0,notional_at_entry,long,16001.0,long,1513944289.6000004,0
2022-01-11 00:00:00+00:00,2107,SB11,18.11,300000000.0,notional_at_entry,long,16001.0,long,1518962203.2000005,0
2022-01-12 00:00:00+00:00,2108,SB11,18.34,300000000.0,notional_at_entry,long,16001.0,long,1523084060.8000004,0
2022-01-13 00:00:00+00:00,2109,SB11,18.09,300000000.0,notional_at_entry,long,16001.0,long,1518603780.8000004,0
2022-01-14 00:00:00+00:00,2110,SB11,18.31,300000000.0,notional_at_entry,long,16001.0,long,1522546427.2000005,0
2022-01-18 00:00:00+00:00,2111,SB11,18.66,300000000.0,notional_at_entry,long,16001.0,long,1528818819.2000005,0
2022-01-19 00:00:00+00:00,2112,SB11,19.07,300000000.0,notional_at_entry,long,16001.0,long,1536166478.4000006,0
2022-01-20 00:00:00+00:00,2113,SB11,18.93,300000000.0,notional_at_entry,long,16001.0,long,1533657521.6000004,0
2022-01-21 00:00:00+00:00,2114,SB11,18.9,300000000.0,notional_at_entry,long,16001.0,long,1533119888.0000005,0
2022-01-24 00:00:00+00:00,2115,SB11,18.81,300000000.0,notional_at_entry,long,16001.0,long,1531506987.2000005,0
2022-01-25 00:00:00+00:00,2116,SB11,18.78,300000000.0,notional_at_entry,long,16001.0,long,1530969353.6000004,0
2022-01-26 00:00:00+00:00,2117,SB11,18.49,300000000.0,notional_at_entry,long,16001.0,long,1525772228.8000004,0
2022-01-27 00:00:00+00:00,2118,SB11,18.41,300000000.0,notional_at_entry,long,16001.0,long,1524338539.2000005,0
2022-01-28 00:00:00+00:00,2119,SB11,18.2,300000000.0,notional_at_entry,long,16001.0,long,1520575104.0000005,0
2022-01-31 00:00:00+00:00,2120,SB11,18.22,300000000.0,notional_at_entry,long,16001.0,long,1520933526.4000003,0
2022-02-01 00:00:00+00:00,2121,SB11,18.48,300000000.0,notional_at_entry,long,16001.0,long,1525593017.6000004,0
2022-02-02 00:00:00+00:00,2122,SB11,17.93,300000000.0,notional_at_entry,long,16001.0,long,1515736401.6000004,0
2022-02-03 00:00:00+00:00,2123,SB11,17.99,300000000.0,notional_at_entry,long,16001.0,long,1516811668.8000004,0
2022-02-04 00:00:00+00:00,2124,SB11,18.23,300000000.0,notional_at_entry,long,16001.0,long,1521112737.6000004,0
2022-02-07 00:00:00+00:00,2125,SB11,18.05,300000000.0,notional_at_entry,long,16001.0,long,1517886936.0000005,0
2022-02-08 00:00:00+00:00,2126,SB11,18.08,300000000.0,notional_at_entry,long,16001.0,long,1518424569.6000004,0
2022-02-09 00:00:00+00:00,2127,SB11,18.48,300000000.0,notional_at_entry,long,16001.0,long,1525593017.6000004,0
2022-02-10 00:00:00+00:00,2128,SB11,18.3,300000000.0,notional_at_entry,long,16001.0,long,1522367216.0000005,0
2022-02-11 00:00:00+00:00,2129,SB11,17.81,300000000.0,notional_at_entry,long,16001.0,long,1513585867.2000005,0
2022-02-14 00:00:00+00:00,2130,SB11,17.66,300000000.0,notional_at_entry,long,16001.0,long,1510897699.2000005,0
2022-02-15 00:00:00+00:00,2131,SB11,17.57,300000000.0,notional_at_entry,long,16001.0,long,1509284798.4000006,0
2022-02-16 00:00:00+00:00,2132,SB11,17.56,300000000.0,notional_at_entry,long,16001.0,long,1509105587.2000005,0
2022-02-17 00:00:00+00:00,2133,SB11,17.74,300000000.0,notional_at_entry,long,16001.0,long,1512331388.8000004,0
2022-02-18 00:00:00+00:00,2134,SB11,17.62,300000000.0,notional_at_entry,long,16001.0,long,1510180854.4000006,0
2022-02-22 00:00:00+00:00,2135,SB11,17.89,300000000.0,notional_at_entry,long,16001.0,long,1515019556.8000004,0
2022-02-23 00:00:00+00:00,2136,SB11,17.88,300000000.0,notional_at_entry,long,16001.0,long,1514840345.6000004,0
2022-02-24 00:00:00+00:00,2137,SB11,17.91,300000000.0,notional_at_entry,long,16001.0,long,1515377979.2000005,0
2022-02-25 00:00:00+00:00,2138,SB11,17.6,300000000.0,notional_at_entry,long,16001.0,long,1509822432.0000005,0
2022-02-28 00:00:00+00:00,2139,SB11,17.7,300000000.0,notional_at_entry,long,16001.0,long,1511614544.0000005,0
2022-03-01 00:00:00+00:00,2140,SB11,18.34,300000000.0,notional_at_entry,long,16001.0,long,1523084060.8000004,0
2022-03-02 00:00:00+00:00,2141,SB11,18.64,300000000.0,notional_at_entry,long,16001.0,long,1528460396.8000004,0
2022-03-03 00:00:00+00:00,2142,SB11,18.93,300000000.0,notional_at_entry,long,16001.0,long,1533657521.6000004,0
2022-03-04 00:00:00+00:00,2143,SB11,19.35,300000000.0,notional_at_entry,long,16001.0,long,1541184392.0000005,0
2022-03-07 00:00:00+00:00,2144,SB11,19.27,300000000.0,notional_at_entry,long,16001.0,long,1539750702.4000006,0
2022-03-08 00:00:00+00:00,2145,SB11,19.43,300000000.0,notional_at_entry,long,16001.0,long,1542618081.6000004,0
2022-03-09 00:00:00+00:00,2146,SB11,18.94,300000000.0,notional_at_entry,long,16001.0,long,1533836732.8000004,0
2022-03-10 00:00:00+00:00,2147,SB11,19.1,300000000.0,notional_at_entry,long,16001.0,long,1536704112.0000005,0
2022-03-11 00:00:00+00:00,2148,SB11,19.24,300000000.0,notional_at_entry,long,16001.0,long,1539213068.8000004,0
2022-03-14 00:00:00+00:00,2149,SB11,19.13,300000000.0,notional_at_entry,long,16001.0,long,1537241745.6000004,0
2022-03-15 00:00:00+00:00,2150,SB11,18.73,300000000.0,notional_at_entry,long,16001.0,long,1530073297.6000004,0
2022-03-16 00:00:00+00:00,2151,SB11,18.56,300000000.0,notional_at_entry,long,16001.0,long,1527026707.2000005,0
2022-03-17 00:00:00+00:00,2152,SB11,18.69,300000000.0,notional_at_entry,long,16001.0,long,1529356452.8000004,0
2022-03-18 00:00:00+00:00,2153,SB11,18.93,300000000.0,notional_at_entry,long,16001.0,long,1533657521.6000004,0
2022-03-21 00:00:00+00:00,2154,SB11,19.28,300000000.0,notional_at_entry,long,16001.0,long,1539929913.6000004,0
2022-03-22 00:00:00+00:00,2155,SB11,19.15,300000000.0,notional_at_entry,long,16001.0,long,1537600168.0000005,0
2022-03-23 00:00:00+00:00,2156,SB11,19.24,300000000.0,notional_at_entry,long,16001.0,long,1539213068.8000004,0
2022-03-24 00:00:00+00:00,2157,SB11,19.26,300000000.0,notional_at_entry,long,16001.0,long,1539571491.2000005,0
2022-03-25 00:00:00+00:00,2158,SB11,19.61,300000000.0,notional_at_entry,long,16001.0,long,1545843883.2000005,0
2022-03-28 00:00:00+00:00,2159,SB11,19.59,300000000.0,notional_at_entry,long,16001.0,long,1545485460.8000004,0
2022-03-29 00:00:00+00:00,2160,SB11,19.11,300000000.0,notional_at_entry,long,16001.0,long,1536883323.2000005,0
2022-03-30 00:00:00+00:00,2161,SB11,19.47,300000000.0,notional_at_entry,long,16001.0,long,1543334926.4000003,0
2022-03-31 00:00:00+00:00,2162,SB11,19.49,300000000.0,notional_at_entry,long,16001.0,long,1543693348.8000004,0
2022-04-01 00:00:00+00:00,2163,SB11,19.37,300000000.0,notional_at_entry,long,16001.0,long,1541542814.4000006,0
2022-04-04 00:00:00+00:00,2164,SB11,19.61,300000000.0,notional_at_entry,long,16001.0,long,1545843883.2000005,0
2022-04-05 00:00:00+00:00,2165,SB11,19.65,300000000.0,notional_at_entry,long,16001.0,long,1546560728.0000005,0
2022-04-06 00:00:00+00:00,2166,SB11,19.59,300000000.0,notional_at_entry,long,16001.0,long,1545485460.8000004,0
2022-04-07 00:00:00+00:00,2167,SB11,19.84,300000000.0,notional_at_entry,long,16001.0,long,1549965740.8000004,0
2022-04-08 00:00:00+00:00,2168,SB11,20.41,300000000.0,notional_at_entry,long,16001.0,long,1560180779.2000005,0
2022-04-11 00:00:00+00:00,2169,SB11,20.31,300000000.0,notional_at_entry,long,16001.0,long,1558388667.2000005,0
2022-04-12 00:00:00+00:00,2170,SB11,20.22,300000000.0,notional_at_entry,long,16001.0,long,1556775766.4000003,0
2022-04-13 00:00:00+00:00,2171,SB11,20.1,300000000.0,notional_at_entry,long,16001.0,long,1554625232.0000005,0
2022-04-14 00:00:00+00:00,2172,SB11,20.03,300000000.0,notional_at_entry,long,16001.0,long,1553370753.6000004,0
2022-04-18 00:00:00+00:00,2173,SB11,20.2,-300000000.0,notional_at_entry,short,-13260.0,short,1556417344.0000005,1
2022-04-19 00:00:00+00:00,2174,SB11,19.67,-300000000.0,notional_at_entry,short,-13260.0,short,1564288480.0000005,0
2022-04-20 00:00:00+00:00,2175,SB11,19.55,-300000000.0,notional_at_entry,short,-13260.0,short,1566070624.0000005,0
2022-04-21 00:00:00+00:00,2176,SB11,19.81,-300000000.0,notional_at_entry,short,-13260.0,short,1562209312.0000005,0
2022-04-22 00:00:00+00:00,2177,SB11,19.21,-300000000.0,notional_at_entry,short,-13260.0,short,1571120032.0000005,0
2022-04-25 00:00:00+00:00,2178,SB11,18.88,-300000000.0,notional_at_entry,short,-13260.0,short,1576020928.0000005,0
2022-04-26 00:00:00+00:00,2179,SB11,18.93,-300000000.0,notional_at_entry,short,-13260.0,short,1575278368.0000005,0
2022-04-27 00:00:00+00:00,2180,SB11,18.9,-300000000.0,notional_at_entry,short,-13260.0,short,1575723904.0000005,0
2022-04-28 00:00:00+00:00,2181,SB11,19.23,-300000000.0,notional_at_entry,short,-13260.0,short,1570823008.0000005,0
2022-04-29 00:00:00+00:00,2182,SB11,19.15,-300000000.0,notional_at_entry,short,-13260.0,short,1572011104.0000005,0
2022-05-02 00:00:00+00:00,2183,SB11,18.85,-300000000.0,notional_at_entry,short,-13260.0,short,1576466464.0000005,0
2022-05-03 00:00:00+00:00,2184,SB11,18.62,-300000000.0,notional_at_entry,short,-13260.0,short,1579882240.0000005,0
2022-05-04 00:00:00+00:00,2185,SB11,18.62,-300000000.0,notional_at_entry,short,-13260.0,short,1579882240.0000005,0
2022-05-05 00:00:00+00:00,2186,SB11,18.78,-300000000.0,notional_at_entry,short,-13260.0,short,1577506048.0000005,0
2022-05-06 00:00:00+00:00,2187,SB11,19.16,-300000000.0,notional_at_entry,short,-13260.0,short,1571862592.0000005,0
2022-05-09 00:00:00+00:00,2188,SB11,18.66,-300000000.0,notional_at_entry,short,-13260.0,short,1579288192.0000005,0
2022-05-10 00:00:00+00:00,2189,SB11,18.54,-300000000.0,notional_at_entry,short,-13260.0,short,1581070336.0000005,0
2022-05-11 00:00:00+00:00,2190,SB11,18.55,-300000000.0,notional_at_entry,short,-13260.0,short,1580921824.0000005,0
2022-05-12 00:00:00+00:00,2191,SB11,18.64,-300000000.0,notional_at_entry,short,-13260.0,short,1579585216.0000005,0
2022-05-13 00:00:00+00:00,2192,SB11,19.17,-300000000.0,notional_at_entry,short,-13260.0,short,1571714080.0000005,0
2022-05-16 00:00:00+00:00,2193,SB11,19.68,-300000000.0,notional_at_entry,short,-13260.0,short,1564139968.0000005,0
2022-05-17 00:00:00+00:00,2194,SB11,20.0,-300000000.0,notional_at_entry,short,-13260.0,short,1559387584.0000005,0
2022-05-18 00:00:00+00:00,2195,SB11,19.83,-300000000.0,notional_at_entry,short,-13260.0,short,1561912288.0000005,0
2022-05-19 00:00:00+00:00,2196,SB11,19.77,-300000000.0,notional_at_entry,short,-13260.0,short,1562803360.0000005,0
2022-05-20 00:00:00+00:00,2197,SB11,19.95,-300000000.0,notional_at_entry,short,-13260.0,short,1560130144.0000005,0
2022-05-23 00:00:00+00:00,2198,SB11,19.77,-300000000.0,notional_at_entry,short,-13260.0,short,1562803360.0000005,0
2022-05-24 00:00:00+00:00,2199,SB11,19.75,-300000000.0,notional_at_entry,short,-13260.0,short,1563100384.0000005,0
2022-05-25 00:00:00+00:00,2200,SB11,19.68,-300000000.0,notional_at_entry,short,-13260.0,short,1564139968.0000005,0
2022-05-26 00:00:00+00:00,2201,SB11,19.54,-300000000.0,notional_at_entry,short,-13260.0,short,1566219136.0000005,0
2022-05-27 00:00:00+00:00,2202,SB11,19.61,-300000000.0,notional_at_entry,short,-13260.0,short,1565179552.0000005,0
2022-05-31 00:00:00+00:00,2203,SB11,19.4,-300000000.0,notional_at_entry,short,-13260.0,short,1568298304.0000005,0
2022-06-01 00:00:00+00:00,2204,SB11,19.44,-300000000.0,notional_at_entry,short,-13260.0,short,1567704256.0000005,0
2022-06-02 00:00:00+00:00,2205,SB11,19.35,-300000000.0,notional_at_entry,short,-13260.0,short,1569040864.0000005,0
2022-06-03 00:00:00+00:00,2206,SB11,19.29,-300000000.0,notional_at_entry,short,-13260.0,short,1569931936.0000005,0
2022-06-06 00:00:00+00:00,2207,SB11,19.56,-300000000.0,notional_at_entry,short,-13260.0,short,1565922112.0000005,0
2022-06-07 00:00:00+00:00,2208,SB11,18.97,-300000000.0,notional_at_entry,short,-13260.0,short,1574684320.0000005,0
2022-06-08 00:00:00+00:00,2209,SB11,18.98,-300000000.0,notional_at_entry,short,-13260.0,short,1574535808.0000005,0
2022-06-09 00:00:00+00:00,2210,SB11,19.29,-300000000.0,notional_at_entry,short,-13260.0,short,1569931936.0000005,0
2022-06-10 00:00:00+00:00,2211,SB11,18.87,-300000000.0,notional_at_entry,short,-13260.0,short,1576169440.0000005,0
2022-06-13 00:00:00+00:00,2212,SB11,18.71,-300000000.0,notional_at_entry,short,-13260.0,short,1578545632.0000005,0
2022-06-14 00:00:00+00:00,2213,SB11,18.8,-300000000.0,notional_at_entry,short,-13260.0,short,1577209024.0000005,0
2022-06-15 00:00:00+00:00,2214,SB11,18.57,-300000000.0,notional_at_entry,short,-13260.0,short,1580624800.0000005,0
2022-06-16 00:00:00+00:00,2215,SB11,18.67,-300000000.0,notional_at_entry,short,-13260.0,short,1579139680.0000005,0
2022-06-17 00:00:00+00:00,2216,SB11,18.73,-300000000.0,notional_at_entry,short,-13260.0,short,1578248608.0000005,0
2022-06-21 00:00:00+00:00,2217,SB11,18.78,-300000000.0,notional_at_entry,short,-13260.0,short,1577506048.0000005,0
2022-06-22 00:00:00+00:00,2218,SB11,18.49,-300000000.0,notional_at_entry,short,-13260.0,short,1581812896.0000005,0
2022-06-23 00:00:00+00:00,2219,SB11,18.36,-300000000.0,notional_at_entry,short,-13260.0,short,1583743552.0000005,0
2022-06-24 00:00:00+00:00,2220,SB11,18.31,-300000000.0,notional_at_entry,short,-13260.0,short,1584486112.0000005,0
2022-06-27 00:00:00+00:00,2221,SB11,18.26,-300000000.0,notional_at_entry,short,-13260.0,short,1585228672.0000005,0
2022-06-28 00:00:00+00:00,2222,SB11,18.5,-300000000.0,notional_at_entry,short,-13260.0,short,1581664384.0000005,0
2022-06-29 00:00:00+00:00,2223,SB11,18.51,-300000000.0,notional_at_entry,short,-13260.0,short,1581515872.0000005,0
2022-06-30 00:00:00+00:00,2224,SB11,18.5,-300000000.0,notional_at_entry,short,-13260.0,short,1581664384.0000005,0
2022-07-01 00:00:00+00:00,2225,SB11,18.07,-300000000.0,notional_at_entry,short,-13260.0,short,1588050400.0000005,0
2022-07-05 00:00:00+00:00,2226,SB11,17.8,-300000000.0,notional_at_entry,short,-13260.0,short,1592060224.0000005,0
2022-07-06 00:00:00+00:00,2227,SB11,17.99,-300000000.0,notional_at_entry,short,-13260.0,short,1589238496.0000005,0
2022-07-07 00:00:00+00:00,2228,SB11,18.52,-300000000.0,notional_at_entry,short,-13260.0,short,1581367360.0000005,0
2022-07-08 00:00:00+00:00,2229,SB11,19.02,-300000000.0,notional_at_entry,short,-13260.0,short,1573941760.0000005,0
2022-07-11 00:00:00+00:00,2230,SB11,18.86,-300000000.0,notional_at_entry,short,-13260.0,short,1576317952.0000005,0
2022-07-12 00:00:00+00:00,2231,SB11,18.69,-300000000.0,notional_at_entry,short,-13260.0,short,1578842656.0000005,0
2022-07-13 00:00:00+00:00,2232,SB11,19.14,-300000000.0,notional_at_entry,short,-13260.0,short,1572159616.0000005,0
2022-07-14 00:00:00+00:00,2233,SB11,18.97,-300000000.0,notional_at_entry,short,-13260.0,short,1574684320.0000005,0
2022-07-15 00:00:00+00:00,2234,SB11,19.25,-300000000.0,notional_at_entry,short,-13260.0,short,1570525984.0000005,0
2022-07-18 00:00:00+00:00,2235,SB11,19.41,-300000000.0,notional_at_entry,short,-13260.0,short,1568149792.0000005,0
2022-07-19 00:00:00+00:00,2236,SB11,18.84,-300000000.0,notional_at_entry,short,-13260.0,short,1576614976.0000005,0
2022-07-20 00:00:00+00:00,2237,SB11,18.67,-300000000.0,notional_at_entry,short,-13260.0,short,1579139680.0000005,0
2022-07-21 00:00:00+00:00,2238,SB11,18.35,-300000000.0,notional_at_entry,short,-13260.0,short,1583892064.0000005,0
2022-07-22 00:00:00+00:00,2239,SB11,17.89,-300000000.0,notional_at_entry,short,-13260.0,short,1590723616.0000005,0
2022-07-25 00:00:00+00:00,2240,SB11,17.47,-300000000.0,notional_at_entry,short,-13260.0,short,1596961120.0000005,0
2022-07-26 00:00:00+00:00,2241,SB11,17.47,-300000000.0,notional_at_entry,short,-13260.0,short,1596961120.0000005,0
2022-07-27 00:00:00+00:00,2242,SB11,17.4,-300000000.0,notional_at_entry,short,-13260.0,short,1598000704.0000005,0
2022-07-28 00:00:00+00:00,2243,SB11,17.72,-300000000.0,notional_at_entry,short,-13260.0,short,1593248320.0000005,0
2022-07-29 00:00:00+00:00,2244,SB11,17.54,-300000000.0,notional_at_entry,short,-13260.0,short,1595921536.0000005,0
2022-08-01 00:00:00+00:00,2245,SB11,17.6,-300000000.0,notional_at_entry,short,-13260.0,short,1595030464.0000005,0
2022-08-02 00:00:00+00:00,2246,SB11,17.69,-300000000.0,notional_at_entry,short,-13260.0,short,1593693856.0000005,0
2022-08-03 00:00:00+00:00,2247,SB11,17.77,-300000000.0,notional_at_entry,short,-13260.0,short,1592505760.0000005,0
2022-08-04 00:00:00+00:00,2248,SB11,17.55,-300000000.0,notional_at_entry,short,-13260.0,short,1595773024.0000005,0
2022-08-05 00:00:00+00:00,2249,SB11,17.94,-300000000.0,notional_at_entry,short,-13260.0,short,1589981056.0000005,0
2022-08-08 00:00:00+00:00,2250,SB11,17.96,-300000000.0,notional_at_entry,short,-13260.0,short,1589684032.0000005,0
2022-08-09 00:00:00+00:00,2251,SB11,17.98,-300000000.0,notional_at_entry,short,-13260.0,short,1589387008.0000005,0
2022-08-10 00:00:00+00:00,2252,SB11,18.28,-300000000.0,notional_at_entry,short,-13260.0,short,1584931648.0000005,0
2022-08-11 00:00:00+00:00,2253,SB11,18.49,-300000000.0,notional_at_entry,short,-13260.0,short,1581812896.0000005,0
2022-08-12 00:00:00+00:00,2254,SB11,18.6,-300000000.0,notional_at_entry,short,-13260.0,short,1580179264.0000005,0
2022-08-15 00:00:00+00:00,2255,SB11,18.54,-300000000.0,notional_at_entry,short,-13260.0,short,1581070336.0000005,0
2022-08-16 00:00:00+00:00,2256,SB11,18.27,-300000000.0,notional_at_entry,short,-13260.0,short,1585080160.0000005,0
2022-08-17 00:00:00+00:00,2257,SB11,18.24,-300000000.0,notional_at_entry,short,-13260.0,short,1585525696.0000005,0
2022-08-18 00:00:00+00:00,2258,SB11,17.77,-300000000.0,notional_at_entry,short,-13260.0,short,1592505760.0000005,0
2022-08-19 00:00:00+00:00,2259,SB11,18.09,-300000000.0,notional_at_entry,short,-13260.0,short,1587753376.0000005,0
2022-08-22 00:00:00+00:00,2260,SB11,17.94,-300000000.0,notional_at_entry,short,-13260.0,short,1589981056.0000005,0
2022-08-23 00:00:00+00:00,2261,SB11,17.89,-300000000.0,notional_at_entry,short,-13260.0,short,1590723616.0000005,0
2022-08-24 00:00:00+00:00,2262,SB11,18.04,-300000000.0,notional_at_entry,short,-13260.0,short,1588495936.0000005,0
2022-08-25 00:00:00+00:00,2263,SB11,17.9,-300000000.0,notional_at_entry,short,-13260.0,short,1590575104.0000005,0
2022-08-26 00:00:00+00:00,2264,SB11,18.47,-300000000.0,notional_at_entry,short,-13260.0,short,1582109920.0000005,0
2022-08-29 00:00:00+00:00,2265,SB11,18.44,-300000000.0,notional_at_entry,short,-13260.0,short,1582555456.0000005,0
2022-08-30 00:00:00+00:00,2266,SB11,18.1,-300000000.0,notional_at_entry,short,-13260.0,short,1587604864.0000005,0
2022-08-31 00:00:00+00:00,2267,SB11,17.89,-300000000.0,notional_at_entry,short,-13260.0,short,1590723616.0000005,0
2022-09-01 00:00:00+00:00,2268,SB11,17.99,-300000000.0,notional_at_entry,short,-13260.0,short,1589238496.0000005,0
2022-09-02 00:00:00+00:00,2269,SB11,18.15,-300000000.0,notional_at_entry,short,-13260.0,short,1586862304.0000005,0
2022-09-06 00:00:00+00:00,2270,SB11,17.98,-300000000.0,notional_at_entry,short,-13260.0,short,1589387008.0000005,0
2022-09-07 00:00:00+00:00,2271,SB11,18.05,-300000000.0,notional_at_entry,short,-13260.0,short,1588347424.0000005,0
2022-09-08 00:00:00+00:00,2272,SB11,17.93,-300000000.0,notional_at_entry,short,-13260.0,short,1590129568.0000005,0
2022-09-09 00:00:00+00:00,2273,SB11,18.22,-300000000.0,notional_at_entry,short,-13260.0,short,1585822720.0000005,0
2022-09-12 00:00:00+00:00,2274,SB11,18.35,-300000000.0,notional_at_entry,short,-13260.0,short,1583892064.0000005,0
2022-09-13 00:00:00+00:00,2275,SB11,17.98,-300000000.0,notional_at_entry,short,-13260.0,short,1589387008.0000005,0
2022-09-14 00:00:00+00:00,2276,SB11,17.97,-300000000.0,notional_at_entry,short,-13260.0,short,1589535520.0000005,0
2022-09-15 00:00:00+00:00,2277,SB11,17.88,-300000000.0,notional_at_entry,short,-13260.0,short,1590872128.0000005,0
2022-09-16 00:00:00+00:00,2278,SB11,17.56,-300000000.0,notional_at_entry,short,-13260.0,short,1595624512.0000005,0
2022-09-19 00:00:00+00:00,2279,SB11,17.37,-300000000.0,notional_at_entry,short,-13260.0,short,1598446240.0000005,0
2022-09-20 00:00:00+00:00,2280,SB11,17.8,-300000000.0,notional_at_entry,short,-13260.0,short,1592060224.0000005,0
2022-09-21 00:00:00+00:00,2281,SB11,17.81,-300000000.0,notional_at_entry,short,-13260.0,short,1591911712.0000005,0
2022-09-22 00:00:00+00:00,2282,SB11,18.0,-300000000.0,notional_at_entry,short,-13260.0,short,1589089984.0000005,0
2022-09-23 00:00:00+00:00,2283,SB11,17.64,-300000000.0,notional_at_entry,short,-13260.0,short,1594436416.0000005,0
2022-09-26 00:00:00+00:00,2284,SB11,17.62,-300000000.0,notional_at_entry,short,-13260.0,short,1594733440.0000005,0
2022-09-27 00:00:00+00:00,2285,SB11,17.59,-300000000.0,notional_at_entry,short,-13260.0,short,1595178976.0000005,0
2022-09-28 00:00:00+00:00,2286,SB11,17.71,-300000000.0,notional_at_entry,short,-13260.0,short,1593396832.0000005,0
2022-09-29 00:00:00+00:00,2287,SB11,17.77,-300000000.0,notional_at_entry,short,-13260.0,short,1592505760.0000005,0
2022-09-30 00:00:00+00:00,2288,SB11,17.68,-300000000.0,notional_at_entry,short,-13260.0,short,1593842368.0000005,0
2022-10-03 00:00:00+00:00,2289,SB11,17.42,-300000000.0,notional_at_entry,short,-13260.0,short,1597703680.0000005,0
2022-10-04 00:00:00+00:00,2290,SB11,17.91,-300000000.0,notional_at_entry,short,-13260.0,short,1590426592.0000005,0
2022-10-05 00:00:00+00:00,2291,SB11,17.95,-300000000.0,notional_at_entry,short,-13260.0,short,1589832544.0000005,0
2022-10-06 00:00:00+00:00,2292,SB11,18.46,-300000000.0,notional_at_entry,short,-13260.0,short,1582258432.0000005,0
2022-10-07 00:00:00+00:00,2293,SB11,18.68,-300000000.0,notional_at_entry,short,-13260.0,short,1578991168.0000005,0
2022-10-10 00:00:00+00:00,2294,SB11,18.61,-300000000.0,notional_at_entry,short,-13260.0,short,1580030752.0000005,0
2022-10-11 00:00:00+00:00,2295,SB11,18.74,-300000000.0,notional_at_entry,short,-13260.0,short,1578100096.0000005,0
2022-10-12 00:00:00+00:00,2296,SB11,18.68,-300000000.0,notional_at_entry,short,-13260.0,short,1578991168.0000005,0
2022-10-13 00:00:00+00:00,2297,SB11,18.81,-300000000.0,notional_at_entry,short,-13260.0,short,1577060512.0000005,0
2022-10-14 00:00:00+00:00,2298,SB11,18.84,-300000000.0,notional_at_entry,short,-13260.0,short,1576614976.0000005,0
2022-10-17 00:00:00+00:00,2299,SB11,18.77,-300000000.0,notional_at_entry,short,-13260.0,short,1577654560.0000005,0
2022-10-18 00:00:00+00:00,2300,SB11,18.67,-300000000.0,notional_at_entry,short,-13260.0,short,1579139680.0000005,0
2022-10-19 00:00:00+00:00,2301,SB11,18.65,-300000000.0,notional_at_entry,short,-13260.0,short,1579436704.0000005,0
2022-10-20 00:00:00+00:00,2302,SB11,18.39,-300000000.0,notional_at_entry,short,-13260.0,short,1583298016.0000005,0
2022-10-21 00:00:00+00:00,2303,SB11,18.38,-300000000.0,notional_at_entry,short,-13260.0,short,1583446528.0000005,0
2022-10-24 00:00:00+00:00,2304,SB11,18.13,-300000000.0,notional_at_entry,short,-13260.0,short,1587159328.0000005,0
2022-10-25 00:00:00+00:00,2305,SB11,18.11,-300000000.0,notional_at_entry,short,-13260.0,short,1587456352.0000005,0
2022-10-26 00:00:00+00:00,2306,SB11,17.86,-300000000.0,notional_at_entry,short,-13260.0,short,1591169152.0000005,0
2022-10-27 00:00:00+00:00,2307,SB11,17.71,-300000000.0,notional_at_entry,short,-13260.0,short,1593396832.0000005,0
2022-10-28 00:00:00+00:00,2308,SB11,17.58,-300000000.0,notional_at_entry,short,-13260.0,short,1595327488.0000005,0
2022-10-31 00:00:00+00:00,2309,SB11,17.97,-300000000.0,notional_at_entry,short,-13260.0,short,1589535520.0000005,0
2022-11-01 00:00:00+00:00,2310,SB11,18.43,300000000.0,notional_at_entry,long,14533.0,long,1582703968.0000005,1
2022-11-02 00:00:00+00:00,2311,SB11,18.47,300000000.0,notional_at_entry,long,14533.0,long,1583355046.4000006,0
2022-11-03 00:00:00+00:00,2312,SB11,18.47,300000000.0,notional_at_entry,long,14533.0,long,1583355046.4000006,0
2022-11-04 00:00:00+00:00,2313,SB11,18.71,300000000.0,notional_at_entry,long,14533.0,long,1587261516.8000004,0
2022-11-07 00:00:00+00:00,2314,SB11,18.68,300000000.0,notional_at_entry,long,14533.0,long,1586773208.0000005,0
2022-11-08 00:00:00+00:00,2315,SB11,19.0,300000000.0,notional_at_entry,long,14533.0,long,1591981835.2000005,0
2022-11-09 00:00:00+00:00,2316,SB11,19.38,300000000.0,notional_at_entry,long,14533.0,long,1598167080.0000005,0
2022-11-10 00:00:00+00:00,2317,SB11,19.41,300000000.0,notional_at_entry,long,14533.0,long,1598655388.8000004,0
2022-11-11 00:00:00+00:00,2318,SB11,19.64,300000000.0,notional_at_entry,long,14533.0,long,1602399089.6000004,0
2022-11-14 00:00:00+00:00,2319,SB11,19.83,300000000.0,notional_at_entry,long,14533.0,long,1605491712.0000005,0
2022-11-15 00:00:00+00:00,2320,SB11,20.29,300000000.0,notional_at_entry,long,14533.0,long,1612979113.6000004,0
2022-11-16 00:00:00+00:00,2321,SB11,20.27,300000000.0,notional_at_entry,long,14533.0,long,1612653574.4000006,0
2022-11-17 00:00:00+00:00,2322,SB11,19.73,300000000.0,notional_at_entry,long,14533.0,long,1603864016.0000005,0
2022-11-18 00:00:00+00:00,2323,SB11,20.05,300000000.0,notional_at_entry,long,14533.0,long,1609072643.2000005,0
2022-11-21 00:00:00+00:00,2324,SB11,19.86,300000000.0,notional_at_entry,long,14533.0,long,1605980020.8000004,0
2022-11-22 00:00:00+00:00,2325,SB11,19.74,-300000000.0,notional_at_entry,short,-13569.0,short,1604026785.6000004,1
2022-11-23 00:00:00+00:00,2326,SB11,19.55,-300000000.0,notional_at_entry,short,-13569.0,short,1606914268.8000004,0
2022-11-25 00:00:00+00:00,2327,SB11,19.33,-300000000.0,notional_at_entry,short,-13569.0,short,1610257670.4000003,0
2022-11-28 00:00:00+00:00,2328,SB11,19.38,-300000000.0,notional_at_entry,short,-13569.0,short,1609497806.4000003,0
2022-11-29 00:00:00+00:00,2329,SB11,19.53,-300000000.0,notional_at_entry,short,-13569.0,short,1607218214.4000003,0
2022-11-30 00:00:00+00:00,2330,SB11,19.63,-300000000.0,notional_at_entry,short,-13569.0,short,1605698486.4000003,0
2022-12-01 00:00:00+00:00,2331,SB11,19.62,-300000000.0,notional_at_entry,short,-13569.0,short,1605850459.2000003,0
2022-12-02 00:00:00+00:00,2332,SB11,19.48,-300000000.0,notional_at_entry,short,-13569.0,short,1607978078.4000003,0
2022-12-05 00:00:00+00:00,2333,SB11,19.55,-300000000.0,notional_at_entry,short,-13569.0,short,1606914268.8000004,0
2022-12-06 00:00:00+00:00,2334,SB11,19.39,-300000000.0,notional_at_entry,short,-13569.0,short,1609345833.6000004,0
2022-12-07 00:00:00+00:00,2335,SB11,19.48,-300000000.0,notional_at_entry,short,-13569.0,short,1607978078.4000003,0
2022-12-08 00:00:00+00:00,2336,SB11,19.68,-300000000.0,notional_at_entry,short,-13569.0,short,1604938622.4000003,0
2022-12-09 00:00:00+00:00,2337,SB11,19.6,-300000000.0,notional_at_entry,short,-13569.0,short,1606154404.8000004,0
2022-12-12 00:00:00+00:00,2338,SB11,19.38,-300000000.0,notional_at_entry,short,-13569.0,short,1609497806.4000003,0
2022-12-13 00:00:00+00:00,2339,SB11,19.76,-300000000.0,notional_at_entry,short,-13569.0,short,1603722840.0000002,0
2022-12-14 00:00:00+00:00,2340,SB11,20.29,-300000000.0,notional_at_entry,short,-13569.0,short,1595668281.6000004,0
2022-12-15 00:00:00+00:00,2341,SB11,19.98,-300000000.0,notional_at_entry,short,-13569.0,short,1600379438.4000003,0
2022-12-16 00:00:00+00:00,2342,SB11,20.09,-300000000.0,notional_at_entry,short,-13569.0,short,1598707737.6000004,0
2022-12-19 00:00:00+00:00,2343,SB11,20.14,-300000000.0,notional_at_entry,short,-13569.0,short,1597947873.6000004,0
2022-12-20 00:00:00+00:00,2344,SB11,20.58,-300000000.0,notional_at_entry,short,-13569.0,short,1591261070.4000003,0
2022-12-21 00:00:00+00:00,2345,SB11,20.75,-300000000.0,notional_at_entry,short,-13569.0,short,1588677532.8000004,0
2022-12-22 00:00:00+00:00,2346,SB11,20.89,-300000000.0,notional_at_entry,short,-13569.0,short,1586549913.6000004,0
2022-12-23 00:00:00+00:00,2347,SB11,20.98,-300000000.0,notional_at_entry,short,-13569.0,short,1585182158.4000003,0
2022-12-27 00:00:00+00:00,2348,SB11,20.32,-300000000.0,notional_at_entry,short,-13569.0,short,1595212363.2000003,0
2022-12-28 00:00:00+00:00,2349,SB11,20.16,-300000000.0,notional_at_entry,short,-13569.0,short,1597643928.0000002,0
2022-12-29 00:00:00+00:00,2350,SB11,20.29,-300000000.0,notional_at_entry,short,-13569.0,short,1595668281.6000004,0
2022-12-30 00:00:00+00:00,2351,SB11,20.04,-300000000.0,notional_at_entry,short,-13569.0,short,1599467601.6000004,0
2023-01-03 00:00:00+00:00,2352,SB11,19.7,-300000000.0,notional_at_entry,short,-13569.0,short,1604634676.8000004,0
2023-01-04 00:00:00+00:00,2353,SB11,19.54,-300000000.0,notional_at_entry,short,-13569.0,short,1607066241.6000004,0
2023-01-05 00:00:00+00:00,2354,SB11,19.34,-300000000.0,notional_at_entry,short,-13569.0,short,1610105697.6000004,0
2023-01-06 00:00:00+00:00,2355,SB11,18.96,-300000000.0,notional_at_entry,short,-13569.0,short,1615880664.0000002,0
2023-01-09 00:00:00+00:00,2356,SB11,19.17,-300000000.0,notional_at_entry,short,-13569.0,short,1612689235.2000003,0
2023-01-10 00:00:00+00:00,2357,SB11,19.64,300000000.0,notional_at_entry,long,13638.0,long,1605546513.6000004,1
2023-01-11 00:00:00+00:00,2358,SB11,19.65,300000000.0,notional_at_entry,long,13638.0,long,1605699259.2000003,0
2023-01-12 00:00:00+00:00,2359,SB11,19.59,300000000.0,notional_at_entry,long,13638.0,long,1604782785.6000004,0
2023-01-13 00:00:00+00:00,2360,SB11,19.73,300000000.0,notional_at_entry,long,13638.0,long,1606921224.0000005,0
2023-01-17 00:00:00+00:00,2361,SB11,20.14,300000000.0,notional_at_entry,long,13638.0,long,1613183793.6000004,0
2023-01-18 00:00:00+00:00,2362,SB11,19.82,300000000.0,notional_at_entry,long,13638.0,long,1608295934.4000003,0
2023-01-19 00:00:00+00:00,2363,SB11,19.68,300000000.0,notional_at_entry,long,13638.0,long,1606157496.0000005,0
2023-01-20 00:00:00+00:00,2364,SB11,19.72,300000000.0,notional_at_entry,long,13638.0,long,1606768478.4000003,0
2023-01-23 00:00:00+00:00,2365,SB11,19.7,300000000.0,notional_at_entry,long,13638.0,long,1606462987.2000003,0
2023-01-24 00:00:00+00:00,2366,SB11,19.88,300000000.0,notional_at_entry,long,13638.0,long,1609212408.0000005,0
2023-01-25 00:00:00+00:00,2367,SB11,20.11,300000000.0,notional_at_entry,long,13638.0,long,1612725556.8000004,0
2023-01-26 00:00:00+00:00,2368,SB11,20.68,300000000.0,notional_at_entry,long,13638.0,long,1621432056.0000005,0
2023-01-27 00:00:00+00:00,2369,SB11,20.96,300000000.0,notional_at_entry,long,13638.0,long,1625708932.8000004,0
2023-01-30 00:00:00+00:00,2370,SB11,21.21,300000000.0,notional_at_entry,long,13638.0,long,1629527572.8000004,0
2023-01-31 00:00:00+00:00,2371,SB11,21.76,300000000.0,notional_at_entry,long,13638.0,long,1637928580.8000004,0
2023-02-01 00:00:00+00:00,2372,SB11,21.37,300000000.0,notional_at_entry,long,13638.0,long,1631971502.4000003,0
2023-02-02 00:00:00+00:00,2373,SB11,21.66,300000000.0,notional_at_entry,long,13638.0,long,1636401124.8000004,0
2023-02-03 00:00:00+00:00,2374,SB11,21.24,300000000.0,notional_at_entry,long,13638.0,long,1629985809.6000004,0
2023-02-06 00:00:00+00:00,2375,SB11,20.66,300000000.0,notional_at_entry,long,13638.0,long,1621126564.8000004,0
2023-02-07 00:00:00+00:00,2376,SB11,20.84,300000000.0,notional_at_entry,long,13638.0,long,1623875985.6000004,0
2023-02-08 00:00:00+00:00,2377,SB11,21.2,300000000.0,notional_at_entry,long,13638.0,long,1629374827.2000003,0
2023-02-09 00:00:00+00:00,2378,SB11,21.45,300000000.0,notional_at_entry,long,13638.0,long,1633193467.2000003,0
2023-02-10 00:00:00+00:00,2379,SB11,20.04,300000000.0,notional_at_entry,long,13638.0,long,1611656337.6000004,0
2023-02-13 00:00:00+00:00,2380,SB11,19.68,300000000.0,notional_at_entry,long,13638.0,long,1606157496.0000005,0
2023-02-14 00:00:00+00:00,2381,SB11,20.0,300000000.0,notional_at_entry,long,13638.0,long,1611045355.2000003,0
2023-02-15 00:00:00+00:00,2382,SB11,19.72,300000000.0,notional_at_entry,long,13638.0,long,1606768478.4000003,0
2023-02-16 00:00:00+00:00,2383,SB11,19.77,300000000.0,notional_at_entry,long,13638.0,long,1607532206.4000003,0
2023-02-17 00:00:00+00:00,2384,SB11,19.8,300000000.0,notional_at_entry,long,13638.0,long,1607990443.2000003,0
2023-02-21 00:00:00+00:00,2385,SB11,19.93,300000000.0,notional_at_entry,long,13638.0,long,1609976136.0000005,0
2023-02-22 00:00:00+00:00,2386,SB11,19.9,300000000.0,notional_at_entry,long,13638.0,long,1609517899.2000003,0
2023-02-23 00:00:00+00:00,2387,SB11,20.34,300000000.0,notional_at_entry,long,13638.0,long,1616238705.6000004,0
2023-02-24 00:00:00+00:00,2388,SB11,19.67,300000000.0,notional_at_entry,long,13638.0,long,1606004750.4000003,0
2023-02-27 00:00:00+00:00,2389,SB11,20.29,300000000.0,notional_at_entry,long,13638.0,long,1615474977.6000004,0
2023-02-28 00:00:00+00:00,2390,SB11,20.07,300000000.0,notional_at_entry,long,13638.0,long,1612114574.4000003,0
2023-03-01 00:00:00+00:00,2391,SB11,20.57,300000000.0,notional_at_entry,long,13638.0,long,1619751854.4000003,0
2023-03-02 00:00:00+00:00,2392,SB11,20.31,300000000.0,notional_at_entry,long,13638.0,long,1615780468.8000004,0
2023-03-03 00:00:00+00:00,2393,SB11,20.92,300000000.0,notional_at_entry,long,13638.0,long,1625097950.4000003,0
2023-03-06 00:00:00+00:00,2394,SB11,20.87,300000000.0,notional_at_entry,long,13638.0,long,1624334222.4000003,0
2023-03-07 00:00:00+00:00,2395,SB11,21.02,300000000.0,notional_at_entry,long,13638.0,long,1626625406.4000003,0
2023-03-08 00:00:00+00:00,2396,SB11,20.88,300000000.0,notional_at_entry,long,13638.0,long,1624486968.0000005,0
2023-03-09 00:00:00+00:00,2397,SB11,21.15,300000000.0,notional_at_entry,long,13638.0,long,1628611099.2000003,0
2023-03-10 00:00:00+00:00,2398,SB11,21.16,300000000.0,notional_at_entry,long,13638.0,long,1628763844.8000004,0
2023-03-13 00:00:00+00:00,2399,SB11,20.8,300000000.0,notional_at_entry,long,13638.0,long,1623265003.2000003,0
2023-03-14 00:00:00+00:00,2400,SB11,20.68,300000000.0,notional_at_entry,long,13638.0,long,1621432056.0000005,0
2023-03-15 00:00:00+00:00,2401,SB11,20.5,300000000.0,notional_at_entry,long,13638.0,long,1618682635.2000003,0
2023-03-16 00:00:00+00:00,2402,SB11,20.76,300000000.0,notional_at_entry,long,13638.0,long,1622654020.8000004,0
2023-03-17 00:00:00+00:00,2403,SB11,20.67,300000000.0,notional_at_entry,long,13638.0,long,1621279310.4000003,0
2023-03-20 00:00:00+00:00,2404,SB11,20.48,300000000.0,notional_at_entry,long,13638.0,long,1618377144.0000005,0
2023-03-21 00:00:00+00:00,2405,SB11,20.8,300000000.0,notional_at_entry,long,13638.0,long,1623265003.2000003,0
2023-03-22 00:00:00+00:00,2406,SB11,21.14,300000000.0,notional_at_entry,long,13638.0,long,1628458353.6000004,0
2023-03-23 00:00:00+00:00,2407,SB11,20.89,300000000.0,notional_at_entry,long,13638.0,long,1624639713.6000004,0
2023-03-24 00:00:00+00:00,2408,SB11,20.82,300000000.0,notional_at_entry,long,13638.0,long,1623570494.4000003,0
2023-03-27 00:00:00+00:00,2409,SB11,20.93,300000000.0,notional_at_entry,long,13638.0,long,1625250696.0000005,0
2023-03-28 00:00:00+00:00,2410,SB11,21.31,300000000.0,notional_at_entry,long,13638.0,long,1631055028.8000004,0
2023-03-29 00:00:00+00:00,2411,SB11,21.25,300000000.0,notional_at_entry,long,13638.0,long,1630138555.2000003,0
2023-03-30 00:00:00+00:00,2412,SB11,21.96,300000000.0,notional_at_entry,long,13638.0,long,1640983492.8000004,0
2023-03-31 00:00:00+00:00,2413,SB11,22.25,300000000.0,notional_at_entry,long,13638.0,long,1645413115.2000003,0
2023-04-03 00:00:00+00:00,2414,SB11,22.4,300000000.0,notional_at_entry,long,13638.0,long,1647704299.2000003,0
2023-04-04 00:00:00+00:00,2415,SB11,22.47,300000000.0,notional_at_entry,long,13638.0,long,1648773518.4000003,0
2023-04-05 00:00:00+00:00,2416,SB11,22.95,300000000.0,notional_at_entry,long,13638.0,long,1656105307.2000003,0
2023-04-06 00:00:00+00:00,2417,SB11,23.61,300000000.0,notional_at_entry,long,13638.0,long,1666186516.8000004,0
2023-04-10 00:00:00+00:00,2418,SB11,23.56,300000000.0,notional_at_entry,long,13638.0,long,1665422788.8000004,0
2023-04-11 00:00:00+00:00,2419,SB11,24.37,300000000.0,notional_at_entry,long,13638.0,long,1677795182.4000003,0
2023-04-12 00:00:00+00:00,2420,SB11,24.05,300000000.0,notional_at_entry,long,13638.0,long,1672907323.2000003,0
2023-04-13 00:00:00+00:00,2421,SB11,23.39,300000000.0,notional_at_entry,long,13638.0,long,1662826113.6000004,0
2023-04-14 00:00:00+00:00,2422,SB11,23.46,300000000.0,notional_at_entry,long,13638.0,long,1663895332.8000004,0
2023-04-17 00:00:00+00:00,2423,SB11,23.8,300000000.0,notional_at_entry,long,13638.0,long,1669088683.2000003,0
2023-04-18 00:00:00+00:00,2424,SB11,23.94,300000000.0,notional_at_entry,long,13638.0,long,1671227121.6000004,0
2023-04-19 00:00:00+00:00,2425,SB11,23.85,300000000.0,notional_at_entry,long,13638.0,long,1669852411.2000003,0
2023-04-20 00:00:00+00:00,2426,SB11,24.74,300000000.0,notional_at_entry,long,13638.0,long,1683446769.6000004,0
2023-04-21 00:00:00+00:00,2427,SB11,24.34,300000000.0,notional_at_entry,long,13638.0,long,1677336945.6000004,0
2023-04-24 00:00:00+00:00,2428,SB11,25.32,300000000.0,notional_at_entry,long,13638.0,long,1692306014.4000003,0
2023-04-25 00:00:00+00:00,2429,SB11,25.97,300000000.0,notional_at_entry,long,13638.0,long,1702234478.4000003,0
2023-04-26 00:00:00+00:00,2430,SB11,25.78,300000000.0,notional_at_entry,long,13638.0,long,1699332312.0000005,0
2023-04-27 00:00:00+00:00,2431,SB11,26.35,300000000.0,notional_at_entry,long,13638.0,long,1708038811.2000003,0
2023-04-28 00:00:00+00:00,2432,SB11,26.35,300000000.0,notional_at_entry,long,13638.0,long,1708038811.2000003,0
2023-05-01 00:00:00+00:00,2433,SB11,25.54,300000000.0,notional_at_entry,long,13638.0,long,1695666417.6000004,0
2023-05-02 00:00:00+00:00,2434,SB11,25.14,300000000.0,notional_at_entry,long,13638.0,long,1689556593.6000004,0
2023-05-03 00:00:00+00:00,2435,SB11,25.17,-300000000.0,notional_at_entry,short,-10641.0,short,1690014830.4000003,1
2023-05-04 00:00:00+00:00,2436,SB11,25.52,-300000000.0,notional_at_entry,short,-10641.0,short,1685843558.4000003,0
2023-05-05 00:00:00+00:00,2437,SB11,26.32,-300000000.0,notional_at_entry,short,-10641.0,short,1676309222.4000003,0
2023-05-08 00:00:00+00:00,2438,SB11,26.09,-300000000.0,notional_at_entry,short,-10641.0,short,1679050344.0000002,0
2023-05-09 00:00:00+00:00,2439,SB11,26.19,-300000000.0,notional_at_entry,short,-10641.0,short,1677858552.0000002,0
2023-05-10 00:00:00+00:00,2440,SB11,26.66,-300000000.0,notional_at_entry,short,-10641.0,short,1672257129.6000004,0
2023-05-11 00:00:00+00:00,2441,SB11,26.02,-300000000.0,notional_at_entry,short,-10641.0,short,1679884598.4000003,0
2023-05-12 00:00:00+00:00,2442,SB11,26.22,-300000000.0,notional_at_entry,short,-10641.0,short,1677501014.4000003,0
2023-05-15 00:00:00+00:00,2443,SB11,26.29,-300000000.0,notional_at_entry,short,-10641.0,short,1676666760.0000005,0
2023-05-16 00:00:00+00:00,2444,SB11,26.07,-300000000.0,notional_at_entry,short,-10641.0,short,1679288702.4000003,0
2023-05-17 00:00:00+00:00,2445,SB11,25.91,-300000000.0,notional_at_entry,short,-10641.0,short,1681195569.6000004,0
2023-05-18 00:00:00+00:00,2446,SB11,25.61,-300000000.0,notional_at_entry,short,-10641.0,short,1684770945.6000004,0
2023-05-19 00:00:00+00:00,2447,SB11,25.78,-300000000.0,notional_at_entry,short,-10641.0,short,1682744899.2000003,0
2023-05-22 00:00:00+00:00,2448,SB11,25.99,-300000000.0,notional_at_entry,short,-10641.0,short,1680242136.0000005,0
2023-05-23 00:00:00+00:00,2449,SB11,25.81,-300000000.0,notional_at_entry,short,-10641.0,short,1682387361.6000004,0
2023-05-24 00:00:00+00:00,2450,SB11,25.49,-300000000.0,notional_at_entry,short,-10641.0,short,1686201096.0000005,0
2023-05-25 00:00:00+00:00,2451,SB11,24.83,-300000000.0,notional_at_entry,short,-10641.0,short,1694066923.2000003,0
2023-05-26 00:00:00+00:00,2452,SB11,25.37,-300000000.0,notional_at_entry,short,-10641.0,short,1687631246.4000003,0
2023-05-30 00:00:00+00:00,2453,SB11,25.33,-300000000.0,notional_at_entry,short,-10641.0,short,1688107963.2000003,0
2023-05-31 00:00:00+00:00,2454,SB11,25.06,-300000000.0,notional_at_entry,short,-10641.0,short,1691325801.6000004,0
2023-06-01 00:00:00+00:00,2455,SB11,24.88,-300000000.0,notional_at_entry,short,-10641.0,short,1693471027.2000003,0
2023-06-02 00:00:00+00:00,2456,SB11,24.73,-300000000.0,notional_at_entry,short,-10641.0,short,1695258715.2000003,0
2023-06-05 00:00:00+00:00,2457,SB11,24.4,-300000000.0,notional_at_entry,short,-10641.0,short,1699191628.8000004,0
2023-06-06 00:00:00+00:00,2458,SB11,24.58,-300000000.0,notional_at_entry,short,-10641.0,short,1697046403.2000003,0
2023-06-07 00:00:00+00:00,2459,SB11,24.5,-300000000.0,notional_at_entry,short,-10641.0,short,1697999836.8000004,0
2023-06-08 00:00:00+00:00,2460,SB11,25.48,-300000000.0,notional_at_entry,short,-10641.0,short,1686320275.2000003,0
2023-06-09 00:00:00+00:00,2461,SB11,25.38,-300000000.0,notional_at_entry,short,-10641.0,short,1687512067.2000003,0
2023-06-12 00:00:00+00:00,2462,SB11,25.47,-300000000.0,notional_at_entry,short,-10641.0,short,1686439454.4000003,0
2023-06-13 00:00:00+00:00,2463,SB11,24.77,-300000000.0,notional_at_entry,short,-10641.0,short,1694781998.4000003,0
2023-06-14 00:00:00+00:00,2464,SB11,25.37,-300000000.0,notional_at_entry,short,-10641.0,short,1687631246.4000003,0
2023-06-15 00:00:00+00:00,2465,SB11,25.63,-300000000.0,notional_at_entry,short,-10641.0,short,1684532587.2000003,0
2023-06-16 00:00:00+00:00,2466,SB11,26.09,-300000000.0,notional_at_entry,short,-10641.0,short,1679050344.0000002,0
2023-06-20 00:00:00+00:00,2467,SB11,26.03,-300000000.0,notional_at_entry,short,-10641.0,short,1679765419.2000003,0
2023-06-21 00:00:00+00:00,2468,SB11,25.85,-300000000.0,notional_at_entry,short,-10641.0,short,1681910644.8000004,0
2023-06-22 00:00:00+00:00,2469,SB11,24.97,-300000000.0,notional_at_entry,short,-10641.0,short,1692398414.4000003,0
2023-06-23 00:00:00+00:00,2470,SB11,24.29,-300000000.0,notional_at_entry,short,-10641.0,short,1700502600.0000005,0
2023-06-26 00:00:00+00:00,2471,SB11,23.66,-300000000.0,notional_at_entry,short,-10641.0,short,1708010889.6000004,0
2023-06-27 00:00:00+00:00,2472,SB11,22.98,-300000000.0,notional_at_entry,short,-10641.0,short,1716115075.2000003,0
2023-06-28 00:00:00+00:00,2473,SB11,22.6,-300000000.0,notional_at_entry,short,-10641.0,short,1720643884.8000004,0
2023-06-29 00:00:00+00:00,2474,SB11,22.08,-300000000.0,notional_at_entry,short,-10641.0,short,1726841203.2000003,0
2023-06-30 00:00:00+00:00,2475,SB11,22.79,-300000000.0,notional_at_entry,short,-10641.0,short,1718379480.0000005,0
2023-07-03 00:00:00+00:00,2476,SB11,23.32,-300000000.0,notional_at_entry,short,-10641.0,short,1712062982.4000003,0
2023-07-05 00:00:00+00:00,2477,SB11,23.53,300000000.0,notional_at_entry,long,11383.0,long,1709560219.2000003,1
2023-07-06 00:00:00+00:00,2478,SB11,23.25,300000000.0,notional_at_entry,long,11383.0,long,1705990510.4000003,0
2023-07-07 00:00:00+00:00,2479,SB11,23.53,300000000.0,notional_at_entry,long,11383.0,long,1709560219.2000003,0
2023-07-10 00:00:00+00:00,2480,SB11,23.44,300000000.0,notional_at_entry,long,11383.0,long,1708412812.8000002,0
2023-07-11 00:00:00+00:00,2481,SB11,23.53,300000000.0,notional_at_entry,long,11383.0,long,1709560219.2000003,0
2023-07-12 00:00:00+00:00,2482,SB11,23.91,300000000.0,notional_at_entry,long,11383.0,long,1714404824.0000002,0
2023-07-13 00:00:00+00:00,2483,SB11,24.01,300000000.0,notional_at_entry,long,11383.0,long,1715679720.0000002,0
2023-07-14 00:00:00+00:00,2484,SB11,24.32,300000000.0,notional_at_entry,long,11383.0,long,1719631897.6000004,0
2023-07-17 00:00:00+00:00,2485,SB11,23.8,300000000.0,notional_at_entry,long,11383.0,long,1713002438.4000003,0
2023-07-18 00:00:00+00:00,2486,SB11,23.86,300000000.0,notional_at_entry,long,11383.0,long,1713767376.0000002,0
2023-07-19 00:00:00+00:00,2487,SB11,24.21,300000000.0,notional_at_entry,long,11383.0,long,1718229512.0000002,0
2023-07-20 00:00:00+00:00,2488,SB11,24.67,300000000.0,notional_at_entry,long,11383.0,long,1724094033.6000004,0
2023-07-21 00:00:00+00:00,2489,SB11,25.01,300000000.0,notional_at_entry,long,11383.0,long,1728428680.0000002,0
2023-07-24 00:00:00+00:00,2490,SB11,24.92,300000000.0,notional_at_entry,long,11383.0,long,1727281273.6000004,0
2023-07-25 00:00:00+00:00,2491,SB11,24.69,300000000.0,notional_at_entry,long,11383.0,long,1724349012.8000002,0
2023-07-26 00:00:00+00:00,2492,SB11,24.39,300000000.0,notional_at_entry,long,11383.0,long,1720524324.8000002,0
2023-07-27 00:00:00+00:00,2493,SB11,24.43,300000000.0,notional_at_entry,long,11383.0,long,1721034283.2000003,0
2023-07-28 00:00:00+00:00,2494,SB11,23.92,300000000.0,notional_at_entry,long,11383.0,long,1714532313.6000004,0
2023-07-31 00:00:00+00:00,2495,SB11,24.11,300000000.0,notional_at_entry,long,11383.0,long,1716954616.0000002,0
2023-08-01 00:00:00+00:00,2496,SB11,24.39,300000000.0,notional_at_entry,long,11383.0,long,1720524324.8000002,0
2023-08-02 00:00:00+00:00,2497,SB11,24.2,300000000.0,notional_at_entry,long,11383.0,long,1718102022.4000003,0
2023-08-03 00:00:00+00:00,2498,SB11,24.02,300000000.0,notional_at_entry,long,11383.0,long,1715807209.6000004,0
2023-08-04 00:00:00+00:00,2499,SB11,23.69,300000000.0,notional_at_entry,long,11383.0,long,1711600052.8000002,0
2023-08-07 00:00:00+00:00,2500,SB11,23.74,300000000.0,notional_at_entry,long,11383.0,long,1712237500.8000002,0
2023-08-08 00:00:00+00:00,2501,SB11,23.45,300000000.0,notional_at_entry,long,11383.0,long,1708540302.4000003,0
2023-08-09 00:00:00+00:00,2502,SB11,23.71,300000000.0,notional_at_entry,long,11383.0,long,1711855032.0000002,0
2023-08-10 00:00:00+00:00,2503,SB11,23.95,300000000.0,notional_at_entry,long,11383.0,long,1714914782.4000003,0
2023-08-11 00:00:00+00:00,2504,SB11,24.33,300000000.0,notional_at_entry,long,11383.0,long,1719759387.2000003,0
2023-08-14 00:00:00+00:00,2505,SB11,24.05,300000000.0,notional_at_entry,long,11383.0,long,1716189678.4000003,0
2023-08-15 00:00:00+00:00,2506,SB11,23.77,300000000.0,notional_at_entry,long,11383.0,long,1712619969.6000004,0
2023-08-16 00:00:00+00:00,2507,SB11,24.19,300000000.0,notional_at_entry,long,11383.0,long,1717974532.8000002,0
2023-08-17 00:00:00+00:00,2508,SB11,24.0,300000000.0,notional_at_entry,long,11383.0,long,1715552230.4000003,0
2023-08-18 00:00:00+00:00,2509,SB11,23.76,300000000.0,notional_at_entry,long,11383.0,long,1712492480.0000002,0
2023-08-21 00:00:00+00:00,2510,SB11,23.4,300000000.0,notional_at_entry,long,11383.0,long,1707902854.4000003,0
2023-08-22 00:00:00+00:00,2511,SB11,23.4,300000000.0,notional_at_entry,long,11383.0,long,1707902854.4000003,0
2023-08-23 00:00:00+00:00,2512,SB11,23.85,300000000.0,notional_at_entry,long,11383.0,long,1713639886.4000003,0
2023-08-24 00:00:00+00:00,2513,SB11,24.29,300000000.0,notional_at_entry,long,11383.0,long,1719249428.8000002,0
2023-08-25 00:00:00+00:00,2514,SB11,24.83,300000000.0,notional_at_entry,long,11383.0,long,1726133867.2000003,0
2023-08-28 00:00:00+00:00,2515,SB11,25.57,300000000.0,notional_at_entry,long,11383.0,long,1735568097.6000004,0
2023-08-29 00:00:00+00:00,2516,SB11,25.45,300000000.0,notional_at_entry,long,11383.0,long,1734038222.4000003,0
2023-08-30 00:00:00+00:00,2517,SB11,25.34,300000000.0,notional_at_entry,long,11383.0,long,1732635836.8000002,0
2023-08-31 00:00:00+00:00,2518,SB11,25.06,300000000.0,notional_at_entry,long,11383.0,long,1729066128.0000002,0
2023-09-01 00:00:00+00:00,2519,SB11,25.81,300000000.0,notional_at_entry,long,11383.0,long,1738627848.0000002,0
2023-09-05 00:00:00+00:00,2520,SB11,26.65,300000000.0,notional_at_entry,long,11383.0,long,1749336974.4000003,0
2023-09-06 00:00:00+00:00,2521,SB11,26.22,300000000.0,notional_at_entry,long,11383.0,long,1743854921.6000001,0
2023-09-07 00:00:00+00:00,2522,SB11,26.68,300000000.0,notional_at_entry,long,11383.0,long,1749719443.2000003,0
2023-09-08 00:00:00+00:00,2523,SB11,26.31,300000000.0,notional_at_entry,long,11383.0,long,1745002328.0000002,0
2023-09-11 00:00:00+00:00,2524,SB11,26.4,300000000.0,notional_at_entry,long,11383.0,long,1746149734.4000003,0
2023-09-12 00:00:00+00:00,2525,SB11,26.83,300000000.0,notional_at_entry,long,11383.0,long,1751631787.2000003,0
2023-09-13 00:00:00+00:00,2526,SB11,26.81,300000000.0,notional_at_entry,long,11383.0,long,1751376808.0000002,0
2023-09-14 00:00:00+00:00,2527,SB11,27.22,300000000.0,notional_at_entry,long,11383.0,long,1756603881.6000001,0
2023-09-15 00:00:00+00:00,2528,SB11,27.16,300000000.0,notional_at_entry,long,11383.0,long,1755838944.0000002,0
2023-09-18 00:00:00+00:00,2529,SB11,27.36,300000000.0,notional_at_entry,long,11383.0,long,1758388736.0000002,0
2023-09-19 00:00:00+00:00,2530,SB11,27.72,300000000.0,notional_at_entry,long,11383.0,long,1762978361.6000001,0
2023-09-20 00:00:00+00:00,2531,SB11,27.15,300000000.0,notional_at_entry,long,11383.0,long,1755711454.4000003,0
2023-09-21 00:00:00+00:00,2532,SB11,27.26,300000000.0,notional_at_entry,long,11383.0,long,1757113840.0000002,0
2023-09-22 00:00:00+00:00,2533,SB11,27.28,-300000000.0,notional_at_entry,short,-9818.0,short,1757368819.2000003,1
2023-09-25 00:00:00+00:00,2534,SB11,26.58,-300000000.0,notional_at_entry,short,-9818.0,short,1765066131.2000003,0
2023-09-26 00:00:00+00:00,2535,SB11,26.24,-300000000.0,notional_at_entry,short,-9818.0,short,1768804825.6000004,0
2023-09-27 00:00:00+00:00,2536,SB11,26.37,-300000000.0,notional_at_entry,short,-9818.0,short,1767375324.8000002,0
2023-09-28 00:00:00+00:00,2537,SB11,26.96,-300000000.0,notional_at_entry,short,-9818.0,short,1760887590.4000003,0
2023-09-29 00:00:00+00:00,2538,SB11,26.48,-300000000.0,notional_at_entry,short,-9818.0,short,1766165747.2000003,0
2023-10-02 00:00:00+00:00,2539,SB11,26.35,-300000000.0,notional_at_entry,short,-9818.0,short,1767595248.0000002,0
2023-10-03 00:00:00+00:00,2540,SB11,25.67,-300000000.0,notional_at_entry,short,-9818.0,short,1775072636.8000002,0
2023-10-04 00:00:00+00:00,2541,SB11,25.93,-300000000.0,notional_at_entry,short,-9818.0,short,1772213635.2000003,0
2023-10-05 00:00:00+00:00,2542,SB11,26.16,-300000000.0,notional_at_entry,short,-9818.0,short,1769684518.4000003,0
2023-10-06 00:00:00+00:00,2543,SB11,26.74,300000000.0,notional_at_entry,long,10017.0,long,1763306745.6000004,1
2023-10-09 00:00:00+00:00,2544,SB11,27.18,300000000.0,notional_at_entry,long,10017.0,long,1768243123.2000003,0
2023-10-10 00:00:00+00:00,2545,SB11,27.05,300000000.0,notional_at_entry,long,10017.0,long,1766784648.0000005,0
2023-10-11 00:00:00+00:00,2546,SB11,26.4,300000000.0,notional_at_entry,long,10017.0,long,1759492272.0000005,0
2023-10-12 00:00:00+00:00,2547,SB11,26.35,300000000.0,notional_at_entry,long,10017.0,long,1758931320.0000005,0
2023-10-13 00:00:00+00:00,2548,SB11,27.03,300000000.0,notional_at_entry,long,10017.0,long,1766560267.2000005,0
2023-10-16 00:00:00+00:00,2549,SB11,27.05,300000000.0,notional_at_entry,long,10017.0,long,1766784648.0000005,0
2023-10-17 00:00:00+00:00,2550,SB11,27.49,300000000.0,notional_at_entry,long,10017.0,long,1771721025.6000004,0
2023-10-18 00:00:00+00:00,2551,SB11,27.48,300000000.0,notional_at_entry,long,10017.0,long,1771608835.2000003,0
2023-10-19 00:00:00+00:00,2552,SB11,27.29,300000000.0,notional_at_entry,long,10017.0,long,1769477217.6000004,0
2023-10-20 00:00:00+00:00,2553,SB11,26.85,300000000.0,notional_at_entry,long,10017.0,long,1764540840.0000005,0
2023-10-23 00:00:00+00:00,2554,SB11,27.48,300000000.0,notional_at_entry,long,10017.0,long,1771608835.2000003,0
2023-10-24 00:00:00+00:00,2555,SB11,27.53,300000000.0,notional_at_entry,long,10017.0,long,1772169787.2000005,0
2023-10-25 00:00:00+00:00,2556,SB11,27.63,300000000.0,notional_at_entry,long,10017.0,long,1773291691.2000003,0
2023-10-26 00:00:00+00:00,2557,SB11,27.04,300000000.0,notional_at_entry,long,10017.0,long,1766672457.6000004,0
2023-10-27 00:00:00+00:00,2558,SB11,27.34,300000000.0,notional_at_entry,long,10017.0,long,1770038169.6000004,0
2023-10-30 00:00:00+00:00,2559,SB11,26.75,300000000.0,notional_at_entry,long,10017.0,long,1763418936.0000005,0
2023-10-31 00:00:00+00:00,2560,SB11,27.09,300000000.0,notional_at_entry,long,10017.0,long,1767233409.6000004,0
2023-11-01 00:00:00+00:00,2561,SB11,27.51,300000000.0,notional_at_entry,long,10017.0,long,1771945406.4000003,0
2023-11-02 00:00:00+00:00,2562,SB11,27.48,300000000.0,notional_at_entry,long,10017.0,long,1771608835.2000003,0
2023-11-03 00:00:00+00:00,2563,SB11,27.77,300000000.0,notional_at_entry,long,10017.0,long,1774862356.8000004,0
2023-11-06 00:00:00+00:00,2564,SB11,27.95,300000000.0,notional_at_entry,long,10017.0,long,1776881784.0000005,0
2023-11-07 00:00:00+00:00,2565,SB11,27.59,300000000.0,notional_at_entry,long,10017.0,long,1772842929.6000004,0
2023-11-08 00:00:00+00:00,2566,SB11,27.21,300000000.0,notional_at_entry,long,10017.0,long,1768579694.4000003,0
2023-11-09 00:00:00+00:00,2567,SB11,27.78,300000000.0,notional_at_entry,long,10017.0,long,1774974547.2000005,0
2023-11-10 00:00:00+00:00,2568,SB11,27.29,300000000.0,notional_at_entry,long,10017.0,long,1769477217.6000004,0
2023-11-13 00:00:00+00:00,2569,SB11,27.71,300000000.0,notional_at_entry,long,10017.0,long,1774189214.4000003,0
2023-11-14 00:00:00+00:00,2570,SB11,27.18,300000000.0,notional_at_entry,long,10017.0,long,1768243123.2000003,0
2023-11-15 00:00:00+00:00,2571,SB11,27.15,300000000.0,notional_at_entry,long,10017.0,long,1767906552.0000005,0
2023-11-16 00:00:00+00:00,2572,SB11,27.19,300000000.0,notional_at_entry,long,10017.0,long,1768355313.6000004,0
2023-11-17 00:00:00+00:00,2573,SB11,27.18,300000000.0,notional_at_entry,long,10017.0,long,1768243123.2000003,0
2023-11-20 00:00:00+00:00,2574,SB11,27.56,300000000.0,notional_at_entry,long,10017.0,long,1772506358.4000003,0
2023-11-21 00:00:00+00:00,2575,SB11,27.75,300000000.0,notional_at_entry,long,10017.0,long,1774637976.0000005,0
2023-11-22 00:00:00+00:00,2576,SB11,27.22,300000000.0,notional_at_entry,long,10017.0,long,1768691884.8000004,0
2023-11-24 00:00:00+00:00,2577,SB11,26.98,300000000.0,notional_at_entry,long,10017.0,long,1765999315.2000003,0
2023-11-27 00:00:00+00:00,2578,SB11,27.2,300000000.0,notional_at_entry,long,10017.0,long,1768467504.0000005,0
2023-11-28 00:00:00+00:00,2579,SB11,26.99,300000000.0,notional_at_entry,long,10017.0,long,1766111505.6000004,0
2023-11-29 00:00:00+00:00,2580,SB11,26.86,300000000.0,notional_at_entry,long,10017.0,long,1764653030.4000003,0
2023-11-30 00:00:00+00:00,2581,SB11,26.04,300000000.0,notional_at_entry,long,10017.0,long,1755453417.6000004,0
2023-12-01 00:00:00+00:00,2582,SB11,25.09,300000000.0,notional_at_entry,long,10017.0,long,1744795329.6000004,0
