timestamp,bar_index,instrument_key,price,target_value,target_unit,target_side,position_quantity,position_side,equity,n_fills
2021-04-30 00:00:00+00:00,60,CORN,740.0,0.0,notional_at_entry,flat,0.0,flat,300000000.0,0
2021-05-03 00:00:00+00:00,61,CORN,732.25,0.0,notional_at_entry,flat,0.0,flat,300000000.0,0
2021-05-04 00:00:00+00:00,62,CORN,744.75,0.0,notional_at_entry,flat,0.0,flat,300000000.0,0
2021-05-05 00:00:00+00:00,63,CORN,753.25,0.0,notional_at_entry,flat,0.0,flat,300000000.0,0
2021-05-06 00:00:00+00:00,64,CORN,759.5,0.0,notional_at_entry,flat,0.0,flat,300000000.0,0
2021-05-07 00:00:00+00:00,65,CORN,772.75,0.0,notional_at_entry,flat,0.0,flat,300000000.0,0
2021-05-10 00:00:00+00:00,66,CORN,748.0,0.0,notional_at_entry,flat,0.0,flat,300000000.0,0
2021-05-11 00:00:00+00:00,67,CORN,759.5,0.0,notional_at_entry,flat,0.0,flat,300000000.0,0
2021-05-12 00:00:00+00:00,68,CORN,757.5,0.0,notional_at_entry,flat,0.0,flat,300000000.0,0
2021-05-13 00:00:00+00:00,69,CORN,719.0,0.0,notional_at_entry,flat,0.0,flat,300000000.0,0
2021-05-14 00:00:00+00:00,70,CORN,685.0,450000000.0,notional_at_entry,long,656934.0,long,300000000.0,1
2021-05-17 00:00:00+00:00,71,CORN,652.5,450000000.0,notional_at_entry,long,656934.0,long,278649645.0,0
2021-05-18 00:00:00+00:00,72,CORN,658.25,450000000.0,notional_at_entry,long,656934.0,long,282427015.5,0
2021-05-19 00:00:00+00:00,73,CORN,658.25,450000000.0,notional_at_entry,long,656934.0,long,282427015.5,0
2021-05-20 00:00:00+00:00,74,CORN,664.5,450000000.0,notional_at_entry,long,656934.0,long,286532853.0,0
2021-05-21 00:00:00+00:00,75,CORN,659.5,450000000.0,notional_at_entry,long,656934.0,long,283248183.0,0
2021-05-24 00:00:00+00:00,76,CORN,657.25,-300000000.0,notional_at_entry,short,-456447.0,short,281770081.5,1
2021-05-25 00:00:00+00:00,77,CORN,620.25,-300000000.0,notional_at_entry,short,-456447.0,short,298658620.5,0
2021-05-26 00:00:00+00:00,78,CORN,624.5,-300000000.0,notional_at_entry,short,-456447.0,short,296718720.75,0
2021-05-27 00:00:00+00:00,79,CORN,664.5,-300000000.0,notional_at_entry,short,-456447.0,short,278460840.75,0
2021-05-28 00:00:00+00:00,80,CORN,656.75,300000000.0,notional_at_entry,long,456794.0,long,281998305.0,1
2021-05-31 00:00:00+00:00,81,CORN,666.88,300000000.0,notional_at_entry,long,456794.0,long,286625628.21999997,0
2021-06-01 00:00:00+00:00,82,CORN,688.75,300000000.0,notional_at_entry,long,456794.0,long,296615713.0,0
2021-06-02 00:00:00+00:00,83,CORN,675.0,300000000.0,notional_at_entry,long,456794.0,long,290334795.5,0
2021-06-03 00:00:00+00:00,84,CORN,662.0,300000000.0,notional_at_entry,long,456794.0,long,284396473.5,0
2021-06-04 00:00:00+00:00,85,CORN,682.75,300000000.0,notional_at_entry,long,456794.0,long,293874949.0,0
2021-06-07 00:00:00+00:00,86,CORN,679.25,300000000.0,notional_at_entry,long,456794.0,long,292276170.0,0
2021-06-08 00:00:00+00:00,87,CORN,680.0,300000000.0,notional_at_entry,long,456794.0,long,292618765.5,0
2021-06-09 00:00:00+00:00,88,CORN,690.75,300000000.0,notional_at_entry,long,456794.0,long,297529301.0,0
2021-06-10 00:00:00+00:00,89,CORN,699.0,300000000.0,notional_at_entry,long,456794.0,long,301297851.5,0
2021-06-11 00:00:00+00:00,90,CORN,684.5,300000000.0,notional_at_entry,long,456794.0,long,294674338.5,0
2021-06-14 00:00:00+00:00,91,CORN,659.25,300000000.0,notional_at_entry,long,456794.0,long,283140290.0,0
2021-06-15 00:00:00+00:00,92,CORN,667.5,300000000.0,notional_at_entry,long,456794.0,long,286908840.5,0
2021-06-16 00:00:00+00:00,93,CORN,673.0,300000000.0,notional_at_entry,long,456794.0,long,289421207.5,0
2021-06-17 00:00:00+00:00,94,CORN,633.0,300000000.0,notional_at_entry,long,456794.0,long,271149447.5,0
2021-06-18 00:00:00+00:00,95,CORN,655.25,300000000.0,notional_at_entry,long,456794.0,long,281313114.0,0
2021-06-21 00:00:00+00:00,96,CORN,659.25,300000000.0,notional_at_entry,long,456794.0,long,283140290.0,0
2021-06-22 00:00:00+00:00,97,CORN,659.75,300000000.0,notional_at_entry,long,456794.0,long,283368687.0,0
2021-06-23 00:00:00+00:00,98,CORN,664.25,300000000.0,notional_at_entry,long,456794.0,long,285424260.0,0
2021-06-24 00:00:00+00:00,99,CORN,653.25,300000000.0,notional_at_entry,long,456794.0,long,280399526.0,0
2021-06-25 00:00:00+00:00,100,CORN,636.5,300000000.0,notional_at_entry,long,456794.0,long,272748226.5,0
2021-06-28 00:00:00+00:00,101,CORN,675.5,300000000.0,notional_at_entry,long,456794.0,long,290563192.5,0
2021-06-29 00:00:00+00:00,102,CORN,694.5,300000000.0,notional_at_entry,long,456794.0,long,299242278.5,0
2021-06-30 00:00:00+00:00,103,CORN,720.0,300000000.0,notional_at_entry,long,456794.0,long,310890525.5,0
2021-07-01 00:00:00+00:00,104,CORN,719.75,300000000.0,notional_at_entry,long,456794.0,long,310776327.0,0
2021-07-02 00:00:00+00:00,105,CORN,697.25,300000000.0,notional_at_entry,long,456794.0,long,300498462.0,0
2021-07-06 00:00:00+00:00,106,CORN,656.0,300000000.0,notional_at_entry,long,456794.0,long,281655709.5,0
2021-07-07 00:00:00+00:00,107,CORN,652.5,300000000.0,notional_at_entry,long,456794.0,long,280056930.5,0
2021-07-08 00:00:00+00:00,108,CORN,638.0,300000000.0,notional_at_entry,long,456794.0,long,273433417.5,0
2021-07-09 00:00:00+00:00,109,CORN,629.75,300000000.0,notional_at_entry,long,456794.0,long,269664867.0,0
2021-07-12 00:00:00+00:00,110,CORN,669.25,-450000000.0,notional_at_entry,short,-672394.0,short,287708230.0,1
2021-07-13 00:00:00+00:00,111,CORN,677.0,-450000000.0,notional_at_entry,short,-672394.0,short,282497176.5,0
2021-07-14 00:00:00+00:00,112,CORN,683.0,-450000000.0,notional_at_entry,short,-672394.0,short,278462812.5,0
2021-07-15 00:00:00+00:00,113,CORN,564.25,-450000000.0,notional_at_entry,short,-672394.0,short,358309600.0,0
2021-07-16 00:00:00+00:00,114,CORN,556.0,-450000000.0,notional_at_entry,short,-672394.0,short,363856850.5,0
2021-07-19 00:00:00+00:00,115,CORN,556.0,-450000000.0,notional_at_entry,short,-672394.0,short,363856850.5,0
2021-07-20 00:00:00+00:00,116,CORN,571.75,-450000000.0,notional_at_entry,short,-672394.0,short,353266645.0,0
2021-07-21 00:00:00+00:00,117,CORN,571.75,-450000000.0,notional_at_entry,short,-672394.0,short,353266645.0,0
2021-07-22 00:00:00+00:00,118,CORN,564.5,-450000000.0,notional_at_entry,short,-672394.0,short,358141501.5,0
2021-07-23 00:00:00+00:00,119,CORN,547.25,-450000000.0,notional_at_entry,short,-672394.0,short,369740298.0,0
2021-07-26 00:00:00+00:00,120,CORN,549.75,-450000000.0,notional_at_entry,short,-672394.0,short,368059313.0,0
2021-07-27 00:00:00+00:00,121,CORN,548.75,-450000000.0,notional_at_entry,short,-672394.0,short,368731707.0,0
2021-07-28 00:00:00+00:00,122,CORN,549.25,-450000000.0,notional_at_entry,short,-672394.0,short,368395510.0,0
2021-07-29 00:00:00+00:00,123,CORN,558.0,-450000000.0,notional_at_entry,short,-672394.0,short,362512062.5,0
2021-07-30 00:00:00+00:00,124,CORN,547.0,-450000000.0,notional_at_entry,short,-672394.0,short,369908396.5,0
2021-08-02 00:00:00+00:00,125,CORN,558.75,-450000000.0,notional_at_entry,short,-672394.0,short,362007767.0,0
2021-08-03 00:00:00+00:00,126,CORN,550.5,-450000000.0,notional_at_entry,short,-672394.0,short,367555017.5,0
2021-08-04 00:00:00+00:00,127,CORN,545.75,-450000000.0,notional_at_entry,short,-672394.0,short,370748889.0,0
2021-08-05 00:00:00+00:00,128,CORN,555.75,-450000000.0,notional_at_entry,short,-672394.0,short,364024949.0,0
2021-08-06 00:00:00+00:00,129,CORN,555.0,-450000000.0,notional_at_entry,short,-672394.0,short,364529244.5,0
2021-08-09 00:00:00+00:00,130,CORN,550.25,-450000000.0,notional_at_entry,short,-672394.0,short,367723116.0,0
2021-08-10 00:00:00+00:00,131,CORN,549.25,-450000000.0,notional_at_entry,short,-672394.0,short,368395510.0,0
2021-08-11 00:00:00+00:00,132,CORN,556.25,-450000000.0,notional_at_entry,short,-672394.0,short,363688752.0,0
2021-08-12 00:00:00+00:00,133,CORN,567.0,-450000000.0,notional_at_entry,short,-672394.0,short,356460516.5,0
2021-08-13 00:00:00+00:00,134,CORN,568.25,-450000000.0,notional_at_entry,short,-672394.0,short,355620024.0,0
2021-08-16 00:00:00+00:00,135,CORN,564.75,-450000000.0,notional_at_entry,short,-672394.0,short,357973403.0,0
2021-08-17 00:00:00+00:00,136,CORN,558.25,-450000000.0,notional_at_entry,short,-672394.0,short,362343964.0,0
2021-08-18 00:00:00+00:00,137,CORN,561.75,-450000000.0,notional_at_entry,short,-672394.0,short,359990585.0,0
2021-08-19 00:00:00+00:00,138,CORN,550.0,-450000000.0,notional_at_entry,short,-672394.0,short,367891214.5,0
2021-08-20 00:00:00+00:00,139,CORN,538.75,-450000000.0,notional_at_entry,short,-672394.0,short,375455647.0,0
2021-08-23 00:00:00+00:00,140,CORN,538.0,-450000000.0,notional_at_entry,short,-672394.0,short,375959942.5,0
2021-08-24 00:00:00+00:00,141,CORN,544.5,-450000000.0,notional_at_entry,short,-672394.0,short,371589381.5,0
2021-08-25 00:00:00+00:00,142,CORN,551.25,-450000000.0,notional_at_entry,short,-672394.0,short,367050722.0,0
2021-08-26 00:00:00+00:00,143,CORN,552.75,-450000000.0,notional_at_entry,short,-672394.0,short,366042131.0,0
2021-08-27 00:00:00+00:00,144,CORN,558.0,-450000000.0,notional_at_entry,short,-672394.0,short,362512062.5,0
2021-08-30 00:00:00+00:00,145,CORN,540.25,-450000000.0,notional_at_entry,short,-672394.0,short,374447056.0,0
2021-08-31 00:00:00+00:00,146,CORN,534.0,-450000000.0,notional_at_entry,short,-672394.0,short,378649518.5,0
2021-09-01 00:00:00+00:00,147,CORN,515.5,-450000000.0,notional_at_entry,short,-672394.0,short,391088807.5,0
2021-09-02 00:00:00+00:00,148,CORN,516.25,-450000000.0,notional_at_entry,short,-672394.0,short,390584512.0,0
2021-09-03 00:00:00+00:00,149,CORN,508.0,-450000000.0,notional_at_entry,short,-672394.0,short,396131762.5,0
2021-09-06 00:00:00+00:00,150,CORN,524.25,-450000000.0,notional_at_entry,short,-672394.0,short,385205360.0,0
2021-09-07 00:00:00+00:00,151,CORN,495.75,-300000000.0,notional_at_entry,short,-672394.0,short,404368589.0,0
2021-09-08 00:00:00+00:00,152,CORN,498.25,-300000000.0,notional_at_entry,short,-672394.0,short,402687604.0,0
2021-09-09 00:00:00+00:00,153,CORN,496.0,-300000000.0,notional_at_entry,short,-672394.0,short,404200490.5,0
2021-09-10 00:00:00+00:00,154,CORN,502.75,-300000000.0,notional_at_entry,short,-672394.0,short,399661831.0,0
2021-09-13 00:00:00+00:00,155,CORN,496.75,-300000000.0,notional_at_entry,short,-672394.0,short,403696195.0,0
2021-09-14 00:00:00+00:00,156,CORN,503.0,-300000000.0,notional_at_entry,short,-672394.0,short,399493732.5,0
2021-09-15 00:00:00+00:00,157,CORN,533.5,-300000000.0,notional_at_entry,short,-672394.0,short,378985715.5,0
2021-09-16 00:00:00+00:00,158,CORN,529.5,-300000000.0,notional_at_entry,short,-672394.0,short,381675291.5,0
2021-09-17 00:00:00+00:00,159,CORN,527.25,-300000000.0,notional_at_entry,short,-672394.0,short,383188178.0,0
2021-09-20 00:00:00+00:00,160,CORN,521.75,-300000000.0,notional_at_entry,short,-672394.0,short,386886345.0,0
2021-09-21 00:00:00+00:00,161,CORN,517.0,-300000000.0,notional_at_entry,short,-672394.0,short,390080216.5,0
2021-09-22 00:00:00+00:00,162,CORN,525.5,-300000000.0,notional_at_entry,short,-672394.0,short,384364867.5,0
2021-09-23 00:00:00+00:00,163,CORN,529.25,-300000000.0,notional_at_entry,short,-672394.0,short,381843390.0,0
2021-09-24 00:00:00+00:00,164,CORN,526.75,-300000000.0,notional_at_entry,short,-672394.0,short,383524375.0,0
2021-09-27 00:00:00+00:00,165,CORN,539.5,450000000.0,notional_at_entry,long,834105.0,long,374951351.5,1
2021-09-28 00:00:00+00:00,166,CORN,532.5,450000000.0,notional_at_entry,long,834105.0,long,369112616.5,0
2021-09-29 00:00:00+00:00,167,CORN,539.0,450000000.0,notional_at_entry,long,834105.0,long,374534299.0,0
2021-09-30 00:00:00+00:00,168,CORN,536.75,450000000.0,notional_at_entry,long,834105.0,long,372657562.75,0
2021-10-01 00:00:00+00:00,169,CORN,541.5,450000000.0,notional_at_entry,long,834105.0,long,376619561.5,0
2021-10-04 00:00:00+00:00,170,CORN,540.75,450000000.0,notional_at_entry,long,834105.0,long,375993982.75,0
2021-10-05 00:00:00+00:00,171,CORN,537.5,450000000.0,notional_at_entry,long,834105.0,long,373283141.5,0
2021-10-06 00:00:00+00:00,172,CORN,532.25,450000000.0,notional_at_entry,long,834105.0,long,368904090.25,0
2021-10-07 00:00:00+00:00,173,CORN,534.0,450000000.0,notional_at_entry,long,834105.0,long,370363774.0,0
2021-10-08 00:00:00+00:00,174,CORN,530.5,450000000.0,notional_at_entry,long,834105.0,long,367444406.5,0
2021-10-11 00:00:00+00:00,175,CORN,533.0,450000000.0,notional_at_entry,long,834105.0,long,369529669.0,0
2021-10-12 00:00:00+00:00,176,CORN,522.5,450000000.0,notional_at_entry,long,834105.0,long,360771566.5,0
2021-10-13 00:00:00+00:00,177,CORN,512.25,450000000.0,notional_at_entry,long,834105.0,long,352221990.25,0
2021-10-14 00:00:00+00:00,178,CORN,516.75,450000000.0,notional_at_entry,long,834105.0,long,355975462.75,0
2021-10-15 00:00:00+00:00,179,CORN,525.75,450000000.0,notional_at_entry,long,834105.0,long,363482407.75,0
2021-10-18 00:00:00+00:00,180,CORN,532.75,-300000000.0,notional_at_entry,short,-563115.0,short,369321142.75,1
2021-10-19 00:00:00+00:00,181,CORN,530.25,-300000000.0,notional_at_entry,short,-563115.0,short,370728930.25,0
2021-10-20 00:00:00+00:00,182,CORN,539.25,-300000000.0,notional_at_entry,short,-563115.0,short,365660895.25,0
2021-10-21 00:00:00+00:00,183,CORN,532.25,-300000000.0,notional_at_entry,short,-563115.0,short,369602700.25,0
2021-10-22 00:00:00+00:00,184,CORN,538.0,-300000000.0,notional_at_entry,short,-563115.0,short,366364789.0,0
2021-10-25 00:00:00+00:00,185,CORN,538.0,-300000000.0,notional_at_entry,short,-563115.0,short,366364789.0,0
2021-10-26 00:00:00+00:00,186,CORN,543.5,450000000.0,notional_at_entry,long,827966.0,long,363267656.5,1
2021-10-27 00:00:00+00:00,187,CORN,557.25,450000000.0,notional_at_entry,long,827966.0,long,374652189.0,0
2021-10-28 00:00:00+00:00,188,CORN,562.75,450000000.0,notional_at_entry,long,827966.0,long,379206002.0,0
2021-10-29 00:00:00+00:00,189,CORN,568.25,450000000.0,notional_at_entry,long,827966.0,long,383759815.0,0
2021-11-01 00:00:00+00:00,190,CORN,579.0,450000000.0,notional_at_entry,long,827966.0,long,392660449.5,0
2021-11-02 00:00:00+00:00,191,CORN,573.0,450000000.0,notional_at_entry,long,827966.0,long,387692653.5,0
2021-11-03 00:00:00+00:00,192,CORN,564.0,450000000.0,notional_at_entry,long,827966.0,long,380240959.5,0
2021-11-04 00:00:00+00:00,193,CORN,559.25,450000000.0,notional_at_entry,long,827966.0,long,376308121.0,0
2021-11-05 00:00:00+00:00,194,CORN,553.0,450000000.0,notional_at_entry,long,827966.0,long,371133333.5,0
2021-11-08 00:00:00+00:00,195,CORN,551.5,450000000.0,notional_at_entry,long,827966.0,long,369891384.5,0
2021-11-09 00:00:00+00:00,196,CORN,554.75,450000000.0,notional_at_entry,long,827966.0,long,372582274.0,0
2021-11-10 00:00:00+00:00,197,CORN,569.25,450000000.0,notional_at_entry,long,827966.0,long,384587781.0,0
2021-11-11 00:00:00+00:00,198,CORN,569.5,450000000.0,notional_at_entry,long,827966.0,long,384794772.5,0
2021-11-12 00:00:00+00:00,199,CORN,577.25,450000000.0,notional_at_entry,long,827966.0,long,391211509.0,0
2021-11-15 00:00:00+00:00,200,CORN,576.5,450000000.0,notional_at_entry,long,827966.0,long,390590534.5,0
2021-11-16 00:00:00+00:00,201,CORN,571.0,450000000.0,notional_at_entry,long,827966.0,long,386036721.5,0
2021-11-17 00:00:00+00:00,202,CORN,575.25,450000000.0,notional_at_entry,long,827966.0,long,389555577.0,0
2021-11-18 00:00:00+00:00,203,CORN,573.0,450000000.0,notional_at_entry,long,827966.0,long,387692653.5,0
2021-11-19 00:00:00+00:00,204,CORN,570.75,-450000000.0,notional_at_entry,short,-788436.0,short,385829730.0,1
2021-11-22 00:00:00+00:00,205,CORN,576.75,-450000000.0,notional_at_entry,short,-788436.0,short,381099114.0,0
2021-11-23 00:00:00+00:00,206,CORN,580.5,-450000000.0,notional_at_entry,short,-788436.0,short,378142479.0,0
2021-11-24 00:00:00+00:00,207,CORN,579.75,-450000000.0,notional_at_entry,short,-788436.0,short,378733806.0,0
2021-11-26 00:00:00+00:00,208,CORN,586.75,-450000000.0,notional_at_entry,short,-788436.0,short,373214754.0,0
2021-11-29 00:00:00+00:00,209,CORN,581.0,300000000.0,notional_at_entry,long,516351.0,long,377748261.0,1
2021-11-30 00:00:00+00:00,210,CORN,567.0,300000000.0,notional_at_entry,long,516351.0,long,370519347.0,0
2021-12-01 00:00:00+00:00,211,CORN,572.0,300000000.0,notional_at_entry,long,516351.0,long,373101102.0,0
2021-12-02 00:00:00+00:00,212,CORN,577.0,300000000.0,notional_at_entry,long,516351.0,long,375682857.0,0
2021-12-03 00:00:00+00:00,213,CORN,586.0,300000000.0,notional_at_entry,long,516351.0,long,380330016.0,0
2021-12-06 00:00:00+00:00,214,CORN,583.5,300000000.0,notional_at_entry,long,516351.0,long,379039138.5,0
2021-12-07 00:00:00+00:00,215,CORN,586.25,300000000.0,notional_at_entry,long,516351.0,long,380459103.75,0
2021-12-08 00:00:00+00:00,216,CORN,584.75,300000000.0,notional_at_entry,long,516351.0,long,379684577.25,0
2021-12-09 00:00:00+00:00,217,CORN,588.5,300000000.0,notional_at_entry,long,516351.0,long,381620893.5,0
2021-12-10 00:00:00+00:00,218,CORN,588.5,300000000.0,notional_at_entry,long,516351.0,long,381620893.5,0
2021-12-13 00:00:00+00:00,219,CORN,584.25,300000000.0,notional_at_entry,long,516351.0,long,379426401.75,0
2021-12-14 00:00:00+00:00,220,CORN,588.75,300000000.0,notional_at_entry,long,516351.0,long,381749981.25,0
2021-12-15 00:00:00+00:00,221,CORN,585.75,300000000.0,notional_at_entry,long,516351.0,long,380200928.25,0
2021-12-16 00:00:00+00:00,222,CORN,591.25,300000000.0,notional_at_entry,long,516351.0,long,383040858.75,0
2021-12-17 00:00:00+00:00,223,CORN,593.25,300000000.0,notional_at_entry,long,516351.0,long,384073560.75,0
2021-12-20 00:00:00+00:00,224,CORN,591.0,300000000.0,notional_at_entry,long,516351.0,long,382911771.0,0
2021-12-21 00:00:00+00:00,225,CORN,598.25,300000000.0,notional_at_entry,long,516351.0,long,386655315.75,0
2021-12-22 00:00:00+00:00,226,CORN,602.5,300000000.0,notional_at_entry,long,516351.0,long,388849807.5,0
2021-12-23 00:00:00+00:00,227,CORN,605.75,300000000.0,notional_at_entry,long,516351.0,long,390527948.25,0
2021-12-24 00:00:00+00:00,228,CORN,605.8,300000000.0,notional_at_entry,long,516351.0,long,390553765.79999995,0
2021-12-27 00:00:00+00:00,229,CORN,614.75,300000000.0,notional_at_entry,long,516351.0,long,395175107.25,0
2021-12-28 00:00:00+00:00,230,CORN,604.75,300000000.0,notional_at_entry,long,516351.0,long,390011597.25,0
2021-12-29 00:00:00+00:00,231,CORN,605.5,-300000000.0,notional_at_entry,short,-495458.0,short,390398860.5,1
2021-12-30 00:00:00+00:00,232,CORN,596.0,-300000000.0,notional_at_entry,short,-495458.0,short,395105711.5,0
2021-12-31 00:00:00+00:00,233,CORN,593.25,-300000000.0,notional_at_entry,short,-495458.0,short,396468221.0,0
2022-01-03 00:00:00+00:00,234,CORN,589.25,-300000000.0,notional_at_entry,short,-495458.0,short,398450053.0,0
2022-01-04 00:00:00+00:00,235,CORN,609.5,-300000000.0,notional_at_entry,short,-495458.0,short,388417028.5,0
2022-01-05 00:00:00+00:00,236,CORN,602.25,-300000000.0,notional_at_entry,short,-495458.0,short,392009099.0,0
2022-01-06 00:00:00+00:00,237,CORN,603.75,-300000000.0,notional_at_entry,short,-495458.0,short,391265912.0,0
2022-01-07 00:00:00+00:00,238,CORN,606.75,-300000000.0,notional_at_entry,short,-495458.0,short,389779538.0,0
2022-01-10 00:00:00+00:00,239,CORN,599.75,-300000000.0,notional_at_entry,short,-495458.0,short,393247744.0,0
2022-01-11 00:00:00+00:00,240,CORN,601.0,-300000000.0,notional_at_entry,short,-495458.0,short,392628421.5,0
2022-01-12 00:00:00+00:00,241,CORN,599.0,-300000000.0,notional_at_entry,short,-495458.0,short,393619337.5,0
2022-01-13 00:00:00+00:00,242,CORN,587.5,-300000000.0,notional_at_entry,short,-495458.0,short,399317104.5,0
2022-01-14 00:00:00+00:00,243,CORN,596.25,-300000000.0,notional_at_entry,short,-495458.0,short,394981847.0,0
2022-01-18 00:00:00+00:00,244,CORN,599.5,-300000000.0,notional_at_entry,short,-495458.0,short,393371608.5,0
2022-01-19 00:00:00+00:00,245,CORN,610.5,-300000000.0,notional_at_entry,short,-495458.0,short,387921570.5,0
2022-01-20 00:00:00+00:00,246,CORN,611.0,-300000000.0,notional_at_entry,short,-495458.0,short,387673841.5,0
2022-01-21 00:00:00+00:00,247,CORN,616.25,-300000000.0,notional_at_entry,short,-495458.0,short,385072687.0,0
2022-01-24 00:00:00+00:00,248,CORN,621.0,-300000000.0,notional_at_entry,short,-495458.0,short,382719261.5,0
2022-01-25 00:00:00+00:00,249,CORN,620.0,-300000000.0,notional_at_entry,short,-495458.0,short,383214719.5,0
2022-01-26 00:00:00+00:00,250,CORN,627.0,-300000000.0,notional_at_entry,short,-495458.0,short,379746513.5,0
2022-01-27 00:00:00+00:00,251,CORN,625.25,-300000000.0,notional_at_entry,short,-495458.0,short,380613565.0,0
2022-01-28 00:00:00+00:00,252,CORN,636.0,-300000000.0,notional_at_entry,short,-495458.0,short,375287391.5,0
2022-01-31 00:00:00+00:00,253,CORN,626.0,-300000000.0,notional_at_entry,short,-495458.0,short,380241971.5,0
2022-02-01 00:00:00+00:00,254,CORN,634.75,-300000000.0,notional_at_entry,short,-495458.0,short,375906714.0,0
2022-02-02 00:00:00+00:00,255,CORN,622.5,-300000000.0,notional_at_entry,short,-495458.0,short,381976074.5,0
2022-02-03 00:00:00+00:00,256,CORN,616.75,-300000000.0,notional_at_entry,short,-495458.0,short,384824958.0,0
2022-02-04 00:00:00+00:00,257,CORN,620.5,-300000000.0,notional_at_entry,short,-495458.0,short,382966990.5,0
2022-02-07 00:00:00+00:00,258,CORN,635.25,-300000000.0,notional_at_entry,short,-495458.0,short,375658985.0,0
2022-02-08 00:00:00+00:00,259,CORN,632.25,-300000000.0,notional_at_entry,short,-495458.0,short,377145359.0,0
2022-02-09 00:00:00+00:00,260,CORN,646.75,-300000000.0,notional_at_entry,short,-495458.0,short,369961218.0,0
2022-02-10 00:00:00+00:00,261,CORN,641.75,-300000000.0,notional_at_entry,short,-495458.0,short,372438508.0,0
2022-02-11 00:00:00+00:00,262,CORN,651.0,-300000000.0,notional_at_entry,short,-495458.0,short,367855521.5,0
2022-02-14 00:00:00+00:00,263,CORN,655.75,-300000000.0,notional_at_entry,short,-495458.0,short,365502096.0,0
2022-02-15 00:00:00+00:00,264,CORN,638.0,-300000000.0,notional_at_entry,short,-495458.0,short,374296475.5,0
2022-02-16 00:00:00+00:00,265,CORN,647.0,-300000000.0,notional_at_entry,short,-495458.0,short,369837353.5,0
2022-02-17 00:00:00+00:00,266,CORN,650.0,-300000000.0,notional_at_entry,short,-495458.0,short,368350979.5,0
2022-02-18 00:00:00+00:00,267,CORN,654.25,-300000000.0,notional_at_entry,short,-495458.0,short,366245283.0,0
2022-02-22 00:00:00+00:00,268,CORN,674.75,-300000000.0,notional_at_entry,short,-495458.0,short,356088394.0,0
2022-02-23 00:00:00+00:00,269,CORN,683.75,-300000000.0,notional_at_entry,short,-495458.0,short,351629272.0,0
2022-02-24 00:00:00+00:00,270,CORN,695.0,300000000.0,notional_at_entry,long,431654.0,long,346055369.5,1
2022-02-25 00:00:00+00:00,271,CORN,659.5,300000000.0,notional_at_entry,long,431654.0,long,330731652.5,0
2022-02-28 00:00:00+00:00,272,CORN,697.5,300000000.0,notional_at_entry,long,431654.0,long,347134504.5,0
2022-03-01 00:00:00+00:00,273,CORN,739.75,300000000.0,notional_at_entry,long,431654.0,long,365371886.0,0
2022-03-02 00:00:00+00:00,274,CORN,739.0,300000000.0,notional_at_entry,long,431654.0,long,365048145.5,0
2022-03-03 00:00:00+00:00,275,CORN,751.25,300000000.0,notional_at_entry,long,431654.0,long,370335907.0,0
2022-03-04 00:00:00+00:00,276,CORN,756.5,300000000.0,notional_at_entry,long,431654.0,long,372602090.5,0
2022-03-07 00:00:00+00:00,277,CORN,749.25,300000000.0,notional_at_entry,long,431654.0,long,369472599.0,0
2022-03-08 00:00:00+00:00,278,CORN,754.5,300000000.0,notional_at_entry,long,431654.0,long,371738782.5,0
2022-03-09 00:00:00+00:00,279,CORN,735.0,300000000.0,notional_at_entry,long,431654.0,long,363321529.5,0
2022-03-10 00:00:00+00:00,280,CORN,757.75,300000000.0,notional_at_entry,long,431654.0,long,373141658.0,0
2022-03-11 00:00:00+00:00,281,CORN,764.5,-450000000.0,notional_at_entry,short,-588620.0,short,376055322.5,1
2022-03-14 00:00:00+00:00,282,CORN,728.25,-450000000.0,notional_at_entry,short,-588620.0,short,397392797.5,0
2022-03-15 00:00:00+00:00,283,CORN,758.0,-450000000.0,notional_at_entry,short,-588620.0,short,379881352.5,0
2022-03-16 00:00:00+00:00,284,CORN,730.0,-450000000.0,notional_at_entry,short,-588620.0,short,396362712.5,0
2022-03-17 00:00:00+00:00,285,CORN,754.5,-450000000.0,notional_at_entry,short,-588620.0,short,381941522.5,0
2022-03-18 00:00:00+00:00,286,CORN,741.75,-450000000.0,notional_at_entry,short,-588620.0,short,389446427.5,0
2022-03-21 00:00:00+00:00,287,CORN,756.25,-450000000.0,notional_at_entry,short,-588620.0,short,380911437.5,0
2022-03-22 00:00:00+00:00,288,CORN,753.0,-450000000.0,notional_at_entry,short,-588620.0,short,382824452.5,0
2022-03-23 00:00:00+00:00,289,CORN,757.75,-450000000.0,notional_at_entry,short,-588620.0,short,380028507.5,0
2022-03-24 00:00:00+00:00,290,CORN,748.25,-450000000.0,notional_at_entry,short,-588620.0,short,385620397.5,0
2022-03-25 00:00:00+00:00,291,CORN,754.0,-450000000.0,notional_at_entry,short,-588620.0,short,382235832.5,0
2022-03-28 00:00:00+00:00,292,CORN,748.5,-450000000.0,notional_at_entry,short,-588620.0,short,385473242.5,0
2022-03-29 00:00:00+00:00,293,CORN,726.25,-450000000.0,notional_at_entry,short,-588620.0,short,398570037.5,0
2022-03-30 00:00:00+00:00,294,CORN,738.0,-450000000.0,notional_at_entry,short,-588620.0,short,391653752.5,0
2022-03-31 00:00:00+00:00,295,CORN,748.75,-450000000.0,notional_at_entry,short,-588620.0,short,385326087.5,0
2022-04-01 00:00:00+00:00,296,CORN,735.0,-450000000.0,notional_at_entry,short,-588620.0,short,393419612.5,0
2022-04-04 00:00:00+00:00,297,CORN,750.5,-450000000.0,notional_at_entry,short,-588620.0,short,384296002.5,0
2022-04-05 00:00:00+00:00,298,CORN,759.75,-450000000.0,notional_at_entry,short,-588620.0,short,378851267.5,0
2022-04-06 00:00:00+00:00,299,CORN,756.5,-450000000.0,notional_at_entry,short,-588620.0,short,380764282.5,0
2022-04-07 00:00:00+00:00,300,CORN,757.75,-450000000.0,notional_at_entry,short,-588620.0,short,380028507.5,0
2022-04-08 00:00:00+00:00,301,CORN,768.75,300000000.0,notional_at_entry,long,390243.0,long,373553687.5,1
2022-04-11 00:00:00+00:00,302,CORN,764.5,300000000.0,notional_at_entry,long,390243.0,long,371895154.75,0
2022-04-12 00:00:00+00:00,303,CORN,776.25,300000000.0,notional_at_entry,long,390243.0,long,376480510.0,0
2022-04-13 00:00:00+00:00,304,CORN,783.5,300000000.0,notional_at_entry,long,390243.0,long,379309771.75,0
2022-04-14 00:00:00+00:00,305,CORN,790.25,300000000.0,notional_at_entry,long,390243.0,long,381943912.0,0
2022-04-15 00:00:00+00:00,306,CORN,791.0,300000000.0,notional_at_entry,long,390243.0,long,382236594.25,0
2022-04-18 00:00:00+00:00,307,CORN,813.25,300000000.0,notional_at_entry,long,390243.0,long,390919501.0,0
2022-04-19 00:00:00+00:00,308,CORN,804.0,300000000.0,notional_at_entry,long,390243.0,long,387309753.25,0
2022-04-20 00:00:00+00:00,309,CORN,815.75,300000000.0,notional_at_entry,long,390243.0,long,391895108.5,0
2022-04-21 00:00:00+00:00,310,CORN,799.25,300000000.0,notional_at_entry,long,390243.0,long,385456099.0,0
2022-04-22 00:00:00+00:00,311,CORN,793.0,300000000.0,notional_at_entry,long,390243.0,long,383017080.25,0
2022-04-25 00:00:00+00:00,312,CORN,800.25,300000000.0,notional_at_entry,long,390243.0,long,385846342.0,0
2022-04-26 00:00:00+00:00,313,CORN,803.25,300000000.0,notional_at_entry,long,390243.0,long,387017071.0,0
2022-04-27 00:00:00+00:00,314,CORN,815.5,300000000.0,notional_at_entry,long,390243.0,long,391797547.75,0
2022-04-28 00:00:00+00:00,315,CORN,816.0,300000000.0,notional_at_entry,long,390243.0,long,391992669.25,0
2022-04-29 00:00:00+00:00,316,CORN,818.25,300000000.0,notional_at_entry,long,390243.0,long,392870716.0,0
2022-05-02 00:00:00+00:00,317,CORN,813.0,300000000.0,notional_at_entry,long,390243.0,long,390821940.25,0
2022-05-03 00:00:00+00:00,318,CORN,800.75,300000000.0,notional_at_entry,long,390243.0,long,386041463.5,0
2022-05-04 00:00:00+00:00,319,CORN,798.5,-300000000.0,notional_at_entry,short,-375704.0,short,385163416.75,1
2022-05-05 00:00:00+00:00,320,CORN,803.75,-300000000.0,notional_at_entry,short,-375704.0,short,383190970.75,0
2022-05-06 00:00:00+00:00,321,CORN,792.25,-300000000.0,notional_at_entry,short,-375704.0,short,387511566.75,0
2022-05-09 00:00:00+00:00,322,CORN,784.5,-300000000.0,notional_at_entry,short,-375704.0,short,390423272.75,0
2022-05-10 00:00:00+00:00,323,CORN,786.5,-300000000.0,notional_at_entry,short,-375704.0,short,389671864.75,0
2022-05-11 00:00:00+00:00,324,CORN,802.25,-300000000.0,notional_at_entry,short,-375704.0,short,383754526.75,0
2022-05-12 00:00:00+00:00,325,CORN,813.5,-300000000.0,notional_at_entry,short,-375704.0,short,379527856.75,0
2022-05-13 00:00:00+00:00,326,CORN,794.5,-300000000.0,notional_at_entry,short,-375704.0,short,386666232.75,0
2022-05-16 00:00:00+00:00,327,CORN,809.5,-300000000.0,notional_at_entry,short,-375704.0,short,381030672.75,0
2022-05-17 00:00:00+00:00,328,CORN,800.75,-300000000.0,notional_at_entry,short,-375704.0,short,384318082.75,0
2022-05-18 00:00:00+00:00,329,CORN,781.5,-300000000.0,notional_at_entry,short,-375704.0,short,391550384.75,0
2022-05-19 00:00:00+00:00,330,CORN,783.25,-300000000.0,notional_at_entry,short,-375704.0,short,390892902.75,0
2022-05-20 00:00:00+00:00,331,CORN,778.75,-300000000.0,notional_at_entry,short,-375704.0,short,392583570.75,0
2022-05-23 00:00:00+00:00,332,CORN,786.25,-300000000.0,notional_at_entry,short,-375704.0,short,389765790.75,0
2022-05-24 00:00:00+00:00,333,CORN,771.75,-300000000.0,notional_at_entry,short,-375704.0,short,395213498.75,0
2022-05-25 00:00:00+00:00,334,CORN,772.25,-300000000.0,notional_at_entry,short,-375704.0,short,395025646.75,0
2022-05-26 00:00:00+00:00,335,CORN,765.0,-300000000.0,notional_at_entry,short,-375704.0,short,397749500.75,0
2022-05-27 00:00:00+00:00,336,CORN,777.25,-450000000.0,notional_at_entry,short,-375704.0,short,393147126.75,0
2022-05-30 00:00:00+00:00,337,CORN,775.62,-450000000.0,notional_at_entry,short,-375704.0,short,393759524.27,0
2022-05-31 00:00:00+00:00,338,CORN,753.5,-450000000.0,notional_at_entry,short,-375704.0,short,402070096.75,0
2022-06-01 00:00:00+00:00,339,CORN,731.25,-450000000.0,notional_at_entry,short,-375704.0,short,410429510.75,0
2022-06-02 00:00:00+00:00,340,CORN,730.25,-450000000.0,notional_at_entry,short,-375704.0,short,410805214.75,0
2022-06-03 00:00:00+00:00,341,CORN,727.0,-450000000.0,notional_at_entry,short,-375704.0,short,412026252.75,0
2022-06-06 00:00:00+00:00,342,CORN,742.5,-450000000.0,notional_at_entry,short,-375704.0,short,406202840.75,0
2022-06-07 00:00:00+00:00,343,CORN,757.0,-450000000.0,notional_at_entry,short,-375704.0,short,400755132.75,0
2022-06-08 00:00:00+00:00,344,CORN,764.5,-450000000.0,notional_at_entry,short,-375704.0,short,397937352.75,0
2022-06-09 00:00:00+00:00,345,CORN,773.0,-450000000.0,notional_at_entry,short,-375704.0,short,394743868.75,0
2022-06-10 00:00:00+00:00,346,CORN,773.25,-450000000.0,notional_at_entry,short,-375704.0,short,394649942.75,0
2022-06-13 00:00:00+00:00,347,CORN,769.25,-450000000.0,notional_at_entry,short,-375704.0,short,396152758.75,0
2022-06-14 00:00:00+00:00,348,CORN,768.25,-450000000.0,notional_at_entry,short,-375704.0,short,396528462.75,0
2022-06-15 00:00:00+00:00,349,CORN,774.0,-450000000.0,notional_at_entry,short,-375704.0,short,394368164.75,0
2022-06-16 00:00:00+00:00,350,CORN,788.25,-450000000.0,notional_at_entry,short,-375704.0,short,389014382.75,0
2022-06-17 00:00:00+00:00,351,CORN,784.5,-450000000.0,notional_at_entry,short,-375704.0,short,390423272.75,0
2022-06-21 00:00:00+00:00,352,CORN,760.75,-450000000.0,notional_at_entry,short,-375704.0,short,399346242.75,0
2022-06-22 00:00:00+00:00,353,CORN,768.0,450000000.0,notional_at_entry,long,585937.0,long,396622388.75,1
2022-06-23 00:00:00+00:00,354,CORN,746.75,450000000.0,notional_at_entry,long,585937.0,long,384171227.5,0
2022-06-24 00:00:00+00:00,355,CORN,750.25,450000000.0,notional_at_entry,long,585937.0,long,386222007.0,0
2022-06-27 00:00:00+00:00,356,CORN,744.25,300000000.0,notional_at_entry,long,585937.0,long,382706385.0,0
2022-06-28 00:00:00+00:00,357,CORN,759.5,300000000.0,notional_at_entry,long,585937.0,long,391641924.25,0
2022-06-29 00:00:00+00:00,358,CORN,770.25,300000000.0,notional_at_entry,long,585937.0,long,397940747.0,0
2022-06-30 00:00:00+00:00,359,CORN,743.75,300000000.0,notional_at_entry,long,585937.0,long,382413416.5,0
2022-07-01 00:00:00+00:00,360,CORN,754.5,300000000.0,notional_at_entry,long,585937.0,long,388712239.25,0
2022-07-05 00:00:00+00:00,361,CORN,736.0,300000000.0,notional_at_entry,long,585937.0,long,377872404.75,0
2022-07-06 00:00:00+00:00,362,CORN,744.25,300000000.0,notional_at_entry,long,585937.0,long,382706385.0,0
2022-07-07 00:00:00+00:00,363,CORN,747.0,300000000.0,notional_at_entry,long,585937.0,long,384317711.75,0
2022-07-08 00:00:00+00:00,364,CORN,778.25,300000000.0,notional_at_entry,long,585937.0,long,402628243.0,0
2022-07-11 00:00:00+00:00,365,CORN,781.25,300000000.0,notional_at_entry,long,585937.0,long,404386054.0,0
2022-07-12 00:00:00+00:00,366,CORN,732.75,300000000.0,notional_at_entry,long,585937.0,long,375968109.5,0
2022-07-13 00:00:00+00:00,367,CORN,740.0,300000000.0,notional_at_entry,long,585937.0,long,380216152.75,0
2022-07-14 00:00:00+00:00,368,CORN,695.0,-300000000.0,notional_at_entry,short,-431654.0,short,353848987.75,1
2022-07-15 00:00:00+00:00,369,CORN,604.25,-300000000.0,notional_at_entry,short,-431654.0,short,393021588.25,0
2022-07-18 00:00:00+00:00,370,CORN,612.25,-300000000.0,notional_at_entry,short,-431654.0,short,389568356.25,0
2022-07-19 00:00:00+00:00,371,CORN,596.75,-300000000.0,notional_at_entry,short,-431654.0,short,396258993.25,0
2022-07-20 00:00:00+00:00,372,CORN,592.25,-300000000.0,notional_at_entry,short,-431654.0,short,398201436.25,0
2022-07-21 00:00:00+00:00,373,CORN,575.75,-300000000.0,notional_at_entry,short,-431654.0,short,405323727.25,0
2022-07-22 00:00:00+00:00,374,CORN,564.25,-300000000.0,notional_at_entry,short,-431654.0,short,410287748.25,0
2022-07-25 00:00:00+00:00,375,CORN,580.0,-300000000.0,notional_at_entry,short,-431654.0,short,403489197.75,0
2022-07-26 00:00:00+00:00,376,CORN,597.0,-300000000.0,notional_at_entry,short,-431654.0,short,396151079.75,0
2022-07-27 00:00:00+00:00,377,CORN,600.25,-300000000.0,notional_at_entry,short,-431654.0,short,394748204.25,0
2022-07-28 00:00:00+00:00,378,CORN,615.0,-300000000.0,notional_at_entry,short,-431654.0,short,388381307.75,0
2022-07-29 00:00:00+00:00,379,CORN,616.25,-300000000.0,notional_at_entry,short,-431654.0,short,387841740.25,0
2022-08-01 00:00:00+00:00,380,CORN,607.0,-300000000.0,notional_at_entry,short,-431654.0,short,391834539.75,0
2022-08-02 00:00:00+00:00,381,CORN,591.25,-300000000.0,notional_at_entry,short,-431654.0,short,398633090.25,0
2022-08-03 00:00:00+00:00,382,CORN,591.5,-300000000.0,notional_at_entry,short,-431654.0,short,398525176.75,0
2022-08-04 00:00:00+00:00,383,CORN,602.25,-300000000.0,notional_at_entry,short,-431654.0,short,393884896.25,0
2022-08-05 00:00:00+00:00,384,CORN,610.25,-300000000.0,notional_at_entry,short,-431654.0,short,390431664.25,0
2022-08-08 00:00:00+00:00,385,CORN,608.5,-300000000.0,notional_at_entry,short,-431654.0,short,391187058.75,0
2022-08-09 00:00:00+00:00,386,CORN,615.5,-300000000.0,notional_at_entry,short,-431654.0,short,388165480.75,0
2022-08-10 00:00:00+00:00,387,CORN,621.25,-300000000.0,notional_at_entry,short,-431654.0,short,385683470.25,0
2022-08-11 00:00:00+00:00,388,CORN,629.25,-300000000.0,notional_at_entry,short,-431654.0,short,382230238.25,0
2022-08-12 00:00:00+00:00,389,CORN,639.75,-300000000.0,notional_at_entry,short,-431654.0,short,377697871.25,0
2022-08-15 00:00:00+00:00,390,CORN,626.75,-300000000.0,notional_at_entry,short,-431654.0,short,383309373.25,0
2022-08-16 00:00:00+00:00,391,CORN,611.0,-300000000.0,notional_at_entry,short,-431654.0,short,390107923.75,0
2022-08-17 00:00:00+00:00,392,CORN,615.0,300000000.0,notional_at_entry,long,487804.0,long,388381307.75,1
2022-08-18 00:00:00+00:00,393,CORN,619.75,300000000.0,notional_at_entry,long,487804.0,long,390698376.75,0
2022-08-19 00:00:00+00:00,394,CORN,626.0,300000000.0,notional_at_entry,long,487804.0,long,393747151.75,0
2022-08-22 00:00:00+00:00,395,CORN,633.5,300000000.0,notional_at_entry,long,487804.0,long,397405681.75,0
2022-08-23 00:00:00+00:00,396,CORN,660.0,300000000.0,notional_at_entry,long,487804.0,long,410332487.75,0
2022-08-24 00:00:00+00:00,397,CORN,665.75,300000000.0,notional_at_entry,long,487804.0,long,413137360.75,0
2022-08-25 00:00:00+00:00,398,CORN,657.5,300000000.0,notional_at_entry,long,487804.0,long,409112977.75,0
2022-08-26 00:00:00+00:00,399,CORN,668.75,300000000.0,notional_at_entry,long,487804.0,long,414600772.75,0
2022-08-29 00:00:00+00:00,400,CORN,683.75,300000000.0,notional_at_entry,long,487804.0,long,421917832.75,0
2022-08-30 00:00:00+00:00,401,CORN,679.75,300000000.0,notional_at_entry,long,487804.0,long,419966616.75,0
2022-08-31 00:00:00+00:00,402,CORN,673.75,300000000.0,notional_at_entry,long,487804.0,long,417039792.75,0
2022-09-01 00:00:00+00:00,403,CORN,658.25,300000000.0,notional_at_entry,long,487804.0,long,409478830.75,0
2022-09-02 00:00:00+00:00,404,CORN,669.0,300000000.0,notional_at_entry,long,487804.0,long,414722723.75,0
2022-09-05 00:00:00+00:00,405,CORN,667.38,450000000.0,notional_at_entry,long,487804.0,long,413932481.27,0
2022-09-06 00:00:00+00:00,406,CORN,680.75,450000000.0,notional_at_entry,long,487804.0,long,420454420.75,0
2022-09-07 00:00:00+00:00,407,CORN,676.75,450000000.0,notional_at_entry,long,487804.0,long,418503204.75,0
2022-09-08 00:00:00+00:00,408,CORN,668.5,450000000.0,notional_at_entry,long,487804.0,long,414478821.75,0
2022-09-09 00:00:00+00:00,409,CORN,698.5,450000000.0,notional_at_entry,long,487804.0,long,429112941.75,0
2022-09-12 00:00:00+00:00,410,CORN,712.25,450000000.0,notional_at_entry,long,487804.0,long,435820246.75,0
2022-09-13 00:00:00+00:00,411,CORN,709.0,450000000.0,notional_at_entry,long,487804.0,long,434234883.75,0
2022-09-14 00:00:00+00:00,412,CORN,709.0,450000000.0,notional_at_entry,long,487804.0,long,434234883.75,0
2022-09-15 00:00:00+00:00,413,CORN,677.5,450000000.0,notional_at_entry,long,487804.0,long,418869057.75,0
2022-09-16 00:00:00+00:00,414,CORN,677.25,450000000.0,notional_at_entry,long,487804.0,long,418747106.75,0
2022-09-19 00:00:00+00:00,415,CORN,678.25,450000000.0,notional_at_entry,long,487804.0,long,419234910.75,0
2022-09-20 00:00:00+00:00,416,CORN,692.0,450000000.0,notional_at_entry,long,487804.0,long,425942215.75,0
2022-09-21 00:00:00+00:00,417,CORN,685.5,450000000.0,notional_at_entry,long,487804.0,long,422771489.75,0
2022-09-22 00:00:00+00:00,418,CORN,688.25,450000000.0,notional_at_entry,long,487804.0,long,424112950.75,0
2022-09-23 00:00:00+00:00,419,CORN,676.75,450000000.0,notional_at_entry,long,487804.0,long,418503204.75,0
2022-09-26 00:00:00+00:00,420,CORN,666.25,450000000.0,notional_at_entry,long,487804.0,long,413381262.75,0
2022-09-27 00:00:00+00:00,421,CORN,667.5,450000000.0,notional_at_entry,long,487804.0,long,413991017.75,0
2022-09-28 00:00:00+00:00,422,CORN,670.5,-450000000.0,notional_at_entry,short,-671140.0,short,415454429.75,1
2022-09-29 00:00:00+00:00,423,CORN,669.5,-450000000.0,notional_at_entry,short,-671140.0,short,416125569.75,0
2022-09-30 00:00:00+00:00,424,CORN,677.5,-450000000.0,notional_at_entry,short,-671140.0,short,410756449.75,0
2022-10-03 00:00:00+00:00,425,CORN,680.75,-450000000.0,notional_at_entry,short,-671140.0,short,408575244.75,0
2022-10-04 00:00:00+00:00,426,CORN,683.0,-450000000.0,notional_at_entry,short,-671140.0,short,407065179.75,0
2022-10-05 00:00:00+00:00,427,CORN,684.0,-450000000.0,notional_at_entry,short,-671140.0,short,406394039.75,0
2022-10-06 00:00:00+00:00,428,CORN,675.5,-450000000.0,notional_at_entry,short,-671140.0,short,412098729.75,0
2022-10-07 00:00:00+00:00,429,CORN,683.25,-450000000.0,notional_at_entry,short,-671140.0,short,406897394.75,0
2022-10-10 00:00:00+00:00,430,CORN,698.25,-450000000.0,notional_at_entry,short,-671140.0,short,396830294.75,0
2022-10-11 00:00:00+00:00,431,CORN,693.0,-450000000.0,notional_at_entry,short,-671140.0,short,400353779.75,0
2022-10-12 00:00:00+00:00,432,CORN,693.0,-450000000.0,notional_at_entry,short,-671140.0,short,400353779.75,0
2022-10-13 00:00:00+00:00,433,CORN,697.75,-450000000.0,notional_at_entry,short,-671140.0,short,397165864.75,0
2022-10-14 00:00:00+00:00,434,CORN,689.75,-450000000.0,notional_at_entry,short,-671140.0,short,402534984.75,0
2022-10-17 00:00:00+00:00,435,CORN,683.5,-450000000.0,notional_at_entry,short,-671140.0,short,406729609.75,0
2022-10-18 00:00:00+00:00,436,CORN,681.0,-450000000.0,notional_at_entry,short,-671140.0,short,408407459.75,0
2022-10-19 00:00:00+00:00,437,CORN,678.25,-450000000.0,notional_at_entry,short,-671140.0,short,410253094.75,0
2022-10-20 00:00:00+00:00,438,CORN,684.0,-450000000.0,notional_at_entry,short,-671140.0,short,406394039.75,0
2022-10-21 00:00:00+00:00,439,CORN,684.25,-450000000.0,notional_at_entry,short,-671140.0,short,406226254.75,0
2022-10-24 00:00:00+00:00,440,CORN,681.5,-450000000.0,notional_at_entry,short,-671140.0,short,408071889.75,0
2022-10-25 00:00:00+00:00,441,CORN,686.25,-450000000.0,notional_at_entry,short,-671140.0,short,404883974.75,0
2022-10-26 00:00:00+00:00,442,CORN,685.0,-450000000.0,notional_at_entry,short,-671140.0,short,405722899.75,0
2022-10-27 00:00:00+00:00,443,CORN,682.25,-450000000.0,notional_at_entry,short,-671140.0,short,407568534.75,0
2022-10-28 00:00:00+00:00,444,CORN,680.75,-450000000.0,notional_at_entry,short,-671140.0,short,408575244.75,0
2022-10-31 00:00:00+00:00,445,CORN,691.5,-450000000.0,notional_at_entry,short,-671140.0,short,401360489.75,0
2022-11-01 00:00:00+00:00,446,CORN,697.75,-450000000.0,notional_at_entry,short,-671140.0,short,397165864.75,0
2022-11-02 00:00:00+00:00,447,CORN,687.5,-450000000.0,notional_at_entry,short,-671140.0,short,404045049.75,0
2022-11-03 00:00:00+00:00,448,CORN,679.25,-450000000.0,notional_at_entry,short,-671140.0,short,409581954.75,0
2022-11-04 00:00:00+00:00,449,CORN,681.0,-450000000.0,notional_at_entry,short,-671140.0,short,408407459.75,0
2022-11-07 00:00:00+00:00,450,CORN,675.75,-450000000.0,notional_at_entry,short,-671140.0,short,411930944.75,0
2022-11-08 00:00:00+00:00,451,CORN,667.5,-450000000.0,notional_at_entry,short,-671140.0,short,417467849.75,0
2022-11-09 00:00:00+00:00,452,CORN,664.5,-450000000.0,notional_at_entry,short,-671140.0,short,419481269.75,0
2022-11-10 00:00:00+00:00,453,CORN,653.25,-450000000.0,notional_at_entry,short,-671140.0,short,427031594.75,0
2022-11-11 00:00:00+00:00,454,CORN,658.0,-300000000.0,notional_at_entry,short,-671140.0,short,423843679.75,0
2022-11-14 00:00:00+00:00,455,CORN,657.25,-300000000.0,notional_at_entry,short,-671140.0,short,424347034.75,0
2022-11-15 00:00:00+00:00,456,CORN,666.75,-300000000.0,notional_at_entry,short,-671140.0,short,417971204.75,0
2022-11-16 00:00:00+00:00,457,CORN,665.25,-300000000.0,notional_at_entry,short,-671140.0,short,418977914.75,0
2022-11-17 00:00:00+00:00,458,CORN,667.5,-300000000.0,notional_at_entry,short,-671140.0,short,417467849.75,0
2022-11-18 00:00:00+00:00,459,CORN,667.75,-450000000.0,notional_at_entry,short,-671140.0,short,417300064.75,0
2022-11-21 00:00:00+00:00,460,CORN,659.5,-450000000.0,notional_at_entry,short,-671140.0,short,422836969.75,0
2022-11-22 00:00:00+00:00,461,CORN,656.75,-450000000.0,notional_at_entry,short,-671140.0,short,424682604.75,0
2022-11-23 00:00:00+00:00,462,CORN,663.25,-450000000.0,notional_at_entry,short,-671140.0,short,420320194.75,0
2022-11-25 00:00:00+00:00,463,CORN,668.0,-450000000.0,notional_at_entry,short,-671140.0,short,417132279.75,0
2022-11-28 00:00:00+00:00,464,CORN,668.75,-450000000.0,notional_at_entry,short,-671140.0,short,416628924.75,0
2022-11-29 00:00:00+00:00,465,CORN,665.75,-450000000.0,notional_at_entry,short,-671140.0,short,418642344.75,0
2022-11-30 00:00:00+00:00,466,CORN,662.0,300000000.0,notional_at_entry,long,453172.0,long,421159119.75,1
2022-12-01 00:00:00+00:00,467,CORN,650.0,300000000.0,notional_at_entry,long,453172.0,long,415721055.75,0
2022-12-02 00:00:00+00:00,468,CORN,635.0,300000000.0,notional_at_entry,long,453172.0,long,408923475.75,0
2022-12-05 00:00:00+00:00,469,CORN,628.75,300000000.0,notional_at_entry,long,453172.0,long,406091150.75,0
2022-12-06 00:00:00+00:00,470,CORN,625.5,300000000.0,notional_at_entry,long,453172.0,long,404618341.75,0
2022-12-07 00:00:00+00:00,471,CORN,627.75,300000000.0,notional_at_entry,long,453172.0,long,405637978.75,0
2022-12-08 00:00:00+00:00,472,CORN,632.0,300000000.0,notional_at_entry,long,453172.0,long,407563959.75,0
2022-12-09 00:00:00+00:00,473,CORN,634.75,300000000.0,notional_at_entry,long,453172.0,long,408810182.75,0
2022-12-12 00:00:00+00:00,474,CORN,641.25,300000000.0,notional_at_entry,long,453172.0,long,411755800.75,0
2022-12-13 00:00:00+00:00,475,CORN,643.75,-450000000.0,notional_at_entry,short,-699029.0,short,412888730.75,1
2022-12-14 00:00:00+00:00,476,CORN,639.0,-450000000.0,notional_at_entry,short,-699029.0,short,416209118.5,0
2022-12-15 00:00:00+00:00,477,CORN,653.5,-450000000.0,notional_at_entry,short,-699029.0,short,406073198.0,0
2022-12-16 00:00:00+00:00,478,CORN,653.0,-450000000.0,notional_at_entry,short,-699029.0,short,406422712.5,0
2022-12-19 00:00:00+00:00,479,CORN,647.25,-450000000.0,notional_at_entry,short,-699029.0,short,410442129.25,0
2022-12-20 00:00:00+00:00,480,CORN,652.0,-450000000.0,notional_at_entry,short,-699029.0,short,407121741.5,0
2022-12-21 00:00:00+00:00,481,CORN,662.25,-450000000.0,notional_at_entry,short,-699029.0,short,399956694.25,0
2022-12-22 00:00:00+00:00,482,CORN,660.5,-450000000.0,notional_at_entry,short,-699029.0,short,401179995.0,0
2022-12-23 00:00:00+00:00,483,CORN,666.25,-450000000.0,notional_at_entry,short,-699029.0,short,397160578.25,0
2022-12-27 00:00:00+00:00,484,CORN,674.75,-300000000.0,notional_at_entry,short,-699029.0,short,391218831.75,0
2022-12-28 00:00:00+00:00,485,CORN,682.75,-300000000.0,notional_at_entry,short,-699029.0,short,385626599.75,0
2022-12-29 00:00:00+00:00,486,CORN,679.5,-300000000.0,notional_at_entry,short,-699029.0,short,387898444.0,0
2022-12-30 00:00:00+00:00,487,CORN,678.5,-300000000.0,notional_at_entry,short,-699029.0,short,388597473.0,0
2023-01-03 00:00:00+00:00,488,CORN,670.5,-300000000.0,notional_at_entry,short,-699029.0,short,394189705.0,0
2023-01-04 00:00:00+00:00,489,CORN,653.75,-300000000.0,notional_at_entry,short,-699029.0,short,405898440.75,0
2023-01-05 00:00:00+00:00,490,CORN,652.75,-300000000.0,notional_at_entry,short,-699029.0,short,406597469.75,0
2023-01-06 00:00:00+00:00,491,CORN,654.0,-300000000.0,notional_at_entry,short,-699029.0,short,405723683.5,0
2023-01-09 00:00:00+00:00,492,CORN,652.75,-300000000.0,notional_at_entry,short,-699029.0,short,406597469.75,0
2023-01-10 00:00:00+00:00,493,CORN,655.0,450000000.0,notional_at_entry,long,687022.0,long,405024654.5,1
2023-01-11 00:00:00+00:00,494,CORN,656.0,450000000.0,notional_at_entry,long,687022.0,long,405711676.5,0
2023-01-12 00:00:00+00:00,495,CORN,671.0,450000000.0,notional_at_entry,long,687022.0,long,416017006.5,0
2023-01-13 00:00:00+00:00,496,CORN,675.0,450000000.0,notional_at_entry,long,687022.0,long,418765094.5,0
2023-01-17 00:00:00+00:00,497,CORN,685.25,450000000.0,notional_at_entry,long,687022.0,long,425807070.0,0
2023-01-18 00:00:00+00:00,498,CORN,681.25,450000000.0,notional_at_entry,long,687022.0,long,423058982.0,0
2023-01-19 00:00:00+00:00,499,CORN,677.25,450000000.0,notional_at_entry,long,687022.0,long,420310894.0,0
2023-01-20 00:00:00+00:00,500,CORN,676.25,450000000.0,notional_at_entry,long,687022.0,long,419623872.0,0
2023-01-23 00:00:00+00:00,501,CORN,666.25,450000000.0,notional_at_entry,long,687022.0,long,412753652.0,0
2023-01-24 00:00:00+00:00,502,CORN,677.0,450000000.0,notional_at_entry,long,687022.0,long,420139138.5,0
2023-01-25 00:00:00+00:00,503,CORN,674.75,450000000.0,notional_at_entry,long,687022.0,long,418593339.0,0
2023-01-26 00:00:00+00:00,504,CORN,682.5,450000000.0,notional_at_entry,long,687022.0,long,423917759.5,0
2023-01-27 00:00:00+00:00,505,CORN,683.0,450000000.0,notional_at_entry,long,687022.0,long,424261270.5,0
2023-01-30 00:00:00+00:00,506,CORN,683.75,450000000.0,notional_at_entry,long,687022.0,long,424776537.0,0
2023-01-31 00:00:00+00:00,507,CORN,679.75,450000000.0,notional_at_entry,long,687022.0,long,422028449.0,0
2023-02-01 00:00:00+00:00,508,CORN,681.0,450000000.0,notional_at_entry,long,687022.0,long,422887226.5,0
2023-02-02 00:00:00+00:00,509,CORN,675.25,450000000.0,notional_at_entry,long,687022.0,long,418936850.0,0
2023-02-03 00:00:00+00:00,510,CORN,677.5,450000000.0,notional_at_entry,long,687022.0,long,420482649.5,0
2023-02-06 00:00:00+00:00,511,CORN,679.0,450000000.0,notional_at_entry,long,687022.0,long,421513182.5,0
2023-02-07 00:00:00+00:00,512,CORN,674.0,450000000.0,notional_at_entry,long,687022.0,long,418078072.5,0
2023-02-08 00:00:00+00:00,513,CORN,678.5,450000000.0,notional_at_entry,long,687022.0,long,421169671.5,0
2023-02-09 00:00:00+00:00,514,CORN,670.75,450000000.0,notional_at_entry,long,687022.0,long,415845251.0,0
2023-02-10 00:00:00+00:00,515,CORN,680.5,450000000.0,notional_at_entry,long,687022.0,long,422543715.5,0
2023-02-13 00:00:00+00:00,516,CORN,685.0,450000000.0,notional_at_entry,long,687022.0,long,425635314.5,0
2023-02-14 00:00:00+00:00,517,CORN,682.25,450000000.0,notional_at_entry,long,687022.0,long,423746004.0,0
2023-02-15 00:00:00+00:00,518,CORN,676.25,450000000.0,notional_at_entry,long,687022.0,long,419623872.0,0
2023-02-16 00:00:00+00:00,519,CORN,676.0,450000000.0,notional_at_entry,long,687022.0,long,419452116.5,0
2023-02-17 00:00:00+00:00,520,CORN,677.75,450000000.0,notional_at_entry,long,687022.0,long,420654405.0,0
2023-02-21 00:00:00+00:00,521,CORN,680.5,450000000.0,notional_at_entry,long,687022.0,long,422543715.5,0
2023-02-22 00:00:00+00:00,522,CORN,674.25,450000000.0,notional_at_entry,long,687022.0,long,418249828.0,0
2023-02-23 00:00:00+00:00,523,CORN,659.25,450000000.0,notional_at_entry,long,687022.0,long,407944498.0,0
2023-02-24 00:00:00+00:00,524,CORN,649.25,450000000.0,notional_at_entry,long,687022.0,long,401074278.0,0
2023-02-27 00:00:00+00:00,525,CORN,642.75,450000000.0,notional_at_entry,long,687022.0,long,396608635.0,0
2023-02-28 00:00:00+00:00,526,CORN,629.5,450000000.0,notional_at_entry,long,687022.0,long,387505593.5,0
2023-03-01 00:00:00+00:00,527,CORN,640.5,450000000.0,notional_at_entry,long,687022.0,long,395062835.5,0
2023-03-02 00:00:00+00:00,528,CORN,637.75,450000000.0,notional_at_entry,long,687022.0,long,393173525.0,0
2023-03-03 00:00:00+00:00,529,CORN,645.25,450000000.0,notional_at_entry,long,687022.0,long,398326190.0,0
2023-03-06 00:00:00+00:00,530,CORN,637.0,450000000.0,notional_at_entry,long,687022.0,long,392658258.5,0
2023-03-07 00:00:00+00:00,531,CORN,634.25,-300000000.0,notional_at_entry,short,-472999.0,short,390768948.0,1
2023-03-08 00:00:00+00:00,532,CORN,625.5,-300000000.0,notional_at_entry,short,-472999.0,short,394907689.25,0
2023-03-09 00:00:00+00:00,533,CORN,611.5,-300000000.0,notional_at_entry,short,-472999.0,short,401529675.25,0
2023-03-10 00:00:00+00:00,534,CORN,624.25,-300000000.0,notional_at_entry,short,-472999.0,short,395498938.0,0
2023-03-13 00:00:00+00:00,535,CORN,624.5,-300000000.0,notional_at_entry,short,-472999.0,short,395380688.25,0
2023-03-14 00:00:00+00:00,536,CORN,627.5,-300000000.0,notional_at_entry,short,-472999.0,short,393961691.25,0
2023-03-15 00:00:00+00:00,537,CORN,626.5,-300000000.0,notional_at_entry,short,-472999.0,short,394434690.25,0
2023-03-16 00:00:00+00:00,538,CORN,632.75,-300000000.0,notional_at_entry,short,-472999.0,short,391478446.5,0
2023-03-17 00:00:00+00:00,539,CORN,634.25,-300000000.0,notional_at_entry,short,-472999.0,short,390768948.0,0
2023-03-20 00:00:00+00:00,540,CORN,633.0,-300000000.0,notional_at_entry,short,-472999.0,short,391360196.75,0
2023-03-21 00:00:00+00:00,541,CORN,630.0,-300000000.0,notional_at_entry,short,-472999.0,short,392779193.75,0
2023-03-22 00:00:00+00:00,542,CORN,633.5,-300000000.0,notional_at_entry,short,-472999.0,short,391123697.25,0
2023-03-23 00:00:00+00:00,543,CORN,631.75,-300000000.0,notional_at_entry,short,-472999.0,short,391951445.5,0
2023-03-24 00:00:00+00:00,544,CORN,643.0,300000000.0,notional_at_entry,long,466562.0,long,386630206.75,1
2023-03-27 00:00:00+00:00,545,CORN,648.25,300000000.0,notional_at_entry,long,466562.0,long,389079657.25,0
2023-03-28 00:00:00+00:00,546,CORN,647.25,300000000.0,notional_at_entry,long,466562.0,long,388613095.25,0
2023-03-29 00:00:00+00:00,547,CORN,650.5,300000000.0,notional_at_entry,long,466562.0,long,390129421.75,0
2023-03-30 00:00:00+00:00,548,CORN,649.5,300000000.0,notional_at_entry,long,466562.0,long,389662859.75,0
2023-03-31 00:00:00+00:00,549,CORN,660.5,300000000.0,notional_at_entry,long,466562.0,long,394795041.75,0
2023-04-03 00:00:00+00:00,550,CORN,657.75,300000000.0,notional_at_entry,long,466562.0,long,393511996.25,0
2023-04-04 00:00:00+00:00,551,CORN,653.75,300000000.0,notional_at_entry,long,466562.0,long,391645748.25,0
2023-04-05 00:00:00+00:00,552,CORN,652.75,300000000.0,notional_at_entry,long,466562.0,long,391179186.25,0
2023-04-06 00:00:00+00:00,553,CORN,643.5,300000000.0,notional_at_entry,long,466562.0,long,386863487.75,0
2023-04-07 00:00:00+00:00,554,CORN,643.5,300000000.0,notional_at_entry,long,466562.0,long,386863487.75,0
2023-04-10 00:00:00+00:00,555,CORN,654.0,300000000.0,notional_at_entry,long,466562.0,long,391762388.75,0
2023-04-11 00:00:00+00:00,556,CORN,651.0,300000000.0,notional_at_entry,long,466562.0,long,390362702.75,0
2023-04-12 00:00:00+00:00,557,CORN,656.0,300000000.0,notional_at_entry,long,466562.0,long,392695512.75,0
2023-04-13 00:00:00+00:00,558,CORN,652.25,300000000.0,notional_at_entry,long,466562.0,long,390945905.25,0
2023-04-14 00:00:00+00:00,559,CORN,666.25,300000000.0,notional_at_entry,long,466562.0,long,397477773.25,0
2023-04-17 00:00:00+00:00,560,CORN,676.5,300000000.0,notional_at_entry,long,466562.0,long,402260033.75,0
2023-04-18 00:00:00+00:00,561,CORN,677.5,300000000.0,notional_at_entry,long,466562.0,long,402726595.75,0
2023-04-19 00:00:00+00:00,562,CORN,672.25,300000000.0,notional_at_entry,long,466562.0,long,400277145.25,0
2023-04-20 00:00:00+00:00,563,CORN,663.75,300000000.0,notional_at_entry,long,466562.0,long,396311368.25,0
2023-04-21 00:00:00+00:00,564,CORN,663.25,300000000.0,notional_at_entry,long,466562.0,long,396078087.25,0
2023-04-24 00:00:00+00:00,565,CORN,651.25,300000000.0,notional_at_entry,long,466562.0,long,390479343.25,0
2023-04-25 00:00:00+00:00,566,CORN,646.5,300000000.0,notional_at_entry,long,466562.0,long,388263173.75,0
2023-04-26 00:00:00+00:00,567,CORN,641.5,450000000.0,notional_at_entry,long,466562.0,long,385930363.75,0
2023-04-27 00:00:00+00:00,568,CORN,627.0,450000000.0,notional_at_entry,long,466562.0,long,379165214.75,0
2023-04-28 00:00:00+00:00,569,CORN,636.0,450000000.0,notional_at_entry,long,466562.0,long,383364272.75,0
2023-05-01 00:00:00+00:00,570,CORN,639.5,450000000.0,notional_at_entry,long,466562.0,long,384997239.75,0
2023-05-02 00:00:00+00:00,571,CORN,638.0,450000000.0,notional_at_entry,long,466562.0,long,384297396.75,0
2023-05-03 00:00:00+00:00,572,CORN,645.25,450000000.0,notional_at_entry,long,466562.0,long,387679971.25,0
2023-05-04 00:00:00+00:00,573,CORN,646.5,450000000.0,notional_at_entry,long,466562.0,long,388263173.75,0
2023-05-05 00:00:00+00:00,574,CORN,653.25,450000000.0,notional_at_entry,long,466562.0,long,391412467.25,0
2023-05-08 00:00:00+00:00,575,CORN,656.5,450000000.0,notional_at_entry,long,466562.0,long,392928793.75,0
2023-05-09 00:00:00+00:00,576,CORN,642.25,450000000.0,notional_at_entry,long,466562.0,long,386280285.25,0
2023-05-10 00:00:00+00:00,577,CORN,645.5,450000000.0,notional_at_entry,long,466562.0,long,387796611.75,0
2023-05-11 00:00:00+00:00,578,CORN,632.5,450000000.0,notional_at_entry,long,466562.0,long,381731305.75,0
2023-05-12 00:00:00+00:00,579,CORN,633.25,-300000000.0,notional_at_entry,short,-473746.0,short,382081227.25,1
2023-05-15 00:00:00+00:00,580,CORN,592.5,-300000000.0,notional_at_entry,short,-473746.0,short,401386376.75,0
2023-05-16 00:00:00+00:00,581,CORN,581.25,-300000000.0,notional_at_entry,short,-473746.0,short,406716019.25,0
2023-05-17 00:00:00+00:00,582,CORN,561.5,-300000000.0,notional_at_entry,short,-473746.0,short,416072502.75,0
2023-05-18 00:00:00+00:00,583,CORN,555.25,-300000000.0,notional_at_entry,short,-473746.0,short,419033415.25,0
2023-05-19 00:00:00+00:00,584,CORN,554.5,-300000000.0,notional_at_entry,short,-473746.0,short,419388724.75,0
2023-05-22 00:00:00+00:00,585,CORN,571.0,-300000000.0,notional_at_entry,short,-473746.0,short,411571915.75,0
2023-05-23 00:00:00+00:00,586,CORN,577.5,-300000000.0,notional_at_entry,short,-473746.0,short,408492566.75,0
2023-05-24 00:00:00+00:00,587,CORN,587.25,-300000000.0,notional_at_entry,short,-473746.0,short,403873543.25,0
2023-05-25 00:00:00+00:00,588,CORN,590.75,-450000000.0,notional_at_entry,short,-473746.0,short,402215432.25,0
2023-05-26 00:00:00+00:00,589,CORN,604.0,-450000000.0,notional_at_entry,short,-473746.0,short,395938297.75,0
2023-05-30 00:00:00+00:00,590,CORN,594.0,-450000000.0,notional_at_entry,short,-473746.0,short,400675757.75,0
2023-05-31 00:00:00+00:00,591,CORN,594.0,-450000000.0,notional_at_entry,short,-473746.0,short,400675757.75,0
2023-06-01 00:00:00+00:00,592,CORN,592.5,-450000000.0,notional_at_entry,short,-473746.0,short,401386376.75,0
2023-06-02 00:00:00+00:00,593,CORN,609.0,-450000000.0,notional_at_entry,short,-473746.0,short,393569567.75,0
2023-06-05 00:00:00+00:00,594,CORN,597.5,-450000000.0,notional_at_entry,short,-473746.0,short,399017646.75,0
2023-06-06 00:00:00+00:00,595,CORN,608.0,-450000000.0,notional_at_entry,short,-473746.0,short,394043313.75,0
2023-06-07 00:00:00+00:00,596,CORN,604.25,-450000000.0,notional_at_entry,short,-473746.0,short,395819861.25,0
2023-06-08 00:00:00+00:00,597,CORN,610.25,-450000000.0,notional_at_entry,short,-473746.0,short,392977385.25,0
2023-06-09 00:00:00+00:00,598,CORN,604.25,450000000.0,notional_at_entry,long,744724.0,long,395819861.25,1
2023-06-12 00:00:00+00:00,599,CORN,617.25,450000000.0,notional_at_entry,long,744724.0,long,405501273.25,0
2023-06-13 00:00:00+00:00,600,CORN,612.5,450000000.0,notional_at_entry,long,744724.0,long,401963834.25,0
2023-06-14 00:00:00+00:00,601,CORN,607.75,450000000.0,notional_at_entry,long,744724.0,long,398426395.25,0
2023-06-15 00:00:00+00:00,602,CORN,623.25,450000000.0,notional_at_entry,long,744724.0,long,409969617.25,0
2023-06-16 00:00:00+00:00,603,CORN,640.25,450000000.0,notional_at_entry,long,744724.0,long,422629925.25,0
2023-06-20 00:00:00+00:00,604,CORN,643.75,450000000.0,notional_at_entry,long,744724.0,long,425236459.25,0
2023-06-21 00:00:00+00:00,605,CORN,671.0,450000000.0,notional_at_entry,long,744724.0,long,445530188.25,0
2023-06-22 00:00:00+00:00,606,CORN,660.5,450000000.0,notional_at_entry,long,744724.0,long,437710586.25,0
2023-06-23 00:00:00+00:00,607,CORN,630.75,450000000.0,notional_at_entry,long,744724.0,long,415555047.25,0
2023-06-26 00:00:00+00:00,608,CORN,637.25,450000000.0,notional_at_entry,long,744724.0,long,420395753.25,0
2023-06-27 00:00:00+00:00,609,CORN,623.0,450000000.0,notional_at_entry,long,744724.0,long,409783436.25,0
2023-06-28 00:00:00+00:00,610,CORN,590.0,450000000.0,notional_at_entry,long,744724.0,long,385207544.25,0
2023-06-29 00:00:00+00:00,611,CORN,581.0,450000000.0,notional_at_entry,long,744724.0,long,378505028.25,0
2023-06-30 00:00:00+00:00,612,CORN,554.5,450000000.0,notional_at_entry,long,744724.0,long,358769842.25,0
2023-07-03 00:00:00+00:00,613,CORN,557.25,450000000.0,notional_at_entry,long,744724.0,long,360817833.25,0
2023-07-05 00:00:00+00:00,614,CORN,548.25,450000000.0,notional_at_entry,long,744724.0,long,354115317.25,0
2023-07-06 00:00:00+00:00,615,CORN,566.75,450000000.0,notional_at_entry,long,744724.0,long,367892711.25,0
2023-07-07 00:00:00+00:00,616,CORN,560.5,-450000000.0,notional_at_entry,short,-802854.0,short,363238186.25,1
2023-07-10 00:00:00+00:00,617,CORN,570.75,-450000000.0,notional_at_entry,short,-802854.0,short,355008932.75,0
2023-07-11 00:00:00+00:00,618,CORN,571.75,-450000000.0,notional_at_entry,short,-802854.0,short,354206078.75,0
2023-07-12 00:00:00+00:00,619,CORN,549.75,-450000000.0,notional_at_entry,short,-802854.0,short,371868866.75,0
2023-07-13 00:00:00+00:00,620,CORN,593.5,-450000000.0,notional_at_entry,short,-802854.0,short,336744004.25,0
2023-07-14 00:00:00+00:00,621,CORN,599.75,-450000000.0,notional_at_entry,short,-802854.0,short,331726166.75,0
2023-07-17 00:00:00+00:00,622,CORN,499.25,-450000000.0,notional_at_entry,short,-802854.0,short,412412993.75,0
2023-07-18 00:00:00+00:00,623,CORN,528.75,-450000000.0,notional_at_entry,short,-802854.0,short,388728800.75,0
2023-07-19 00:00:00+00:00,624,CORN,545.5,-450000000.0,notional_at_entry,short,-802854.0,short,375280996.25,0
2023-07-20 00:00:00+00:00,625,CORN,537.25,-450000000.0,notional_at_entry,short,-802854.0,short,381904541.75,0
2023-07-21 00:00:00+00:00,626,CORN,527.0,-450000000.0,notional_at_entry,short,-802854.0,short,390133795.25,0
2023-07-24 00:00:00+00:00,627,CORN,560.5,-450000000.0,notional_at_entry,short,-802854.0,short,363238186.25,0
2023-07-25 00:00:00+00:00,628,CORN,557.5,-450000000.0,notional_at_entry,short,-802854.0,short,365646748.25,0
2023-07-26 00:00:00+00:00,629,CORN,540.25,-450000000.0,notional_at_entry,short,-802854.0,short,379495979.75,0
2023-07-27 00:00:00+00:00,630,CORN,533.25,-450000000.0,notional_at_entry,short,-802854.0,short,385115957.75,0
2023-07-28 00:00:00+00:00,631,CORN,521.0,-450000000.0,notional_at_entry,short,-802854.0,short,394950919.25,0
2023-07-31 00:00:00+00:00,632,CORN,504.0,-450000000.0,notional_at_entry,short,-802854.0,short,408599437.25,0
2023-08-01 00:00:00+00:00,633,CORN,497.0,-450000000.0,notional_at_entry,short,-802854.0,short,414219415.25,0
2023-08-02 00:00:00+00:00,634,CORN,488.25,-450000000.0,notional_at_entry,short,-802854.0,short,421244387.75,0
2023-08-03 00:00:00+00:00,635,CORN,480.75,-450000000.0,notional_at_entry,short,-802854.0,short,427265792.75,0
2023-08-04 00:00:00+00:00,636,CORN,484.25,-450000000.0,notional_at_entry,short,-802854.0,short,424455803.75,0
2023-08-07 00:00:00+00:00,637,CORN,482.25,-450000000.0,notional_at_entry,short,-802854.0,short,426061511.75,0
2023-08-08 00:00:00+00:00,638,CORN,485.75,-450000000.0,notional_at_entry,short,-802854.0,short,423251522.75,0
2023-08-09 00:00:00+00:00,639,CORN,481.0,-450000000.0,notional_at_entry,short,-802854.0,short,427065079.25,0
2023-08-10 00:00:00+00:00,640,CORN,483.25,-450000000.0,notional_at_entry,short,-802854.0,short,425258657.75,0
2023-08-11 00:00:00+00:00,641,CORN,474.5,-450000000.0,notional_at_entry,short,-802854.0,short,432283630.25,0
2023-08-14 00:00:00+00:00,642,CORN,475.75,-300000000.0,notional_at_entry,short,-802854.0,short,431280062.75,0
2023-08-15 00:00:00+00:00,643,CORN,464.0,-300000000.0,notional_at_entry,short,-802854.0,short,440713597.25,0
2023-08-16 00:00:00+00:00,644,CORN,469.5,-300000000.0,notional_at_entry,short,-802854.0,short,436297900.25,0
2023-08-17 00:00:00+00:00,645,CORN,473.0,-300000000.0,notional_at_entry,short,-802854.0,short,433487911.25,0
2023-08-18 00:00:00+00:00,646,CORN,479.5,-300000000.0,notional_at_entry,short,-802854.0,short,428269360.25,0
2023-08-21 00:00:00+00:00,647,CORN,469.25,-300000000.0,notional_at_entry,short,-802854.0,short,436498613.75,0
2023-08-22 00:00:00+00:00,648,CORN,466.5,-300000000.0,notional_at_entry,short,-802854.0,short,438706462.25,0
2023-08-23 00:00:00+00:00,649,CORN,476.25,-300000000.0,notional_at_entry,short,-802854.0,short,430878635.75,0
2023-08-24 00:00:00+00:00,650,CORN,472.25,-300000000.0,notional_at_entry,short,-802854.0,short,434090051.75,0
2023-08-25 00:00:00+00:00,651,CORN,470.75,-300000000.0,notional_at_entry,short,-802854.0,short,435294332.75,0
2023-08-28 00:00:00+00:00,652,CORN,478.5,-300000000.0,notional_at_entry,short,-802854.0,short,429072214.25,0
2023-08-29 00:00:00+00:00,653,CORN,469.5,-300000000.0,notional_at_entry,short,-802854.0,short,436297900.25,0
2023-08-30 00:00:00+00:00,654,CORN,461.75,-300000000.0,notional_at_entry,short,-802854.0,short,442520018.75,0
2023-08-31 00:00:00+00:00,655,CORN,461.0,-300000000.0,notional_at_entry,short,-802854.0,short,443122159.25,0
2023-09-01 00:00:00+00:00,656,CORN,464.75,-300000000.0,notional_at_entry,short,-802854.0,short,440111456.75,0
2023-09-05 00:00:00+00:00,657,CORN,471.0,-300000000.0,notional_at_entry,short,-802854.0,short,435093619.25,0
2023-09-06 00:00:00+00:00,658,CORN,471.5,-300000000.0,notional_at_entry,short,-802854.0,short,434692192.25,0
2023-09-07 00:00:00+00:00,659,CORN,470.75,-300000000.0,notional_at_entry,short,-802854.0,short,435294332.75,0
2023-09-08 00:00:00+00:00,660,CORN,468.5,-300000000.0,notional_at_entry,short,-802854.0,short,437100754.25,0
2023-09-11 00:00:00+00:00,661,CORN,471.25,-300000000.0,notional_at_entry,short,-802854.0,short,434892905.75,0
2023-09-12 00:00:00+00:00,662,CORN,463.25,-300000000.0,notional_at_entry,short,-802854.0,short,441315737.75,0
2023-09-13 00:00:00+00:00,663,CORN,464.0,-300000000.0,notional_at_entry,short,-802854.0,short,440713597.25,0
2023-09-14 00:00:00+00:00,664,CORN,462.5,-300000000.0,notional_at_entry,short,-802854.0,short,441917878.25,0
2023-09-15 00:00:00+00:00,665,CORN,476.25,-300000000.0,notional_at_entry,short,-802854.0,short,430878635.75,0
2023-09-18 00:00:00+00:00,666,CORN,471.5,-300000000.0,notional_at_entry,short,-802854.0,short,434692192.25,0
2023-09-19 00:00:00+00:00,667,CORN,476.25,-300000000.0,notional_at_entry,short,-802854.0,short,430878635.75,0
2023-09-20 00:00:00+00:00,668,CORN,482.25,-300000000.0,notional_at_entry,short,-802854.0,short,426061511.75,0
2023-09-21 00:00:00+00:00,669,CORN,475.25,-300000000.0,notional_at_entry,short,-802854.0,short,431681489.75,0
2023-09-22 00:00:00+00:00,670,CORN,477.25,-300000000.0,notional_at_entry,short,-802854.0,short,430075781.75,0
2023-09-25 00:00:00+00:00,671,CORN,481.25,-300000000.0,notional_at_entry,short,-802854.0,short,426864365.75,0
2023-09-26 00:00:00+00:00,672,CORN,479.75,-300000000.0,notional_at_entry,short,-802854.0,short,428068646.75,0
2023-09-27 00:00:00+00:00,673,CORN,483.25,-300000000.0,notional_at_entry,short,-802854.0,short,425258657.75,0
2023-09-28 00:00:00+00:00,674,CORN,488.5,450000000.0,notional_at_entry,long,921187.0,long,421043674.25,1
2023-09-29 00:00:00+00:00,675,CORN,476.75,450000000.0,notional_at_entry,long,921187.0,long,410219727.0,0
2023-10-02 00:00:00+00:00,676,CORN,488.75,450000000.0,notional_at_entry,long,921187.0,long,421273971.0,0
2023-10-03 00:00:00+00:00,677,CORN,487.5,450000000.0,notional_at_entry,long,921187.0,long,420122487.25,0
2023-10-04 00:00:00+00:00,678,CORN,486.0,450000000.0,notional_at_entry,long,921187.0,long,418740706.75,0
2023-10-05 00:00:00+00:00,679,CORN,497.5,450000000.0,notional_at_entry,long,921187.0,long,429334357.25,0
2023-10-06 00:00:00+00:00,680,CORN,492.0,450000000.0,notional_at_entry,long,921187.0,long,424267828.75,0
2023-10-09 00:00:00+00:00,681,CORN,488.25,450000000.0,notional_at_entry,long,921187.0,long,420813377.5,0
2023-10-10 00:00:00+00:00,682,CORN,485.5,450000000.0,notional_at_entry,long,921187.0,long,418280113.25,0
2023-10-11 00:00:00+00:00,683,CORN,488.0,450000000.0,notional_at_entry,long,921187.0,long,420583080.75,0
2023-10-12 00:00:00+00:00,684,CORN,496.0,450000000.0,notional_at_entry,long,921187.0,long,427952576.75,0
2023-10-13 00:00:00+00:00,685,CORN,493.25,450000000.0,notional_at_entry,long,921187.0,long,425419312.5,0
2023-10-16 00:00:00+00:00,686,CORN,490.0,450000000.0,notional_at_entry,long,921187.0,long,422425454.75,0
2023-10-17 00:00:00+00:00,687,CORN,489.0,450000000.0,notional_at_entry,long,921187.0,long,421504267.75,0
2023-10-18 00:00:00+00:00,688,CORN,492.0,450000000.0,notional_at_entry,long,921187.0,long,424267828.75,0
2023-10-19 00:00:00+00:00,689,CORN,505.0,450000000.0,notional_at_entry,long,921187.0,long,436243259.75,0
2023-10-20 00:00:00+00:00,690,CORN,495.5,450000000.0,notional_at_entry,long,921187.0,long,427491983.25,0
2023-10-23 00:00:00+00:00,691,CORN,490.25,450000000.0,notional_at_entry,long,921187.0,long,422655751.5,0
2023-10-24 00:00:00+00:00,692,CORN,484.0,-300000000.0,notional_at_entry,short,-619834.0,short,416898332.75,1
2023-10-25 00:00:00+00:00,693,CORN,480.0,-300000000.0,notional_at_entry,short,-619834.0,short,419377668.75,0
2023-10-26 00:00:00+00:00,694,CORN,479.25,-300000000.0,notional_at_entry,short,-619834.0,short,419842544.25,0
2023-10-27 00:00:00+00:00,695,CORN,480.75,-300000000.0,notional_at_entry,short,-619834.0,short,418912793.25,0
2023-10-30 00:00:00+00:00,696,CORN,478.25,-300000000.0,notional_at_entry,short,-619834.0,short,420462378.25,0
2023-10-31 00:00:00+00:00,697,CORN,478.75,-300000000.0,notional_at_entry,short,-619834.0,short,420152461.25,0
2023-11-01 00:00:00+00:00,698,CORN,475.0,-300000000.0,notional_at_entry,short,-619834.0,short,422476838.75,0
2023-11-02 00:00:00+00:00,699,CORN,470.0,-300000000.0,notional_at_entry,short,-619834.0,short,425576008.75,0
2023-11-03 00:00:00+00:00,700,CORN,477.25,-300000000.0,notional_at_entry,short,-619834.0,short,421082212.25,0
2023-11-06 00:00:00+00:00,701,CORN,477.25,-300000000.0,notional_at_entry,short,-619834.0,short,421082212.25,0
2023-11-07 00:00:00+00:00,702,CORN,468.5,-300000000.0,notional_at_entry,short,-619834.0,short,426505759.75,0
2023-11-08 00:00:00+00:00,703,CORN,476.0,-300000000.0,notional_at_entry,short,-619834.0,short,421857004.75,0
2023-11-09 00:00:00+00:00,704,CORN,468.0,-300000000.0,notional_at_entry,short,-619834.0,short,426815676.75,0
2023-11-10 00:00:00+00:00,705,CORN,464.0,-300000000.0,notional_at_entry,short,-619834.0,short,429295012.75,0
2023-11-13 00:00:00+00:00,706,CORN,477.25,-300000000.0,notional_at_entry,short,-619834.0,short,421082212.25,0
2023-11-14 00:00:00+00:00,707,CORN,478.25,-300000000.0,notional_at_entry,short,-619834.0,short,420462378.25,0
2023-11-15 00:00:00+00:00,708,CORN,488.5,-300000000.0,notional_at_entry,short,-619834.0,short,414109079.75,0
2023-11-16 00:00:00+00:00,709,CORN,493.25,-300000000.0,notional_at_entry,short,-619834.0,short,411164868.25,0
2023-11-17 00:00:00+00:00,710,CORN,485.25,-300000000.0,notional_at_entry,short,-619834.0,short,416123540.25,0
2023-11-20 00:00:00+00:00,711,CORN,487.5,-300000000.0,notional_at_entry,short,-619834.0,short,414728913.75,0
2023-11-21 00:00:00+00:00,712,CORN,489.0,-300000000.0,notional_at_entry,short,-619834.0,short,413799162.75,0
2023-11-22 00:00:00+00:00,713,CORN,487.75,-300000000.0,notional_at_entry,short,-619834.0,short,414573955.25,0
2023-11-24 00:00:00+00:00,714,CORN,482.5,-300000000.0,notional_at_entry,short,-619834.0,short,417828083.75,0
2023-11-27 00:00:00+00:00,715,CORN,475.25,-300000000.0,notional_at_entry,short,-619834.0,short,422321880.25,0
2023-11-28 00:00:00+00:00,716,CORN,473.5,-300000000.0,notional_at_entry,short,-619834.0,short,423406589.75,0
2023-11-29 00:00:00+00:00,717,CORN,475.75,-300000000.0,notional_at_entry,short,-619834.0,short,422011963.25,0
2023-11-30 00:00:00+00:00,718,CORN,482.75,-450000000.0,notional_at_entry,short,-619834.0,short,417673125.25,0
2023-12-01 00:00:00+00:00,719,CORN,464.5,-450000000.0,notional_at_entry,short,-619834.0,short,428985095.75,0
2023-12-04 00:00:00+00:00,720,CORN,460.25,-450000000.0,notional_at_entry,short,-619834.0,short,431619390.25,0
2023-12-05 00:00:00+00:00,721,CORN,468.5,-450000000.0,notional_at_entry,short,-619834.0,short,426505759.75,0
2023-12-06 00:00:00+00:00,722,CORN,464.75,-450000000.0,notional_at_entry,short,-619834.0,short,428830137.25,0
2023-12-07 00:00:00+00:00,723,CORN,468.25,-450000000.0,notional_at_entry,short,-619834.0,short,426660718.25,0
2023-12-08 00:00:00+00:00,724,CORN,465.75,-450000000.0,notional_at_entry,short,-619834.0,short,428210303.25,0
2023-12-11 00:00:00+00:00,725,CORN,460.5,-450000000.0,notional_at_entry,short,-619834.0,short,431464431.75,0
2023-12-12 00:00:00+00:00,726,CORN,462.5,-450000000.0,notional_at_entry,short,-619834.0,short,430224763.75,0
2023-12-13 00:00:00+00:00,727,CORN,456.75,-450000000.0,notional_at_entry,short,-619834.0,short,433788809.25,0
2023-12-14 00:00:00+00:00,728,CORN,456.75,-450000000.0,notional_at_entry,short,-619834.0,short,433788809.25,0
2023-12-15 00:00:00+00:00,729,CORN,483.0,-450000000.0,notional_at_entry,short,-619834.0,short,417518166.75,0
2023-12-18 00:00:00+00:00,730,CORN,477.0,450000000.0,notional_at_entry,long,943396.0,long,421237170.75,1
2023-12-19 00:00:00+00:00,731,CORN,472.75,450000000.0,notional_at_entry,long,943396.0,long,417227737.75,0
2023-12-20 00:00:00+00:00,732,CORN,469.75,450000000.0,notional_at_entry,long,943396.0,long,414397549.75,0
2023-12-21 00:00:00+00:00,733,CORN,472.5,450000000.0,notional_at_entry,long,943396.0,long,416991888.75,0
2023-12-22 00:00:00+00:00,734,CORN,473.0,450000000.0,notional_at_entry,long,943396.0,long,417463586.75,0
2023-12-26 00:00:00+00:00,735,CORN,480.25,300000000.0,notional_at_entry,long,943396.0,long,424303207.75,0
2023-12-27 00:00:00+00:00,736,CORN,476.5,300000000.0,notional_at_entry,long,943396.0,long,420765472.75,0
2023-12-28 00:00:00+00:00,737,CORN,474.25,300000000.0,notional_at_entry,long,943396.0,long,418642831.75,0
2023-12-29 00:00:00+00:00,738,CORN,471.25,300000000.0,notional_at_entry,long,943396.0,long,415812643.75,0
2024-01-02 00:00:00+00:00,739,CORN,463.75,300000000.0,notional_at_entry,long,943396.0,long,408737173.75,0
2024-01-03 00:00:00+00:00,740,CORN,465.25,300000000.0,notional_at_entry,long,943396.0,long,410152267.75,0
2024-01-04 00:00:00+00:00,741,CORN,466.5,300000000.0,notional_at_entry,long,943396.0,long,411331512.75,0
2024-01-05 00:00:00+00:00,742,CORN,460.75,300000000.0,notional_at_entry,long,943396.0,long,405906985.75,0
2024-01-08 00:00:00+00:00,743,CORN,455.0,300000000.0,notional_at_entry,long,943396.0,long,400482458.75,0
2024-01-09 00:00:00+00:00,744,CORN,459.25,300000000.0,notional_at_entry,long,943396.0,long,404491891.75,0
2024-01-10 00:00:00+00:00,745,CORN,459.5,300000000.0,notional_at_entry,long,943396.0,long,404727740.75,0
2024-01-11 00:00:00+00:00,746,CORN,457.75,300000000.0,notional_at_entry,long,943396.0,long,403076797.75,0
2024-01-12 00:00:00+00:00,747,CORN,447.0,300000000.0,notional_at_entry,long,943396.0,long,392935290.75,0
2024-01-16 00:00:00+00:00,748,CORN,443.5,300000000.0,notional_at_entry,long,943396.0,long,389633404.75,0
2024-01-17 00:00:00+00:00,749,CORN,442.25,300000000.0,notional_at_entry,long,943396.0,long,388454159.75,0
2024-01-18 00:00:00+00:00,750,CORN,444.0,300000000.0,notional_at_entry,long,943396.0,long,390105102.75,0
2024-01-19 00:00:00+00:00,751,CORN,445.5,300000000.0,notional_at_entry,long,943396.0,long,391520196.75,0
2024-01-22 00:00:00+00:00,752,CORN,445.75,300000000.0,notional_at_entry,long,943396.0,long,391756045.75,0
2024-01-23 00:00:00+00:00,753,CORN,446.5,300000000.0,notional_at_entry,long,943396.0,long,392463592.75,0
2024-01-24 00:00:00+00:00,754,CORN,452.25,300000000.0,notional_at_entry,long,943396.0,long,397888119.75,0
2024-01-25 00:00:00+00:00,755,CORN,451.75,300000000.0,notional_at_entry,long,943396.0,long,397416421.75,0
2024-01-26 00:00:00+00:00,756,CORN,446.25,300000000.0,notional_at_entry,long,943396.0,long,392227743.75,0
2024-01-29 00:00:00+00:00,757,CORN,440.25,300000000.0,notional_at_entry,long,943396.0,long,386567367.75,0
2024-01-30 00:00:00+00:00,758,CORN,447.75,300000000.0,notional_at_entry,long,943396.0,long,393642837.75,0
2024-01-31 00:00:00+00:00,759,CORN,448.25,300000000.0,notional_at_entry,long,943396.0,long,394114535.75,0
2024-02-01 00:00:00+00:00,760,CORN,447.25,300000000.0,notional_at_entry,long,943396.0,long,393171139.75,0
2024-02-02 00:00:00+00:00,761,CORN,442.75,300000000.0,notional_at_entry,long,943396.0,long,388925857.75,0
2024-02-05 00:00:00+00:00,762,CORN,442.75,300000000.0,notional_at_entry,long,943396.0,long,388925857.75,0
2024-02-06 00:00:00+00:00,763,CORN,438.75,300000000.0,notional_at_entry,long,943396.0,long,385152273.75,0
2024-02-07 00:00:00+00:00,764,CORN,434.25,300000000.0,notional_at_entry,long,943396.0,long,380906991.75,0
2024-02-08 00:00:00+00:00,765,CORN,433.25,300000000.0,notional_at_entry,long,943396.0,long,379963595.75,0
2024-02-09 00:00:00+00:00,766,CORN,429.0,300000000.0,notional_at_entry,long,943396.0,long,375954162.75,0
2024-02-12 00:00:00+00:00,767,CORN,430.5,300000000.0,notional_at_entry,long,943396.0,long,377369256.75,0
2024-02-13 00:00:00+00:00,768,CORN,430.75,300000000.0,notional_at_entry,long,943396.0,long,377605105.75,0
2024-02-14 00:00:00+00:00,769,CORN,424.25,300000000.0,notional_at_entry,long,943396.0,long,371473031.75,0
2024-02-15 00:00:00+00:00,770,CORN,417.75,300000000.0,notional_at_entry,long,943396.0,long,365340957.75,0
2024-02-16 00:00:00+00:00,771,CORN,416.5,300000000.0,notional_at_entry,long,943396.0,long,364161712.75,0
2024-02-20 00:00:00+00:00,772,CORN,418.75,300000000.0,notional_at_entry,long,943396.0,long,366284353.75,0
2024-02-21 00:00:00+00:00,773,CORN,411.0,300000000.0,notional_at_entry,long,943396.0,long,358973034.75,0
2024-02-22 00:00:00+00:00,774,CORN,406.0,-300000000.0,notional_at_entry,short,-738916.0,short,354256054.75,1
2024-02-23 00:00:00+00:00,775,CORN,399.75,-300000000.0,notional_at_entry,short,-738916.0,short,358874279.75,0
2024-02-26 00:00:00+00:00,776,CORN,407.0,-300000000.0,notional_at_entry,short,-738916.0,short,353517138.75,0
2024-02-27 00:00:00+00:00,777,CORN,423.5,-300000000.0,notional_at_entry,short,-738916.0,short,341325024.75,0
2024-02-28 00:00:00+00:00,778,CORN,428.5,-300000000.0,notional_at_entry,short,-738916.0,short,337630444.75,0
2024-02-29 00:00:00+00:00,779,CORN,429.5,-300000000.0,notional_at_entry,short,-738916.0,short,336891528.75,0
2024-03-01 00:00:00+00:00,780,CORN,412.25,-300000000.0,notional_at_entry,short,-738916.0,short,349637829.75,0
2024-03-04 00:00:00+00:00,781,CORN,417.5,-300000000.0,notional_at_entry,short,-738916.0,short,345758520.75,0
2024-03-05 00:00:00+00:00,782,CORN,413.5,-300000000.0,notional_at_entry,short,-738916.0,short,348714184.75,0
2024-03-06 00:00:00+00:00,783,CORN,418.0,-300000000.0,notional_at_entry,short,-738916.0,short,345389062.75,0
2024-03-07 00:00:00+00:00,784,CORN,426.0,-300000000.0,notional_at_entry,short,-738916.0,short,339477734.75,0
2024-03-08 00:00:00+00:00,785,CORN,426.25,-300000000.0,notional_at_entry,short,-738916.0,short,339293005.75,0
2024-03-11 00:00:00+00:00,786,CORN,428.25,-300000000.0,notional_at_entry,short,-738916.0,short,337815173.75,0
2024-03-12 00:00:00+00:00,787,CORN,429.0,-300000000.0,notional_at_entry,short,-738916.0,short,337260986.75,0
2024-03-13 00:00:00+00:00,788,CORN,426.5,-300000000.0,notional_at_entry,short,-738916.0,short,339108276.75,0
2024-03-14 00:00:00+00:00,789,CORN,422.5,-300000000.0,notional_at_entry,short,-738916.0,short,342063940.75,0
2024-03-15 00:00:00+00:00,790,CORN,436.75,-300000000.0,notional_at_entry,short,-738916.0,short,331534387.75,0
2024-03-18 00:00:00+00:00,791,CORN,436.0,-300000000.0,notional_at_entry,short,-738916.0,short,332088574.75,0
2024-03-19 00:00:00+00:00,792,CORN,439.5,-300000000.0,notional_at_entry,short,-738916.0,short,329502368.75,0
2024-03-20 00:00:00+00:00,793,CORN,439.0,-300000000.0,notional_at_entry,short,-738916.0,short,329871826.75,0
2024-03-21 00:00:00+00:00,794,CORN,440.75,-300000000.0,notional_at_entry,short,-738916.0,short,328578723.75,0
2024-03-22 00:00:00+00:00,795,CORN,439.25,-300000000.0,notional_at_entry,short,-738916.0,short,329687097.75,0
2024-03-25 00:00:00+00:00,796,CORN,437.75,-450000000.0,notional_at_entry,short,-738916.0,short,330795471.75,0
2024-03-26 00:00:00+00:00,797,CORN,432.5,-450000000.0,notional_at_entry,short,-738916.0,short,334674780.75,0
2024-03-27 00:00:00+00:00,798,CORN,426.75,-450000000.0,notional_at_entry,short,-738916.0,short,338923547.75,0
2024-03-28 00:00:00+00:00,799,CORN,442.0,-450000000.0,notional_at_entry,short,-738916.0,short,327655078.75,0
2024-03-29 00:00:00+00:00,800,CORN,442.25,-450000000.0,notional_at_entry,short,-738916.0,short,327470349.75,0
2024-04-01 00:00:00+00:00,801,CORN,435.5,-450000000.0,notional_at_entry,short,-738916.0,short,332458032.75,0
2024-04-02 00:00:00+00:00,802,CORN,426.5,-450000000.0,notional_at_entry,short,-738916.0,short,339108276.75,0
2024-04-03 00:00:00+00:00,803,CORN,431.75,-450000000.0,notional_at_entry,short,-738916.0,short,335228967.75,0
2024-04-04 00:00:00+00:00,804,CORN,435.25,300000000.0,notional_at_entry,long,689259.0,long,332642761.75,1
2024-04-05 00:00:00+00:00,805,CORN,434.25,300000000.0,notional_at_entry,long,689259.0,long,331953502.75,0
2024-04-08 00:00:00+00:00,806,CORN,435.5,300000000.0,notional_at_entry,long,689259.0,long,332815076.5,0
2024-04-09 00:00:00+00:00,807,CORN,431.25,300000000.0,notional_at_entry,long,689259.0,long,329885725.75,0
2024-04-10 00:00:00+00:00,808,CORN,434.25,300000000.0,notional_at_entry,long,689259.0,long,331953502.75,0
2024-04-11 00:00:00+00:00,809,CORN,428.75,300000000.0,notional_at_entry,long,689259.0,long,328162578.25,0
2024-04-12 00:00:00+00:00,810,CORN,435.5,300000000.0,notional_at_entry,long,689259.0,long,332815076.5,0
2024-04-15 00:00:00+00:00,811,CORN,431.5,-300000000.0,notional_at_entry,short,-695249.0,short,330058040.5,1
2024-04-16 00:00:00+00:00,812,CORN,431.0,-300000000.0,notional_at_entry,short,-695249.0,short,330405665.0,0
2024-04-17 00:00:00+00:00,813,CORN,441.0,-300000000.0,notional_at_entry,short,-695249.0,short,323453175.0,0
2024-04-18 00:00:00+00:00,814,CORN,426.75,-300000000.0,notional_at_entry,short,-695249.0,short,333360473.25,0
2024-04-19 00:00:00+00:00,815,CORN,443.0,-300000000.0,notional_at_entry,short,-695249.0,short,322062677.0,0
2024-04-22 00:00:00+00:00,816,CORN,439.75,300000000.0,notional_at_entry,long,682205.0,long,324322236.25,1
2024-04-23 00:00:00+00:00,817,CORN,452.5,300000000.0,notional_at_entry,long,682205.0,long,333020350.0,0
2024-04-24 00:00:00+00:00,818,CORN,448.5,300000000.0,notional_at_entry,long,682205.0,long,330291530.0,0
2024-04-25 00:00:00+00:00,819,CORN,441.0,300000000.0,notional_at_entry,long,682205.0,long,325174992.5,0
2024-04-26 00:00:00+00:00,820,CORN,450.0,300000000.0,notional_at_entry,long,682205.0,long,331314837.5,0
2024-04-29 00:00:00+00:00,821,CORN,449.25,300000000.0,notional_at_entry,long,682205.0,long,330803183.75,0
2024-04-30 00:00:00+00:00,822,CORN,446.75,300000000.0,notional_at_entry,long,682205.0,long,329097671.25,0
2024-05-01 00:00:00+00:00,823,CORN,450.75,-300000000.0,notional_at_entry,short,-665557.0,short,331826491.25,1
2024-05-02 00:00:00+00:00,824,CORN,459.75,-300000000.0,notional_at_entry,short,-665557.0,short,325836478.25,0
2024-05-03 00:00:00+00:00,825,CORN,460.25,-300000000.0,notional_at_entry,short,-665557.0,short,325503699.75,0
2024-05-06 00:00:00+00:00,826,CORN,457.0,-300000000.0,notional_at_entry,short,-665557.0,short,327666760.0,0
2024-05-07 00:00:00+00:00,827,CORN,453.75,-300000000.0,notional_at_entry,short,-665557.0,short,329829820.25,0
2024-05-08 00:00:00+00:00,828,CORN,445.5,-300000000.0,notional_at_entry,short,-665557.0,short,335320665.5,0
2024-05-09 00:00:00+00:00,829,CORN,442.75,-300000000.0,notional_at_entry,short,-665557.0,short,337150947.25,0
2024-05-10 00:00:00+00:00,830,CORN,455.75,-300000000.0,notional_at_entry,short,-665557.0,short,328498706.25,0
2024-05-13 00:00:00+00:00,831,CORN,458.5,-300000000.0,notional_at_entry,short,-665557.0,short,326668424.5,0
2024-05-14 00:00:00+00:00,832,CORN,453.75,300000000.0,notional_at_entry,long,661157.0,long,329829820.25,1
2024-05-15 00:00:00+00:00,833,CORN,462.5,300000000.0,notional_at_entry,long,661157.0,long,335614944.0,0
2024-05-16 00:00:00+00:00,834,CORN,457.0,300000000.0,notional_at_entry,long,661157.0,long,331978580.5,0
2024-05-17 00:00:00+00:00,835,CORN,452.5,300000000.0,notional_at_entry,long,661157.0,long,329003374.0,0
2024-05-20 00:00:00+00:00,836,CORN,460.5,300000000.0,notional_at_entry,long,661157.0,long,334292630.0,0
2024-05-21 00:00:00+00:00,837,CORN,458.0,300000000.0,notional_at_entry,long,661157.0,long,332639737.5,0
2024-05-22 00:00:00+00:00,838,CORN,461.25,300000000.0,notional_at_entry,long,661157.0,long,334788497.75,0
2024-05-23 00:00:00+00:00,839,CORN,464.0,-300000000.0,notional_at_entry,short,-646551.0,short,336606679.5,1
2024-05-24 00:00:00+00:00,840,CORN,464.75,-300000000.0,notional_at_entry,short,-646551.0,short,336121766.25,0
2024-05-28 00:00:00+00:00,841,CORN,462.5,-300000000.0,notional_at_entry,short,-646551.0,short,337576506.0,0
2024-05-29 00:00:00+00:00,842,CORN,455.25,-300000000.0,notional_at_entry,short,-646551.0,short,342264000.75,0
2024-05-30 00:00:00+00:00,843,CORN,448.75,-300000000.0,notional_at_entry,short,-646551.0,short,346466582.25,0
2024-05-31 00:00:00+00:00,844,CORN,446.25,-300000000.0,notional_at_entry,short,-646551.0,short,348082959.75,0
2024-06-03 00:00:00+00:00,845,CORN,443.5,-300000000.0,notional_at_entry,short,-646551.0,short,349860975.0,0
2024-06-04 00:00:00+00:00,846,CORN,442.5,-300000000.0,notional_at_entry,short,-646551.0,short,350507526.0,0
2024-06-05 00:00:00+00:00,847,CORN,439.25,-300000000.0,notional_at_entry,short,-646551.0,short,352608816.75,0
2024-06-06 00:00:00+00:00,848,CORN,452.0,-300000000.0,notional_at_entry,short,-646551.0,short,344365291.5,0
2024-06-07 00:00:00+00:00,849,CORN,448.75,-300000000.0,notional_at_entry,short,-646551.0,short,346466582.25,0
2024-06-10 00:00:00+00:00,850,CORN,451.75,-300000000.0,notional_at_entry,short,-646551.0,short,344526929.25,0
2024-06-11 00:00:00+00:00,851,CORN,449.5,-300000000.0,notional_at_entry,short,-646551.0,short,345981669.0,0
2024-06-12 00:00:00+00:00,852,CORN,454.25,-300000000.0,notional_at_entry,short,-646551.0,short,342910551.75,0
2024-06-13 00:00:00+00:00,853,CORN,458.5,-300000000.0,notional_at_entry,short,-646551.0,short,340162710.0,0
2024-06-14 00:00:00+00:00,854,CORN,450.0,-300000000.0,notional_at_entry,short,-646551.0,short,345658393.5,0
2024-06-17 00:00:00+00:00,855,CORN,450.0,-300000000.0,notional_at_entry,short,-646551.0,short,345658393.5,0
2024-06-18 00:00:00+00:00,856,CORN,455.75,-300000000.0,notional_at_entry,short,-646551.0,short,341940725.25,0
2024-06-20 00:00:00+00:00,857,CORN,444.75,300000000.0,notional_at_entry,long,674536.0,long,349052786.25,1
2024-06-21 00:00:00+00:00,858,CORN,440.5,300000000.0,notional_at_entry,long,674536.0,long,346186008.25,0
2024-06-24 00:00:00+00:00,859,CORN,439.5,300000000.0,notional_at_entry,long,674536.0,long,345511472.25,0
2024-06-25 00:00:00+00:00,860,CORN,431.75,450000000.0,notional_at_entry,long,674536.0,long,340283818.25,0
2024-06-26 00:00:00+00:00,861,CORN,425.5,450000000.0,notional_at_entry,long,674536.0,long,336067968.25,0
2024-06-27 00:00:00+00:00,862,CORN,422.5,450000000.0,notional_at_entry,long,674536.0,long,334044360.25,0
2024-06-28 00:00:00+00:00,863,CORN,407.5,450000000.0,notional_at_entry,long,674536.0,long,323926320.25,0
2024-07-01 00:00:00+00:00,864,CORN,407.0,450000000.0,notional_at_entry,long,674536.0,long,323589052.25,0
2024-07-02 00:00:00+00:00,865,CORN,408.0,450000000.0,notional_at_entry,long,674536.0,long,324263588.25,0
2024-07-03 00:00:00+00:00,866,CORN,405.5,450000000.0,notional_at_entry,long,674536.0,long,322577248.25,0
2024-07-05 00:00:00+00:00,867,CORN,410.5,450000000.0,notional_at_entry,long,674536.0,long,325949928.25,0
2024-07-08 00:00:00+00:00,868,CORN,393.25,450000000.0,notional_at_entry,long,674536.0,long,314314182.25,0
2024-07-09 00:00:00+00:00,869,CORN,394.0,450000000.0,notional_at_entry,long,674536.0,long,314820084.25,0
2024-07-10 00:00:00+00:00,870,CORN,395.75,450000000.0,notional_at_entry,long,674536.0,long,316000522.25,0
2024-07-11 00:00:00+00:00,871,CORN,400.25,450000000.0,notional_at_entry,long,674536.0,long,319035934.25,0
2024-07-12 00:00:00+00:00,872,CORN,402.0,-450000000.0,notional_at_entry,short,-1119402.0,short,320216372.25,1
2024-07-15 00:00:00+00:00,873,CORN,404.25,-450000000.0,notional_at_entry,short,-1119402.0,short,317697717.75,0
2024-07-16 00:00:00+00:00,874,CORN,408.75,-450000000.0,notional_at_entry,short,-1119402.0,short,312660408.75,0
2024-07-17 00:00:00+00:00,875,CORN,411.75,-450000000.0,notional_at_entry,short,-1119402.0,short,309302202.75,0
2024-07-18 00:00:00+00:00,876,CORN,405.0,-450000000.0,notional_at_entry,short,-1119402.0,short,316858166.25,0
2024-07-19 00:00:00+00:00,877,CORN,404.75,-450000000.0,notional_at_entry,short,-1119402.0,short,317138016.75,0
2024-07-22 00:00:00+00:00,878,CORN,415.0,-450000000.0,notional_at_entry,short,-1119402.0,short,305664146.25,0
2024-07-23 00:00:00+00:00,879,CORN,417.25,-450000000.0,notional_at_entry,short,-1119402.0,short,303145491.75,0
2024-07-24 00:00:00+00:00,880,CORN,418.0,-450000000.0,notional_at_entry,short,-1119402.0,short,302305940.25,0
2024-07-25 00:00:00+00:00,881,CORN,420.75,-450000000.0,notional_at_entry,short,-1119402.0,short,299227584.75,0
2024-07-26 00:00:00+00:00,882,CORN,410.0,-450000000.0,notional_at_entry,short,-1119402.0,short,311261156.25,0
2024-07-29 00:00:00+00:00,883,CORN,412.25,300000000.0,notional_at_entry,long,727713.0,long,308742501.75,1
2024-07-30 00:00:00+00:00,884,CORN,405.0,300000000.0,notional_at_entry,long,727713.0,long,303466582.5,0
2024-07-31 00:00:00+00:00,885,CORN,399.75,300000000.0,notional_at_entry,long,727713.0,long,299646089.25,0
2024-08-01 00:00:00+00:00,886,CORN,398.5,300000000.0,notional_at_entry,long,727713.0,long,298736448.0,0
2024-08-02 00:00:00+00:00,887,CORN,403.25,300000000.0,notional_at_entry,long,727713.0,long,302193084.75,0
2024-08-05 00:00:00+00:00,888,CORN,407.0,300000000.0,notional_at_entry,long,727713.0,long,304922008.5,0
2024-08-06 00:00:00+00:00,889,CORN,405.25,300000000.0,notional_at_entry,long,727713.0,long,303648510.75,0
2024-08-07 00:00:00+00:00,890,CORN,400.75,300000000.0,notional_at_entry,long,727713.0,long,300373802.25,0
2024-08-08 00:00:00+00:00,891,CORN,397.0,300000000.0,notional_at_entry,long,727713.0,long,297644878.5,0
2024-08-09 00:00:00+00:00,892,CORN,395.0,300000000.0,notional_at_entry,long,727713.0,long,296189452.5,0
2024-08-12 00:00:00+00:00,893,CORN,401.5,-300000000.0,notional_at_entry,short,-747198.0,short,300919587.0,1
2024-08-13 00:00:00+00:00,894,CORN,397.25,-300000000.0,notional_at_entry,short,-747198.0,short,304095178.5,0
2024-08-14 00:00:00+00:00,895,CORN,400.75,-300000000.0,notional_at_entry,short,-747198.0,short,301479985.5,0
2024-08-15 00:00:00+00:00,896,CORN,397.0,-300000000.0,notional_at_entry,short,-747198.0,short,304281978.0,0
2024-08-16 00:00:00+00:00,897,CORN,392.5,-300000000.0,notional_at_entry,short,-747198.0,short,307644369.0,0
2024-08-19 00:00:00+00:00,898,CORN,400.25,-300000000.0,notional_at_entry,short,-747198.0,short,301853584.5,0
2024-08-20 00:00:00+00:00,899,CORN,398.0,-300000000.0,notional_at_entry,short,-747198.0,short,303534780.0,0
2024-08-21 00:00:00+00:00,900,CORN,398.25,-300000000.0,notional_at_entry,short,-747198.0,short,303347980.5,0
2024-08-22 00:00:00+00:00,901,CORN,393.5,-300000000.0,notional_at_entry,short,-747198.0,short,306897171.0,0
2024-08-23 00:00:00+00:00,902,CORN,391.0,-300000000.0,notional_at_entry,short,-747198.0,short,308765166.0,0
2024-08-26 00:00:00+00:00,903,CORN,386.5,-300000000.0,notional_at_entry,short,-747198.0,short,312127557.0,0
2024-08-27 00:00:00+00:00,904,CORN,392.75,-300000000.0,notional_at_entry,short,-747198.0,short,307457569.5,0
2024-08-28 00:00:00+00:00,905,CORN,390.75,-300000000.0,notional_at_entry,short,-747198.0,short,308951965.5,0
2024-08-29 00:00:00+00:00,906,CORN,396.0,-300000000.0,notional_at_entry,short,-747198.0,short,305029176.0,0
2024-08-30 00:00:00+00:00,907,CORN,401.0,-300000000.0,notional_at_entry,short,-747198.0,short,301293186.0,0
2024-09-03 00:00:00+00:00,908,CORN,409.25,-300000000.0,notional_at_entry,short,-747198.0,short,295128802.5,0
2024-09-04 00:00:00+00:00,909,CORN,412.75,-300000000.0,notional_at_entry,short,-747198.0,short,292513609.5,0
2024-09-05 00:00:00+00:00,910,CORN,410.75,-300000000.0,notional_at_entry,short,-747198.0,short,294008005.5,0
2024-09-06 00:00:00+00:00,911,CORN,406.25,-300000000.0,notional_at_entry,short,-747198.0,short,297370396.5,0
2024-09-09 00:00:00+00:00,912,CORN,384.25,450000000.0,notional_at_entry,long,1171112.0,long,313808752.5,1
2024-09-10 00:00:00+00:00,913,CORN,379.5,450000000.0,notional_at_entry,long,1171112.0,long,308245970.5,0
2024-09-11 00:00:00+00:00,914,CORN,380.5,450000000.0,notional_at_entry,long,1171112.0,long,309417082.5,0
2024-09-12 00:00:00+00:00,915,CORN,386.25,450000000.0,notional_at_entry,long,1171112.0,long,316150976.5,0
2024-09-13 00:00:00+00:00,916,CORN,390.75,450000000.0,notional_at_entry,long,1171112.0,long,321420980.5,0
2024-09-16 00:00:00+00:00,917,CORN,410.75,450000000.0,notional_at_entry,long,1171112.0,long,344843220.5,0
2024-09-17 00:00:00+00:00,918,CORN,412.5,450000000.0,notional_at_entry,long,1171112.0,long,346892666.5,0
2024-09-18 00:00:00+00:00,919,CORN,412.75,450000000.0,notional_at_entry,long,1171112.0,long,347185444.5,0
2024-09-19 00:00:00+00:00,920,CORN,405.75,450000000.0,notional_at_entry,long,1171112.0,long,338987660.5,0
2024-09-20 00:00:00+00:00,921,CORN,401.75,450000000.0,notional_at_entry,long,1171112.0,long,334303212.5,0
2024-09-23 00:00:00+00:00,922,CORN,413.5,450000000.0,notional_at_entry,long,1171112.0,long,348063778.5,0
2024-09-24 00:00:00+00:00,923,CORN,411.75,450000000.0,notional_at_entry,long,1171112.0,long,346014332.5,0
2024-09-25 00:00:00+00:00,924,CORN,415.25,450000000.0,notional_at_entry,long,1171112.0,long,350113224.5,0
2024-09-26 00:00:00+00:00,925,CORN,413.25,450000000.0,notional_at_entry,long,1171112.0,long,347771000.5,0
2024-09-27 00:00:00+00:00,926,CORN,418.0,450000000.0,notional_at_entry,long,1171112.0,long,353333782.5,0
2024-09-30 00:00:00+00:00,927,CORN,424.75,450000000.0,notional_at_entry,long,1171112.0,long,361238788.5,0
2024-10-01 00:00:00+00:00,928,CORN,429.0,450000000.0,notional_at_entry,long,1171112.0,long,366216014.5,0
2024-10-02 00:00:00+00:00,929,CORN,432.5,450000000.0,notional_at_entry,long,1171112.0,long,370314906.5,0
2024-10-03 00:00:00+00:00,930,CORN,428.25,-300000000.0,notional_at_entry,short,-700525.0,short,365337680.5,1
2024-10-04 00:00:00+00:00,931,CORN,424.75,-300000000.0,notional_at_entry,short,-700525.0,short,367789518.0,0
2024-10-07 00:00:00+00:00,932,CORN,426.0,-300000000.0,notional_at_entry,short,-700525.0,short,366913861.75,0
2024-10-08 00:00:00+00:00,933,CORN,420.75,-300000000.0,notional_at_entry,short,-700525.0,short,370591618.0,0
2024-10-09 00:00:00+00:00,934,CORN,421.0,-300000000.0,notional_at_entry,short,-700525.0,short,370416486.75,0
2024-10-10 00:00:00+00:00,935,CORN,418.5,-300000000.0,notional_at_entry,short,-700525.0,short,372167799.25,0
2024-10-11 00:00:00+00:00,936,CORN,415.75,-300000000.0,notional_at_entry,short,-700525.0,short,374094243.0,0
2024-10-14 00:00:00+00:00,937,CORN,408.25,-300000000.0,notional_at_entry,short,-700525.0,short,379348180.5,0
2024-10-15 00:00:00+00:00,938,CORN,401.25,-300000000.0,notional_at_entry,short,-700525.0,short,384251855.5,0
2024-10-16 00:00:00+00:00,939,CORN,404.75,-300000000.0,notional_at_entry,short,-700525.0,short,381800018.0,0
2024-10-17 00:00:00+00:00,940,CORN,406.75,-300000000.0,notional_at_entry,short,-700525.0,short,380398968.0,0
2024-10-18 00:00:00+00:00,941,CORN,404.75,-300000000.0,notional_at_entry,short,-700525.0,short,381800018.0,0
2024-10-21 00:00:00+00:00,942,CORN,409.5,-300000000.0,notional_at_entry,short,-700525.0,short,378472524.25,0
2024-10-22 00:00:00+00:00,943,CORN,416.5,-300000000.0,notional_at_entry,short,-700525.0,short,373568849.25,0
2024-10-23 00:00:00+00:00,944,CORN,419.0,-300000000.0,notional_at_entry,short,-700525.0,short,371817536.75,0
2024-10-24 00:00:00+00:00,945,CORN,421.5,-300000000.0,notional_at_entry,short,-700525.0,short,370066224.25,0
2024-10-25 00:00:00+00:00,946,CORN,415.25,-300000000.0,notional_at_entry,short,-700525.0,short,374444505.5,0
2024-10-28 00:00:00+00:00,947,CORN,410.75,-300000000.0,notional_at_entry,short,-700525.0,short,377596868.0,0
2024-10-29 00:00:00+00:00,948,CORN,413.75,-300000000.0,notional_at_entry,short,-700525.0,short,375495293.0,0
2024-10-30 00:00:00+00:00,949,CORN,411.5,-300000000.0,notional_at_entry,short,-700525.0,short,377071474.25,0
2024-10-31 00:00:00+00:00,950,CORN,410.75,-300000000.0,notional_at_entry,short,-700525.0,short,377596868.0,0
2024-11-01 00:00:00+00:00,951,CORN,414.5,-300000000.0,notional_at_entry,short,-700525.0,short,374969899.25,0
2024-11-04 00:00:00+00:00,952,CORN,416.5,-300000000.0,notional_at_entry,short,-700525.0,short,373568849.25,0
2024-11-05 00:00:00+00:00,953,CORN,418.5,-300000000.0,notional_at_entry,short,-700525.0,short,372167799.25,0
2024-11-06 00:00:00+00:00,954,CORN,426.25,-300000000.0,notional_at_entry,short,-700525.0,short,366738730.5,0
2024-11-07 00:00:00+00:00,955,CORN,427.5,-300000000.0,notional_at_entry,short,-700525.0,short,365863074.25,0
2024-11-08 00:00:00+00:00,956,CORN,431.0,-300000000.0,notional_at_entry,short,-700525.0,short,363411236.75,0
2024-11-11 00:00:00+00:00,957,CORN,430.0,-300000000.0,notional_at_entry,short,-700525.0,short,364111761.75,0
2024-11-12 00:00:00+00:00,958,CORN,428.5,-300000000.0,notional_at_entry,short,-700525.0,short,365162549.25,0
2024-11-13 00:00:00+00:00,959,CORN,426.5,-300000000.0,notional_at_entry,short,-700525.0,short,366563599.25,0
2024-11-14 00:00:00+00:00,960,CORN,419.0,-300000000.0,notional_at_entry,short,-700525.0,short,371817536.75,0
2024-11-15 00:00:00+00:00,961,CORN,424.0,-300000000.0,notional_at_entry,short,-700525.0,short,368314911.75,0
2024-11-18 00:00:00+00:00,962,CORN,439.75,-300000000.0,notional_at_entry,short,-700525.0,short,357281643.0,0
2024-11-19 00:00:00+00:00,963,CORN,437.75,-300000000.0,notional_at_entry,short,-700525.0,short,358682693.0,0
2024-11-20 00:00:00+00:00,964,CORN,440.0,-300000000.0,notional_at_entry,short,-700525.0,short,357106511.75,0
2024-11-21 00:00:00+00:00,965,CORN,436.25,-300000000.0,notional_at_entry,short,-700525.0,short,359733480.5,0
2024-11-22 00:00:00+00:00,966,CORN,435.25,-300000000.0,notional_at_entry,short,-700525.0,short,360434005.5,0
2024-11-25 00:00:00+00:00,967,CORN,433.0,300000000.0,notional_at_entry,long,692840.0,long,362010186.75,1
2024-11-26 00:00:00+00:00,968,CORN,428.0,300000000.0,notional_at_entry,long,692840.0,long,358545986.75,0
2024-11-27 00:00:00+00:00,969,CORN,428.0,300000000.0,notional_at_entry,long,692840.0,long,358545986.75,0
2024-11-29 00:00:00+00:00,970,CORN,433.0,300000000.0,notional_at_entry,long,692840.0,long,362010186.75,0
2024-12-02 00:00:00+00:00,971,CORN,432.5,300000000.0,notional_at_entry,long,692840.0,long,361663766.75,0
2024-12-03 00:00:00+00:00,972,CORN,432.25,300000000.0,notional_at_entry,long,692840.0,long,361490556.75,0
2024-12-04 00:00:00+00:00,973,CORN,430.0,300000000.0,notional_at_entry,long,692840.0,long,359931666.75,0
2024-12-05 00:00:00+00:00,974,CORN,435.0,300000000.0,notional_at_entry,long,692840.0,long,363395866.75,0
2024-12-06 00:00:00+00:00,975,CORN,440.0,300000000.0,notional_at_entry,long,692840.0,long,366860066.75,0
2024-12-09 00:00:00+00:00,976,CORN,441.75,300000000.0,notional_at_entry,long,692840.0,long,368072536.75,0
2024-12-10 00:00:00+00:00,977,CORN,449.0,300000000.0,notional_at_entry,long,692840.0,long,373095626.75,0
2024-12-11 00:00:00+00:00,978,CORN,448.25,300000000.0,notional_at_entry,long,692840.0,long,372575996.75,0
2024-12-12 00:00:00+00:00,979,CORN,431.75,300000000.0,notional_at_entry,long,692840.0,long,361144136.75,0
2024-12-13 00:00:00+00:00,980,CORN,430.0,300000000.0,notional_at_entry,long,692840.0,long,359931666.75,0
2024-12-16 00:00:00+00:00,981,CORN,445.0,300000000.0,notional_at_entry,long,692840.0,long,370324266.75,0
2024-12-17 00:00:00+00:00,982,CORN,443.5,300000000.0,notional_at_entry,long,692840.0,long,369285006.75,0
2024-12-18 00:00:00+00:00,983,CORN,437.25,-450000000.0,notional_at_entry,short,-1029159.0,short,364954756.75,1
2024-12-19 00:00:00+00:00,984,CORN,440.75,-450000000.0,notional_at_entry,short,-1029159.0,short,361352700.25,0
2024-12-20 00:00:00+00:00,985,CORN,446.25,-450000000.0,notional_at_entry,short,-1029159.0,short,355692325.75,0
2024-12-23 00:00:00+00:00,986,CORN,447.75,-450000000.0,notional_at_entry,short,-1029159.0,short,354148587.25,0
2024-12-24 00:00:00+00:00,987,CORN,448.5,-450000000.0,notional_at_entry,short,-1029159.0,short,353376718.0,0
2024-12-25 00:00:00+00:00,988,CORN,448.5,-450000000.0,notional_at_entry,short,-1029159.0,short,353376718.0,0
2024-12-26 00:00:00+00:00,989,CORN,453.75,-450000000.0,notional_at_entry,short,-1029159.0,short,347973633.25,0
2024-12-27 00:00:00+00:00,990,CORN,454.0,-450000000.0,notional_at_entry,short,-1029159.0,short,347716343.5,0
2024-12-30 00:00:00+00:00,991,CORN,452.25,-300000000.0,notional_at_entry,short,-1029159.0,short,349517371.75,0
2024-12-31 00:00:00+00:00,992,CORN,458.5,-300000000.0,notional_at_entry,short,-1029159.0,short,343085128.0,0
2025-01-01 00:00:00+00:00,993,CORN,458.75,450000000.0,notional_at_entry,long,980926.0,long,342827838.25,1
2025-01-02 00:00:00+00:00,994,CORN,459.5,450000000.0,notional_at_entry,long,980926.0,long,343563532.75,0
2025-01-03 00:00:00+00:00,995,CORN,450.75,-450000000.0,notional_at_entry,short,-998336.0,short,334980430.25,1
2025-01-06 00:00:00+00:00,996,CORN,457.75,-450000000.0,notional_at_entry,short,-998336.0,short,327992078.25,0
2025-01-07 00:00:00+00:00,997,CORN,458.0,-450000000.0,notional_at_entry,short,-998336.0,short,327742494.25,0
2025-01-08 00:00:00+00:00,998,CORN,454.0,-450000000.0,notional_at_entry,short,-998336.0,short,331735838.25,0
2025-01-09 00:00:00+00:00,999,CORN,456.0,-450000000.0,notional_at_entry,short,-998336.0,short,329739166.25,0
2025-01-10 00:00:00+00:00,1000,CORN,470.5,-450000000.0,notional_at_entry,short,-998336.0,short,315263294.25,0
2025-01-13 00:00:00+00:00,1001,CORN,476.5,450000000.0,notional_at_entry,long,944386.0,long,309273278.25,1
2025-01-14 00:00:00+00:00,1002,CORN,474.5,450000000.0,notional_at_entry,long,944386.0,long,307384506.25,0
2025-01-15 00:00:00+00:00,1003,CORN,478.75,450000000.0,notional_at_entry,long,944386.0,long,311398146.75,0
2025-01-16 00:00:00+00:00,1004,CORN,474.5,450000000.0,notional_at_entry,long,944386.0,long,307384506.25,0
2025-01-17 00:00:00+00:00,1005,CORN,484.25,450000000.0,notional_at_entry,long,944386.0,long,316592269.75,0
2025-01-21 00:00:00+00:00,1006,CORN,490.0,450000000.0,notional_at_entry,long,944386.0,long,322022489.25,0
2025-01-22 00:00:00+00:00,1007,CORN,484.25,450000000.0,notional_at_entry,long,944386.0,long,316592269.75,0
2025-01-23 00:00:00+00:00,1008,CORN,489.75,450000000.0,notional_at_entry,long,944386.0,long,321786392.75,0
2025-01-24 00:00:00+00:00,1009,CORN,486.5,450000000.0,notional_at_entry,long,944386.0,long,318717138.25,0
2025-01-27 00:00:00+00:00,1010,CORN,482.0,450000000.0,notional_at_entry,long,944386.0,long,314467401.25,0
2025-01-28 00:00:00+00:00,1011,CORN,485.25,-300000000.0,notional_at_entry,short,-618238.0,short,317536655.75,1
2025-01-29 00:00:00+00:00,1012,CORN,497.0,-300000000.0,notional_at_entry,short,-618238.0,short,310272359.25,0
2025-01-30 00:00:00+00:00,1013,CORN,490.25,-300000000.0,notional_at_entry,short,-618238.0,short,314445465.75,0
2025-01-31 00:00:00+00:00,1014,CORN,482.0,-300000000.0,notional_at_entry,short,-618238.0,short,319545929.25,0
2025-02-03 00:00:00+00:00,1015,CORN,488.75,-300000000.0,notional_at_entry,short,-618238.0,short,315372822.75,0
2025-02-04 00:00:00+00:00,1016,CORN,494.5,300000000.0,notional_at_entry,long,606673.0,long,311817954.25,1
2025-02-05 00:00:00+00:00,1017,CORN,493.25,300000000.0,notional_at_entry,long,606673.0,long,311059613.0,0
2025-02-06 00:00:00+00:00,1018,CORN,495.25,300000000.0,notional_at_entry,long,606673.0,long,312272959.0,0
2025-02-07 00:00:00+00:00,1019,CORN,487.5,300000000.0,notional_at_entry,long,606673.0,long,307571243.25,0
2025-02-10 00:00:00+00:00,1020,CORN,491.5,300000000.0,notional_at_entry,long,606673.0,long,309997935.25,0
2025-02-11 00:00:00+00:00,1021,CORN,484.0,300000000.0,notional_at_entry,long,606673.0,long,305447887.75,0
2025-02-12 00:00:00+00:00,1022,CORN,490.25,300000000.0,notional_at_entry,long,606673.0,long,309239594.0,0
2025-02-13 00:00:00+00:00,1023,CORN,493.5,300000000.0,notional_at_entry,long,606673.0,long,311211281.25,0
2025-02-14 00:00:00+00:00,1024,CORN,496.25,300000000.0,notional_at_entry,long,606673.0,long,312879632.0,0
2025-02-18 00:00:00+00:00,1025,CORN,515.75,300000000.0,notional_at_entry,long,606673.0,long,324709755.5,0
2025-02-19 00:00:00+00:00,1026,CORN,512.25,-300000000.0,notional_at_entry,short,-585651.0,short,322586400.0,1
2025-02-20 00:00:00+00:00,1027,CORN,512.75,-300000000.0,notional_at_entry,short,-585651.0,short,322293574.5,0
2025-02-21 00:00:00+00:00,1028,CORN,505.0,-300000000.0,notional_at_entry,short,-585651.0,short,326832369.75,0
2025-02-24 00:00:00+00:00,1029,CORN,497.0,-300000000.0,notional_at_entry,short,-585651.0,short,331517577.75,0
2025-02-25 00:00:00+00:00,1030,CORN,494.25,-300000000.0,notional_at_entry,short,-585651.0,short,333128118.0,0
2025-02-26 00:00:00+00:00,1031,CORN,493.5,-300000000.0,notional_at_entry,short,-585651.0,short,333567356.25,0
2025-02-27 00:00:00+00:00,1032,CORN,481.0,-300000000.0,notional_at_entry,short,-585651.0,short,340887993.75,0
2025-02-28 00:00:00+00:00,1033,CORN,469.5,-300000000.0,notional_at_entry,short,-585651.0,short,347622980.25,0
2025-03-03 00:00:00+00:00,1034,CORN,456.25,-300000000.0,notional_at_entry,short,-585651.0,short,355382856.0,0
2025-03-04 00:00:00+00:00,1035,CORN,451.5,-300000000.0,notional_at_entry,short,-585651.0,short,358164698.25,0
2025-03-05 00:00:00+00:00,1036,CORN,455.75,-300000000.0,notional_at_entry,short,-585651.0,short,355675681.5,0
2025-03-06 00:00:00+00:00,1037,CORN,464.0,300000000.0,notional_at_entry,long,646551.0,long,350844060.75,1
2025-03-07 00:00:00+00:00,1038,CORN,469.25,300000000.0,notional_at_entry,long,646551.0,long,354238453.5,0
2025-03-10 00:00:00+00:00,1039,CORN,458.75,-300000000.0,notional_at_entry,short,-653950.0,short,347449668.0,1
2025-03-11 00:00:00+00:00,1040,CORN,456.5,-300000000.0,notional_at_entry,short,-653950.0,short,348921055.5,0
2025-03-12 00:00:00+00:00,1041,CORN,448.75,-300000000.0,notional_at_entry,short,-653950.0,short,353989168.0,0
2025-03-13 00:00:00+00:00,1042,CORN,453.5,-300000000.0,notional_at_entry,short,-653950.0,short,350882905.5,0
2025-03-14 00:00:00+00:00,1043,CORN,445.5,-300000000.0,notional_at_entry,short,-653950.0,short,356114505.5,0
2025-03-17 00:00:00+00:00,1044,CORN,461.0,-300000000.0,notional_at_entry,short,-653950.0,short,345978280.5,0
2025-03-18 00:00:00+00:00,1045,CORN,458.75,-300000000.0,notional_at_entry,short,-653950.0,short,347449668.0,0
2025-03-19 00:00:00+00:00,1046,CORN,462.0,-300000000.0,notional_at_entry,short,-653950.0,short,345324330.5,0
2025-03-20 00:00:00+00:00,1047,CORN,469.0,-300000000.0,notional_at_entry,short,-653950.0,short,340746680.5,0
2025-03-21 00:00:00+00:00,1048,CORN,464.25,-300000000.0,notional_at_entry,short,-653950.0,short,343852943.0,0
2025-03-24 00:00:00+00:00,1049,CORN,464.5,-300000000.0,notional_at_entry,short,-653950.0,short,343689455.5,0
2025-03-25 00:00:00+00:00,1050,CORN,457.75,-300000000.0,notional_at_entry,short,-653950.0,short,348103618.0,0
2025-03-26 00:00:00+00:00,1051,CORN,451.25,-300000000.0,notional_at_entry,short,-653950.0,short,352354293.0,0
2025-03-27 00:00:00+00:00,1052,CORN,450.0,-300000000.0,notional_at_entry,short,-653950.0,short,353171730.5,0
2025-03-28 00:00:00+00:00,1053,CORN,453.25,300000000.0,notional_at_entry,long,661886.0,long,351046393.0,1
2025-03-31 00:00:00+00:00,1054,CORN,457.25,300000000.0,notional_at_entry,long,661886.0,long,353693937.0,0
2025-04-01 00:00:00+00:00,1055,CORN,461.75,-300000000.0,notional_at_entry,short,-649702.0,short,356672424.0,1
2025-04-02 00:00:00+00:00,1056,CORN,457.75,-300000000.0,notional_at_entry,short,-649702.0,short,359271232.0,0
2025-04-03 00:00:00+00:00,1057,CORN,457.5,-300000000.0,notional_at_entry,short,-649702.0,short,359433657.5,0
2025-04-04 00:00:00+00:00,1058,CORN,460.25,-300000000.0,notional_at_entry,short,-649702.0,short,357646977.0,0
2025-04-07 00:00:00+00:00,1059,CORN,464.5,-300000000.0,notional_at_entry,short,-649702.0,short,354885743.5,0
2025-04-08 00:00:00+00:00,1060,CORN,469.0,-300000000.0,notional_at_entry,short,-649702.0,short,351962084.5,0
2025-04-09 00:00:00+00:00,1061,CORN,474.0,-300000000.0,notional_at_entry,short,-649702.0,short,348713574.5,0
2025-04-10 00:00:00+00:00,1062,CORN,483.0,300000000.0,notional_at_entry,long,621118.0,long,342866256.5,1
2025-04-11 00:00:00+00:00,1063,CORN,490.25,300000000.0,notional_at_entry,long,621118.0,long,347369362.0,0
2025-04-14 00:00:00+00:00,1064,CORN,485.0,300000000.0,notional_at_entry,long,621118.0,long,344108492.5,0
2025-04-15 00:00:00+00:00,1065,CORN,481.25,300000000.0,notional_at_entry,long,621118.0,long,341779300.0,0
2025-04-16 00:00:00+00:00,1066,CORN,484.25,300000000.0,notional_at_entry,long,621118.0,long,343642654.0,0
2025-04-17 00:00:00+00:00,1067,CORN,482.25,300000000.0,notional_at_entry,long,621118.0,long,342400418.0,0
2025-04-21 00:00:00+00:00,1068,CORN,490.0,300000000.0,notional_at_entry,long,621118.0,long,347214082.5,0
2025-04-22 00:00:00+00:00,1069,CORN,483.25,450000000.0,notional_at_entry,long,621118.0,long,343021536.0,0
2025-04-23 00:00:00+00:00,1070,CORN,479.25,450000000.0,notional_at_entry,long,621118.0,long,340537064.0,0
2025-04-24 00:00:00+00:00,1071,CORN,484.0,450000000.0,notional_at_entry,long,621118.0,long,343487374.5,0
2025-04-25 00:00:00+00:00,1072,CORN,485.5,450000000.0,notional_at_entry,long,621118.0,long,344419051.5,0
2025-04-28 00:00:00+00:00,1073,CORN,483.25,450000000.0,notional_at_entry,long,621118.0,long,343021536.0,0
2025-04-29 00:00:00+00:00,1074,CORN,470.25,450000000.0,notional_at_entry,long,621118.0,long,334947002.0,0
2025-04-30 00:00:00+00:00,1075,CORN,475.5,450000000.0,notional_at_entry,long,621118.0,long,338207871.5,0
2025-05-01 00:00:00+00:00,1076,CORN,472.25,450000000.0,notional_at_entry,long,621118.0,long,336189238.0,0
2025-05-02 00:00:00+00:00,1077,CORN,469.0,450000000.0,notional_at_entry,long,621118.0,long,334170604.5,0
2025-05-05 00:00:00+00:00,1078,CORN,454.25,450000000.0,notional_at_entry,long,621118.0,long,325009114.0,0
2025-05-06 00:00:00+00:00,1079,CORN,455.5,450000000.0,notional_at_entry,long,621118.0,long,325785511.5,0
2025-05-07 00:00:00+00:00,1080,CORN,449.25,450000000.0,notional_at_entry,long,621118.0,long,321903524.0,0
2025-05-08 00:00:00+00:00,1081,CORN,447.5,450000000.0,notional_at_entry,long,621118.0,long,320816567.5,0
2025-05-09 00:00:00+00:00,1082,CORN,449.75,450000000.0,notional_at_entry,long,621118.0,long,322214083.0,0
2025-05-12 00:00:00+00:00,1083,CORN,440.25,450000000.0,notional_at_entry,long,621118.0,long,316313462.0,0
2025-05-13 00:00:00+00:00,1084,CORN,436.0,450000000.0,notional_at_entry,long,621118.0,long,313673710.5,0
2025-05-14 00:00:00+00:00,1085,CORN,438.5,450000000.0,notional_at_entry,long,621118.0,long,315226505.5,0
2025-05-15 00:00:00+00:00,1086,CORN,448.5,450000000.0,notional_at_entry,long,621118.0,long,321437685.5,0
2025-05-16 00:00:00+00:00,1087,CORN,443.5,450000000.0,notional_at_entry,long,621118.0,long,318332095.5,0
2025-05-19 00:00:00+00:00,1088,CORN,447.5,450000000.0,notional_at_entry,long,621118.0,long,320816567.5,0
2025-05-20 00:00:00+00:00,1089,CORN,454.5,450000000.0,notional_at_entry,long,621118.0,long,325164393.5,0
2025-05-21 00:00:00+00:00,1090,CORN,461.0,-450000000.0,notional_at_entry,short,-976138.0,short,329201660.5,1
2025-05-22 00:00:00+00:00,1091,CORN,463.0,-450000000.0,notional_at_entry,short,-976138.0,short,327249384.5,0
2025-05-23 00:00:00+00:00,1092,CORN,459.5,-450000000.0,notional_at_entry,short,-976138.0,short,330665867.5,0
2025-05-26 00:00:00+00:00,1093,CORN,459.0,-450000000.0,notional_at_entry,short,-976138.0,short,331153936.5,0
2025-05-27 00:00:00+00:00,1094,CORN,459.5,-450000000.0,notional_at_entry,short,-976138.0,short,330665867.5,0
2025-05-28 00:00:00+00:00,1095,CORN,451.0,-450000000.0,notional_at_entry,short,-976138.0,short,338963040.5,0
2025-05-29 00:00:00+00:00,1096,CORN,447.0,-450000000.0,notional_at_entry,short,-976138.0,short,342867592.5,0
2025-05-30 00:00:00+00:00,1097,CORN,444.0,300000000.0,notional_at_entry,long,675675.0,long,345796006.5,1
2025-06-02 00:00:00+00:00,1098,CORN,438.25,300000000.0,notional_at_entry,long,675675.0,long,341910875.25,0
2025-06-03 00:00:00+00:00,1099,CORN,438.5,300000000.0,notional_at_entry,long,675675.0,long,342079794.0,0
2025-06-04 00:00:00+00:00,1100,CORN,438.75,300000000.0,notional_at_entry,long,675675.0,long,342248712.75,0
2025-06-05 00:00:00+00:00,1101,CORN,439.5,300000000.0,notional_at_entry,long,675675.0,long,342755469.0,0
2025-06-06 00:00:00+00:00,1102,CORN,442.5,300000000.0,notional_at_entry,long,675675.0,long,344782494.0,0
2025-06-09 00:00:00+00:00,1103,CORN,433.5,300000000.0,notional_at_entry,long,675675.0,long,338701419.0,0
2025-06-10 00:00:00+00:00,1104,CORN,438.75,300000000.0,notional_at_entry,long,675675.0,long,342248712.75,0
2025-06-11 00:00:00+00:00,1105,CORN,437.0,300000000.0,notional_at_entry,long,675675.0,long,341066281.5,0
2025-06-12 00:00:00+00:00,1106,CORN,438.5,-300000000.0,notional_at_entry,short,-684150.0,short,342079794.0,1
2025-06-13 00:00:00+00:00,1107,CORN,444.5,-300000000.0,notional_at_entry,short,-684150.0,short,337974894.0,0
2025-06-16 00:00:00+00:00,1108,CORN,434.75,-300000000.0,notional_at_entry,short,-684150.0,short,344645356.5,0
2025-06-17 00:00:00+00:00,1109,CORN,431.5,-300000000.0,notional_at_entry,short,-684150.0,short,346868844.0,0
2025-06-18 00:00:00+00:00,1110,CORN,433.5,-300000000.0,notional_at_entry,short,-684150.0,short,345500544.0,0
2025-06-19 00:00:00+00:00,1111,CORN,433.25,-300000000.0,notional_at_entry,short,-684150.0,short,345671581.5,0
2025-06-20 00:00:00+00:00,1112,CORN,428.75,-300000000.0,notional_at_entry,short,-684150.0,short,348750256.5,0
2025-06-23 00:00:00+00:00,1113,CORN,417.5,-300000000.0,notional_at_entry,short,-684150.0,short,356446944.0,0
2025-06-24 00:00:00+00:00,1114,CORN,412.25,-300000000.0,notional_at_entry,short,-684150.0,short,360038731.5,0
2025-06-25 00:00:00+00:00,1115,CORN,405.0,-300000000.0,notional_at_entry,short,-684150.0,short,364998819.0,0
2025-06-26 00:00:00+00:00,1116,CORN,404.0,-300000000.0,notional_at_entry,short,-684150.0,short,365682969.0,0
2025-06-27 00:00:00+00:00,1117,CORN,411.5,-300000000.0,notional_at_entry,short,-684150.0,short,360551844.0,0
2025-06-30 00:00:00+00:00,1118,CORN,425.5,-300000000.0,notional_at_entry,short,-684150.0,short,350973744.0,0
2025-07-01 00:00:00+00:00,1119,CORN,422.0,-300000000.0,notional_at_entry,short,-684150.0,short,353368269.0,0
2025-07-02 00:00:00+00:00,1120,CORN,433.5,-300000000.0,notional_at_entry,short,-684150.0,short,345500544.0,0
2025-07-03 00:00:00+00:00,1121,CORN,437.0,-300000000.0,notional_at_entry,short,-684150.0,short,343106019.0,0
2025-07-07 00:00:00+00:00,1122,CORN,420.75,-300000000.0,notional_at_entry,short,-684150.0,short,354223456.5,0
2025-07-08 00:00:00+00:00,1123,CORN,414.25,-300000000.0,notional_at_entry,short,-684150.0,short,358670431.5,0
2025-07-09 00:00:00+00:00,1124,CORN,415.5,-300000000.0,notional_at_entry,short,-684150.0,short,357815244.0,0
2025-07-10 00:00:00+00:00,1125,CORN,416.5,-300000000.0,notional_at_entry,short,-684150.0,short,357131094.0,0
2025-07-11 00:00:00+00:00,1126,CORN,412.25,-300000000.0,notional_at_entry,short,-684150.0,short,360038731.5,0
2025-07-14 00:00:00+00:00,1127,CORN,400.0,-300000000.0,notional_at_entry,short,-684150.0,short,368419569.0,0
2025-07-15 00:00:00+00:00,1128,CORN,419.75,-300000000.0,notional_at_entry,short,-684150.0,short,354907606.5,0
2025-07-16 00:00:00+00:00,1129,CORN,424.0,-300000000.0,notional_at_entry,short,-684150.0,short,351999969.0,0
2025-07-17 00:00:00+00:00,1130,CORN,421.0,450000000.0,notional_at_entry,long,1068883.0,long,354052419.0,1
2025-07-18 00:00:00+00:00,1131,CORN,427.75,300000000.0,notional_at_entry,long,1068883.0,long,361267379.25,0
2025-07-21 00:00:00+00:00,1132,CORN,422.25,300000000.0,notional_at_entry,long,1068883.0,long,355388522.75,0
2025-07-22 00:00:00+00:00,1133,CORN,418.0,300000000.0,notional_at_entry,long,1068883.0,long,350845770.0,0
2025-07-23 00:00:00+00:00,1134,CORN,417.5,300000000.0,notional_at_entry,long,1068883.0,long,350311328.5,0
2025-07-24 00:00:00+00:00,1135,CORN,420.75,300000000.0,notional_at_entry,long,1068883.0,long,353785198.25,0
2025-07-25 00:00:00+00:00,1136,CORN,419.0,300000000.0,notional_at_entry,long,1068883.0,long,351914653.0,0
2025-07-28 00:00:00+00:00,1137,CORN,414.0,300000000.0,notional_at_entry,long,1068883.0,long,346570238.0,0
2025-07-29 00:00:00+00:00,1138,CORN,411.0,300000000.0,notional_at_entry,long,1068883.0,long,343363589.0,0
2025-07-30 00:00:00+00:00,1139,CORN,412.25,300000000.0,notional_at_entry,long,1068883.0,long,344699692.75,0
2025-07-31 00:00:00+00:00,1140,CORN,413.75,300000000.0,notional_at_entry,long,1068883.0,long,346303017.25,0
2025-08-01 00:00:00+00:00,1141,CORN,410.75,300000000.0,notional_at_entry,long,1068883.0,long,343096368.25,0
2025-08-04 00:00:00+00:00,1142,CORN,407.0,300000000.0,notional_at_entry,long,1068883.0,long,339088057.0,0
2025-08-05 00:00:00+00:00,1143,CORN,402.0,300000000.0,notional_at_entry,long,1068883.0,long,333743642.0,0
2025-08-06 00:00:00+00:00,1144,CORN,401.25,-450000000.0,notional_at_entry,short,-1121495.0,short,332941979.75,1
2025-08-07 00:00:00+00:00,1145,CORN,407.0,-450000000.0,notional_at_entry,short,-1121495.0,short,326493383.5,0
2025-08-08 00:00:00+00:00,1146,CORN,405.5,-450000000.0,notional_at_entry,short,-1121495.0,short,328175626.0,0
2025-08-11 00:00:00+00:00,1147,CORN,407.75,-450000000.0,notional_at_entry,short,-1121495.0,short,325652262.25,0
2025-08-12 00:00:00+00:00,1148,CORN,394.5,-450000000.0,notional_at_entry,short,-1121495.0,short,340512071.0,0
2025-08-13 00:00:00+00:00,1149,CORN,397.25,-450000000.0,notional_at_entry,short,-1121495.0,short,337427959.75,0
2025-08-14 00:00:00+00:00,1150,CORN,397.25,-450000000.0,notional_at_entry,short,-1121495.0,short,337427959.75,0
2025-08-15 00:00:00+00:00,1151,CORN,405.25,-450000000.0,notional_at_entry,short,-1121495.0,short,328455999.75,0
2025-08-18 00:00:00+00:00,1152,CORN,406.5,-450000000.0,notional_at_entry,short,-1121495.0,short,327054131.0,0
2025-08-19 00:00:00+00:00,1153,CORN,403.25,-450000000.0,notional_at_entry,short,-1121495.0,short,330698989.75,0
2025-08-20 00:00:00+00:00,1154,CORN,404.0,-450000000.0,notional_at_entry,short,-1121495.0,short,329857868.5,0
2025-08-21 00:00:00+00:00,1155,CORN,411.75,-450000000.0,notional_at_entry,short,-1121495.0,short,321166282.25,0
2025-08-22 00:00:00+00:00,1156,CORN,411.5,-450000000.0,notional_at_entry,short,-1121495.0,short,321446656.0,0
2025-08-25 00:00:00+00:00,1157,CORN,412.25,-450000000.0,notional_at_entry,short,-1121495.0,short,320605534.75,0
2025-08-26 00:00:00+00:00,1158,CORN,409.5,-450000000.0,notional_at_entry,short,-1121495.0,short,323689646.0,0
2025-08-27 00:00:00+00:00,1159,CORN,406.0,-450000000.0,notional_at_entry,short,-1121495.0,short,327614878.5,0
2025-08-28 00:00:00+00:00,1160,CORN,410.0,-450000000.0,notional_at_entry,short,-1121495.0,short,323128898.5,0
2025-08-29 00:00:00+00:00,1161,CORN,420.25,-450000000.0,notional_at_entry,short,-1121495.0,short,311633574.75,0
2025-09-01 00:00:00+00:00,1162,CORN,418.0,450000000.0,notional_at_entry,long,1076555.0,long,314156938.5,1
2025-09-02 00:00:00+00:00,1163,CORN,423.0,450000000.0,notional_at_entry,long,1076555.0,long,319539713.5,0
2025-09-03 00:00:00+00:00,1164,CORN,418.0,450000000.0,notional_at_entry,long,1076555.0,long,314156938.5,0
2025-09-04 00:00:00+00:00,1165,CORN,419.75,450000000.0,notional_at_entry,long,1076555.0,long,316040909.75,0
2025-09-05 00:00:00+00:00,1166,CORN,418.0,450000000.0,notional_at_entry,long,1076555.0,long,314156938.5,0
2025-09-08 00:00:00+00:00,1167,CORN,403.0,450000000.0,notional_at_entry,long,1076555.0,long,298008613.5,0
2025-09-09 00:00:00+00:00,1168,CORN,401.25,450000000.0,notional_at_entry,long,1076555.0,long,296124642.25,0
2025-09-10 00:00:00+00:00,1169,CORN,397.25,450000000.0,notional_at_entry,long,1076555.0,long,291818422.25,0
2025-09-11 00:00:00+00:00,1170,CORN,399.0,450000000.0,notional_at_entry,long,1076555.0,long,293702393.5,0
2025-09-12 00:00:00+00:00,1171,CORN,399.0,450000000.0,notional_at_entry,long,1076555.0,long,293702393.5,0
2025-09-15 00:00:00+00:00,1172,CORN,423.25,450000000.0,notional_at_entry,long,1076555.0,long,319808852.25,0
2025-09-16 00:00:00+00:00,1173,CORN,429.5,450000000.0,notional_at_entry,long,1076555.0,long,326537321.0,0
2025-09-17 00:00:00+00:00,1174,CORN,426.75,450000000.0,notional_at_entry,long,1076555.0,long,323576794.75,0
2025-09-18 00:00:00+00:00,1175,CORN,423.75,450000000.0,notional_at_entry,long,1076555.0,long,320347129.75,0
2025-09-19 00:00:00+00:00,1176,CORN,424.0,450000000.0,notional_at_entry,long,1076555.0,long,320616268.5,0
2025-09-22 00:00:00+00:00,1177,CORN,421.75,450000000.0,notional_at_entry,long,1076555.0,long,318194019.75,0
2025-09-23 00:00:00+00:00,1178,CORN,426.25,450000000.0,notional_at_entry,long,1076555.0,long,323038517.25,0
2025-09-24 00:00:00+00:00,1179,CORN,424.25,450000000.0,notional_at_entry,long,1076555.0,long,320885407.25,0
2025-09-25 00:00:00+00:00,1180,CORN,425.75,450000000.0,notional_at_entry,long,1076555.0,long,322500239.75,0
2025-09-26 00:00:00+00:00,1181,CORN,422.0,450000000.0,notional_at_entry,long,1076555.0,long,318463158.5,0
2025-09-29 00:00:00+00:00,1182,CORN,421.5,450000000.0,notional_at_entry,long,1076555.0,long,317924881.0,0
2025-09-30 00:00:00+00:00,1183,CORN,415.5,450000000.0,notional_at_entry,long,1076555.0,long,311465551.0,0
2025-10-01 00:00:00+00:00,1184,CORN,416.5,450000000.0,notional_at_entry,long,1076555.0,long,312542106.0,0
2025-10-02 00:00:00+00:00,1185,CORN,421.75,450000000.0,notional_at_entry,long,1076555.0,long,318194019.75,0
2025-10-03 00:00:00+00:00,1186,CORN,419.0,450000000.0,notional_at_entry,long,1076555.0,long,315233493.5,0
2025-10-06 00:00:00+00:00,1187,CORN,421.75,450000000.0,notional_at_entry,long,1076555.0,long,318194019.75,0
2025-10-07 00:00:00+00:00,1188,CORN,419.75,450000000.0,notional_at_entry,long,1076555.0,long,316040909.75,0
2025-10-08 00:00:00+00:00,1189,CORN,422.0,450000000.0,notional_at_entry,long,1076555.0,long,318463158.5,0
2025-10-09 00:00:00+00:00,1190,CORN,418.25,450000000.0,notional_at_entry,long,1076555.0,long,314426077.25,0
2025-10-10 00:00:00+00:00,1191,CORN,413.0,450000000.0,notional_at_entry,long,1076555.0,long,308774163.5,0
2025-10-13 00:00:00+00:00,1192,CORN,410.75,450000000.0,notional_at_entry,long,1076555.0,long,306351914.75,0
2025-10-14 00:00:00+00:00,1193,CORN,413.0,450000000.0,notional_at_entry,long,1076555.0,long,308774163.5,0
2025-10-15 00:00:00+00:00,1194,CORN,416.75,-300000000.0,notional_at_entry,short,-719856.0,short,312811244.75,1
2025-10-16 00:00:00+00:00,1195,CORN,421.75,-300000000.0,notional_at_entry,short,-719856.0,short,309211964.75,0
2025-10-17 00:00:00+00:00,1196,CORN,422.5,-300000000.0,notional_at_entry,short,-719856.0,short,308672072.75,0
2025-10-20 00:00:00+00:00,1197,CORN,423.25,-300000000.0,notional_at_entry,short,-719856.0,short,308132180.75,0
2025-10-21 00:00:00+00:00,1198,CORN,419.75,-300000000.0,notional_at_entry,short,-719856.0,short,310651676.75,0
2025-10-22 00:00:00+00:00,1199,CORN,423.0,-300000000.0,notional_at_entry,short,-719856.0,short,308312144.75,0
2025-10-23 00:00:00+00:00,1200,CORN,428.0,-300000000.0,notional_at_entry,short,-719856.0,short,304712864.75,0
2025-10-24 00:00:00+00:00,1201,CORN,423.25,-300000000.0,notional_at_entry,short,-719856.0,short,308132180.75,0
2025-10-27 00:00:00+00:00,1202,CORN,428.75,-300000000.0,notional_at_entry,short,-719856.0,short,304172972.75,0
2025-10-28 00:00:00+00:00,1203,CORN,432.0,-300000000.0,notional_at_entry,short,-719856.0,short,301833440.75,0
2025-10-29 00:00:00+00:00,1204,CORN,434.0,-300000000.0,notional_at_entry,short,-719856.0,short,300393728.75,0
2025-10-30 00:00:00+00:00,1205,CORN,430.25,-300000000.0,notional_at_entry,short,-719856.0,short,303093188.75,0
2025-10-31 00:00:00+00:00,1206,CORN,431.5,-300000000.0,notional_at_entry,short,-719856.0,short,302193368.75,0
2025-11-03 00:00:00+00:00,1207,CORN,434.25,-300000000.0,notional_at_entry,short,-719856.0,short,300213764.75,0
2025-11-04 00:00:00+00:00,1208,CORN,431.5,-300000000.0,notional_at_entry,short,-719856.0,short,302193368.75,0
2025-11-05 00:00:00+00:00,1209,CORN,435.25,-300000000.0,notional_at_entry,short,-719856.0,short,299493908.75,0
2025-11-06 00:00:00+00:00,1210,CORN,428.75,-300000000.0,notional_at_entry,short,-719856.0,short,304172972.75,0
2025-11-07 00:00:00+00:00,1211,CORN,427.25,-300000000.0,notional_at_entry,short,-719856.0,short,305252756.75,0
2025-11-10 00:00:00+00:00,1212,CORN,429.75,-300000000.0,notional_at_entry,short,-719856.0,short,303453116.75,0
2025-11-11 00:00:00+00:00,1213,CORN,432.0,-300000000.0,notional_at_entry,short,-719856.0,short,301833440.75,0
2025-11-12 00:00:00+00:00,1214,CORN,435.25,-300000000.0,notional_at_entry,short,-719856.0,short,299493908.75,0
2025-11-13 00:00:00+00:00,1215,CORN,441.5,-300000000.0,notional_at_entry,short,-719856.0,short,294994808.75,0
2025-11-14 00:00:00+00:00,1216,CORN,430.25,-300000000.0,notional_at_entry,short,-719856.0,short,303093188.75,0
2025-11-17 00:00:00+00:00,1217,CORN,448.0,-300000000.0,notional_at_entry,short,-719856.0,short,290315744.75,0
2025-11-18 00:00:00+00:00,1218,CORN,449.5,-300000000.0,notional_at_entry,short,-719856.0,short,289235960.75,0
2025-11-19 00:00:00+00:00,1219,CORN,441.5,-300000000.0,notional_at_entry,short,-719856.0,short,294994808.75,0
2025-11-20 00:00:00+00:00,1220,CORN,437.75,-300000000.0,notional_at_entry,short,-719856.0,short,297694268.75,0
2025-11-21 00:00:00+00:00,1221,CORN,437.5,-300000000.0,notional_at_entry,short,-719856.0,short,297874232.75,0
2025-11-24 00:00:00+00:00,1222,CORN,436.75,-300000000.0,notional_at_entry,short,-719856.0,short,298414124.75,0
2025-11-25 00:00:00+00:00,1223,CORN,438.25,450000000.0,notional_at_entry,long,1026811.0,long,297334340.75,1
2025-11-26 00:00:00+00:00,1224,CORN,445.25,450000000.0,notional_at_entry,long,1026811.0,long,304522017.75,0
2025-11-27 00:00:00+00:00,1225,CORN,445.0,450000000.0,notional_at_entry,long,1026811.0,long,304265315.0,0
2025-11-28 00:00:00+00:00,1226,CORN,447.75,450000000.0,notional_at_entry,long,1026811.0,long,307089045.25,0
2025-12-01 00:00:00+00:00,1227,CORN,445.0,450000000.0,notional_at_entry,long,1026811.0,long,304265315.0,0
2025-12-02 00:00:00+00:00,1228,CORN,450.0,450000000.0,notional_at_entry,long,1026811.0,long,309399370.0,0
2025-12-03 00:00:00+00:00,1229,CORN,443.5,450000000.0,notional_at_entry,long,1026811.0,long,302725098.5,0
2025-12-04 00:00:00+00:00,1230,CORN,447.25,450000000.0,notional_at_entry,long,1026811.0,long,306575639.75,0
2025-12-05 00:00:00+00:00,1231,CORN,444.75,450000000.0,notional_at_entry,long,1026811.0,long,304008612.25,0
2025-12-08 00:00:00+00:00,1232,CORN,436.25,450000000.0,notional_at_entry,long,1026811.0,long,295280718.75,0
2025-12-09 00:00:00+00:00,1233,CORN,440.75,-450000000.0,notional_at_entry,short,-1020986.0,short,299901368.25,1
2025-12-10 00:00:00+00:00,1234,CORN,434.75,-450000000.0,notional_at_entry,short,-1020986.0,short,306027284.25,0
2025-12-11 00:00:00+00:00,1235,CORN,435.25,-450000000.0,notional_at_entry,short,-1020986.0,short,305516791.25,0
2025-12-12 00:00:00+00:00,1236,CORN,431.5,-450000000.0,notional_at_entry,short,-1020986.0,short,309345488.75,0
2025-12-15 00:00:00+00:00,1237,CORN,439.75,300000000.0,notional_at_entry,long,682205.0,long,300922354.25,1
2025-12-16 00:00:00+00:00,1238,CORN,436.5,300000000.0,notional_at_entry,long,682205.0,long,298705188.0,0
2025-12-17 00:00:00+00:00,1239,CORN,440.5,300000000.0,notional_at_entry,long,682205.0,long,301434008.0,0
2025-12-18 00:00:00+00:00,1240,CORN,444.5,300000000.0,notional_at_entry,long,682205.0,long,304162828.0,0
2025-12-19 00:00:00+00:00,1241,CORN,443.75,300000000.0,notional_at_entry,long,682205.0,long,303651174.25,0
2025-12-22 00:00:00+00:00,1242,CORN,447.0,300000000.0,notional_at_entry,long,682205.0,long,305868340.5,0
2025-12-23 00:00:00+00:00,1243,CORN,447.5,300000000.0,notional_at_entry,long,682205.0,long,306209443.0,0
2025-12-24 00:00:00+00:00,1244,CORN,451.0,300000000.0,notional_at_entry,long,682205.0,long,308597160.5,0
2025-12-26 00:00:00+00:00,1245,CORN,450.0,300000000.0,notional_at_entry,long,682205.0,long,307914955.5,0
2025-12-29 00:00:00+00:00,1246,CORN,442.25,300000000.0,notional_at_entry,long,682205.0,long,302627866.75,0
2025-12-30 00:00:00+00:00,1247,CORN,440.5,300000000.0,notional_at_entry,long,682205.0,long,301434008.0,0
2025-12-31 00:00:00+00:00,1248,CORN,440.25,300000000.0,notional_at_entry,long,682205.0,long,301263456.75,0
2026-01-02 00:00:00+00:00,1249,CORN,437.5,-300000000.0,notional_at_entry,short,-685714.0,short,299387393.0,1
2026-01-05 00:00:00+00:00,1250,CORN,444.5,-300000000.0,notional_at_entry,short,-685714.0,short,294587395.0,0
2026-01-06 00:00:00+00:00,1251,CORN,444.0,-300000000.0,notional_at_entry,short,-685714.0,short,294930252.0,0
2026-01-07 00:00:00+00:00,1252,CORN,446.75,-300000000.0,notional_at_entry,short,-685714.0,short,293044538.5,0
2026-01-08 00:00:00+00:00,1253,CORN,446.0,300000000.0,notional_at_entry,long,672645.0,long,293558824.0,1
2026-01-09 00:00:00+00:00,1254,CORN,445.75,300000000.0,notional_at_entry,long,672645.0,long,293390662.75,0
2026-01-12 00:00:00+00:00,1255,CORN,421.5,300000000.0,notional_at_entry,long,672645.0,long,277079021.5,0
2026-01-13 00:00:00+00:00,1256,CORN,419.75,300000000.0,notional_at_entry,long,672645.0,long,275901892.75,0
2026-01-14 00:00:00+00:00,1257,CORN,422.0,300000000.0,notional_at_entry,long,672645.0,long,277415344.0,0
2026-01-15 00:00:00+00:00,1258,CORN,420.25,300000000.0,notional_at_entry,long,672645.0,long,276238215.25,0
2026-01-16 00:00:00+00:00,1259,CORN,424.75,300000000.0,notional_at_entry,long,672645.0,long,279265117.75,0
2026-01-19 00:00:00+00:00,1260,CORN,424.5,-300000000.0,notional_at_entry,short,-706713.0,short,279096956.5,1
2026-01-20 00:00:00+00:00,1261,CORN,423.75,-300000000.0,notional_at_entry,short,-706713.0,short,279626991.25,0
2026-01-21 00:00:00+00:00,1262,CORN,421.75,-300000000.0,notional_at_entry,short,-706713.0,short,281040417.25,0
2026-01-22 00:00:00+00:00,1263,CORN,424.0,300000000.0,notional_at_entry,long,707547.0,long,279450313.0,1
2026-01-23 00:00:00+00:00,1264,CORN,430.5,300000000.0,notional_at_entry,long,707547.0,long,284049368.5,0
2026-01-26 00:00:00+00:00,1265,CORN,428.25,300000000.0,notional_at_entry,long,707547.0,long,282457387.75,0
2026-01-27 00:00:00+00:00,1266,CORN,426.5,300000000.0,notional_at_entry,long,707547.0,long,281219180.5,0
2026-01-28 00:00:00+00:00,1267,CORN,430.0,300000000.0,notional_at_entry,long,707547.0,long,283695595.0,0
2026-01-29 00:00:00+00:00,1268,CORN,430.75,300000000.0,notional_at_entry,long,707547.0,long,284226255.25,0
2026-01-30 00:00:00+00:00,1269,CORN,428.25,-300000000.0,notional_at_entry,short,-700525.0,short,282457387.75,1
2026-02-02 00:00:00+00:00,1270,CORN,425.75,-300000000.0,notional_at_entry,short,-700525.0,short,284208700.25,0
2026-02-03 00:00:00+00:00,1271,CORN,428.5,-300000000.0,notional_at_entry,short,-700525.0,short,282282256.5,0
2026-02-04 00:00:00+00:00,1272,CORN,429.5,300000000.0,notional_at_entry,long,698486.0,long,281581731.5,1
2026-02-05 00:00:00+00:00,1273,CORN,435.0,300000000.0,notional_at_entry,long,698486.0,long,285423404.5,0
2026-02-06 00:00:00+00:00,1274,CORN,430.25,300000000.0,notional_at_entry,long,698486.0,long,282105596.0,0
2026-02-09 00:00:00+00:00,1275,CORN,428.75,300000000.0,notional_at_entry,long,698486.0,long,281057867.0,0
2026-02-10 00:00:00+00:00,1276,CORN,428.75,300000000.0,notional_at_entry,long,698486.0,long,281057867.0,0
2026-02-11 00:00:00+00:00,1277,CORN,427.5,-300000000.0,notional_at_entry,short,-701754.0,short,280184759.5,1
2026-02-12 00:00:00+00:00,1278,CORN,431.25,-300000000.0,notional_at_entry,short,-701754.0,short,277553182.0,0
2026-02-13 00:00:00+00:00,1279,CORN,431.75,300000000.0,notional_at_entry,long,694846.0,long,277202305.0,1
2026-02-16 00:00:00+00:00,1280,CORN,431.0,300000000.0,notional_at_entry,long,694846.0,long,276681170.5,0
2026-02-17 00:00:00+00:00,1281,CORN,435.75,300000000.0,notional_at_entry,long,694846.0,long,279981689.0,0
2026-02-18 00:00:00+00:00,1282,CORN,436.75,300000000.0,notional_at_entry,long,694846.0,long,280676535.0,0
2026-02-19 00:00:00+00:00,1283,CORN,436.25,300000000.0,notional_at_entry,long,694846.0,long,280329112.0,0
2026-02-20 00:00:00+00:00,1284,CORN,439.75,300000000.0,notional_at_entry,long,694846.0,long,282761073.0,0
2026-02-23 00:00:00+00:00,1285,CORN,440.25,300000000.0,notional_at_entry,long,694846.0,long,283108496.0,0
2026-02-24 00:00:00+00:00,1286,CORN,438.5,300000000.0,notional_at_entry,long,694846.0,long,281892515.5,0
2026-02-25 00:00:00+00:00,1287,CORN,442.0,300000000.0,notional_at_entry,long,694846.0,long,284324476.5,0
2026-02-26 00:00:00+00:00,1288,CORN,443.5,300000000.0,notional_at_entry,long,694846.0,long,285366745.5,0
2026-02-27 00:00:00+00:00,1289,CORN,448.5,300000000.0,notional_at_entry,long,694846.0,long,288840975.5,0
2026-03-02 00:00:00+00:00,1290,CORN,445.75,300000000.0,notional_at_entry,long,694846.0,long,286930149.0,0
2026-03-03 00:00:00+00:00,1291,CORN,446.5,300000000.0,notional_at_entry,long,694846.0,long,287451283.5,0
2026-03-04 00:00:00+00:00,1292,CORN,443.75,300000000.0,notional_at_entry,long,694846.0,long,285540457.0,0
2026-03-05 00:00:00+00:00,1293,CORN,453.5,300000000.0,notional_at_entry,long,694846.0,long,292315205.5,0
2026-03-06 00:00:00+00:00,1294,CORN,460.5,300000000.0,notional_at_entry,long,694846.0,long,297179127.5,0
2026-03-09 00:00:00+00:00,1295,CORN,437.5,300000000.0,notional_at_entry,long,694846.0,long,281197669.5,0
2026-03-10 00:00:00+00:00,1296,CORN,436.25,300000000.0,notional_at_entry,long,694846.0,long,280329112.0,0
2026-03-11 00:00:00+00:00,1297,CORN,444.25,300000000.0,notional_at_entry,long,694846.0,long,285887880.0,0
2026-03-12 00:00:00+00:00,1298,CORN,448.25,300000000.0,notional_at_entry,long,694846.0,long,288667264.0,0
2026-03-13 00:00:00+00:00,1299,CORN,452.5,-300000000.0,notional_at_entry,short,-662983.0,short,291620359.5,1
2026-03-16 00:00:00+00:00,1300,CORN,454.0,-300000000.0,notional_at_entry,short,-662983.0,short,290625885.0,0
2026-03-17 00:00:00+00:00,1301,CORN,454.0,-300000000.0,notional_at_entry,short,-662983.0,short,290625885.0,0
2026-03-18 00:00:00+00:00,1302,CORN,463.25,-300000000.0,notional_at_entry,short,-662983.0,short,284493292.25,0
2026-03-19 00:00:00+00:00,1303,CORN,469.75,-300000000.0,notional_at_entry,short,-662983.0,short,280183902.75,0
2026-03-20 00:00:00+00:00,1304,CORN,465.5,300000000.0,notional_at_entry,long,644468.0,long,283001580.5,1
2026-03-23 00:00:00+00:00,1305,CORN,459.5,300000000.0,notional_at_entry,long,644468.0,long,279134772.5,0
2026-03-24 00:00:00+00:00,1306,CORN,462.5,-300000000.0,notional_at_entry,short,-648648.0,short,281068176.5,1
2026-03-25 00:00:00+00:00,1307,CORN,467.25,-300000000.0,notional_at_entry,short,-648648.0,short,277987098.5,0
2026-03-26 00:00:00+00:00,1308,CORN,467.0,-300000000.0,notional_at_entry,short,-648648.0,short,278149260.5,0
2026-03-27 00:00:00+00:00,1309,CORN,462.0,-300000000.0,notional_at_entry,short,-648648.0,short,281392500.5,0
2026-03-30 00:00:00+00:00,1310,CORN,455.75,-300000000.0,notional_at_entry,short,-648648.0,short,285446550.5,0
2026-03-31 00:00:00+00:00,1311,CORN,457.75,-300000000.0,notional_at_entry,short,-648648.0,short,284149254.5,0
2026-04-01 00:00:00+00:00,1312,CORN,454.25,-300000000.0,notional_at_entry,short,-648648.0,short,286419522.5,0
2026-04-02 00:00:00+00:00,1313,CORN,452.25,-300000000.0,notional_at_entry,short,-648648.0,short,287716818.5,0
2026-04-03 00:00:00+00:00,1314,CORN,452.25,-300000000.0,notional_at_entry,short,-648648.0,short,287716818.5,0
2026-04-06 00:00:00+00:00,1315,CORN,454.0,-300000000.0,notional_at_entry,short,-648648.0,short,286581684.5,0
2026-04-07 00:00:00+00:00,1316,CORN,449.0,-300000000.0,notional_at_entry,short,-648648.0,short,289824924.5,0
2026-04-08 00:00:00+00:00,1317,CORN,447.25,-300000000.0,notional_at_entry,short,-648648.0,short,290960058.5,0
2026-04-09 00:00:00+00:00,1318,CORN,444.0,-300000000.0,notional_at_entry,short,-648648.0,short,293068164.5,0
2026-04-10 00:00:00+00:00,1319,CORN,441.0,-300000000.0,notional_at_entry,short,-648648.0,short,295014108.5,0
2026-04-13 00:00:00+00:00,1320,CORN,451.0,-300000000.0,notional_at_entry,short,-648648.0,short,288527628.5,0
2026-04-14 00:00:00+00:00,1321,CORN,452.5,-300000000.0,notional_at_entry,short,-648648.0,short,287554656.5,0
2026-04-15 00:00:00+00:00,1322,CORN,460.5,-300000000.0,notional_at_entry,short,-648648.0,short,282365472.5,0
2026-04-16 00:00:00+00:00,1323,CORN,457.75,-300000000.0,notional_at_entry,short,-648648.0,short,284149254.5,0
2026-04-17 00:00:00+00:00,1324,CORN,457.5,-300000000.0,notional_at_entry,short,-648648.0,short,284311416.5,0
2026-04-20 00:00:00+00:00,1325,CORN,460.25,-300000000.0,notional_at_entry,short,-648648.0,short,282527634.5,0
2026-04-21 00:00:00+00:00,1326,CORN,462.0,-300000000.0,notional_at_entry,short,-648648.0,short,281392500.5,0
2026-04-22 00:00:00+00:00,1327,CORN,462.75,300000000.0,notional_at_entry,long,648298.0,long,280906014.5,1
2026-04-23 00:00:00+00:00,1328,CORN,463.75,300000000.0,notional_at_entry,long,648298.0,long,281554312.5,0
2026-04-24 00:00:00+00:00,1329,CORN,463.5,300000000.0,notional_at_entry,long,648298.0,long,281392238.0,0
2026-04-27 00:00:00+00:00,1330,CORN,469.25,300000000.0,notional_at_entry,long,648298.0,long,285119951.5,0
2026-04-28 00:00:00+00:00,1331,CORN,475.5,300000000.0,notional_at_entry,long,648298.0,long,289171814.0,0
2026-04-29 00:00:00+00:00,1332,CORN,477.75,300000000.0,notional_at_entry,long,648298.0,long,290630484.5,0
2026-04-30 00:00:00+00:00,1333,CORN,474.75,300000000.0,notional_at_entry,long,648298.0,long,288685590.5,0
2026-05-01 00:00:00+00:00,1334,CORN,480.25,300000000.0,notional_at_entry,long,648298.0,long,292251229.5,0
2026-05-04 00:00:00+00:00,1335,CORN,485.75,300000000.0,notional_at_entry,long,648298.0,long,295816868.5,0
2026-05-05 00:00:00+00:00,1336,CORN,480.0,300000000.0,notional_at_entry,long,648298.0,long,292089155.0,0
2026-05-06 00:00:00+00:00,1337,CORN,468.5,300000000.0,notional_at_entry,long,648298.0,long,284633728.0,0
2026-05-07 00:00:00+00:00,1338,CORN,467.5,300000000.0,notional_at_entry,long,648298.0,long,283985430.0,0
2026-05-08 00:00:00+00:00,1339,CORN,471.25,300000000.0,notional_at_entry,long,648298.0,long,286416547.5,0
2026-05-11 00:00:00+00:00,1340,CORN,475.25,300000000.0,notional_at_entry,long,648298.0,long,289009739.5,0
